__  ____  __  _____   ___  __ ____  ______ 
 --/ __ \/ / / / _ | / _ \/ //_/ / / / __/ 
 -/ /_/ / /_/ / __ |/ , _/ ,< / /_/ /\ \   
--\___\_\____/_/ |_/_/|_/_/|_|\____/___/   
2026-08-13 23:00:47,716 INFO  [it.uni.reti2.main] (main) 🚉 Avvio processo Stazione con ID: MI
2026-08-13 23:00:48,629 INFO  [io.smallrye.reactive.messaging.mqtt] (main) Create MQTT Client for null@localhost:1883<>-[]
2026-08-13 23:00:49,085 INFO  [io.vertx.mqtt.impl.MqttClientImpl] (vert.x-eventloop-thread-0) Connection with localhost:1883 established successfully
2026-08-13 23:00:49,202 INFO  [io.smallrye.reactive.messaging.mqtt] (vert.x-eventloop-thread-0) Subscription success on topic railway/station/+/validation-response, Max QoS 0.
2026-08-13 23:00:49,202 INFO  [io.smallrye.reactive.messaging.mqtt] (vert.x-eventloop-thread-0) Subscription success on topic railway/alerts, Max QoS 0.
2026-08-13 23:00:49,203 INFO  [io.smallrye.reactive.messaging.mqtt] (vert.x-eventloop-thread-0) Subscription success on topic railway/train/+/passaggio, Max QoS 0.
2026-08-13 23:00:49,212 WARN  [it.uni.reti2.HeartbeatGenerator] (executor-thread-1) ⏳ Stazione non ancora validata dalla Centrale: heartbeat sospeso.
2026-08-13 23:00:49,282 INFO  [io.quarkus] (main) stazione 1.0.0-SNAPSHOT on JVM (powered by Quarkus 3.37.3) started in 1.702s. Listening on: http://0.0.0.0:8080
2026-08-13 23:00:49,282 INFO  [io.quarkus] (main) Profile prod activated. 
2026-08-13 23:00:49,282 INFO  [io.quarkus] (main) Installed features: [cdi, messaging, messaging-mqtt, rest, rest-jackson, scheduler, smallrye-context-propagation, vertx]
2026-08-13 23:00:49,288 INFO  [it.uni.reti2.main] (main) 🔎 Verifica ID stazione 'MI' nel database centrale...
2026-08-13 23:00:49,357 INFO  [it.uni.reti2.StationDatabaseValidator] (main) 📩 Richiesta di validazione inviata per la stazione: MI
2026-08-13 23:00:49,358 WARN  [it.uni.reti2.main] (main) ID stazione non ancora valido o il database centrale non è raggiungibile; riprovo tra 5 secondi...
2026-08-13 23:00:49,485 INFO  [it.uni.reti2.StationDatabaseValidator] (vert.x-eventloop-thread-2) 🚉 Processo associato con successo alla chiave primaria del database: MI
2026-08-13 23:00:54,358 INFO  [it.uni.reti2.main] (main) ✅ Processo Stazione AVVIATO CORRETTAMENTE
2026-08-13 23:00:54,358 INFO  [it.uni.reti2.main] (main) 🔄 Ingresso nel ciclo infinito di mantenimento del nodo Stazione...
2026-08-13 23:00:54,359 INFO  [it.uni.reti2.main] (main) 🌐 Server REST disponibile su http://localhost:8081/stazione/info
2026-08-13 23:00:59,212 INFO  [it.uni.reti2.HeartbeatGenerator] (executor-thread-1) 💓 [HEARTBEAT] Invio heartbeat: {"stazioneId":"MI","stato":"ONLINE","timestamp":"2026-08-13T21:00:59.212023872Z","tipoEvento":"HEARTBEAT","bufferSize":0}
2026-08-13 23:01:09,212 INFO  [it.uni.reti2.HeartbeatGenerator] (executor-thread-1) 💓 [HEARTBEAT] Invio heartbeat: {"stazioneId":"MI","stato":"ONLINE","timestamp":"2026-08-13T21:01:09.212654274Z","tipoEvento":"HEARTBEAT","bufferSize":0}
2026-08-13 23:01:19,212 INFO  [it.uni.reti2.HeartbeatGenerator] (executor-thread-1) 💓 [HEARTBEAT] Invio heartbeat: {"stazioneId":"MI","stato":"ONLINE","timestamp":"2026-08-13T21:01:19.212182704Z","tipoEvento":"HEARTBEAT","bufferSize":0}
2026-08-13 23:01:29,212 INFO  [it.uni.reti2.HeartbeatGenerator] (executor-thread-1) 💓 [HEARTBEAT] Invio heartbeat: {"stazioneId":"MI","stato":"ONLINE","timestamp":"2026-08-13T21:01:29.212808715Z","tipoEvento":"HEARTBEAT","bufferSize":0}
2026-08-13 23:01:39,212 INFO  [it.uni.reti2.HeartbeatGenerator] (executor-thread-1) 💓 [HEARTBEAT] Invio heartbeat: {"stazioneId":"MI","stato":"ONLINE","timestamp":"2026-08-13T21:01:39.212009128Z","tipoEvento":"HEARTBEAT","bufferSize":0}
2026-08-13 23:01:49,212 INFO  [it.uni.reti2.HeartbeatGenerator] (executor-thread-1) 💓 [HEARTBEAT] Invio heartbeat: {"stazioneId":"MI","stato":"ONLINE","timestamp":"2026-08-13T21:01:49.212068559Z","tipoEvento":"HEARTBEAT","bufferSize":0}
2026-08-13 23:01:59,212 INFO  [it.uni.reti2.HeartbeatGenerator] (executor-thread-1) 💓 [HEARTBEAT] Invio heartbeat: {"stazioneId":"MI","stato":"ONLINE","timestamp":"2026-08-13T21:01:59.212065529Z","tipoEvento":"HEARTBEAT","bufferSize":0}
2026-08-13 23:02:09,212 INFO  [it.uni.reti2.HeartbeatGenerator] (executor-thread-1) 💓 [HEARTBEAT] Invio heartbeat: {"stazioneId":"MI","stato":"ONLINE","timestamp":"2026-08-13T21:02:09.211873370Z","tipoEvento":"HEARTBEAT","bufferSize":0}
2026-08-13 23:02:19,212 INFO  [it.uni.reti2.HeartbeatGenerator] (executor-thread-1) 💓 [HEARTBEAT] Invio heartbeat: {"stazioneId":"MI","stato":"ONLINE","timestamp":"2026-08-13T21:02:19.211958834Z","tipoEvento":"HEARTBEAT","bufferSize":0}
2026-08-13 23:02:29,212 INFO  [it.uni.reti2.HeartbeatGenerator] (executor-thread-1) 💓 [HEARTBEAT] Invio heartbeat: {"stazioneId":"MI","stato":"ONLINE","timestamp":"2026-08-13T21:02:29.211981322Z","tipoEvento":"HEARTBEAT","bufferSize":0}
2026-08-13 23:02:39,212 INFO  [it.uni.reti2.HeartbeatGenerator] (executor-thread-1) 💓 [HEARTBEAT] Invio heartbeat: {"stazioneId":"MI","stato":"ONLINE","timestamp":"2026-08-13T21:02:39.212539664Z","tipoEvento":"HEARTBEAT","bufferSize":0}
2026-08-13 23:02:49,211 INFO  [it.uni.reti2.HeartbeatGenerator] (executor-thread-1) 💓 [HEARTBEAT] Invio heartbeat: {"stazioneId":"MI","stato":"ONLINE","timestamp":"2026-08-13T21:02:49.211882251Z","tipoEvento":"HEARTBEAT","bufferSize":0}
2026-08-13 23:02:59,211 INFO  [it.uni.reti2.HeartbeatGenerator] (executor-thread-1) 💓 [HEARTBEAT] Invio heartbeat: {"stazioneId":"MI","stato":"ONLINE","timestamp":"2026-08-13T21:02:59.211823720Z","tipoEvento":"HEARTBEAT","bufferSize":0}
2026-08-13 23:03:09,212 INFO  [it.uni.reti2.HeartbeatGenerator] (executor-thread-1) 💓 [HEARTBEAT] Invio heartbeat: {"stazioneId":"MI","stato":"ONLINE","timestamp":"2026-08-13T21:03:09.212570766Z","tipoEvento":"HEARTBEAT","bufferSize":0}
2026-08-13 23:03:19,212 INFO  [it.uni.reti2.HeartbeatGenerator] (executor-thread-1) 💓 [HEARTBEAT] Invio heartbeat: {"stazioneId":"MI","stato":"ONLINE","timestamp":"2026-08-13T21:03:19.211953902Z","tipoEvento":"HEARTBEAT","bufferSize":0}
2026-08-13 23:03:25,073 INFO  [it.uni.reti2.StationGateway] (vert.x-eventloop-thread-3) 🚂 [PASSAGGIO] Treno tenoAmmazzaRicchi in ENTRATA dalla stazione MI
2026-08-13 23:03:29,212 INFO  [it.uni.reti2.HeartbeatGenerator] (executor-thread-1) 💓 [HEARTBEAT] Invio heartbeat: {"stazioneId":"MI","stato":"ONLINE","timestamp":"2026-08-13T21:03:29.212237734Z","tipoEvento":"HEARTBEAT","bufferSize":0}
2026-08-13 23:03:39,212 INFO  [it.uni.reti2.HeartbeatGenerator] (executor-thread-1) 💓 [HEARTBEAT] Invio heartbeat: {"stazioneId":"MI","stato":"ONLINE","timestamp":"2026-08-13T21:03:39.211964645Z","tipoEvento":"HEARTBEAT","bufferSize":0}
2026-08-13 23:03:46,120 INFO  [it.uni.reti2.StationGateway] (vert.x-eventloop-thread-3) 🚂 [PASSAGGIO] Treno tenoAmmazzaRicchi in USCITA dalla stazione MI
2026-08-13 23:03:49,212 INFO  [it.uni.reti2.HeartbeatGenerator] (executor-thread-1) 💓 [HEARTBEAT] Invio heartbeat: {"stazioneId":"MI","stato":"ONLINE","timestamp":"2026-08-13T21:03:49.212017016Z","tipoEvento":"HEARTBEAT","bufferSize":0}
2026-08-13 23:03:59,211 INFO  [it.uni.reti2.HeartbeatGenerator] (executor-thread-1) 💓 [HEARTBEAT] Invio heartbeat: {"stazioneId":"MI","stato":"ONLINE","timestamp":"2026-08-13T21:03:59.211890493Z","tipoEvento":"HEARTBEAT","bufferSize":0}
2026-08-13 23:04:09,212 INFO  [it.uni.reti2.HeartbeatGenerator] (executor-thread-1) 💓 [HEARTBEAT] Invio heartbeat: {"stazioneId":"MI","stato":"ONLINE","timestamp":"2026-08-13T21:04:09.212406556Z","tipoEvento":"HEARTBEAT","bufferSize":0}
2026-08-13 23:04:19,212 INFO  [it.uni.reti2.HeartbeatGenerator] (executor-thread-1) 💓 [HEARTBEAT] Invio heartbeat: {"stazioneId":"MI","stato":"ONLINE","timestamp":"2026-08-13T21:04:19.212221192Z","tipoEvento":"HEARTBEAT","bufferSize":0}
2026-08-13 23:04:29,212 INFO  [it.uni.reti2.HeartbeatGenerator] (executor-thread-1) 💓 [HEARTBEAT] Invio heartbeat: {"stazioneId":"MI","stato":"ONLINE","timestamp":"2026-08-13T21:04:29.211951250Z","tipoEvento":"HEARTBEAT","bufferSize":0}
2026-08-13 23:04:39,212 INFO  [it.uni.reti2.HeartbeatGenerator] (executor-thread-1) 💓 [HEARTBEAT] Invio heartbeat: {"stazioneId":"MI","stato":"ONLINE","timestamp":"2026-08-13T21:04:39.211941075Z","tipoEvento":"HEARTBEAT","bufferSize":0}
2026-08-13 23:04:49,212 INFO  [it.uni.reti2.HeartbeatGenerator] (executor-thread-1) 💓 [HEARTBEAT] Invio heartbeat: {"stazioneId":"MI","stato":"ONLINE","timestamp":"2026-08-13T21:04:49.212292798Z","tipoEvento":"HEARTBEAT","bufferSize":0}
2026-08-13 23:04:59,213 INFO  [it.uni.reti2.HeartbeatGenerator] (executor-thread-1) 💓 [HEARTBEAT] Invio heartbeat: {"stazioneId":"MI","stato":"ONLINE","timestamp":"2026-08-13T21:04:59.212942770Z","tipoEvento":"HEARTBEAT","bufferSize":0}
2026-08-13 23:05:09,212 INFO  [it.uni.reti2.HeartbeatGenerator] (executor-thread-1) 💓 [HEARTBEAT] Invio heartbeat: {"stazioneId":"MI","stato":"ONLINE","timestamp":"2026-08-13T21:05:09.212306289Z","tipoEvento":"HEARTBEAT","bufferSize":0}
2026-08-13 23:05:19,212 INFO  [it.uni.reti2.HeartbeatGenerator] (executor-thread-1) 💓 [HEARTBEAT] Invio heartbeat: {"stazioneId":"MI","stato":"ONLINE","timestamp":"2026-08-13T21:05:19.212308939Z","tipoEvento":"HEARTBEAT","bufferSize":0}
2026-08-13 23:05:29,212 INFO  [it.uni.reti2.HeartbeatGenerator] (executor-thread-1) 💓 [HEARTBEAT] Invio heartbeat: {"stazioneId":"MI","stato":"ONLINE","timestamp":"2026-08-13T21:05:29.212270232Z","tipoEvento":"HEARTBEAT","bufferSize":0}
2026-08-13 23:05:39,212 INFO  [it.uni.reti2.HeartbeatGenerator] (executor-thread-1) 💓 [HEARTBEAT] Invio heartbeat: {"stazioneId":"MI","stato":"ONLINE","timestamp":"2026-08-13T21:05:39.212430298Z","tipoEvento":"HEARTBEAT","bufferSize":0}
2026-08-13 23:05:49,212 INFO  [it.uni.reti2.HeartbeatGenerator] (executor-thread-1) 💓 [HEARTBEAT] Invio heartbeat: {"stazioneId":"MI","stato":"ONLINE","timestamp":"2026-08-13T21:05:49.212202790Z","tipoEvento":"HEARTBEAT","bufferSize":0}
2026-08-13 23:05:59,212 INFO  [it.uni.reti2.HeartbeatGenerator] (executor-thread-1) 💓 [HEARTBEAT] Invio heartbeat: {"stazioneId":"MI","stato":"ONLINE","timestamp":"2026-08-13T21:05:59.212401470Z","tipoEvento":"HEARTBEAT","bufferSize":0}
2026-08-13 23:06:09,212 INFO  [it.uni.reti2.HeartbeatGenerator] (executor-thread-1) 💓 [HEARTBEAT] Invio heartbeat: {"stazioneId":"MI","stato":"ONLINE","timestamp":"2026-08-13T21:06:09.212321934Z","tipoEvento":"HEARTBEAT","bufferSize":0}
2026-08-13 23:06:19,212 INFO  [it.uni.reti2.HeartbeatGenerator] (executor-thread-1) 💓 [HEARTBEAT] Invio heartbeat: {"stazioneId":"MI","stato":"ONLINE","timestamp":"2026-08-13T21:06:19.211999513Z","tipoEvento":"HEARTBEAT","bufferSize":0}
2026-08-13 23:06:29,212 INFO  [it.uni.reti2.HeartbeatGenerator] (executor-thread-1) 💓 [HEARTBEAT] Invio heartbeat: {"stazioneId":"MI","stato":"ONLINE","timestamp":"2026-08-13T21:06:29.212025664Z","tipoEvento":"HEARTBEAT","bufferSize":0}
2026-08-13 23:06:39,212 INFO  [it.uni.reti2.HeartbeatGenerator] (executor-thread-1) 💓 [HEARTBEAT] Invio heartbeat: {"stazioneId":"MI","stato":"ONLINE","timestamp":"2026-08-13T21:06:39.212046517Z","tipoEvento":"HEARTBEAT","bufferSize":0}
2026-08-13 23:06:49,212 INFO  [it.uni.reti2.HeartbeatGenerator] (executor-thread-1) 💓 [HEARTBEAT] Invio heartbeat: {"stazioneId":"MI","stato":"ONLINE","timestamp":"2026-08-13T21:06:49.211958895Z","tipoEvento":"HEARTBEAT","bufferSize":0}
2026-08-13 23:06:59,212 INFO  [it.uni.reti2.HeartbeatGenerator] (executor-thread-1) 💓 [HEARTBEAT] Invio heartbeat: {"stazioneId":"MI","stato":"ONLINE","timestamp":"2026-08-13T21:06:59.212293269Z","tipoEvento":"HEARTBEAT","bufferSize":0}
2026-08-13 23:07:09,071 INFO  [it.uni.reti2.StationGateway] (vert.x-eventloop-thread-3) 🚂 [PASSAGGIO] Treno Mario in ENTRATA dalla stazione MI
2026-08-13 23:07:09,211 INFO  [it.uni.reti2.HeartbeatGenerator] (executor-thread-1) 💓 [HEARTBEAT] Invio heartbeat: {"stazioneId":"MI","stato":"ONLINE","timestamp":"2026-08-13T21:07:09.211841347Z","tipoEvento":"HEARTBEAT","bufferSize":0}
2026-08-13 23:07:19,212 INFO  [it.uni.reti2.HeartbeatGenerator] (executor-thread-1) 💓 [HEARTBEAT] Invio heartbeat: {"stazioneId":"MI","stato":"ONLINE","timestamp":"2026-08-13T21:07:19.211886467Z","tipoEvento":"HEARTBEAT","bufferSize":0}
2026-08-13 23:07:29,212 INFO  [it.uni.reti2.HeartbeatGenerator] (executor-thread-1) 💓 [HEARTBEAT] Invio heartbeat: {"stazioneId":"MI","stato":"ONLINE","timestamp":"2026-08-13T21:07:29.212490096Z","tipoEvento":"HEARTBEAT","bufferSize":0}
2026-08-13 23:07:30,073 INFO  [it.uni.reti2.StationGateway] (vert.x-eventloop-thread-3) 🚂 [PASSAGGIO] Treno Mario in USCITA dalla stazione MI
2026-08-13 23:07:39,212 INFO  [it.uni.reti2.HeartbeatGenerator] (executor-thread-1) 💓 [HEARTBEAT] Invio heartbeat: {"stazioneId":"MI","stato":"ONLINE","timestamp":"2026-08-13T21:07:39.211919177Z","tipoEvento":"HEARTBEAT","bufferSize":0}
2026-08-13 23:07:49,212 INFO  [it.uni.reti2.HeartbeatGenerator] (executor-thread-1) 💓 [HEARTBEAT] Invio heartbeat: {"stazioneId":"MI","stato":"ONLINE","timestamp":"2026-08-13T21:07:49.212475338Z","tipoEvento":"HEARTBEAT","bufferSize":0}
2026-08-13 23:07:59,212 INFO  [it.uni.reti2.HeartbeatGenerator] (executor-thread-1) 💓 [HEARTBEAT] Invio heartbeat: {"stazioneId":"MI","stato":"ONLINE","timestamp":"2026-08-13T21:07:59.211983154Z","tipoEvento":"HEARTBEAT","bufferSize":0}
2026-08-13 23:08:09,212 INFO  [it.uni.reti2.HeartbeatGenerator] (executor-thread-1) 💓 [HEARTBEAT] Invio heartbeat: {"stazioneId":"MI","stato":"ONLINE","timestamp":"2026-08-13T21:08:09.211911547Z","tipoEvento":"HEARTBEAT","bufferSize":0}
2026-08-13 23:08:19,212 INFO  [it.uni.reti2.HeartbeatGenerator] (executor-thread-1) 💓 [HEARTBEAT] Invio heartbeat: {"stazioneId":"MI","stato":"ONLINE","timestamp":"2026-08-13T21:08:19.212371249Z","tipoEvento":"HEARTBEAT","bufferSize":0}
2026-08-13 23:08:29,211 INFO  [it.uni.reti2.HeartbeatGenerator] (executor-thread-1) 💓 [HEARTBEAT] Invio heartbeat: {"stazioneId":"MI","stato":"ONLINE","timestamp":"2026-08-13T21:08:29.211817248Z","tipoEvento":"HEARTBEAT","bufferSize":0}
2026-08-13 23:08:39,211 INFO  [it.uni.reti2.HeartbeatGenerator] (executor-thread-1) 💓 [HEARTBEAT] Invio heartbeat: {"stazioneId":"MI","stato":"ONLINE","timestamp":"2026-08-13T21:08:39.211908874Z","tipoEvento":"HEARTBEAT","bufferSize":0}
2026-08-13 23:08:49,212 INFO  [it.uni.reti2.HeartbeatGenerator] (executor-thread-1) 💓 [HEARTBEAT] Invio heartbeat: {"stazioneId":"MI","stato":"ONLINE","timestamp":"2026-08-13T21:08:49.212338868Z","tipoEvento":"HEARTBEAT","bufferSize":0}
2026-08-13 23:08:59,212 INFO  [it.uni.reti2.HeartbeatGenerator] (executor-thread-1) 💓 [HEARTBEAT] Invio heartbeat: {"stazioneId":"MI","stato":"ONLINE","timestamp":"2026-08-13T21:08:59.212355909Z","tipoEvento":"HEARTBEAT","bufferSize":0}
2026-08-13 23:09:09,212 INFO  [it.uni.reti2.HeartbeatGenerator] (executor-thread-1) 💓 [HEARTBEAT] Invio heartbeat: {"stazioneId":"MI","stato":"ONLINE","timestamp":"2026-08-13T21:09:09.212025154Z","tipoEvento":"HEARTBEAT","bufferSize":0}
2026-08-13 23:09:19,212 INFO  [it.uni.reti2.HeartbeatGenerator] (executor-thread-1) 💓 [HEARTBEAT] Invio heartbeat: {"stazioneId":"MI","stato":"ONLINE","timestamp":"2026-08-13T21:09:19.212266526Z","tipoEvento":"HEARTBEAT","bufferSize":0}
2026-08-13 23:09:29,212 INFO  [it.uni.reti2.HeartbeatGenerator] (executor-thread-1) 💓 [HEARTBEAT] Invio heartbeat: {"stazioneId":"MI","stato":"ONLINE","timestamp":"2026-08-13T21:09:29.212236973Z","tipoEvento":"HEARTBEAT","bufferSize":0}
2026-08-13 23:09:39,212 INFO  [it.uni.reti2.HeartbeatGenerator] (executor-thread-1) 💓 [HEARTBEAT] Invio heartbeat: {"stazioneId":"MI","stato":"ONLINE","timestamp":"2026-08-13T21:09:39.212284058Z","tipoEvento":"HEARTBEAT","bufferSize":0}
2026-08-13 23:09:49,212 INFO  [it.uni.reti2.HeartbeatGenerator] (executor-thread-1) 💓 [HEARTBEAT] Invio heartbeat: {"stazioneId":"MI","stato":"ONLINE","timestamp":"2026-08-13T21:09:49.211964820Z","tipoEvento":"HEARTBEAT","bufferSize":0}
2026-08-13 23:09:59,212 INFO  [it.uni.reti2.HeartbeatGenerator] (executor-thread-1) 💓 [HEARTBEAT] Invio heartbeat: {"stazioneId":"MI","stato":"ONLINE","timestamp":"2026-08-13T21:09:59.211943610Z","tipoEvento":"HEARTBEAT","bufferSize":0}
2026-08-13 23:10:09,212 INFO  [it.uni.reti2.HeartbeatGenerator] (executor-thread-1) 💓 [HEARTBEAT] Invio heartbeat: {"stazioneId":"MI","stato":"ONLINE","timestamp":"2026-08-13T21:10:09.211930184Z","tipoEvento":"HEARTBEAT","bufferSize":0}
2026-08-13 23:10:19,212 INFO  [it.uni.reti2.HeartbeatGenerator] (executor-thread-1) 💓 [HEARTBEAT] Invio heartbeat: {"stazioneId":"MI","stato":"ONLINE","timestamp":"2026-08-13T21:10:19.212028313Z","tipoEvento":"HEARTBEAT","bufferSize":0}
2026-08-13 23:10:29,212 INFO  [it.uni.reti2.HeartbeatGenerator] (executor-thread-1) 💓 [HEARTBEAT] Invio heartbeat: {"stazioneId":"MI","stato":"ONLINE","timestamp":"2026-08-13T21:10:29.211969830Z","tipoEvento":"HEARTBEAT","bufferSize":0}
2026-08-13 23:10:39,212 INFO  [it.uni.reti2.HeartbeatGenerator] (executor-thread-1) 💓 [HEARTBEAT] Invio heartbeat: {"stazioneId":"MI","stato":"ONLINE","timestamp":"2026-08-13T21:10:39.211983799Z","tipoEvento":"HEARTBEAT","bufferSize":0}
2026-08-13 23:10:49,212 INFO  [it.uni.reti2.HeartbeatGenerator] (executor-thread-1) 💓 [HEARTBEAT] Invio heartbeat: {"stazioneId":"MI","stato":"ONLINE","timestamp":"2026-08-13T21:10:49.212129026Z","tipoEvento":"HEARTBEAT","bufferSize":0}
2026-08-13 23:10:59,212 INFO  [it.uni.reti2.HeartbeatGenerator] (executor-thread-1) 💓 [HEARTBEAT] Invio heartbeat: {"stazioneId":"MI","stato":"ONLINE","timestamp":"2026-08-13T21:10:59.212003981Z","tipoEvento":"HEARTBEAT","bufferSize":0}
2026-08-13 23:11:09,212 INFO  [it.uni.reti2.HeartbeatGenerator] (executor-thread-1) 💓 [HEARTBEAT] Invio heartbeat: {"stazioneId":"MI","stato":"ONLINE","timestamp":"2026-08-13T21:11:09.212057962Z","tipoEvento":"HEARTBEAT","bufferSize":0}
2026-08-13 23:11:11,071 INFO  [it.uni.reti2.StationGateway] (vert.x-eventloop-thread-3) 🚂 [PASSAGGIO] Treno tenoAmmazzaRicchi in ENTRATA dalla stazione MI
2026-08-13 23:11:13,071 INFO  [it.uni.reti2.StationGateway] (vert.x-eventloop-thread-3) 🚂 [PASSAGGIO] Treno Mario in ENTRATA dalla stazione MI
2026-08-13 23:11:19,212 INFO  [it.uni.reti2.HeartbeatGenerator] (executor-thread-1) 💓 [HEARTBEAT] Invio heartbeat: {"stazioneId":"MI","stato":"ONLINE","timestamp":"2026-08-13T21:11:19.212106311Z","tipoEvento":"HEARTBEAT","bufferSize":0}
2026-08-13 23:11:29,212 INFO  [it.uni.reti2.HeartbeatGenerator] (executor-thread-1) 💓 [HEARTBEAT] Invio heartbeat: {"stazioneId":"MI","stato":"ONLINE","timestamp":"2026-08-13T21:11:29.211953527Z","tipoEvento":"HEARTBEAT","bufferSize":0}
2026-08-13 23:11:31,072 INFO  [it.uni.reti2.StationGateway] (vert.x-eventloop-thread-3) 🚂 [PASSAGGIO] Treno tenoAmmazzaRicchi in USCITA dalla stazione MI
2026-08-13 23:11:33,073 INFO  [it.uni.reti2.StationGateway] (vert.x-eventloop-thread-3) 🚂 [PASSAGGIO] Treno Mario in USCITA dalla stazione MI
2026-08-13 23:11:39,211 INFO  [it.uni.reti2.HeartbeatGenerator] (executor-thread-1) 💓 [HEARTBEAT] Invio heartbeat: {"stazioneId":"MI","stato":"ONLINE","timestamp":"2026-08-13T21:11:39.211855304Z","tipoEvento":"HEARTBEAT","bufferSize":0}
2026-08-13 23:11:49,211 INFO  [it.uni.reti2.HeartbeatGenerator] (executor-thread-1) 💓 [HEARTBEAT] Invio heartbeat: {"stazioneId":"MI","stato":"ONLINE","timestamp":"2026-08-13T21:11:49.211832080Z","tipoEvento":"HEARTBEAT","bufferSize":0}
2026-08-13 23:11:59,212 INFO  [it.uni.reti2.HeartbeatGenerator] (executor-thread-1) 💓 [HEARTBEAT] Invio heartbeat: {"stazioneId":"MI","stato":"ONLINE","timestamp":"2026-08-13T21:11:59.211983947Z","tipoEvento":"HEARTBEAT","bufferSize":0}
2026-08-13 23:12:09,212 INFO  [it.uni.reti2.HeartbeatGenerator] (executor-thread-1) 💓 [HEARTBEAT] Invio heartbeat: {"stazioneId":"MI","stato":"ONLINE","timestamp":"2026-08-13T21:12:09.212077938Z","tipoEvento":"HEARTBEAT","bufferSize":0}
2026-08-13 23:12:19,212 INFO  [it.uni.reti2.HeartbeatGenerator] (executor-thread-1) 💓 [HEARTBEAT] Invio heartbeat: {"stazioneId":"MI","stato":"ONLINE","timestamp":"2026-08-13T21:12:19.211910018Z","tipoEvento":"HEARTBEAT","bufferSize":0}
2026-08-13 23:12:29,212 INFO  [it.uni.reti2.HeartbeatGenerator] (executor-thread-1) 💓 [HEARTBEAT] Invio heartbeat: {"stazioneId":"MI","stato":"ONLINE","timestamp":"2026-08-13T21:12:29.212060571Z","tipoEvento":"HEARTBEAT","bufferSize":0}
2026-08-13 23:12:39,212 INFO  [it.uni.reti2.HeartbeatGenerator] (executor-thread-1) 💓 [HEARTBEAT] Invio heartbeat: {"stazioneId":"MI","stato":"ONLINE","timestamp":"2026-08-13T21:12:39.211880136Z","tipoEvento":"HEARTBEAT","bufferSize":0}
2026-08-13 23:12:49,212 INFO  [it.uni.reti2.HeartbeatGenerator] (executor-thread-1) 💓 [HEARTBEAT] Invio heartbeat: {"stazioneId":"MI","stato":"ONLINE","timestamp":"2026-08-13T21:12:49.212011895Z","tipoEvento":"HEARTBEAT","bufferSize":0}
2026-08-13 23:12:59,212 INFO  [it.uni.reti2.HeartbeatGenerator] (executor-thread-1) 💓 [HEARTBEAT] Invio heartbeat: {"stazioneId":"MI","stato":"ONLINE","timestamp":"2026-08-13T21:12:59.212061612Z","tipoEvento":"HEARTBEAT","bufferSize":0}
2026-08-13 23:13:09,211 INFO  [it.uni.reti2.HeartbeatGenerator] (executor-thread-1) 💓 [HEARTBEAT] Invio heartbeat: {"stazioneId":"MI","stato":"ONLINE","timestamp":"2026-08-13T21:13:09.211859114Z","tipoEvento":"HEARTBEAT","bufferSize":0}
2026-08-13 23:13:19,211 INFO  [it.uni.reti2.HeartbeatGenerator] (executor-thread-1) 💓 [HEARTBEAT] Invio heartbeat: {"stazioneId":"MI","stato":"ONLINE","timestamp":"2026-08-13T21:13:19.211852382Z","tipoEvento":"HEARTBEAT","bufferSize":0}
2026-08-13 23:13:29,212 INFO  [it.uni.reti2.HeartbeatGenerator] (executor-thread-1) 💓 [HEARTBEAT] Invio heartbeat: {"stazioneId":"MI","stato":"ONLINE","timestamp":"2026-08-13T21:13:29.211991270Z","tipoEvento":"HEARTBEAT","bufferSize":0}
2026-08-13 23:13:39,212 INFO  [it.uni.reti2.HeartbeatGenerator] (executor-thread-1) 💓 [HEARTBEAT] Invio heartbeat: {"stazioneId":"MI","stato":"ONLINE","timestamp":"2026-08-13T21:13:39.211951456Z","tipoEvento":"HEARTBEAT","bufferSize":0}
2026-08-13 23:13:49,211 INFO  [it.uni.reti2.HeartbeatGenerator] (executor-thread-1) 💓 [HEARTBEAT] Invio heartbeat: {"stazioneId":"MI","stato":"ONLINE","timestamp":"2026-08-13T21:13:49.211852109Z","tipoEvento":"HEARTBEAT","bufferSize":0}
2026-08-13 23:13:59,212 INFO  [it.uni.reti2.HeartbeatGenerator] (executor-thread-1) 💓 [HEARTBEAT] Invio heartbeat: {"stazioneId":"MI","stato":"ONLINE","timestamp":"2026-08-13T21:13:59.211951361Z","tipoEvento":"HEARTBEAT","bufferSize":0}
2026-08-13 23:14:09,211 INFO  [it.uni.reti2.HeartbeatGenerator] (executor-thread-1) 💓 [HEARTBEAT] Invio heartbeat: {"stazioneId":"MI","stato":"ONLINE","timestamp":"2026-08-13T21:14:09.211816707Z","tipoEvento":"HEARTBEAT","bufferSize":0}
2026-08-13 23:14:19,212 INFO  [it.uni.reti2.HeartbeatGenerator] (executor-thread-1) 💓 [HEARTBEAT] Invio heartbeat: {"stazioneId":"MI","stato":"ONLINE","timestamp":"2026-08-13T21:14:19.211951145Z","tipoEvento":"HEARTBEAT","bufferSize":0}
2026-08-13 23:14:29,212 INFO  [it.uni.reti2.HeartbeatGenerator] (executor-thread-1) 💓 [HEARTBEAT] Invio heartbeat: {"stazioneId":"MI","stato":"ONLINE","timestamp":"2026-08-13T21:14:29.211926893Z","tipoEvento":"HEARTBEAT","bufferSize":0}
2026-08-13 23:14:39,211 INFO  [it.uni.reti2.HeartbeatGenerator] (executor-thread-1) 💓 [HEARTBEAT] Invio heartbeat: {"stazioneId":"MI","stato":"ONLINE","timestamp":"2026-08-13T21:14:39.211808281Z","tipoEvento":"HEARTBEAT","bufferSize":0}
2026-08-13 23:14:49,212 INFO  [it.uni.reti2.HeartbeatGenerator] (executor-thread-1) 💓 [HEARTBEAT] Invio heartbeat: {"stazioneId":"MI","stato":"ONLINE","timestamp":"2026-08-13T21:14:49.211927327Z","tipoEvento":"HEARTBEAT","bufferSize":0}
2026-08-13 23:14:59,212 INFO  [it.uni.reti2.HeartbeatGenerator] (executor-thread-1) 💓 [HEARTBEAT] Invio heartbeat: {"stazioneId":"MI","stato":"ONLINE","timestamp":"2026-08-13T21:14:59.211922248Z","tipoEvento":"HEARTBEAT","bufferSize":0}
2026-08-13 23:15:09,211 INFO  [it.uni.reti2.HeartbeatGenerator] (executor-thread-1) 💓 [HEARTBEAT] Invio heartbeat: {"stazioneId":"MI","stato":"ONLINE","timestamp":"2026-08-13T21:15:09.211881205Z","tipoEvento":"HEARTBEAT","bufferSize":0}
2026-08-13 23:15:14,072 INFO  [it.uni.reti2.StationGateway] (vert.x-eventloop-thread-3) 🚂 [PASSAGGIO] Treno tenoAmmazzaRicchi in ENTRATA dalla stazione MI
2026-08-13 23:15:19,212 INFO  [it.uni.reti2.HeartbeatGenerator] (executor-thread-1) 💓 [HEARTBEAT] Invio heartbeat: {"stazioneId":"MI","stato":"ONLINE","timestamp":"2026-08-13T21:15:19.211952944Z","tipoEvento":"HEARTBEAT","bufferSize":0}
2026-08-13 23:15:29,212 INFO  [it.uni.reti2.HeartbeatGenerator] (executor-thread-1) 💓 [HEARTBEAT] Invio heartbeat: {"stazioneId":"MI","stato":"ONLINE","timestamp":"2026-08-13T21:15:29.211962066Z","tipoEvento":"HEARTBEAT","bufferSize":0}
2026-08-13 23:15:35,071 INFO  [it.uni.reti2.StationGateway] (vert.x-eventloop-thread-3) 🚂 [PASSAGGIO] Treno tenoAmmazzaRicchi in USCITA dalla stazione MI
2026-08-13 23:15:39,211 INFO  [it.uni.reti2.HeartbeatGenerator] (executor-thread-1) 💓 [HEARTBEAT] Invio heartbeat: {"stazioneId":"MI","stato":"ONLINE","timestamp":"2026-08-13T21:15:39.211849386Z","tipoEvento":"HEARTBEAT","bufferSize":0}
2026-08-13 23:15:49,211 INFO  [it.uni.reti2.HeartbeatGenerator] (executor-thread-1) 💓 [HEARTBEAT] Invio heartbeat: {"stazioneId":"MI","stato":"ONLINE","timestamp":"2026-08-13T21:15:49.211845186Z","tipoEvento":"HEARTBEAT","bufferSize":0}
2026-08-13 23:15:59,211 INFO  [it.uni.reti2.HeartbeatGenerator] (executor-thread-1) 💓 [HEARTBEAT] Invio heartbeat: {"stazioneId":"MI","stato":"ONLINE","timestamp":"2026-08-13T21:15:59.211795086Z","tipoEvento":"HEARTBEAT","bufferSize":0}
2026-08-13 23:16:09,211 INFO  [it.uni.reti2.HeartbeatGenerator] (executor-thread-1) 💓 [HEARTBEAT] Invio heartbeat: {"stazioneId":"MI","stato":"ONLINE","timestamp":"2026-08-13T21:16:09.211874569Z","tipoEvento":"HEARTBEAT","bufferSize":0}
2026-08-13 23:16:19,212 INFO  [it.uni.reti2.HeartbeatGenerator] (executor-thread-1) 💓 [HEARTBEAT] Invio heartbeat: {"stazioneId":"MI","stato":"ONLINE","timestamp":"2026-08-13T21:16:19.211958228Z","tipoEvento":"HEARTBEAT","bufferSize":0}
2026-08-13 23:16:29,212 INFO  [it.uni.reti2.HeartbeatGenerator] (executor-thread-1) 💓 [HEARTBEAT] Invio heartbeat: {"stazioneId":"MI","stato":"ONLINE","timestamp":"2026-08-13T21:16:29.212102285Z","tipoEvento":"HEARTBEAT","bufferSize":0}
2026-08-13 23:16:39,211 INFO  [it.uni.reti2.HeartbeatGenerator] (executor-thread-1) 💓 [HEARTBEAT] Invio heartbeat: {"stazioneId":"MI","stato":"ONLINE","timestamp":"2026-08-13T21:16:39.211866479Z","tipoEvento":"HEARTBEAT","bufferSize":0}
2026-08-13 23:16:49,212 INFO  [it.uni.reti2.HeartbeatGenerator] (executor-thread-1) 💓 [HEARTBEAT] Invio heartbeat: {"stazioneId":"MI","stato":"ONLINE","timestamp":"2026-08-13T21:16:49.211991083Z","tipoEvento":"HEARTBEAT","bufferSize":0}
2026-08-13 23:16:59,211 INFO  [it.uni.reti2.HeartbeatGenerator] (executor-thread-1) 💓 [HEARTBEAT] Invio heartbeat: {"stazioneId":"MI","stato":"ONLINE","timestamp":"2026-08-13T21:16:59.211804563Z","tipoEvento":"HEARTBEAT","bufferSize":0}
2026-08-13 23:17:09,211 INFO  [it.uni.reti2.HeartbeatGenerator] (executor-thread-1) 💓 [HEARTBEAT] Invio heartbeat: {"stazioneId":"MI","stato":"ONLINE","timestamp":"2026-08-13T21:17:09.211829095Z","tipoEvento":"HEARTBEAT","bufferSize":0}
2026-08-13 23:17:19,212 INFO  [it.uni.reti2.HeartbeatGenerator] (executor-thread-1) 💓 [HEARTBEAT] Invio heartbeat: {"stazioneId":"MI","stato":"ONLINE","timestamp":"2026-08-13T21:17:19.211968570Z","tipoEvento":"HEARTBEAT","bufferSize":0}
2026-08-13 23:17:29,211 INFO  [it.uni.reti2.HeartbeatGenerator] (executor-thread-1) 💓 [HEARTBEAT] Invio heartbeat: {"stazioneId":"MI","stato":"ONLINE","timestamp":"2026-08-13T21:17:29.211839591Z","tipoEvento":"HEARTBEAT","bufferSize":0}
2026-08-13 23:17:39,211 INFO  [it.uni.reti2.HeartbeatGenerator] (executor-thread-1) 💓 [HEARTBEAT] Invio heartbeat: {"stazioneId":"MI","stato":"ONLINE","timestamp":"2026-08-13T21:17:39.211867730Z","tipoEvento":"HEARTBEAT","bufferSize":0}
2026-08-13 23:17:49,212 INFO  [it.uni.reti2.HeartbeatGenerator] (executor-thread-1) 💓 [HEARTBEAT] Invio heartbeat: {"stazioneId":"MI","stato":"ONLINE","timestamp":"2026-08-13T21:17:49.211935384Z","tipoEvento":"HEARTBEAT","bufferSize":0}
2026-08-13 23:17:59,212 INFO  [it.uni.reti2.HeartbeatGenerator] (executor-thread-1) 💓 [HEARTBEAT] Invio heartbeat: {"stazioneId":"MI","stato":"ONLINE","timestamp":"2026-08-13T21:17:59.211957678Z","tipoEvento":"HEARTBEAT","bufferSize":0}
2026-08-13 23:18:09,211 INFO  [it.uni.reti2.HeartbeatGenerator] (executor-thread-1) 💓 [HEARTBEAT] Invio heartbeat: {"stazioneId":"MI","stato":"ONLINE","timestamp":"2026-08-13T21:18:09.211868491Z","tipoEvento":"HEARTBEAT","bufferSize":0}
2026-08-13 23:18:19,212 INFO  [it.uni.reti2.HeartbeatGenerator] (executor-thread-1) 💓 [HEARTBEAT] Invio heartbeat: {"stazioneId":"MI","stato":"ONLINE","timestamp":"2026-08-13T21:18:19.212020430Z","tipoEvento":"HEARTBEAT","bufferSize":0}
2026-08-13 23:18:29,212 INFO  [it.uni.reti2.HeartbeatGenerator] (executor-thread-1) 💓 [HEARTBEAT] Invio heartbeat: {"stazioneId":"MI","stato":"ONLINE","timestamp":"2026-08-13T21:18:29.212023160Z","tipoEvento":"HEARTBEAT","bufferSize":0}
2026-08-13 23:18:39,212 INFO  [it.uni.reti2.HeartbeatGenerator] (executor-thread-1) 💓 [HEARTBEAT] Invio heartbeat: {"stazioneId":"MI","stato":"ONLINE","timestamp":"2026-08-13T21:18:39.212126601Z","tipoEvento":"HEARTBEAT","bufferSize":0}
2026-08-13 23:18:49,212 INFO  [it.uni.reti2.HeartbeatGenerator] (executor-thread-1) 💓 [HEARTBEAT] Invio heartbeat: {"stazioneId":"MI","stato":"ONLINE","timestamp":"2026-08-13T21:18:49.211957425Z","tipoEvento":"HEARTBEAT","bufferSize":0}
2026-08-13 23:18:59,212 INFO  [it.uni.reti2.HeartbeatGenerator] (executor-thread-1) 💓 [HEARTBEAT] Invio heartbeat: {"stazioneId":"MI","stato":"ONLINE","timestamp":"2026-08-13T21:18:59.211901919Z","tipoEvento":"HEARTBEAT","bufferSize":0}
2026-08-13 23:19:09,211 INFO  [it.uni.reti2.HeartbeatGenerator] (executor-thread-1) 💓 [HEARTBEAT] Invio heartbeat: {"stazioneId":"MI","stato":"ONLINE","timestamp":"2026-08-13T21:19:09.211839280Z","tipoEvento":"HEARTBEAT","bufferSize":0}
2026-08-13 23:19:19,212 INFO  [it.uni.reti2.HeartbeatGenerator] (executor-thread-1) 💓 [HEARTBEAT] Invio heartbeat: {"stazioneId":"MI","stato":"ONLINE","timestamp":"2026-08-13T21:19:19.211878725Z","tipoEvento":"HEARTBEAT","bufferSize":0}
2026-08-13 23:19:29,212 INFO  [it.uni.reti2.HeartbeatGenerator] (executor-thread-1) 💓 [HEARTBEAT] Invio heartbeat: {"stazioneId":"MI","stato":"ONLINE","timestamp":"2026-08-13T21:19:29.211923649Z","tipoEvento":"HEARTBEAT","bufferSize":0}
2026-08-13 23:19:39,211 INFO  [it.uni.reti2.HeartbeatGenerator] (executor-thread-1) 💓 [HEARTBEAT] Invio heartbeat: {"stazioneId":"MI","stato":"ONLINE","timestamp":"2026-08-13T21:19:39.211807826Z","tipoEvento":"HEARTBEAT","bufferSize":0}
2026-08-13 23:19:49,212 INFO  [it.uni.reti2.HeartbeatGenerator] (executor-thread-1) 💓 [HEARTBEAT] Invio heartbeat: {"stazioneId":"MI","stato":"ONLINE","timestamp":"2026-08-13T21:19:49.211994275Z","tipoEvento":"HEARTBEAT","bufferSize":0}
2026-08-13 23:19:59,212 INFO  [it.uni.reti2.HeartbeatGenerator] (executor-thread-1) 💓 [HEARTBEAT] Invio heartbeat: {"stazioneId":"MI","stato":"ONLINE","timestamp":"2026-08-13T21:19:59.211946452Z","tipoEvento":"HEARTBEAT","bufferSize":0}
2026-08-13 23:20:09,211 INFO  [it.uni.reti2.HeartbeatGenerator] (executor-thread-1) 💓 [HEARTBEAT] Invio heartbeat: {"stazioneId":"MI","stato":"ONLINE","timestamp":"2026-08-13T21:20:09.211851478Z","tipoEvento":"HEARTBEAT","bufferSize":0}
2026-08-13 23:20:19,212 INFO  [it.uni.reti2.HeartbeatGenerator] (executor-thread-1) 💓 [HEARTBEAT] Invio heartbeat: {"stazioneId":"MI","stato":"ONLINE","timestamp":"2026-08-13T21:20:19.212019612Z","tipoEvento":"HEARTBEAT","bufferSize":0}
2026-08-13 23:20:29,212 INFO  [it.uni.reti2.HeartbeatGenerator] (executor-thread-1) 💓 [HEARTBEAT] Invio heartbeat: {"stazioneId":"MI","stato":"ONLINE","timestamp":"2026-08-13T21:20:29.211943615Z","tipoEvento":"HEARTBEAT","bufferSize":0}
2026-08-13 23:20:39,212 INFO  [it.uni.reti2.HeartbeatGenerator] (executor-thread-1) 💓 [HEARTBEAT] Invio heartbeat: {"stazioneId":"MI","stato":"ONLINE","timestamp":"2026-08-13T21:20:39.211972613Z","tipoEvento":"HEARTBEAT","bufferSize":0}
2026-08-13 23:20:49,212 INFO  [it.uni.reti2.HeartbeatGenerator] (executor-thread-1) 💓 [HEARTBEAT] Invio heartbeat: {"stazioneId":"MI","stato":"ONLINE","timestamp":"2026-08-13T21:20:49.212023073Z","tipoEvento":"HEARTBEAT","bufferSize":0}
2026-08-13 23:20:59,212 INFO  [it.uni.reti2.HeartbeatGenerator] (executor-thread-1) 💓 [HEARTBEAT] Invio heartbeat: {"stazioneId":"MI","stato":"ONLINE","timestamp":"2026-08-13T21:20:59.211914248Z","tipoEvento":"HEARTBEAT","bufferSize":0}
2026-08-13 23:21:09,211 INFO  [it.uni.reti2.HeartbeatGenerator] (executor-thread-1) 💓 [HEARTBEAT] Invio heartbeat: {"stazioneId":"MI","stato":"ONLINE","timestamp":"2026-08-13T21:21:09.211883218Z","tipoEvento":"HEARTBEAT","bufferSize":0}
2026-08-13 23:21:19,211 INFO  [it.uni.reti2.HeartbeatGenerator] (executor-thread-1) 💓 [HEARTBEAT] Invio heartbeat: {"stazioneId":"MI","stato":"ONLINE","timestamp":"2026-08-13T21:21:19.211837465Z","tipoEvento":"HEARTBEAT","bufferSize":0}
2026-08-13 23:21:29,211 INFO  [it.uni.reti2.HeartbeatGenerator] (executor-thread-1) 💓 [HEARTBEAT] Invio heartbeat: {"stazioneId":"MI","stato":"ONLINE","timestamp":"2026-08-13T21:21:29.211874881Z","tipoEvento":"HEARTBEAT","bufferSize":0}
2026-08-13 23:21:39,212 INFO  [it.uni.reti2.HeartbeatGenerator] (executor-thread-1) 💓 [HEARTBEAT] Invio heartbeat: {"stazioneId":"MI","stato":"ONLINE","timestamp":"2026-08-13T21:21:39.212316265Z","tipoEvento":"HEARTBEAT","bufferSize":0}
2026-08-13 23:21:49,211 INFO  [it.uni.reti2.HeartbeatGenerator] (executor-thread-1) 💓 [HEARTBEAT] Invio heartbeat: {"stazioneId":"MI","stato":"ONLINE","timestamp":"2026-08-13T21:21:49.211903044Z","tipoEvento":"HEARTBEAT","bufferSize":0}
2026-08-13 23:21:59,212 INFO  [it.uni.reti2.HeartbeatGenerator] (executor-thread-1) 💓 [HEARTBEAT] Invio heartbeat: {"stazioneId":"MI","stato":"ONLINE","timestamp":"2026-08-13T21:21:59.211931740Z","tipoEvento":"HEARTBEAT","bufferSize":0}
2026-08-13 23:22:09,212 INFO  [it.uni.reti2.HeartbeatGenerator] (executor-thread-1) 💓 [HEARTBEAT] Invio heartbeat: {"stazioneId":"MI","stato":"ONLINE","timestamp":"2026-08-13T21:22:09.212049467Z","tipoEvento":"HEARTBEAT","bufferSize":0}
2026-08-13 23:22:19,212 INFO  [it.uni.reti2.HeartbeatGenerator] (executor-thread-1) 💓 [HEARTBEAT] Invio heartbeat: {"stazioneId":"MI","stato":"ONLINE","timestamp":"2026-08-13T21:22:19.211920687Z","tipoEvento":"HEARTBEAT","bufferSize":0}
2026-08-13 23:22:29,212 INFO  [it.uni.reti2.HeartbeatGenerator] (executor-thread-1) 💓 [HEARTBEAT] Invio heartbeat: {"stazioneId":"MI","stato":"ONLINE","timestamp":"2026-08-13T21:22:29.211936013Z","tipoEvento":"HEARTBEAT","bufferSize":0}
2026-08-13 23:22:39,211 INFO  [it.uni.reti2.HeartbeatGenerator] (executor-thread-1) 💓 [HEARTBEAT] Invio heartbeat: {"stazioneId":"MI","stato":"ONLINE","timestamp":"2026-08-13T21:22:39.211891237Z","tipoEvento":"HEARTBEAT","bufferSize":0}
2026-08-13 23:22:42,071 INFO  [it.uni.reti2.StationGateway] (vert.x-eventloop-thread-3) 🚂 [PASSAGGIO] Treno Mario in ENTRATA dalla stazione MI
2026-08-13 23:22:49,212 INFO  [it.uni.reti2.HeartbeatGenerator] (executor-thread-1) 💓 [HEARTBEAT] Invio heartbeat: {"stazioneId":"MI","stato":"ONLINE","timestamp":"2026-08-13T21:22:49.212367024Z","tipoEvento":"HEARTBEAT","bufferSize":0}
2026-08-13 23:22:59,212 INFO  [it.uni.reti2.HeartbeatGenerator] (executor-thread-1) 💓 [HEARTBEAT] Invio heartbeat: {"stazioneId":"MI","stato":"ONLINE","timestamp":"2026-08-13T21:22:59.211894943Z","tipoEvento":"HEARTBEAT","bufferSize":0}
2026-08-13 23:23:00,071 INFO  [it.uni.reti2.StationGateway] (vert.x-eventloop-thread-3) 🚂 [PASSAGGIO] Treno tenoAmmazzaRicchi in ENTRATA dalla stazione MI
2026-08-13 23:23:03,071 INFO  [it.uni.reti2.StationGateway] (vert.x-eventloop-thread-3) 🚂 [PASSAGGIO] Treno Mario in USCITA dalla stazione MI
2026-08-13 23:23:09,211 INFO  [it.uni.reti2.HeartbeatGenerator] (executor-thread-1) 💓 [HEARTBEAT] Invio heartbeat: {"stazioneId":"MI","stato":"ONLINE","timestamp":"2026-08-13T21:23:09.211857026Z","tipoEvento":"HEARTBEAT","bufferSize":0}
2026-08-13 23:23:19,211 INFO  [it.uni.reti2.HeartbeatGenerator] (executor-thread-1) 💓 [HEARTBEAT] Invio heartbeat: {"stazioneId":"MI","stato":"ONLINE","timestamp":"2026-08-13T21:23:19.211861429Z","tipoEvento":"HEARTBEAT","bufferSize":0}
2026-08-13 23:23:20,071 INFO  [it.uni.reti2.StationGateway] (vert.x-eventloop-thread-3) 🚂 [PASSAGGIO] Treno tenoAmmazzaRicchi in USCITA dalla stazione MI
2026-08-13 23:23:29,212 INFO  [it.uni.reti2.HeartbeatGenerator] (executor-thread-1) 💓 [HEARTBEAT] Invio heartbeat: {"stazioneId":"MI","stato":"ONLINE","timestamp":"2026-08-13T21:23:29.211937940Z","tipoEvento":"HEARTBEAT","bufferSize":0}
2026-08-13 23:23:39,211 INFO  [it.uni.reti2.HeartbeatGenerator] (executor-thread-1) 💓 [HEARTBEAT] Invio heartbeat: {"stazioneId":"MI","stato":"ONLINE","timestamp":"2026-08-13T21:23:39.211878248Z","tipoEvento":"HEARTBEAT","bufferSize":0}
2026-08-13 23:23:49,212 INFO  [it.uni.reti2.HeartbeatGenerator] (executor-thread-1) 💓 [HEARTBEAT] Invio heartbeat: {"stazioneId":"MI","stato":"ONLINE","timestamp":"2026-08-13T21:23:49.211924004Z","tipoEvento":"HEARTBEAT","bufferSize":0}
2026-08-13 23:23:59,212 INFO  [it.uni.reti2.HeartbeatGenerator] (executor-thread-1) 💓 [HEARTBEAT] Invio heartbeat: {"stazioneId":"MI","stato":"ONLINE","timestamp":"2026-08-13T21:23:59.211914553Z","tipoEvento":"HEARTBEAT","bufferSize":0}
2026-08-13 23:24:09,212 INFO  [it.uni.reti2.HeartbeatGenerator] (executor-thread-1) 💓 [HEARTBEAT] Invio heartbeat: {"stazioneId":"MI","stato":"ONLINE","timestamp":"2026-08-13T21:24:09.211910870Z","tipoEvento":"HEARTBEAT","bufferSize":0}
2026-08-13 23:24:19,211 INFO  [it.uni.reti2.HeartbeatGenerator] (executor-thread-1) 💓 [HEARTBEAT] Invio heartbeat: {"stazioneId":"MI","stato":"ONLINE","timestamp":"2026-08-13T21:24:19.211832698Z","tipoEvento":"HEARTBEAT","bufferSize":0}
2026-08-13 23:24:29,211 INFO  [it.uni.reti2.HeartbeatGenerator] (executor-thread-1) 💓 [HEARTBEAT] Invio heartbeat: {"stazioneId":"MI","stato":"ONLINE","timestamp":"2026-08-13T21:24:29.211788526Z","tipoEvento":"HEARTBEAT","bufferSize":0}
2026-08-13 23:24:39,212 INFO  [it.uni.reti2.HeartbeatGenerator] (executor-thread-1) 💓 [HEARTBEAT] Invio heartbeat: {"stazioneId":"MI","stato":"ONLINE","timestamp":"2026-08-13T21:24:39.212616018Z","tipoEvento":"HEARTBEAT","bufferSize":0}
2026-08-13 23:24:49,212 INFO  [it.uni.reti2.HeartbeatGenerator] (executor-thread-1) 💓 [HEARTBEAT] Invio heartbeat: {"stazioneId":"MI","stato":"ONLINE","timestamp":"2026-08-13T21:24:49.211954900Z","tipoEvento":"HEARTBEAT","bufferSize":0}
2026-08-13 23:24:59,211 INFO  [it.uni.reti2.HeartbeatGenerator] (executor-thread-1) 💓 [HEARTBEAT] Invio heartbeat: {"stazioneId":"MI","stato":"ONLINE","timestamp":"2026-08-13T21:24:59.211914270Z","tipoEvento":"HEARTBEAT","bufferSize":0}
2026-08-13 23:25:09,212 INFO  [it.uni.reti2.HeartbeatGenerator] (executor-thread-1) 💓 [HEARTBEAT] Invio heartbeat: {"stazioneId":"MI","stato":"ONLINE","timestamp":"2026-08-13T21:25:09.212116418Z","tipoEvento":"HEARTBEAT","bufferSize":0}
2026-08-13 23:25:19,211 INFO  [it.uni.reti2.HeartbeatGenerator] (executor-thread-1) 💓 [HEARTBEAT] Invio heartbeat: {"stazioneId":"MI","stato":"ONLINE","timestamp":"2026-08-13T21:25:19.211805727Z","tipoEvento":"HEARTBEAT","bufferSize":0}
2026-08-13 23:25:29,212 INFO  [it.uni.reti2.HeartbeatGenerator] (executor-thread-1) 💓 [HEARTBEAT] Invio heartbeat: {"stazioneId":"MI","stato":"ONLINE","timestamp":"2026-08-13T21:25:29.211896638Z","tipoEvento":"HEARTBEAT","bufferSize":0}
2026-08-13 23:25:39,212 INFO  [it.uni.reti2.HeartbeatGenerator] (executor-thread-1) 💓 [HEARTBEAT] Invio heartbeat: {"stazioneId":"MI","stato":"ONLINE","timestamp":"2026-08-13T21:25:39.211917791Z","tipoEvento":"HEARTBEAT","bufferSize":0}
2026-08-13 23:25:49,211 INFO  [it.uni.reti2.HeartbeatGenerator] (executor-thread-1) 💓 [HEARTBEAT] Invio heartbeat: {"stazioneId":"MI","stato":"ONLINE","timestamp":"2026-08-13T21:25:49.211874494Z","tipoEvento":"HEARTBEAT","bufferSize":0}
2026-08-13 23:25:59,211 INFO  [it.uni.reti2.HeartbeatGenerator] (executor-thread-1) 💓 [HEARTBEAT] Invio heartbeat: {"stazioneId":"MI","stato":"ONLINE","timestamp":"2026-08-13T21:25:59.211848825Z","tipoEvento":"HEARTBEAT","bufferSize":0}
2026-08-13 23:26:09,212 INFO  [it.uni.reti2.HeartbeatGenerator] (executor-thread-1) 💓 [HEARTBEAT] Invio heartbeat: {"stazioneId":"MI","stato":"ONLINE","timestamp":"2026-08-13T21:26:09.211985573Z","tipoEvento":"HEARTBEAT","bufferSize":0}
2026-08-13 23:26:19,212 INFO  [it.uni.reti2.HeartbeatGenerator] (executor-thread-1) 💓 [HEARTBEAT] Invio heartbeat: {"stazioneId":"MI","stato":"ONLINE","timestamp":"2026-08-13T21:26:19.211933363Z","tipoEvento":"HEARTBEAT","bufferSize":0}
2026-08-13 23:26:29,211 INFO  [it.uni.reti2.HeartbeatGenerator] (executor-thread-1) 💓 [HEARTBEAT] Invio heartbeat: {"stazioneId":"MI","stato":"ONLINE","timestamp":"2026-08-13T21:26:29.211871888Z","tipoEvento":"HEARTBEAT","bufferSize":0}
2026-08-13 23:26:39,211 INFO  [it.uni.reti2.HeartbeatGenerator] (executor-thread-1) 💓 [HEARTBEAT] Invio heartbeat: {"stazioneId":"MI","stato":"ONLINE","timestamp":"2026-08-13T21:26:39.211864874Z","tipoEvento":"HEARTBEAT","bufferSize":0}
2026-08-13 23:26:46,070 INFO  [it.uni.reti2.StationGateway] (vert.x-eventloop-thread-3) 🚂 [PASSAGGIO] Treno Mario in ENTRATA dalla stazione MI
2026-08-13 23:26:49,212 INFO  [it.uni.reti2.HeartbeatGenerator] (executor-thread-1) 💓 [HEARTBEAT] Invio heartbeat: {"stazioneId":"MI","stato":"ONLINE","timestamp":"2026-08-13T21:26:49.211955045Z","tipoEvento":"HEARTBEAT","bufferSize":0}
2026-08-13 23:26:59,211 INFO  [it.uni.reti2.HeartbeatGenerator] (executor-thread-1) 💓 [HEARTBEAT] Invio heartbeat: {"stazioneId":"MI","stato":"ONLINE","timestamp":"2026-08-13T21:26:59.211782584Z","tipoEvento":"HEARTBEAT","bufferSize":0}
2026-08-13 23:27:02,071 INFO  [it.uni.reti2.StationGateway] (vert.x-eventloop-thread-3) 🚂 [PASSAGGIO] Treno tenoAmmazzaRicchi in ENTRATA dalla stazione MI
2026-08-13 23:27:06,071 INFO  [it.uni.reti2.StationGateway] (vert.x-eventloop-thread-3) 🚂 [PASSAGGIO] Treno Mario in USCITA dalla stazione MI
2026-08-13 23:27:09,211 INFO  [it.uni.reti2.HeartbeatGenerator] (executor-thread-1) 💓 [HEARTBEAT] Invio heartbeat: {"stazioneId":"MI","stato":"ONLINE","timestamp":"2026-08-13T21:27:09.211848932Z","tipoEvento":"HEARTBEAT","bufferSize":0}
2026-08-13 23:27:19,211 INFO  [it.uni.reti2.HeartbeatGenerator] (executor-thread-1) 💓 [HEARTBEAT] Invio heartbeat: {"stazioneId":"MI","stato":"ONLINE","timestamp":"2026-08-13T21:27:19.211881138Z","tipoEvento":"HEARTBEAT","bufferSize":0}
2026-08-13 23:27:22,071 INFO  [it.uni.reti2.StationGateway] (vert.x-eventloop-thread-3) 🚂 [PASSAGGIO] Treno tenoAmmazzaRicchi in USCITA dalla stazione MI
2026-08-13 23:27:29,211 INFO  [it.uni.reti2.HeartbeatGenerator] (executor-thread-1) 💓 [HEARTBEAT] Invio heartbeat: {"stazioneId":"MI","stato":"ONLINE","timestamp":"2026-08-13T21:27:29.211765277Z","tipoEvento":"HEARTBEAT","bufferSize":0}
2026-08-13 23:27:39,211 INFO  [it.uni.reti2.HeartbeatGenerator] (executor-thread-1) 💓 [HEARTBEAT] Invio heartbeat: {"stazioneId":"MI","stato":"ONLINE","timestamp":"2026-08-13T21:27:39.211879319Z","tipoEvento":"HEARTBEAT","bufferSize":0}
2026-08-13 23:27:49,211 INFO  [it.uni.reti2.HeartbeatGenerator] (executor-thread-1) 💓 [HEARTBEAT] Invio heartbeat: {"stazioneId":"MI","stato":"ONLINE","timestamp":"2026-08-13T21:27:49.211833145Z","tipoEvento":"HEARTBEAT","bufferSize":0}
2026-08-13 23:27:59,211 INFO  [it.uni.reti2.HeartbeatGenerator] (executor-thread-1) 💓 [HEARTBEAT] Invio heartbeat: {"stazioneId":"MI","stato":"ONLINE","timestamp":"2026-08-13T21:27:59.211862481Z","tipoEvento":"HEARTBEAT","bufferSize":0}
2026-08-13 23:28:09,211 INFO  [it.uni.reti2.HeartbeatGenerator] (executor-thread-1) 💓 [HEARTBEAT] Invio heartbeat: {"stazioneId":"MI","stato":"ONLINE","timestamp":"2026-08-13T21:28:09.211810830Z","tipoEvento":"HEARTBEAT","bufferSize":0}
2026-08-13 23:28:19,212 INFO  [it.uni.reti2.HeartbeatGenerator] (executor-thread-1) 💓 [HEARTBEAT] Invio heartbeat: {"stazioneId":"MI","stato":"ONLINE","timestamp":"2026-08-13T21:28:19.212331379Z","tipoEvento":"HEARTBEAT","bufferSize":0}
2026-08-13 23:28:29,212 INFO  [it.uni.reti2.HeartbeatGenerator] (executor-thread-1) 💓 [HEARTBEAT] Invio heartbeat: {"stazioneId":"MI","stato":"ONLINE","timestamp":"2026-08-13T21:28:29.212029477Z","tipoEvento":"HEARTBEAT","bufferSize":0}
2026-08-13 23:28:39,211 INFO  [it.uni.reti2.HeartbeatGenerator] (executor-thread-1) 💓 [HEARTBEAT] Invio heartbeat: {"stazioneId":"MI","stato":"ONLINE","timestamp":"2026-08-13T21:28:39.211795203Z","tipoEvento":"HEARTBEAT","bufferSize":0}
2026-08-13 23:28:49,211 INFO  [it.uni.reti2.HeartbeatGenerator] (executor-thread-1) 💓 [HEARTBEAT] Invio heartbeat: {"stazioneId":"MI","stato":"ONLINE","timestamp":"2026-08-13T21:28:49.211857224Z","tipoEvento":"HEARTBEAT","bufferSize":0}
2026-08-13 23:28:59,212 INFO  [it.uni.reti2.HeartbeatGenerator] (executor-thread-1) 💓 [HEARTBEAT] Invio heartbeat: {"stazioneId":"MI","stato":"ONLINE","timestamp":"2026-08-13T21:28:59.212389085Z","tipoEvento":"HEARTBEAT","bufferSize":0}
2026-08-13 23:29:09,212 INFO  [it.uni.reti2.HeartbeatGenerator] (executor-thread-1) 💓 [HEARTBEAT] Invio heartbeat: {"stazioneId":"MI","stato":"ONLINE","timestamp":"2026-08-13T21:29:09.212318515Z","tipoEvento":"HEARTBEAT","bufferSize":0}
2026-08-13 23:29:19,212 INFO  [it.uni.reti2.HeartbeatGenerator] (executor-thread-1) 💓 [HEARTBEAT] Invio heartbeat: {"stazioneId":"MI","stato":"ONLINE","timestamp":"2026-08-13T21:29:19.212259834Z","tipoEvento":"HEARTBEAT","bufferSize":0}
2026-08-13 23:29:29,211 INFO  [it.uni.reti2.HeartbeatGenerator] (executor-thread-1) 💓 [HEARTBEAT] Invio heartbeat: {"stazioneId":"MI","stato":"ONLINE","timestamp":"2026-08-13T21:29:29.211866468Z","tipoEvento":"HEARTBEAT","bufferSize":0}
2026-08-13 23:29:39,212 INFO  [it.uni.reti2.HeartbeatGenerator] (executor-thread-1) 💓 [HEARTBEAT] Invio heartbeat: {"stazioneId":"MI","stato":"ONLINE","timestamp":"2026-08-13T21:29:39.212201484Z","tipoEvento":"HEARTBEAT","bufferSize":0}
2026-08-13 23:29:49,211 INFO  [it.uni.reti2.HeartbeatGenerator] (executor-thread-1) 💓 [HEARTBEAT] Invio heartbeat: {"stazioneId":"MI","stato":"ONLINE","timestamp":"2026-08-13T21:29:49.211848298Z","tipoEvento":"HEARTBEAT","bufferSize":0}
2026-08-13 23:29:59,212 INFO  [it.uni.reti2.HeartbeatGenerator] (executor-thread-1) 💓 [HEARTBEAT] Invio heartbeat: {"stazioneId":"MI","stato":"ONLINE","timestamp":"2026-08-13T21:29:59.212497758Z","tipoEvento":"HEARTBEAT","bufferSize":0}
2026-08-13 23:30:09,211 INFO  [it.uni.reti2.HeartbeatGenerator] (executor-thread-1) 💓 [HEARTBEAT] Invio heartbeat: {"stazioneId":"MI","stato":"ONLINE","timestamp":"2026-08-13T21:30:09.211792551Z","tipoEvento":"HEARTBEAT","bufferSize":0}
2026-08-13 23:30:19,211 INFO  [it.uni.reti2.HeartbeatGenerator] (executor-thread-1) 💓 [HEARTBEAT] Invio heartbeat: {"stazioneId":"MI","stato":"ONLINE","timestamp":"2026-08-13T21:30:19.211824645Z","tipoEvento":"HEARTBEAT","bufferSize":0}
2026-08-13 23:30:29,211 INFO  [it.uni.reti2.HeartbeatGenerator] (executor-thread-1) 💓 [HEARTBEAT] Invio heartbeat: {"stazioneId":"MI","stato":"ONLINE","timestamp":"2026-08-13T21:30:29.211873883Z","tipoEvento":"HEARTBEAT","bufferSize":0}
2026-08-13 23:30:39,211 INFO  [it.uni.reti2.HeartbeatGenerator] (executor-thread-1) 💓 [HEARTBEAT] Invio heartbeat: {"stazioneId":"MI","stato":"ONLINE","timestamp":"2026-08-13T21:30:39.211884181Z","tipoEvento":"HEARTBEAT","bufferSize":0}
2026-08-13 23:30:49,212 INFO  [it.uni.reti2.HeartbeatGenerator] (executor-thread-1) 💓 [HEARTBEAT] Invio heartbeat: {"stazioneId":"MI","stato":"ONLINE","timestamp":"2026-08-13T21:30:49.211923974Z","tipoEvento":"HEARTBEAT","bufferSize":0}
2026-08-13 23:30:59,212 INFO  [it.uni.reti2.HeartbeatGenerator] (executor-thread-1) 💓 [HEARTBEAT] Invio heartbeat: {"stazioneId":"MI","stato":"ONLINE","timestamp":"2026-08-13T21:30:59.211905141Z","tipoEvento":"HEARTBEAT","bufferSize":0}
2026-08-13 23:31:09,212 INFO  [it.uni.reti2.HeartbeatGenerator] (executor-thread-1) 💓 [HEARTBEAT] Invio heartbeat: {"stazioneId":"MI","stato":"ONLINE","timestamp":"2026-08-13T21:31:09.212363551Z","tipoEvento":"HEARTBEAT","bufferSize":0}
2026-08-13 23:31:19,212 INFO  [it.uni.reti2.HeartbeatGenerator] (executor-thread-1) 💓 [HEARTBEAT] Invio heartbeat: {"stazioneId":"MI","stato":"ONLINE","timestamp":"2026-08-13T21:31:19.212297531Z","tipoEvento":"HEARTBEAT","bufferSize":0}
2026-08-13 23:31:29,211 INFO  [it.uni.reti2.HeartbeatGenerator] (executor-thread-1) 💓 [HEARTBEAT] Invio heartbeat: {"stazioneId":"MI","stato":"ONLINE","timestamp":"2026-08-13T21:31:29.211885484Z","tipoEvento":"HEARTBEAT","bufferSize":0}
2026-08-13 23:31:39,211 INFO  [it.uni.reti2.HeartbeatGenerator] (executor-thread-1) 💓 [HEARTBEAT] Invio heartbeat: {"stazioneId":"MI","stato":"ONLINE","timestamp":"2026-08-13T21:31:39.211895355Z","tipoEvento":"HEARTBEAT","bufferSize":0}
2026-08-13 23:31:49,211 INFO  [it.uni.reti2.HeartbeatGenerator] (executor-thread-1) 💓 [HEARTBEAT] Invio heartbeat: {"stazioneId":"MI","stato":"ONLINE","timestamp":"2026-08-13T21:31:49.211786786Z","tipoEvento":"HEARTBEAT","bufferSize":0}
2026-08-13 23:31:59,211 INFO  [it.uni.reti2.HeartbeatGenerator] (executor-thread-1) 💓 [HEARTBEAT] Invio heartbeat: {"stazioneId":"MI","stato":"ONLINE","timestamp":"2026-08-13T21:31:59.211862559Z","tipoEvento":"HEARTBEAT","bufferSize":0}
2026-08-13 23:32:09,212 INFO  [it.uni.reti2.HeartbeatGenerator] (executor-thread-1) 💓 [HEARTBEAT] Invio heartbeat: {"stazioneId":"MI","stato":"ONLINE","timestamp":"2026-08-13T21:32:09.212225691Z","tipoEvento":"HEARTBEAT","bufferSize":0}
2026-08-13 23:32:19,211 INFO  [it.uni.reti2.HeartbeatGenerator] (executor-thread-1) 💓 [HEARTBEAT] Invio heartbeat: {"stazioneId":"MI","stato":"ONLINE","timestamp":"2026-08-13T21:32:19.211915817Z","tipoEvento":"HEARTBEAT","bufferSize":0}
2026-08-13 23:32:29,212 INFO  [it.uni.reti2.HeartbeatGenerator] (executor-thread-1) 💓 [HEARTBEAT] Invio heartbeat: {"stazioneId":"MI","stato":"ONLINE","timestamp":"2026-08-13T21:32:29.212302466Z","tipoEvento":"HEARTBEAT","bufferSize":0}
2026-08-13 23:32:39,211 INFO  [it.uni.reti2.HeartbeatGenerator] (executor-thread-1) 💓 [HEARTBEAT] Invio heartbeat: {"stazioneId":"MI","stato":"ONLINE","timestamp":"2026-08-13T21:32:39.211841513Z","tipoEvento":"HEARTBEAT","bufferSize":0}
2026-08-13 23:32:49,212 INFO  [it.uni.reti2.HeartbeatGenerator] (executor-thread-1) 💓 [HEARTBEAT] Invio heartbeat: {"stazioneId":"MI","stato":"ONLINE","timestamp":"2026-08-13T21:32:49.211976368Z","tipoEvento":"HEARTBEAT","bufferSize":0}
2026-08-13 23:32:59,212 INFO  [it.uni.reti2.HeartbeatGenerator] (executor-thread-1) 💓 [HEARTBEAT] Invio heartbeat: {"stazioneId":"MI","stato":"ONLINE","timestamp":"2026-08-13T21:32:59.211922487Z","tipoEvento":"HEARTBEAT","bufferSize":0}
2026-08-13 23:33:09,211 INFO  [it.uni.reti2.HeartbeatGenerator] (executor-thread-1) 💓 [HEARTBEAT] Invio heartbeat: {"stazioneId":"MI","stato":"ONLINE","timestamp":"2026-08-13T21:33:09.211901152Z","tipoEvento":"HEARTBEAT","bufferSize":0}
2026-08-13 23:33:19,211 INFO  [it.uni.reti2.HeartbeatGenerator] (executor-thread-1) 💓 [HEARTBEAT] Invio heartbeat: {"stazioneId":"MI","stato":"ONLINE","timestamp":"2026-08-13T21:33:19.211864734Z","tipoEvento":"HEARTBEAT","bufferSize":0}
2026-08-13 23:33:29,211 INFO  [it.uni.reti2.HeartbeatGenerator] (executor-thread-1) 💓 [HEARTBEAT] Invio heartbeat: {"stazioneId":"MI","stato":"ONLINE","timestamp":"2026-08-13T21:33:29.211792463Z","tipoEvento":"HEARTBEAT","bufferSize":0}
2026-08-13 23:33:39,211 INFO  [it.uni.reti2.HeartbeatGenerator] (executor-thread-1) 💓 [HEARTBEAT] Invio heartbeat: {"stazioneId":"MI","stato":"ONLINE","timestamp":"2026-08-13T21:33:39.211815661Z","tipoEvento":"HEARTBEAT","bufferSize":0}
2026-08-13 23:33:49,211 INFO  [it.uni.reti2.HeartbeatGenerator] (executor-thread-1) 💓 [HEARTBEAT] Invio heartbeat: {"stazioneId":"MI","stato":"ONLINE","timestamp":"2026-08-13T21:33:49.211844095Z","tipoEvento":"HEARTBEAT","bufferSize":0}
2026-08-13 23:33:59,212 INFO  [it.uni.reti2.HeartbeatGenerator] (executor-thread-1) 💓 [HEARTBEAT] Invio heartbeat: {"stazioneId":"MI","stato":"ONLINE","timestamp":"2026-08-13T21:33:59.211974332Z","tipoEvento":"HEARTBEAT","bufferSize":0}
2026-08-13 23:34:09,211 INFO  [it.uni.reti2.HeartbeatGenerator] (executor-thread-1) 💓 [HEARTBEAT] Invio heartbeat: {"stazioneId":"MI","stato":"ONLINE","timestamp":"2026-08-13T21:34:09.211831749Z","tipoEvento":"HEARTBEAT","bufferSize":0}
2026-08-13 23:34:19,211 INFO  [it.uni.reti2.HeartbeatGenerator] (executor-thread-1) 💓 [HEARTBEAT] Invio heartbeat: {"stazioneId":"MI","stato":"ONLINE","timestamp":"2026-08-13T21:34:19.211872053Z","tipoEvento":"HEARTBEAT","bufferSize":0}
2026-08-13 23:34:29,211 INFO  [it.uni.reti2.HeartbeatGenerator] (executor-thread-1) 💓 [HEARTBEAT] Invio heartbeat: {"stazioneId":"MI","stato":"ONLINE","timestamp":"2026-08-13T21:34:29.211779505Z","tipoEvento":"HEARTBEAT","bufferSize":0}
2026-08-13 23:34:39,211 INFO  [it.uni.reti2.HeartbeatGenerator] (executor-thread-1) 💓 [HEARTBEAT] Invio heartbeat: {"stazioneId":"MI","stato":"ONLINE","timestamp":"2026-08-13T21:34:39.211860271Z","tipoEvento":"HEARTBEAT","bufferSize":0}
2026-08-13 23:34:46,071 INFO  [it.uni.reti2.StationGateway] (vert.x-eventloop-thread-3) 🚂 [PASSAGGIO] Treno tenoAmmazzaRicchi in ENTRATA dalla stazione MI
2026-08-13 23:34:49,211 INFO  [it.uni.reti2.HeartbeatGenerator] (executor-thread-1) 💓 [HEARTBEAT] Invio heartbeat: {"stazioneId":"MI","stato":"ONLINE","timestamp":"2026-08-13T21:34:49.211869562Z","tipoEvento":"HEARTBEAT","bufferSize":0}
2026-08-13 23:34:59,211 INFO  [it.uni.reti2.HeartbeatGenerator] (executor-thread-1) 💓 [HEARTBEAT] Invio heartbeat: {"stazioneId":"MI","stato":"ONLINE","timestamp":"2026-08-13T21:34:59.211785996Z","tipoEvento":"HEARTBEAT","bufferSize":0}
2026-08-13 23:35:07,072 INFO  [it.uni.reti2.StationGateway] (vert.x-eventloop-thread-3) 🚂 [PASSAGGIO] Treno tenoAmmazzaRicchi in USCITA dalla stazione MI
2026-08-13 23:35:09,211 INFO  [it.uni.reti2.HeartbeatGenerator] (executor-thread-1) 💓 [HEARTBEAT] Invio heartbeat: {"stazioneId":"MI","stato":"ONLINE","timestamp":"2026-08-13T21:35:09.211877777Z","tipoEvento":"HEARTBEAT","bufferSize":0}
2026-08-13 23:35:19,211 INFO  [it.uni.reti2.HeartbeatGenerator] (executor-thread-1) 💓 [HEARTBEAT] Invio heartbeat: {"stazioneId":"MI","stato":"ONLINE","timestamp":"2026-08-13T21:35:19.211852641Z","tipoEvento":"HEARTBEAT","bufferSize":0}
2026-08-13 23:35:29,211 INFO  [it.uni.reti2.HeartbeatGenerator] (executor-thread-1) 💓 [HEARTBEAT] Invio heartbeat: {"stazioneId":"MI","stato":"ONLINE","timestamp":"2026-08-13T21:35:29.211856568Z","tipoEvento":"HEARTBEAT","bufferSize":0}
2026-08-13 23:35:39,212 INFO  [it.uni.reti2.HeartbeatGenerator] (executor-thread-1) 💓 [HEARTBEAT] Invio heartbeat: {"stazioneId":"MI","stato":"ONLINE","timestamp":"2026-08-13T21:35:39.211963161Z","tipoEvento":"HEARTBEAT","bufferSize":0}
2026-08-13 23:35:49,211 INFO  [it.uni.reti2.HeartbeatGenerator] (executor-thread-1) 💓 [HEARTBEAT] Invio heartbeat: {"stazioneId":"MI","stato":"ONLINE","timestamp":"2026-08-13T21:35:49.211794227Z","tipoEvento":"HEARTBEAT","bufferSize":0}
2026-08-13 23:35:59,211 INFO  [it.uni.reti2.HeartbeatGenerator] (executor-thread-1) 💓 [HEARTBEAT] Invio heartbeat: {"stazioneId":"MI","stato":"ONLINE","timestamp":"2026-08-13T21:35:59.211832054Z","tipoEvento":"HEARTBEAT","bufferSize":0}
2026-08-13 23:36:09,211 INFO  [it.uni.reti2.HeartbeatGenerator] (executor-thread-1) 💓 [HEARTBEAT] Invio heartbeat: {"stazioneId":"MI","stato":"ONLINE","timestamp":"2026-08-13T21:36:09.211808491Z","tipoEvento":"HEARTBEAT","bufferSize":0}
2026-08-13 23:36:19,211 INFO  [it.uni.reti2.HeartbeatGenerator] (executor-thread-1) 💓 [HEARTBEAT] Invio heartbeat: {"stazioneId":"MI","stato":"ONLINE","timestamp":"2026-08-13T21:36:19.211833846Z","tipoEvento":"HEARTBEAT","bufferSize":0}
2026-08-13 23:36:29,211 INFO  [it.uni.reti2.HeartbeatGenerator] (executor-thread-1) 💓 [HEARTBEAT] Invio heartbeat: {"stazioneId":"MI","stato":"ONLINE","timestamp":"2026-08-13T21:36:29.211842747Z","tipoEvento":"HEARTBEAT","bufferSize":0}
2026-08-13 23:36:39,212 INFO  [it.uni.reti2.HeartbeatGenerator] (executor-thread-1) 💓 [HEARTBEAT] Invio heartbeat: {"stazioneId":"MI","stato":"ONLINE","timestamp":"2026-08-13T21:36:39.211950261Z","tipoEvento":"HEARTBEAT","bufferSize":0}
2026-08-13 23:36:49,212 INFO  [it.uni.reti2.HeartbeatGenerator] (executor-thread-1) 💓 [HEARTBEAT] Invio heartbeat: {"stazioneId":"MI","stato":"ONLINE","timestamp":"2026-08-13T21:36:49.211935444Z","tipoEvento":"HEARTBEAT","bufferSize":0}
2026-08-13 23:36:59,212 INFO  [it.uni.reti2.HeartbeatGenerator] (executor-thread-1) 💓 [HEARTBEAT] Invio heartbeat: {"stazioneId":"MI","stato":"ONLINE","timestamp":"2026-08-13T21:36:59.211935060Z","tipoEvento":"HEARTBEAT","bufferSize":0}
2026-08-13 23:37:09,211 INFO  [it.uni.reti2.HeartbeatGenerator] (executor-thread-1) 💓 [HEARTBEAT] Invio heartbeat: {"stazioneId":"MI","stato":"ONLINE","timestamp":"2026-08-13T21:37:09.211849256Z","tipoEvento":"HEARTBEAT","bufferSize":0}
2026-08-13 23:37:19,212 INFO  [it.uni.reti2.HeartbeatGenerator] (executor-thread-1) 💓 [HEARTBEAT] Invio heartbeat: {"stazioneId":"MI","stato":"ONLINE","timestamp":"2026-08-13T21:37:19.211928889Z","tipoEvento":"HEARTBEAT","bufferSize":0}
2026-08-13 23:37:29,211 INFO  [it.uni.reti2.HeartbeatGenerator] (executor-thread-1) 💓 [HEARTBEAT] Invio heartbeat: {"stazioneId":"MI","stato":"ONLINE","timestamp":"2026-08-13T21:37:29.211835053Z","tipoEvento":"HEARTBEAT","bufferSize":0}
2026-08-13 23:37:39,211 INFO  [it.uni.reti2.HeartbeatGenerator] (executor-thread-1) 💓 [HEARTBEAT] Invio heartbeat: {"stazioneId":"MI","stato":"ONLINE","timestamp":"2026-08-13T21:37:39.211918898Z","tipoEvento":"HEARTBEAT","bufferSize":0}
2026-08-13 23:37:49,212 INFO  [it.uni.reti2.HeartbeatGenerator] (executor-thread-1) 💓 [HEARTBEAT] Invio heartbeat: {"stazioneId":"MI","stato":"ONLINE","timestamp":"2026-08-13T21:37:49.211977019Z","tipoEvento":"HEARTBEAT","bufferSize":0}
2026-08-13 23:37:59,212 INFO  [it.uni.reti2.HeartbeatGenerator] (executor-thread-1) 💓 [HEARTBEAT] Invio heartbeat: {"stazioneId":"MI","stato":"ONLINE","timestamp":"2026-08-13T21:37:59.211974872Z","tipoEvento":"HEARTBEAT","bufferSize":0}
2026-08-13 23:38:09,211 INFO  [it.uni.reti2.HeartbeatGenerator] (executor-thread-1) 💓 [HEARTBEAT] Invio heartbeat: {"stazioneId":"MI","stato":"ONLINE","timestamp":"2026-08-13T21:38:09.211885736Z","tipoEvento":"HEARTBEAT","bufferSize":0}
2026-08-13 23:38:13,071 INFO  [it.uni.reti2.StationGateway] (vert.x-eventloop-thread-3) 🚂 [PASSAGGIO] Treno Mario in ENTRATA dalla stazione MI
2026-08-13 23:38:19,212 INFO  [it.uni.reti2.HeartbeatGenerator] (executor-thread-1) 💓 [HEARTBEAT] Invio heartbeat: {"stazioneId":"MI","stato":"ONLINE","timestamp":"2026-08-13T21:38:19.211983936Z","tipoEvento":"HEARTBEAT","bufferSize":0}
2026-08-13 23:38:29,212 INFO  [it.uni.reti2.HeartbeatGenerator] (executor-thread-1) 💓 [HEARTBEAT] Invio heartbeat: {"stazioneId":"MI","stato":"ONLINE","timestamp":"2026-08-13T21:38:29.212229297Z","tipoEvento":"HEARTBEAT","bufferSize":0}
2026-08-13 23:38:34,070 INFO  [it.uni.reti2.StationGateway] (vert.x-eventloop-thread-3) 🚂 [PASSAGGIO] Treno Mario in USCITA dalla stazione MI
2026-08-13 23:38:39,211 INFO  [it.uni.reti2.HeartbeatGenerator] (executor-thread-1) 💓 [HEARTBEAT] Invio heartbeat: {"stazioneId":"MI","stato":"ONLINE","timestamp":"2026-08-13T21:38:39.211832133Z","tipoEvento":"HEARTBEAT","bufferSize":0}
2026-08-13 23:38:49,211 INFO  [it.uni.reti2.HeartbeatGenerator] (executor-thread-1) 💓 [HEARTBEAT] Invio heartbeat: {"stazioneId":"MI","stato":"ONLINE","timestamp":"2026-08-13T21:38:49.211825377Z","tipoEvento":"HEARTBEAT","bufferSize":0}
2026-08-13 23:38:50,071 INFO  [it.uni.reti2.StationGateway] (vert.x-eventloop-thread-3) 🚂 [PASSAGGIO] Treno tenoAmmazzaRicchi in ENTRATA dalla stazione MI
2026-08-13 23:38:59,211 INFO  [it.uni.reti2.HeartbeatGenerator] (executor-thread-1) 💓 [HEARTBEAT] Invio heartbeat: {"stazioneId":"MI","stato":"ONLINE","timestamp":"2026-08-13T21:38:59.211887964Z","tipoEvento":"HEARTBEAT","bufferSize":0}
2026-08-13 23:39:09,211 INFO  [it.uni.reti2.HeartbeatGenerator] (executor-thread-1) 💓 [HEARTBEAT] Invio heartbeat: {"stazioneId":"MI","stato":"ONLINE","timestamp":"2026-08-13T21:39:09.211895595Z","tipoEvento":"HEARTBEAT","bufferSize":0}
2026-08-13 23:39:10,071 INFO  [it.uni.reti2.StationGateway] (vert.x-eventloop-thread-3) 🚂 [PASSAGGIO] Treno tenoAmmazzaRicchi in USCITA dalla stazione MI
2026-08-13 23:39:19,211 INFO  [it.uni.reti2.HeartbeatGenerator] (executor-thread-1) 💓 [HEARTBEAT] Invio heartbeat: {"stazioneId":"MI","stato":"ONLINE","timestamp":"2026-08-13T21:39:19.211810182Z","tipoEvento":"HEARTBEAT","bufferSize":0}
2026-08-13 23:39:29,211 INFO  [it.uni.reti2.HeartbeatGenerator] (executor-thread-1) 💓 [HEARTBEAT] Invio heartbeat: {"stazioneId":"MI","stato":"ONLINE","timestamp":"2026-08-13T21:39:29.211793317Z","tipoEvento":"HEARTBEAT","bufferSize":0}
2026-08-13 23:39:39,212 INFO  [it.uni.reti2.HeartbeatGenerator] (executor-thread-1) 💓 [HEARTBEAT] Invio heartbeat: {"stazioneId":"MI","stato":"ONLINE","timestamp":"2026-08-13T21:39:39.211967812Z","tipoEvento":"HEARTBEAT","bufferSize":0}
2026-08-13 23:39:49,211 INFO  [it.uni.reti2.HeartbeatGenerator] (executor-thread-1) 💓 [HEARTBEAT] Invio heartbeat: {"stazioneId":"MI","stato":"ONLINE","timestamp":"2026-08-13T21:39:49.211781891Z","tipoEvento":"HEARTBEAT","bufferSize":0}
2026-08-13 23:39:59,211 INFO  [it.uni.reti2.HeartbeatGenerator] (executor-thread-1) 💓 [HEARTBEAT] Invio heartbeat: {"stazioneId":"MI","stato":"ONLINE","timestamp":"2026-08-13T21:39:59.211871248Z","tipoEvento":"HEARTBEAT","bufferSize":0}
2026-08-13 23:40:09,212 INFO  [it.uni.reti2.HeartbeatGenerator] (executor-thread-1) 💓 [HEARTBEAT] Invio heartbeat: {"stazioneId":"MI","stato":"ONLINE","timestamp":"2026-08-13T21:40:09.212222904Z","tipoEvento":"HEARTBEAT","bufferSize":0}
2026-08-13 23:40:19,211 INFO  [it.uni.reti2.HeartbeatGenerator] (executor-thread-1) 💓 [HEARTBEAT] Invio heartbeat: {"stazioneId":"MI","stato":"ONLINE","timestamp":"2026-08-13T21:40:19.211871171Z","tipoEvento":"HEARTBEAT","bufferSize":0}
2026-08-13 23:40:29,211 INFO  [it.uni.reti2.HeartbeatGenerator] (executor-thread-1) 💓 [HEARTBEAT] Invio heartbeat: {"stazioneId":"MI","stato":"ONLINE","timestamp":"2026-08-13T21:40:29.211920394Z","tipoEvento":"HEARTBEAT","bufferSize":0}
2026-08-13 23:40:39,211 INFO  [it.uni.reti2.HeartbeatGenerator] (executor-thread-1) 💓 [HEARTBEAT] Invio heartbeat: {"stazioneId":"MI","stato":"ONLINE","timestamp":"2026-08-13T21:40:39.211880131Z","tipoEvento":"HEARTBEAT","bufferSize":0}
2026-08-13 23:40:49,211 INFO  [it.uni.reti2.HeartbeatGenerator] (executor-thread-1) 💓 [HEARTBEAT] Invio heartbeat: {"stazioneId":"MI","stato":"ONLINE","timestamp":"2026-08-13T21:40:49.211895058Z","tipoEvento":"HEARTBEAT","bufferSize":0}
2026-08-13 23:40:59,211 INFO  [it.uni.reti2.HeartbeatGenerator] (executor-thread-1) 💓 [HEARTBEAT] Invio heartbeat: {"stazioneId":"MI","stato":"ONLINE","timestamp":"2026-08-13T21:40:59.211887341Z","tipoEvento":"HEARTBEAT","bufferSize":0}
2026-08-13 23:41:09,211 INFO  [it.uni.reti2.HeartbeatGenerator] (executor-thread-1) 💓 [HEARTBEAT] Invio heartbeat: {"stazioneId":"MI","stato":"ONLINE","timestamp":"2026-08-13T21:41:09.211775322Z","tipoEvento":"HEARTBEAT","bufferSize":0}
2026-08-13 23:41:19,211 INFO  [it.uni.reti2.HeartbeatGenerator] (executor-thread-1) 💓 [HEARTBEAT] Invio heartbeat: {"stazioneId":"MI","stato":"ONLINE","timestamp":"2026-08-13T21:41:19.211799548Z","tipoEvento":"HEARTBEAT","bufferSize":0}
2026-08-13 23:41:29,211 INFO  [it.uni.reti2.HeartbeatGenerator] (executor-thread-1) 💓 [HEARTBEAT] Invio heartbeat: {"stazioneId":"MI","stato":"ONLINE","timestamp":"2026-08-13T21:41:29.211785928Z","tipoEvento":"HEARTBEAT","bufferSize":0}
2026-08-13 23:41:39,211 INFO  [it.uni.reti2.HeartbeatGenerator] (executor-thread-1) 💓 [HEARTBEAT] Invio heartbeat: {"stazioneId":"MI","stato":"ONLINE","timestamp":"2026-08-13T21:41:39.211761490Z","tipoEvento":"HEARTBEAT","bufferSize":0}
2026-08-13 23:41:49,211 INFO  [it.uni.reti2.HeartbeatGenerator] (executor-thread-1) 💓 [HEARTBEAT] Invio heartbeat: {"stazioneId":"MI","stato":"ONLINE","timestamp":"2026-08-13T21:41:49.211783585Z","tipoEvento":"HEARTBEAT","bufferSize":0}
2026-08-13 23:41:59,211 INFO  [it.uni.reti2.HeartbeatGenerator] (executor-thread-1) 💓 [HEARTBEAT] Invio heartbeat: {"stazioneId":"MI","stato":"ONLINE","timestamp":"2026-08-13T21:41:59.211814993Z","tipoEvento":"HEARTBEAT","bufferSize":0}
2026-08-13 23:42:09,211 INFO  [it.uni.reti2.HeartbeatGenerator] (executor-thread-1) 💓 [HEARTBEAT] Invio heartbeat: {"stazioneId":"MI","stato":"ONLINE","timestamp":"2026-08-13T21:42:09.211798909Z","tipoEvento":"HEARTBEAT","bufferSize":0}
2026-08-13 23:42:17,071 INFO  [it.uni.reti2.StationGateway] (vert.x-eventloop-thread-3) 🚂 [PASSAGGIO] Treno Mario in ENTRATA dalla stazione MI
2026-08-13 23:42:19,211 INFO  [it.uni.reti2.HeartbeatGenerator] (executor-thread-1) 💓 [HEARTBEAT] Invio heartbeat: {"stazioneId":"MI","stato":"ONLINE","timestamp":"2026-08-13T21:42:19.211859352Z","tipoEvento":"HEARTBEAT","bufferSize":0}
2026-08-13 23:42:29,211 INFO  [it.uni.reti2.HeartbeatGenerator] (executor-thread-1) 💓 [HEARTBEAT] Invio heartbeat: {"stazioneId":"MI","stato":"ONLINE","timestamp":"2026-08-13T21:42:29.211866477Z","tipoEvento":"HEARTBEAT","bufferSize":0}
2026-08-13 23:42:37,071 INFO  [it.uni.reti2.StationGateway] (vert.x-eventloop-thread-3) 🚂 [PASSAGGIO] Treno Mario in USCITA dalla stazione MI
2026-08-13 23:42:39,212 INFO  [it.uni.reti2.HeartbeatGenerator] (executor-thread-1) 💓 [HEARTBEAT] Invio heartbeat: {"stazioneId":"MI","stato":"ONLINE","timestamp":"2026-08-13T21:42:39.212036910Z","tipoEvento":"HEARTBEAT","bufferSize":0}
2026-08-13 23:42:49,212 INFO  [it.uni.reti2.HeartbeatGenerator] (executor-thread-1) 💓 [HEARTBEAT] Invio heartbeat: {"stazioneId":"MI","stato":"ONLINE","timestamp":"2026-08-13T21:42:49.211918143Z","tipoEvento":"HEARTBEAT","bufferSize":0}
2026-08-13 23:42:59,212 INFO  [it.uni.reti2.HeartbeatGenerator] (executor-thread-1) 💓 [HEARTBEAT] Invio heartbeat: {"stazioneId":"MI","stato":"ONLINE","timestamp":"2026-08-13T21:42:59.211953680Z","tipoEvento":"HEARTBEAT","bufferSize":0}
2026-08-13 23:43:09,212 INFO  [it.uni.reti2.HeartbeatGenerator] (executor-thread-1) 💓 [HEARTBEAT] Invio heartbeat: {"stazioneId":"MI","stato":"ONLINE","timestamp":"2026-08-13T21:43:09.212049501Z","tipoEvento":"HEARTBEAT","bufferSize":0}
2026-08-13 23:43:19,212 INFO  [it.uni.reti2.HeartbeatGenerator] (executor-thread-1) 💓 [HEARTBEAT] Invio heartbeat: {"stazioneId":"MI","stato":"ONLINE","timestamp":"2026-08-13T21:43:19.211980743Z","tipoEvento":"HEARTBEAT","bufferSize":0}
2026-08-13 23:43:29,212 INFO  [it.uni.reti2.HeartbeatGenerator] (executor-thread-1) 💓 [HEARTBEAT] Invio heartbeat: {"stazioneId":"MI","stato":"ONLINE","timestamp":"2026-08-13T21:43:29.212136986Z","tipoEvento":"HEARTBEAT","bufferSize":0}
2026-08-13 23:43:39,211 INFO  [it.uni.reti2.HeartbeatGenerator] (executor-thread-1) 💓 [HEARTBEAT] Invio heartbeat: {"stazioneId":"MI","stato":"ONLINE","timestamp":"2026-08-13T21:43:39.211918696Z","tipoEvento":"HEARTBEAT","bufferSize":0}
2026-08-13 23:43:49,211 INFO  [it.uni.reti2.HeartbeatGenerator] (executor-thread-1) 💓 [HEARTBEAT] Invio heartbeat: {"stazioneId":"MI","stato":"ONLINE","timestamp":"2026-08-13T21:43:49.211787598Z","tipoEvento":"HEARTBEAT","bufferSize":0}
2026-08-13 23:43:59,212 INFO  [it.uni.reti2.HeartbeatGenerator] (executor-thread-1) 💓 [HEARTBEAT] Invio heartbeat: {"stazioneId":"MI","stato":"ONLINE","timestamp":"2026-08-13T21:43:59.212814964Z","tipoEvento":"HEARTBEAT","bufferSize":0}
2026-08-13 23:44:09,211 INFO  [it.uni.reti2.HeartbeatGenerator] (executor-thread-1) 💓 [HEARTBEAT] Invio heartbeat: {"stazioneId":"MI","stato":"ONLINE","timestamp":"2026-08-13T21:44:09.211883284Z","tipoEvento":"HEARTBEAT","bufferSize":0}
2026-08-13 23:44:19,211 INFO  [it.uni.reti2.HeartbeatGenerator] (executor-thread-1) 💓 [HEARTBEAT] Invio heartbeat: {"stazioneId":"MI","stato":"ONLINE","timestamp":"2026-08-13T21:44:19.211882539Z","tipoEvento":"HEARTBEAT","bufferSize":0}
2026-08-13 23:44:29,211 INFO  [it.uni.reti2.HeartbeatGenerator] (executor-thread-1) 💓 [HEARTBEAT] Invio heartbeat: {"stazioneId":"MI","stato":"ONLINE","timestamp":"2026-08-13T21:44:29.211896465Z","tipoEvento":"HEARTBEAT","bufferSize":0}
2026-08-13 23:44:39,211 INFO  [it.uni.reti2.HeartbeatGenerator] (executor-thread-1) 💓 [HEARTBEAT] Invio heartbeat: {"stazioneId":"MI","stato":"ONLINE","timestamp":"2026-08-13T21:44:39.211894484Z","tipoEvento":"HEARTBEAT","bufferSize":0}
2026-08-13 23:44:49,211 INFO  [it.uni.reti2.HeartbeatGenerator] (executor-thread-1) 💓 [HEARTBEAT] Invio heartbeat: {"stazioneId":"MI","stato":"ONLINE","timestamp":"2026-08-13T21:44:49.211787464Z","tipoEvento":"HEARTBEAT","bufferSize":0}
2026-08-13 23:44:59,211 INFO  [it.uni.reti2.HeartbeatGenerator] (executor-thread-1) 💓 [HEARTBEAT] Invio heartbeat: {"stazioneId":"MI","stato":"ONLINE","timestamp":"2026-08-13T21:44:59.211879039Z","tipoEvento":"HEARTBEAT","bufferSize":0}
2026-08-13 23:45:09,212 INFO  [it.uni.reti2.HeartbeatGenerator] (executor-thread-1) 💓 [HEARTBEAT] Invio heartbeat: {"stazioneId":"MI","stato":"ONLINE","timestamp":"2026-08-13T21:45:09.212138656Z","tipoEvento":"HEARTBEAT","bufferSize":0}
2026-08-13 23:45:19,211 INFO  [it.uni.reti2.HeartbeatGenerator] (executor-thread-1) 💓 [HEARTBEAT] Invio heartbeat: {"stazioneId":"MI","stato":"ONLINE","timestamp":"2026-08-13T21:45:19.211844431Z","tipoEvento":"HEARTBEAT","bufferSize":0}
2026-08-13 23:45:29,211 INFO  [it.uni.reti2.HeartbeatGenerator] (executor-thread-1) 💓 [HEARTBEAT] Invio heartbeat: {"stazioneId":"MI","stato":"ONLINE","timestamp":"2026-08-13T21:45:29.211837768Z","tipoEvento":"HEARTBEAT","bufferSize":0}
2026-08-13 23:45:39,212 INFO  [it.uni.reti2.HeartbeatGenerator] (executor-thread-1) 💓 [HEARTBEAT] Invio heartbeat: {"stazioneId":"MI","stato":"ONLINE","timestamp":"2026-08-13T21:45:39.211977579Z","tipoEvento":"HEARTBEAT","bufferSize":0}
2026-08-13 23:45:49,212 INFO  [it.uni.reti2.HeartbeatGenerator] (executor-thread-1) 💓 [HEARTBEAT] Invio heartbeat: {"stazioneId":"MI","stato":"ONLINE","timestamp":"2026-08-13T21:45:49.212352006Z","tipoEvento":"HEARTBEAT","bufferSize":0}
2026-08-13 23:45:59,211 INFO  [it.uni.reti2.HeartbeatGenerator] (executor-thread-1) 💓 [HEARTBEAT] Invio heartbeat: {"stazioneId":"MI","stato":"ONLINE","timestamp":"2026-08-13T21:45:59.211803731Z","tipoEvento":"HEARTBEAT","bufferSize":0}
2026-08-13 23:46:09,211 INFO  [it.uni.reti2.HeartbeatGenerator] (executor-thread-1) 💓 [HEARTBEAT] Invio heartbeat: {"stazioneId":"MI","stato":"ONLINE","timestamp":"2026-08-13T21:46:09.211789446Z","tipoEvento":"HEARTBEAT","bufferSize":0}
2026-08-13 23:46:19,211 INFO  [it.uni.reti2.HeartbeatGenerator] (executor-thread-1) 💓 [HEARTBEAT] Invio heartbeat: {"stazioneId":"MI","stato":"ONLINE","timestamp":"2026-08-13T21:46:19.211752776Z","tipoEvento":"HEARTBEAT","bufferSize":0}
2026-08-13 23:46:29,211 INFO  [it.uni.reti2.HeartbeatGenerator] (executor-thread-1) 💓 [HEARTBEAT] Invio heartbeat: {"stazioneId":"MI","stato":"ONLINE","timestamp":"2026-08-13T21:46:29.211753805Z","tipoEvento":"HEARTBEAT","bufferSize":0}
2026-08-13 23:46:35,071 INFO  [it.uni.reti2.StationGateway] (vert.x-eventloop-thread-3) 🚂 [PASSAGGIO] Treno tenoAmmazzaRicchi in ENTRATA dalla stazione MI
2026-08-13 23:46:39,211 INFO  [it.uni.reti2.HeartbeatGenerator] (executor-thread-1) 💓 [HEARTBEAT] Invio heartbeat: {"stazioneId":"MI","stato":"ONLINE","timestamp":"2026-08-13T21:46:39.211787060Z","tipoEvento":"HEARTBEAT","bufferSize":0}
2026-08-13 23:46:49,211 INFO  [it.uni.reti2.HeartbeatGenerator] (executor-thread-1) 💓 [HEARTBEAT] Invio heartbeat: {"stazioneId":"MI","stato":"ONLINE","timestamp":"2026-08-13T21:46:49.211784582Z","tipoEvento":"HEARTBEAT","bufferSize":0}
2026-08-13 23:46:55,071 INFO  [it.uni.reti2.StationGateway] (vert.x-eventloop-thread-3) 🚂 [PASSAGGIO] Treno tenoAmmazzaRicchi in USCITA dalla stazione MI
2026-08-13 23:46:59,211 INFO  [it.uni.reti2.HeartbeatGenerator] (executor-thread-1) 💓 [HEARTBEAT] Invio heartbeat: {"stazioneId":"MI","stato":"ONLINE","timestamp":"2026-08-13T21:46:59.211806414Z","tipoEvento":"HEARTBEAT","bufferSize":0}
2026-08-13 23:47:09,211 INFO  [it.uni.reti2.HeartbeatGenerator] (executor-thread-1) 💓 [HEARTBEAT] Invio heartbeat: {"stazioneId":"MI","stato":"ONLINE","timestamp":"2026-08-13T21:47:09.211848068Z","tipoEvento":"HEARTBEAT","bufferSize":0}
2026-08-13 23:47:19,211 INFO  [it.uni.reti2.HeartbeatGenerator] (executor-thread-1) 💓 [HEARTBEAT] Invio heartbeat: {"stazioneId":"MI","stato":"ONLINE","timestamp":"2026-08-13T21:47:19.211844325Z","tipoEvento":"HEARTBEAT","bufferSize":0}
2026-08-13 23:47:29,211 INFO  [it.uni.reti2.HeartbeatGenerator] (executor-thread-1) 💓 [HEARTBEAT] Invio heartbeat: {"stazioneId":"MI","stato":"ONLINE","timestamp":"2026-08-13T21:47:29.211782463Z","tipoEvento":"HEARTBEAT","bufferSize":0}
2026-08-13 23:47:39,211 INFO  [it.uni.reti2.HeartbeatGenerator] (executor-thread-1) 💓 [HEARTBEAT] Invio heartbeat: {"stazioneId":"MI","stato":"ONLINE","timestamp":"2026-08-13T21:47:39.211856586Z","tipoEvento":"HEARTBEAT","bufferSize":0}
2026-08-13 23:47:49,211 INFO  [it.uni.reti2.HeartbeatGenerator] (executor-thread-1) 💓 [HEARTBEAT] Invio heartbeat: {"stazioneId":"MI","stato":"ONLINE","timestamp":"2026-08-13T21:47:49.211857227Z","tipoEvento":"HEARTBEAT","bufferSize":0}
2026-08-13 23:47:59,211 INFO  [it.uni.reti2.HeartbeatGenerator] (executor-thread-1) 💓 [HEARTBEAT] Invio heartbeat: {"stazioneId":"MI","stato":"ONLINE","timestamp":"2026-08-13T21:47:59.211843957Z","tipoEvento":"HEARTBEAT","bufferSize":0}
2026-08-13 23:48:09,211 INFO  [it.uni.reti2.HeartbeatGenerator] (executor-thread-1) 💓 [HEARTBEAT] Invio heartbeat: {"stazioneId":"MI","stato":"ONLINE","timestamp":"2026-08-13T21:48:09.211841651Z","tipoEvento":"HEARTBEAT","bufferSize":0}
2026-08-13 23:48:19,211 INFO  [it.uni.reti2.HeartbeatGenerator] (executor-thread-1) 💓 [HEARTBEAT] Invio heartbeat: {"stazioneId":"MI","stato":"ONLINE","timestamp":"2026-08-13T21:48:19.211769123Z","tipoEvento":"HEARTBEAT","bufferSize":0}
2026-08-13 23:48:29,211 INFO  [it.uni.reti2.HeartbeatGenerator] (executor-thread-1) 💓 [HEARTBEAT] Invio heartbeat: {"stazioneId":"MI","stato":"ONLINE","timestamp":"2026-08-13T21:48:29.211885691Z","tipoEvento":"HEARTBEAT","bufferSize":0}
2026-08-13 23:48:39,211 INFO  [it.uni.reti2.HeartbeatGenerator] (executor-thread-1) 💓 [HEARTBEAT] Invio heartbeat: {"stazioneId":"MI","stato":"ONLINE","timestamp":"2026-08-13T21:48:39.211807233Z","tipoEvento":"HEARTBEAT","bufferSize":0}
2026-08-13 23:48:49,211 INFO  [it.uni.reti2.HeartbeatGenerator] (executor-thread-1) 💓 [HEARTBEAT] Invio heartbeat: {"stazioneId":"MI","stato":"ONLINE","timestamp":"2026-08-13T21:48:49.211771009Z","tipoEvento":"HEARTBEAT","bufferSize":0}
2026-08-13 23:48:59,211 INFO  [it.uni.reti2.HeartbeatGenerator] (executor-thread-1) 💓 [HEARTBEAT] Invio heartbeat: {"stazioneId":"MI","stato":"ONLINE","timestamp":"2026-08-13T21:48:59.211797266Z","tipoEvento":"HEARTBEAT","bufferSize":0}
2026-08-13 23:49:09,211 INFO  [it.uni.reti2.HeartbeatGenerator] (executor-thread-1) 💓 [HEARTBEAT] Invio heartbeat: {"stazioneId":"MI","stato":"ONLINE","timestamp":"2026-08-13T21:49:09.211782572Z","tipoEvento":"HEARTBEAT","bufferSize":0}
2026-08-13 23:49:19,211 INFO  [it.uni.reti2.HeartbeatGenerator] (executor-thread-1) 💓 [HEARTBEAT] Invio heartbeat: {"stazioneId":"MI","stato":"ONLINE","timestamp":"2026-08-13T21:49:19.211829561Z","tipoEvento":"HEARTBEAT","bufferSize":0}
2026-08-13 23:49:29,212 INFO  [it.uni.reti2.HeartbeatGenerator] (executor-thread-1) 💓 [HEARTBEAT] Invio heartbeat: {"stazioneId":"MI","stato":"ONLINE","timestamp":"2026-08-13T21:49:29.211898875Z","tipoEvento":"HEARTBEAT","bufferSize":0}
2026-08-13 23:49:39,211 INFO  [it.uni.reti2.HeartbeatGenerator] (executor-thread-1) 💓 [HEARTBEAT] Invio heartbeat: {"stazioneId":"MI","stato":"ONLINE","timestamp":"2026-08-13T21:49:39.211792743Z","tipoEvento":"HEARTBEAT","bufferSize":0}
2026-08-13 23:49:49,211 INFO  [it.uni.reti2.HeartbeatGenerator] (executor-thread-1) 💓 [HEARTBEAT] Invio heartbeat: {"stazioneId":"MI","stato":"ONLINE","timestamp":"2026-08-13T21:49:49.211884886Z","tipoEvento":"HEARTBEAT","bufferSize":0}
2026-08-13 23:49:59,211 INFO  [it.uni.reti2.HeartbeatGenerator] (executor-thread-1) 💓 [HEARTBEAT] Invio heartbeat: {"stazioneId":"MI","stato":"ONLINE","timestamp":"2026-08-13T21:49:59.211768176Z","tipoEvento":"HEARTBEAT","bufferSize":0}
2026-08-13 23:50:09,211 INFO  [it.uni.reti2.HeartbeatGenerator] (executor-thread-1) 💓 [HEARTBEAT] Invio heartbeat: {"stazioneId":"MI","stato":"ONLINE","timestamp":"2026-08-13T21:50:09.211791249Z","tipoEvento":"HEARTBEAT","bufferSize":0}
2026-08-13 23:50:19,211 INFO  [it.uni.reti2.HeartbeatGenerator] (executor-thread-1) 💓 [HEARTBEAT] Invio heartbeat: {"stazioneId":"MI","stato":"ONLINE","timestamp":"2026-08-13T21:50:19.211831247Z","tipoEvento":"HEARTBEAT","bufferSize":0}
2026-08-13 23:50:29,211 INFO  [it.uni.reti2.HeartbeatGenerator] (executor-thread-1) 💓 [HEARTBEAT] Invio heartbeat: {"stazioneId":"MI","stato":"ONLINE","timestamp":"2026-08-13T21:50:29.211779852Z","tipoEvento":"HEARTBEAT","bufferSize":0}
2026-08-13 23:50:38,070 INFO  [it.uni.reti2.StationGateway] (vert.x-eventloop-thread-3) 🚂 [PASSAGGIO] Treno tenoAmmazzaRicchi in ENTRATA dalla stazione MI
2026-08-13 23:50:39,211 INFO  [it.uni.reti2.HeartbeatGenerator] (executor-thread-1) 💓 [HEARTBEAT] Invio heartbeat: {"stazioneId":"MI","stato":"ONLINE","timestamp":"2026-08-13T21:50:39.211771465Z","tipoEvento":"HEARTBEAT","bufferSize":0}
2026-08-13 23:50:49,211 INFO  [it.uni.reti2.HeartbeatGenerator] (executor-thread-1) 💓 [HEARTBEAT] Invio heartbeat: {"stazioneId":"MI","stato":"ONLINE","timestamp":"2026-08-13T21:50:49.211804173Z","tipoEvento":"HEARTBEAT","bufferSize":0}
2026-08-13 23:50:59,070 INFO  [it.uni.reti2.StationGateway] (vert.x-eventloop-thread-3) 🚂 [PASSAGGIO] Treno tenoAmmazzaRicchi in USCITA dalla stazione MI
2026-08-13 23:50:59,211 INFO  [it.uni.reti2.HeartbeatGenerator] (executor-thread-1) 💓 [HEARTBEAT] Invio heartbeat: {"stazioneId":"MI","stato":"ONLINE","timestamp":"2026-08-13T21:50:59.211820680Z","tipoEvento":"HEARTBEAT","bufferSize":0}
2026-08-13 23:51:09,211 INFO  [it.uni.reti2.HeartbeatGenerator] (executor-thread-1) 💓 [HEARTBEAT] Invio heartbeat: {"stazioneId":"MI","stato":"ONLINE","timestamp":"2026-08-13T21:51:09.211914324Z","tipoEvento":"HEARTBEAT","bufferSize":0}
2026-08-13 23:51:19,211 INFO  [it.uni.reti2.HeartbeatGenerator] (executor-thread-1) 💓 [HEARTBEAT] Invio heartbeat: {"stazioneId":"MI","stato":"ONLINE","timestamp":"2026-08-13T21:51:19.211888010Z","tipoEvento":"HEARTBEAT","bufferSize":0}
2026-08-13 23:51:29,211 INFO  [it.uni.reti2.HeartbeatGenerator] (executor-thread-1) 💓 [HEARTBEAT] Invio heartbeat: {"stazioneId":"MI","stato":"ONLINE","timestamp":"2026-08-13T21:51:29.211913231Z","tipoEvento":"HEARTBEAT","bufferSize":0}
2026-08-13 23:51:39,211 INFO  [it.uni.reti2.HeartbeatGenerator] (executor-thread-1) 💓 [HEARTBEAT] Invio heartbeat: {"stazioneId":"MI","stato":"ONLINE","timestamp":"2026-08-13T21:51:39.211775989Z","tipoEvento":"HEARTBEAT","bufferSize":0}
2026-08-13 23:51:49,212 INFO  [it.uni.reti2.HeartbeatGenerator] (executor-thread-1) 💓 [HEARTBEAT] Invio heartbeat: {"stazioneId":"MI","stato":"ONLINE","timestamp":"2026-08-13T21:51:49.212009083Z","tipoEvento":"HEARTBEAT","bufferSize":0}
2026-08-13 23:51:59,212 INFO  [it.uni.reti2.HeartbeatGenerator] (executor-thread-1) 💓 [HEARTBEAT] Invio heartbeat: {"stazioneId":"MI","stato":"ONLINE","timestamp":"2026-08-13T21:51:59.212148979Z","tipoEvento":"HEARTBEAT","bufferSize":0}
2026-08-13 23:52:09,212 INFO  [it.uni.reti2.HeartbeatGenerator] (executor-thread-1) 💓 [HEARTBEAT] Invio heartbeat: {"stazioneId":"MI","stato":"ONLINE","timestamp":"2026-08-13T21:52:09.212026604Z","tipoEvento":"HEARTBEAT","bufferSize":0}
2026-08-13 23:52:19,212 INFO  [it.uni.reti2.HeartbeatGenerator] (executor-thread-1) 💓 [HEARTBEAT] Invio heartbeat: {"stazioneId":"MI","stato":"ONLINE","timestamp":"2026-08-13T21:52:19.212310992Z","tipoEvento":"HEARTBEAT","bufferSize":0}
2026-08-13 23:52:29,212 INFO  [it.uni.reti2.HeartbeatGenerator] (executor-thread-1) 💓 [HEARTBEAT] Invio heartbeat: {"stazioneId":"MI","stato":"ONLINE","timestamp":"2026-08-13T21:52:29.211945907Z","tipoEvento":"HEARTBEAT","bufferSize":0}
2026-08-13 23:52:39,212 INFO  [it.uni.reti2.HeartbeatGenerator] (executor-thread-1) 💓 [HEARTBEAT] Invio heartbeat: {"stazioneId":"MI","stato":"ONLINE","timestamp":"2026-08-13T21:52:39.212373216Z","tipoEvento":"HEARTBEAT","bufferSize":0}
2026-08-13 23:52:49,211 INFO  [it.uni.reti2.HeartbeatGenerator] (executor-thread-1) 💓 [HEARTBEAT] Invio heartbeat: {"stazioneId":"MI","stato":"ONLINE","timestamp":"2026-08-13T21:52:49.211876039Z","tipoEvento":"HEARTBEAT","bufferSize":0}
2026-08-13 23:52:59,211 INFO  [it.uni.reti2.HeartbeatGenerator] (executor-thread-1) 💓 [HEARTBEAT] Invio heartbeat: {"stazioneId":"MI","stato":"ONLINE","timestamp":"2026-08-13T21:52:59.211823777Z","tipoEvento":"HEARTBEAT","bufferSize":0}
2026-08-13 23:53:09,212 INFO  [it.uni.reti2.HeartbeatGenerator] (executor-thread-1) 💓 [HEARTBEAT] Invio heartbeat: {"stazioneId":"MI","stato":"ONLINE","timestamp":"2026-08-13T21:53:09.212200096Z","tipoEvento":"HEARTBEAT","bufferSize":0}
2026-08-13 23:53:19,211 INFO  [it.uni.reti2.HeartbeatGenerator] (executor-thread-1) 💓 [HEARTBEAT] Invio heartbeat: {"stazioneId":"MI","stato":"ONLINE","timestamp":"2026-08-13T21:53:19.211883491Z","tipoEvento":"HEARTBEAT","bufferSize":0}
2026-08-13 23:53:29,211 INFO  [it.uni.reti2.HeartbeatGenerator] (executor-thread-1) 💓 [HEARTBEAT] Invio heartbeat: {"stazioneId":"MI","stato":"ONLINE","timestamp":"2026-08-13T21:53:29.211827053Z","tipoEvento":"HEARTBEAT","bufferSize":0}
2026-08-13 23:53:39,212 INFO  [it.uni.reti2.HeartbeatGenerator] (executor-thread-1) 💓 [HEARTBEAT] Invio heartbeat: {"stazioneId":"MI","stato":"ONLINE","timestamp":"2026-08-13T21:53:39.212506887Z","tipoEvento":"HEARTBEAT","bufferSize":0}
2026-08-13 23:53:45,070 INFO  [it.uni.reti2.StationGateway] (vert.x-eventloop-thread-3) 🚂 [PASSAGGIO] Treno Mario in ENTRATA dalla stazione MI
2026-08-13 23:53:49,212 INFO  [it.uni.reti2.HeartbeatGenerator] (executor-thread-1) 💓 [HEARTBEAT] Invio heartbeat: {"stazioneId":"MI","stato":"ONLINE","timestamp":"2026-08-13T21:53:49.211968955Z","tipoEvento":"HEARTBEAT","bufferSize":0}
2026-08-13 23:53:59,212 INFO  [it.uni.reti2.HeartbeatGenerator] (executor-thread-1) 💓 [HEARTBEAT] Invio heartbeat: {"stazioneId":"MI","stato":"ONLINE","timestamp":"2026-08-13T21:53:59.211984427Z","tipoEvento":"HEARTBEAT","bufferSize":0}
2026-08-13 23:54:05,071 INFO  [it.uni.reti2.StationGateway] (vert.x-eventloop-thread-3) 🚂 [PASSAGGIO] Treno Mario in USCITA dalla stazione MI
2026-08-13 23:54:09,212 INFO  [it.uni.reti2.HeartbeatGenerator] (executor-thread-1) 💓 [HEARTBEAT] Invio heartbeat: {"stazioneId":"MI","stato":"ONLINE","timestamp":"2026-08-13T21:54:09.212125853Z","tipoEvento":"HEARTBEAT","bufferSize":0}
2026-08-13 23:54:19,212 INFO  [it.uni.reti2.HeartbeatGenerator] (executor-thread-1) 💓 [HEARTBEAT] Invio heartbeat: {"stazioneId":"MI","stato":"ONLINE","timestamp":"2026-08-13T21:54:19.212244434Z","tipoEvento":"HEARTBEAT","bufferSize":0}
2026-08-13 23:54:29,211 INFO  [it.uni.reti2.HeartbeatGenerator] (executor-thread-1) 💓 [HEARTBEAT] Invio heartbeat: {"stazioneId":"MI","stato":"ONLINE","timestamp":"2026-08-13T21:54:29.211810522Z","tipoEvento":"HEARTBEAT","bufferSize":0}
2026-08-13 23:54:39,211 INFO  [it.uni.reti2.HeartbeatGenerator] (executor-thread-1) 💓 [HEARTBEAT] Invio heartbeat: {"stazioneId":"MI","stato":"ONLINE","timestamp":"2026-08-13T21:54:39.211823094Z","tipoEvento":"HEARTBEAT","bufferSize":0}
2026-08-13 23:54:49,211 INFO  [it.uni.reti2.HeartbeatGenerator] (executor-thread-1) 💓 [HEARTBEAT] Invio heartbeat: {"stazioneId":"MI","stato":"ONLINE","timestamp":"2026-08-13T21:54:49.211915018Z","tipoEvento":"HEARTBEAT","bufferSize":0}
2026-08-13 23:54:59,211 INFO  [it.uni.reti2.HeartbeatGenerator] (executor-thread-1) 💓 [HEARTBEAT] Invio heartbeat: {"stazioneId":"MI","stato":"ONLINE","timestamp":"2026-08-13T21:54:59.211914551Z","tipoEvento":"HEARTBEAT","bufferSize":0}
2026-08-13 23:55:09,211 INFO  [it.uni.reti2.HeartbeatGenerator] (executor-thread-1) 💓 [HEARTBEAT] Invio heartbeat: {"stazioneId":"MI","stato":"ONLINE","timestamp":"2026-08-13T21:55:09.211901192Z","tipoEvento":"HEARTBEAT","bufferSize":0}
2026-08-13 23:55:19,212 INFO  [it.uni.reti2.HeartbeatGenerator] (executor-thread-1) 💓 [HEARTBEAT] Invio heartbeat: {"stazioneId":"MI","stato":"ONLINE","timestamp":"2026-08-13T21:55:19.211946914Z","tipoEvento":"HEARTBEAT","bufferSize":0}
2026-08-13 23:55:29,212 INFO  [it.uni.reti2.HeartbeatGenerator] (executor-thread-1) 💓 [HEARTBEAT] Invio heartbeat: {"stazioneId":"MI","stato":"ONLINE","timestamp":"2026-08-13T21:55:29.211987289Z","tipoEvento":"HEARTBEAT","bufferSize":0}
2026-08-13 23:55:39,211 INFO  [it.uni.reti2.HeartbeatGenerator] (executor-thread-1) 💓 [HEARTBEAT] Invio heartbeat: {"stazioneId":"MI","stato":"ONLINE","timestamp":"2026-08-13T21:55:39.211844839Z","tipoEvento":"HEARTBEAT","bufferSize":0}
2026-08-13 23:55:49,212 INFO  [it.uni.reti2.HeartbeatGenerator] (executor-thread-1) 💓 [HEARTBEAT] Invio heartbeat: {"stazioneId":"MI","stato":"ONLINE","timestamp":"2026-08-13T21:55:49.211946094Z","tipoEvento":"HEARTBEAT","bufferSize":0}
2026-08-13 23:55:59,211 INFO  [it.uni.reti2.HeartbeatGenerator] (executor-thread-1) 💓 [HEARTBEAT] Invio heartbeat: {"stazioneId":"MI","stato":"ONLINE","timestamp":"2026-08-13T21:55:59.211824486Z","tipoEvento":"HEARTBEAT","bufferSize":0}
2026-08-13 23:56:09,211 INFO  [it.uni.reti2.HeartbeatGenerator] (executor-thread-1) 💓 [HEARTBEAT] Invio heartbeat: {"stazioneId":"MI","stato":"ONLINE","timestamp":"2026-08-13T21:56:09.211841837Z","tipoEvento":"HEARTBEAT","bufferSize":0}
2026-08-13 23:56:19,211 INFO  [it.uni.reti2.HeartbeatGenerator] (executor-thread-1) 💓 [HEARTBEAT] Invio heartbeat: {"stazioneId":"MI","stato":"ONLINE","timestamp":"2026-08-13T21:56:19.211878779Z","tipoEvento":"HEARTBEAT","bufferSize":0}
2026-08-13 23:56:29,212 INFO  [it.uni.reti2.HeartbeatGenerator] (executor-thread-1) 💓 [HEARTBEAT] Invio heartbeat: {"stazioneId":"MI","stato":"ONLINE","timestamp":"2026-08-13T21:56:29.212448234Z","tipoEvento":"HEARTBEAT","bufferSize":0}
2026-08-13 23:56:39,211 INFO  [it.uni.reti2.HeartbeatGenerator] (executor-thread-1) 💓 [HEARTBEAT] Invio heartbeat: {"stazioneId":"MI","stato":"ONLINE","timestamp":"2026-08-13T21:56:39.211890450Z","tipoEvento":"HEARTBEAT","bufferSize":0}
2026-08-13 23:56:49,211 INFO  [it.uni.reti2.HeartbeatGenerator] (executor-thread-1) 💓 [HEARTBEAT] Invio heartbeat: {"stazioneId":"MI","stato":"ONLINE","timestamp":"2026-08-13T21:56:49.211887855Z","tipoEvento":"HEARTBEAT","bufferSize":0}
2026-08-13 23:56:59,211 INFO  [it.uni.reti2.HeartbeatGenerator] (executor-thread-1) 💓 [HEARTBEAT] Invio heartbeat: {"stazioneId":"MI","stato":"ONLINE","timestamp":"2026-08-13T21:56:59.211801030Z","tipoEvento":"HEARTBEAT","bufferSize":0}
2026-08-13 23:57:09,211 INFO  [it.uni.reti2.HeartbeatGenerator] (executor-thread-1) 💓 [HEARTBEAT] Invio heartbeat: {"stazioneId":"MI","stato":"ONLINE","timestamp":"2026-08-13T21:57:09.211820493Z","tipoEvento":"HEARTBEAT","bufferSize":0}
2026-08-13 23:57:19,211 INFO  [it.uni.reti2.HeartbeatGenerator] (executor-thread-1) 💓 [HEARTBEAT] Invio heartbeat: {"stazioneId":"MI","stato":"ONLINE","timestamp":"2026-08-13T21:57:19.211775579Z","tipoEvento":"HEARTBEAT","bufferSize":0}
2026-08-13 23:57:29,211 INFO  [it.uni.reti2.HeartbeatGenerator] (executor-thread-1) 💓 [HEARTBEAT] Invio heartbeat: {"stazioneId":"MI","stato":"ONLINE","timestamp":"2026-08-13T21:57:29.211767818Z","tipoEvento":"HEARTBEAT","bufferSize":0}
2026-08-13 23:57:39,211 INFO  [it.uni.reti2.HeartbeatGenerator] (executor-thread-1) 💓 [HEARTBEAT] Invio heartbeat: {"stazioneId":"MI","stato":"ONLINE","timestamp":"2026-08-13T21:57:39.211750707Z","tipoEvento":"HEARTBEAT","bufferSize":0}
2026-08-13 23:57:47,071 INFO  [it.uni.reti2.StationGateway] (vert.x-eventloop-thread-3) 🚂 [PASSAGGIO] Treno Mario in ENTRATA dalla stazione MI
2026-08-13 23:57:49,211 INFO  [it.uni.reti2.HeartbeatGenerator] (executor-thread-1) 💓 [HEARTBEAT] Invio heartbeat: {"stazioneId":"MI","stato":"ONLINE","timestamp":"2026-08-13T21:57:49.211827873Z","tipoEvento":"HEARTBEAT","bufferSize":0}
2026-08-13 23:57:59,211 INFO  [it.uni.reti2.HeartbeatGenerator] (executor-thread-1) 💓 [HEARTBEAT] Invio heartbeat: {"stazioneId":"MI","stato":"ONLINE","timestamp":"2026-08-13T21:57:59.211811200Z","tipoEvento":"HEARTBEAT","bufferSize":0}
2026-08-13 23:58:08,071 INFO  [it.uni.reti2.StationGateway] (vert.x-eventloop-thread-3) 🚂 [PASSAGGIO] Treno Mario in USCITA dalla stazione MI
2026-08-13 23:58:09,211 INFO  [it.uni.reti2.HeartbeatGenerator] (executor-thread-1) 💓 [HEARTBEAT] Invio heartbeat: {"stazioneId":"MI","stato":"ONLINE","timestamp":"2026-08-13T21:58:09.211837106Z","tipoEvento":"HEARTBEAT","bufferSize":0}
2026-08-13 23:58:19,211 INFO  [it.uni.reti2.HeartbeatGenerator] (executor-thread-1) 💓 [HEARTBEAT] Invio heartbeat: {"stazioneId":"MI","stato":"ONLINE","timestamp":"2026-08-13T21:58:19.211797038Z","tipoEvento":"HEARTBEAT","bufferSize":0}
2026-08-13 23:58:25,071 INFO  [it.uni.reti2.StationGateway] (vert.x-eventloop-thread-3) 🚂 [PASSAGGIO] Treno tenoAmmazzaRicchi in ENTRATA dalla stazione MI
2026-08-13 23:58:29,212 INFO  [it.uni.reti2.HeartbeatGenerator] (executor-thread-1) 💓 [HEARTBEAT] Invio heartbeat: {"stazioneId":"MI","stato":"ONLINE","timestamp":"2026-08-13T21:58:29.211964100Z","tipoEvento":"HEARTBEAT","bufferSize":0}
2026-08-13 23:58:39,211 INFO  [it.uni.reti2.HeartbeatGenerator] (executor-thread-1) 💓 [HEARTBEAT] Invio heartbeat: {"stazioneId":"MI","stato":"ONLINE","timestamp":"2026-08-13T21:58:39.211925870Z","tipoEvento":"HEARTBEAT","bufferSize":0}
2026-08-13 23:58:46,070 INFO  [it.uni.reti2.StationGateway] (vert.x-eventloop-thread-3) 🚂 [PASSAGGIO] Treno tenoAmmazzaRicchi in USCITA dalla stazione MI
2026-08-13 23:58:49,211 INFO  [it.uni.reti2.HeartbeatGenerator] (executor-thread-1) 💓 [HEARTBEAT] Invio heartbeat: {"stazioneId":"MI","stato":"ONLINE","timestamp":"2026-08-13T21:58:49.211894148Z","tipoEvento":"HEARTBEAT","bufferSize":0}
2026-08-13 23:58:59,211 INFO  [it.uni.reti2.HeartbeatGenerator] (executor-thread-1) 💓 [HEARTBEAT] Invio heartbeat: {"stazioneId":"MI","stato":"ONLINE","timestamp":"2026-08-13T21:58:59.211893068Z","tipoEvento":"HEARTBEAT","bufferSize":0}
2026-08-13 23:59:09,212 INFO  [it.uni.reti2.HeartbeatGenerator] (executor-thread-1) 💓 [HEARTBEAT] Invio heartbeat: {"stazioneId":"MI","stato":"ONLINE","timestamp":"2026-08-13T21:59:09.211920666Z","tipoEvento":"HEARTBEAT","bufferSize":0}
2026-08-13 23:59:19,212 INFO  [it.uni.reti2.HeartbeatGenerator] (executor-thread-1) 💓 [HEARTBEAT] Invio heartbeat: {"stazioneId":"MI","stato":"ONLINE","timestamp":"2026-08-13T21:59:19.212218354Z","tipoEvento":"HEARTBEAT","bufferSize":0}
2026-08-13 23:59:29,212 INFO  [it.uni.reti2.HeartbeatGenerator] (executor-thread-1) 💓 [HEARTBEAT] Invio heartbeat: {"stazioneId":"MI","stato":"ONLINE","timestamp":"2026-08-13T21:59:29.211944954Z","tipoEvento":"HEARTBEAT","bufferSize":0}
2026-08-13 23:59:39,212 INFO  [it.uni.reti2.HeartbeatGenerator] (executor-thread-1) 💓 [HEARTBEAT] Invio heartbeat: {"stazioneId":"MI","stato":"ONLINE","timestamp":"2026-08-13T21:59:39.212201149Z","tipoEvento":"HEARTBEAT","bufferSize":0}
2026-08-13 23:59:49,211 INFO  [it.uni.reti2.HeartbeatGenerator] (executor-thread-1) 💓 [HEARTBEAT] Invio heartbeat: {"stazioneId":"MI","stato":"ONLINE","timestamp":"2026-08-13T21:59:49.211847803Z","tipoEvento":"HEARTBEAT","bufferSize":0}
2026-08-13 23:59:59,211 INFO  [it.uni.reti2.HeartbeatGenerator] (executor-thread-1) 💓 [HEARTBEAT] Invio heartbeat: {"stazioneId":"MI","stato":"ONLINE","timestamp":"2026-08-13T21:59:59.211923764Z","tipoEvento":"HEARTBEAT","bufferSize":0}
2026-08-14 00:00:09,211 INFO  [it.uni.reti2.HeartbeatGenerator] (executor-thread-1) 💓 [HEARTBEAT] Invio heartbeat: {"stazioneId":"MI","stato":"ONLINE","timestamp":"2026-08-13T22:00:09.211903097Z","tipoEvento":"HEARTBEAT","bufferSize":0}
2026-08-14 00:00:19,212 INFO  [it.uni.reti2.HeartbeatGenerator] (executor-thread-1) 💓 [HEARTBEAT] Invio heartbeat: {"stazioneId":"MI","stato":"ONLINE","timestamp":"2026-08-13T22:00:19.212112082Z","tipoEvento":"HEARTBEAT","bufferSize":0}
2026-08-14 00:00:29,212 INFO  [it.uni.reti2.HeartbeatGenerator] (executor-thread-1) 💓 [HEARTBEAT] Invio heartbeat: {"stazioneId":"MI","stato":"ONLINE","timestamp":"2026-08-13T22:00:29.211974553Z","tipoEvento":"HEARTBEAT","bufferSize":0}
2026-08-14 00:00:39,212 INFO  [it.uni.reti2.HeartbeatGenerator] (executor-thread-1) 💓 [HEARTBEAT] Invio heartbeat: {"stazioneId":"MI","stato":"ONLINE","timestamp":"2026-08-13T22:00:39.212297116Z","tipoEvento":"HEARTBEAT","bufferSize":0}
2026-08-14 00:00:49,211 INFO  [it.uni.reti2.HeartbeatGenerator] (executor-thread-1) 💓 [HEARTBEAT] Invio heartbeat: {"stazioneId":"MI","stato":"ONLINE","timestamp":"2026-08-13T22:00:49.211863957Z","tipoEvento":"HEARTBEAT","bufferSize":0}
2026-08-14 00:00:59,211 INFO  [it.uni.reti2.HeartbeatGenerator] (executor-thread-1) 💓 [HEARTBEAT] Invio heartbeat: {"stazioneId":"MI","stato":"ONLINE","timestamp":"2026-08-13T22:00:59.211881045Z","tipoEvento":"HEARTBEAT","bufferSize":0}
2026-08-14 00:01:09,213 INFO  [it.uni.reti2.HeartbeatGenerator] (executor-thread-1) 💓 [HEARTBEAT] Invio heartbeat: {"stazioneId":"MI","stato":"ONLINE","timestamp":"2026-08-13T22:01:09.212937015Z","tipoEvento":"HEARTBEAT","bufferSize":0}
2026-08-14 00:01:19,211 INFO  [it.uni.reti2.HeartbeatGenerator] (executor-thread-1) 💓 [HEARTBEAT] Invio heartbeat: {"stazioneId":"MI","stato":"ONLINE","timestamp":"2026-08-13T22:01:19.211835396Z","tipoEvento":"HEARTBEAT","bufferSize":0}
2026-08-14 00:01:29,212 INFO  [it.uni.reti2.HeartbeatGenerator] (executor-thread-1) 💓 [HEARTBEAT] Invio heartbeat: {"stazioneId":"MI","stato":"ONLINE","timestamp":"2026-08-13T22:01:29.212191583Z","tipoEvento":"HEARTBEAT","bufferSize":0}
2026-08-14 00:01:39,212 INFO  [it.uni.reti2.HeartbeatGenerator] (executor-thread-1) 💓 [HEARTBEAT] Invio heartbeat: {"stazioneId":"MI","stato":"ONLINE","timestamp":"2026-08-13T22:01:39.212276292Z","tipoEvento":"HEARTBEAT","bufferSize":0}
2026-08-14 00:01:49,212 INFO  [it.uni.reti2.HeartbeatGenerator] (executor-thread-1) 💓 [HEARTBEAT] Invio heartbeat: {"stazioneId":"MI","stato":"ONLINE","timestamp":"2026-08-13T22:01:49.212001422Z","tipoEvento":"HEARTBEAT","bufferSize":0}
2026-08-14 00:01:59,212 INFO  [it.uni.reti2.HeartbeatGenerator] (executor-thread-1) 💓 [HEARTBEAT] Invio heartbeat: {"stazioneId":"MI","stato":"ONLINE","timestamp":"2026-08-13T22:01:59.211935436Z","tipoEvento":"HEARTBEAT","bufferSize":0}
2026-08-14 00:02:09,211 INFO  [it.uni.reti2.HeartbeatGenerator] (executor-thread-1) 💓 [HEARTBEAT] Invio heartbeat: {"stazioneId":"MI","stato":"ONLINE","timestamp":"2026-08-13T22:02:09.211890036Z","tipoEvento":"HEARTBEAT","bufferSize":0}
2026-08-14 00:02:19,212 INFO  [it.uni.reti2.HeartbeatGenerator] (executor-thread-1) 💓 [HEARTBEAT] Invio heartbeat: {"stazioneId":"MI","stato":"ONLINE","timestamp":"2026-08-13T22:02:19.212542128Z","tipoEvento":"HEARTBEAT","bufferSize":0}
2026-08-14 00:02:28,070 INFO  [it.uni.reti2.StationGateway] (vert.x-eventloop-thread-3) 🚂 [PASSAGGIO] Treno tenoAmmazzaRicchi in ENTRATA dalla stazione MI
2026-08-14 00:02:29,212 INFO  [it.uni.reti2.HeartbeatGenerator] (executor-thread-1) 💓 [HEARTBEAT] Invio heartbeat: {"stazioneId":"MI","stato":"ONLINE","timestamp":"2026-08-13T22:02:29.212136903Z","tipoEvento":"HEARTBEAT","bufferSize":0}
2026-08-14 00:02:39,211 INFO  [it.uni.reti2.HeartbeatGenerator] (executor-thread-1) 💓 [HEARTBEAT] Invio heartbeat: {"stazioneId":"MI","stato":"ONLINE","timestamp":"2026-08-13T22:02:39.211803874Z","tipoEvento":"HEARTBEAT","bufferSize":0}
2026-08-14 00:02:48,072 INFO  [it.uni.reti2.StationGateway] (vert.x-eventloop-thread-3) 🚂 [PASSAGGIO] Treno tenoAmmazzaRicchi in USCITA dalla stazione MI
2026-08-14 00:02:49,212 INFO  [it.uni.reti2.HeartbeatGenerator] (executor-thread-1) 💓 [HEARTBEAT] Invio heartbeat: {"stazioneId":"MI","stato":"ONLINE","timestamp":"2026-08-13T22:02:49.211979571Z","tipoEvento":"HEARTBEAT","bufferSize":0}
2026-08-14 00:02:59,211 INFO  [it.uni.reti2.HeartbeatGenerator] (executor-thread-1) 💓 [HEARTBEAT] Invio heartbeat: {"stazioneId":"MI","stato":"ONLINE","timestamp":"2026-08-13T22:02:59.211882156Z","tipoEvento":"HEARTBEAT","bufferSize":0}
2026-08-14 00:03:09,211 INFO  [it.uni.reti2.HeartbeatGenerator] (executor-thread-1) 💓 [HEARTBEAT] Invio heartbeat: {"stazioneId":"MI","stato":"ONLINE","timestamp":"2026-08-13T22:03:09.211852163Z","tipoEvento":"HEARTBEAT","bufferSize":0}
2026-08-14 00:03:19,212 INFO  [it.uni.reti2.HeartbeatGenerator] (executor-thread-1) 💓 [HEARTBEAT] Invio heartbeat: {"stazioneId":"MI","stato":"ONLINE","timestamp":"2026-08-13T22:03:19.212305869Z","tipoEvento":"HEARTBEAT","bufferSize":0}
2026-08-14 00:03:29,211 INFO  [it.uni.reti2.HeartbeatGenerator] (executor-thread-1) 💓 [HEARTBEAT] Invio heartbeat: {"stazioneId":"MI","stato":"ONLINE","timestamp":"2026-08-13T22:03:29.211831354Z","tipoEvento":"HEARTBEAT","bufferSize":0}
2026-08-14 00:03:39,212 INFO  [it.uni.reti2.HeartbeatGenerator] (executor-thread-1) 💓 [HEARTBEAT] Invio heartbeat: {"stazioneId":"MI","stato":"ONLINE","timestamp":"2026-08-13T22:03:39.212381318Z","tipoEvento":"HEARTBEAT","bufferSize":0}
2026-08-14 00:03:49,211 INFO  [it.uni.reti2.HeartbeatGenerator] (executor-thread-1) 💓 [HEARTBEAT] Invio heartbeat: {"stazioneId":"MI","stato":"ONLINE","timestamp":"2026-08-13T22:03:49.211889448Z","tipoEvento":"HEARTBEAT","bufferSize":0}
2026-08-14 00:03:59,212 INFO  [it.uni.reti2.HeartbeatGenerator] (executor-thread-1) 💓 [HEARTBEAT] Invio heartbeat: {"stazioneId":"MI","stato":"ONLINE","timestamp":"2026-08-13T22:03:59.211997859Z","tipoEvento":"HEARTBEAT","bufferSize":0}
2026-08-14 00:04:09,211 INFO  [it.uni.reti2.HeartbeatGenerator] (executor-thread-1) 💓 [HEARTBEAT] Invio heartbeat: {"stazioneId":"MI","stato":"ONLINE","timestamp":"2026-08-13T22:04:09.211796620Z","tipoEvento":"HEARTBEAT","bufferSize":0}
2026-08-14 00:04:19,212 INFO  [it.uni.reti2.HeartbeatGenerator] (executor-thread-1) 💓 [HEARTBEAT] Invio heartbeat: {"stazioneId":"MI","stato":"ONLINE","timestamp":"2026-08-13T22:04:19.212322638Z","tipoEvento":"HEARTBEAT","bufferSize":0}
2026-08-14 00:04:29,211 INFO  [it.uni.reti2.HeartbeatGenerator] (executor-thread-1) 💓 [HEARTBEAT] Invio heartbeat: {"stazioneId":"MI","stato":"ONLINE","timestamp":"2026-08-13T22:04:29.211854727Z","tipoEvento":"HEARTBEAT","bufferSize":0}
2026-08-14 00:04:39,212 INFO  [it.uni.reti2.HeartbeatGenerator] (executor-thread-1) 💓 [HEARTBEAT] Invio heartbeat: {"stazioneId":"MI","stato":"ONLINE","timestamp":"2026-08-13T22:04:39.212416976Z","tipoEvento":"HEARTBEAT","bufferSize":0}
2026-08-14 00:04:49,212 INFO  [it.uni.reti2.HeartbeatGenerator] (executor-thread-1) 💓 [HEARTBEAT] Invio heartbeat: {"stazioneId":"MI","stato":"ONLINE","timestamp":"2026-08-13T22:04:49.212237342Z","tipoEvento":"HEARTBEAT","bufferSize":0}
2026-08-14 00:04:59,212 INFO  [it.uni.reti2.HeartbeatGenerator] (executor-thread-1) 💓 [HEARTBEAT] Invio heartbeat: {"stazioneId":"MI","stato":"ONLINE","timestamp":"2026-08-13T22:04:59.211958339Z","tipoEvento":"HEARTBEAT","bufferSize":0}
2026-08-14 00:05:09,211 INFO  [it.uni.reti2.HeartbeatGenerator] (executor-thread-1) 💓 [HEARTBEAT] Invio heartbeat: {"stazioneId":"MI","stato":"ONLINE","timestamp":"2026-08-13T22:05:09.211905458Z","tipoEvento":"HEARTBEAT","bufferSize":0}
2026-08-14 00:05:19,211 INFO  [it.uni.reti2.HeartbeatGenerator] (executor-thread-1) 💓 [HEARTBEAT] Invio heartbeat: {"stazioneId":"MI","stato":"ONLINE","timestamp":"2026-08-13T22:05:19.211867380Z","tipoEvento":"HEARTBEAT","bufferSize":0}
2026-08-14 00:05:29,211 INFO  [it.uni.reti2.HeartbeatGenerator] (executor-thread-1) 💓 [HEARTBEAT] Invio heartbeat: {"stazioneId":"MI","stato":"ONLINE","timestamp":"2026-08-13T22:05:29.211889982Z","tipoEvento":"HEARTBEAT","bufferSize":0}
2026-08-14 00:05:39,211 INFO  [it.uni.reti2.HeartbeatGenerator] (executor-thread-1) 💓 [HEARTBEAT] Invio heartbeat: {"stazioneId":"MI","stato":"ONLINE","timestamp":"2026-08-13T22:05:39.211898051Z","tipoEvento":"HEARTBEAT","bufferSize":0}
2026-08-14 00:05:49,211 INFO  [it.uni.reti2.HeartbeatGenerator] (executor-thread-1) 💓 [HEARTBEAT] Invio heartbeat: {"stazioneId":"MI","stato":"ONLINE","timestamp":"2026-08-13T22:05:49.211849337Z","tipoEvento":"HEARTBEAT","bufferSize":0}
2026-08-14 00:05:59,211 INFO  [it.uni.reti2.HeartbeatGenerator] (executor-thread-1) 💓 [HEARTBEAT] Invio heartbeat: {"stazioneId":"MI","stato":"ONLINE","timestamp":"2026-08-13T22:05:59.211866402Z","tipoEvento":"HEARTBEAT","bufferSize":0}
2026-08-14 00:06:09,211 INFO  [it.uni.reti2.HeartbeatGenerator] (executor-thread-1) 💓 [HEARTBEAT] Invio heartbeat: {"stazioneId":"MI","stato":"ONLINE","timestamp":"2026-08-13T22:06:09.211857798Z","tipoEvento":"HEARTBEAT","bufferSize":0}
2026-08-14 00:06:19,211 INFO  [it.uni.reti2.HeartbeatGenerator] (executor-thread-1) 💓 [HEARTBEAT] Invio heartbeat: {"stazioneId":"MI","stato":"ONLINE","timestamp":"2026-08-13T22:06:19.211815358Z","tipoEvento":"HEARTBEAT","bufferSize":0}
2026-08-14 00:06:29,212 INFO  [it.uni.reti2.HeartbeatGenerator] (executor-thread-1) 💓 [HEARTBEAT] Invio heartbeat: {"stazioneId":"MI","stato":"ONLINE","timestamp":"2026-08-13T22:06:29.212013786Z","tipoEvento":"HEARTBEAT","bufferSize":0}
2026-08-14 00:06:39,211 INFO  [it.uni.reti2.HeartbeatGenerator] (executor-thread-1) 💓 [HEARTBEAT] Invio heartbeat: {"stazioneId":"MI","stato":"ONLINE","timestamp":"2026-08-13T22:06:39.211798489Z","tipoEvento":"HEARTBEAT","bufferSize":0}
2026-08-14 00:06:49,211 INFO  [it.uni.reti2.HeartbeatGenerator] (executor-thread-1) 💓 [HEARTBEAT] Invio heartbeat: {"stazioneId":"MI","stato":"ONLINE","timestamp":"2026-08-13T22:06:49.211819671Z","tipoEvento":"HEARTBEAT","bufferSize":0}
2026-08-14 00:06:59,211 INFO  [it.uni.reti2.HeartbeatGenerator] (executor-thread-1) 💓 [HEARTBEAT] Invio heartbeat: {"stazioneId":"MI","stato":"ONLINE","timestamp":"2026-08-13T22:06:59.211847273Z","tipoEvento":"HEARTBEAT","bufferSize":0}
2026-08-14 00:07:09,211 INFO  [it.uni.reti2.HeartbeatGenerator] (executor-thread-1) 💓 [HEARTBEAT] Invio heartbeat: {"stazioneId":"MI","stato":"ONLINE","timestamp":"2026-08-13T22:07:09.211895356Z","tipoEvento":"HEARTBEAT","bufferSize":0}
2026-08-14 00:07:19,211 INFO  [it.uni.reti2.HeartbeatGenerator] (executor-thread-1) 💓 [HEARTBEAT] Invio heartbeat: {"stazioneId":"MI","stato":"ONLINE","timestamp":"2026-08-13T22:07:19.211805911Z","tipoEvento":"HEARTBEAT","bufferSize":0}
2026-08-14 00:07:29,212 INFO  [it.uni.reti2.HeartbeatGenerator] (executor-thread-1) 💓 [HEARTBEAT] Invio heartbeat: {"stazioneId":"MI","stato":"ONLINE","timestamp":"2026-08-13T22:07:29.211951889Z","tipoEvento":"HEARTBEAT","bufferSize":0}
2026-08-14 00:07:39,212 INFO  [it.uni.reti2.HeartbeatGenerator] (executor-thread-1) 💓 [HEARTBEAT] Invio heartbeat: {"stazioneId":"MI","stato":"ONLINE","timestamp":"2026-08-13T22:07:39.211945601Z","tipoEvento":"HEARTBEAT","bufferSize":0}
2026-08-14 00:07:49,211 INFO  [it.uni.reti2.HeartbeatGenerator] (executor-thread-1) 💓 [HEARTBEAT] Invio heartbeat: {"stazioneId":"MI","stato":"ONLINE","timestamp":"2026-08-13T22:07:49.211914010Z","tipoEvento":"HEARTBEAT","bufferSize":0}
2026-08-14 00:07:59,211 INFO  [it.uni.reti2.HeartbeatGenerator] (executor-thread-1) 💓 [HEARTBEAT] Invio heartbeat: {"stazioneId":"MI","stato":"ONLINE","timestamp":"2026-08-13T22:07:59.211803054Z","tipoEvento":"HEARTBEAT","bufferSize":0}
2026-08-14 00:08:09,211 INFO  [it.uni.reti2.HeartbeatGenerator] (executor-thread-1) 💓 [HEARTBEAT] Invio heartbeat: {"stazioneId":"MI","stato":"ONLINE","timestamp":"2026-08-13T22:08:09.211835060Z","tipoEvento":"HEARTBEAT","bufferSize":0}
2026-08-14 00:08:19,212 INFO  [it.uni.reti2.HeartbeatGenerator] (executor-thread-1) 💓 [HEARTBEAT] Invio heartbeat: {"stazioneId":"MI","stato":"ONLINE","timestamp":"2026-08-13T22:08:19.212463414Z","tipoEvento":"HEARTBEAT","bufferSize":0}
2026-08-14 00:08:29,212 INFO  [it.uni.reti2.HeartbeatGenerator] (executor-thread-1) 💓 [HEARTBEAT] Invio heartbeat: {"stazioneId":"MI","stato":"ONLINE","timestamp":"2026-08-13T22:08:29.212195477Z","tipoEvento":"HEARTBEAT","bufferSize":0}
2026-08-14 00:08:39,212 INFO  [it.uni.reti2.HeartbeatGenerator] (executor-thread-1) 💓 [HEARTBEAT] Invio heartbeat: {"stazioneId":"MI","stato":"ONLINE","timestamp":"2026-08-13T22:08:39.212407347Z","tipoEvento":"HEARTBEAT","bufferSize":0}
2026-08-14 00:08:49,212 INFO  [it.uni.reti2.HeartbeatGenerator] (executor-thread-1) 💓 [HEARTBEAT] Invio heartbeat: {"stazioneId":"MI","stato":"ONLINE","timestamp":"2026-08-13T22:08:49.212418413Z","tipoEvento":"HEARTBEAT","bufferSize":0}
2026-08-14 00:08:59,212 INFO  [it.uni.reti2.HeartbeatGenerator] (executor-thread-1) 💓 [HEARTBEAT] Invio heartbeat: {"stazioneId":"MI","stato":"ONLINE","timestamp":"2026-08-13T22:08:59.211983980Z","tipoEvento":"HEARTBEAT","bufferSize":0}
2026-08-14 00:09:09,211 INFO  [it.uni.reti2.HeartbeatGenerator] (executor-thread-1) 💓 [HEARTBEAT] Invio heartbeat: {"stazioneId":"MI","stato":"ONLINE","timestamp":"2026-08-13T22:09:09.211770428Z","tipoEvento":"HEARTBEAT","bufferSize":0}
2026-08-14 00:09:15,072 INFO  [it.uni.reti2.StationGateway] (vert.x-eventloop-thread-3) 🚂 [PASSAGGIO] Treno Mario in ENTRATA dalla stazione MI
2026-08-14 00:09:19,211 INFO  [it.uni.reti2.HeartbeatGenerator] (executor-thread-1) 💓 [HEARTBEAT] Invio heartbeat: {"stazioneId":"MI","stato":"ONLINE","timestamp":"2026-08-13T22:09:19.211897632Z","tipoEvento":"HEARTBEAT","bufferSize":0}
2026-08-14 00:09:29,211 INFO  [it.uni.reti2.HeartbeatGenerator] (executor-thread-1) 💓 [HEARTBEAT] Invio heartbeat: {"stazioneId":"MI","stato":"ONLINE","timestamp":"2026-08-13T22:09:29.211900367Z","tipoEvento":"HEARTBEAT","bufferSize":0}
2026-08-14 00:09:36,071 INFO  [it.uni.reti2.StationGateway] (vert.x-eventloop-thread-3) 🚂 [PASSAGGIO] Treno Mario in USCITA dalla stazione MI
2026-08-14 00:09:39,211 INFO  [it.uni.reti2.HeartbeatGenerator] (executor-thread-1) 💓 [HEARTBEAT] Invio heartbeat: {"stazioneId":"MI","stato":"ONLINE","timestamp":"2026-08-13T22:09:39.211895510Z","tipoEvento":"HEARTBEAT","bufferSize":0}
2026-08-14 00:09:49,211 INFO  [it.uni.reti2.HeartbeatGenerator] (executor-thread-1) 💓 [HEARTBEAT] Invio heartbeat: {"stazioneId":"MI","stato":"ONLINE","timestamp":"2026-08-13T22:09:49.211830964Z","tipoEvento":"HEARTBEAT","bufferSize":0}
2026-08-14 00:09:59,211 INFO  [it.uni.reti2.HeartbeatGenerator] (executor-thread-1) 💓 [HEARTBEAT] Invio heartbeat: {"stazioneId":"MI","stato":"ONLINE","timestamp":"2026-08-13T22:09:59.211844290Z","tipoEvento":"HEARTBEAT","bufferSize":0}
2026-08-14 00:10:09,211 INFO  [it.uni.reti2.HeartbeatGenerator] (executor-thread-1) 💓 [HEARTBEAT] Invio heartbeat: {"stazioneId":"MI","stato":"ONLINE","timestamp":"2026-08-13T22:10:09.211811300Z","tipoEvento":"HEARTBEAT","bufferSize":0}
2026-08-14 00:10:14,070 INFO  [it.uni.reti2.StationGateway] (vert.x-eventloop-thread-3) 🚂 [PASSAGGIO] Treno tenoAmmazzaRicchi in ENTRATA dalla stazione MI
2026-08-14 00:10:19,212 INFO  [it.uni.reti2.HeartbeatGenerator] (executor-thread-1) 💓 [HEARTBEAT] Invio heartbeat: {"stazioneId":"MI","stato":"ONLINE","timestamp":"2026-08-13T22:10:19.212145860Z","tipoEvento":"HEARTBEAT","bufferSize":0}
2026-08-14 00:10:29,211 INFO  [it.uni.reti2.HeartbeatGenerator] (executor-thread-1) 💓 [HEARTBEAT] Invio heartbeat: {"stazioneId":"MI","stato":"ONLINE","timestamp":"2026-08-13T22:10:29.211871624Z","tipoEvento":"HEARTBEAT","bufferSize":0}
2026-08-14 00:10:35,070 INFO  [it.uni.reti2.StationGateway] (vert.x-eventloop-thread-3) 🚂 [PASSAGGIO] Treno tenoAmmazzaRicchi in USCITA dalla stazione MI
2026-08-14 00:10:39,212 INFO  [it.uni.reti2.HeartbeatGenerator] (executor-thread-1) 💓 [HEARTBEAT] Invio heartbeat: {"stazioneId":"MI","stato":"ONLINE","timestamp":"2026-08-13T22:10:39.212185083Z","tipoEvento":"HEARTBEAT","bufferSize":0}
2026-08-14 00:10:49,211 INFO  [it.uni.reti2.HeartbeatGenerator] (executor-thread-1) 💓 [HEARTBEAT] Invio heartbeat: {"stazioneId":"MI","stato":"ONLINE","timestamp":"2026-08-13T22:10:49.211829991Z","tipoEvento":"HEARTBEAT","bufferSize":0}
2026-08-14 00:10:59,211 INFO  [it.uni.reti2.HeartbeatGenerator] (executor-thread-1) 💓 [HEARTBEAT] Invio heartbeat: {"stazioneId":"MI","stato":"ONLINE","timestamp":"2026-08-13T22:10:59.211827225Z","tipoEvento":"HEARTBEAT","bufferSize":0}
2026-08-14 00:11:09,211 INFO  [it.uni.reti2.HeartbeatGenerator] (executor-thread-1) 💓 [HEARTBEAT] Invio heartbeat: {"stazioneId":"MI","stato":"ONLINE","timestamp":"2026-08-13T22:11:09.211829943Z","tipoEvento":"HEARTBEAT","bufferSize":0}
2026-08-14 00:11:19,211 INFO  [it.uni.reti2.HeartbeatGenerator] (executor-thread-1) 💓 [HEARTBEAT] Invio heartbeat: {"stazioneId":"MI","stato":"ONLINE","timestamp":"2026-08-13T22:11:19.211891769Z","tipoEvento":"HEARTBEAT","bufferSize":0}
2026-08-14 00:11:29,211 INFO  [it.uni.reti2.HeartbeatGenerator] (executor-thread-1) 💓 [HEARTBEAT] Invio heartbeat: {"stazioneId":"MI","stato":"ONLINE","timestamp":"2026-08-13T22:11:29.211821873Z","tipoEvento":"HEARTBEAT","bufferSize":0}
2026-08-14 00:11:39,212 INFO  [it.uni.reti2.HeartbeatGenerator] (executor-thread-1) 💓 [HEARTBEAT] Invio heartbeat: {"stazioneId":"MI","stato":"ONLINE","timestamp":"2026-08-13T22:11:39.212243724Z","tipoEvento":"HEARTBEAT","bufferSize":0}
2026-08-14 00:11:49,211 INFO  [it.uni.reti2.HeartbeatGenerator] (executor-thread-1) 💓 [HEARTBEAT] Invio heartbeat: {"stazioneId":"MI","stato":"ONLINE","timestamp":"2026-08-13T22:11:49.211932417Z","tipoEvento":"HEARTBEAT","bufferSize":0}
2026-08-14 00:11:59,212 INFO  [it.uni.reti2.HeartbeatGenerator] (executor-thread-1) 💓 [HEARTBEAT] Invio heartbeat: {"stazioneId":"MI","stato":"ONLINE","timestamp":"2026-08-13T22:11:59.212023482Z","tipoEvento":"HEARTBEAT","bufferSize":0}
2026-08-14 00:12:09,211 INFO  [it.uni.reti2.HeartbeatGenerator] (executor-thread-1) 💓 [HEARTBEAT] Invio heartbeat: {"stazioneId":"MI","stato":"ONLINE","timestamp":"2026-08-13T22:12:09.211841792Z","tipoEvento":"HEARTBEAT","bufferSize":0}
2026-08-14 00:12:19,211 INFO  [it.uni.reti2.HeartbeatGenerator] (executor-thread-1) 💓 [HEARTBEAT] Invio heartbeat: {"stazioneId":"MI","stato":"ONLINE","timestamp":"2026-08-13T22:12:19.211858362Z","tipoEvento":"HEARTBEAT","bufferSize":0}
2026-08-14 00:12:29,212 INFO  [it.uni.reti2.HeartbeatGenerator] (executor-thread-1) 💓 [HEARTBEAT] Invio heartbeat: {"stazioneId":"MI","stato":"ONLINE","timestamp":"2026-08-13T22:12:29.212131395Z","tipoEvento":"HEARTBEAT","bufferSize":0}
2026-08-14 00:12:39,212 INFO  [it.uni.reti2.HeartbeatGenerator] (executor-thread-1) 💓 [HEARTBEAT] Invio heartbeat: {"stazioneId":"MI","stato":"ONLINE","timestamp":"2026-08-13T22:12:39.212113292Z","tipoEvento":"HEARTBEAT","bufferSize":0}
2026-08-14 00:12:49,212 INFO  [it.uni.reti2.HeartbeatGenerator] (executor-thread-1) 💓 [HEARTBEAT] Invio heartbeat: {"stazioneId":"MI","stato":"ONLINE","timestamp":"2026-08-13T22:12:49.212135665Z","tipoEvento":"HEARTBEAT","bufferSize":0}
2026-08-14 00:12:59,211 INFO  [it.uni.reti2.HeartbeatGenerator] (executor-thread-1) 💓 [HEARTBEAT] Invio heartbeat: {"stazioneId":"MI","stato":"ONLINE","timestamp":"2026-08-13T22:12:59.211819176Z","tipoEvento":"HEARTBEAT","bufferSize":0}
2026-08-14 00:13:09,211 INFO  [it.uni.reti2.HeartbeatGenerator] (executor-thread-1) 💓 [HEARTBEAT] Invio heartbeat: {"stazioneId":"MI","stato":"ONLINE","timestamp":"2026-08-13T22:13:09.211796292Z","tipoEvento":"HEARTBEAT","bufferSize":0}
2026-08-14 00:13:18,070 INFO  [it.uni.reti2.StationGateway] (vert.x-eventloop-thread-3) 🚂 [PASSAGGIO] Treno Mario in ENTRATA dalla stazione MI
2026-08-14 00:13:19,211 INFO  [it.uni.reti2.HeartbeatGenerator] (executor-thread-1) 💓 [HEARTBEAT] Invio heartbeat: {"stazioneId":"MI","stato":"ONLINE","timestamp":"2026-08-13T22:13:19.211774815Z","tipoEvento":"HEARTBEAT","bufferSize":0}
2026-08-14 00:13:29,211 INFO  [it.uni.reti2.HeartbeatGenerator] (executor-thread-1) 💓 [HEARTBEAT] Invio heartbeat: {"stazioneId":"MI","stato":"ONLINE","timestamp":"2026-08-13T22:13:29.211741810Z","tipoEvento":"HEARTBEAT","bufferSize":0}
2026-08-14 00:13:39,071 INFO  [it.uni.reti2.StationGateway] (vert.x-eventloop-thread-3) 🚂 [PASSAGGIO] Treno Mario in USCITA dalla stazione MI
2026-08-14 00:13:39,211 INFO  [it.uni.reti2.HeartbeatGenerator] (executor-thread-1) 💓 [HEARTBEAT] Invio heartbeat: {"stazioneId":"MI","stato":"ONLINE","timestamp":"2026-08-13T22:13:39.211864091Z","tipoEvento":"HEARTBEAT","bufferSize":0}
2026-08-14 00:13:49,211 INFO  [it.uni.reti2.HeartbeatGenerator] (executor-thread-1) 💓 [HEARTBEAT] Invio heartbeat: {"stazioneId":"MI","stato":"ONLINE","timestamp":"2026-08-13T22:13:49.211843894Z","tipoEvento":"HEARTBEAT","bufferSize":0}
2026-08-14 00:13:59,211 INFO  [it.uni.reti2.HeartbeatGenerator] (executor-thread-1) 💓 [HEARTBEAT] Invio heartbeat: {"stazioneId":"MI","stato":"ONLINE","timestamp":"2026-08-13T22:13:59.211784681Z","tipoEvento":"HEARTBEAT","bufferSize":0}
2026-08-14 00:14:09,211 INFO  [it.uni.reti2.HeartbeatGenerator] (executor-thread-1) 💓 [HEARTBEAT] Invio heartbeat: {"stazioneId":"MI","stato":"ONLINE","timestamp":"2026-08-13T22:14:09.211816388Z","tipoEvento":"HEARTBEAT","bufferSize":0}
2026-08-14 00:14:17,070 INFO  [it.uni.reti2.StationGateway] (vert.x-eventloop-thread-3) 🚂 [PASSAGGIO] Treno tenoAmmazzaRicchi in ENTRATA dalla stazione MI
2026-08-14 00:14:19,211 INFO  [it.uni.reti2.HeartbeatGenerator] (executor-thread-1) 💓 [HEARTBEAT] Invio heartbeat: {"stazioneId":"MI","stato":"ONLINE","timestamp":"2026-08-13T22:14:19.211747102Z","tipoEvento":"HEARTBEAT","bufferSize":0}
2026-08-14 00:14:29,211 INFO  [it.uni.reti2.HeartbeatGenerator] (executor-thread-1) 💓 [HEARTBEAT] Invio heartbeat: {"stazioneId":"MI","stato":"ONLINE","timestamp":"2026-08-13T22:14:29.211877651Z","tipoEvento":"HEARTBEAT","bufferSize":0}
2026-08-14 00:14:37,071 INFO  [it.uni.reti2.StationGateway] (vert.x-eventloop-thread-3) 🚂 [PASSAGGIO] Treno tenoAmmazzaRicchi in USCITA dalla stazione MI
2026-08-14 00:14:39,211 INFO  [it.uni.reti2.HeartbeatGenerator] (executor-thread-1) 💓 [HEARTBEAT] Invio heartbeat: {"stazioneId":"MI","stato":"ONLINE","timestamp":"2026-08-13T22:14:39.211793544Z","tipoEvento":"HEARTBEAT","bufferSize":0}
2026-08-14 00:14:49,211 INFO  [it.uni.reti2.HeartbeatGenerator] (executor-thread-1) 💓 [HEARTBEAT] Invio heartbeat: {"stazioneId":"MI","stato":"ONLINE","timestamp":"2026-08-13T22:14:49.211903887Z","tipoEvento":"HEARTBEAT","bufferSize":0}
2026-08-14 00:14:59,211 INFO  [it.uni.reti2.HeartbeatGenerator] (executor-thread-1) 💓 [HEARTBEAT] Invio heartbeat: {"stazioneId":"MI","stato":"ONLINE","timestamp":"2026-08-13T22:14:59.211872828Z","tipoEvento":"HEARTBEAT","bufferSize":0}
2026-08-14 00:15:09,211 INFO  [it.uni.reti2.HeartbeatGenerator] (executor-thread-1) 💓 [HEARTBEAT] Invio heartbeat: {"stazioneId":"MI","stato":"ONLINE","timestamp":"2026-08-13T22:15:09.211905082Z","tipoEvento":"HEARTBEAT","bufferSize":0}
2026-08-14 00:15:19,211 INFO  [it.uni.reti2.HeartbeatGenerator] (executor-thread-1) 💓 [HEARTBEAT] Invio heartbeat: {"stazioneId":"MI","stato":"ONLINE","timestamp":"2026-08-13T22:15:19.211906512Z","tipoEvento":"HEARTBEAT","bufferSize":0}
2026-08-14 00:15:29,211 INFO  [it.uni.reti2.HeartbeatGenerator] (executor-thread-1) 💓 [HEARTBEAT] Invio heartbeat: {"stazioneId":"MI","stato":"ONLINE","timestamp":"2026-08-13T22:15:29.211950069Z","tipoEvento":"HEARTBEAT","bufferSize":0}
2026-08-14 00:15:39,211 INFO  [it.uni.reti2.HeartbeatGenerator] (executor-thread-1) 💓 [HEARTBEAT] Invio heartbeat: {"stazioneId":"MI","stato":"ONLINE","timestamp":"2026-08-13T22:15:39.211871182Z","tipoEvento":"HEARTBEAT","bufferSize":0}
2026-08-14 00:15:49,211 INFO  [it.uni.reti2.HeartbeatGenerator] (executor-thread-1) 💓 [HEARTBEAT] Invio heartbeat: {"stazioneId":"MI","stato":"ONLINE","timestamp":"2026-08-13T22:15:49.211883483Z","tipoEvento":"HEARTBEAT","bufferSize":0}
2026-08-14 00:15:59,211 INFO  [it.uni.reti2.HeartbeatGenerator] (executor-thread-1) 💓 [HEARTBEAT] Invio heartbeat: {"stazioneId":"MI","stato":"ONLINE","timestamp":"2026-08-13T22:15:59.211878477Z","tipoEvento":"HEARTBEAT","bufferSize":0}
2026-08-14 00:16:09,211 INFO  [it.uni.reti2.HeartbeatGenerator] (executor-thread-1) 💓 [HEARTBEAT] Invio heartbeat: {"stazioneId":"MI","stato":"ONLINE","timestamp":"2026-08-13T22:16:09.211809076Z","tipoEvento":"HEARTBEAT","bufferSize":0}
2026-08-14 00:16:19,211 INFO  [it.uni.reti2.HeartbeatGenerator] (executor-thread-1) 💓 [HEARTBEAT] Invio heartbeat: {"stazioneId":"MI","stato":"ONLINE","timestamp":"2026-08-13T22:16:19.211776701Z","tipoEvento":"HEARTBEAT","bufferSize":0}
2026-08-14 00:16:29,211 INFO  [it.uni.reti2.HeartbeatGenerator] (executor-thread-1) 💓 [HEARTBEAT] Invio heartbeat: {"stazioneId":"MI","stato":"ONLINE","timestamp":"2026-08-13T22:16:29.211815450Z","tipoEvento":"HEARTBEAT","bufferSize":0}
2026-08-14 00:16:39,211 INFO  [it.uni.reti2.HeartbeatGenerator] (executor-thread-1) 💓 [HEARTBEAT] Invio heartbeat: {"stazioneId":"MI","stato":"ONLINE","timestamp":"2026-08-13T22:16:39.211870661Z","tipoEvento":"HEARTBEAT","bufferSize":0}
2026-08-14 00:16:49,211 INFO  [it.uni.reti2.HeartbeatGenerator] (executor-thread-1) 💓 [HEARTBEAT] Invio heartbeat: {"stazioneId":"MI","stato":"ONLINE","timestamp":"2026-08-13T22:16:49.211868624Z","tipoEvento":"HEARTBEAT","bufferSize":0}
2026-08-14 00:16:59,211 INFO  [it.uni.reti2.HeartbeatGenerator] (executor-thread-1) 💓 [HEARTBEAT] Invio heartbeat: {"stazioneId":"MI","stato":"ONLINE","timestamp":"2026-08-13T22:16:59.211907297Z","tipoEvento":"HEARTBEAT","bufferSize":0}
2026-08-14 00:17:09,211 INFO  [it.uni.reti2.HeartbeatGenerator] (executor-thread-1) 💓 [HEARTBEAT] Invio heartbeat: {"stazioneId":"MI","stato":"ONLINE","timestamp":"2026-08-13T22:17:09.211891534Z","tipoEvento":"HEARTBEAT","bufferSize":0}
2026-08-14 00:17:19,211 INFO  [it.uni.reti2.HeartbeatGenerator] (executor-thread-1) 💓 [HEARTBEAT] Invio heartbeat: {"stazioneId":"MI","stato":"ONLINE","timestamp":"2026-08-13T22:17:19.211916453Z","tipoEvento":"HEARTBEAT","bufferSize":0}
2026-08-14 00:17:29,211 INFO  [it.uni.reti2.HeartbeatGenerator] (executor-thread-1) 💓 [HEARTBEAT] Invio heartbeat: {"stazioneId":"MI","stato":"ONLINE","timestamp":"2026-08-13T22:17:29.211836202Z","tipoEvento":"HEARTBEAT","bufferSize":0}
2026-08-14 00:17:39,211 INFO  [it.uni.reti2.HeartbeatGenerator] (executor-thread-1) 💓 [HEARTBEAT] Invio heartbeat: {"stazioneId":"MI","stato":"ONLINE","timestamp":"2026-08-13T22:17:39.211892541Z","tipoEvento":"HEARTBEAT","bufferSize":0}
2026-08-14 00:17:49,212 INFO  [it.uni.reti2.HeartbeatGenerator] (executor-thread-1) 💓 [HEARTBEAT] Invio heartbeat: {"stazioneId":"MI","stato":"ONLINE","timestamp":"2026-08-13T22:17:49.212154724Z","tipoEvento":"HEARTBEAT","bufferSize":0}
2026-08-14 00:17:59,212 INFO  [it.uni.reti2.HeartbeatGenerator] (executor-thread-1) 💓 [HEARTBEAT] Invio heartbeat: {"stazioneId":"MI","stato":"ONLINE","timestamp":"2026-08-13T22:17:59.212122446Z","tipoEvento":"HEARTBEAT","bufferSize":0}
2026-08-14 00:18:09,211 INFO  [it.uni.reti2.HeartbeatGenerator] (executor-thread-1) 💓 [HEARTBEAT] Invio heartbeat: {"stazioneId":"MI","stato":"ONLINE","timestamp":"2026-08-13T22:18:09.211869619Z","tipoEvento":"HEARTBEAT","bufferSize":0}
2026-08-14 00:18:19,212 INFO  [it.uni.reti2.HeartbeatGenerator] (executor-thread-1) 💓 [HEARTBEAT] Invio heartbeat: {"stazioneId":"MI","stato":"ONLINE","timestamp":"2026-08-13T22:18:19.212178516Z","tipoEvento":"HEARTBEAT","bufferSize":0}
2026-08-14 00:18:29,211 INFO  [it.uni.reti2.HeartbeatGenerator] (executor-thread-1) 💓 [HEARTBEAT] Invio heartbeat: {"stazioneId":"MI","stato":"ONLINE","timestamp":"2026-08-13T22:18:29.211801759Z","tipoEvento":"HEARTBEAT","bufferSize":0}
2026-08-14 00:18:39,212 INFO  [it.uni.reti2.HeartbeatGenerator] (executor-thread-1) 💓 [HEARTBEAT] Invio heartbeat: {"stazioneId":"MI","stato":"ONLINE","timestamp":"2026-08-13T22:18:39.212138767Z","tipoEvento":"HEARTBEAT","bufferSize":0}
2026-08-14 00:18:49,211 INFO  [it.uni.reti2.HeartbeatGenerator] (executor-thread-1) 💓 [HEARTBEAT] Invio heartbeat: {"stazioneId":"MI","stato":"ONLINE","timestamp":"2026-08-13T22:18:49.211738187Z","tipoEvento":"HEARTBEAT","bufferSize":0}
2026-08-14 00:18:59,211 INFO  [it.uni.reti2.HeartbeatGenerator] (executor-thread-1) 💓 [HEARTBEAT] Invio heartbeat: {"stazioneId":"MI","stato":"ONLINE","timestamp":"2026-08-13T22:18:59.211907469Z","tipoEvento":"HEARTBEAT","bufferSize":0}
2026-08-14 00:19:09,211 INFO  [it.uni.reti2.HeartbeatGenerator] (executor-thread-1) 💓 [HEARTBEAT] Invio heartbeat: {"stazioneId":"MI","stato":"ONLINE","timestamp":"2026-08-13T22:19:09.211837112Z","tipoEvento":"HEARTBEAT","bufferSize":0}
2026-08-14 00:19:19,211 INFO  [it.uni.reti2.HeartbeatGenerator] (executor-thread-1) 💓 [HEARTBEAT] Invio heartbeat: {"stazioneId":"MI","stato":"ONLINE","timestamp":"2026-08-13T22:19:19.211793911Z","tipoEvento":"HEARTBEAT","bufferSize":0}
2026-08-14 00:19:29,212 INFO  [it.uni.reti2.HeartbeatGenerator] (executor-thread-1) 💓 [HEARTBEAT] Invio heartbeat: {"stazioneId":"MI","stato":"ONLINE","timestamp":"2026-08-13T22:19:29.212067105Z","tipoEvento":"HEARTBEAT","bufferSize":0}
2026-08-14 00:19:39,211 INFO  [it.uni.reti2.HeartbeatGenerator] (executor-thread-1) 💓 [HEARTBEAT] Invio heartbeat: {"stazioneId":"MI","stato":"ONLINE","timestamp":"2026-08-13T22:19:39.211773387Z","tipoEvento":"HEARTBEAT","bufferSize":0}
2026-08-14 00:19:49,211 INFO  [it.uni.reti2.HeartbeatGenerator] (executor-thread-1) 💓 [HEARTBEAT] Invio heartbeat: {"stazioneId":"MI","stato":"ONLINE","timestamp":"2026-08-13T22:19:49.211751738Z","tipoEvento":"HEARTBEAT","bufferSize":0}
2026-08-14 00:19:59,211 INFO  [it.uni.reti2.HeartbeatGenerator] (executor-thread-1) 💓 [HEARTBEAT] Invio heartbeat: {"stazioneId":"MI","stato":"ONLINE","timestamp":"2026-08-13T22:19:59.211744919Z","tipoEvento":"HEARTBEAT","bufferSize":0}
2026-08-14 00:20:09,211 INFO  [it.uni.reti2.HeartbeatGenerator] (executor-thread-1) 💓 [HEARTBEAT] Invio heartbeat: {"stazioneId":"MI","stato":"ONLINE","timestamp":"2026-08-13T22:20:09.211801089Z","tipoEvento":"HEARTBEAT","bufferSize":0}
2026-08-14 00:20:19,211 INFO  [it.uni.reti2.HeartbeatGenerator] (executor-thread-1) 💓 [HEARTBEAT] Invio heartbeat: {"stazioneId":"MI","stato":"ONLINE","timestamp":"2026-08-13T22:20:19.211757007Z","tipoEvento":"HEARTBEAT","bufferSize":0}
2026-08-14 00:20:29,211 INFO  [it.uni.reti2.HeartbeatGenerator] (executor-thread-1) 💓 [HEARTBEAT] Invio heartbeat: {"stazioneId":"MI","stato":"ONLINE","timestamp":"2026-08-13T22:20:29.211751693Z","tipoEvento":"HEARTBEAT","bufferSize":0}
2026-08-14 00:20:39,211 INFO  [it.uni.reti2.HeartbeatGenerator] (executor-thread-1) 💓 [HEARTBEAT] Invio heartbeat: {"stazioneId":"MI","stato":"ONLINE","timestamp":"2026-08-13T22:20:39.211763758Z","tipoEvento":"HEARTBEAT","bufferSize":0}
2026-08-14 00:20:49,211 INFO  [it.uni.reti2.HeartbeatGenerator] (executor-thread-1) 💓 [HEARTBEAT] Invio heartbeat: {"stazioneId":"MI","stato":"ONLINE","timestamp":"2026-08-13T22:20:49.211768817Z","tipoEvento":"HEARTBEAT","bufferSize":0}
2026-08-14 00:20:59,211 INFO  [it.uni.reti2.HeartbeatGenerator] (executor-thread-1) 💓 [HEARTBEAT] Invio heartbeat: {"stazioneId":"MI","stato":"ONLINE","timestamp":"2026-08-13T22:20:59.211845673Z","tipoEvento":"HEARTBEAT","bufferSize":0}
2026-08-14 00:21:09,211 INFO  [it.uni.reti2.HeartbeatGenerator] (executor-thread-1) 💓 [HEARTBEAT] Invio heartbeat: {"stazioneId":"MI","stato":"ONLINE","timestamp":"2026-08-13T22:21:09.211870293Z","tipoEvento":"HEARTBEAT","bufferSize":0}
2026-08-14 00:21:19,211 INFO  [it.uni.reti2.HeartbeatGenerator] (executor-thread-1) 💓 [HEARTBEAT] Invio heartbeat: {"stazioneId":"MI","stato":"ONLINE","timestamp":"2026-08-13T22:21:19.211882755Z","tipoEvento":"HEARTBEAT","bufferSize":0}
2026-08-14 00:21:29,211 INFO  [it.uni.reti2.HeartbeatGenerator] (executor-thread-1) 💓 [HEARTBEAT] Invio heartbeat: {"stazioneId":"MI","stato":"ONLINE","timestamp":"2026-08-13T22:21:29.211802569Z","tipoEvento":"HEARTBEAT","bufferSize":0}
2026-08-14 00:21:39,212 INFO  [it.uni.reti2.HeartbeatGenerator] (executor-thread-1) 💓 [HEARTBEAT] Invio heartbeat: {"stazioneId":"MI","stato":"ONLINE","timestamp":"2026-08-13T22:21:39.212148732Z","tipoEvento":"HEARTBEAT","bufferSize":0}
2026-08-14 00:21:49,211 INFO  [it.uni.reti2.HeartbeatGenerator] (executor-thread-1) 💓 [HEARTBEAT] Invio heartbeat: {"stazioneId":"MI","stato":"ONLINE","timestamp":"2026-08-13T22:21:49.211832177Z","tipoEvento":"HEARTBEAT","bufferSize":0}
2026-08-14 00:21:59,212 INFO  [it.uni.reti2.HeartbeatGenerator] (executor-thread-1) 💓 [HEARTBEAT] Invio heartbeat: {"stazioneId":"MI","stato":"ONLINE","timestamp":"2026-08-13T22:21:59.212146510Z","tipoEvento":"HEARTBEAT","bufferSize":0}
2026-08-14 00:22:02,070 INFO  [it.uni.reti2.StationGateway] (vert.x-eventloop-thread-3) 🚂 [PASSAGGIO] Treno tenoAmmazzaRicchi in ENTRATA dalla stazione MI
2026-08-14 00:22:09,211 INFO  [it.uni.reti2.HeartbeatGenerator] (executor-thread-1) 💓 [HEARTBEAT] Invio heartbeat: {"stazioneId":"MI","stato":"ONLINE","timestamp":"2026-08-13T22:22:09.211805025Z","tipoEvento":"HEARTBEAT","bufferSize":0}
2026-08-14 00:22:19,212 INFO  [it.uni.reti2.HeartbeatGenerator] (executor-thread-1) 💓 [HEARTBEAT] Invio heartbeat: {"stazioneId":"MI","stato":"ONLINE","timestamp":"2026-08-13T22:22:19.212295105Z","tipoEvento":"HEARTBEAT","bufferSize":0}
2026-08-14 00:22:22,071 INFO  [it.uni.reti2.StationGateway] (vert.x-eventloop-thread-3) 🚂 [PASSAGGIO] Treno tenoAmmazzaRicchi in USCITA dalla stazione MI
2026-08-14 00:22:29,212 INFO  [it.uni.reti2.HeartbeatGenerator] (executor-thread-1) 💓 [HEARTBEAT] Invio heartbeat: {"stazioneId":"MI","stato":"ONLINE","timestamp":"2026-08-13T22:22:29.212253936Z","tipoEvento":"HEARTBEAT","bufferSize":0}
2026-08-14 00:22:39,212 INFO  [it.uni.reti2.HeartbeatGenerator] (executor-thread-1) 💓 [HEARTBEAT] Invio heartbeat: {"stazioneId":"MI","stato":"ONLINE","timestamp":"2026-08-13T22:22:39.212342433Z","tipoEvento":"HEARTBEAT","bufferSize":0}
2026-08-14 00:22:49,211 INFO  [it.uni.reti2.HeartbeatGenerator] (executor-thread-1) 💓 [HEARTBEAT] Invio heartbeat: {"stazioneId":"MI","stato":"ONLINE","timestamp":"2026-08-13T22:22:49.211896352Z","tipoEvento":"HEARTBEAT","bufferSize":0}
2026-08-14 00:22:59,211 INFO  [it.uni.reti2.HeartbeatGenerator] (executor-thread-1) 💓 [HEARTBEAT] Invio heartbeat: {"stazioneId":"MI","stato":"ONLINE","timestamp":"2026-08-13T22:22:59.211834188Z","tipoEvento":"HEARTBEAT","bufferSize":0}
2026-08-14 00:23:09,212 INFO  [it.uni.reti2.HeartbeatGenerator] (executor-thread-1) 💓 [HEARTBEAT] Invio heartbeat: {"stazioneId":"MI","stato":"ONLINE","timestamp":"2026-08-13T22:23:09.211984959Z","tipoEvento":"HEARTBEAT","bufferSize":0}
2026-08-14 00:23:19,211 INFO  [it.uni.reti2.HeartbeatGenerator] (executor-thread-1) 💓 [HEARTBEAT] Invio heartbeat: {"stazioneId":"MI","stato":"ONLINE","timestamp":"2026-08-13T22:23:19.211790895Z","tipoEvento":"HEARTBEAT","bufferSize":0}
2026-08-14 00:23:29,211 INFO  [it.uni.reti2.HeartbeatGenerator] (executor-thread-1) 💓 [HEARTBEAT] Invio heartbeat: {"stazioneId":"MI","stato":"ONLINE","timestamp":"2026-08-13T22:23:29.211819389Z","tipoEvento":"HEARTBEAT","bufferSize":0}
2026-08-14 00:23:39,211 INFO  [it.uni.reti2.HeartbeatGenerator] (executor-thread-1) 💓 [HEARTBEAT] Invio heartbeat: {"stazioneId":"MI","stato":"ONLINE","timestamp":"2026-08-13T22:23:39.211844162Z","tipoEvento":"HEARTBEAT","bufferSize":0}
2026-08-14 00:23:49,212 INFO  [it.uni.reti2.HeartbeatGenerator] (executor-thread-1) 💓 [HEARTBEAT] Invio heartbeat: {"stazioneId":"MI","stato":"ONLINE","timestamp":"2026-08-13T22:23:49.212188133Z","tipoEvento":"HEARTBEAT","bufferSize":0}
2026-08-14 00:23:59,211 INFO  [it.uni.reti2.HeartbeatGenerator] (executor-thread-1) 💓 [HEARTBEAT] Invio heartbeat: {"stazioneId":"MI","stato":"ONLINE","timestamp":"2026-08-13T22:23:59.211771850Z","tipoEvento":"HEARTBEAT","bufferSize":0}
2026-08-14 00:24:09,212 INFO  [it.uni.reti2.HeartbeatGenerator] (executor-thread-1) 💓 [HEARTBEAT] Invio heartbeat: {"stazioneId":"MI","stato":"ONLINE","timestamp":"2026-08-13T22:24:09.211977659Z","tipoEvento":"HEARTBEAT","bufferSize":0}
2026-08-14 00:24:19,211 INFO  [it.uni.reti2.HeartbeatGenerator] (executor-thread-1) 💓 [HEARTBEAT] Invio heartbeat: {"stazioneId":"MI","stato":"ONLINE","timestamp":"2026-08-13T22:24:19.211893927Z","tipoEvento":"HEARTBEAT","bufferSize":0}
2026-08-14 00:24:29,211 INFO  [it.uni.reti2.HeartbeatGenerator] (executor-thread-1) 💓 [HEARTBEAT] Invio heartbeat: {"stazioneId":"MI","stato":"ONLINE","timestamp":"2026-08-13T22:24:29.211831019Z","tipoEvento":"HEARTBEAT","bufferSize":0}
2026-08-14 00:24:39,211 INFO  [it.uni.reti2.HeartbeatGenerator] (executor-thread-1) 💓 [HEARTBEAT] Invio heartbeat: {"stazioneId":"MI","stato":"ONLINE","timestamp":"2026-08-13T22:24:39.211803924Z","tipoEvento":"HEARTBEAT","bufferSize":0}
2026-08-14 00:24:48,072 INFO  [it.uni.reti2.StationGateway] (vert.x-eventloop-thread-3) 🚂 [PASSAGGIO] Treno Mario in ENTRATA dalla stazione MI
2026-08-14 00:24:49,211 INFO  [it.uni.reti2.HeartbeatGenerator] (executor-thread-1) 💓 [HEARTBEAT] Invio heartbeat: {"stazioneId":"MI","stato":"ONLINE","timestamp":"2026-08-13T22:24:49.211836850Z","tipoEvento":"HEARTBEAT","bufferSize":0}
2026-08-14 00:24:59,211 INFO  [it.uni.reti2.HeartbeatGenerator] (executor-thread-1) 💓 [HEARTBEAT] Invio heartbeat: {"stazioneId":"MI","stato":"ONLINE","timestamp":"2026-08-13T22:24:59.211829011Z","tipoEvento":"HEARTBEAT","bufferSize":0}
2026-08-14 00:25:09,071 INFO  [it.uni.reti2.StationGateway] (vert.x-eventloop-thread-3) 🚂 [PASSAGGIO] Treno Mario in USCITA dalla stazione MI
2026-08-14 00:25:09,211 INFO  [it.uni.reti2.HeartbeatGenerator] (executor-thread-1) 💓 [HEARTBEAT] Invio heartbeat: {"stazioneId":"MI","stato":"ONLINE","timestamp":"2026-08-13T22:25:09.211808228Z","tipoEvento":"HEARTBEAT","bufferSize":0}
2026-08-14 00:25:19,211 INFO  [it.uni.reti2.HeartbeatGenerator] (executor-thread-1) 💓 [HEARTBEAT] Invio heartbeat: {"stazioneId":"MI","stato":"ONLINE","timestamp":"2026-08-13T22:25:19.211761525Z","tipoEvento":"HEARTBEAT","bufferSize":0}
2026-08-14 00:25:29,211 INFO  [it.uni.reti2.HeartbeatGenerator] (executor-thread-1) 💓 [HEARTBEAT] Invio heartbeat: {"stazioneId":"MI","stato":"ONLINE","timestamp":"2026-08-13T22:25:29.211866520Z","tipoEvento":"HEARTBEAT","bufferSize":0}
2026-08-14 00:25:39,211 INFO  [it.uni.reti2.HeartbeatGenerator] (executor-thread-1) 💓 [HEARTBEAT] Invio heartbeat: {"stazioneId":"MI","stato":"ONLINE","timestamp":"2026-08-13T22:25:39.211870581Z","tipoEvento":"HEARTBEAT","bufferSize":0}
2026-08-14 00:25:49,211 INFO  [it.uni.reti2.HeartbeatGenerator] (executor-thread-1) 💓 [HEARTBEAT] Invio heartbeat: {"stazioneId":"MI","stato":"ONLINE","timestamp":"2026-08-13T22:25:49.211817987Z","tipoEvento":"HEARTBEAT","bufferSize":0}
2026-08-14 00:25:59,211 INFO  [it.uni.reti2.HeartbeatGenerator] (executor-thread-1) 💓 [HEARTBEAT] Invio heartbeat: {"stazioneId":"MI","stato":"ONLINE","timestamp":"2026-08-13T22:25:59.211864538Z","tipoEvento":"HEARTBEAT","bufferSize":0}
2026-08-14 00:26:04,072 INFO  [it.uni.reti2.StationGateway] (vert.x-eventloop-thread-3) 🚂 [PASSAGGIO] Treno tenoAmmazzaRicchi in ENTRATA dalla stazione MI
2026-08-14 00:26:09,211 INFO  [it.uni.reti2.HeartbeatGenerator] (executor-thread-1) 💓 [HEARTBEAT] Invio heartbeat: {"stazioneId":"MI","stato":"ONLINE","timestamp":"2026-08-13T22:26:09.211908268Z","tipoEvento":"HEARTBEAT","bufferSize":0}
2026-08-14 00:26:19,211 INFO  [it.uni.reti2.HeartbeatGenerator] (executor-thread-1) 💓 [HEARTBEAT] Invio heartbeat: {"stazioneId":"MI","stato":"ONLINE","timestamp":"2026-08-13T22:26:19.211802741Z","tipoEvento":"HEARTBEAT","bufferSize":0}
2026-08-14 00:26:25,071 INFO  [it.uni.reti2.StationGateway] (vert.x-eventloop-thread-3) 🚂 [PASSAGGIO] Treno tenoAmmazzaRicchi in USCITA dalla stazione MI
2026-08-14 00:26:29,211 INFO  [it.uni.reti2.HeartbeatGenerator] (executor-thread-1) 💓 [HEARTBEAT] Invio heartbeat: {"stazioneId":"MI","stato":"ONLINE","timestamp":"2026-08-13T22:26:29.211754890Z","tipoEvento":"HEARTBEAT","bufferSize":0}
2026-08-14 00:26:39,211 INFO  [it.uni.reti2.HeartbeatGenerator] (executor-thread-1) 💓 [HEARTBEAT] Invio heartbeat: {"stazioneId":"MI","stato":"ONLINE","timestamp":"2026-08-13T22:26:39.211797281Z","tipoEvento":"HEARTBEAT","bufferSize":0}
2026-08-14 00:26:49,211 INFO  [it.uni.reti2.HeartbeatGenerator] (executor-thread-1) 💓 [HEARTBEAT] Invio heartbeat: {"stazioneId":"MI","stato":"ONLINE","timestamp":"2026-08-13T22:26:49.211938544Z","tipoEvento":"HEARTBEAT","bufferSize":0}
2026-08-14 00:26:59,211 INFO  [it.uni.reti2.HeartbeatGenerator] (executor-thread-1) 💓 [HEARTBEAT] Invio heartbeat: {"stazioneId":"MI","stato":"ONLINE","timestamp":"2026-08-13T22:26:59.211812774Z","tipoEvento":"HEARTBEAT","bufferSize":0}
2026-08-14 00:27:09,211 INFO  [it.uni.reti2.HeartbeatGenerator] (executor-thread-1) 💓 [HEARTBEAT] Invio heartbeat: {"stazioneId":"MI","stato":"ONLINE","timestamp":"2026-08-13T22:27:09.211901916Z","tipoEvento":"HEARTBEAT","bufferSize":0}
2026-08-14 00:27:19,211 INFO  [it.uni.reti2.HeartbeatGenerator] (executor-thread-1) 💓 [HEARTBEAT] Invio heartbeat: {"stazioneId":"MI","stato":"ONLINE","timestamp":"2026-08-13T22:27:19.211745722Z","tipoEvento":"HEARTBEAT","bufferSize":0}
2026-08-14 00:27:29,211 INFO  [it.uni.reti2.HeartbeatGenerator] (executor-thread-1) 💓 [HEARTBEAT] Invio heartbeat: {"stazioneId":"MI","stato":"ONLINE","timestamp":"2026-08-13T22:27:29.211917437Z","tipoEvento":"HEARTBEAT","bufferSize":0}
2026-08-14 00:27:39,211 INFO  [it.uni.reti2.HeartbeatGenerator] (executor-thread-1) 💓 [HEARTBEAT] Invio heartbeat: {"stazioneId":"MI","stato":"ONLINE","timestamp":"2026-08-13T22:27:39.211866048Z","tipoEvento":"HEARTBEAT","bufferSize":0}
2026-08-14 00:27:49,211 INFO  [it.uni.reti2.HeartbeatGenerator] (executor-thread-1) 💓 [HEARTBEAT] Invio heartbeat: {"stazioneId":"MI","stato":"ONLINE","timestamp":"2026-08-13T22:27:49.211848474Z","tipoEvento":"HEARTBEAT","bufferSize":0}
2026-08-14 00:27:59,211 INFO  [it.uni.reti2.HeartbeatGenerator] (executor-thread-1) 💓 [HEARTBEAT] Invio heartbeat: {"stazioneId":"MI","stato":"ONLINE","timestamp":"2026-08-13T22:27:59.211864913Z","tipoEvento":"HEARTBEAT","bufferSize":0}
2026-08-14 00:28:09,211 INFO  [it.uni.reti2.HeartbeatGenerator] (executor-thread-1) 💓 [HEARTBEAT] Invio heartbeat: {"stazioneId":"MI","stato":"ONLINE","timestamp":"2026-08-13T22:28:09.211893849Z","tipoEvento":"HEARTBEAT","bufferSize":0}
2026-08-14 00:28:19,211 INFO  [it.uni.reti2.HeartbeatGenerator] (executor-thread-1) 💓 [HEARTBEAT] Invio heartbeat: {"stazioneId":"MI","stato":"ONLINE","timestamp":"2026-08-13T22:28:19.211911633Z","tipoEvento":"HEARTBEAT","bufferSize":0}
2026-08-14 00:28:29,211 INFO  [it.uni.reti2.HeartbeatGenerator] (executor-thread-1) 💓 [HEARTBEAT] Invio heartbeat: {"stazioneId":"MI","stato":"ONLINE","timestamp":"2026-08-13T22:28:29.211823336Z","tipoEvento":"HEARTBEAT","bufferSize":0}
2026-08-14 00:28:39,212 INFO  [it.uni.reti2.HeartbeatGenerator] (executor-thread-1) 💓 [HEARTBEAT] Invio heartbeat: {"stazioneId":"MI","stato":"ONLINE","timestamp":"2026-08-13T22:28:39.212182829Z","tipoEvento":"HEARTBEAT","bufferSize":0}
2026-08-14 00:28:49,211 INFO  [it.uni.reti2.HeartbeatGenerator] (executor-thread-1) 💓 [HEARTBEAT] Invio heartbeat: {"stazioneId":"MI","stato":"ONLINE","timestamp":"2026-08-13T22:28:49.211877542Z","tipoEvento":"HEARTBEAT","bufferSize":0}
2026-08-14 00:28:51,072 INFO  [it.uni.reti2.StationGateway] (vert.x-eventloop-thread-3) 🚂 [PASSAGGIO] Treno Mario in ENTRATA dalla stazione MI
2026-08-14 00:28:59,212 INFO  [it.uni.reti2.HeartbeatGenerator] (executor-thread-1) 💓 [HEARTBEAT] Invio heartbeat: {"stazioneId":"MI","stato":"ONLINE","timestamp":"2026-08-13T22:28:59.212142285Z","tipoEvento":"HEARTBEAT","bufferSize":0}
2026-08-14 00:29:09,211 INFO  [it.uni.reti2.HeartbeatGenerator] (executor-thread-1) 💓 [HEARTBEAT] Invio heartbeat: {"stazioneId":"MI","stato":"ONLINE","timestamp":"2026-08-13T22:29:09.211817625Z","tipoEvento":"HEARTBEAT","bufferSize":0}
2026-08-14 00:29:12,071 INFO  [it.uni.reti2.StationGateway] (vert.x-eventloop-thread-3) 🚂 [PASSAGGIO] Treno Mario in USCITA dalla stazione MI
2026-08-14 00:29:19,211 INFO  [it.uni.reti2.HeartbeatGenerator] (executor-thread-1) 💓 [HEARTBEAT] Invio heartbeat: {"stazioneId":"MI","stato":"ONLINE","timestamp":"2026-08-13T22:29:19.211873454Z","tipoEvento":"HEARTBEAT","bufferSize":0}
2026-08-14 00:29:29,211 INFO  [it.uni.reti2.HeartbeatGenerator] (executor-thread-1) 💓 [HEARTBEAT] Invio heartbeat: {"stazioneId":"MI","stato":"ONLINE","timestamp":"2026-08-13T22:29:29.211818733Z","tipoEvento":"HEARTBEAT","bufferSize":0}
2026-08-14 00:29:39,212 INFO  [it.uni.reti2.HeartbeatGenerator] (executor-thread-1) 💓 [HEARTBEAT] Invio heartbeat: {"stazioneId":"MI","stato":"ONLINE","timestamp":"2026-08-13T22:29:39.212062686Z","tipoEvento":"HEARTBEAT","bufferSize":0}
2026-08-14 00:29:49,212 INFO  [it.uni.reti2.HeartbeatGenerator] (executor-thread-1) 💓 [HEARTBEAT] Invio heartbeat: {"stazioneId":"MI","stato":"ONLINE","timestamp":"2026-08-13T22:29:49.212249034Z","tipoEvento":"HEARTBEAT","bufferSize":0}
2026-08-14 00:29:59,212 INFO  [it.uni.reti2.HeartbeatGenerator] (executor-thread-1) 💓 [HEARTBEAT] Invio heartbeat: {"stazioneId":"MI","stato":"ONLINE","timestamp":"2026-08-13T22:29:59.212187075Z","tipoEvento":"HEARTBEAT","bufferSize":0}
2026-08-14 00:30:09,211 INFO  [it.uni.reti2.HeartbeatGenerator] (executor-thread-1) 💓 [HEARTBEAT] Invio heartbeat: {"stazioneId":"MI","stato":"ONLINE","timestamp":"2026-08-13T22:30:09.211879523Z","tipoEvento":"HEARTBEAT","bufferSize":0}
2026-08-14 00:30:19,211 INFO  [it.uni.reti2.HeartbeatGenerator] (executor-thread-1) 💓 [HEARTBEAT] Invio heartbeat: {"stazioneId":"MI","stato":"ONLINE","timestamp":"2026-08-13T22:30:19.211900379Z","tipoEvento":"HEARTBEAT","bufferSize":0}
2026-08-14 00:30:29,212 INFO  [it.uni.reti2.HeartbeatGenerator] (executor-thread-1) 💓 [HEARTBEAT] Invio heartbeat: {"stazioneId":"MI","stato":"ONLINE","timestamp":"2026-08-13T22:30:29.212132040Z","tipoEvento":"HEARTBEAT","bufferSize":0}
2026-08-14 00:30:39,212 INFO  [it.uni.reti2.HeartbeatGenerator] (executor-thread-1) 💓 [HEARTBEAT] Invio heartbeat: {"stazioneId":"MI","stato":"ONLINE","timestamp":"2026-08-13T22:30:39.212304388Z","tipoEvento":"HEARTBEAT","bufferSize":0}
2026-08-14 00:30:49,212 INFO  [it.uni.reti2.HeartbeatGenerator] (executor-thread-1) 💓 [HEARTBEAT] Invio heartbeat: {"stazioneId":"MI","stato":"ONLINE","timestamp":"2026-08-13T22:30:49.212881923Z","tipoEvento":"HEARTBEAT","bufferSize":0}
2026-08-14 00:30:59,211 INFO  [it.uni.reti2.HeartbeatGenerator] (executor-thread-1) 💓 [HEARTBEAT] Invio heartbeat: {"stazioneId":"MI","stato":"ONLINE","timestamp":"2026-08-13T22:30:59.211771873Z","tipoEvento":"HEARTBEAT","bufferSize":0}
2026-08-14 00:31:09,212 INFO  [it.uni.reti2.HeartbeatGenerator] (executor-thread-1) 💓 [HEARTBEAT] Invio heartbeat: {"stazioneId":"MI","stato":"ONLINE","timestamp":"2026-08-13T22:31:09.212384709Z","tipoEvento":"HEARTBEAT","bufferSize":0}
2026-08-14 00:31:19,211 INFO  [it.uni.reti2.HeartbeatGenerator] (executor-thread-1) 💓 [HEARTBEAT] Invio heartbeat: {"stazioneId":"MI","stato":"ONLINE","timestamp":"2026-08-13T22:31:19.211857360Z","tipoEvento":"HEARTBEAT","bufferSize":0}
2026-08-14 00:31:29,211 INFO  [it.uni.reti2.HeartbeatGenerator] (executor-thread-1) 💓 [HEARTBEAT] Invio heartbeat: {"stazioneId":"MI","stato":"ONLINE","timestamp":"2026-08-13T22:31:29.211818899Z","tipoEvento":"HEARTBEAT","bufferSize":0}
2026-08-14 00:31:39,212 INFO  [it.uni.reti2.HeartbeatGenerator] (executor-thread-1) 💓 [HEARTBEAT] Invio heartbeat: {"stazioneId":"MI","stato":"ONLINE","timestamp":"2026-08-13T22:31:39.212845035Z","tipoEvento":"HEARTBEAT","bufferSize":0}
2026-08-14 00:31:49,212 INFO  [it.uni.reti2.HeartbeatGenerator] (executor-thread-1) 💓 [HEARTBEAT] Invio heartbeat: {"stazioneId":"MI","stato":"ONLINE","timestamp":"2026-08-13T22:31:49.212366832Z","tipoEvento":"HEARTBEAT","bufferSize":0}
2026-08-14 00:31:59,212 INFO  [it.uni.reti2.HeartbeatGenerator] (executor-thread-1) 💓 [HEARTBEAT] Invio heartbeat: {"stazioneId":"MI","stato":"ONLINE","timestamp":"2026-08-13T22:31:59.212156035Z","tipoEvento":"HEARTBEAT","bufferSize":0}
2026-08-14 00:32:09,212 INFO  [it.uni.reti2.HeartbeatGenerator] (executor-thread-1) 💓 [HEARTBEAT] Invio heartbeat: {"stazioneId":"MI","stato":"ONLINE","timestamp":"2026-08-13T22:32:09.212292206Z","tipoEvento":"HEARTBEAT","bufferSize":0}
2026-08-14 00:32:19,212 INFO  [it.uni.reti2.HeartbeatGenerator] (executor-thread-1) 💓 [HEARTBEAT] Invio heartbeat: {"stazioneId":"MI","stato":"ONLINE","timestamp":"2026-08-13T22:32:19.212290048Z","tipoEvento":"HEARTBEAT","bufferSize":0}
2026-08-14 00:32:29,212 INFO  [it.uni.reti2.HeartbeatGenerator] (executor-thread-1) 💓 [HEARTBEAT] Invio heartbeat: {"stazioneId":"MI","stato":"ONLINE","timestamp":"2026-08-13T22:32:29.211970685Z","tipoEvento":"HEARTBEAT","bufferSize":0}
2026-08-14 00:32:39,212 INFO  [it.uni.reti2.HeartbeatGenerator] (executor-thread-1) 💓 [HEARTBEAT] Invio heartbeat: {"stazioneId":"MI","stato":"ONLINE","timestamp":"2026-08-13T22:32:39.212336778Z","tipoEvento":"HEARTBEAT","bufferSize":0}
2026-08-14 00:32:49,212 INFO  [it.uni.reti2.HeartbeatGenerator] (executor-thread-1) 💓 [HEARTBEAT] Invio heartbeat: {"stazioneId":"MI","stato":"ONLINE","timestamp":"2026-08-13T22:32:49.212014255Z","tipoEvento":"HEARTBEAT","bufferSize":0}
2026-08-14 00:32:59,212 INFO  [it.uni.reti2.HeartbeatGenerator] (executor-thread-1) 💓 [HEARTBEAT] Invio heartbeat: {"stazioneId":"MI","stato":"ONLINE","timestamp":"2026-08-13T22:32:59.212655044Z","tipoEvento":"HEARTBEAT","bufferSize":0}
2026-08-14 00:33:09,211 INFO  [it.uni.reti2.HeartbeatGenerator] (executor-thread-1) 💓 [HEARTBEAT] Invio heartbeat: {"stazioneId":"MI","stato":"ONLINE","timestamp":"2026-08-13T22:33:09.211867294Z","tipoEvento":"HEARTBEAT","bufferSize":0}
2026-08-14 00:33:19,211 INFO  [it.uni.reti2.HeartbeatGenerator] (executor-thread-1) 💓 [HEARTBEAT] Invio heartbeat: {"stazioneId":"MI","stato":"ONLINE","timestamp":"2026-08-13T22:33:19.211743176Z","tipoEvento":"HEARTBEAT","bufferSize":0}
2026-08-14 00:33:29,212 INFO  [it.uni.reti2.HeartbeatGenerator] (executor-thread-1) 💓 [HEARTBEAT] Invio heartbeat: {"stazioneId":"MI","stato":"ONLINE","timestamp":"2026-08-13T22:33:29.212374752Z","tipoEvento":"HEARTBEAT","bufferSize":0}
2026-08-14 00:33:39,211 INFO  [it.uni.reti2.HeartbeatGenerator] (executor-thread-1) 💓 [HEARTBEAT] Invio heartbeat: {"stazioneId":"MI","stato":"ONLINE","timestamp":"2026-08-13T22:33:39.211861460Z","tipoEvento":"HEARTBEAT","bufferSize":0}
2026-08-14 00:33:49,071 INFO  [it.uni.reti2.StationGateway] (vert.x-eventloop-thread-3) 🚂 [PASSAGGIO] Treno tenoAmmazzaRicchi in ENTRATA dalla stazione MI
2026-08-14 00:33:49,212 INFO  [it.uni.reti2.HeartbeatGenerator] (executor-thread-1) 💓 [HEARTBEAT] Invio heartbeat: {"stazioneId":"MI","stato":"ONLINE","timestamp":"2026-08-13T22:33:49.212273193Z","tipoEvento":"HEARTBEAT","bufferSize":0}
2026-08-14 00:33:59,212 INFO  [it.uni.reti2.HeartbeatGenerator] (executor-thread-1) 💓 [HEARTBEAT] Invio heartbeat: {"stazioneId":"MI","stato":"ONLINE","timestamp":"2026-08-13T22:33:59.212901169Z","tipoEvento":"HEARTBEAT","bufferSize":0}
2026-08-14 00:34:09,071 INFO  [it.uni.reti2.StationGateway] (vert.x-eventloop-thread-3) 🚂 [PASSAGGIO] Treno tenoAmmazzaRicchi in USCITA dalla stazione MI
2026-08-14 00:34:09,212 INFO  [it.uni.reti2.HeartbeatGenerator] (executor-thread-1) 💓 [HEARTBEAT] Invio heartbeat: {"stazioneId":"MI","stato":"ONLINE","timestamp":"2026-08-13T22:34:09.211993832Z","tipoEvento":"HEARTBEAT","bufferSize":0}
2026-08-14 00:34:19,211 INFO  [it.uni.reti2.HeartbeatGenerator] (executor-thread-1) 💓 [HEARTBEAT] Invio heartbeat: {"stazioneId":"MI","stato":"ONLINE","timestamp":"2026-08-13T22:34:19.211860925Z","tipoEvento":"HEARTBEAT","bufferSize":0}
2026-08-14 00:34:29,212 INFO  [it.uni.reti2.HeartbeatGenerator] (executor-thread-1) 💓 [HEARTBEAT] Invio heartbeat: {"stazioneId":"MI","stato":"ONLINE","timestamp":"2026-08-13T22:34:29.212036107Z","tipoEvento":"HEARTBEAT","bufferSize":0}
2026-08-14 00:34:39,212 INFO  [it.uni.reti2.HeartbeatGenerator] (executor-thread-1) 💓 [HEARTBEAT] Invio heartbeat: {"stazioneId":"MI","stato":"ONLINE","timestamp":"2026-08-13T22:34:39.212137090Z","tipoEvento":"HEARTBEAT","bufferSize":0}
2026-08-14 00:34:49,211 INFO  [it.uni.reti2.HeartbeatGenerator] (executor-thread-1) 💓 [HEARTBEAT] Invio heartbeat: {"stazioneId":"MI","stato":"ONLINE","timestamp":"2026-08-13T22:34:49.211894705Z","tipoEvento":"HEARTBEAT","bufferSize":0}
2026-08-14 00:34:59,211 INFO  [it.uni.reti2.HeartbeatGenerator] (executor-thread-1) 💓 [HEARTBEAT] Invio heartbeat: {"stazioneId":"MI","stato":"ONLINE","timestamp":"2026-08-13T22:34:59.211912973Z","tipoEvento":"HEARTBEAT","bufferSize":0}
2026-08-14 00:35:09,211 INFO  [it.uni.reti2.HeartbeatGenerator] (executor-thread-1) 💓 [HEARTBEAT] Invio heartbeat: {"stazioneId":"MI","stato":"ONLINE","timestamp":"2026-08-13T22:35:09.211882207Z","tipoEvento":"HEARTBEAT","bufferSize":0}
2026-08-14 00:35:19,211 INFO  [it.uni.reti2.HeartbeatGenerator] (executor-thread-1) 💓 [HEARTBEAT] Invio heartbeat: {"stazioneId":"MI","stato":"ONLINE","timestamp":"2026-08-13T22:35:19.211829058Z","tipoEvento":"HEARTBEAT","bufferSize":0}
2026-08-14 00:35:29,212 INFO  [it.uni.reti2.HeartbeatGenerator] (executor-thread-1) 💓 [HEARTBEAT] Invio heartbeat: {"stazioneId":"MI","stato":"ONLINE","timestamp":"2026-08-13T22:35:29.212613340Z","tipoEvento":"HEARTBEAT","bufferSize":0}
2026-08-14 00:35:39,212 INFO  [it.uni.reti2.HeartbeatGenerator] (executor-thread-1) 💓 [HEARTBEAT] Invio heartbeat: {"stazioneId":"MI","stato":"ONLINE","timestamp":"2026-08-13T22:35:39.212294058Z","tipoEvento":"HEARTBEAT","bufferSize":0}
2026-08-14 00:35:49,213 INFO  [it.uni.reti2.HeartbeatGenerator] (executor-thread-1) 💓 [HEARTBEAT] Invio heartbeat: {"stazioneId":"MI","stato":"ONLINE","timestamp":"2026-08-13T22:35:49.213024868Z","tipoEvento":"HEARTBEAT","bufferSize":0}
2026-08-14 00:35:59,212 INFO  [it.uni.reti2.HeartbeatGenerator] (executor-thread-1) 💓 [HEARTBEAT] Invio heartbeat: {"stazioneId":"MI","stato":"ONLINE","timestamp":"2026-08-13T22:35:59.212640264Z","tipoEvento":"HEARTBEAT","bufferSize":0}
2026-08-14 00:36:09,212 INFO  [it.uni.reti2.HeartbeatGenerator] (executor-thread-1) 💓 [HEARTBEAT] Invio heartbeat: {"stazioneId":"MI","stato":"ONLINE","timestamp":"2026-08-13T22:36:09.212014561Z","tipoEvento":"HEARTBEAT","bufferSize":0}
2026-08-14 00:36:19,211 INFO  [it.uni.reti2.HeartbeatGenerator] (executor-thread-1) 💓 [HEARTBEAT] Invio heartbeat: {"stazioneId":"MI","stato":"ONLINE","timestamp":"2026-08-13T22:36:19.211882157Z","tipoEvento":"HEARTBEAT","bufferSize":0}
2026-08-14 00:36:29,211 INFO  [it.uni.reti2.HeartbeatGenerator] (executor-thread-1) 💓 [HEARTBEAT] Invio heartbeat: {"stazioneId":"MI","stato":"ONLINE","timestamp":"2026-08-13T22:36:29.211903267Z","tipoEvento":"HEARTBEAT","bufferSize":0}
2026-08-14 00:36:39,211 INFO  [it.uni.reti2.HeartbeatGenerator] (executor-thread-1) 💓 [HEARTBEAT] Invio heartbeat: {"stazioneId":"MI","stato":"ONLINE","timestamp":"2026-08-13T22:36:39.211801714Z","tipoEvento":"HEARTBEAT","bufferSize":0}
2026-08-14 00:36:49,212 INFO  [it.uni.reti2.HeartbeatGenerator] (executor-thread-1) 💓 [HEARTBEAT] Invio heartbeat: {"stazioneId":"MI","stato":"ONLINE","timestamp":"2026-08-13T22:36:49.212225171Z","tipoEvento":"HEARTBEAT","bufferSize":0}
2026-08-14 00:36:59,212 INFO  [it.uni.reti2.HeartbeatGenerator] (executor-thread-1) 💓 [HEARTBEAT] Invio heartbeat: {"stazioneId":"MI","stato":"ONLINE","timestamp":"2026-08-13T22:36:59.212229033Z","tipoEvento":"HEARTBEAT","bufferSize":0}
2026-08-14 00:37:09,212 INFO  [it.uni.reti2.HeartbeatGenerator] (executor-thread-1) 💓 [HEARTBEAT] Invio heartbeat: {"stazioneId":"MI","stato":"ONLINE","timestamp":"2026-08-13T22:37:09.212328497Z","tipoEvento":"HEARTBEAT","bufferSize":0}
2026-08-14 00:37:19,211 INFO  [it.uni.reti2.HeartbeatGenerator] (executor-thread-1) 💓 [HEARTBEAT] Invio heartbeat: {"stazioneId":"MI","stato":"ONLINE","timestamp":"2026-08-13T22:37:19.211803074Z","tipoEvento":"HEARTBEAT","bufferSize":0}
2026-08-14 00:37:29,211 INFO  [it.uni.reti2.HeartbeatGenerator] (executor-thread-1) 💓 [HEARTBEAT] Invio heartbeat: {"stazioneId":"MI","stato":"ONLINE","timestamp":"2026-08-13T22:37:29.211860633Z","tipoEvento":"HEARTBEAT","bufferSize":0}
2026-08-14 00:37:39,212 INFO  [it.uni.reti2.HeartbeatGenerator] (executor-thread-1) 💓 [HEARTBEAT] Invio heartbeat: {"stazioneId":"MI","stato":"ONLINE","timestamp":"2026-08-13T22:37:39.212172238Z","tipoEvento":"HEARTBEAT","bufferSize":0}
2026-08-14 00:37:49,211 INFO  [it.uni.reti2.HeartbeatGenerator] (executor-thread-1) 💓 [HEARTBEAT] Invio heartbeat: {"stazioneId":"MI","stato":"ONLINE","timestamp":"2026-08-13T22:37:49.211853934Z","tipoEvento":"HEARTBEAT","bufferSize":0}
2026-08-14 00:37:52,072 INFO  [it.uni.reti2.StationGateway] (vert.x-eventloop-thread-3) 🚂 [PASSAGGIO] Treno tenoAmmazzaRicchi in ENTRATA dalla stazione MI
2026-08-14 00:37:59,211 INFO  [it.uni.reti2.HeartbeatGenerator] (executor-thread-1) 💓 [HEARTBEAT] Invio heartbeat: {"stazioneId":"MI","stato":"ONLINE","timestamp":"2026-08-13T22:37:59.211803786Z","tipoEvento":"HEARTBEAT","bufferSize":0}
2026-08-14 00:38:09,211 INFO  [it.uni.reti2.HeartbeatGenerator] (executor-thread-1) 💓 [HEARTBEAT] Invio heartbeat: {"stazioneId":"MI","stato":"ONLINE","timestamp":"2026-08-13T22:38:09.211822029Z","tipoEvento":"HEARTBEAT","bufferSize":0}
2026-08-14 00:38:13,072 INFO  [it.uni.reti2.StationGateway] (vert.x-eventloop-thread-3) 🚂 [PASSAGGIO] Treno tenoAmmazzaRicchi in USCITA dalla stazione MI
2026-08-14 00:38:19,212 INFO  [it.uni.reti2.HeartbeatGenerator] (executor-thread-1) 💓 [HEARTBEAT] Invio heartbeat: {"stazioneId":"MI","stato":"ONLINE","timestamp":"2026-08-13T22:38:19.212175630Z","tipoEvento":"HEARTBEAT","bufferSize":0}
2026-08-14 00:38:29,212 INFO  [it.uni.reti2.HeartbeatGenerator] (executor-thread-1) 💓 [HEARTBEAT] Invio heartbeat: {"stazioneId":"MI","stato":"ONLINE","timestamp":"2026-08-13T22:38:29.212330340Z","tipoEvento":"HEARTBEAT","bufferSize":0}
2026-08-14 00:38:39,212 INFO  [it.uni.reti2.HeartbeatGenerator] (executor-thread-1) 💓 [HEARTBEAT] Invio heartbeat: {"stazioneId":"MI","stato":"ONLINE","timestamp":"2026-08-13T22:38:39.212931497Z","tipoEvento":"HEARTBEAT","bufferSize":0}
2026-08-14 00:38:49,212 INFO  [it.uni.reti2.HeartbeatGenerator] (executor-thread-1) 💓 [HEARTBEAT] Invio heartbeat: {"stazioneId":"MI","stato":"ONLINE","timestamp":"2026-08-13T22:38:49.212280061Z","tipoEvento":"HEARTBEAT","bufferSize":0}
2026-08-14 00:38:59,212 INFO  [it.uni.reti2.HeartbeatGenerator] (executor-thread-1) 💓 [HEARTBEAT] Invio heartbeat: {"stazioneId":"MI","stato":"ONLINE","timestamp":"2026-08-13T22:38:59.212187940Z","tipoEvento":"HEARTBEAT","bufferSize":0}
2026-08-14 00:39:09,211 INFO  [it.uni.reti2.HeartbeatGenerator] (executor-thread-1) 💓 [HEARTBEAT] Invio heartbeat: {"stazioneId":"MI","stato":"ONLINE","timestamp":"2026-08-13T22:39:09.211842913Z","tipoEvento":"HEARTBEAT","bufferSize":0}
2026-08-14 00:39:19,211 INFO  [it.uni.reti2.HeartbeatGenerator] (executor-thread-1) 💓 [HEARTBEAT] Invio heartbeat: {"stazioneId":"MI","stato":"ONLINE","timestamp":"2026-08-13T22:39:19.211796466Z","tipoEvento":"HEARTBEAT","bufferSize":0}
2026-08-14 00:39:29,211 INFO  [it.uni.reti2.HeartbeatGenerator] (executor-thread-1) 💓 [HEARTBEAT] Invio heartbeat: {"stazioneId":"MI","stato":"ONLINE","timestamp":"2026-08-13T22:39:29.211799110Z","tipoEvento":"HEARTBEAT","bufferSize":0}
2026-08-14 00:39:39,212 INFO  [it.uni.reti2.HeartbeatGenerator] (executor-thread-1) 💓 [HEARTBEAT] Invio heartbeat: {"stazioneId":"MI","stato":"ONLINE","timestamp":"2026-08-13T22:39:39.211978104Z","tipoEvento":"HEARTBEAT","bufferSize":0}
2026-08-14 00:39:49,212 INFO  [it.uni.reti2.HeartbeatGenerator] (executor-thread-1) 💓 [HEARTBEAT] Invio heartbeat: {"stazioneId":"MI","stato":"ONLINE","timestamp":"2026-08-13T22:39:49.212277075Z","tipoEvento":"HEARTBEAT","bufferSize":0}
2026-08-14 00:39:59,212 INFO  [it.uni.reti2.HeartbeatGenerator] (executor-thread-1) 💓 [HEARTBEAT] Invio heartbeat: {"stazioneId":"MI","stato":"ONLINE","timestamp":"2026-08-13T22:39:59.212134444Z","tipoEvento":"HEARTBEAT","bufferSize":0}
2026-08-14 00:40:09,211 INFO  [it.uni.reti2.HeartbeatGenerator] (executor-thread-1) 💓 [HEARTBEAT] Invio heartbeat: {"stazioneId":"MI","stato":"ONLINE","timestamp":"2026-08-13T22:40:09.211883273Z","tipoEvento":"HEARTBEAT","bufferSize":0}
2026-08-14 00:40:19,211 INFO  [it.uni.reti2.HeartbeatGenerator] (executor-thread-1) 💓 [HEARTBEAT] Invio heartbeat: {"stazioneId":"MI","stato":"ONLINE","timestamp":"2026-08-13T22:40:19.211865510Z","tipoEvento":"HEARTBEAT","bufferSize":0}
2026-08-14 00:40:20,071 INFO  [it.uni.reti2.StationGateway] (vert.x-eventloop-thread-3) 🚂 [PASSAGGIO] Treno Mario in ENTRATA dalla stazione MI
2026-08-14 00:40:29,212 INFO  [it.uni.reti2.HeartbeatGenerator] (executor-thread-1) 💓 [HEARTBEAT] Invio heartbeat: {"stazioneId":"MI","stato":"ONLINE","timestamp":"2026-08-13T22:40:29.212342483Z","tipoEvento":"HEARTBEAT","bufferSize":0}
2026-08-14 00:40:39,212 INFO  [it.uni.reti2.HeartbeatGenerator] (executor-thread-1) 💓 [HEARTBEAT] Invio heartbeat: {"stazioneId":"MI","stato":"ONLINE","timestamp":"2026-08-13T22:40:39.212351465Z","tipoEvento":"HEARTBEAT","bufferSize":0}
2026-08-14 00:40:40,071 INFO  [it.uni.reti2.StationGateway] (vert.x-eventloop-thread-3) 🚂 [PASSAGGIO] Treno Mario in USCITA dalla stazione MI
2026-08-14 00:40:49,211 INFO  [it.uni.reti2.HeartbeatGenerator] (executor-thread-1) 💓 [HEARTBEAT] Invio heartbeat: {"stazioneId":"MI","stato":"ONLINE","timestamp":"2026-08-13T22:40:49.211889493Z","tipoEvento":"HEARTBEAT","bufferSize":0}
2026-08-14 00:40:59,212 INFO  [it.uni.reti2.HeartbeatGenerator] (executor-thread-1) 💓 [HEARTBEAT] Invio heartbeat: {"stazioneId":"MI","stato":"ONLINE","timestamp":"2026-08-13T22:40:59.212022747Z","tipoEvento":"HEARTBEAT","bufferSize":0}
2026-08-14 00:41:09,212 INFO  [it.uni.reti2.HeartbeatGenerator] (executor-thread-1) 💓 [HEARTBEAT] Invio heartbeat: {"stazioneId":"MI","stato":"ONLINE","timestamp":"2026-08-13T22:41:09.212232796Z","tipoEvento":"HEARTBEAT","bufferSize":0}
2026-08-14 00:41:19,211 INFO  [it.uni.reti2.HeartbeatGenerator] (executor-thread-1) 💓 [HEARTBEAT] Invio heartbeat: {"stazioneId":"MI","stato":"ONLINE","timestamp":"2026-08-13T22:41:19.211827169Z","tipoEvento":"HEARTBEAT","bufferSize":0}
2026-08-14 00:41:29,212 INFO  [it.uni.reti2.HeartbeatGenerator] (executor-thread-1) 💓 [HEARTBEAT] Invio heartbeat: {"stazioneId":"MI","stato":"ONLINE","timestamp":"2026-08-13T22:41:29.211967605Z","tipoEvento":"HEARTBEAT","bufferSize":0}
2026-08-14 00:41:39,211 INFO  [it.uni.reti2.HeartbeatGenerator] (executor-thread-1) 💓 [HEARTBEAT] Invio heartbeat: {"stazioneId":"MI","stato":"ONLINE","timestamp":"2026-08-13T22:41:39.211756063Z","tipoEvento":"HEARTBEAT","bufferSize":0}
2026-08-14 00:41:49,212 INFO  [it.uni.reti2.HeartbeatGenerator] (executor-thread-1) 💓 [HEARTBEAT] Invio heartbeat: {"stazioneId":"MI","stato":"ONLINE","timestamp":"2026-08-13T22:41:49.212289496Z","tipoEvento":"HEARTBEAT","bufferSize":0}
2026-08-14 00:41:59,212 INFO  [it.uni.reti2.HeartbeatGenerator] (executor-thread-1) 💓 [HEARTBEAT] Invio heartbeat: {"stazioneId":"MI","stato":"ONLINE","timestamp":"2026-08-13T22:41:59.212151416Z","tipoEvento":"HEARTBEAT","bufferSize":0}
2026-08-14 00:42:09,212 INFO  [it.uni.reti2.HeartbeatGenerator] (executor-thread-1) 💓 [HEARTBEAT] Invio heartbeat: {"stazioneId":"MI","stato":"ONLINE","timestamp":"2026-08-13T22:42:09.212206256Z","tipoEvento":"HEARTBEAT","bufferSize":0}
2026-08-14 00:42:19,212 INFO  [it.uni.reti2.HeartbeatGenerator] (executor-thread-1) 💓 [HEARTBEAT] Invio heartbeat: {"stazioneId":"MI","stato":"ONLINE","timestamp":"2026-08-13T22:42:19.212150350Z","tipoEvento":"HEARTBEAT","bufferSize":0}
2026-08-14 00:42:29,212 INFO  [it.uni.reti2.HeartbeatGenerator] (executor-thread-1) 💓 [HEARTBEAT] Invio heartbeat: {"stazioneId":"MI","stato":"ONLINE","timestamp":"2026-08-13T22:42:29.212709499Z","tipoEvento":"HEARTBEAT","bufferSize":0}
2026-08-14 00:42:39,211 INFO  [it.uni.reti2.HeartbeatGenerator] (executor-thread-1) 💓 [HEARTBEAT] Invio heartbeat: {"stazioneId":"MI","stato":"ONLINE","timestamp":"2026-08-13T22:42:39.211824068Z","tipoEvento":"HEARTBEAT","bufferSize":0}
2026-08-14 00:42:49,211 INFO  [it.uni.reti2.HeartbeatGenerator] (executor-thread-1) 💓 [HEARTBEAT] Invio heartbeat: {"stazioneId":"MI","stato":"ONLINE","timestamp":"2026-08-13T22:42:49.211872224Z","tipoEvento":"HEARTBEAT","bufferSize":0}
2026-08-14 00:42:59,211 INFO  [it.uni.reti2.HeartbeatGenerator] (executor-thread-1) 💓 [HEARTBEAT] Invio heartbeat: {"stazioneId":"MI","stato":"ONLINE","timestamp":"2026-08-13T22:42:59.211926347Z","tipoEvento":"HEARTBEAT","bufferSize":0}
2026-08-14 00:43:09,212 INFO  [it.uni.reti2.HeartbeatGenerator] (executor-thread-1) 💓 [HEARTBEAT] Invio heartbeat: {"stazioneId":"MI","stato":"ONLINE","timestamp":"2026-08-13T22:43:09.212715086Z","tipoEvento":"HEARTBEAT","bufferSize":0}
2026-08-14 00:43:19,212 INFO  [it.uni.reti2.HeartbeatGenerator] (executor-thread-1) 💓 [HEARTBEAT] Invio heartbeat: {"stazioneId":"MI","stato":"ONLINE","timestamp":"2026-08-13T22:43:19.212069396Z","tipoEvento":"HEARTBEAT","bufferSize":0}
2026-08-14 00:43:29,211 INFO  [it.uni.reti2.HeartbeatGenerator] (executor-thread-1) 💓 [HEARTBEAT] Invio heartbeat: {"stazioneId":"MI","stato":"ONLINE","timestamp":"2026-08-13T22:43:29.211814120Z","tipoEvento":"HEARTBEAT","bufferSize":0}
2026-08-14 00:43:39,211 INFO  [it.uni.reti2.HeartbeatGenerator] (executor-thread-1) 💓 [HEARTBEAT] Invio heartbeat: {"stazioneId":"MI","stato":"ONLINE","timestamp":"2026-08-13T22:43:39.211881634Z","tipoEvento":"HEARTBEAT","bufferSize":0}
2026-08-14 00:43:49,211 INFO  [it.uni.reti2.HeartbeatGenerator] (executor-thread-1) 💓 [HEARTBEAT] Invio heartbeat: {"stazioneId":"MI","stato":"ONLINE","timestamp":"2026-08-13T22:43:49.211802840Z","tipoEvento":"HEARTBEAT","bufferSize":0}
2026-08-14 00:43:59,211 INFO  [it.uni.reti2.HeartbeatGenerator] (executor-thread-1) 💓 [HEARTBEAT] Invio heartbeat: {"stazioneId":"MI","stato":"ONLINE","timestamp":"2026-08-13T22:43:59.211899843Z","tipoEvento":"HEARTBEAT","bufferSize":0}
2026-08-14 00:44:09,212 INFO  [it.uni.reti2.HeartbeatGenerator] (executor-thread-1) 💓 [HEARTBEAT] Invio heartbeat: {"stazioneId":"MI","stato":"ONLINE","timestamp":"2026-08-13T22:44:09.212240507Z","tipoEvento":"HEARTBEAT","bufferSize":0}
2026-08-14 00:44:19,212 INFO  [it.uni.reti2.HeartbeatGenerator] (executor-thread-1) 💓 [HEARTBEAT] Invio heartbeat: {"stazioneId":"MI","stato":"ONLINE","timestamp":"2026-08-13T22:44:19.212147348Z","tipoEvento":"HEARTBEAT","bufferSize":0}
2026-08-14 00:44:22,072 INFO  [it.uni.reti2.StationGateway] (vert.x-eventloop-thread-3) 🚂 [PASSAGGIO] Treno Mario in ENTRATA dalla stazione MI
2026-08-14 00:44:29,211 INFO  [it.uni.reti2.HeartbeatGenerator] (executor-thread-1) 💓 [HEARTBEAT] Invio heartbeat: {"stazioneId":"MI","stato":"ONLINE","timestamp":"2026-08-13T22:44:29.211874060Z","tipoEvento":"HEARTBEAT","bufferSize":0}
2026-08-14 00:44:39,212 INFO  [it.uni.reti2.HeartbeatGenerator] (executor-thread-1) 💓 [HEARTBEAT] Invio heartbeat: {"stazioneId":"MI","stato":"ONLINE","timestamp":"2026-08-13T22:44:39.212230383Z","tipoEvento":"HEARTBEAT","bufferSize":0}
2026-08-14 00:44:43,071 INFO  [it.uni.reti2.StationGateway] (vert.x-eventloop-thread-3) 🚂 [PASSAGGIO] Treno Mario in USCITA dalla stazione MI
2026-08-14 00:44:49,212 INFO  [it.uni.reti2.HeartbeatGenerator] (executor-thread-1) 💓 [HEARTBEAT] Invio heartbeat: {"stazioneId":"MI","stato":"ONLINE","timestamp":"2026-08-13T22:44:49.212068028Z","tipoEvento":"HEARTBEAT","bufferSize":0}
2026-08-14 00:44:59,212 INFO  [it.uni.reti2.HeartbeatGenerator] (executor-thread-1) 💓 [HEARTBEAT] Invio heartbeat: {"stazioneId":"MI","stato":"ONLINE","timestamp":"2026-08-13T22:44:59.212401608Z","tipoEvento":"HEARTBEAT","bufferSize":0}
2026-08-14 00:45:09,211 INFO  [it.uni.reti2.HeartbeatGenerator] (executor-thread-1) 💓 [HEARTBEAT] Invio heartbeat: {"stazioneId":"MI","stato":"ONLINE","timestamp":"2026-08-13T22:45:09.211879909Z","tipoEvento":"HEARTBEAT","bufferSize":0}
2026-08-14 00:45:19,211 INFO  [it.uni.reti2.HeartbeatGenerator] (executor-thread-1) 💓 [HEARTBEAT] Invio heartbeat: {"stazioneId":"MI","stato":"ONLINE","timestamp":"2026-08-13T22:45:19.211829507Z","tipoEvento":"HEARTBEAT","bufferSize":0}
2026-08-14 00:45:29,211 INFO  [it.uni.reti2.HeartbeatGenerator] (executor-thread-1) 💓 [HEARTBEAT] Invio heartbeat: {"stazioneId":"MI","stato":"ONLINE","timestamp":"2026-08-13T22:45:29.211874239Z","tipoEvento":"HEARTBEAT","bufferSize":0}
2026-08-14 00:45:39,212 INFO  [it.uni.reti2.HeartbeatGenerator] (executor-thread-1) 💓 [HEARTBEAT] Invio heartbeat: {"stazioneId":"MI","stato":"ONLINE","timestamp":"2026-08-13T22:45:39.212129763Z","tipoEvento":"HEARTBEAT","bufferSize":0}
2026-08-14 00:45:40,071 INFO  [it.uni.reti2.StationGateway] (vert.x-eventloop-thread-3) 🚂 [PASSAGGIO] Treno tenoAmmazzaRicchi in ENTRATA dalla stazione MI
2026-08-14 00:45:49,212 INFO  [it.uni.reti2.HeartbeatGenerator] (executor-thread-1) 💓 [HEARTBEAT] Invio heartbeat: {"stazioneId":"MI","stato":"ONLINE","timestamp":"2026-08-13T22:45:49.212046790Z","tipoEvento":"HEARTBEAT","bufferSize":0}
2026-08-14 00:45:59,212 INFO  [it.uni.reti2.HeartbeatGenerator] (executor-thread-1) 💓 [HEARTBEAT] Invio heartbeat: {"stazioneId":"MI","stato":"ONLINE","timestamp":"2026-08-13T22:45:59.212055747Z","tipoEvento":"HEARTBEAT","bufferSize":0}
2026-08-14 00:46:01,070 INFO  [it.uni.reti2.StationGateway] (vert.x-eventloop-thread-3) 🚂 [PASSAGGIO] Treno tenoAmmazzaRicchi in USCITA dalla stazione MI
2026-08-14 00:46:09,212 INFO  [it.uni.reti2.HeartbeatGenerator] (executor-thread-1) 💓 [HEARTBEAT] Invio heartbeat: {"stazioneId":"MI","stato":"ONLINE","timestamp":"2026-08-13T22:46:09.212411397Z","tipoEvento":"HEARTBEAT","bufferSize":0}
2026-08-14 00:46:19,212 INFO  [it.uni.reti2.HeartbeatGenerator] (executor-thread-1) 💓 [HEARTBEAT] Invio heartbeat: {"stazioneId":"MI","stato":"ONLINE","timestamp":"2026-08-13T22:46:19.212168046Z","tipoEvento":"HEARTBEAT","bufferSize":0}
2026-08-14 00:46:29,212 INFO  [it.uni.reti2.HeartbeatGenerator] (executor-thread-1) 💓 [HEARTBEAT] Invio heartbeat: {"stazioneId":"MI","stato":"ONLINE","timestamp":"2026-08-13T22:46:29.212165036Z","tipoEvento":"HEARTBEAT","bufferSize":0}
2026-08-14 00:46:39,212 INFO  [it.uni.reti2.HeartbeatGenerator] (executor-thread-1) 💓 [HEARTBEAT] Invio heartbeat: {"stazioneId":"MI","stato":"ONLINE","timestamp":"2026-08-13T22:46:39.212324008Z","tipoEvento":"HEARTBEAT","bufferSize":0}
2026-08-14 00:46:49,211 INFO  [it.uni.reti2.HeartbeatGenerator] (executor-thread-1) 💓 [HEARTBEAT] Invio heartbeat: {"stazioneId":"MI","stato":"ONLINE","timestamp":"2026-08-13T22:46:49.211907065Z","tipoEvento":"HEARTBEAT","bufferSize":0}
2026-08-14 00:46:59,212 INFO  [it.uni.reti2.HeartbeatGenerator] (executor-thread-1) 💓 [HEARTBEAT] Invio heartbeat: {"stazioneId":"MI","stato":"ONLINE","timestamp":"2026-08-13T22:46:59.212424010Z","tipoEvento":"HEARTBEAT","bufferSize":0}
2026-08-14 00:47:09,212 INFO  [it.uni.reti2.HeartbeatGenerator] (executor-thread-1) 💓 [HEARTBEAT] Invio heartbeat: {"stazioneId":"MI","stato":"ONLINE","timestamp":"2026-08-13T22:47:09.212506215Z","tipoEvento":"HEARTBEAT","bufferSize":0}
2026-08-14 00:47:19,212 INFO  [it.uni.reti2.HeartbeatGenerator] (executor-thread-1) 💓 [HEARTBEAT] Invio heartbeat: {"stazioneId":"MI","stato":"ONLINE","timestamp":"2026-08-13T22:47:19.212189182Z","tipoEvento":"HEARTBEAT","bufferSize":0}
2026-08-14 00:47:29,212 INFO  [it.uni.reti2.HeartbeatGenerator] (executor-thread-1) 💓 [HEARTBEAT] Invio heartbeat: {"stazioneId":"MI","stato":"ONLINE","timestamp":"2026-08-13T22:47:29.212245974Z","tipoEvento":"HEARTBEAT","bufferSize":0}
2026-08-14 00:47:39,212 INFO  [it.uni.reti2.HeartbeatGenerator] (executor-thread-1) 💓 [HEARTBEAT] Invio heartbeat: {"stazioneId":"MI","stato":"ONLINE","timestamp":"2026-08-13T22:47:39.212278646Z","tipoEvento":"HEARTBEAT","bufferSize":0}
2026-08-14 00:47:49,212 INFO  [it.uni.reti2.HeartbeatGenerator] (executor-thread-1) 💓 [HEARTBEAT] Invio heartbeat: {"stazioneId":"MI","stato":"ONLINE","timestamp":"2026-08-13T22:47:49.212270575Z","tipoEvento":"HEARTBEAT","bufferSize":0}
2026-08-14 00:47:59,211 INFO  [it.uni.reti2.HeartbeatGenerator] (executor-thread-1) 💓 [HEARTBEAT] Invio heartbeat: {"stazioneId":"MI","stato":"ONLINE","timestamp":"2026-08-13T22:47:59.211881700Z","tipoEvento":"HEARTBEAT","bufferSize":0}
2026-08-14 00:48:09,212 INFO  [it.uni.reti2.HeartbeatGenerator] (executor-thread-1) 💓 [HEARTBEAT] Invio heartbeat: {"stazioneId":"MI","stato":"ONLINE","timestamp":"2026-08-13T22:48:09.212238329Z","tipoEvento":"HEARTBEAT","bufferSize":0}
2026-08-14 00:48:19,211 INFO  [it.uni.reti2.HeartbeatGenerator] (executor-thread-1) 💓 [HEARTBEAT] Invio heartbeat: {"stazioneId":"MI","stato":"ONLINE","timestamp":"2026-08-13T22:48:19.211872513Z","tipoEvento":"HEARTBEAT","bufferSize":0}
2026-08-14 00:48:29,212 INFO  [it.uni.reti2.HeartbeatGenerator] (executor-thread-1) 💓 [HEARTBEAT] Invio heartbeat: {"stazioneId":"MI","stato":"ONLINE","timestamp":"2026-08-13T22:48:29.212342225Z","tipoEvento":"HEARTBEAT","bufferSize":0}
2026-08-14 00:48:39,211 INFO  [it.uni.reti2.HeartbeatGenerator] (executor-thread-1) 💓 [HEARTBEAT] Invio heartbeat: {"stazioneId":"MI","stato":"ONLINE","timestamp":"2026-08-13T22:48:39.211946190Z","tipoEvento":"HEARTBEAT","bufferSize":0}
2026-08-14 00:48:49,211 INFO  [it.uni.reti2.HeartbeatGenerator] (executor-thread-1) 💓 [HEARTBEAT] Invio heartbeat: {"stazioneId":"MI","stato":"ONLINE","timestamp":"2026-08-13T22:48:49.211894480Z","tipoEvento":"HEARTBEAT","bufferSize":0}
2026-08-14 00:48:59,212 INFO  [it.uni.reti2.HeartbeatGenerator] (executor-thread-1) 💓 [HEARTBEAT] Invio heartbeat: {"stazioneId":"MI","stato":"ONLINE","timestamp":"2026-08-13T22:48:59.212547352Z","tipoEvento":"HEARTBEAT","bufferSize":0}
2026-08-14 00:49:09,212 INFO  [it.uni.reti2.HeartbeatGenerator] (executor-thread-1) 💓 [HEARTBEAT] Invio heartbeat: {"stazioneId":"MI","stato":"ONLINE","timestamp":"2026-08-13T22:49:09.212127899Z","tipoEvento":"HEARTBEAT","bufferSize":0}
2026-08-14 00:49:19,212 INFO  [it.uni.reti2.HeartbeatGenerator] (executor-thread-1) 💓 [HEARTBEAT] Invio heartbeat: {"stazioneId":"MI","stato":"ONLINE","timestamp":"2026-08-13T22:49:19.212116754Z","tipoEvento":"HEARTBEAT","bufferSize":0}
2026-08-14 00:49:29,211 INFO  [it.uni.reti2.HeartbeatGenerator] (executor-thread-1) 💓 [HEARTBEAT] Invio heartbeat: {"stazioneId":"MI","stato":"ONLINE","timestamp":"2026-08-13T22:49:29.211754388Z","tipoEvento":"HEARTBEAT","bufferSize":0}
2026-08-14 00:49:39,211 INFO  [it.uni.reti2.HeartbeatGenerator] (executor-thread-1) 💓 [HEARTBEAT] Invio heartbeat: {"stazioneId":"MI","stato":"ONLINE","timestamp":"2026-08-13T22:49:39.211740106Z","tipoEvento":"HEARTBEAT","bufferSize":0}
2026-08-14 00:49:43,070 INFO  [it.uni.reti2.StationGateway] (vert.x-eventloop-thread-3) 🚂 [PASSAGGIO] Treno tenoAmmazzaRicchi in ENTRATA dalla stazione MI
2026-08-14 00:49:49,211 INFO  [it.uni.reti2.HeartbeatGenerator] (executor-thread-1) 💓 [HEARTBEAT] Invio heartbeat: {"stazioneId":"MI","stato":"ONLINE","timestamp":"2026-08-13T22:49:49.211762796Z","tipoEvento":"HEARTBEAT","bufferSize":0}
2026-08-14 00:49:59,211 INFO  [it.uni.reti2.HeartbeatGenerator] (executor-thread-1) 💓 [HEARTBEAT] Invio heartbeat: {"stazioneId":"MI","stato":"ONLINE","timestamp":"2026-08-13T22:49:59.211905796Z","tipoEvento":"HEARTBEAT","bufferSize":0}
2026-08-14 00:50:03,071 INFO  [it.uni.reti2.StationGateway] (vert.x-eventloop-thread-3) 🚂 [PASSAGGIO] Treno tenoAmmazzaRicchi in USCITA dalla stazione MI
2026-08-14 00:50:09,211 INFO  [it.uni.reti2.HeartbeatGenerator] (executor-thread-1) 💓 [HEARTBEAT] Invio heartbeat: {"stazioneId":"MI","stato":"ONLINE","timestamp":"2026-08-13T22:50:09.211803135Z","tipoEvento":"HEARTBEAT","bufferSize":0}
2026-08-14 00:50:19,211 INFO  [it.uni.reti2.HeartbeatGenerator] (executor-thread-1) 💓 [HEARTBEAT] Invio heartbeat: {"stazioneId":"MI","stato":"ONLINE","timestamp":"2026-08-13T22:50:19.211755080Z","tipoEvento":"HEARTBEAT","bufferSize":0}
2026-08-14 00:50:29,212 INFO  [it.uni.reti2.HeartbeatGenerator] (executor-thread-1) 💓 [HEARTBEAT] Invio heartbeat: {"stazioneId":"MI","stato":"ONLINE","timestamp":"2026-08-13T22:50:29.212115178Z","tipoEvento":"HEARTBEAT","bufferSize":0}
2026-08-14 00:50:39,211 INFO  [it.uni.reti2.HeartbeatGenerator] (executor-thread-1) 💓 [HEARTBEAT] Invio heartbeat: {"stazioneId":"MI","stato":"ONLINE","timestamp":"2026-08-13T22:50:39.211872671Z","tipoEvento":"HEARTBEAT","bufferSize":0}
2026-08-14 00:50:49,211 INFO  [it.uni.reti2.HeartbeatGenerator] (executor-thread-1) 💓 [HEARTBEAT] Invio heartbeat: {"stazioneId":"MI","stato":"ONLINE","timestamp":"2026-08-13T22:50:49.211749004Z","tipoEvento":"HEARTBEAT","bufferSize":0}
2026-08-14 00:50:59,211 INFO  [it.uni.reti2.HeartbeatGenerator] (executor-thread-1) 💓 [HEARTBEAT] Invio heartbeat: {"stazioneId":"MI","stato":"ONLINE","timestamp":"2026-08-13T22:50:59.211786795Z","tipoEvento":"HEARTBEAT","bufferSize":0}
2026-08-14 00:51:09,211 INFO  [it.uni.reti2.HeartbeatGenerator] (executor-thread-1) 💓 [HEARTBEAT] Invio heartbeat: {"stazioneId":"MI","stato":"ONLINE","timestamp":"2026-08-13T22:51:09.211783702Z","tipoEvento":"HEARTBEAT","bufferSize":0}
2026-08-14 00:51:19,211 INFO  [it.uni.reti2.HeartbeatGenerator] (executor-thread-1) 💓 [HEARTBEAT] Invio heartbeat: {"stazioneId":"MI","stato":"ONLINE","timestamp":"2026-08-13T22:51:19.211798854Z","tipoEvento":"HEARTBEAT","bufferSize":0}
2026-08-14 00:51:29,211 INFO  [it.uni.reti2.HeartbeatGenerator] (executor-thread-1) 💓 [HEARTBEAT] Invio heartbeat: {"stazioneId":"MI","stato":"ONLINE","timestamp":"2026-08-13T22:51:29.211793332Z","tipoEvento":"HEARTBEAT","bufferSize":0}
2026-08-14 00:51:39,212 INFO  [it.uni.reti2.HeartbeatGenerator] (executor-thread-1) 💓 [HEARTBEAT] Invio heartbeat: {"stazioneId":"MI","stato":"ONLINE","timestamp":"2026-08-13T22:51:39.212132336Z","tipoEvento":"HEARTBEAT","bufferSize":0}
2026-08-14 00:51:49,212 INFO  [it.uni.reti2.HeartbeatGenerator] (executor-thread-1) 💓 [HEARTBEAT] Invio heartbeat: {"stazioneId":"MI","stato":"ONLINE","timestamp":"2026-08-13T22:51:49.212305868Z","tipoEvento":"HEARTBEAT","bufferSize":0}
2026-08-14 00:51:59,212 INFO  [it.uni.reti2.HeartbeatGenerator] (executor-thread-1) 💓 [HEARTBEAT] Invio heartbeat: {"stazioneId":"MI","stato":"ONLINE","timestamp":"2026-08-13T22:51:59.212163260Z","tipoEvento":"HEARTBEAT","bufferSize":0}
2026-08-14 00:52:09,212 INFO  [it.uni.reti2.HeartbeatGenerator] (executor-thread-1) 💓 [HEARTBEAT] Invio heartbeat: {"stazioneId":"MI","stato":"ONLINE","timestamp":"2026-08-13T22:52:09.212565768Z","tipoEvento":"HEARTBEAT","bufferSize":0}
2026-08-14 00:52:19,211 INFO  [it.uni.reti2.HeartbeatGenerator] (executor-thread-1) 💓 [HEARTBEAT] Invio heartbeat: {"stazioneId":"MI","stato":"ONLINE","timestamp":"2026-08-13T22:52:19.211752359Z","tipoEvento":"HEARTBEAT","bufferSize":0}
2026-08-14 00:52:29,211 INFO  [it.uni.reti2.HeartbeatGenerator] (executor-thread-1) 💓 [HEARTBEAT] Invio heartbeat: {"stazioneId":"MI","stato":"ONLINE","timestamp":"2026-08-13T22:52:29.211797664Z","tipoEvento":"HEARTBEAT","bufferSize":0}
2026-08-14 00:52:39,211 INFO  [it.uni.reti2.HeartbeatGenerator] (executor-thread-1) 💓 [HEARTBEAT] Invio heartbeat: {"stazioneId":"MI","stato":"ONLINE","timestamp":"2026-08-13T22:52:39.211806289Z","tipoEvento":"HEARTBEAT","bufferSize":0}
2026-08-14 00:52:49,211 INFO  [it.uni.reti2.HeartbeatGenerator] (executor-thread-1) 💓 [HEARTBEAT] Invio heartbeat: {"stazioneId":"MI","stato":"ONLINE","timestamp":"2026-08-13T22:52:49.211789566Z","tipoEvento":"HEARTBEAT","bufferSize":0}
2026-08-14 00:52:59,211 INFO  [it.uni.reti2.HeartbeatGenerator] (executor-thread-1) 💓 [HEARTBEAT] Invio heartbeat: {"stazioneId":"MI","stato":"ONLINE","timestamp":"2026-08-13T22:52:59.211762491Z","tipoEvento":"HEARTBEAT","bufferSize":0}
2026-08-14 00:53:09,211 INFO  [it.uni.reti2.HeartbeatGenerator] (executor-thread-1) 💓 [HEARTBEAT] Invio heartbeat: {"stazioneId":"MI","stato":"ONLINE","timestamp":"2026-08-13T22:53:09.211780726Z","tipoEvento":"HEARTBEAT","bufferSize":0}
2026-08-14 00:53:19,211 INFO  [it.uni.reti2.HeartbeatGenerator] (executor-thread-1) 💓 [HEARTBEAT] Invio heartbeat: {"stazioneId":"MI","stato":"ONLINE","timestamp":"2026-08-13T22:53:19.211910652Z","tipoEvento":"HEARTBEAT","bufferSize":0}
2026-08-14 00:53:29,211 INFO  [it.uni.reti2.HeartbeatGenerator] (executor-thread-1) 💓 [HEARTBEAT] Invio heartbeat: {"stazioneId":"MI","stato":"ONLINE","timestamp":"2026-08-13T22:53:29.211770888Z","tipoEvento":"HEARTBEAT","bufferSize":0}
2026-08-14 00:53:39,211 INFO  [it.uni.reti2.HeartbeatGenerator] (executor-thread-1) 💓 [HEARTBEAT] Invio heartbeat: {"stazioneId":"MI","stato":"ONLINE","timestamp":"2026-08-13T22:53:39.211861452Z","tipoEvento":"HEARTBEAT","bufferSize":0}
2026-08-14 00:53:49,211 INFO  [it.uni.reti2.HeartbeatGenerator] (executor-thread-1) 💓 [HEARTBEAT] Invio heartbeat: {"stazioneId":"MI","stato":"ONLINE","timestamp":"2026-08-13T22:53:49.211868660Z","tipoEvento":"HEARTBEAT","bufferSize":0}
2026-08-14 00:53:59,212 INFO  [it.uni.reti2.HeartbeatGenerator] (executor-thread-1) 💓 [HEARTBEAT] Invio heartbeat: {"stazioneId":"MI","stato":"ONLINE","timestamp":"2026-08-13T22:53:59.212146061Z","tipoEvento":"HEARTBEAT","bufferSize":0}
2026-08-14 00:54:09,211 INFO  [it.uni.reti2.HeartbeatGenerator] (executor-thread-1) 💓 [HEARTBEAT] Invio heartbeat: {"stazioneId":"MI","stato":"ONLINE","timestamp":"2026-08-13T22:54:09.211811722Z","tipoEvento":"HEARTBEAT","bufferSize":0}
2026-08-14 00:54:19,212 INFO  [it.uni.reti2.HeartbeatGenerator] (executor-thread-1) 💓 [HEARTBEAT] Invio heartbeat: {"stazioneId":"MI","stato":"ONLINE","timestamp":"2026-08-13T22:54:19.212336119Z","tipoEvento":"HEARTBEAT","bufferSize":0}
2026-08-14 00:54:29,211 INFO  [it.uni.reti2.HeartbeatGenerator] (executor-thread-1) 💓 [HEARTBEAT] Invio heartbeat: {"stazioneId":"MI","stato":"ONLINE","timestamp":"2026-08-13T22:54:29.211737338Z","tipoEvento":"HEARTBEAT","bufferSize":0}
2026-08-14 00:54:39,211 INFO  [it.uni.reti2.HeartbeatGenerator] (executor-thread-1) 💓 [HEARTBEAT] Invio heartbeat: {"stazioneId":"MI","stato":"ONLINE","timestamp":"2026-08-13T22:54:39.211771932Z","tipoEvento":"HEARTBEAT","bufferSize":0}
2026-08-14 00:54:49,211 INFO  [it.uni.reti2.HeartbeatGenerator] (executor-thread-1) 💓 [HEARTBEAT] Invio heartbeat: {"stazioneId":"MI","stato":"ONLINE","timestamp":"2026-08-13T22:54:49.211761109Z","tipoEvento":"HEARTBEAT","bufferSize":0}
2026-08-14 00:54:59,211 INFO  [it.uni.reti2.HeartbeatGenerator] (executor-thread-1) 💓 [HEARTBEAT] Invio heartbeat: {"stazioneId":"MI","stato":"ONLINE","timestamp":"2026-08-13T22:54:59.211736559Z","tipoEvento":"HEARTBEAT","bufferSize":0}
2026-08-14 00:55:09,211 INFO  [it.uni.reti2.HeartbeatGenerator] (executor-thread-1) 💓 [HEARTBEAT] Invio heartbeat: {"stazioneId":"MI","stato":"ONLINE","timestamp":"2026-08-13T22:55:09.211778861Z","tipoEvento":"HEARTBEAT","bufferSize":0}
2026-08-14 00:55:19,211 INFO  [it.uni.reti2.HeartbeatGenerator] (executor-thread-1) 💓 [HEARTBEAT] Invio heartbeat: {"stazioneId":"MI","stato":"ONLINE","timestamp":"2026-08-13T22:55:19.211782672Z","tipoEvento":"HEARTBEAT","bufferSize":0}
2026-08-14 00:55:29,212 INFO  [it.uni.reti2.HeartbeatGenerator] (executor-thread-1) 💓 [HEARTBEAT] Invio heartbeat: {"stazioneId":"MI","stato":"ONLINE","timestamp":"2026-08-13T22:55:29.212203204Z","tipoEvento":"HEARTBEAT","bufferSize":0}
2026-08-14 00:55:39,212 INFO  [it.uni.reti2.HeartbeatGenerator] (executor-thread-1) 💓 [HEARTBEAT] Invio heartbeat: {"stazioneId":"MI","stato":"ONLINE","timestamp":"2026-08-13T22:55:39.212168948Z","tipoEvento":"HEARTBEAT","bufferSize":0}
2026-08-14 00:55:49,212 INFO  [it.uni.reti2.HeartbeatGenerator] (executor-thread-1) 💓 [HEARTBEAT] Invio heartbeat: {"stazioneId":"MI","stato":"ONLINE","timestamp":"2026-08-13T22:55:49.212480705Z","tipoEvento":"HEARTBEAT","bufferSize":0}
2026-08-14 00:55:51,071 INFO  [it.uni.reti2.StationGateway] (vert.x-eventloop-thread-3) 🚂 [PASSAGGIO] Treno Mario in ENTRATA dalla stazione MI
2026-08-14 00:55:59,212 INFO  [it.uni.reti2.HeartbeatGenerator] (executor-thread-1) 💓 [HEARTBEAT] Invio heartbeat: {"stazioneId":"MI","stato":"ONLINE","timestamp":"2026-08-13T22:55:59.212158189Z","tipoEvento":"HEARTBEAT","bufferSize":0}
2026-08-14 00:56:09,212 INFO  [it.uni.reti2.HeartbeatGenerator] (executor-thread-1) 💓 [HEARTBEAT] Invio heartbeat: {"stazioneId":"MI","stato":"ONLINE","timestamp":"2026-08-13T22:56:09.212331359Z","tipoEvento":"HEARTBEAT","bufferSize":0}
2026-08-14 00:56:12,071 INFO  [it.uni.reti2.StationGateway] (vert.x-eventloop-thread-3) 🚂 [PASSAGGIO] Treno Mario in USCITA dalla stazione MI
2026-08-14 00:56:19,211 INFO  [it.uni.reti2.HeartbeatGenerator] (executor-thread-1) 💓 [HEARTBEAT] Invio heartbeat: {"stazioneId":"MI","stato":"ONLINE","timestamp":"2026-08-13T22:56:19.211857350Z","tipoEvento":"HEARTBEAT","bufferSize":0}
2026-08-14 00:56:29,211 INFO  [it.uni.reti2.HeartbeatGenerator] (executor-thread-1) 💓 [HEARTBEAT] Invio heartbeat: {"stazioneId":"MI","stato":"ONLINE","timestamp":"2026-08-13T22:56:29.211876199Z","tipoEvento":"HEARTBEAT","bufferSize":0}
2026-08-14 00:56:39,212 INFO  [it.uni.reti2.HeartbeatGenerator] (executor-thread-1) 💓 [HEARTBEAT] Invio heartbeat: {"stazioneId":"MI","stato":"ONLINE","timestamp":"2026-08-13T22:56:39.211993847Z","tipoEvento":"HEARTBEAT","bufferSize":0}
2026-08-14 00:56:49,211 INFO  [it.uni.reti2.HeartbeatGenerator] (executor-thread-1) 💓 [HEARTBEAT] Invio heartbeat: {"stazioneId":"MI","stato":"ONLINE","timestamp":"2026-08-13T22:56:49.211861375Z","tipoEvento":"HEARTBEAT","bufferSize":0}
2026-08-14 00:56:59,212 INFO  [it.uni.reti2.HeartbeatGenerator] (executor-thread-1) 💓 [HEARTBEAT] Invio heartbeat: {"stazioneId":"MI","stato":"ONLINE","timestamp":"2026-08-13T22:56:59.212644639Z","tipoEvento":"HEARTBEAT","bufferSize":0}
2026-08-14 00:57:09,211 INFO  [it.uni.reti2.HeartbeatGenerator] (executor-thread-1) 💓 [HEARTBEAT] Invio heartbeat: {"stazioneId":"MI","stato":"ONLINE","timestamp":"2026-08-13T22:57:09.211789066Z","tipoEvento":"HEARTBEAT","bufferSize":0}
2026-08-14 00:57:19,211 INFO  [it.uni.reti2.HeartbeatGenerator] (executor-thread-1) 💓 [HEARTBEAT] Invio heartbeat: {"stazioneId":"MI","stato":"ONLINE","timestamp":"2026-08-13T22:57:19.211759192Z","tipoEvento":"HEARTBEAT","bufferSize":0}
2026-08-14 00:57:27,070 INFO  [it.uni.reti2.StationGateway] (vert.x-eventloop-thread-3) 🚂 [PASSAGGIO] Treno tenoAmmazzaRicchi in ENTRATA dalla stazione MI
2026-08-14 00:57:29,212 INFO  [it.uni.reti2.HeartbeatGenerator] (executor-thread-1) 💓 [HEARTBEAT] Invio heartbeat: {"stazioneId":"MI","stato":"ONLINE","timestamp":"2026-08-13T22:57:29.212206757Z","tipoEvento":"HEARTBEAT","bufferSize":0}
2026-08-14 00:57:39,211 INFO  [it.uni.reti2.HeartbeatGenerator] (executor-thread-1) 💓 [HEARTBEAT] Invio heartbeat: {"stazioneId":"MI","stato":"ONLINE","timestamp":"2026-08-13T22:57:39.211917756Z","tipoEvento":"HEARTBEAT","bufferSize":0}
2026-08-14 00:57:47,071 INFO  [it.uni.reti2.StationGateway] (vert.x-eventloop-thread-3) 🚂 [PASSAGGIO] Treno tenoAmmazzaRicchi in USCITA dalla stazione MI
2026-08-14 00:57:49,212 INFO  [it.uni.reti2.HeartbeatGenerator] (executor-thread-1) 💓 [HEARTBEAT] Invio heartbeat: {"stazioneId":"MI","stato":"ONLINE","timestamp":"2026-08-13T22:57:49.212174031Z","tipoEvento":"HEARTBEAT","bufferSize":0}
2026-08-14 00:57:59,211 INFO  [it.uni.reti2.HeartbeatGenerator] (executor-thread-1) 💓 [HEARTBEAT] Invio heartbeat: {"stazioneId":"MI","stato":"ONLINE","timestamp":"2026-08-13T22:57:59.211832210Z","tipoEvento":"HEARTBEAT","bufferSize":0}
2026-08-14 00:58:09,213 INFO  [it.uni.reti2.HeartbeatGenerator] (executor-thread-1) 💓 [HEARTBEAT] Invio heartbeat: {"stazioneId":"MI","stato":"ONLINE","timestamp":"2026-08-13T22:58:09.213185730Z","tipoEvento":"HEARTBEAT","bufferSize":0}
2026-08-14 00:58:19,212 INFO  [it.uni.reti2.HeartbeatGenerator] (executor-thread-1) 💓 [HEARTBEAT] Invio heartbeat: {"stazioneId":"MI","stato":"ONLINE","timestamp":"2026-08-13T22:58:19.212583482Z","tipoEvento":"HEARTBEAT","bufferSize":0}
2026-08-14 00:58:29,211 INFO  [it.uni.reti2.HeartbeatGenerator] (executor-thread-1) 💓 [HEARTBEAT] Invio heartbeat: {"stazioneId":"MI","stato":"ONLINE","timestamp":"2026-08-13T22:58:29.211864114Z","tipoEvento":"HEARTBEAT","bufferSize":0}
2026-08-14 00:58:39,211 INFO  [it.uni.reti2.HeartbeatGenerator] (executor-thread-1) 💓 [HEARTBEAT] Invio heartbeat: {"stazioneId":"MI","stato":"ONLINE","timestamp":"2026-08-13T22:58:39.211906606Z","tipoEvento":"HEARTBEAT","bufferSize":0}
2026-08-14 00:58:49,211 INFO  [it.uni.reti2.HeartbeatGenerator] (executor-thread-1) 💓 [HEARTBEAT] Invio heartbeat: {"stazioneId":"MI","stato":"ONLINE","timestamp":"2026-08-13T22:58:49.211907446Z","tipoEvento":"HEARTBEAT","bufferSize":0}
2026-08-14 00:58:59,212 INFO  [it.uni.reti2.HeartbeatGenerator] (executor-thread-1) 💓 [HEARTBEAT] Invio heartbeat: {"stazioneId":"MI","stato":"ONLINE","timestamp":"2026-08-13T22:58:59.212267073Z","tipoEvento":"HEARTBEAT","bufferSize":0}
2026-08-14 00:59:09,212 INFO  [it.uni.reti2.HeartbeatGenerator] (executor-thread-1) 💓 [HEARTBEAT] Invio heartbeat: {"stazioneId":"MI","stato":"ONLINE","timestamp":"2026-08-13T22:59:09.212215884Z","tipoEvento":"HEARTBEAT","bufferSize":0}
2026-08-14 00:59:19,212 INFO  [it.uni.reti2.HeartbeatGenerator] (executor-thread-1) 💓 [HEARTBEAT] Invio heartbeat: {"stazioneId":"MI","stato":"ONLINE","timestamp":"2026-08-13T22:59:19.212555990Z","tipoEvento":"HEARTBEAT","bufferSize":0}
2026-08-14 00:59:29,211 INFO  [it.uni.reti2.HeartbeatGenerator] (executor-thread-1) 💓 [HEARTBEAT] Invio heartbeat: {"stazioneId":"MI","stato":"ONLINE","timestamp":"2026-08-13T22:59:29.211769265Z","tipoEvento":"HEARTBEAT","bufferSize":0}
2026-08-14 00:59:39,211 INFO  [it.uni.reti2.HeartbeatGenerator] (executor-thread-1) 💓 [HEARTBEAT] Invio heartbeat: {"stazioneId":"MI","stato":"ONLINE","timestamp":"2026-08-13T22:59:39.211747983Z","tipoEvento":"HEARTBEAT","bufferSize":0}
2026-08-14 00:59:49,211 INFO  [it.uni.reti2.HeartbeatGenerator] (executor-thread-1) 💓 [HEARTBEAT] Invio heartbeat: {"stazioneId":"MI","stato":"ONLINE","timestamp":"2026-08-13T22:59:49.211744571Z","tipoEvento":"HEARTBEAT","bufferSize":0}
2026-08-14 00:59:54,070 INFO  [it.uni.reti2.StationGateway] (vert.x-eventloop-thread-3) 🚂 [PASSAGGIO] Treno Mario in ENTRATA dalla stazione MI
2026-08-14 00:59:59,211 INFO  [it.uni.reti2.HeartbeatGenerator] (executor-thread-1) 💓 [HEARTBEAT] Invio heartbeat: {"stazioneId":"MI","stato":"ONLINE","timestamp":"2026-08-13T22:59:59.211761821Z","tipoEvento":"HEARTBEAT","bufferSize":0}
2026-08-14 01:00:09,211 INFO  [it.uni.reti2.HeartbeatGenerator] (executor-thread-1) 💓 [HEARTBEAT] Invio heartbeat: {"stazioneId":"MI","stato":"ONLINE","timestamp":"2026-08-13T23:00:09.211756194Z","tipoEvento":"HEARTBEAT","bufferSize":0}
2026-08-14 01:00:14,070 INFO  [it.uni.reti2.StationGateway] (vert.x-eventloop-thread-3) 🚂 [PASSAGGIO] Treno Mario in USCITA dalla stazione MI
2026-08-14 01:00:19,211 INFO  [it.uni.reti2.HeartbeatGenerator] (executor-thread-1) 💓 [HEARTBEAT] Invio heartbeat: {"stazioneId":"MI","stato":"ONLINE","timestamp":"2026-08-13T23:00:19.211797514Z","tipoEvento":"HEARTBEAT","bufferSize":0}
2026-08-14 01:00:29,211 INFO  [it.uni.reti2.HeartbeatGenerator] (executor-thread-1) 💓 [HEARTBEAT] Invio heartbeat: {"stazioneId":"MI","stato":"ONLINE","timestamp":"2026-08-13T23:00:29.211792291Z","tipoEvento":"HEARTBEAT","bufferSize":0}
2026-08-14 01:00:39,212 INFO  [it.uni.reti2.HeartbeatGenerator] (executor-thread-1) 💓 [HEARTBEAT] Invio heartbeat: {"stazioneId":"MI","stato":"ONLINE","timestamp":"2026-08-13T23:00:39.212557438Z","tipoEvento":"HEARTBEAT","bufferSize":0}
2026-08-14 01:00:49,212 INFO  [it.uni.reti2.HeartbeatGenerator] (executor-thread-1) 💓 [HEARTBEAT] Invio heartbeat: {"stazioneId":"MI","stato":"ONLINE","timestamp":"2026-08-13T23:00:49.212627631Z","tipoEvento":"HEARTBEAT","bufferSize":0}
2026-08-14 01:00:59,212 INFO  [it.uni.reti2.HeartbeatGenerator] (executor-thread-1) 💓 [HEARTBEAT] Invio heartbeat: {"stazioneId":"MI","stato":"ONLINE","timestamp":"2026-08-13T23:00:59.212397187Z","tipoEvento":"HEARTBEAT","bufferSize":0}
2026-08-14 01:01:09,211 INFO  [it.uni.reti2.HeartbeatGenerator] (executor-thread-1) 💓 [HEARTBEAT] Invio heartbeat: {"stazioneId":"MI","stato":"ONLINE","timestamp":"2026-08-13T23:01:09.211897020Z","tipoEvento":"HEARTBEAT","bufferSize":0}
2026-08-14 01:01:19,212 INFO  [it.uni.reti2.HeartbeatGenerator] (executor-thread-1) 💓 [HEARTBEAT] Invio heartbeat: {"stazioneId":"MI","stato":"ONLINE","timestamp":"2026-08-13T23:01:19.212253501Z","tipoEvento":"HEARTBEAT","bufferSize":0}
2026-08-14 01:01:29,071 INFO  [it.uni.reti2.StationGateway] (vert.x-eventloop-thread-3) 🚂 [PASSAGGIO] Treno tenoAmmazzaRicchi in ENTRATA dalla stazione MI
2026-08-14 01:01:29,211 INFO  [it.uni.reti2.HeartbeatGenerator] (executor-thread-1) 💓 [HEARTBEAT] Invio heartbeat: {"stazioneId":"MI","stato":"ONLINE","timestamp":"2026-08-13T23:01:29.211829512Z","tipoEvento":"HEARTBEAT","bufferSize":0}
2026-08-14 01:01:39,212 INFO  [it.uni.reti2.HeartbeatGenerator] (executor-thread-1) 💓 [HEARTBEAT] Invio heartbeat: {"stazioneId":"MI","stato":"ONLINE","timestamp":"2026-08-13T23:01:39.212271672Z","tipoEvento":"HEARTBEAT","bufferSize":0}
2026-08-14 01:01:49,072 INFO  [it.uni.reti2.StationGateway] (vert.x-eventloop-thread-3) 🚂 [PASSAGGIO] Treno tenoAmmazzaRicchi in USCITA dalla stazione MI
2026-08-14 01:01:49,212 INFO  [it.uni.reti2.HeartbeatGenerator] (executor-thread-1) 💓 [HEARTBEAT] Invio heartbeat: {"stazioneId":"MI","stato":"ONLINE","timestamp":"2026-08-13T23:01:49.212271158Z","tipoEvento":"HEARTBEAT","bufferSize":0}
2026-08-14 01:01:59,212 INFO  [it.uni.reti2.HeartbeatGenerator] (executor-thread-1) 💓 [HEARTBEAT] Invio heartbeat: {"stazioneId":"MI","stato":"ONLINE","timestamp":"2026-08-13T23:01:59.212572364Z","tipoEvento":"HEARTBEAT","bufferSize":0}
2026-08-14 01:02:09,211 INFO  [it.uni.reti2.HeartbeatGenerator] (executor-thread-1) 💓 [HEARTBEAT] Invio heartbeat: {"stazioneId":"MI","stato":"ONLINE","timestamp":"2026-08-13T23:02:09.211823287Z","tipoEvento":"HEARTBEAT","bufferSize":0}
2026-08-14 01:02:19,212 INFO  [it.uni.reti2.HeartbeatGenerator] (executor-thread-1) 💓 [HEARTBEAT] Invio heartbeat: {"stazioneId":"MI","stato":"ONLINE","timestamp":"2026-08-13T23:02:19.212241458Z","tipoEvento":"HEARTBEAT","bufferSize":0}
2026-08-14 01:02:29,211 INFO  [it.uni.reti2.HeartbeatGenerator] (executor-thread-1) 💓 [HEARTBEAT] Invio heartbeat: {"stazioneId":"MI","stato":"ONLINE","timestamp":"2026-08-13T23:02:29.211921329Z","tipoEvento":"HEARTBEAT","bufferSize":0}
2026-08-14 01:02:39,212 INFO  [it.uni.reti2.HeartbeatGenerator] (executor-thread-1) 💓 [HEARTBEAT] Invio heartbeat: {"stazioneId":"MI","stato":"ONLINE","timestamp":"2026-08-13T23:02:39.212222925Z","tipoEvento":"HEARTBEAT","bufferSize":0}
2026-08-14 01:02:49,212 INFO  [it.uni.reti2.HeartbeatGenerator] (executor-thread-1) 💓 [HEARTBEAT] Invio heartbeat: {"stazioneId":"MI","stato":"ONLINE","timestamp":"2026-08-13T23:02:49.212237235Z","tipoEvento":"HEARTBEAT","bufferSize":0}
2026-08-14 01:02:59,212 INFO  [it.uni.reti2.HeartbeatGenerator] (executor-thread-1) 💓 [HEARTBEAT] Invio heartbeat: {"stazioneId":"MI","stato":"ONLINE","timestamp":"2026-08-13T23:02:59.212468105Z","tipoEvento":"HEARTBEAT","bufferSize":0}
2026-08-14 01:03:09,212 INFO  [it.uni.reti2.HeartbeatGenerator] (executor-thread-1) 💓 [HEARTBEAT] Invio heartbeat: {"stazioneId":"MI","stato":"ONLINE","timestamp":"2026-08-13T23:03:09.212312332Z","tipoEvento":"HEARTBEAT","bufferSize":0}
2026-08-14 01:03:19,212 INFO  [it.uni.reti2.HeartbeatGenerator] (executor-thread-1) 💓 [HEARTBEAT] Invio heartbeat: {"stazioneId":"MI","stato":"ONLINE","timestamp":"2026-08-13T23:03:19.212657152Z","tipoEvento":"HEARTBEAT","bufferSize":0}
2026-08-14 01:03:29,211 INFO  [it.uni.reti2.HeartbeatGenerator] (executor-thread-1) 💓 [HEARTBEAT] Invio heartbeat: {"stazioneId":"MI","stato":"ONLINE","timestamp":"2026-08-13T23:03:29.211756730Z","tipoEvento":"HEARTBEAT","bufferSize":0}
2026-08-14 01:03:39,211 INFO  [it.uni.reti2.HeartbeatGenerator] (executor-thread-1) 💓 [HEARTBEAT] Invio heartbeat: {"stazioneId":"MI","stato":"ONLINE","timestamp":"2026-08-13T23:03:39.211793409Z","tipoEvento":"HEARTBEAT","bufferSize":0}
2026-08-14 01:03:49,211 INFO  [it.uni.reti2.HeartbeatGenerator] (executor-thread-1) 💓 [HEARTBEAT] Invio heartbeat: {"stazioneId":"MI","stato":"ONLINE","timestamp":"2026-08-13T23:03:49.211744339Z","tipoEvento":"HEARTBEAT","bufferSize":0}
2026-08-14 01:03:59,211 INFO  [it.uni.reti2.HeartbeatGenerator] (executor-thread-1) 💓 [HEARTBEAT] Invio heartbeat: {"stazioneId":"MI","stato":"ONLINE","timestamp":"2026-08-13T23:03:59.211785392Z","tipoEvento":"HEARTBEAT","bufferSize":0}
2026-08-14 01:04:09,211 INFO  [it.uni.reti2.HeartbeatGenerator] (executor-thread-1) 💓 [HEARTBEAT] Invio heartbeat: {"stazioneId":"MI","stato":"ONLINE","timestamp":"2026-08-13T23:04:09.211743190Z","tipoEvento":"HEARTBEAT","bufferSize":0}
2026-08-14 01:04:19,211 INFO  [it.uni.reti2.HeartbeatGenerator] (executor-thread-1) 💓 [HEARTBEAT] Invio heartbeat: {"stazioneId":"MI","stato":"ONLINE","timestamp":"2026-08-13T23:04:19.211787910Z","tipoEvento":"HEARTBEAT","bufferSize":0}
2026-08-14 01:04:29,211 INFO  [it.uni.reti2.HeartbeatGenerator] (executor-thread-1) 💓 [HEARTBEAT] Invio heartbeat: {"stazioneId":"MI","stato":"ONLINE","timestamp":"2026-08-13T23:04:29.211875804Z","tipoEvento":"HEARTBEAT","bufferSize":0}
2026-08-14 01:04:39,212 INFO  [it.uni.reti2.HeartbeatGenerator] (executor-thread-1) 💓 [HEARTBEAT] Invio heartbeat: {"stazioneId":"MI","stato":"ONLINE","timestamp":"2026-08-13T23:04:39.211983003Z","tipoEvento":"HEARTBEAT","bufferSize":0}
2026-08-14 01:04:49,211 INFO  [it.uni.reti2.HeartbeatGenerator] (executor-thread-1) 💓 [HEARTBEAT] Invio heartbeat: {"stazioneId":"MI","stato":"ONLINE","timestamp":"2026-08-13T23:04:49.211787261Z","tipoEvento":"HEARTBEAT","bufferSize":0}
2026-08-14 01:04:59,211 INFO  [it.uni.reti2.HeartbeatGenerator] (executor-thread-1) 💓 [HEARTBEAT] Invio heartbeat: {"stazioneId":"MI","stato":"ONLINE","timestamp":"2026-08-13T23:04:59.211842561Z","tipoEvento":"HEARTBEAT","bufferSize":0}
2026-08-14 01:05:09,211 INFO  [it.uni.reti2.HeartbeatGenerator] (executor-thread-1) 💓 [HEARTBEAT] Invio heartbeat: {"stazioneId":"MI","stato":"ONLINE","timestamp":"2026-08-13T23:05:09.211873125Z","tipoEvento":"HEARTBEAT","bufferSize":0}
2026-08-14 01:05:19,211 INFO  [it.uni.reti2.HeartbeatGenerator] (executor-thread-1) 💓 [HEARTBEAT] Invio heartbeat: {"stazioneId":"MI","stato":"ONLINE","timestamp":"2026-08-13T23:05:19.211790718Z","tipoEvento":"HEARTBEAT","bufferSize":0}
2026-08-14 01:05:29,212 INFO  [it.uni.reti2.HeartbeatGenerator] (executor-thread-1) 💓 [HEARTBEAT] Invio heartbeat: {"stazioneId":"MI","stato":"ONLINE","timestamp":"2026-08-13T23:05:29.212191358Z","tipoEvento":"HEARTBEAT","bufferSize":0}
2026-08-14 01:05:39,212 INFO  [it.uni.reti2.HeartbeatGenerator] (executor-thread-1) 💓 [HEARTBEAT] Invio heartbeat: {"stazioneId":"MI","stato":"ONLINE","timestamp":"2026-08-13T23:05:39.212654823Z","tipoEvento":"HEARTBEAT","bufferSize":0}
2026-08-14 01:05:49,212 INFO  [it.uni.reti2.HeartbeatGenerator] (executor-thread-1) 💓 [HEARTBEAT] Invio heartbeat: {"stazioneId":"MI","stato":"ONLINE","timestamp":"2026-08-13T23:05:49.212222201Z","tipoEvento":"HEARTBEAT","bufferSize":0}
2026-08-14 01:05:59,211 INFO  [it.uni.reti2.HeartbeatGenerator] (executor-thread-1) 💓 [HEARTBEAT] Invio heartbeat: {"stazioneId":"MI","stato":"ONLINE","timestamp":"2026-08-13T23:05:59.211785398Z","tipoEvento":"HEARTBEAT","bufferSize":0}
2026-08-14 01:06:09,212 INFO  [it.uni.reti2.HeartbeatGenerator] (executor-thread-1) 💓 [HEARTBEAT] Invio heartbeat: {"stazioneId":"MI","stato":"ONLINE","timestamp":"2026-08-13T23:06:09.212021964Z","tipoEvento":"HEARTBEAT","bufferSize":0}
2026-08-14 01:06:19,212 INFO  [it.uni.reti2.HeartbeatGenerator] (executor-thread-1) 💓 [HEARTBEAT] Invio heartbeat: {"stazioneId":"MI","stato":"ONLINE","timestamp":"2026-08-13T23:06:19.212349038Z","tipoEvento":"HEARTBEAT","bufferSize":0}
2026-08-14 01:06:29,212 INFO  [it.uni.reti2.HeartbeatGenerator] (executor-thread-1) 💓 [HEARTBEAT] Invio heartbeat: {"stazioneId":"MI","stato":"ONLINE","timestamp":"2026-08-13T23:06:29.212269488Z","tipoEvento":"HEARTBEAT","bufferSize":0}
2026-08-14 01:06:39,211 INFO  [it.uni.reti2.HeartbeatGenerator] (executor-thread-1) 💓 [HEARTBEAT] Invio heartbeat: {"stazioneId":"MI","stato":"ONLINE","timestamp":"2026-08-13T23:06:39.211792321Z","tipoEvento":"HEARTBEAT","bufferSize":0}
2026-08-14 01:06:49,211 INFO  [it.uni.reti2.HeartbeatGenerator] (executor-thread-1) 💓 [HEARTBEAT] Invio heartbeat: {"stazioneId":"MI","stato":"ONLINE","timestamp":"2026-08-13T23:06:49.211872604Z","tipoEvento":"HEARTBEAT","bufferSize":0}
2026-08-14 01:06:59,212 INFO  [it.uni.reti2.HeartbeatGenerator] (executor-thread-1) 💓 [HEARTBEAT] Invio heartbeat: {"stazioneId":"MI","stato":"ONLINE","timestamp":"2026-08-13T23:06:59.212141866Z","tipoEvento":"HEARTBEAT","bufferSize":0}
2026-08-14 01:07:09,212 INFO  [it.uni.reti2.HeartbeatGenerator] (executor-thread-1) 💓 [HEARTBEAT] Invio heartbeat: {"stazioneId":"MI","stato":"ONLINE","timestamp":"2026-08-13T23:07:09.212936734Z","tipoEvento":"HEARTBEAT","bufferSize":0}
2026-08-14 01:07:19,212 INFO  [it.uni.reti2.HeartbeatGenerator] (executor-thread-1) 💓 [HEARTBEAT] Invio heartbeat: {"stazioneId":"MI","stato":"ONLINE","timestamp":"2026-08-13T23:07:19.212325603Z","tipoEvento":"HEARTBEAT","bufferSize":0}
2026-08-14 01:07:29,211 INFO  [it.uni.reti2.HeartbeatGenerator] (executor-thread-1) 💓 [HEARTBEAT] Invio heartbeat: {"stazioneId":"MI","stato":"ONLINE","timestamp":"2026-08-13T23:07:29.211782381Z","tipoEvento":"HEARTBEAT","bufferSize":0}
2026-08-14 01:07:39,211 INFO  [it.uni.reti2.HeartbeatGenerator] (executor-thread-1) 💓 [HEARTBEAT] Invio heartbeat: {"stazioneId":"MI","stato":"ONLINE","timestamp":"2026-08-13T23:07:39.211822878Z","tipoEvento":"HEARTBEAT","bufferSize":0}
2026-08-14 01:07:49,212 INFO  [it.uni.reti2.HeartbeatGenerator] (executor-thread-1) 💓 [HEARTBEAT] Invio heartbeat: {"stazioneId":"MI","stato":"ONLINE","timestamp":"2026-08-13T23:07:49.212574034Z","tipoEvento":"HEARTBEAT","bufferSize":0}
2026-08-14 01:07:59,211 INFO  [it.uni.reti2.HeartbeatGenerator] (executor-thread-1) 💓 [HEARTBEAT] Invio heartbeat: {"stazioneId":"MI","stato":"ONLINE","timestamp":"2026-08-13T23:07:59.211865125Z","tipoEvento":"HEARTBEAT","bufferSize":0}
2026-08-14 01:08:09,211 INFO  [it.uni.reti2.HeartbeatGenerator] (executor-thread-1) 💓 [HEARTBEAT] Invio heartbeat: {"stazioneId":"MI","stato":"ONLINE","timestamp":"2026-08-13T23:08:09.211826377Z","tipoEvento":"HEARTBEAT","bufferSize":0}
2026-08-14 01:08:19,211 INFO  [it.uni.reti2.HeartbeatGenerator] (executor-thread-1) 💓 [HEARTBEAT] Invio heartbeat: {"stazioneId":"MI","stato":"ONLINE","timestamp":"2026-08-13T23:08:19.211902699Z","tipoEvento":"HEARTBEAT","bufferSize":0}
2026-08-14 01:08:29,212 INFO  [it.uni.reti2.HeartbeatGenerator] (executor-thread-1) 💓 [HEARTBEAT] Invio heartbeat: {"stazioneId":"MI","stato":"ONLINE","timestamp":"2026-08-13T23:08:29.212348418Z","tipoEvento":"HEARTBEAT","bufferSize":0}
2026-08-14 01:08:39,211 INFO  [it.uni.reti2.HeartbeatGenerator] (executor-thread-1) 💓 [HEARTBEAT] Invio heartbeat: {"stazioneId":"MI","stato":"ONLINE","timestamp":"2026-08-13T23:08:39.211873739Z","tipoEvento":"HEARTBEAT","bufferSize":0}
2026-08-14 01:08:49,212 INFO  [it.uni.reti2.HeartbeatGenerator] (executor-thread-1) 💓 [HEARTBEAT] Invio heartbeat: {"stazioneId":"MI","stato":"ONLINE","timestamp":"2026-08-13T23:08:49.212001085Z","tipoEvento":"HEARTBEAT","bufferSize":0}
2026-08-14 01:08:59,211 INFO  [it.uni.reti2.HeartbeatGenerator] (executor-thread-1) 💓 [HEARTBEAT] Invio heartbeat: {"stazioneId":"MI","stato":"ONLINE","timestamp":"2026-08-13T23:08:59.211885511Z","tipoEvento":"HEARTBEAT","bufferSize":0}
2026-08-14 01:09:09,211 INFO  [it.uni.reti2.HeartbeatGenerator] (executor-thread-1) 💓 [HEARTBEAT] Invio heartbeat: {"stazioneId":"MI","stato":"ONLINE","timestamp":"2026-08-13T23:09:09.211842158Z","tipoEvento":"HEARTBEAT","bufferSize":0}
2026-08-14 01:09:14,071 INFO  [it.uni.reti2.StationGateway] (vert.x-eventloop-thread-3) 🚂 [PASSAGGIO] Treno tenoAmmazzaRicchi in ENTRATA dalla stazione MI
2026-08-14 01:09:19,211 INFO  [it.uni.reti2.HeartbeatGenerator] (executor-thread-1) 💓 [HEARTBEAT] Invio heartbeat: {"stazioneId":"MI","stato":"ONLINE","timestamp":"2026-08-13T23:09:19.211857633Z","tipoEvento":"HEARTBEAT","bufferSize":0}
2026-08-14 01:09:29,211 INFO  [it.uni.reti2.HeartbeatGenerator] (executor-thread-1) 💓 [HEARTBEAT] Invio heartbeat: {"stazioneId":"MI","stato":"ONLINE","timestamp":"2026-08-13T23:09:29.211782149Z","tipoEvento":"HEARTBEAT","bufferSize":0}
2026-08-14 01:09:35,071 INFO  [it.uni.reti2.StationGateway] (vert.x-eventloop-thread-3) 🚂 [PASSAGGIO] Treno tenoAmmazzaRicchi in USCITA dalla stazione MI
2026-08-14 01:09:39,211 INFO  [it.uni.reti2.HeartbeatGenerator] (executor-thread-1) 💓 [HEARTBEAT] Invio heartbeat: {"stazioneId":"MI","stato":"ONLINE","timestamp":"2026-08-13T23:09:39.211870440Z","tipoEvento":"HEARTBEAT","bufferSize":0}
2026-08-14 01:09:49,211 INFO  [it.uni.reti2.HeartbeatGenerator] (executor-thread-1) 💓 [HEARTBEAT] Invio heartbeat: {"stazioneId":"MI","stato":"ONLINE","timestamp":"2026-08-13T23:09:49.211887493Z","tipoEvento":"HEARTBEAT","bufferSize":0}
2026-08-14 01:09:59,211 INFO  [it.uni.reti2.HeartbeatGenerator] (executor-thread-1) 💓 [HEARTBEAT] Invio heartbeat: {"stazioneId":"MI","stato":"ONLINE","timestamp":"2026-08-13T23:09:59.211751931Z","tipoEvento":"HEARTBEAT","bufferSize":0}
2026-08-14 01:10:09,211 INFO  [it.uni.reti2.HeartbeatGenerator] (executor-thread-1) 💓 [HEARTBEAT] Invio heartbeat: {"stazioneId":"MI","stato":"ONLINE","timestamp":"2026-08-13T23:10:09.211753438Z","tipoEvento":"HEARTBEAT","bufferSize":0}
2026-08-14 01:10:19,211 INFO  [it.uni.reti2.HeartbeatGenerator] (executor-thread-1) 💓 [HEARTBEAT] Invio heartbeat: {"stazioneId":"MI","stato":"ONLINE","timestamp":"2026-08-13T23:10:19.211745769Z","tipoEvento":"HEARTBEAT","bufferSize":0}
2026-08-14 01:10:29,211 INFO  [it.uni.reti2.HeartbeatGenerator] (executor-thread-1) 💓 [HEARTBEAT] Invio heartbeat: {"stazioneId":"MI","stato":"ONLINE","timestamp":"2026-08-13T23:10:29.211742649Z","tipoEvento":"HEARTBEAT","bufferSize":0}
2026-08-14 01:10:39,211 INFO  [it.uni.reti2.HeartbeatGenerator] (executor-thread-1) 💓 [HEARTBEAT] Invio heartbeat: {"stazioneId":"MI","stato":"ONLINE","timestamp":"2026-08-13T23:10:39.211742919Z","tipoEvento":"HEARTBEAT","bufferSize":0}
2026-08-14 01:10:49,211 INFO  [it.uni.reti2.HeartbeatGenerator] (executor-thread-1) 💓 [HEARTBEAT] Invio heartbeat: {"stazioneId":"MI","stato":"ONLINE","timestamp":"2026-08-13T23:10:49.211753247Z","tipoEvento":"HEARTBEAT","bufferSize":0}
2026-08-14 01:10:59,211 INFO  [it.uni.reti2.HeartbeatGenerator] (executor-thread-1) 💓 [HEARTBEAT] Invio heartbeat: {"stazioneId":"MI","stato":"ONLINE","timestamp":"2026-08-13T23:10:59.211914362Z","tipoEvento":"HEARTBEAT","bufferSize":0}
2026-08-14 01:11:09,211 INFO  [it.uni.reti2.HeartbeatGenerator] (executor-thread-1) 💓 [HEARTBEAT] Invio heartbeat: {"stazioneId":"MI","stato":"ONLINE","timestamp":"2026-08-13T23:11:09.211830428Z","tipoEvento":"HEARTBEAT","bufferSize":0}
2026-08-14 01:11:19,212 INFO  [it.uni.reti2.HeartbeatGenerator] (executor-thread-1) 💓 [HEARTBEAT] Invio heartbeat: {"stazioneId":"MI","stato":"ONLINE","timestamp":"2026-08-13T23:11:19.212288061Z","tipoEvento":"HEARTBEAT","bufferSize":0}
2026-08-14 01:11:21,071 INFO  [it.uni.reti2.StationGateway] (vert.x-eventloop-thread-3) 🚂 [PASSAGGIO] Treno Mario in ENTRATA dalla stazione MI
2026-08-14 01:11:29,211 INFO  [it.uni.reti2.HeartbeatGenerator] (executor-thread-1) 💓 [HEARTBEAT] Invio heartbeat: {"stazioneId":"MI","stato":"ONLINE","timestamp":"2026-08-13T23:11:29.211781566Z","tipoEvento":"HEARTBEAT","bufferSize":0}
2026-08-14 01:11:39,211 INFO  [it.uni.reti2.HeartbeatGenerator] (executor-thread-1) 💓 [HEARTBEAT] Invio heartbeat: {"stazioneId":"MI","stato":"ONLINE","timestamp":"2026-08-13T23:11:39.211825523Z","tipoEvento":"HEARTBEAT","bufferSize":0}
2026-08-14 01:11:42,071 INFO  [it.uni.reti2.StationGateway] (vert.x-eventloop-thread-3) 🚂 [PASSAGGIO] Treno Mario in USCITA dalla stazione MI
2026-08-14 01:11:49,211 INFO  [it.uni.reti2.HeartbeatGenerator] (executor-thread-1) 💓 [HEARTBEAT] Invio heartbeat: {"stazioneId":"MI","stato":"ONLINE","timestamp":"2026-08-13T23:11:49.211775411Z","tipoEvento":"HEARTBEAT","bufferSize":0}
2026-08-14 01:11:59,211 INFO  [it.uni.reti2.HeartbeatGenerator] (executor-thread-1) 💓 [HEARTBEAT] Invio heartbeat: {"stazioneId":"MI","stato":"ONLINE","timestamp":"2026-08-13T23:11:59.211828137Z","tipoEvento":"HEARTBEAT","bufferSize":0}
2026-08-14 01:12:09,212 INFO  [it.uni.reti2.HeartbeatGenerator] (executor-thread-1) 💓 [HEARTBEAT] Invio heartbeat: {"stazioneId":"MI","stato":"ONLINE","timestamp":"2026-08-13T23:12:09.212021453Z","tipoEvento":"HEARTBEAT","bufferSize":0}
2026-08-14 01:12:19,212 INFO  [it.uni.reti2.HeartbeatGenerator] (executor-thread-1) 💓 [HEARTBEAT] Invio heartbeat: {"stazioneId":"MI","stato":"ONLINE","timestamp":"2026-08-13T23:12:19.212178785Z","tipoEvento":"HEARTBEAT","bufferSize":0}
2026-08-14 01:12:29,211 INFO  [it.uni.reti2.HeartbeatGenerator] (executor-thread-1) 💓 [HEARTBEAT] Invio heartbeat: {"stazioneId":"MI","stato":"ONLINE","timestamp":"2026-08-13T23:12:29.211824704Z","tipoEvento":"HEARTBEAT","bufferSize":0}
2026-08-14 01:12:39,213 INFO  [it.uni.reti2.HeartbeatGenerator] (executor-thread-1) 💓 [HEARTBEAT] Invio heartbeat: {"stazioneId":"MI","stato":"ONLINE","timestamp":"2026-08-13T23:12:39.213041789Z","tipoEvento":"HEARTBEAT","bufferSize":0}
2026-08-14 01:12:49,211 INFO  [it.uni.reti2.HeartbeatGenerator] (executor-thread-1) 💓 [HEARTBEAT] Invio heartbeat: {"stazioneId":"MI","stato":"ONLINE","timestamp":"2026-08-13T23:12:49.211849109Z","tipoEvento":"HEARTBEAT","bufferSize":0}
2026-08-14 01:12:59,212 INFO  [it.uni.reti2.HeartbeatGenerator] (executor-thread-1) 💓 [HEARTBEAT] Invio heartbeat: {"stazioneId":"MI","stato":"ONLINE","timestamp":"2026-08-13T23:12:59.212146406Z","tipoEvento":"HEARTBEAT","bufferSize":0}
2026-08-14 01:13:09,212 INFO  [it.uni.reti2.HeartbeatGenerator] (executor-thread-1) 💓 [HEARTBEAT] Invio heartbeat: {"stazioneId":"MI","stato":"ONLINE","timestamp":"2026-08-13T23:13:09.212260231Z","tipoEvento":"HEARTBEAT","bufferSize":0}
2026-08-14 01:13:17,071 INFO  [it.uni.reti2.StationGateway] (vert.x-eventloop-thread-3) 🚂 [PASSAGGIO] Treno tenoAmmazzaRicchi in ENTRATA dalla stazione MI
2026-08-14 01:13:19,212 INFO  [it.uni.reti2.HeartbeatGenerator] (executor-thread-1) 💓 [HEARTBEAT] Invio heartbeat: {"stazioneId":"MI","stato":"ONLINE","timestamp":"2026-08-13T23:13:19.212414285Z","tipoEvento":"HEARTBEAT","bufferSize":0}
2026-08-14 01:13:29,211 INFO  [it.uni.reti2.HeartbeatGenerator] (executor-thread-1) 💓 [HEARTBEAT] Invio heartbeat: {"stazioneId":"MI","stato":"ONLINE","timestamp":"2026-08-13T23:13:29.211814455Z","tipoEvento":"HEARTBEAT","bufferSize":0}
2026-08-14 01:13:38,071 INFO  [it.uni.reti2.StationGateway] (vert.x-eventloop-thread-3) 🚂 [PASSAGGIO] Treno tenoAmmazzaRicchi in USCITA dalla stazione MI
2026-08-14 01:13:39,211 INFO  [it.uni.reti2.HeartbeatGenerator] (executor-thread-1) 💓 [HEARTBEAT] Invio heartbeat: {"stazioneId":"MI","stato":"ONLINE","timestamp":"2026-08-13T23:13:39.211808121Z","tipoEvento":"HEARTBEAT","bufferSize":0}
2026-08-14 01:13:49,211 INFO  [it.uni.reti2.HeartbeatGenerator] (executor-thread-1) 💓 [HEARTBEAT] Invio heartbeat: {"stazioneId":"MI","stato":"ONLINE","timestamp":"2026-08-13T23:13:49.211820354Z","tipoEvento":"HEARTBEAT","bufferSize":0}
2026-08-14 01:13:59,212 INFO  [it.uni.reti2.HeartbeatGenerator] (executor-thread-1) 💓 [HEARTBEAT] Invio heartbeat: {"stazioneId":"MI","stato":"ONLINE","timestamp":"2026-08-13T23:13:59.212662921Z","tipoEvento":"HEARTBEAT","bufferSize":0}
2026-08-14 01:14:09,212 INFO  [it.uni.reti2.HeartbeatGenerator] (executor-thread-1) 💓 [HEARTBEAT] Invio heartbeat: {"stazioneId":"MI","stato":"ONLINE","timestamp":"2026-08-13T23:14:09.212255905Z","tipoEvento":"HEARTBEAT","bufferSize":0}
2026-08-14 01:14:19,212 INFO  [it.uni.reti2.HeartbeatGenerator] (executor-thread-1) 💓 [HEARTBEAT] Invio heartbeat: {"stazioneId":"MI","stato":"ONLINE","timestamp":"2026-08-13T23:14:19.212262852Z","tipoEvento":"HEARTBEAT","bufferSize":0}
2026-08-14 01:14:29,212 INFO  [it.uni.reti2.HeartbeatGenerator] (executor-thread-1) 💓 [HEARTBEAT] Invio heartbeat: {"stazioneId":"MI","stato":"ONLINE","timestamp":"2026-08-13T23:14:29.212229671Z","tipoEvento":"HEARTBEAT","bufferSize":0}
2026-08-14 01:14:39,212 INFO  [it.uni.reti2.HeartbeatGenerator] (executor-thread-1) 💓 [HEARTBEAT] Invio heartbeat: {"stazioneId":"MI","stato":"ONLINE","timestamp":"2026-08-13T23:14:39.212303131Z","tipoEvento":"HEARTBEAT","bufferSize":0}
2026-08-14 01:14:49,212 INFO  [it.uni.reti2.HeartbeatGenerator] (executor-thread-1) 💓 [HEARTBEAT] Invio heartbeat: {"stazioneId":"MI","stato":"ONLINE","timestamp":"2026-08-13T23:14:49.212149229Z","tipoEvento":"HEARTBEAT","bufferSize":0}
2026-08-14 01:14:59,212 INFO  [it.uni.reti2.HeartbeatGenerator] (executor-thread-1) 💓 [HEARTBEAT] Invio heartbeat: {"stazioneId":"MI","stato":"ONLINE","timestamp":"2026-08-13T23:14:59.212252790Z","tipoEvento":"HEARTBEAT","bufferSize":0}
2026-08-14 01:15:09,211 INFO  [it.uni.reti2.HeartbeatGenerator] (executor-thread-1) 💓 [HEARTBEAT] Invio heartbeat: {"stazioneId":"MI","stato":"ONLINE","timestamp":"2026-08-13T23:15:09.211832641Z","tipoEvento":"HEARTBEAT","bufferSize":0}
2026-08-14 01:15:19,211 INFO  [it.uni.reti2.HeartbeatGenerator] (executor-thread-1) 💓 [HEARTBEAT] Invio heartbeat: {"stazioneId":"MI","stato":"ONLINE","timestamp":"2026-08-13T23:15:19.211792340Z","tipoEvento":"HEARTBEAT","bufferSize":0}
2026-08-14 01:15:24,070 INFO  [it.uni.reti2.StationGateway] (vert.x-eventloop-thread-3) 🚂 [PASSAGGIO] Treno Mario in ENTRATA dalla stazione MI
2026-08-14 01:15:29,211 INFO  [it.uni.reti2.HeartbeatGenerator] (executor-thread-1) 💓 [HEARTBEAT] Invio heartbeat: {"stazioneId":"MI","stato":"ONLINE","timestamp":"2026-08-13T23:15:29.211754770Z","tipoEvento":"HEARTBEAT","bufferSize":0}
2026-08-14 01:15:39,211 INFO  [it.uni.reti2.HeartbeatGenerator] (executor-thread-1) 💓 [HEARTBEAT] Invio heartbeat: {"stazioneId":"MI","stato":"ONLINE","timestamp":"2026-08-13T23:15:39.211822182Z","tipoEvento":"HEARTBEAT","bufferSize":0}
2026-08-14 01:15:44,070 INFO  [it.uni.reti2.StationGateway] (vert.x-eventloop-thread-3) 🚂 [PASSAGGIO] Treno Mario in USCITA dalla stazione MI
2026-08-14 01:15:49,211 INFO  [it.uni.reti2.HeartbeatGenerator] (executor-thread-1) 💓 [HEARTBEAT] Invio heartbeat: {"stazioneId":"MI","stato":"ONLINE","timestamp":"2026-08-13T23:15:49.211734581Z","tipoEvento":"HEARTBEAT","bufferSize":0}
2026-08-14 01:15:59,211 INFO  [it.uni.reti2.HeartbeatGenerator] (executor-thread-1) 💓 [HEARTBEAT] Invio heartbeat: {"stazioneId":"MI","stato":"ONLINE","timestamp":"2026-08-13T23:15:59.211787810Z","tipoEvento":"HEARTBEAT","bufferSize":0}
2026-08-14 01:16:09,211 INFO  [it.uni.reti2.HeartbeatGenerator] (executor-thread-1) 💓 [HEARTBEAT] Invio heartbeat: {"stazioneId":"MI","stato":"ONLINE","timestamp":"2026-08-13T23:16:09.211821578Z","tipoEvento":"HEARTBEAT","bufferSize":0}
2026-08-14 01:16:19,212 INFO  [it.uni.reti2.HeartbeatGenerator] (executor-thread-1) 💓 [HEARTBEAT] Invio heartbeat: {"stazioneId":"MI","stato":"ONLINE","timestamp":"2026-08-13T23:16:19.212008627Z","tipoEvento":"HEARTBEAT","bufferSize":0}
2026-08-14 01:16:29,212 INFO  [it.uni.reti2.HeartbeatGenerator] (executor-thread-1) 💓 [HEARTBEAT] Invio heartbeat: {"stazioneId":"MI","stato":"ONLINE","timestamp":"2026-08-13T23:16:29.212172588Z","tipoEvento":"HEARTBEAT","bufferSize":0}
2026-08-14 01:16:39,211 INFO  [it.uni.reti2.HeartbeatGenerator] (executor-thread-1) 💓 [HEARTBEAT] Invio heartbeat: {"stazioneId":"MI","stato":"ONLINE","timestamp":"2026-08-13T23:16:39.211824547Z","tipoEvento":"HEARTBEAT","bufferSize":0}
2026-08-14 01:16:49,212 INFO  [it.uni.reti2.HeartbeatGenerator] (executor-thread-1) 💓 [HEARTBEAT] Invio heartbeat: {"stazioneId":"MI","stato":"ONLINE","timestamp":"2026-08-13T23:16:49.212130952Z","tipoEvento":"HEARTBEAT","bufferSize":0}
2026-08-14 01:16:59,211 INFO  [it.uni.reti2.HeartbeatGenerator] (executor-thread-1) 💓 [HEARTBEAT] Invio heartbeat: {"stazioneId":"MI","stato":"ONLINE","timestamp":"2026-08-13T23:16:59.211834163Z","tipoEvento":"HEARTBEAT","bufferSize":0}
2026-08-14 01:17:09,212 INFO  [it.uni.reti2.HeartbeatGenerator] (executor-thread-1) 💓 [HEARTBEAT] Invio heartbeat: {"stazioneId":"MI","stato":"ONLINE","timestamp":"2026-08-13T23:17:09.212174078Z","tipoEvento":"HEARTBEAT","bufferSize":0}
2026-08-14 01:17:19,212 INFO  [it.uni.reti2.HeartbeatGenerator] (executor-thread-1) 💓 [HEARTBEAT] Invio heartbeat: {"stazioneId":"MI","stato":"ONLINE","timestamp":"2026-08-13T23:17:19.212259294Z","tipoEvento":"HEARTBEAT","bufferSize":0}
2026-08-14 01:17:29,211 INFO  [it.uni.reti2.HeartbeatGenerator] (executor-thread-1) 💓 [HEARTBEAT] Invio heartbeat: {"stazioneId":"MI","stato":"ONLINE","timestamp":"2026-08-13T23:17:29.211824145Z","tipoEvento":"HEARTBEAT","bufferSize":0}
2026-08-14 01:17:39,211 INFO  [it.uni.reti2.HeartbeatGenerator] (executor-thread-1) 💓 [HEARTBEAT] Invio heartbeat: {"stazioneId":"MI","stato":"ONLINE","timestamp":"2026-08-13T23:17:39.211919974Z","tipoEvento":"HEARTBEAT","bufferSize":0}
2026-08-14 01:17:49,212 INFO  [it.uni.reti2.HeartbeatGenerator] (executor-thread-1) 💓 [HEARTBEAT] Invio heartbeat: {"stazioneId":"MI","stato":"ONLINE","timestamp":"2026-08-13T23:17:49.212631538Z","tipoEvento":"HEARTBEAT","bufferSize":0}
2026-08-14 01:17:59,212 INFO  [it.uni.reti2.HeartbeatGenerator] (executor-thread-1) 💓 [HEARTBEAT] Invio heartbeat: {"stazioneId":"MI","stato":"ONLINE","timestamp":"2026-08-13T23:17:59.212256627Z","tipoEvento":"HEARTBEAT","bufferSize":0}
2026-08-14 01:18:09,212 INFO  [it.uni.reti2.HeartbeatGenerator] (executor-thread-1) 💓 [HEARTBEAT] Invio heartbeat: {"stazioneId":"MI","stato":"ONLINE","timestamp":"2026-08-13T23:18:09.212588394Z","tipoEvento":"HEARTBEAT","bufferSize":0}
2026-08-14 01:18:19,211 INFO  [it.uni.reti2.HeartbeatGenerator] (executor-thread-1) 💓 [HEARTBEAT] Invio heartbeat: {"stazioneId":"MI","stato":"ONLINE","timestamp":"2026-08-13T23:18:19.211904675Z","tipoEvento":"HEARTBEAT","bufferSize":0}
2026-08-14 01:18:29,212 INFO  [it.uni.reti2.HeartbeatGenerator] (executor-thread-1) 💓 [HEARTBEAT] Invio heartbeat: {"stazioneId":"MI","stato":"ONLINE","timestamp":"2026-08-13T23:18:29.212374629Z","tipoEvento":"HEARTBEAT","bufferSize":0}
2026-08-14 01:18:39,212 INFO  [it.uni.reti2.HeartbeatGenerator] (executor-thread-1) 💓 [HEARTBEAT] Invio heartbeat: {"stazioneId":"MI","stato":"ONLINE","timestamp":"2026-08-13T23:18:39.212194071Z","tipoEvento":"HEARTBEAT","bufferSize":0}
2026-08-14 01:18:49,212 INFO  [it.uni.reti2.HeartbeatGenerator] (executor-thread-1) 💓 [HEARTBEAT] Invio heartbeat: {"stazioneId":"MI","stato":"ONLINE","timestamp":"2026-08-13T23:18:49.212218770Z","tipoEvento":"HEARTBEAT","bufferSize":0}
2026-08-14 01:18:59,212 INFO  [it.uni.reti2.HeartbeatGenerator] (executor-thread-1) 💓 [HEARTBEAT] Invio heartbeat: {"stazioneId":"MI","stato":"ONLINE","timestamp":"2026-08-13T23:18:59.212290890Z","tipoEvento":"HEARTBEAT","bufferSize":0}
2026-08-14 01:19:09,212 INFO  [it.uni.reti2.HeartbeatGenerator] (executor-thread-1) 💓 [HEARTBEAT] Invio heartbeat: {"stazioneId":"MI","stato":"ONLINE","timestamp":"2026-08-13T23:19:09.212141791Z","tipoEvento":"HEARTBEAT","bufferSize":0}
2026-08-14 01:19:19,211 INFO  [it.uni.reti2.HeartbeatGenerator] (executor-thread-1) 💓 [HEARTBEAT] Invio heartbeat: {"stazioneId":"MI","stato":"ONLINE","timestamp":"2026-08-13T23:19:19.211901793Z","tipoEvento":"HEARTBEAT","bufferSize":0}
2026-08-14 01:19:29,212 INFO  [it.uni.reti2.HeartbeatGenerator] (executor-thread-1) 💓 [HEARTBEAT] Invio heartbeat: {"stazioneId":"MI","stato":"ONLINE","timestamp":"2026-08-13T23:19:29.212225660Z","tipoEvento":"HEARTBEAT","bufferSize":0}
2026-08-14 01:19:39,212 INFO  [it.uni.reti2.HeartbeatGenerator] (executor-thread-1) 💓 [HEARTBEAT] Invio heartbeat: {"stazioneId":"MI","stato":"ONLINE","timestamp":"2026-08-13T23:19:39.212207160Z","tipoEvento":"HEARTBEAT","bufferSize":0}
2026-08-14 01:19:49,211 INFO  [it.uni.reti2.HeartbeatGenerator] (executor-thread-1) 💓 [HEARTBEAT] Invio heartbeat: {"stazioneId":"MI","stato":"ONLINE","timestamp":"2026-08-13T23:19:49.211869534Z","tipoEvento":"HEARTBEAT","bufferSize":0}
2026-08-14 01:19:59,211 INFO  [it.uni.reti2.HeartbeatGenerator] (executor-thread-1) 💓 [HEARTBEAT] Invio heartbeat: {"stazioneId":"MI","stato":"ONLINE","timestamp":"2026-08-13T23:19:59.211785930Z","tipoEvento":"HEARTBEAT","bufferSize":0}
2026-08-14 01:20:09,212 INFO  [it.uni.reti2.HeartbeatGenerator] (executor-thread-1) 💓 [HEARTBEAT] Invio heartbeat: {"stazioneId":"MI","stato":"ONLINE","timestamp":"2026-08-13T23:20:09.212236617Z","tipoEvento":"HEARTBEAT","bufferSize":0}
2026-08-14 01:20:19,211 INFO  [it.uni.reti2.HeartbeatGenerator] (executor-thread-1) 💓 [HEARTBEAT] Invio heartbeat: {"stazioneId":"MI","stato":"ONLINE","timestamp":"2026-08-13T23:20:19.211958249Z","tipoEvento":"HEARTBEAT","bufferSize":0}
2026-08-14 01:20:29,211 INFO  [it.uni.reti2.HeartbeatGenerator] (executor-thread-1) 💓 [HEARTBEAT] Invio heartbeat: {"stazioneId":"MI","stato":"ONLINE","timestamp":"2026-08-13T23:20:29.211850427Z","tipoEvento":"HEARTBEAT","bufferSize":0}
2026-08-14 01:20:39,212 INFO  [it.uni.reti2.HeartbeatGenerator] (executor-thread-1) 💓 [HEARTBEAT] Invio heartbeat: {"stazioneId":"MI","stato":"ONLINE","timestamp":"2026-08-13T23:20:39.212475976Z","tipoEvento":"HEARTBEAT","bufferSize":0}
2026-08-14 01:20:49,211 INFO  [it.uni.reti2.HeartbeatGenerator] (executor-thread-1) 💓 [HEARTBEAT] Invio heartbeat: {"stazioneId":"MI","stato":"ONLINE","timestamp":"2026-08-13T23:20:49.211818856Z","tipoEvento":"HEARTBEAT","bufferSize":0}
2026-08-14 01:20:59,211 INFO  [it.uni.reti2.HeartbeatGenerator] (executor-thread-1) 💓 [HEARTBEAT] Invio heartbeat: {"stazioneId":"MI","stato":"ONLINE","timestamp":"2026-08-13T23:20:59.211941435Z","tipoEvento":"HEARTBEAT","bufferSize":0}
2026-08-14 01:21:04,071 INFO  [it.uni.reti2.StationGateway] (vert.x-eventloop-thread-3) 🚂 [PASSAGGIO] Treno tenoAmmazzaRicchi in ENTRATA dalla stazione MI
2026-08-14 01:21:09,212 INFO  [it.uni.reti2.HeartbeatGenerator] (executor-thread-1) 💓 [HEARTBEAT] Invio heartbeat: {"stazioneId":"MI","stato":"ONLINE","timestamp":"2026-08-13T23:21:09.212319276Z","tipoEvento":"HEARTBEAT","bufferSize":0}
2026-08-14 01:21:19,212 INFO  [it.uni.reti2.HeartbeatGenerator] (executor-thread-1) 💓 [HEARTBEAT] Invio heartbeat: {"stazioneId":"MI","stato":"ONLINE","timestamp":"2026-08-13T23:21:19.212352571Z","tipoEvento":"HEARTBEAT","bufferSize":0}
2026-08-14 01:21:25,071 INFO  [it.uni.reti2.StationGateway] (vert.x-eventloop-thread-3) 🚂 [PASSAGGIO] Treno tenoAmmazzaRicchi in USCITA dalla stazione MI
2026-08-14 01:21:29,211 INFO  [it.uni.reti2.HeartbeatGenerator] (executor-thread-1) 💓 [HEARTBEAT] Invio heartbeat: {"stazioneId":"MI","stato":"ONLINE","timestamp":"2026-08-13T23:21:29.211823172Z","tipoEvento":"HEARTBEAT","bufferSize":0}
2026-08-14 01:21:39,212 INFO  [it.uni.reti2.HeartbeatGenerator] (executor-thread-1) 💓 [HEARTBEAT] Invio heartbeat: {"stazioneId":"MI","stato":"ONLINE","timestamp":"2026-08-13T23:21:39.212296405Z","tipoEvento":"HEARTBEAT","bufferSize":0}
2026-08-14 01:21:49,211 INFO  [it.uni.reti2.HeartbeatGenerator] (executor-thread-1) 💓 [HEARTBEAT] Invio heartbeat: {"stazioneId":"MI","stato":"ONLINE","timestamp":"2026-08-13T23:21:49.211819697Z","tipoEvento":"HEARTBEAT","bufferSize":0}
2026-08-14 01:21:59,211 INFO  [it.uni.reti2.HeartbeatGenerator] (executor-thread-1) 💓 [HEARTBEAT] Invio heartbeat: {"stazioneId":"MI","stato":"ONLINE","timestamp":"2026-08-13T23:21:59.211843403Z","tipoEvento":"HEARTBEAT","bufferSize":0}
2026-08-14 01:22:09,212 INFO  [it.uni.reti2.HeartbeatGenerator] (executor-thread-1) 💓 [HEARTBEAT] Invio heartbeat: {"stazioneId":"MI","stato":"ONLINE","timestamp":"2026-08-13T23:22:09.212025857Z","tipoEvento":"HEARTBEAT","bufferSize":0}
2026-08-14 01:22:19,212 INFO  [it.uni.reti2.HeartbeatGenerator] (executor-thread-1) 💓 [HEARTBEAT] Invio heartbeat: {"stazioneId":"MI","stato":"ONLINE","timestamp":"2026-08-13T23:22:19.212667454Z","tipoEvento":"HEARTBEAT","bufferSize":0}
2026-08-14 01:22:29,212 INFO  [it.uni.reti2.HeartbeatGenerator] (executor-thread-1) 💓 [HEARTBEAT] Invio heartbeat: {"stazioneId":"MI","stato":"ONLINE","timestamp":"2026-08-13T23:22:29.212555883Z","tipoEvento":"HEARTBEAT","bufferSize":0}
2026-08-14 01:22:39,212 INFO  [it.uni.reti2.HeartbeatGenerator] (executor-thread-1) 💓 [HEARTBEAT] Invio heartbeat: {"stazioneId":"MI","stato":"ONLINE","timestamp":"2026-08-13T23:22:39.212262101Z","tipoEvento":"HEARTBEAT","bufferSize":0}
2026-08-14 01:22:49,212 INFO  [it.uni.reti2.HeartbeatGenerator] (executor-thread-1) 💓 [HEARTBEAT] Invio heartbeat: {"stazioneId":"MI","stato":"ONLINE","timestamp":"2026-08-13T23:22:49.212230627Z","tipoEvento":"HEARTBEAT","bufferSize":0}
2026-08-14 01:22:59,211 INFO  [it.uni.reti2.HeartbeatGenerator] (executor-thread-1) 💓 [HEARTBEAT] Invio heartbeat: {"stazioneId":"MI","stato":"ONLINE","timestamp":"2026-08-13T23:22:59.211905642Z","tipoEvento":"HEARTBEAT","bufferSize":0}
2026-08-14 01:23:09,212 INFO  [it.uni.reti2.HeartbeatGenerator] (executor-thread-1) 💓 [HEARTBEAT] Invio heartbeat: {"stazioneId":"MI","stato":"ONLINE","timestamp":"2026-08-13T23:23:09.212284190Z","tipoEvento":"HEARTBEAT","bufferSize":0}
2026-08-14 01:23:19,212 INFO  [it.uni.reti2.HeartbeatGenerator] (executor-thread-1) 💓 [HEARTBEAT] Invio heartbeat: {"stazioneId":"MI","stato":"ONLINE","timestamp":"2026-08-13T23:23:19.212147091Z","tipoEvento":"HEARTBEAT","bufferSize":0}
2026-08-14 01:23:29,212 INFO  [it.uni.reti2.HeartbeatGenerator] (executor-thread-1) 💓 [HEARTBEAT] Invio heartbeat: {"stazioneId":"MI","stato":"ONLINE","timestamp":"2026-08-13T23:23:29.212296398Z","tipoEvento":"HEARTBEAT","bufferSize":0}
2026-08-14 01:23:39,212 INFO  [it.uni.reti2.HeartbeatGenerator] (executor-thread-1) 💓 [HEARTBEAT] Invio heartbeat: {"stazioneId":"MI","stato":"ONLINE","timestamp":"2026-08-13T23:23:39.212268368Z","tipoEvento":"HEARTBEAT","bufferSize":0}
2026-08-14 01:23:49,212 INFO  [it.uni.reti2.HeartbeatGenerator] (executor-thread-1) 💓 [HEARTBEAT] Invio heartbeat: {"stazioneId":"MI","stato":"ONLINE","timestamp":"2026-08-13T23:23:49.212276644Z","tipoEvento":"HEARTBEAT","bufferSize":0}
2026-08-14 01:23:59,212 INFO  [it.uni.reti2.HeartbeatGenerator] (executor-thread-1) 💓 [HEARTBEAT] Invio heartbeat: {"stazioneId":"MI","stato":"ONLINE","timestamp":"2026-08-13T23:23:59.212296206Z","tipoEvento":"HEARTBEAT","bufferSize":0}
2026-08-14 01:24:09,212 INFO  [it.uni.reti2.HeartbeatGenerator] (executor-thread-1) 💓 [HEARTBEAT] Invio heartbeat: {"stazioneId":"MI","stato":"ONLINE","timestamp":"2026-08-13T23:24:09.212487433Z","tipoEvento":"HEARTBEAT","bufferSize":0}
2026-08-14 01:24:19,212 INFO  [it.uni.reti2.HeartbeatGenerator] (executor-thread-1) 💓 [HEARTBEAT] Invio heartbeat: {"stazioneId":"MI","stato":"ONLINE","timestamp":"2026-08-13T23:24:19.211956859Z","tipoEvento":"HEARTBEAT","bufferSize":0}
2026-08-14 01:24:29,212 INFO  [it.uni.reti2.HeartbeatGenerator] (executor-thread-1) 💓 [HEARTBEAT] Invio heartbeat: {"stazioneId":"MI","stato":"ONLINE","timestamp":"2026-08-13T23:24:29.212147784Z","tipoEvento":"HEARTBEAT","bufferSize":0}
2026-08-14 01:24:39,211 INFO  [it.uni.reti2.HeartbeatGenerator] (executor-thread-1) 💓 [HEARTBEAT] Invio heartbeat: {"stazioneId":"MI","stato":"ONLINE","timestamp":"2026-08-13T23:24:39.211897948Z","tipoEvento":"HEARTBEAT","bufferSize":0}
2026-08-14 01:24:49,212 INFO  [it.uni.reti2.HeartbeatGenerator] (executor-thread-1) 💓 [HEARTBEAT] Invio heartbeat: {"stazioneId":"MI","stato":"ONLINE","timestamp":"2026-08-13T23:24:49.212261909Z","tipoEvento":"HEARTBEAT","bufferSize":0}
2026-08-14 01:24:59,212 INFO  [it.uni.reti2.HeartbeatGenerator] (executor-thread-1) 💓 [HEARTBEAT] Invio heartbeat: {"stazioneId":"MI","stato":"ONLINE","timestamp":"2026-08-13T23:24:59.212176783Z","tipoEvento":"HEARTBEAT","bufferSize":0}
2026-08-14 01:25:08,071 INFO  [it.uni.reti2.StationGateway] (vert.x-eventloop-thread-3) 🚂 [PASSAGGIO] Treno tenoAmmazzaRicchi in ENTRATA dalla stazione MI
2026-08-14 01:25:09,211 INFO  [it.uni.reti2.HeartbeatGenerator] (executor-thread-1) 💓 [HEARTBEAT] Invio heartbeat: {"stazioneId":"MI","stato":"ONLINE","timestamp":"2026-08-13T23:25:09.211843537Z","tipoEvento":"HEARTBEAT","bufferSize":0}
2026-08-14 01:25:19,212 INFO  [it.uni.reti2.HeartbeatGenerator] (executor-thread-1) 💓 [HEARTBEAT] Invio heartbeat: {"stazioneId":"MI","stato":"ONLINE","timestamp":"2026-08-13T23:25:19.212324686Z","tipoEvento":"HEARTBEAT","bufferSize":0}
2026-08-14 01:25:28,071 INFO  [it.uni.reti2.StationGateway] (vert.x-eventloop-thread-3) 🚂 [PASSAGGIO] Treno tenoAmmazzaRicchi in USCITA dalla stazione MI
2026-08-14 01:25:29,212 INFO  [it.uni.reti2.HeartbeatGenerator] (executor-thread-1) 💓 [HEARTBEAT] Invio heartbeat: {"stazioneId":"MI","stato":"ONLINE","timestamp":"2026-08-13T23:25:29.212441980Z","tipoEvento":"HEARTBEAT","bufferSize":0}
2026-08-14 01:25:39,211 INFO  [it.uni.reti2.HeartbeatGenerator] (executor-thread-1) 💓 [HEARTBEAT] Invio heartbeat: {"stazioneId":"MI","stato":"ONLINE","timestamp":"2026-08-13T23:25:39.211819597Z","tipoEvento":"HEARTBEAT","bufferSize":0}
2026-08-14 01:25:49,212 INFO  [it.uni.reti2.HeartbeatGenerator] (executor-thread-1) 💓 [HEARTBEAT] Invio heartbeat: {"stazioneId":"MI","stato":"ONLINE","timestamp":"2026-08-13T23:25:49.212036038Z","tipoEvento":"HEARTBEAT","bufferSize":0}
2026-08-14 13:13:28,908 INFO  [io.smallrye.reactive.messaging.mqtt.session.impl.MqttClientSessionImpl] (vert.x-eventloop-thread-0) Connection closed: Connection closed
2026-08-14 13:13:29,288 INFO  [it.uni.reti2.HeartbeatGenerator] (executor-thread-1) 💓 [HEARTBEAT] Invio heartbeat: {"stazioneId":"MI","stato":"ONLINE","timestamp":"2026-08-14T11:13:29.288456837Z","tipoEvento":"HEARTBEAT","bufferSize":0}
2026-08-14 13:13:29,916 INFO  [io.vertx.mqtt.impl.MqttClientImpl] (vert.x-eventloop-thread-0) Connection with localhost:1883 established successfully
2026-08-14 13:13:39,287 WARN  [it.uni.reti2.StationGateway] (vert.x-eventloop-thread-1) 🚨 [ALERT RICEVUTO] La Centrale dice: {"tipoEvento":"RESOLVED","origine":"CENTRALE","sorgenteTipo":"STAZIONE","sorgenteId":"stazzaDellaMadonnaTroia","guastoId":"alert-1786706009024-95511589","timestamp":"2026-08-14T11:13:39.285899276Z"}
2026-08-14 13:13:39,288 INFO  [it.uni.reti2.HeartbeatGenerator] (executor-thread-1) 💓 [HEARTBEAT] Invio heartbeat: {"stazioneId":"MI","stato":"ONLINE","timestamp":"2026-08-14T11:13:39.288383860Z","tipoEvento":"HEARTBEAT","bufferSize":0}
2026-08-14 13:13:39,321 WARN  [it.uni.reti2.StationGateway] (vert.x-eventloop-thread-1) 🚨 [ALERT RICEVUTO] La Centrale dice: {"tipoEvento":"RESOLVED","origine":"CENTRALE","sorgenteTipo":"STAZIONE","sorgenteId":"PA","guastoId":"alert-1786706008893-33254f7f","timestamp":"2026-08-14T11:13:39.319471479Z"}
2026-08-14 13:13:39,361 WARN  [it.uni.reti2.StationGateway] (vert.x-eventloop-thread-1) 🚨 [ALERT RICEVUTO] La Centrale dice: {"tipoEvento":"RESOLVED","origine":"CENTRALE","sorgenteTipo":"STAZIONE","sorgenteId":"TO","guastoId":"alert-1786706009033-84dbc10a","timestamp":"2026-08-14T11:13:39.325394325Z"}
2026-08-14 13:13:39,361 WARN  [it.uni.reti2.StationGateway] (vert.x-eventloop-thread-1) 🚨 [ALERT RICEVUTO] La Centrale dice: {"tipoEvento":"RESOLVED","origine":"CENTRALE","sorgenteTipo":"STAZIONE","sorgenteId":"MI","guastoId":"alert-1786706009039-a051077b","timestamp":"2026-08-14T11:13:39.330079327Z"}
2026-08-14 13:13:39,361 INFO  [it.uni.reti2.StationGateway] (vert.x-eventloop-thread-1) 🔧 Stazione ripristinata dalla Centrale! Stato di nuovo ONLINE.
2026-08-14 13:13:39,421 WARN  [it.uni.reti2.StationGateway] (vert.x-eventloop-thread-1) 🚨 [ALERT RICEVUTO] La Centrale dice: {"tipoEvento":"RESOLVED","origine":"CENTRALE","sorgenteTipo":"STAZIONE","sorgenteId":"Padova","guastoId":"alert-1786706009045-ac04b4ec","timestamp":"2026-08-14T11:13:39.419520348Z"}
2026-08-14 13:13:49,147 INFO  [it.uni.reti2.StationGateway] (vert.x-eventloop-thread-3) 🚂 [PASSAGGIO] Treno Mario in USCITA dalla stazione MI
2026-08-14 13:13:49,288 INFO  [it.uni.reti2.HeartbeatGenerator] (executor-thread-1) 💓 [HEARTBEAT] Invio heartbeat: {"stazioneId":"MI","stato":"ONLINE","timestamp":"2026-08-14T11:13:49.288457558Z","tipoEvento":"HEARTBEAT","bufferSize":0}
2026-08-14 13:13:59,288 INFO  [it.uni.reti2.HeartbeatGenerator] (executor-thread-1) 💓 [HEARTBEAT] Invio heartbeat: {"stazioneId":"MI","stato":"ONLINE","timestamp":"2026-08-14T11:13:59.288530305Z","tipoEvento":"HEARTBEAT","bufferSize":0}
2026-08-14 13:14:09,288 INFO  [it.uni.reti2.HeartbeatGenerator] (executor-thread-1) 💓 [HEARTBEAT] Invio heartbeat: {"stazioneId":"MI","stato":"ONLINE","timestamp":"2026-08-14T11:14:09.288519300Z","tipoEvento":"HEARTBEAT","bufferSize":0}
2026-08-14 13:14:19,288 INFO  [it.uni.reti2.HeartbeatGenerator] (executor-thread-1) 💓 [HEARTBEAT] Invio heartbeat: {"stazioneId":"MI","stato":"ONLINE","timestamp":"2026-08-14T11:14:19.288458265Z","tipoEvento":"HEARTBEAT","bufferSize":0}
2026-08-14 13:14:29,288 INFO  [it.uni.reti2.HeartbeatGenerator] (executor-thread-1) 💓 [HEARTBEAT] Invio heartbeat: {"stazioneId":"MI","stato":"ONLINE","timestamp":"2026-08-14T11:14:29.288463398Z","tipoEvento":"HEARTBEAT","bufferSize":0}
2026-08-14 13:14:39,288 INFO  [it.uni.reti2.HeartbeatGenerator] (executor-thread-1) 💓 [HEARTBEAT] Invio heartbeat: {"stazioneId":"MI","stato":"ONLINE","timestamp":"2026-08-14T11:14:39.288548480Z","tipoEvento":"HEARTBEAT","bufferSize":0}
2026-08-14 13:14:49,288 INFO  [it.uni.reti2.HeartbeatGenerator] (executor-thread-1) 💓 [HEARTBEAT] Invio heartbeat: {"stazioneId":"MI","stato":"ONLINE","timestamp":"2026-08-14T11:14:49.288526778Z","tipoEvento":"HEARTBEAT","bufferSize":0}
2026-08-14 13:14:59,288 INFO  [it.uni.reti2.HeartbeatGenerator] (executor-thread-1) 💓 [HEARTBEAT] Invio heartbeat: {"stazioneId":"MI","stato":"ONLINE","timestamp":"2026-08-14T11:14:59.288525150Z","tipoEvento":"HEARTBEAT","bufferSize":0}
2026-08-14 13:15:09,288 INFO  [it.uni.reti2.HeartbeatGenerator] (executor-thread-1) 💓 [HEARTBEAT] Invio heartbeat: {"stazioneId":"MI","stato":"ONLINE","timestamp":"2026-08-14T11:15:09.288523196Z","tipoEvento":"HEARTBEAT","bufferSize":0}
2026-08-14 13:15:19,288 INFO  [it.uni.reti2.HeartbeatGenerator] (executor-thread-1) 💓 [HEARTBEAT] Invio heartbeat: {"stazioneId":"MI","stato":"ONLINE","timestamp":"2026-08-14T11:15:19.288815076Z","tipoEvento":"HEARTBEAT","bufferSize":0}
2026-08-14 13:15:29,288 INFO  [it.uni.reti2.HeartbeatGenerator] (executor-thread-1) 💓 [HEARTBEAT] Invio heartbeat: {"stazioneId":"MI","stato":"ONLINE","timestamp":"2026-08-14T11:15:29.288480513Z","tipoEvento":"HEARTBEAT","bufferSize":0}
2026-08-14 13:15:39,288 INFO  [it.uni.reti2.HeartbeatGenerator] (executor-thread-1) 💓 [HEARTBEAT] Invio heartbeat: {"stazioneId":"MI","stato":"ONLINE","timestamp":"2026-08-14T11:15:39.288513892Z","tipoEvento":"HEARTBEAT","bufferSize":0}
2026-08-14 13:15:49,288 INFO  [it.uni.reti2.HeartbeatGenerator] (executor-thread-1) 💓 [HEARTBEAT] Invio heartbeat: {"stazioneId":"MI","stato":"ONLINE","timestamp":"2026-08-14T11:15:49.288519850Z","tipoEvento":"HEARTBEAT","bufferSize":0}
2026-08-14 13:15:59,288 INFO  [it.uni.reti2.HeartbeatGenerator] (executor-thread-1) 💓 [HEARTBEAT] Invio heartbeat: {"stazioneId":"MI","stato":"ONLINE","timestamp":"2026-08-14T11:15:59.288481772Z","tipoEvento":"HEARTBEAT","bufferSize":0}
2026-08-14 13:16:09,288 INFO  [it.uni.reti2.HeartbeatGenerator] (executor-thread-1) 💓 [HEARTBEAT] Invio heartbeat: {"stazioneId":"MI","stato":"ONLINE","timestamp":"2026-08-14T11:16:09.288510830Z","tipoEvento":"HEARTBEAT","bufferSize":0}
2026-08-14 13:16:19,288 INFO  [it.uni.reti2.HeartbeatGenerator] (executor-thread-1) 💓 [HEARTBEAT] Invio heartbeat: {"stazioneId":"MI","stato":"ONLINE","timestamp":"2026-08-14T11:16:19.288464449Z","tipoEvento":"HEARTBEAT","bufferSize":0}
2026-08-14 13:16:29,288 INFO  [it.uni.reti2.HeartbeatGenerator] (executor-thread-1) 💓 [HEARTBEAT] Invio heartbeat: {"stazioneId":"MI","stato":"ONLINE","timestamp":"2026-08-14T11:16:29.288461517Z","tipoEvento":"HEARTBEAT","bufferSize":0}
2026-08-14 13:16:39,288 INFO  [it.uni.reti2.HeartbeatGenerator] (executor-thread-1) 💓 [HEARTBEAT] Invio heartbeat: {"stazioneId":"MI","stato":"ONLINE","timestamp":"2026-08-14T11:16:39.288613419Z","tipoEvento":"HEARTBEAT","bufferSize":0}
2026-08-14 13:16:49,288 INFO  [it.uni.reti2.HeartbeatGenerator] (executor-thread-1) 💓 [HEARTBEAT] Invio heartbeat: {"stazioneId":"MI","stato":"ONLINE","timestamp":"2026-08-14T11:16:49.288514859Z","tipoEvento":"HEARTBEAT","bufferSize":0}
2026-08-14 13:16:59,288 INFO  [it.uni.reti2.HeartbeatGenerator] (executor-thread-1) 💓 [HEARTBEAT] Invio heartbeat: {"stazioneId":"MI","stato":"ONLINE","timestamp":"2026-08-14T11:16:59.288467315Z","tipoEvento":"HEARTBEAT","bufferSize":0}
2026-08-14 13:17:09,288 INFO  [it.uni.reti2.HeartbeatGenerator] (executor-thread-1) 💓 [HEARTBEAT] Invio heartbeat: {"stazioneId":"MI","stato":"ONLINE","timestamp":"2026-08-14T11:17:09.288522123Z","tipoEvento":"HEARTBEAT","bufferSize":0}
2026-08-14 13:17:19,288 INFO  [it.uni.reti2.HeartbeatGenerator] (executor-thread-1) 💓 [HEARTBEAT] Invio heartbeat: {"stazioneId":"MI","stato":"ONLINE","timestamp":"2026-08-14T11:17:19.288447725Z","tipoEvento":"HEARTBEAT","bufferSize":0}
2026-08-14 13:17:29,288 INFO  [it.uni.reti2.HeartbeatGenerator] (executor-thread-1) 💓 [HEARTBEAT] Invio heartbeat: {"stazioneId":"MI","stato":"ONLINE","timestamp":"2026-08-14T11:17:29.288518879Z","tipoEvento":"HEARTBEAT","bufferSize":0}
2026-08-14 13:17:31,148 INFO  [it.uni.reti2.StationGateway] (vert.x-eventloop-thread-3) 🚂 [PASSAGGIO] Treno Mario in ENTRATA dalla stazione MI
2026-08-14 13:17:39,288 INFO  [it.uni.reti2.HeartbeatGenerator] (executor-thread-1) 💓 [HEARTBEAT] Invio heartbeat: {"stazioneId":"MI","stato":"ONLINE","timestamp":"2026-08-14T11:17:39.288488335Z","tipoEvento":"HEARTBEAT","bufferSize":0}
2026-08-14 13:17:49,288 INFO  [it.uni.reti2.HeartbeatGenerator] (executor-thread-1) 💓 [HEARTBEAT] Invio heartbeat: {"stazioneId":"MI","stato":"ONLINE","timestamp":"2026-08-14T11:17:49.288496712Z","tipoEvento":"HEARTBEAT","bufferSize":0}
2026-08-14 13:17:51,189 INFO  [it.uni.reti2.StationGateway] (vert.x-eventloop-thread-3) 🚂 [PASSAGGIO] Treno Mario in USCITA dalla stazione MI
2026-08-14 13:17:59,288 INFO  [it.uni.reti2.HeartbeatGenerator] (executor-thread-1) 💓 [HEARTBEAT] Invio heartbeat: {"stazioneId":"MI","stato":"ONLINE","timestamp":"2026-08-14T11:17:59.288520778Z","tipoEvento":"HEARTBEAT","bufferSize":0}
2026-08-14 13:18:09,288 INFO  [it.uni.reti2.HeartbeatGenerator] (executor-thread-1) 💓 [HEARTBEAT] Invio heartbeat: {"stazioneId":"MI","stato":"ONLINE","timestamp":"2026-08-14T11:18:09.288522279Z","tipoEvento":"HEARTBEAT","bufferSize":0}
2026-08-14 13:18:19,288 INFO  [it.uni.reti2.HeartbeatGenerator] (executor-thread-1) 💓 [HEARTBEAT] Invio heartbeat: {"stazioneId":"MI","stato":"ONLINE","timestamp":"2026-08-14T11:18:19.288541070Z","tipoEvento":"HEARTBEAT","bufferSize":0}
2026-08-14 13:18:29,288 INFO  [it.uni.reti2.HeartbeatGenerator] (executor-thread-1) 💓 [HEARTBEAT] Invio heartbeat: {"stazioneId":"MI","stato":"ONLINE","timestamp":"2026-08-14T11:18:29.288520307Z","tipoEvento":"HEARTBEAT","bufferSize":0}
2026-08-14 13:18:39,288 INFO  [it.uni.reti2.HeartbeatGenerator] (executor-thread-1) 💓 [HEARTBEAT] Invio heartbeat: {"stazioneId":"MI","stato":"ONLINE","timestamp":"2026-08-14T11:18:39.288526758Z","tipoEvento":"HEARTBEAT","bufferSize":0}
2026-08-14 13:18:49,288 INFO  [it.uni.reti2.HeartbeatGenerator] (executor-thread-1) 💓 [HEARTBEAT] Invio heartbeat: {"stazioneId":"MI","stato":"ONLINE","timestamp":"2026-08-14T11:18:49.288514011Z","tipoEvento":"HEARTBEAT","bufferSize":0}
2026-08-14 13:18:59,288 INFO  [it.uni.reti2.HeartbeatGenerator] (executor-thread-1) 💓 [HEARTBEAT] Invio heartbeat: {"stazioneId":"MI","stato":"ONLINE","timestamp":"2026-08-14T11:18:59.288515460Z","tipoEvento":"HEARTBEAT","bufferSize":0}
2026-08-14 13:19:09,288 INFO  [it.uni.reti2.HeartbeatGenerator] (executor-thread-1) 💓 [HEARTBEAT] Invio heartbeat: {"stazioneId":"MI","stato":"ONLINE","timestamp":"2026-08-14T11:19:09.288496716Z","tipoEvento":"HEARTBEAT","bufferSize":0}
2026-08-14 13:19:19,288 INFO  [it.uni.reti2.HeartbeatGenerator] (executor-thread-1) 💓 [HEARTBEAT] Invio heartbeat: {"stazioneId":"MI","stato":"ONLINE","timestamp":"2026-08-14T11:19:19.288519843Z","tipoEvento":"HEARTBEAT","bufferSize":0}
2026-08-14 13:19:22,189 INFO  [it.uni.reti2.StationGateway] (vert.x-eventloop-thread-3) 🚂 [PASSAGGIO] Treno tenoAmmazzaRicchi in ENTRATA dalla stazione MI
2026-08-14 13:19:29,288 INFO  [it.uni.reti2.HeartbeatGenerator] (executor-thread-1) 💓 [HEARTBEAT] Invio heartbeat: {"stazioneId":"MI","stato":"ONLINE","timestamp":"2026-08-14T11:19:29.288520158Z","tipoEvento":"HEARTBEAT","bufferSize":0}
2026-08-14 13:19:39,288 INFO  [it.uni.reti2.HeartbeatGenerator] (executor-thread-1) 💓 [HEARTBEAT] Invio heartbeat: {"stazioneId":"MI","stato":"ONLINE","timestamp":"2026-08-14T11:19:39.288512895Z","tipoEvento":"HEARTBEAT","bufferSize":0}
2026-08-14 13:19:43,148 INFO  [it.uni.reti2.StationGateway] (vert.x-eventloop-thread-3) 🚂 [PASSAGGIO] Treno tenoAmmazzaRicchi in USCITA dalla stazione MI
2026-08-14 13:19:49,288 INFO  [it.uni.reti2.HeartbeatGenerator] (executor-thread-1) 💓 [HEARTBEAT] Invio heartbeat: {"stazioneId":"MI","stato":"ONLINE","timestamp":"2026-08-14T11:19:49.288831237Z","tipoEvento":"HEARTBEAT","bufferSize":0}
2026-08-14 13:19:59,288 INFO  [it.uni.reti2.HeartbeatGenerator] (executor-thread-1) 💓 [HEARTBEAT] Invio heartbeat: {"stazioneId":"MI","stato":"ONLINE","timestamp":"2026-08-14T11:19:59.288829777Z","tipoEvento":"HEARTBEAT","bufferSize":0}
2026-08-14 13:20:09,288 INFO  [it.uni.reti2.HeartbeatGenerator] (executor-thread-1) 💓 [HEARTBEAT] Invio heartbeat: {"stazioneId":"MI","stato":"ONLINE","timestamp":"2026-08-14T11:20:09.288579077Z","tipoEvento":"HEARTBEAT","bufferSize":0}
2026-08-14 13:20:19,288 INFO  [it.uni.reti2.HeartbeatGenerator] (executor-thread-1) 💓 [HEARTBEAT] Invio heartbeat: {"stazioneId":"MI","stato":"ONLINE","timestamp":"2026-08-14T11:20:19.288914318Z","tipoEvento":"HEARTBEAT","bufferSize":0}
2026-08-14 13:20:29,288 INFO  [it.uni.reti2.HeartbeatGenerator] (executor-thread-1) 💓 [HEARTBEAT] Invio heartbeat: {"stazioneId":"MI","stato":"ONLINE","timestamp":"2026-08-14T11:20:29.288943758Z","tipoEvento":"HEARTBEAT","bufferSize":0}
2026-08-14 13:20:39,289 INFO  [it.uni.reti2.HeartbeatGenerator] (executor-thread-1) 💓 [HEARTBEAT] Invio heartbeat: {"stazioneId":"MI","stato":"ONLINE","timestamp":"2026-08-14T11:20:39.288969876Z","tipoEvento":"HEARTBEAT","bufferSize":0}
2026-08-14 13:20:49,288 INFO  [it.uni.reti2.HeartbeatGenerator] (executor-thread-1) 💓 [HEARTBEAT] Invio heartbeat: {"stazioneId":"MI","stato":"ONLINE","timestamp":"2026-08-14T11:20:49.288545141Z","tipoEvento":"HEARTBEAT","bufferSize":0}
2026-08-14 13:20:59,288 INFO  [it.uni.reti2.HeartbeatGenerator] (executor-thread-1) 💓 [HEARTBEAT] Invio heartbeat: {"stazioneId":"MI","stato":"ONLINE","timestamp":"2026-08-14T11:20:59.288643654Z","tipoEvento":"HEARTBEAT","bufferSize":0}
2026-08-14 13:21:09,288 INFO  [it.uni.reti2.HeartbeatGenerator] (executor-thread-1) 💓 [HEARTBEAT] Invio heartbeat: {"stazioneId":"MI","stato":"ONLINE","timestamp":"2026-08-14T11:21:09.288912331Z","tipoEvento":"HEARTBEAT","bufferSize":0}
2026-08-14 13:21:19,288 INFO  [it.uni.reti2.HeartbeatGenerator] (executor-thread-1) 💓 [HEARTBEAT] Invio heartbeat: {"stazioneId":"MI","stato":"ONLINE","timestamp":"2026-08-14T11:21:19.288498898Z","tipoEvento":"HEARTBEAT","bufferSize":0}
2026-08-14 13:21:29,288 INFO  [it.uni.reti2.HeartbeatGenerator] (executor-thread-1) 💓 [HEARTBEAT] Invio heartbeat: {"stazioneId":"MI","stato":"ONLINE","timestamp":"2026-08-14T11:21:29.288505577Z","tipoEvento":"HEARTBEAT","bufferSize":0}
2026-08-14 13:21:39,288 INFO  [it.uni.reti2.HeartbeatGenerator] (executor-thread-1) 💓 [HEARTBEAT] Invio heartbeat: {"stazioneId":"MI","stato":"ONLINE","timestamp":"2026-08-14T11:21:39.288461160Z","tipoEvento":"HEARTBEAT","bufferSize":0}
2026-08-14 13:21:49,288 INFO  [it.uni.reti2.HeartbeatGenerator] (executor-thread-1) 💓 [HEARTBEAT] Invio heartbeat: {"stazioneId":"MI","stato":"ONLINE","timestamp":"2026-08-14T11:21:49.288468167Z","tipoEvento":"HEARTBEAT","bufferSize":0}
2026-08-14 13:21:59,288 INFO  [it.uni.reti2.HeartbeatGenerator] (executor-thread-1) 💓 [HEARTBEAT] Invio heartbeat: {"stazioneId":"MI","stato":"ONLINE","timestamp":"2026-08-14T11:21:59.288494680Z","tipoEvento":"HEARTBEAT","bufferSize":0}
2026-08-14 13:22:09,288 INFO  [it.uni.reti2.HeartbeatGenerator] (executor-thread-1) 💓 [HEARTBEAT] Invio heartbeat: {"stazioneId":"MI","stato":"ONLINE","timestamp":"2026-08-14T11:22:09.288465851Z","tipoEvento":"HEARTBEAT","bufferSize":0}
2026-08-14 13:22:19,288 INFO  [it.uni.reti2.HeartbeatGenerator] (executor-thread-1) 💓 [HEARTBEAT] Invio heartbeat: {"stazioneId":"MI","stato":"ONLINE","timestamp":"2026-08-14T11:22:19.288539375Z","tipoEvento":"HEARTBEAT","bufferSize":0}
2026-08-14 13:22:29,288 INFO  [it.uni.reti2.HeartbeatGenerator] (executor-thread-1) 💓 [HEARTBEAT] Invio heartbeat: {"stazioneId":"MI","stato":"ONLINE","timestamp":"2026-08-14T11:22:29.288467281Z","tipoEvento":"HEARTBEAT","bufferSize":0}
2026-08-14 13:22:39,288 INFO  [it.uni.reti2.HeartbeatGenerator] (executor-thread-1) 💓 [HEARTBEAT] Invio heartbeat: {"stazioneId":"MI","stato":"ONLINE","timestamp":"2026-08-14T11:22:39.288950312Z","tipoEvento":"HEARTBEAT","bufferSize":0}
2026-08-14 13:22:49,288 INFO  [it.uni.reti2.HeartbeatGenerator] (executor-thread-1) 💓 [HEARTBEAT] Invio heartbeat: {"stazioneId":"MI","stato":"ONLINE","timestamp":"2026-08-14T11:22:49.288765551Z","tipoEvento":"HEARTBEAT","bufferSize":0}
2026-08-14 13:22:59,288 INFO  [it.uni.reti2.HeartbeatGenerator] (executor-thread-1) 💓 [HEARTBEAT] Invio heartbeat: {"stazioneId":"MI","stato":"ONLINE","timestamp":"2026-08-14T11:22:59.288892552Z","tipoEvento":"HEARTBEAT","bufferSize":0}
2026-08-14 13:23:09,288 INFO  [it.uni.reti2.HeartbeatGenerator] (executor-thread-1) 💓 [HEARTBEAT] Invio heartbeat: {"stazioneId":"MI","stato":"ONLINE","timestamp":"2026-08-14T11:23:09.288578217Z","tipoEvento":"HEARTBEAT","bufferSize":0}
2026-08-14 13:23:19,289 INFO  [it.uni.reti2.HeartbeatGenerator] (executor-thread-1) 💓 [HEARTBEAT] Invio heartbeat: {"stazioneId":"MI","stato":"ONLINE","timestamp":"2026-08-14T11:23:19.288946237Z","tipoEvento":"HEARTBEAT","bufferSize":0}
2026-08-14 13:23:26,148 INFO  [it.uni.reti2.StationGateway] (vert.x-eventloop-thread-3) 🚂 [PASSAGGIO] Treno tenoAmmazzaRicchi in ENTRATA dalla stazione MI
2026-08-14 13:23:29,288 INFO  [it.uni.reti2.HeartbeatGenerator] (executor-thread-1) 💓 [HEARTBEAT] Invio heartbeat: {"stazioneId":"MI","stato":"ONLINE","timestamp":"2026-08-14T11:23:29.288915327Z","tipoEvento":"HEARTBEAT","bufferSize":0}
2026-08-14 13:23:39,289 INFO  [it.uni.reti2.HeartbeatGenerator] (executor-thread-1) 💓 [HEARTBEAT] Invio heartbeat: {"stazioneId":"MI","stato":"ONLINE","timestamp":"2026-08-14T11:23:39.288915741Z","tipoEvento":"HEARTBEAT","bufferSize":0}
2026-08-14 13:23:46,148 INFO  [it.uni.reti2.StationGateway] (vert.x-eventloop-thread-3) 🚂 [PASSAGGIO] Treno tenoAmmazzaRicchi in USCITA dalla stazione MI
2026-08-14 13:23:49,288 INFO  [it.uni.reti2.HeartbeatGenerator] (executor-thread-1) 💓 [HEARTBEAT] Invio heartbeat: {"stazioneId":"MI","stato":"ONLINE","timestamp":"2026-08-14T11:23:49.288535717Z","tipoEvento":"HEARTBEAT","bufferSize":0}
2026-08-14 13:23:59,288 INFO  [it.uni.reti2.HeartbeatGenerator] (executor-thread-1) 💓 [HEARTBEAT] Invio heartbeat: {"stazioneId":"MI","stato":"ONLINE","timestamp":"2026-08-14T11:23:59.288555378Z","tipoEvento":"HEARTBEAT","bufferSize":0}
2026-08-14 13:24:09,288 INFO  [it.uni.reti2.HeartbeatGenerator] (executor-thread-1) 💓 [HEARTBEAT] Invio heartbeat: {"stazioneId":"MI","stato":"ONLINE","timestamp":"2026-08-14T11:24:09.288955518Z","tipoEvento":"HEARTBEAT","bufferSize":0}
2026-08-14 13:24:19,289 INFO  [it.uni.reti2.HeartbeatGenerator] (executor-thread-1) 💓 [HEARTBEAT] Invio heartbeat: {"stazioneId":"MI","stato":"ONLINE","timestamp":"2026-08-14T11:24:19.288961497Z","tipoEvento":"HEARTBEAT","bufferSize":0}
2026-08-14 13:24:29,289 INFO  [it.uni.reti2.HeartbeatGenerator] (executor-thread-1) 💓 [HEARTBEAT] Invio heartbeat: {"stazioneId":"MI","stato":"ONLINE","timestamp":"2026-08-14T11:24:29.288967842Z","tipoEvento":"HEARTBEAT","bufferSize":0}
2026-08-14 13:24:39,288 INFO  [it.uni.reti2.HeartbeatGenerator] (executor-thread-1) 💓 [HEARTBEAT] Invio heartbeat: {"stazioneId":"MI","stato":"ONLINE","timestamp":"2026-08-14T11:24:39.288930088Z","tipoEvento":"HEARTBEAT","bufferSize":0}
2026-08-14 13:24:49,288 INFO  [it.uni.reti2.HeartbeatGenerator] (executor-thread-1) 💓 [HEARTBEAT] Invio heartbeat: {"stazioneId":"MI","stato":"ONLINE","timestamp":"2026-08-14T11:24:49.288521890Z","tipoEvento":"HEARTBEAT","bufferSize":0}
2026-08-14 13:24:59,288 INFO  [it.uni.reti2.HeartbeatGenerator] (executor-thread-1) 💓 [HEARTBEAT] Invio heartbeat: {"stazioneId":"MI","stato":"ONLINE","timestamp":"2026-08-14T11:24:59.288516638Z","tipoEvento":"HEARTBEAT","bufferSize":0}
2026-08-14 13:25:09,288 INFO  [it.uni.reti2.HeartbeatGenerator] (executor-thread-1) 💓 [HEARTBEAT] Invio heartbeat: {"stazioneId":"MI","stato":"ONLINE","timestamp":"2026-08-14T11:25:09.288448077Z","tipoEvento":"HEARTBEAT","bufferSize":0}
2026-08-14 13:25:19,288 INFO  [it.uni.reti2.HeartbeatGenerator] (executor-thread-1) 💓 [HEARTBEAT] Invio heartbeat: {"stazioneId":"MI","stato":"ONLINE","timestamp":"2026-08-14T11:25:19.288552693Z","tipoEvento":"HEARTBEAT","bufferSize":0}
2026-08-14 13:25:29,288 INFO  [it.uni.reti2.HeartbeatGenerator] (executor-thread-1) 💓 [HEARTBEAT] Invio heartbeat: {"stazioneId":"MI","stato":"ONLINE","timestamp":"2026-08-14T11:25:29.288452672Z","tipoEvento":"HEARTBEAT","bufferSize":0}
2026-08-14 13:25:39,288 INFO  [it.uni.reti2.HeartbeatGenerator] (executor-thread-1) 💓 [HEARTBEAT] Invio heartbeat: {"stazioneId":"MI","stato":"ONLINE","timestamp":"2026-08-14T11:25:39.288486663Z","tipoEvento":"HEARTBEAT","bufferSize":0}
2026-08-14 13:25:49,288 INFO  [it.uni.reti2.HeartbeatGenerator] (executor-thread-1) 💓 [HEARTBEAT] Invio heartbeat: {"stazioneId":"MI","stato":"ONLINE","timestamp":"2026-08-14T11:25:49.288849202Z","tipoEvento":"HEARTBEAT","bufferSize":0}
2026-08-14 13:25:59,288 INFO  [it.uni.reti2.HeartbeatGenerator] (executor-thread-1) 💓 [HEARTBEAT] Invio heartbeat: {"stazioneId":"MI","stato":"ONLINE","timestamp":"2026-08-14T11:25:59.288362050Z","tipoEvento":"HEARTBEAT","bufferSize":0}
2026-08-14 13:26:09,288 INFO  [it.uni.reti2.HeartbeatGenerator] (executor-thread-1) 💓 [HEARTBEAT] Invio heartbeat: {"stazioneId":"MI","stato":"ONLINE","timestamp":"2026-08-14T11:26:09.288872866Z","tipoEvento":"HEARTBEAT","bufferSize":0}
2026-08-14 13:26:19,288 INFO  [it.uni.reti2.HeartbeatGenerator] (executor-thread-1) 💓 [HEARTBEAT] Invio heartbeat: {"stazioneId":"MI","stato":"ONLINE","timestamp":"2026-08-14T11:26:19.288555858Z","tipoEvento":"HEARTBEAT","bufferSize":0}
2026-08-14 13:26:29,288 INFO  [it.uni.reti2.HeartbeatGenerator] (executor-thread-1) 💓 [HEARTBEAT] Invio heartbeat: {"stazioneId":"MI","stato":"ONLINE","timestamp":"2026-08-14T11:26:29.288824386Z","tipoEvento":"HEARTBEAT","bufferSize":0}
2026-08-14 13:26:39,288 INFO  [it.uni.reti2.HeartbeatGenerator] (executor-thread-1) 💓 [HEARTBEAT] Invio heartbeat: {"stazioneId":"MI","stato":"ONLINE","timestamp":"2026-08-14T11:26:39.288527744Z","tipoEvento":"HEARTBEAT","bufferSize":0}
2026-08-14 13:26:49,289 INFO  [it.uni.reti2.HeartbeatGenerator] (executor-thread-1) 💓 [HEARTBEAT] Invio heartbeat: {"stazioneId":"MI","stato":"ONLINE","timestamp":"2026-08-14T11:26:49.289083415Z","tipoEvento":"HEARTBEAT","bufferSize":0}
2026-08-14 13:26:59,288 INFO  [it.uni.reti2.HeartbeatGenerator] (executor-thread-1) 💓 [HEARTBEAT] Invio heartbeat: {"stazioneId":"MI","stato":"ONLINE","timestamp":"2026-08-14T11:26:59.288557006Z","tipoEvento":"HEARTBEAT","bufferSize":0}
2026-08-14 13:27:09,288 INFO  [it.uni.reti2.HeartbeatGenerator] (executor-thread-1) 💓 [HEARTBEAT] Invio heartbeat: {"stazioneId":"MI","stato":"ONLINE","timestamp":"2026-08-14T11:27:09.288454691Z","tipoEvento":"HEARTBEAT","bufferSize":0}
2026-08-14 13:27:19,288 INFO  [it.uni.reti2.HeartbeatGenerator] (executor-thread-1) 💓 [HEARTBEAT] Invio heartbeat: {"stazioneId":"MI","stato":"ONLINE","timestamp":"2026-08-14T11:27:19.288382720Z","tipoEvento":"HEARTBEAT","bufferSize":0}
2026-08-14 13:27:29,288 INFO  [it.uni.reti2.HeartbeatGenerator] (executor-thread-1) 💓 [HEARTBEAT] Invio heartbeat: {"stazioneId":"MI","stato":"ONLINE","timestamp":"2026-08-14T11:27:29.288496244Z","tipoEvento":"HEARTBEAT","bufferSize":0}
2026-08-14 13:27:39,288 INFO  [it.uni.reti2.HeartbeatGenerator] (executor-thread-1) 💓 [HEARTBEAT] Invio heartbeat: {"stazioneId":"MI","stato":"ONLINE","timestamp":"2026-08-14T11:27:39.288445900Z","tipoEvento":"HEARTBEAT","bufferSize":0}
2026-08-14 13:27:49,288 INFO  [it.uni.reti2.HeartbeatGenerator] (executor-thread-1) 💓 [HEARTBEAT] Invio heartbeat: {"stazioneId":"MI","stato":"ONLINE","timestamp":"2026-08-14T11:27:49.288415362Z","tipoEvento":"HEARTBEAT","bufferSize":0}
2026-08-14 13:27:59,288 INFO  [it.uni.reti2.HeartbeatGenerator] (executor-thread-1) 💓 [HEARTBEAT] Invio heartbeat: {"stazioneId":"MI","stato":"ONLINE","timestamp":"2026-08-14T11:27:59.288454965Z","tipoEvento":"HEARTBEAT","bufferSize":0}
2026-08-14 13:28:09,288 INFO  [it.uni.reti2.HeartbeatGenerator] (executor-thread-1) 💓 [HEARTBEAT] Invio heartbeat: {"stazioneId":"MI","stato":"ONLINE","timestamp":"2026-08-14T11:28:09.288454911Z","tipoEvento":"HEARTBEAT","bufferSize":0}
2026-08-14 13:28:19,288 INFO  [it.uni.reti2.HeartbeatGenerator] (executor-thread-1) 💓 [HEARTBEAT] Invio heartbeat: {"stazioneId":"MI","stato":"ONLINE","timestamp":"2026-08-14T11:28:19.288785347Z","tipoEvento":"HEARTBEAT","bufferSize":0}
2026-08-14 13:28:29,288 INFO  [it.uni.reti2.HeartbeatGenerator] (executor-thread-1) 💓 [HEARTBEAT] Invio heartbeat: {"stazioneId":"MI","stato":"ONLINE","timestamp":"2026-08-14T11:28:29.288471263Z","tipoEvento":"HEARTBEAT","bufferSize":0}
2026-08-14 13:28:39,288 INFO  [it.uni.reti2.HeartbeatGenerator] (executor-thread-1) 💓 [HEARTBEAT] Invio heartbeat: {"stazioneId":"MI","stato":"ONLINE","timestamp":"2026-08-14T11:28:39.288456784Z","tipoEvento":"HEARTBEAT","bufferSize":0}
2026-08-14 13:28:49,288 INFO  [it.uni.reti2.HeartbeatGenerator] (executor-thread-1) 💓 [HEARTBEAT] Invio heartbeat: {"stazioneId":"MI","stato":"ONLINE","timestamp":"2026-08-14T11:28:49.288458267Z","tipoEvento":"HEARTBEAT","bufferSize":0}
2026-08-14 13:28:59,288 INFO  [it.uni.reti2.HeartbeatGenerator] (executor-thread-1) 💓 [HEARTBEAT] Invio heartbeat: {"stazioneId":"MI","stato":"ONLINE","timestamp":"2026-08-14T11:28:59.288439416Z","tipoEvento":"HEARTBEAT","bufferSize":0}
2026-08-14 13:29:01,147 INFO  [it.uni.reti2.StationGateway] (vert.x-eventloop-thread-3) 🚂 [PASSAGGIO] Treno Mario in ENTRATA dalla stazione MI
2026-08-14 13:29:09,288 INFO  [it.uni.reti2.HeartbeatGenerator] (executor-thread-1) 💓 [HEARTBEAT] Invio heartbeat: {"stazioneId":"MI","stato":"ONLINE","timestamp":"2026-08-14T11:29:09.288491411Z","tipoEvento":"HEARTBEAT","bufferSize":0}
2026-08-14 13:29:19,288 INFO  [it.uni.reti2.HeartbeatGenerator] (executor-thread-1) 💓 [HEARTBEAT] Invio heartbeat: {"stazioneId":"MI","stato":"ONLINE","timestamp":"2026-08-14T11:29:19.288474570Z","tipoEvento":"HEARTBEAT","bufferSize":0}
2026-08-14 13:29:22,147 INFO  [it.uni.reti2.StationGateway] (vert.x-eventloop-thread-3) 🚂 [PASSAGGIO] Treno Mario in USCITA dalla stazione MI
2026-08-14 13:29:29,288 INFO  [it.uni.reti2.HeartbeatGenerator] (executor-thread-1) 💓 [HEARTBEAT] Invio heartbeat: {"stazioneId":"MI","stato":"ONLINE","timestamp":"2026-08-14T11:29:29.288935586Z","tipoEvento":"HEARTBEAT","bufferSize":0}
2026-08-14 13:29:39,288 INFO  [it.uni.reti2.HeartbeatGenerator] (executor-thread-1) 💓 [HEARTBEAT] Invio heartbeat: {"stazioneId":"MI","stato":"ONLINE","timestamp":"2026-08-14T11:29:39.288504286Z","tipoEvento":"HEARTBEAT","bufferSize":0}
2026-08-14 13:29:49,288 INFO  [it.uni.reti2.HeartbeatGenerator] (executor-thread-1) 💓 [HEARTBEAT] Invio heartbeat: {"stazioneId":"MI","stato":"ONLINE","timestamp":"2026-08-14T11:29:49.288473349Z","tipoEvento":"HEARTBEAT","bufferSize":0}
2026-08-14 13:29:59,288 INFO  [it.uni.reti2.HeartbeatGenerator] (executor-thread-1) 💓 [HEARTBEAT] Invio heartbeat: {"stazioneId":"MI","stato":"ONLINE","timestamp":"2026-08-14T11:29:59.288491550Z","tipoEvento":"HEARTBEAT","bufferSize":0}
2026-08-14 13:30:09,288 INFO  [it.uni.reti2.HeartbeatGenerator] (executor-thread-1) 💓 [HEARTBEAT] Invio heartbeat: {"stazioneId":"MI","stato":"ONLINE","timestamp":"2026-08-14T11:30:09.288482613Z","tipoEvento":"HEARTBEAT","bufferSize":0}
2026-08-14 13:30:19,288 INFO  [it.uni.reti2.HeartbeatGenerator] (executor-thread-1) 💓 [HEARTBEAT] Invio heartbeat: {"stazioneId":"MI","stato":"ONLINE","timestamp":"2026-08-14T11:30:19.288473073Z","tipoEvento":"HEARTBEAT","bufferSize":0}
2026-08-14 13:30:29,288 INFO  [it.uni.reti2.HeartbeatGenerator] (executor-thread-1) 💓 [HEARTBEAT] Invio heartbeat: {"stazioneId":"MI","stato":"ONLINE","timestamp":"2026-08-14T11:30:29.288544731Z","tipoEvento":"HEARTBEAT","bufferSize":0}
2026-08-14 13:30:39,288 INFO  [it.uni.reti2.HeartbeatGenerator] (executor-thread-1) 💓 [HEARTBEAT] Invio heartbeat: {"stazioneId":"MI","stato":"ONLINE","timestamp":"2026-08-14T11:30:39.288454288Z","tipoEvento":"HEARTBEAT","bufferSize":0}
2026-08-14 13:30:49,288 INFO  [it.uni.reti2.HeartbeatGenerator] (executor-thread-1) 💓 [HEARTBEAT] Invio heartbeat: {"stazioneId":"MI","stato":"ONLINE","timestamp":"2026-08-14T11:30:49.288454529Z","tipoEvento":"HEARTBEAT","bufferSize":0}
2026-08-14 13:30:59,288 INFO  [it.uni.reti2.HeartbeatGenerator] (executor-thread-1) 💓 [HEARTBEAT] Invio heartbeat: {"stazioneId":"MI","stato":"ONLINE","timestamp":"2026-08-14T11:30:59.288356294Z","tipoEvento":"HEARTBEAT","bufferSize":0}
2026-08-14 13:31:09,288 INFO  [it.uni.reti2.HeartbeatGenerator] (executor-thread-1) 💓 [HEARTBEAT] Invio heartbeat: {"stazioneId":"MI","stato":"ONLINE","timestamp":"2026-08-14T11:31:09.288427416Z","tipoEvento":"HEARTBEAT","bufferSize":0}
2026-08-14 13:31:11,147 INFO  [it.uni.reti2.StationGateway] (vert.x-eventloop-thread-3) 🚂 [PASSAGGIO] Treno tenoAmmazzaRicchi in ENTRATA dalla stazione MI
2026-08-14 13:31:19,288 INFO  [it.uni.reti2.HeartbeatGenerator] (executor-thread-1) 💓 [HEARTBEAT] Invio heartbeat: {"stazioneId":"MI","stato":"ONLINE","timestamp":"2026-08-14T11:31:19.288433893Z","tipoEvento":"HEARTBEAT","bufferSize":0}
2026-08-14 13:31:29,288 INFO  [it.uni.reti2.HeartbeatGenerator] (executor-thread-1) 💓 [HEARTBEAT] Invio heartbeat: {"stazioneId":"MI","stato":"ONLINE","timestamp":"2026-08-14T11:31:29.288420403Z","tipoEvento":"HEARTBEAT","bufferSize":0}
2026-08-14 13:31:32,147 INFO  [it.uni.reti2.StationGateway] (vert.x-eventloop-thread-3) 🚂 [PASSAGGIO] Treno tenoAmmazzaRicchi in USCITA dalla stazione MI
2026-08-14 13:31:39,288 INFO  [it.uni.reti2.HeartbeatGenerator] (executor-thread-1) 💓 [HEARTBEAT] Invio heartbeat: {"stazioneId":"MI","stato":"ONLINE","timestamp":"2026-08-14T11:31:39.288443870Z","tipoEvento":"HEARTBEAT","bufferSize":0}
2026-08-14 13:31:49,288 INFO  [it.uni.reti2.HeartbeatGenerator] (executor-thread-1) 💓 [HEARTBEAT] Invio heartbeat: {"stazioneId":"MI","stato":"ONLINE","timestamp":"2026-08-14T11:31:49.288470124Z","tipoEvento":"HEARTBEAT","bufferSize":0}
2026-08-14 13:31:59,288 INFO  [it.uni.reti2.HeartbeatGenerator] (executor-thread-1) 💓 [HEARTBEAT] Invio heartbeat: {"stazioneId":"MI","stato":"ONLINE","timestamp":"2026-08-14T11:31:59.288946243Z","tipoEvento":"HEARTBEAT","bufferSize":0}
2026-08-14 13:32:09,288 INFO  [it.uni.reti2.HeartbeatGenerator] (executor-thread-1) 💓 [HEARTBEAT] Invio heartbeat: {"stazioneId":"MI","stato":"ONLINE","timestamp":"2026-08-14T11:32:09.288933171Z","tipoEvento":"HEARTBEAT","bufferSize":0}
2026-08-14 13:32:19,288 INFO  [it.uni.reti2.HeartbeatGenerator] (executor-thread-1) 💓 [HEARTBEAT] Invio heartbeat: {"stazioneId":"MI","stato":"ONLINE","timestamp":"2026-08-14T11:32:19.288588241Z","tipoEvento":"HEARTBEAT","bufferSize":0}
2026-08-14 13:32:29,288 INFO  [it.uni.reti2.HeartbeatGenerator] (executor-thread-1) 💓 [HEARTBEAT] Invio heartbeat: {"stazioneId":"MI","stato":"ONLINE","timestamp":"2026-08-14T11:32:29.288751226Z","tipoEvento":"HEARTBEAT","bufferSize":0}
2026-08-14 13:32:39,288 INFO  [it.uni.reti2.HeartbeatGenerator] (executor-thread-1) 💓 [HEARTBEAT] Invio heartbeat: {"stazioneId":"MI","stato":"ONLINE","timestamp":"2026-08-14T11:32:39.288452946Z","tipoEvento":"HEARTBEAT","bufferSize":0}
2026-08-14 13:32:49,288 INFO  [it.uni.reti2.HeartbeatGenerator] (executor-thread-1) 💓 [HEARTBEAT] Invio heartbeat: {"stazioneId":"MI","stato":"ONLINE","timestamp":"2026-08-14T11:32:49.288473985Z","tipoEvento":"HEARTBEAT","bufferSize":0}
2026-08-14 13:32:59,288 INFO  [it.uni.reti2.HeartbeatGenerator] (executor-thread-1) 💓 [HEARTBEAT] Invio heartbeat: {"stazioneId":"MI","stato":"ONLINE","timestamp":"2026-08-14T11:32:59.288507974Z","tipoEvento":"HEARTBEAT","bufferSize":0}
2026-08-14 13:33:04,148 INFO  [it.uni.reti2.StationGateway] (vert.x-eventloop-thread-3) 🚂 [PASSAGGIO] Treno Mario in ENTRATA dalla stazione MI
2026-08-14 13:33:09,289 INFO  [it.uni.reti2.HeartbeatGenerator] (executor-thread-1) 💓 [HEARTBEAT] Invio heartbeat: {"stazioneId":"MI","stato":"ONLINE","timestamp":"2026-08-14T11:33:09.288950582Z","tipoEvento":"HEARTBEAT","bufferSize":0}
2026-08-14 13:33:19,288 INFO  [it.uni.reti2.HeartbeatGenerator] (executor-thread-1) 💓 [HEARTBEAT] Invio heartbeat: {"stazioneId":"MI","stato":"ONLINE","timestamp":"2026-08-14T11:33:19.288627812Z","tipoEvento":"HEARTBEAT","bufferSize":0}
2026-08-14 13:33:24,148 INFO  [it.uni.reti2.StationGateway] (vert.x-eventloop-thread-3) 🚂 [PASSAGGIO] Treno Mario in USCITA dalla stazione MI
2026-08-14 13:33:29,288 INFO  [it.uni.reti2.HeartbeatGenerator] (executor-thread-1) 💓 [HEARTBEAT] Invio heartbeat: {"stazioneId":"MI","stato":"ONLINE","timestamp":"2026-08-14T11:33:29.288947440Z","tipoEvento":"HEARTBEAT","bufferSize":0}
2026-08-14 13:33:39,288 INFO  [it.uni.reti2.HeartbeatGenerator] (executor-thread-1) 💓 [HEARTBEAT] Invio heartbeat: {"stazioneId":"MI","stato":"ONLINE","timestamp":"2026-08-14T11:33:39.288550111Z","tipoEvento":"HEARTBEAT","bufferSize":0}
2026-08-14 13:33:49,288 INFO  [it.uni.reti2.HeartbeatGenerator] (executor-thread-1) 💓 [HEARTBEAT] Invio heartbeat: {"stazioneId":"MI","stato":"ONLINE","timestamp":"2026-08-14T11:33:49.288576228Z","tipoEvento":"HEARTBEAT","bufferSize":0}
2026-08-14 13:33:59,289 INFO  [it.uni.reti2.HeartbeatGenerator] (executor-thread-1) 💓 [HEARTBEAT] Invio heartbeat: {"stazioneId":"MI","stato":"ONLINE","timestamp":"2026-08-14T11:33:59.288934152Z","tipoEvento":"HEARTBEAT","bufferSize":0}
2026-08-14 13:34:09,289 INFO  [it.uni.reti2.HeartbeatGenerator] (executor-thread-1) 💓 [HEARTBEAT] Invio heartbeat: {"stazioneId":"MI","stato":"ONLINE","timestamp":"2026-08-14T11:34:09.288912061Z","tipoEvento":"HEARTBEAT","bufferSize":0}
2026-08-14 13:34:19,288 INFO  [it.uni.reti2.HeartbeatGenerator] (executor-thread-1) 💓 [HEARTBEAT] Invio heartbeat: {"stazioneId":"MI","stato":"ONLINE","timestamp":"2026-08-14T11:34:19.288513560Z","tipoEvento":"HEARTBEAT","bufferSize":0}
2026-08-14 13:34:29,288 INFO  [it.uni.reti2.HeartbeatGenerator] (executor-thread-1) 💓 [HEARTBEAT] Invio heartbeat: {"stazioneId":"MI","stato":"ONLINE","timestamp":"2026-08-14T11:34:29.288805336Z","tipoEvento":"HEARTBEAT","bufferSize":0}
2026-08-14 13:34:39,288 INFO  [it.uni.reti2.HeartbeatGenerator] (executor-thread-1) 💓 [HEARTBEAT] Invio heartbeat: {"stazioneId":"MI","stato":"ONLINE","timestamp":"2026-08-14T11:34:39.288549967Z","tipoEvento":"HEARTBEAT","bufferSize":0}
2026-08-14 13:34:49,288 INFO  [it.uni.reti2.HeartbeatGenerator] (executor-thread-1) 💓 [HEARTBEAT] Invio heartbeat: {"stazioneId":"MI","stato":"ONLINE","timestamp":"2026-08-14T11:34:49.288649206Z","tipoEvento":"HEARTBEAT","bufferSize":0}
2026-08-14 13:34:59,288 INFO  [it.uni.reti2.HeartbeatGenerator] (executor-thread-1) 💓 [HEARTBEAT] Invio heartbeat: {"stazioneId":"MI","stato":"ONLINE","timestamp":"2026-08-14T11:34:59.288471661Z","tipoEvento":"HEARTBEAT","bufferSize":0}
2026-08-14 13:35:09,288 INFO  [it.uni.reti2.HeartbeatGenerator] (executor-thread-1) 💓 [HEARTBEAT] Invio heartbeat: {"stazioneId":"MI","stato":"ONLINE","timestamp":"2026-08-14T11:35:09.288524284Z","tipoEvento":"HEARTBEAT","bufferSize":0}
2026-08-14 13:35:14,148 INFO  [it.uni.reti2.StationGateway] (vert.x-eventloop-thread-3) 🚂 [PASSAGGIO] Treno tenoAmmazzaRicchi in ENTRATA dalla stazione MI
2026-08-14 13:35:19,288 INFO  [it.uni.reti2.HeartbeatGenerator] (executor-thread-1) 💓 [HEARTBEAT] Invio heartbeat: {"stazioneId":"MI","stato":"ONLINE","timestamp":"2026-08-14T11:35:19.288934981Z","tipoEvento":"HEARTBEAT","bufferSize":0}
2026-08-14 13:35:29,288 INFO  [it.uni.reti2.HeartbeatGenerator] (executor-thread-1) 💓 [HEARTBEAT] Invio heartbeat: {"stazioneId":"MI","stato":"ONLINE","timestamp":"2026-08-14T11:35:29.288647280Z","tipoEvento":"HEARTBEAT","bufferSize":0}
2026-08-14 13:35:35,148 INFO  [it.uni.reti2.StationGateway] (vert.x-eventloop-thread-3) 🚂 [PASSAGGIO] Treno tenoAmmazzaRicchi in USCITA dalla stazione MI
2026-08-14 13:35:39,288 INFO  [it.uni.reti2.HeartbeatGenerator] (executor-thread-1) 💓 [HEARTBEAT] Invio heartbeat: {"stazioneId":"MI","stato":"ONLINE","timestamp":"2026-08-14T11:35:39.288456543Z","tipoEvento":"HEARTBEAT","bufferSize":0}
2026-08-14 13:35:49,288 INFO  [it.uni.reti2.HeartbeatGenerator] (executor-thread-1) 💓 [HEARTBEAT] Invio heartbeat: {"stazioneId":"MI","stato":"ONLINE","timestamp":"2026-08-14T11:35:49.288498922Z","tipoEvento":"HEARTBEAT","bufferSize":0}
2026-08-14 13:35:59,288 INFO  [it.uni.reti2.HeartbeatGenerator] (executor-thread-1) 💓 [HEARTBEAT] Invio heartbeat: {"stazioneId":"MI","stato":"ONLINE","timestamp":"2026-08-14T11:35:59.288902154Z","tipoEvento":"HEARTBEAT","bufferSize":0}
2026-08-14 13:36:09,288 INFO  [it.uni.reti2.HeartbeatGenerator] (executor-thread-1) 💓 [HEARTBEAT] Invio heartbeat: {"stazioneId":"MI","stato":"ONLINE","timestamp":"2026-08-14T11:36:09.288781320Z","tipoEvento":"HEARTBEAT","bufferSize":0}
2026-08-14 13:36:19,288 INFO  [it.uni.reti2.HeartbeatGenerator] (executor-thread-1) 💓 [HEARTBEAT] Invio heartbeat: {"stazioneId":"MI","stato":"ONLINE","timestamp":"2026-08-14T11:36:19.288376516Z","tipoEvento":"HEARTBEAT","bufferSize":0}
2026-08-14 13:36:29,288 INFO  [it.uni.reti2.HeartbeatGenerator] (executor-thread-1) 💓 [HEARTBEAT] Invio heartbeat: {"stazioneId":"MI","stato":"ONLINE","timestamp":"2026-08-14T11:36:29.288807077Z","tipoEvento":"HEARTBEAT","bufferSize":0}
2026-08-14 13:36:39,288 INFO  [it.uni.reti2.HeartbeatGenerator] (executor-thread-1) 💓 [HEARTBEAT] Invio heartbeat: {"stazioneId":"MI","stato":"ONLINE","timestamp":"2026-08-14T11:36:39.288449443Z","tipoEvento":"HEARTBEAT","bufferSize":0}
2026-08-14 13:36:49,288 INFO  [it.uni.reti2.HeartbeatGenerator] (executor-thread-1) 💓 [HEARTBEAT] Invio heartbeat: {"stazioneId":"MI","stato":"ONLINE","timestamp":"2026-08-14T11:36:49.288494296Z","tipoEvento":"HEARTBEAT","bufferSize":0}
2026-08-14 13:36:59,288 INFO  [it.uni.reti2.HeartbeatGenerator] (executor-thread-1) 💓 [HEARTBEAT] Invio heartbeat: {"stazioneId":"MI","stato":"ONLINE","timestamp":"2026-08-14T11:36:59.288403111Z","tipoEvento":"HEARTBEAT","bufferSize":0}
2026-08-14 13:37:09,288 INFO  [it.uni.reti2.HeartbeatGenerator] (executor-thread-1) 💓 [HEARTBEAT] Invio heartbeat: {"stazioneId":"MI","stato":"ONLINE","timestamp":"2026-08-14T11:37:09.288438637Z","tipoEvento":"HEARTBEAT","bufferSize":0}
2026-08-14 13:37:19,289 INFO  [it.uni.reti2.HeartbeatGenerator] (executor-thread-1) 💓 [HEARTBEAT] Invio heartbeat: {"stazioneId":"MI","stato":"ONLINE","timestamp":"2026-08-14T11:37:19.288967684Z","tipoEvento":"HEARTBEAT","bufferSize":0}
2026-08-14 13:37:29,288 INFO  [it.uni.reti2.HeartbeatGenerator] (executor-thread-1) 💓 [HEARTBEAT] Invio heartbeat: {"stazioneId":"MI","stato":"ONLINE","timestamp":"2026-08-14T11:37:29.288480242Z","tipoEvento":"HEARTBEAT","bufferSize":0}
2026-08-14 13:37:39,288 INFO  [it.uni.reti2.HeartbeatGenerator] (executor-thread-1) 💓 [HEARTBEAT] Invio heartbeat: {"stazioneId":"MI","stato":"ONLINE","timestamp":"2026-08-14T11:37:39.288484086Z","tipoEvento":"HEARTBEAT","bufferSize":0}
2026-08-14 13:37:49,288 INFO  [it.uni.reti2.HeartbeatGenerator] (executor-thread-1) 💓 [HEARTBEAT] Invio heartbeat: {"stazioneId":"MI","stato":"ONLINE","timestamp":"2026-08-14T11:37:49.288525369Z","tipoEvento":"HEARTBEAT","bufferSize":0}
2026-08-14 13:37:59,288 INFO  [it.uni.reti2.HeartbeatGenerator] (executor-thread-1) 💓 [HEARTBEAT] Invio heartbeat: {"stazioneId":"MI","stato":"ONLINE","timestamp":"2026-08-14T11:37:59.288522805Z","tipoEvento":"HEARTBEAT","bufferSize":0}
2026-08-14 13:38:09,289 INFO  [it.uni.reti2.HeartbeatGenerator] (executor-thread-1) 💓 [HEARTBEAT] Invio heartbeat: {"stazioneId":"MI","stato":"ONLINE","timestamp":"2026-08-14T11:38:09.289019729Z","tipoEvento":"HEARTBEAT","bufferSize":0}
2026-08-14 13:38:19,289 INFO  [it.uni.reti2.HeartbeatGenerator] (executor-thread-1) 💓 [HEARTBEAT] Invio heartbeat: {"stazioneId":"MI","stato":"ONLINE","timestamp":"2026-08-14T11:38:19.288944583Z","tipoEvento":"HEARTBEAT","bufferSize":0}
2026-08-14 13:38:29,288 INFO  [it.uni.reti2.HeartbeatGenerator] (executor-thread-1) 💓 [HEARTBEAT] Invio heartbeat: {"stazioneId":"MI","stato":"ONLINE","timestamp":"2026-08-14T11:38:29.288634812Z","tipoEvento":"HEARTBEAT","bufferSize":0}
2026-08-14 13:38:39,288 INFO  [it.uni.reti2.HeartbeatGenerator] (executor-thread-1) 💓 [HEARTBEAT] Invio heartbeat: {"stazioneId":"MI","stato":"ONLINE","timestamp":"2026-08-14T11:38:39.288898617Z","tipoEvento":"HEARTBEAT","bufferSize":0}
2026-08-14 13:38:49,288 INFO  [it.uni.reti2.HeartbeatGenerator] (executor-thread-1) 💓 [HEARTBEAT] Invio heartbeat: {"stazioneId":"MI","stato":"ONLINE","timestamp":"2026-08-14T11:38:49.288783405Z","tipoEvento":"HEARTBEAT","bufferSize":0}
2026-08-14 13:38:59,288 INFO  [it.uni.reti2.HeartbeatGenerator] (executor-thread-1) 💓 [HEARTBEAT] Invio heartbeat: {"stazioneId":"MI","stato":"ONLINE","timestamp":"2026-08-14T11:38:59.288483219Z","tipoEvento":"HEARTBEAT","bufferSize":0}
2026-08-14 13:39:09,288 INFO  [it.uni.reti2.HeartbeatGenerator] (executor-thread-1) 💓 [HEARTBEAT] Invio heartbeat: {"stazioneId":"MI","stato":"ONLINE","timestamp":"2026-08-14T11:39:09.288819393Z","tipoEvento":"HEARTBEAT","bufferSize":0}
2026-08-14 13:39:19,288 INFO  [it.uni.reti2.HeartbeatGenerator] (executor-thread-1) 💓 [HEARTBEAT] Invio heartbeat: {"stazioneId":"MI","stato":"ONLINE","timestamp":"2026-08-14T11:39:19.288490184Z","tipoEvento":"HEARTBEAT","bufferSize":0}
2026-08-14 13:39:29,288 INFO  [it.uni.reti2.HeartbeatGenerator] (executor-thread-1) 💓 [HEARTBEAT] Invio heartbeat: {"stazioneId":"MI","stato":"ONLINE","timestamp":"2026-08-14T11:39:29.288439892Z","tipoEvento":"HEARTBEAT","bufferSize":0}
2026-08-14 13:39:39,288 INFO  [it.uni.reti2.HeartbeatGenerator] (executor-thread-1) 💓 [HEARTBEAT] Invio heartbeat: {"stazioneId":"MI","stato":"ONLINE","timestamp":"2026-08-14T11:39:39.288455625Z","tipoEvento":"HEARTBEAT","bufferSize":0}
2026-08-14 13:39:49,289 INFO  [it.uni.reti2.HeartbeatGenerator] (executor-thread-1) 💓 [HEARTBEAT] Invio heartbeat: {"stazioneId":"MI","stato":"ONLINE","timestamp":"2026-08-14T11:39:49.288813089Z","tipoEvento":"HEARTBEAT","bufferSize":0}
2026-08-14 13:39:59,289 INFO  [it.uni.reti2.HeartbeatGenerator] (executor-thread-1) 💓 [HEARTBEAT] Invio heartbeat: {"stazioneId":"MI","stato":"ONLINE","timestamp":"2026-08-14T11:39:59.289324405Z","tipoEvento":"HEARTBEAT","bufferSize":0}
2026-08-14 13:40:09,288 INFO  [it.uni.reti2.HeartbeatGenerator] (executor-thread-1) 💓 [HEARTBEAT] Invio heartbeat: {"stazioneId":"MI","stato":"ONLINE","timestamp":"2026-08-14T11:40:09.288601910Z","tipoEvento":"HEARTBEAT","bufferSize":0}
2026-08-14 13:40:19,288 INFO  [it.uni.reti2.HeartbeatGenerator] (executor-thread-1) 💓 [HEARTBEAT] Invio heartbeat: {"stazioneId":"MI","stato":"ONLINE","timestamp":"2026-08-14T11:40:19.288797404Z","tipoEvento":"HEARTBEAT","bufferSize":0}
2026-08-14 13:40:29,289 INFO  [it.uni.reti2.HeartbeatGenerator] (executor-thread-1) 💓 [HEARTBEAT] Invio heartbeat: {"stazioneId":"MI","stato":"ONLINE","timestamp":"2026-08-14T11:40:29.288986505Z","tipoEvento":"HEARTBEAT","bufferSize":0}
2026-08-14 13:40:39,289 INFO  [it.uni.reti2.HeartbeatGenerator] (executor-thread-1) 💓 [HEARTBEAT] Invio heartbeat: {"stazioneId":"MI","stato":"ONLINE","timestamp":"2026-08-14T11:40:39.288954762Z","tipoEvento":"HEARTBEAT","bufferSize":0}
2026-08-14 13:40:49,289 INFO  [it.uni.reti2.HeartbeatGenerator] (executor-thread-1) 💓 [HEARTBEAT] Invio heartbeat: {"stazioneId":"MI","stato":"ONLINE","timestamp":"2026-08-14T11:40:49.288973705Z","tipoEvento":"HEARTBEAT","bufferSize":0}
2026-08-14 13:40:59,289 INFO  [it.uni.reti2.HeartbeatGenerator] (executor-thread-1) 💓 [HEARTBEAT] Invio heartbeat: {"stazioneId":"MI","stato":"ONLINE","timestamp":"2026-08-14T11:40:59.288965622Z","tipoEvento":"HEARTBEAT","bufferSize":0}
2026-08-14 13:41:09,288 INFO  [it.uni.reti2.HeartbeatGenerator] (executor-thread-1) 💓 [HEARTBEAT] Invio heartbeat: {"stazioneId":"MI","stato":"ONLINE","timestamp":"2026-08-14T11:41:09.288453636Z","tipoEvento":"HEARTBEAT","bufferSize":0}
2026-08-14 13:41:19,289 INFO  [it.uni.reti2.HeartbeatGenerator] (executor-thread-1) 💓 [HEARTBEAT] Invio heartbeat: {"stazioneId":"MI","stato":"ONLINE","timestamp":"2026-08-14T11:41:19.288996056Z","tipoEvento":"HEARTBEAT","bufferSize":0}
2026-08-14 13:41:29,289 INFO  [it.uni.reti2.HeartbeatGenerator] (executor-thread-1) 💓 [HEARTBEAT] Invio heartbeat: {"stazioneId":"MI","stato":"ONLINE","timestamp":"2026-08-14T11:41:29.288925594Z","tipoEvento":"HEARTBEAT","bufferSize":0}
2026-08-14 13:41:39,288 INFO  [it.uni.reti2.HeartbeatGenerator] (executor-thread-1) 💓 [HEARTBEAT] Invio heartbeat: {"stazioneId":"MI","stato":"ONLINE","timestamp":"2026-08-14T11:41:39.288578943Z","tipoEvento":"HEARTBEAT","bufferSize":0}
2026-08-14 13:41:49,288 INFO  [it.uni.reti2.HeartbeatGenerator] (executor-thread-1) 💓 [HEARTBEAT] Invio heartbeat: {"stazioneId":"MI","stato":"ONLINE","timestamp":"2026-08-14T11:41:49.288938696Z","tipoEvento":"HEARTBEAT","bufferSize":0}
2026-08-14 13:41:59,288 INFO  [it.uni.reti2.HeartbeatGenerator] (executor-thread-1) 💓 [HEARTBEAT] Invio heartbeat: {"stazioneId":"MI","stato":"ONLINE","timestamp":"2026-08-14T11:41:59.288585262Z","tipoEvento":"HEARTBEAT","bufferSize":0}
2026-08-14 13:42:09,288 INFO  [it.uni.reti2.HeartbeatGenerator] (executor-thread-1) 💓 [HEARTBEAT] Invio heartbeat: {"stazioneId":"MI","stato":"ONLINE","timestamp":"2026-08-14T11:42:09.288621062Z","tipoEvento":"HEARTBEAT","bufferSize":0}
2026-08-14 13:42:19,288 INFO  [it.uni.reti2.HeartbeatGenerator] (executor-thread-1) 💓 [HEARTBEAT] Invio heartbeat: {"stazioneId":"MI","stato":"ONLINE","timestamp":"2026-08-14T11:42:19.288573368Z","tipoEvento":"HEARTBEAT","bufferSize":0}
2026-08-14 13:42:29,288 INFO  [it.uni.reti2.HeartbeatGenerator] (executor-thread-1) 💓 [HEARTBEAT] Invio heartbeat: {"stazioneId":"MI","stato":"ONLINE","timestamp":"2026-08-14T11:42:29.288523042Z","tipoEvento":"HEARTBEAT","bufferSize":0}
2026-08-14 13:42:39,288 INFO  [it.uni.reti2.HeartbeatGenerator] (executor-thread-1) 💓 [HEARTBEAT] Invio heartbeat: {"stazioneId":"MI","stato":"ONLINE","timestamp":"2026-08-14T11:42:39.288553366Z","tipoEvento":"HEARTBEAT","bufferSize":0}
2026-08-14 13:42:49,288 INFO  [it.uni.reti2.HeartbeatGenerator] (executor-thread-1) 💓 [HEARTBEAT] Invio heartbeat: {"stazioneId":"MI","stato":"ONLINE","timestamp":"2026-08-14T11:42:49.288517730Z","tipoEvento":"HEARTBEAT","bufferSize":0}
2026-08-14 13:42:59,289 INFO  [it.uni.reti2.HeartbeatGenerator] (executor-thread-1) 💓 [HEARTBEAT] Invio heartbeat: {"stazioneId":"MI","stato":"ONLINE","timestamp":"2026-08-14T11:42:59.288991937Z","tipoEvento":"HEARTBEAT","bufferSize":0}
2026-08-14 13:43:01,148 INFO  [it.uni.reti2.StationGateway] (vert.x-eventloop-thread-3) 🚂 [PASSAGGIO] Treno tenoAmmazzaRicchi in ENTRATA dalla stazione MI
2026-08-14 13:43:09,289 INFO  [it.uni.reti2.HeartbeatGenerator] (executor-thread-1) 💓 [HEARTBEAT] Invio heartbeat: {"stazioneId":"MI","stato":"ONLINE","timestamp":"2026-08-14T11:43:09.288982342Z","tipoEvento":"HEARTBEAT","bufferSize":0}
2026-08-14 13:43:19,288 INFO  [it.uni.reti2.HeartbeatGenerator] (executor-thread-1) 💓 [HEARTBEAT] Invio heartbeat: {"stazioneId":"MI","stato":"ONLINE","timestamp":"2026-08-14T11:43:19.288554010Z","tipoEvento":"HEARTBEAT","bufferSize":0}
2026-08-14 13:43:22,147 INFO  [it.uni.reti2.StationGateway] (vert.x-eventloop-thread-3) 🚂 [PASSAGGIO] Treno tenoAmmazzaRicchi in USCITA dalla stazione MI
2026-08-14 13:43:29,288 INFO  [it.uni.reti2.HeartbeatGenerator] (executor-thread-1) 💓 [HEARTBEAT] Invio heartbeat: {"stazioneId":"MI","stato":"ONLINE","timestamp":"2026-08-14T11:43:29.288581853Z","tipoEvento":"HEARTBEAT","bufferSize":0}
2026-08-14 13:43:39,288 INFO  [it.uni.reti2.HeartbeatGenerator] (executor-thread-1) 💓 [HEARTBEAT] Invio heartbeat: {"stazioneId":"MI","stato":"ONLINE","timestamp":"2026-08-14T11:43:39.288952165Z","tipoEvento":"HEARTBEAT","bufferSize":0}
2026-08-14 13:43:49,288 INFO  [it.uni.reti2.HeartbeatGenerator] (executor-thread-1) 💓 [HEARTBEAT] Invio heartbeat: {"stazioneId":"MI","stato":"ONLINE","timestamp":"2026-08-14T11:43:49.288468254Z","tipoEvento":"HEARTBEAT","bufferSize":0}
2026-08-14 13:43:59,289 INFO  [it.uni.reti2.HeartbeatGenerator] (executor-thread-1) 💓 [HEARTBEAT] Invio heartbeat: {"stazioneId":"MI","stato":"ONLINE","timestamp":"2026-08-14T11:43:59.289035360Z","tipoEvento":"HEARTBEAT","bufferSize":0}
2026-08-14 13:44:09,288 INFO  [it.uni.reti2.HeartbeatGenerator] (executor-thread-1) 💓 [HEARTBEAT] Invio heartbeat: {"stazioneId":"MI","stato":"ONLINE","timestamp":"2026-08-14T11:44:09.288436154Z","tipoEvento":"HEARTBEAT","bufferSize":0}
2026-08-14 13:44:19,288 INFO  [it.uni.reti2.HeartbeatGenerator] (executor-thread-1) 💓 [HEARTBEAT] Invio heartbeat: {"stazioneId":"MI","stato":"ONLINE","timestamp":"2026-08-14T11:44:19.288499392Z","tipoEvento":"HEARTBEAT","bufferSize":0}
2026-08-14 13:44:29,288 INFO  [it.uni.reti2.HeartbeatGenerator] (executor-thread-1) 💓 [HEARTBEAT] Invio heartbeat: {"stazioneId":"MI","stato":"ONLINE","timestamp":"2026-08-14T11:44:29.288531644Z","tipoEvento":"HEARTBEAT","bufferSize":0}
2026-08-14 13:44:32,148 INFO  [it.uni.reti2.StationGateway] (vert.x-eventloop-thread-3) 🚂 [PASSAGGIO] Treno Mario in ENTRATA dalla stazione MI
2026-08-14 13:44:39,288 INFO  [it.uni.reti2.HeartbeatGenerator] (executor-thread-1) 💓 [HEARTBEAT] Invio heartbeat: {"stazioneId":"MI","stato":"ONLINE","timestamp":"2026-08-14T11:44:39.288522710Z","tipoEvento":"HEARTBEAT","bufferSize":0}
2026-08-14 13:44:49,288 INFO  [it.uni.reti2.HeartbeatGenerator] (executor-thread-1) 💓 [HEARTBEAT] Invio heartbeat: {"stazioneId":"MI","stato":"ONLINE","timestamp":"2026-08-14T11:44:49.288509378Z","tipoEvento":"HEARTBEAT","bufferSize":0}
2026-08-14 13:44:53,148 INFO  [it.uni.reti2.StationGateway] (vert.x-eventloop-thread-3) 🚂 [PASSAGGIO] Treno Mario in USCITA dalla stazione MI
2026-08-14 13:44:59,289 INFO  [it.uni.reti2.HeartbeatGenerator] (executor-thread-1) 💓 [HEARTBEAT] Invio heartbeat: {"stazioneId":"MI","stato":"ONLINE","timestamp":"2026-08-14T11:44:59.288976462Z","tipoEvento":"HEARTBEAT","bufferSize":0}
2026-08-14 13:45:09,288 INFO  [it.uni.reti2.HeartbeatGenerator] (executor-thread-1) 💓 [HEARTBEAT] Invio heartbeat: {"stazioneId":"MI","stato":"ONLINE","timestamp":"2026-08-14T11:45:09.288766156Z","tipoEvento":"HEARTBEAT","bufferSize":0}
2026-08-14 13:45:19,288 INFO  [it.uni.reti2.HeartbeatGenerator] (executor-thread-1) 💓 [HEARTBEAT] Invio heartbeat: {"stazioneId":"MI","stato":"ONLINE","timestamp":"2026-08-14T11:45:19.288518912Z","tipoEvento":"HEARTBEAT","bufferSize":0}
2026-08-14 13:45:29,288 INFO  [it.uni.reti2.HeartbeatGenerator] (executor-thread-1) 💓 [HEARTBEAT] Invio heartbeat: {"stazioneId":"MI","stato":"ONLINE","timestamp":"2026-08-14T11:45:29.288902726Z","tipoEvento":"HEARTBEAT","bufferSize":0}
2026-08-14 13:45:39,289 INFO  [it.uni.reti2.HeartbeatGenerator] (executor-thread-1) 💓 [HEARTBEAT] Invio heartbeat: {"stazioneId":"MI","stato":"ONLINE","timestamp":"2026-08-14T11:45:39.288937201Z","tipoEvento":"HEARTBEAT","bufferSize":0}
2026-08-14 13:45:49,288 INFO  [it.uni.reti2.HeartbeatGenerator] (executor-thread-1) 💓 [HEARTBEAT] Invio heartbeat: {"stazioneId":"MI","stato":"ONLINE","timestamp":"2026-08-14T11:45:49.288522159Z","tipoEvento":"HEARTBEAT","bufferSize":0}
2026-08-14 13:45:59,288 INFO  [it.uni.reti2.HeartbeatGenerator] (executor-thread-1) 💓 [HEARTBEAT] Invio heartbeat: {"stazioneId":"MI","stato":"ONLINE","timestamp":"2026-08-14T11:45:59.288557350Z","tipoEvento":"HEARTBEAT","bufferSize":0}
2026-08-14 13:46:09,288 INFO  [it.uni.reti2.HeartbeatGenerator] (executor-thread-1) 💓 [HEARTBEAT] Invio heartbeat: {"stazioneId":"MI","stato":"ONLINE","timestamp":"2026-08-14T11:46:09.288743062Z","tipoEvento":"HEARTBEAT","bufferSize":0}
2026-08-14 13:46:19,288 INFO  [it.uni.reti2.HeartbeatGenerator] (executor-thread-1) 💓 [HEARTBEAT] Invio heartbeat: {"stazioneId":"MI","stato":"ONLINE","timestamp":"2026-08-14T11:46:19.288923631Z","tipoEvento":"HEARTBEAT","bufferSize":0}
2026-08-14 13:46:29,289 INFO  [it.uni.reti2.HeartbeatGenerator] (executor-thread-1) 💓 [HEARTBEAT] Invio heartbeat: {"stazioneId":"MI","stato":"ONLINE","timestamp":"2026-08-14T11:46:29.288991055Z","tipoEvento":"HEARTBEAT","bufferSize":0}
2026-08-14 13:46:39,288 INFO  [it.uni.reti2.HeartbeatGenerator] (executor-thread-1) 💓 [HEARTBEAT] Invio heartbeat: {"stazioneId":"MI","stato":"ONLINE","timestamp":"2026-08-14T11:46:39.288400739Z","tipoEvento":"HEARTBEAT","bufferSize":0}
2026-08-14 13:46:49,288 INFO  [it.uni.reti2.HeartbeatGenerator] (executor-thread-1) 💓 [HEARTBEAT] Invio heartbeat: {"stazioneId":"MI","stato":"ONLINE","timestamp":"2026-08-14T11:46:49.288413074Z","tipoEvento":"HEARTBEAT","bufferSize":0}
2026-08-14 13:46:59,288 INFO  [it.uni.reti2.HeartbeatGenerator] (executor-thread-1) 💓 [HEARTBEAT] Invio heartbeat: {"stazioneId":"MI","stato":"ONLINE","timestamp":"2026-08-14T11:46:59.288354441Z","tipoEvento":"HEARTBEAT","bufferSize":0}
2026-08-14 13:47:05,147 INFO  [it.uni.reti2.StationGateway] (vert.x-eventloop-thread-3) 🚂 [PASSAGGIO] Treno tenoAmmazzaRicchi in ENTRATA dalla stazione MI
2026-08-14 13:47:09,288 INFO  [it.uni.reti2.HeartbeatGenerator] (executor-thread-1) 💓 [HEARTBEAT] Invio heartbeat: {"stazioneId":"MI","stato":"ONLINE","timestamp":"2026-08-14T11:47:09.288404308Z","tipoEvento":"HEARTBEAT","bufferSize":0}
2026-08-14 13:47:19,288 INFO  [it.uni.reti2.HeartbeatGenerator] (executor-thread-1) 💓 [HEARTBEAT] Invio heartbeat: {"stazioneId":"MI","stato":"ONLINE","timestamp":"2026-08-14T11:47:19.288403006Z","tipoEvento":"HEARTBEAT","bufferSize":0}
2026-08-14 13:47:25,147 INFO  [it.uni.reti2.StationGateway] (vert.x-eventloop-thread-3) 🚂 [PASSAGGIO] Treno tenoAmmazzaRicchi in USCITA dalla stazione MI
2026-08-14 13:47:29,288 INFO  [it.uni.reti2.HeartbeatGenerator] (executor-thread-1) 💓 [HEARTBEAT] Invio heartbeat: {"stazioneId":"MI","stato":"ONLINE","timestamp":"2026-08-14T11:47:29.288466433Z","tipoEvento":"HEARTBEAT","bufferSize":0}
2026-08-14 13:47:39,288 INFO  [it.uni.reti2.HeartbeatGenerator] (executor-thread-1) 💓 [HEARTBEAT] Invio heartbeat: {"stazioneId":"MI","stato":"ONLINE","timestamp":"2026-08-14T11:47:39.288445633Z","tipoEvento":"HEARTBEAT","bufferSize":0}
2026-08-14 13:47:49,288 INFO  [it.uni.reti2.HeartbeatGenerator] (executor-thread-1) 💓 [HEARTBEAT] Invio heartbeat: {"stazioneId":"MI","stato":"ONLINE","timestamp":"2026-08-14T11:47:49.288909256Z","tipoEvento":"HEARTBEAT","bufferSize":0}
2026-08-14 13:47:59,288 INFO  [it.uni.reti2.HeartbeatGenerator] (executor-thread-1) 💓 [HEARTBEAT] Invio heartbeat: {"stazioneId":"MI","stato":"ONLINE","timestamp":"2026-08-14T11:47:59.288545185Z","tipoEvento":"HEARTBEAT","bufferSize":0}
2026-08-14 13:48:09,288 INFO  [it.uni.reti2.HeartbeatGenerator] (executor-thread-1) 💓 [HEARTBEAT] Invio heartbeat: {"stazioneId":"MI","stato":"ONLINE","timestamp":"2026-08-14T11:48:09.288621431Z","tipoEvento":"HEARTBEAT","bufferSize":0}
2026-08-14 13:48:19,289 INFO  [it.uni.reti2.HeartbeatGenerator] (executor-thread-1) 💓 [HEARTBEAT] Invio heartbeat: {"stazioneId":"MI","stato":"ONLINE","timestamp":"2026-08-14T11:48:19.288906703Z","tipoEvento":"HEARTBEAT","bufferSize":0}
2026-08-14 13:48:29,288 INFO  [it.uni.reti2.HeartbeatGenerator] (executor-thread-1) 💓 [HEARTBEAT] Invio heartbeat: {"stazioneId":"MI","stato":"ONLINE","timestamp":"2026-08-14T11:48:29.288665317Z","tipoEvento":"HEARTBEAT","bufferSize":0}
2026-08-14 13:48:36,148 INFO  [it.uni.reti2.StationGateway] (vert.x-eventloop-thread-3) 🚂 [PASSAGGIO] Treno Mario in ENTRATA dalla stazione MI
2026-08-14 13:48:39,288 INFO  [it.uni.reti2.HeartbeatGenerator] (executor-thread-1) 💓 [HEARTBEAT] Invio heartbeat: {"stazioneId":"MI","stato":"ONLINE","timestamp":"2026-08-14T11:48:39.288880482Z","tipoEvento":"HEARTBEAT","bufferSize":0}
2026-08-14 13:48:49,288 INFO  [it.uni.reti2.HeartbeatGenerator] (executor-thread-1) 💓 [HEARTBEAT] Invio heartbeat: {"stazioneId":"MI","stato":"ONLINE","timestamp":"2026-08-14T11:48:49.288506729Z","tipoEvento":"HEARTBEAT","bufferSize":0}
2026-08-14 13:48:57,148 INFO  [it.uni.reti2.StationGateway] (vert.x-eventloop-thread-3) 🚂 [PASSAGGIO] Treno Mario in USCITA dalla stazione MI
2026-08-14 13:48:59,288 INFO  [it.uni.reti2.HeartbeatGenerator] (executor-thread-1) 💓 [HEARTBEAT] Invio heartbeat: {"stazioneId":"MI","stato":"ONLINE","timestamp":"2026-08-14T11:48:59.288508389Z","tipoEvento":"HEARTBEAT","bufferSize":0}
2026-08-14 13:49:09,288 INFO  [it.uni.reti2.HeartbeatGenerator] (executor-thread-1) 💓 [HEARTBEAT] Invio heartbeat: {"stazioneId":"MI","stato":"ONLINE","timestamp":"2026-08-14T11:49:09.288581995Z","tipoEvento":"HEARTBEAT","bufferSize":0}
2026-08-14 13:49:19,288 INFO  [it.uni.reti2.HeartbeatGenerator] (executor-thread-1) 💓 [HEARTBEAT] Invio heartbeat: {"stazioneId":"MI","stato":"ONLINE","timestamp":"2026-08-14T11:49:19.288505302Z","tipoEvento":"HEARTBEAT","bufferSize":0}
2026-08-14 13:49:29,288 INFO  [it.uni.reti2.HeartbeatGenerator] (executor-thread-1) 💓 [HEARTBEAT] Invio heartbeat: {"stazioneId":"MI","stato":"ONLINE","timestamp":"2026-08-14T11:49:29.288564233Z","tipoEvento":"HEARTBEAT","bufferSize":0}
2026-08-14 13:49:39,288 INFO  [it.uni.reti2.HeartbeatGenerator] (executor-thread-1) 💓 [HEARTBEAT] Invio heartbeat: {"stazioneId":"MI","stato":"ONLINE","timestamp":"2026-08-14T11:49:39.288953957Z","tipoEvento":"HEARTBEAT","bufferSize":0}
2026-08-14 13:49:49,288 INFO  [it.uni.reti2.HeartbeatGenerator] (executor-thread-1) 💓 [HEARTBEAT] Invio heartbeat: {"stazioneId":"MI","stato":"ONLINE","timestamp":"2026-08-14T11:49:49.288489183Z","tipoEvento":"HEARTBEAT","bufferSize":0}
2026-08-14 13:49:59,288 INFO  [it.uni.reti2.HeartbeatGenerator] (executor-thread-1) 💓 [HEARTBEAT] Invio heartbeat: {"stazioneId":"MI","stato":"ONLINE","timestamp":"2026-08-14T11:49:59.288431793Z","tipoEvento":"HEARTBEAT","bufferSize":0}
2026-08-14 13:50:09,289 INFO  [it.uni.reti2.HeartbeatGenerator] (executor-thread-1) 💓 [HEARTBEAT] Invio heartbeat: {"stazioneId":"MI","stato":"ONLINE","timestamp":"2026-08-14T11:50:09.288963067Z","tipoEvento":"HEARTBEAT","bufferSize":0}
2026-08-14 13:50:19,288 INFO  [it.uni.reti2.HeartbeatGenerator] (executor-thread-1) 💓 [HEARTBEAT] Invio heartbeat: {"stazioneId":"MI","stato":"ONLINE","timestamp":"2026-08-14T11:50:19.288780544Z","tipoEvento":"HEARTBEAT","bufferSize":0}
2026-08-14 13:50:29,288 INFO  [it.uni.reti2.HeartbeatGenerator] (executor-thread-1) 💓 [HEARTBEAT] Invio heartbeat: {"stazioneId":"MI","stato":"ONLINE","timestamp":"2026-08-14T11:50:29.288492964Z","tipoEvento":"HEARTBEAT","bufferSize":0}
2026-08-14 13:50:39,288 INFO  [it.uni.reti2.HeartbeatGenerator] (executor-thread-1) 💓 [HEARTBEAT] Invio heartbeat: {"stazioneId":"MI","stato":"ONLINE","timestamp":"2026-08-14T11:50:39.288525912Z","tipoEvento":"HEARTBEAT","bufferSize":0}
2026-08-14 13:50:49,288 INFO  [it.uni.reti2.HeartbeatGenerator] (executor-thread-1) 💓 [HEARTBEAT] Invio heartbeat: {"stazioneId":"MI","stato":"ONLINE","timestamp":"2026-08-14T11:50:49.288573749Z","tipoEvento":"HEARTBEAT","bufferSize":0}
2026-08-14 13:50:59,288 INFO  [it.uni.reti2.HeartbeatGenerator] (executor-thread-1) 💓 [HEARTBEAT] Invio heartbeat: {"stazioneId":"MI","stato":"ONLINE","timestamp":"2026-08-14T11:50:59.288929051Z","tipoEvento":"HEARTBEAT","bufferSize":0}
2026-08-14 13:51:09,288 INFO  [it.uni.reti2.HeartbeatGenerator] (executor-thread-1) 💓 [HEARTBEAT] Invio heartbeat: {"stazioneId":"MI","stato":"ONLINE","timestamp":"2026-08-14T11:51:09.288938864Z","tipoEvento":"HEARTBEAT","bufferSize":0}
2026-08-14 13:51:19,288 INFO  [it.uni.reti2.HeartbeatGenerator] (executor-thread-1) 💓 [HEARTBEAT] Invio heartbeat: {"stazioneId":"MI","stato":"ONLINE","timestamp":"2026-08-14T11:51:19.288518395Z","tipoEvento":"HEARTBEAT","bufferSize":0}
2026-08-14 13:51:29,289 INFO  [it.uni.reti2.HeartbeatGenerator] (executor-thread-1) 💓 [HEARTBEAT] Invio heartbeat: {"stazioneId":"MI","stato":"ONLINE","timestamp":"2026-08-14T11:51:29.288947330Z","tipoEvento":"HEARTBEAT","bufferSize":0}
2026-08-14 13:51:39,289 INFO  [it.uni.reti2.HeartbeatGenerator] (executor-thread-1) 💓 [HEARTBEAT] Invio heartbeat: {"stazioneId":"MI","stato":"ONLINE","timestamp":"2026-08-14T11:51:39.288994692Z","tipoEvento":"HEARTBEAT","bufferSize":0}
2026-08-14 13:51:49,289 INFO  [it.uni.reti2.HeartbeatGenerator] (executor-thread-1) 💓 [HEARTBEAT] Invio heartbeat: {"stazioneId":"MI","stato":"ONLINE","timestamp":"2026-08-14T11:51:49.288987273Z","tipoEvento":"HEARTBEAT","bufferSize":0}
2026-08-14 13:51:59,288 INFO  [it.uni.reti2.HeartbeatGenerator] (executor-thread-1) 💓 [HEARTBEAT] Invio heartbeat: {"stazioneId":"MI","stato":"ONLINE","timestamp":"2026-08-14T11:51:59.288577749Z","tipoEvento":"HEARTBEAT","bufferSize":0}
2026-08-14 13:52:09,288 INFO  [it.uni.reti2.HeartbeatGenerator] (executor-thread-1) 💓 [HEARTBEAT] Invio heartbeat: {"stazioneId":"MI","stato":"ONLINE","timestamp":"2026-08-14T11:52:09.288788603Z","tipoEvento":"HEARTBEAT","bufferSize":0}
2026-08-14 13:52:19,288 INFO  [it.uni.reti2.HeartbeatGenerator] (executor-thread-1) 💓 [HEARTBEAT] Invio heartbeat: {"stazioneId":"MI","stato":"ONLINE","timestamp":"2026-08-14T11:52:19.288760799Z","tipoEvento":"HEARTBEAT","bufferSize":0}
2026-08-14 13:52:29,288 INFO  [it.uni.reti2.HeartbeatGenerator] (executor-thread-1) 💓 [HEARTBEAT] Invio heartbeat: {"stazioneId":"MI","stato":"ONLINE","timestamp":"2026-08-14T11:52:29.288483801Z","tipoEvento":"HEARTBEAT","bufferSize":0}
2026-08-14 13:52:39,288 INFO  [it.uni.reti2.HeartbeatGenerator] (executor-thread-1) 💓 [HEARTBEAT] Invio heartbeat: {"stazioneId":"MI","stato":"ONLINE","timestamp":"2026-08-14T11:52:39.288584912Z","tipoEvento":"HEARTBEAT","bufferSize":0}
2026-08-14 13:52:49,288 INFO  [it.uni.reti2.HeartbeatGenerator] (executor-thread-1) 💓 [HEARTBEAT] Invio heartbeat: {"stazioneId":"MI","stato":"ONLINE","timestamp":"2026-08-14T11:52:49.288484860Z","tipoEvento":"HEARTBEAT","bufferSize":0}
2026-08-14 13:52:59,288 INFO  [it.uni.reti2.HeartbeatGenerator] (executor-thread-1) 💓 [HEARTBEAT] Invio heartbeat: {"stazioneId":"MI","stato":"ONLINE","timestamp":"2026-08-14T11:52:59.288563543Z","tipoEvento":"HEARTBEAT","bufferSize":0}
2026-08-14 13:53:09,288 INFO  [it.uni.reti2.HeartbeatGenerator] (executor-thread-1) 💓 [HEARTBEAT] Invio heartbeat: {"stazioneId":"MI","stato":"ONLINE","timestamp":"2026-08-14T11:53:09.288489842Z","tipoEvento":"HEARTBEAT","bufferSize":0}
2026-08-14 13:53:19,288 INFO  [it.uni.reti2.HeartbeatGenerator] (executor-thread-1) 💓 [HEARTBEAT] Invio heartbeat: {"stazioneId":"MI","stato":"ONLINE","timestamp":"2026-08-14T11:53:19.288525040Z","tipoEvento":"HEARTBEAT","bufferSize":0}
2026-08-14 13:53:29,288 INFO  [it.uni.reti2.HeartbeatGenerator] (executor-thread-1) 💓 [HEARTBEAT] Invio heartbeat: {"stazioneId":"MI","stato":"ONLINE","timestamp":"2026-08-14T11:53:29.288509781Z","tipoEvento":"HEARTBEAT","bufferSize":0}
2026-08-14 13:53:39,288 INFO  [it.uni.reti2.HeartbeatGenerator] (executor-thread-1) 💓 [HEARTBEAT] Invio heartbeat: {"stazioneId":"MI","stato":"ONLINE","timestamp":"2026-08-14T11:53:39.288587415Z","tipoEvento":"HEARTBEAT","bufferSize":0}
2026-08-14 13:53:49,288 INFO  [it.uni.reti2.HeartbeatGenerator] (executor-thread-1) 💓 [HEARTBEAT] Invio heartbeat: {"stazioneId":"MI","stato":"ONLINE","timestamp":"2026-08-14T11:53:49.288771367Z","tipoEvento":"HEARTBEAT","bufferSize":0}
2026-08-14 13:53:59,288 INFO  [it.uni.reti2.HeartbeatGenerator] (executor-thread-1) 💓 [HEARTBEAT] Invio heartbeat: {"stazioneId":"MI","stato":"ONLINE","timestamp":"2026-08-14T11:53:59.288438772Z","tipoEvento":"HEARTBEAT","bufferSize":0}
2026-08-14 13:54:09,288 INFO  [it.uni.reti2.HeartbeatGenerator] (executor-thread-1) 💓 [HEARTBEAT] Invio heartbeat: {"stazioneId":"MI","stato":"ONLINE","timestamp":"2026-08-14T11:54:09.288543874Z","tipoEvento":"HEARTBEAT","bufferSize":0}
2026-08-14 13:54:19,288 INFO  [it.uni.reti2.HeartbeatGenerator] (executor-thread-1) 💓 [HEARTBEAT] Invio heartbeat: {"stazioneId":"MI","stato":"ONLINE","timestamp":"2026-08-14T11:54:19.288691133Z","tipoEvento":"HEARTBEAT","bufferSize":0}
2026-08-14 13:54:29,288 INFO  [it.uni.reti2.HeartbeatGenerator] (executor-thread-1) 💓 [HEARTBEAT] Invio heartbeat: {"stazioneId":"MI","stato":"ONLINE","timestamp":"2026-08-14T11:54:29.288781016Z","tipoEvento":"HEARTBEAT","bufferSize":0}
2026-08-14 13:54:39,289 INFO  [it.uni.reti2.HeartbeatGenerator] (executor-thread-1) 💓 [HEARTBEAT] Invio heartbeat: {"stazioneId":"MI","stato":"ONLINE","timestamp":"2026-08-14T11:54:39.288946929Z","tipoEvento":"HEARTBEAT","bufferSize":0}
2026-08-14 13:54:49,148 INFO  [it.uni.reti2.StationGateway] (vert.x-eventloop-thread-3) 🚂 [PASSAGGIO] Treno tenoAmmazzaRicchi in ENTRATA dalla stazione MI
2026-08-14 13:54:49,288 INFO  [it.uni.reti2.HeartbeatGenerator] (executor-thread-1) 💓 [HEARTBEAT] Invio heartbeat: {"stazioneId":"MI","stato":"ONLINE","timestamp":"2026-08-14T11:54:49.288835502Z","tipoEvento":"HEARTBEAT","bufferSize":0}
2026-08-14 13:54:59,288 INFO  [it.uni.reti2.HeartbeatGenerator] (executor-thread-1) 💓 [HEARTBEAT] Invio heartbeat: {"stazioneId":"MI","stato":"ONLINE","timestamp":"2026-08-14T11:54:59.288930802Z","tipoEvento":"HEARTBEAT","bufferSize":0}
2026-08-14 13:55:09,288 INFO  [it.uni.reti2.HeartbeatGenerator] (executor-thread-1) 💓 [HEARTBEAT] Invio heartbeat: {"stazioneId":"MI","stato":"ONLINE","timestamp":"2026-08-14T11:55:09.288462811Z","tipoEvento":"HEARTBEAT","bufferSize":0}
2026-08-14 13:55:10,149 INFO  [it.uni.reti2.StationGateway] (vert.x-eventloop-thread-3) 🚂 [PASSAGGIO] Treno tenoAmmazzaRicchi in USCITA dalla stazione MI
2026-08-14 13:55:19,288 INFO  [it.uni.reti2.HeartbeatGenerator] (executor-thread-1) 💓 [HEARTBEAT] Invio heartbeat: {"stazioneId":"MI","stato":"ONLINE","timestamp":"2026-08-14T11:55:19.288936181Z","tipoEvento":"HEARTBEAT","bufferSize":0}
2026-08-14 13:55:29,289 INFO  [it.uni.reti2.HeartbeatGenerator] (executor-thread-1) 💓 [HEARTBEAT] Invio heartbeat: {"stazioneId":"MI","stato":"ONLINE","timestamp":"2026-08-14T11:55:29.288984480Z","tipoEvento":"HEARTBEAT","bufferSize":0}
2026-08-14 13:55:39,288 INFO  [it.uni.reti2.HeartbeatGenerator] (executor-thread-1) 💓 [HEARTBEAT] Invio heartbeat: {"stazioneId":"MI","stato":"ONLINE","timestamp":"2026-08-14T11:55:39.288600745Z","tipoEvento":"HEARTBEAT","bufferSize":0}
2026-08-14 13:55:49,288 INFO  [it.uni.reti2.HeartbeatGenerator] (executor-thread-1) 💓 [HEARTBEAT] Invio heartbeat: {"stazioneId":"MI","stato":"ONLINE","timestamp":"2026-08-14T11:55:49.288929600Z","tipoEvento":"HEARTBEAT","bufferSize":0}
2026-08-14 13:55:59,288 INFO  [it.uni.reti2.HeartbeatGenerator] (executor-thread-1) 💓 [HEARTBEAT] Invio heartbeat: {"stazioneId":"MI","stato":"ONLINE","timestamp":"2026-08-14T11:55:59.288498272Z","tipoEvento":"HEARTBEAT","bufferSize":0}
2026-08-14 13:56:09,288 INFO  [it.uni.reti2.HeartbeatGenerator] (executor-thread-1) 💓 [HEARTBEAT] Invio heartbeat: {"stazioneId":"MI","stato":"ONLINE","timestamp":"2026-08-14T11:56:09.288659538Z","tipoEvento":"HEARTBEAT","bufferSize":0}
2026-08-14 13:56:19,288 INFO  [it.uni.reti2.HeartbeatGenerator] (executor-thread-1) 💓 [HEARTBEAT] Invio heartbeat: {"stazioneId":"MI","stato":"ONLINE","timestamp":"2026-08-14T11:56:19.288539380Z","tipoEvento":"HEARTBEAT","bufferSize":0}
2026-08-14 13:56:29,289 INFO  [it.uni.reti2.HeartbeatGenerator] (executor-thread-1) 💓 [HEARTBEAT] Invio heartbeat: {"stazioneId":"MI","stato":"ONLINE","timestamp":"2026-08-14T11:56:29.289005445Z","tipoEvento":"HEARTBEAT","bufferSize":0}
2026-08-14 13:56:39,288 INFO  [it.uni.reti2.HeartbeatGenerator] (executor-thread-1) 💓 [HEARTBEAT] Invio heartbeat: {"stazioneId":"MI","stato":"ONLINE","timestamp":"2026-08-14T11:56:39.288599591Z","tipoEvento":"HEARTBEAT","bufferSize":0}
2026-08-14 13:56:49,288 INFO  [it.uni.reti2.HeartbeatGenerator] (executor-thread-1) 💓 [HEARTBEAT] Invio heartbeat: {"stazioneId":"MI","stato":"ONLINE","timestamp":"2026-08-14T11:56:49.288420435Z","tipoEvento":"HEARTBEAT","bufferSize":0}
2026-08-14 13:56:59,288 INFO  [it.uni.reti2.HeartbeatGenerator] (executor-thread-1) 💓 [HEARTBEAT] Invio heartbeat: {"stazioneId":"MI","stato":"ONLINE","timestamp":"2026-08-14T11:56:59.288783605Z","tipoEvento":"HEARTBEAT","bufferSize":0}
2026-08-14 13:57:09,288 INFO  [it.uni.reti2.HeartbeatGenerator] (executor-thread-1) 💓 [HEARTBEAT] Invio heartbeat: {"stazioneId":"MI","stato":"ONLINE","timestamp":"2026-08-14T11:57:09.288615376Z","tipoEvento":"HEARTBEAT","bufferSize":0}
2026-08-14 13:57:19,288 INFO  [it.uni.reti2.HeartbeatGenerator] (executor-thread-1) 💓 [HEARTBEAT] Invio heartbeat: {"stazioneId":"MI","stato":"ONLINE","timestamp":"2026-08-14T11:57:19.288557459Z","tipoEvento":"HEARTBEAT","bufferSize":0}
2026-08-14 13:57:29,288 INFO  [it.uni.reti2.HeartbeatGenerator] (executor-thread-1) 💓 [HEARTBEAT] Invio heartbeat: {"stazioneId":"MI","stato":"ONLINE","timestamp":"2026-08-14T11:57:29.288591451Z","tipoEvento":"HEARTBEAT","bufferSize":0}
2026-08-14 13:57:39,288 INFO  [it.uni.reti2.HeartbeatGenerator] (executor-thread-1) 💓 [HEARTBEAT] Invio heartbeat: {"stazioneId":"MI","stato":"ONLINE","timestamp":"2026-08-14T11:57:39.288680340Z","tipoEvento":"HEARTBEAT","bufferSize":0}
2026-08-14 13:57:49,288 INFO  [it.uni.reti2.HeartbeatGenerator] (executor-thread-1) 💓 [HEARTBEAT] Invio heartbeat: {"stazioneId":"MI","stato":"ONLINE","timestamp":"2026-08-14T11:57:49.288461514Z","tipoEvento":"HEARTBEAT","bufferSize":0}
2026-08-14 13:57:59,288 INFO  [it.uni.reti2.HeartbeatGenerator] (executor-thread-1) 💓 [HEARTBEAT] Invio heartbeat: {"stazioneId":"MI","stato":"ONLINE","timestamp":"2026-08-14T11:57:59.288513288Z","tipoEvento":"HEARTBEAT","bufferSize":0}
2026-08-14 13:58:09,288 INFO  [it.uni.reti2.HeartbeatGenerator] (executor-thread-1) 💓 [HEARTBEAT] Invio heartbeat: {"stazioneId":"MI","stato":"ONLINE","timestamp":"2026-08-14T11:58:09.288680913Z","tipoEvento":"HEARTBEAT","bufferSize":0}
2026-08-14 13:58:19,288 INFO  [it.uni.reti2.HeartbeatGenerator] (executor-thread-1) 💓 [HEARTBEAT] Invio heartbeat: {"stazioneId":"MI","stato":"ONLINE","timestamp":"2026-08-14T11:58:19.288805303Z","tipoEvento":"HEARTBEAT","bufferSize":0}
2026-08-14 13:58:29,288 INFO  [it.uni.reti2.HeartbeatGenerator] (executor-thread-1) 💓 [HEARTBEAT] Invio heartbeat: {"stazioneId":"MI","stato":"ONLINE","timestamp":"2026-08-14T11:58:29.288501252Z","tipoEvento":"HEARTBEAT","bufferSize":0}
2026-08-14 13:58:39,289 INFO  [it.uni.reti2.HeartbeatGenerator] (executor-thread-1) 💓 [HEARTBEAT] Invio heartbeat: {"stazioneId":"MI","stato":"ONLINE","timestamp":"2026-08-14T11:58:39.289426942Z","tipoEvento":"HEARTBEAT","bufferSize":0}
2026-08-14 13:58:49,288 INFO  [it.uni.reti2.HeartbeatGenerator] (executor-thread-1) 💓 [HEARTBEAT] Invio heartbeat: {"stazioneId":"MI","stato":"ONLINE","timestamp":"2026-08-14T11:58:49.288527805Z","tipoEvento":"HEARTBEAT","bufferSize":0}
2026-08-14 13:58:53,148 INFO  [it.uni.reti2.StationGateway] (vert.x-eventloop-thread-3) 🚂 [PASSAGGIO] Treno tenoAmmazzaRicchi in ENTRATA dalla stazione MI
2026-08-14 13:58:59,289 INFO  [it.uni.reti2.HeartbeatGenerator] (executor-thread-1) 💓 [HEARTBEAT] Invio heartbeat: {"stazioneId":"MI","stato":"ONLINE","timestamp":"2026-08-14T11:58:59.288963626Z","tipoEvento":"HEARTBEAT","bufferSize":0}
2026-08-14 13:59:09,288 INFO  [it.uni.reti2.HeartbeatGenerator] (executor-thread-1) 💓 [HEARTBEAT] Invio heartbeat: {"stazioneId":"MI","stato":"ONLINE","timestamp":"2026-08-14T11:59:09.288536543Z","tipoEvento":"HEARTBEAT","bufferSize":0}
2026-08-14 13:59:13,148 INFO  [it.uni.reti2.StationGateway] (vert.x-eventloop-thread-3) 🚂 [PASSAGGIO] Treno tenoAmmazzaRicchi in USCITA dalla stazione MI
2026-08-14 13:59:19,288 INFO  [it.uni.reti2.HeartbeatGenerator] (executor-thread-1) 💓 [HEARTBEAT] Invio heartbeat: {"stazioneId":"MI","stato":"ONLINE","timestamp":"2026-08-14T11:59:19.288948265Z","tipoEvento":"HEARTBEAT","bufferSize":0}
2026-08-14 13:59:29,288 INFO  [it.uni.reti2.HeartbeatGenerator] (executor-thread-1) 💓 [HEARTBEAT] Invio heartbeat: {"stazioneId":"MI","stato":"ONLINE","timestamp":"2026-08-14T11:59:29.288910329Z","tipoEvento":"HEARTBEAT","bufferSize":0}
2026-08-14 13:59:39,288 INFO  [it.uni.reti2.HeartbeatGenerator] (executor-thread-1) 💓 [HEARTBEAT] Invio heartbeat: {"stazioneId":"MI","stato":"ONLINE","timestamp":"2026-08-14T11:59:39.288581026Z","tipoEvento":"HEARTBEAT","bufferSize":0}
2026-08-14 13:59:49,288 INFO  [it.uni.reti2.HeartbeatGenerator] (executor-thread-1) 💓 [HEARTBEAT] Invio heartbeat: {"stazioneId":"MI","stato":"ONLINE","timestamp":"2026-08-14T11:59:49.288595794Z","tipoEvento":"HEARTBEAT","bufferSize":0}
2026-08-14 13:59:59,289 INFO  [it.uni.reti2.HeartbeatGenerator] (executor-thread-1) 💓 [HEARTBEAT] Invio heartbeat: {"stazioneId":"MI","stato":"ONLINE","timestamp":"2026-08-14T11:59:59.288916729Z","tipoEvento":"HEARTBEAT","bufferSize":0}
2026-08-14 14:00:06,148 INFO  [it.uni.reti2.StationGateway] (vert.x-eventloop-thread-3) 🚂 [PASSAGGIO] Treno Mario in ENTRATA dalla stazione MI
2026-08-14 14:00:09,288 INFO  [it.uni.reti2.HeartbeatGenerator] (executor-thread-1) 💓 [HEARTBEAT] Invio heartbeat: {"stazioneId":"MI","stato":"ONLINE","timestamp":"2026-08-14T12:00:09.288616832Z","tipoEvento":"HEARTBEAT","bufferSize":0}
2026-08-14 14:00:19,288 INFO  [it.uni.reti2.HeartbeatGenerator] (executor-thread-1) 💓 [HEARTBEAT] Invio heartbeat: {"stazioneId":"MI","stato":"ONLINE","timestamp":"2026-08-14T12:00:19.288532327Z","tipoEvento":"HEARTBEAT","bufferSize":0}
2026-08-14 14:00:27,147 INFO  [it.uni.reti2.StationGateway] (vert.x-eventloop-thread-3) 🚂 [PASSAGGIO] Treno Mario in USCITA dalla stazione MI
2026-08-14 14:00:29,290 INFO  [it.uni.reti2.HeartbeatGenerator] (executor-thread-1) 💓 [HEARTBEAT] Invio heartbeat: {"stazioneId":"MI","stato":"ONLINE","timestamp":"2026-08-14T12:00:29.290198445Z","tipoEvento":"HEARTBEAT","bufferSize":0}
2026-08-14 14:00:39,288 INFO  [it.uni.reti2.HeartbeatGenerator] (executor-thread-1) 💓 [HEARTBEAT] Invio heartbeat: {"stazioneId":"MI","stato":"ONLINE","timestamp":"2026-08-14T12:00:39.288519388Z","tipoEvento":"HEARTBEAT","bufferSize":0}
2026-08-14 14:00:49,288 INFO  [it.uni.reti2.HeartbeatGenerator] (executor-thread-1) 💓 [HEARTBEAT] Invio heartbeat: {"stazioneId":"MI","stato":"ONLINE","timestamp":"2026-08-14T12:00:49.288466191Z","tipoEvento":"HEARTBEAT","bufferSize":0}
2026-08-14 14:00:59,288 INFO  [it.uni.reti2.HeartbeatGenerator] (executor-thread-1) 💓 [HEARTBEAT] Invio heartbeat: {"stazioneId":"MI","stato":"ONLINE","timestamp":"2026-08-14T12:00:59.288499130Z","tipoEvento":"HEARTBEAT","bufferSize":0}
2026-08-14 14:01:09,288 INFO  [it.uni.reti2.HeartbeatGenerator] (executor-thread-1) 💓 [HEARTBEAT] Invio heartbeat: {"stazioneId":"MI","stato":"ONLINE","timestamp":"2026-08-14T12:01:09.288568688Z","tipoEvento":"HEARTBEAT","bufferSize":0}
2026-08-14 14:01:19,288 INFO  [it.uni.reti2.HeartbeatGenerator] (executor-thread-1) 💓 [HEARTBEAT] Invio heartbeat: {"stazioneId":"MI","stato":"ONLINE","timestamp":"2026-08-14T12:01:19.288574600Z","tipoEvento":"HEARTBEAT","bufferSize":0}
2026-08-14 14:01:29,289 INFO  [it.uni.reti2.HeartbeatGenerator] (executor-thread-1) 💓 [HEARTBEAT] Invio heartbeat: {"stazioneId":"MI","stato":"ONLINE","timestamp":"2026-08-14T12:01:29.288969303Z","tipoEvento":"HEARTBEAT","bufferSize":0}
2026-08-14 14:01:39,288 INFO  [it.uni.reti2.HeartbeatGenerator] (executor-thread-1) 💓 [HEARTBEAT] Invio heartbeat: {"stazioneId":"MI","stato":"ONLINE","timestamp":"2026-08-14T12:01:39.288939530Z","tipoEvento":"HEARTBEAT","bufferSize":0}
2026-08-14 14:01:49,289 INFO  [it.uni.reti2.HeartbeatGenerator] (executor-thread-1) 💓 [HEARTBEAT] Invio heartbeat: {"stazioneId":"MI","stato":"ONLINE","timestamp":"2026-08-14T12:01:49.288971134Z","tipoEvento":"HEARTBEAT","bufferSize":0}
2026-08-14 14:01:59,288 INFO  [it.uni.reti2.HeartbeatGenerator] (executor-thread-1) 💓 [HEARTBEAT] Invio heartbeat: {"stazioneId":"MI","stato":"ONLINE","timestamp":"2026-08-14T12:01:59.288572040Z","tipoEvento":"HEARTBEAT","bufferSize":0}
2026-08-14 14:02:09,288 INFO  [it.uni.reti2.HeartbeatGenerator] (executor-thread-1) 💓 [HEARTBEAT] Invio heartbeat: {"stazioneId":"MI","stato":"ONLINE","timestamp":"2026-08-14T12:02:09.288505729Z","tipoEvento":"HEARTBEAT","bufferSize":0}
2026-08-14 14:02:19,288 INFO  [it.uni.reti2.HeartbeatGenerator] (executor-thread-1) 💓 [HEARTBEAT] Invio heartbeat: {"stazioneId":"MI","stato":"ONLINE","timestamp":"2026-08-14T12:02:19.288513796Z","tipoEvento":"HEARTBEAT","bufferSize":0}
2026-08-14 14:02:29,288 INFO  [it.uni.reti2.HeartbeatGenerator] (executor-thread-1) 💓 [HEARTBEAT] Invio heartbeat: {"stazioneId":"MI","stato":"ONLINE","timestamp":"2026-08-14T12:02:29.288510325Z","tipoEvento":"HEARTBEAT","bufferSize":0}
2026-08-14 14:02:39,288 INFO  [it.uni.reti2.HeartbeatGenerator] (executor-thread-1) 💓 [HEARTBEAT] Invio heartbeat: {"stazioneId":"MI","stato":"ONLINE","timestamp":"2026-08-14T12:02:39.288531134Z","tipoEvento":"HEARTBEAT","bufferSize":0}
2026-08-14 14:02:49,288 INFO  [it.uni.reti2.HeartbeatGenerator] (executor-thread-1) 💓 [HEARTBEAT] Invio heartbeat: {"stazioneId":"MI","stato":"ONLINE","timestamp":"2026-08-14T12:02:49.288499461Z","tipoEvento":"HEARTBEAT","bufferSize":0}
2026-08-14 14:02:59,289 INFO  [it.uni.reti2.HeartbeatGenerator] (executor-thread-1) 💓 [HEARTBEAT] Invio heartbeat: {"stazioneId":"MI","stato":"ONLINE","timestamp":"2026-08-14T12:02:59.288974162Z","tipoEvento":"HEARTBEAT","bufferSize":0}
2026-08-14 14:03:09,288 INFO  [it.uni.reti2.HeartbeatGenerator] (executor-thread-1) 💓 [HEARTBEAT] Invio heartbeat: {"stazioneId":"MI","stato":"ONLINE","timestamp":"2026-08-14T12:03:09.288539319Z","tipoEvento":"HEARTBEAT","bufferSize":0}
2026-08-14 14:03:19,288 INFO  [it.uni.reti2.HeartbeatGenerator] (executor-thread-1) 💓 [HEARTBEAT] Invio heartbeat: {"stazioneId":"MI","stato":"ONLINE","timestamp":"2026-08-14T12:03:19.288943900Z","tipoEvento":"HEARTBEAT","bufferSize":0}
2026-08-14 14:03:29,288 INFO  [it.uni.reti2.HeartbeatGenerator] (executor-thread-1) 💓 [HEARTBEAT] Invio heartbeat: {"stazioneId":"MI","stato":"ONLINE","timestamp":"2026-08-14T12:03:29.288466065Z","tipoEvento":"HEARTBEAT","bufferSize":0}
2026-08-14 14:03:39,289 INFO  [it.uni.reti2.HeartbeatGenerator] (executor-thread-1) 💓 [HEARTBEAT] Invio heartbeat: {"stazioneId":"MI","stato":"ONLINE","timestamp":"2026-08-14T12:03:39.288958064Z","tipoEvento":"HEARTBEAT","bufferSize":0}
2026-08-14 14:03:49,288 INFO  [it.uni.reti2.HeartbeatGenerator] (executor-thread-1) 💓 [HEARTBEAT] Invio heartbeat: {"stazioneId":"MI","stato":"ONLINE","timestamp":"2026-08-14T12:03:49.288635350Z","tipoEvento":"HEARTBEAT","bufferSize":0}
2026-08-14 14:03:59,288 INFO  [it.uni.reti2.HeartbeatGenerator] (executor-thread-1) 💓 [HEARTBEAT] Invio heartbeat: {"stazioneId":"MI","stato":"ONLINE","timestamp":"2026-08-14T12:03:59.288423053Z","tipoEvento":"HEARTBEAT","bufferSize":0}
2026-08-14 14:04:09,147 INFO  [it.uni.reti2.StationGateway] (vert.x-eventloop-thread-3) 🚂 [PASSAGGIO] Treno Mario in ENTRATA dalla stazione MI
2026-08-14 14:04:09,288 INFO  [it.uni.reti2.HeartbeatGenerator] (executor-thread-1) 💓 [HEARTBEAT] Invio heartbeat: {"stazioneId":"MI","stato":"ONLINE","timestamp":"2026-08-14T12:04:09.288457068Z","tipoEvento":"HEARTBEAT","bufferSize":0}
2026-08-14 14:04:19,288 INFO  [it.uni.reti2.HeartbeatGenerator] (executor-thread-1) 💓 [HEARTBEAT] Invio heartbeat: {"stazioneId":"MI","stato":"ONLINE","timestamp":"2026-08-14T12:04:19.288356391Z","tipoEvento":"HEARTBEAT","bufferSize":0}
2026-08-14 14:04:29,288 INFO  [it.uni.reti2.HeartbeatGenerator] (executor-thread-1) 💓 [HEARTBEAT] Invio heartbeat: {"stazioneId":"MI","stato":"ONLINE","timestamp":"2026-08-14T12:04:29.288427227Z","tipoEvento":"HEARTBEAT","bufferSize":0}
2026-08-14 14:04:30,147 INFO  [it.uni.reti2.StationGateway] (vert.x-eventloop-thread-3) 🚂 [PASSAGGIO] Treno Mario in USCITA dalla stazione MI
2026-08-14 14:04:39,288 INFO  [it.uni.reti2.HeartbeatGenerator] (executor-thread-1) 💓 [HEARTBEAT] Invio heartbeat: {"stazioneId":"MI","stato":"ONLINE","timestamp":"2026-08-14T12:04:39.288415085Z","tipoEvento":"HEARTBEAT","bufferSize":0}
2026-08-14 14:04:49,288 INFO  [it.uni.reti2.HeartbeatGenerator] (executor-thread-1) 💓 [HEARTBEAT] Invio heartbeat: {"stazioneId":"MI","stato":"ONLINE","timestamp":"2026-08-14T12:04:49.288421060Z","tipoEvento":"HEARTBEAT","bufferSize":0}
2026-08-14 14:04:59,288 INFO  [it.uni.reti2.HeartbeatGenerator] (executor-thread-1) 💓 [HEARTBEAT] Invio heartbeat: {"stazioneId":"MI","stato":"ONLINE","timestamp":"2026-08-14T12:04:59.288549401Z","tipoEvento":"HEARTBEAT","bufferSize":0}
2026-08-14 14:05:09,289 INFO  [it.uni.reti2.HeartbeatGenerator] (executor-thread-1) 💓 [HEARTBEAT] Invio heartbeat: {"stazioneId":"MI","stato":"ONLINE","timestamp":"2026-08-14T12:05:09.289007676Z","tipoEvento":"HEARTBEAT","bufferSize":0}
2026-08-14 14:05:19,289 INFO  [it.uni.reti2.HeartbeatGenerator] (executor-thread-1) 💓 [HEARTBEAT] Invio heartbeat: {"stazioneId":"MI","stato":"ONLINE","timestamp":"2026-08-14T12:05:19.288960887Z","tipoEvento":"HEARTBEAT","bufferSize":0}
2026-08-14 14:05:29,288 INFO  [it.uni.reti2.HeartbeatGenerator] (executor-thread-1) 💓 [HEARTBEAT] Invio heartbeat: {"stazioneId":"MI","stato":"ONLINE","timestamp":"2026-08-14T12:05:29.288508813Z","tipoEvento":"HEARTBEAT","bufferSize":0}
2026-08-14 14:05:39,288 INFO  [it.uni.reti2.HeartbeatGenerator] (executor-thread-1) 💓 [HEARTBEAT] Invio heartbeat: {"stazioneId":"MI","stato":"ONLINE","timestamp":"2026-08-14T12:05:39.288909410Z","tipoEvento":"HEARTBEAT","bufferSize":0}
2026-08-14 14:05:49,288 INFO  [it.uni.reti2.HeartbeatGenerator] (executor-thread-1) 💓 [HEARTBEAT] Invio heartbeat: {"stazioneId":"MI","stato":"ONLINE","timestamp":"2026-08-14T12:05:49.288919827Z","tipoEvento":"HEARTBEAT","bufferSize":0}
2026-08-14 14:05:59,289 INFO  [it.uni.reti2.HeartbeatGenerator] (executor-thread-1) 💓 [HEARTBEAT] Invio heartbeat: {"stazioneId":"MI","stato":"ONLINE","timestamp":"2026-08-14T12:05:59.289018579Z","tipoEvento":"HEARTBEAT","bufferSize":0}
2026-08-14 14:06:09,288 INFO  [it.uni.reti2.HeartbeatGenerator] (executor-thread-1) 💓 [HEARTBEAT] Invio heartbeat: {"stazioneId":"MI","stato":"ONLINE","timestamp":"2026-08-14T12:06:09.288587716Z","tipoEvento":"HEARTBEAT","bufferSize":0}
2026-08-14 14:06:19,288 INFO  [it.uni.reti2.HeartbeatGenerator] (executor-thread-1) 💓 [HEARTBEAT] Invio heartbeat: {"stazioneId":"MI","stato":"ONLINE","timestamp":"2026-08-14T12:06:19.288764764Z","tipoEvento":"HEARTBEAT","bufferSize":0}
2026-08-14 14:06:29,289 INFO  [it.uni.reti2.HeartbeatGenerator] (executor-thread-1) 💓 [HEARTBEAT] Invio heartbeat: {"stazioneId":"MI","stato":"ONLINE","timestamp":"2026-08-14T12:06:29.289419883Z","tipoEvento":"HEARTBEAT","bufferSize":0}
2026-08-14 14:06:38,148 INFO  [it.uni.reti2.StationGateway] (vert.x-eventloop-thread-3) 🚂 [PASSAGGIO] Treno tenoAmmazzaRicchi in ENTRATA dalla stazione MI
2026-08-14 14:06:39,288 INFO  [it.uni.reti2.HeartbeatGenerator] (executor-thread-1) 💓 [HEARTBEAT] Invio heartbeat: {"stazioneId":"MI","stato":"ONLINE","timestamp":"2026-08-14T12:06:39.288737397Z","tipoEvento":"HEARTBEAT","bufferSize":0}
2026-08-14 14:06:49,288 INFO  [it.uni.reti2.HeartbeatGenerator] (executor-thread-1) 💓 [HEARTBEAT] Invio heartbeat: {"stazioneId":"MI","stato":"ONLINE","timestamp":"2026-08-14T12:06:49.288545179Z","tipoEvento":"HEARTBEAT","bufferSize":0}
2026-08-14 14:06:59,149 INFO  [it.uni.reti2.StationGateway] (vert.x-eventloop-thread-3) 🚂 [PASSAGGIO] Treno tenoAmmazzaRicchi in USCITA dalla stazione MI
2026-08-14 14:06:59,288 INFO  [it.uni.reti2.HeartbeatGenerator] (executor-thread-1) 💓 [HEARTBEAT] Invio heartbeat: {"stazioneId":"MI","stato":"ONLINE","timestamp":"2026-08-14T12:06:59.288514284Z","tipoEvento":"HEARTBEAT","bufferSize":0}
2026-08-14 14:07:09,288 INFO  [it.uni.reti2.HeartbeatGenerator] (executor-thread-1) 💓 [HEARTBEAT] Invio heartbeat: {"stazioneId":"MI","stato":"ONLINE","timestamp":"2026-08-14T12:07:09.288456872Z","tipoEvento":"HEARTBEAT","bufferSize":0}
2026-08-14 14:07:19,288 INFO  [it.uni.reti2.HeartbeatGenerator] (executor-thread-1) 💓 [HEARTBEAT] Invio heartbeat: {"stazioneId":"MI","stato":"ONLINE","timestamp":"2026-08-14T12:07:19.288568468Z","tipoEvento":"HEARTBEAT","bufferSize":0}
2026-08-14 14:07:29,288 INFO  [it.uni.reti2.HeartbeatGenerator] (executor-thread-1) 💓 [HEARTBEAT] Invio heartbeat: {"stazioneId":"MI","stato":"ONLINE","timestamp":"2026-08-14T12:07:29.288900944Z","tipoEvento":"HEARTBEAT","bufferSize":0}
2026-08-14 14:07:39,288 INFO  [it.uni.reti2.HeartbeatGenerator] (executor-thread-1) 💓 [HEARTBEAT] Invio heartbeat: {"stazioneId":"MI","stato":"ONLINE","timestamp":"2026-08-14T12:07:39.288529142Z","tipoEvento":"HEARTBEAT","bufferSize":0}
2026-08-14 14:07:49,288 INFO  [it.uni.reti2.HeartbeatGenerator] (executor-thread-1) 💓 [HEARTBEAT] Invio heartbeat: {"stazioneId":"MI","stato":"ONLINE","timestamp":"2026-08-14T12:07:49.288482785Z","tipoEvento":"HEARTBEAT","bufferSize":0}
2026-08-14 14:07:59,288 INFO  [it.uni.reti2.HeartbeatGenerator] (executor-thread-1) 💓 [HEARTBEAT] Invio heartbeat: {"stazioneId":"MI","stato":"ONLINE","timestamp":"2026-08-14T12:07:59.288747990Z","tipoEvento":"HEARTBEAT","bufferSize":0}
2026-08-14 14:08:09,289 INFO  [it.uni.reti2.HeartbeatGenerator] (executor-thread-1) 💓 [HEARTBEAT] Invio heartbeat: {"stazioneId":"MI","stato":"ONLINE","timestamp":"2026-08-14T12:08:09.289337101Z","tipoEvento":"HEARTBEAT","bufferSize":0}
2026-08-14 14:08:19,288 INFO  [it.uni.reti2.HeartbeatGenerator] (executor-thread-1) 💓 [HEARTBEAT] Invio heartbeat: {"stazioneId":"MI","stato":"ONLINE","timestamp":"2026-08-14T12:08:19.288518711Z","tipoEvento":"HEARTBEAT","bufferSize":0}
2026-08-14 14:08:29,288 INFO  [it.uni.reti2.HeartbeatGenerator] (executor-thread-1) 💓 [HEARTBEAT] Invio heartbeat: {"stazioneId":"MI","stato":"ONLINE","timestamp":"2026-08-14T12:08:29.288599643Z","tipoEvento":"HEARTBEAT","bufferSize":0}
2026-08-14 14:08:39,288 INFO  [it.uni.reti2.HeartbeatGenerator] (executor-thread-1) 💓 [HEARTBEAT] Invio heartbeat: {"stazioneId":"MI","stato":"ONLINE","timestamp":"2026-08-14T12:08:39.288483325Z","tipoEvento":"HEARTBEAT","bufferSize":0}
2026-08-14 14:08:49,289 INFO  [it.uni.reti2.HeartbeatGenerator] (executor-thread-1) 💓 [HEARTBEAT] Invio heartbeat: {"stazioneId":"MI","stato":"ONLINE","timestamp":"2026-08-14T12:08:49.289168179Z","tipoEvento":"HEARTBEAT","bufferSize":0}
2026-08-14 14:08:59,288 INFO  [it.uni.reti2.HeartbeatGenerator] (executor-thread-1) 💓 [HEARTBEAT] Invio heartbeat: {"stazioneId":"MI","stato":"ONLINE","timestamp":"2026-08-14T12:08:59.288932530Z","tipoEvento":"HEARTBEAT","bufferSize":0}
2026-08-14 14:09:09,289 INFO  [it.uni.reti2.HeartbeatGenerator] (executor-thread-1) 💓 [HEARTBEAT] Invio heartbeat: {"stazioneId":"MI","stato":"ONLINE","timestamp":"2026-08-14T12:09:09.289017452Z","tipoEvento":"HEARTBEAT","bufferSize":0}
2026-08-14 14:09:19,289 INFO  [it.uni.reti2.HeartbeatGenerator] (executor-thread-1) 💓 [HEARTBEAT] Invio heartbeat: {"stazioneId":"MI","stato":"ONLINE","timestamp":"2026-08-14T12:09:19.288966983Z","tipoEvento":"HEARTBEAT","bufferSize":0}
2026-08-14 14:09:29,288 INFO  [it.uni.reti2.HeartbeatGenerator] (executor-thread-1) 💓 [HEARTBEAT] Invio heartbeat: {"stazioneId":"MI","stato":"ONLINE","timestamp":"2026-08-14T12:09:29.288462009Z","tipoEvento":"HEARTBEAT","bufferSize":0}
2026-08-14 14:09:39,288 INFO  [it.uni.reti2.HeartbeatGenerator] (executor-thread-1) 💓 [HEARTBEAT] Invio heartbeat: {"stazioneId":"MI","stato":"ONLINE","timestamp":"2026-08-14T12:09:39.288581191Z","tipoEvento":"HEARTBEAT","bufferSize":0}
2026-08-14 14:09:49,289 INFO  [it.uni.reti2.HeartbeatGenerator] (executor-thread-1) 💓 [HEARTBEAT] Invio heartbeat: {"stazioneId":"MI","stato":"ONLINE","timestamp":"2026-08-14T12:09:49.289204800Z","tipoEvento":"HEARTBEAT","bufferSize":0}
2026-08-14 14:09:59,288 INFO  [it.uni.reti2.HeartbeatGenerator] (executor-thread-1) 💓 [HEARTBEAT] Invio heartbeat: {"stazioneId":"MI","stato":"ONLINE","timestamp":"2026-08-14T12:09:59.288523862Z","tipoEvento":"HEARTBEAT","bufferSize":0}
2026-08-14 14:10:09,288 INFO  [it.uni.reti2.HeartbeatGenerator] (executor-thread-1) 💓 [HEARTBEAT] Invio heartbeat: {"stazioneId":"MI","stato":"ONLINE","timestamp":"2026-08-14T12:10:09.288894100Z","tipoEvento":"HEARTBEAT","bufferSize":0}
2026-08-14 14:10:19,288 INFO  [it.uni.reti2.HeartbeatGenerator] (executor-thread-1) 💓 [HEARTBEAT] Invio heartbeat: {"stazioneId":"MI","stato":"ONLINE","timestamp":"2026-08-14T12:10:19.288522129Z","tipoEvento":"HEARTBEAT","bufferSize":0}
2026-08-14 14:10:29,288 INFO  [it.uni.reti2.HeartbeatGenerator] (executor-thread-1) 💓 [HEARTBEAT] Invio heartbeat: {"stazioneId":"MI","stato":"ONLINE","timestamp":"2026-08-14T12:10:29.288597061Z","tipoEvento":"HEARTBEAT","bufferSize":0}
2026-08-14 14:10:39,288 INFO  [it.uni.reti2.HeartbeatGenerator] (executor-thread-1) 💓 [HEARTBEAT] Invio heartbeat: {"stazioneId":"MI","stato":"ONLINE","timestamp":"2026-08-14T12:10:39.288492751Z","tipoEvento":"HEARTBEAT","bufferSize":0}
2026-08-14 14:10:42,149 INFO  [it.uni.reti2.StationGateway] (vert.x-eventloop-thread-3) 🚂 [PASSAGGIO] Treno tenoAmmazzaRicchi in ENTRATA dalla stazione MI
2026-08-14 14:10:49,288 INFO  [it.uni.reti2.HeartbeatGenerator] (executor-thread-1) 💓 [HEARTBEAT] Invio heartbeat: {"stazioneId":"MI","stato":"ONLINE","timestamp":"2026-08-14T12:10:49.288560548Z","tipoEvento":"HEARTBEAT","bufferSize":0}
2026-08-14 14:10:59,288 INFO  [it.uni.reti2.HeartbeatGenerator] (executor-thread-1) 💓 [HEARTBEAT] Invio heartbeat: {"stazioneId":"MI","stato":"ONLINE","timestamp":"2026-08-14T12:10:59.288632762Z","tipoEvento":"HEARTBEAT","bufferSize":0}
2026-08-14 14:11:02,148 INFO  [it.uni.reti2.StationGateway] (vert.x-eventloop-thread-3) 🚂 [PASSAGGIO] Treno tenoAmmazzaRicchi in USCITA dalla stazione MI
2026-08-14 14:11:09,289 INFO  [it.uni.reti2.HeartbeatGenerator] (executor-thread-1) 💓 [HEARTBEAT] Invio heartbeat: {"stazioneId":"MI","stato":"ONLINE","timestamp":"2026-08-14T12:11:09.288997889Z","tipoEvento":"HEARTBEAT","bufferSize":0}
2026-08-14 14:11:19,289 INFO  [it.uni.reti2.HeartbeatGenerator] (executor-thread-1) 💓 [HEARTBEAT] Invio heartbeat: {"stazioneId":"MI","stato":"ONLINE","timestamp":"2026-08-14T12:11:19.288949958Z","tipoEvento":"HEARTBEAT","bufferSize":0}
2026-08-14 14:11:29,288 INFO  [it.uni.reti2.HeartbeatGenerator] (executor-thread-1) 💓 [HEARTBEAT] Invio heartbeat: {"stazioneId":"MI","stato":"ONLINE","timestamp":"2026-08-14T12:11:29.288607307Z","tipoEvento":"HEARTBEAT","bufferSize":0}
2026-08-14 14:11:39,288 INFO  [it.uni.reti2.HeartbeatGenerator] (executor-thread-1) 💓 [HEARTBEAT] Invio heartbeat: {"stazioneId":"MI","stato":"ONLINE","timestamp":"2026-08-14T12:11:39.288554591Z","tipoEvento":"HEARTBEAT","bufferSize":0}
2026-08-14 14:11:49,289 INFO  [it.uni.reti2.HeartbeatGenerator] (executor-thread-1) 💓 [HEARTBEAT] Invio heartbeat: {"stazioneId":"MI","stato":"ONLINE","timestamp":"2026-08-14T12:11:49.289000947Z","tipoEvento":"HEARTBEAT","bufferSize":0}
2026-08-14 14:11:59,288 INFO  [it.uni.reti2.HeartbeatGenerator] (executor-thread-1) 💓 [HEARTBEAT] Invio heartbeat: {"stazioneId":"MI","stato":"ONLINE","timestamp":"2026-08-14T12:11:59.288601873Z","tipoEvento":"HEARTBEAT","bufferSize":0}
2026-08-14 14:12:09,288 INFO  [it.uni.reti2.HeartbeatGenerator] (executor-thread-1) 💓 [HEARTBEAT] Invio heartbeat: {"stazioneId":"MI","stato":"ONLINE","timestamp":"2026-08-14T12:12:09.288409824Z","tipoEvento":"HEARTBEAT","bufferSize":0}
2026-08-14 14:12:19,288 INFO  [it.uni.reti2.HeartbeatGenerator] (executor-thread-1) 💓 [HEARTBEAT] Invio heartbeat: {"stazioneId":"MI","stato":"ONLINE","timestamp":"2026-08-14T12:12:19.288384997Z","tipoEvento":"HEARTBEAT","bufferSize":0}
2026-08-14 14:12:29,288 INFO  [it.uni.reti2.HeartbeatGenerator] (executor-thread-1) 💓 [HEARTBEAT] Invio heartbeat: {"stazioneId":"MI","stato":"ONLINE","timestamp":"2026-08-14T12:12:29.288372216Z","tipoEvento":"HEARTBEAT","bufferSize":0}
2026-08-14 14:12:39,288 INFO  [it.uni.reti2.HeartbeatGenerator] (executor-thread-1) 💓 [HEARTBEAT] Invio heartbeat: {"stazioneId":"MI","stato":"ONLINE","timestamp":"2026-08-14T12:12:39.288392712Z","tipoEvento":"HEARTBEAT","bufferSize":0}
2026-08-14 14:12:49,288 INFO  [it.uni.reti2.HeartbeatGenerator] (executor-thread-1) 💓 [HEARTBEAT] Invio heartbeat: {"stazioneId":"MI","stato":"ONLINE","timestamp":"2026-08-14T12:12:49.288447476Z","tipoEvento":"HEARTBEAT","bufferSize":0}
2026-08-14 14:12:59,288 INFO  [it.uni.reti2.HeartbeatGenerator] (executor-thread-1) 💓 [HEARTBEAT] Invio heartbeat: {"stazioneId":"MI","stato":"ONLINE","timestamp":"2026-08-14T12:12:59.288488829Z","tipoEvento":"HEARTBEAT","bufferSize":0}
2026-08-14 14:13:09,288 INFO  [it.uni.reti2.HeartbeatGenerator] (executor-thread-1) 💓 [HEARTBEAT] Invio heartbeat: {"stazioneId":"MI","stato":"ONLINE","timestamp":"2026-08-14T12:13:09.288512625Z","tipoEvento":"HEARTBEAT","bufferSize":0}
2026-08-14 14:13:19,288 INFO  [it.uni.reti2.HeartbeatGenerator] (executor-thread-1) 💓 [HEARTBEAT] Invio heartbeat: {"stazioneId":"MI","stato":"ONLINE","timestamp":"2026-08-14T12:13:19.288584188Z","tipoEvento":"HEARTBEAT","bufferSize":0}
2026-08-14 14:13:29,288 INFO  [it.uni.reti2.HeartbeatGenerator] (executor-thread-1) 💓 [HEARTBEAT] Invio heartbeat: {"stazioneId":"MI","stato":"ONLINE","timestamp":"2026-08-14T12:13:29.288449197Z","tipoEvento":"HEARTBEAT","bufferSize":0}
2026-08-14 14:13:39,288 INFO  [it.uni.reti2.HeartbeatGenerator] (executor-thread-1) 💓 [HEARTBEAT] Invio heartbeat: {"stazioneId":"MI","stato":"ONLINE","timestamp":"2026-08-14T12:13:39.288512023Z","tipoEvento":"HEARTBEAT","bufferSize":0}
2026-08-14 14:13:49,288 INFO  [it.uni.reti2.HeartbeatGenerator] (executor-thread-1) 💓 [HEARTBEAT] Invio heartbeat: {"stazioneId":"MI","stato":"ONLINE","timestamp":"2026-08-14T12:13:49.288531445Z","tipoEvento":"HEARTBEAT","bufferSize":0}
2026-08-14 14:13:59,288 INFO  [it.uni.reti2.HeartbeatGenerator] (executor-thread-1) 💓 [HEARTBEAT] Invio heartbeat: {"stazioneId":"MI","stato":"ONLINE","timestamp":"2026-08-14T12:13:59.288622353Z","tipoEvento":"HEARTBEAT","bufferSize":0}
2026-08-14 14:14:09,288 INFO  [it.uni.reti2.HeartbeatGenerator] (executor-thread-1) 💓 [HEARTBEAT] Invio heartbeat: {"stazioneId":"MI","stato":"ONLINE","timestamp":"2026-08-14T12:14:09.288488579Z","tipoEvento":"HEARTBEAT","bufferSize":0}
2026-08-14 14:14:19,288 INFO  [it.uni.reti2.HeartbeatGenerator] (executor-thread-1) 💓 [HEARTBEAT] Invio heartbeat: {"stazioneId":"MI","stato":"ONLINE","timestamp":"2026-08-14T12:14:19.288915475Z","tipoEvento":"HEARTBEAT","bufferSize":0}
2026-08-14 14:14:29,288 INFO  [it.uni.reti2.HeartbeatGenerator] (executor-thread-1) 💓 [HEARTBEAT] Invio heartbeat: {"stazioneId":"MI","stato":"ONLINE","timestamp":"2026-08-14T12:14:29.288593873Z","tipoEvento":"HEARTBEAT","bufferSize":0}
2026-08-14 14:14:39,288 INFO  [it.uni.reti2.HeartbeatGenerator] (executor-thread-1) 💓 [HEARTBEAT] Invio heartbeat: {"stazioneId":"MI","stato":"ONLINE","timestamp":"2026-08-14T12:14:39.288512375Z","tipoEvento":"HEARTBEAT","bufferSize":0}
2026-08-14 14:14:49,288 INFO  [it.uni.reti2.HeartbeatGenerator] (executor-thread-1) 💓 [HEARTBEAT] Invio heartbeat: {"stazioneId":"MI","stato":"ONLINE","timestamp":"2026-08-14T12:14:49.288532780Z","tipoEvento":"HEARTBEAT","bufferSize":0}
2026-08-14 14:14:59,288 INFO  [it.uni.reti2.HeartbeatGenerator] (executor-thread-1) 💓 [HEARTBEAT] Invio heartbeat: {"stazioneId":"MI","stato":"ONLINE","timestamp":"2026-08-14T12:14:59.288472006Z","tipoEvento":"HEARTBEAT","bufferSize":0}
2026-08-14 14:15:09,288 INFO  [it.uni.reti2.HeartbeatGenerator] (executor-thread-1) 💓 [HEARTBEAT] Invio heartbeat: {"stazioneId":"MI","stato":"ONLINE","timestamp":"2026-08-14T12:15:09.288519869Z","tipoEvento":"HEARTBEAT","bufferSize":0}
2026-08-14 14:15:19,288 INFO  [it.uni.reti2.HeartbeatGenerator] (executor-thread-1) 💓 [HEARTBEAT] Invio heartbeat: {"stazioneId":"MI","stato":"ONLINE","timestamp":"2026-08-14T12:15:19.288591424Z","tipoEvento":"HEARTBEAT","bufferSize":0}
2026-08-14 14:15:29,288 INFO  [it.uni.reti2.HeartbeatGenerator] (executor-thread-1) 💓 [HEARTBEAT] Invio heartbeat: {"stazioneId":"MI","stato":"ONLINE","timestamp":"2026-08-14T12:15:29.288504470Z","tipoEvento":"HEARTBEAT","bufferSize":0}
2026-08-14 14:15:36,161 INFO  [it.uni.reti2.StationGateway] (vert.x-eventloop-thread-3) 🚂 [PASSAGGIO] Treno Mario in ENTRATA dalla stazione MI
2026-08-14 14:15:39,289 INFO  [it.uni.reti2.HeartbeatGenerator] (executor-thread-1) 💓 [HEARTBEAT] Invio heartbeat: {"stazioneId":"MI","stato":"ONLINE","timestamp":"2026-08-14T12:15:39.288957015Z","tipoEvento":"HEARTBEAT","bufferSize":0}
2026-08-14 14:15:49,288 INFO  [it.uni.reti2.HeartbeatGenerator] (executor-thread-1) 💓 [HEARTBEAT] Invio heartbeat: {"stazioneId":"MI","stato":"ONLINE","timestamp":"2026-08-14T12:15:49.288754180Z","tipoEvento":"HEARTBEAT","bufferSize":0}
2026-08-14 14:15:57,148 INFO  [it.uni.reti2.StationGateway] (vert.x-eventloop-thread-3) 🚂 [PASSAGGIO] Treno Mario in USCITA dalla stazione MI
2026-08-14 14:15:59,288 INFO  [it.uni.reti2.HeartbeatGenerator] (executor-thread-1) 💓 [HEARTBEAT] Invio heartbeat: {"stazioneId":"MI","stato":"ONLINE","timestamp":"2026-08-14T12:15:59.288548810Z","tipoEvento":"HEARTBEAT","bufferSize":0}
2026-08-14 14:16:09,288 INFO  [it.uni.reti2.HeartbeatGenerator] (executor-thread-1) 💓 [HEARTBEAT] Invio heartbeat: {"stazioneId":"MI","stato":"ONLINE","timestamp":"2026-08-14T12:16:09.288522182Z","tipoEvento":"HEARTBEAT","bufferSize":0}
2026-08-14 14:16:19,289 INFO  [it.uni.reti2.HeartbeatGenerator] (executor-thread-1) 💓 [HEARTBEAT] Invio heartbeat: {"stazioneId":"MI","stato":"ONLINE","timestamp":"2026-08-14T12:16:19.288947216Z","tipoEvento":"HEARTBEAT","bufferSize":0}
2026-08-14 14:16:29,289 INFO  [it.uni.reti2.HeartbeatGenerator] (executor-thread-1) 💓 [HEARTBEAT] Invio heartbeat: {"stazioneId":"MI","stato":"ONLINE","timestamp":"2026-08-14T12:16:29.288940929Z","tipoEvento":"HEARTBEAT","bufferSize":0}
2026-08-14 14:16:39,289 INFO  [it.uni.reti2.HeartbeatGenerator] (executor-thread-1) 💓 [HEARTBEAT] Invio heartbeat: {"stazioneId":"MI","stato":"ONLINE","timestamp":"2026-08-14T12:16:39.288982383Z","tipoEvento":"HEARTBEAT","bufferSize":0}
2026-08-14 14:16:49,288 INFO  [it.uni.reti2.HeartbeatGenerator] (executor-thread-1) 💓 [HEARTBEAT] Invio heartbeat: {"stazioneId":"MI","stato":"ONLINE","timestamp":"2026-08-14T12:16:49.288556778Z","tipoEvento":"HEARTBEAT","bufferSize":0}
2026-08-14 14:16:59,288 INFO  [it.uni.reti2.HeartbeatGenerator] (executor-thread-1) 💓 [HEARTBEAT] Invio heartbeat: {"stazioneId":"MI","stato":"ONLINE","timestamp":"2026-08-14T12:16:59.288516801Z","tipoEvento":"HEARTBEAT","bufferSize":0}
2026-08-14 14:17:09,288 INFO  [it.uni.reti2.HeartbeatGenerator] (executor-thread-1) 💓 [HEARTBEAT] Invio heartbeat: {"stazioneId":"MI","stato":"ONLINE","timestamp":"2026-08-14T12:17:09.288553924Z","tipoEvento":"HEARTBEAT","bufferSize":0}
2026-08-14 14:17:19,289 INFO  [it.uni.reti2.HeartbeatGenerator] (executor-thread-1) 💓 [HEARTBEAT] Invio heartbeat: {"stazioneId":"MI","stato":"ONLINE","timestamp":"2026-08-14T12:17:19.288919463Z","tipoEvento":"HEARTBEAT","bufferSize":0}
2026-08-14 14:17:29,289 INFO  [it.uni.reti2.HeartbeatGenerator] (executor-thread-1) 💓 [HEARTBEAT] Invio heartbeat: {"stazioneId":"MI","stato":"ONLINE","timestamp":"2026-08-14T12:17:29.288995757Z","tipoEvento":"HEARTBEAT","bufferSize":0}
2026-08-14 14:17:39,288 INFO  [it.uni.reti2.HeartbeatGenerator] (executor-thread-1) 💓 [HEARTBEAT] Invio heartbeat: {"stazioneId":"MI","stato":"ONLINE","timestamp":"2026-08-14T12:17:39.288535029Z","tipoEvento":"HEARTBEAT","bufferSize":0}
2026-08-14 14:17:49,288 INFO  [it.uni.reti2.HeartbeatGenerator] (executor-thread-1) 💓 [HEARTBEAT] Invio heartbeat: {"stazioneId":"MI","stato":"ONLINE","timestamp":"2026-08-14T12:17:49.288604664Z","tipoEvento":"HEARTBEAT","bufferSize":0}
2026-08-14 14:17:59,289 INFO  [it.uni.reti2.HeartbeatGenerator] (executor-thread-1) 💓 [HEARTBEAT] Invio heartbeat: {"stazioneId":"MI","stato":"ONLINE","timestamp":"2026-08-14T12:17:59.288965268Z","tipoEvento":"HEARTBEAT","bufferSize":0}
2026-08-14 14:18:09,289 INFO  [it.uni.reti2.HeartbeatGenerator] (executor-thread-1) 💓 [HEARTBEAT] Invio heartbeat: {"stazioneId":"MI","stato":"ONLINE","timestamp":"2026-08-14T12:18:09.288957872Z","tipoEvento":"HEARTBEAT","bufferSize":0}
2026-08-14 14:18:19,288 INFO  [it.uni.reti2.HeartbeatGenerator] (executor-thread-1) 💓 [HEARTBEAT] Invio heartbeat: {"stazioneId":"MI","stato":"ONLINE","timestamp":"2026-08-14T12:18:19.288869819Z","tipoEvento":"HEARTBEAT","bufferSize":0}
2026-08-14 14:18:26,148 INFO  [it.uni.reti2.StationGateway] (vert.x-eventloop-thread-3) 🚂 [PASSAGGIO] Treno tenoAmmazzaRicchi in ENTRATA dalla stazione MI
2026-08-14 14:18:29,288 INFO  [it.uni.reti2.HeartbeatGenerator] (executor-thread-1) 💓 [HEARTBEAT] Invio heartbeat: {"stazioneId":"MI","stato":"ONLINE","timestamp":"2026-08-14T12:18:29.288506706Z","tipoEvento":"HEARTBEAT","bufferSize":0}
2026-08-14 14:18:39,288 INFO  [it.uni.reti2.HeartbeatGenerator] (executor-thread-1) 💓 [HEARTBEAT] Invio heartbeat: {"stazioneId":"MI","stato":"ONLINE","timestamp":"2026-08-14T12:18:39.288946019Z","tipoEvento":"HEARTBEAT","bufferSize":0}
2026-08-14 14:18:47,148 INFO  [it.uni.reti2.StationGateway] (vert.x-eventloop-thread-3) 🚂 [PASSAGGIO] Treno tenoAmmazzaRicchi in USCITA dalla stazione MI
2026-08-14 14:18:49,289 INFO  [it.uni.reti2.HeartbeatGenerator] (executor-thread-1) 💓 [HEARTBEAT] Invio heartbeat: {"stazioneId":"MI","stato":"ONLINE","timestamp":"2026-08-14T12:18:49.288943010Z","tipoEvento":"HEARTBEAT","bufferSize":0}
2026-08-14 14:18:59,288 INFO  [it.uni.reti2.HeartbeatGenerator] (executor-thread-1) 💓 [HEARTBEAT] Invio heartbeat: {"stazioneId":"MI","stato":"ONLINE","timestamp":"2026-08-14T12:18:59.288898506Z","tipoEvento":"HEARTBEAT","bufferSize":0}
2026-08-14 14:19:09,289 INFO  [it.uni.reti2.HeartbeatGenerator] (executor-thread-1) 💓 [HEARTBEAT] Invio heartbeat: {"stazioneId":"MI","stato":"ONLINE","timestamp":"2026-08-14T12:19:09.289004719Z","tipoEvento":"HEARTBEAT","bufferSize":0}
2026-08-14 14:19:19,288 INFO  [it.uni.reti2.HeartbeatGenerator] (executor-thread-1) 💓 [HEARTBEAT] Invio heartbeat: {"stazioneId":"MI","stato":"ONLINE","timestamp":"2026-08-14T12:19:19.288489124Z","tipoEvento":"HEARTBEAT","bufferSize":0}
2026-08-14 14:19:29,288 INFO  [it.uni.reti2.HeartbeatGenerator] (executor-thread-1) 💓 [HEARTBEAT] Invio heartbeat: {"stazioneId":"MI","stato":"ONLINE","timestamp":"2026-08-14T12:19:29.288476800Z","tipoEvento":"HEARTBEAT","bufferSize":0}
2026-08-14 14:19:39,148 INFO  [it.uni.reti2.StationGateway] (vert.x-eventloop-thread-3) 🚂 [PASSAGGIO] Treno Mario in ENTRATA dalla stazione MI
2026-08-14 14:19:39,288 INFO  [it.uni.reti2.HeartbeatGenerator] (executor-thread-1) 💓 [HEARTBEAT] Invio heartbeat: {"stazioneId":"MI","stato":"ONLINE","timestamp":"2026-08-14T12:19:39.288515591Z","tipoEvento":"HEARTBEAT","bufferSize":0}
2026-08-14 14:19:49,288 INFO  [it.uni.reti2.HeartbeatGenerator] (executor-thread-1) 💓 [HEARTBEAT] Invio heartbeat: {"stazioneId":"MI","stato":"ONLINE","timestamp":"2026-08-14T12:19:49.288548494Z","tipoEvento":"HEARTBEAT","bufferSize":0}
2026-08-14 14:19:59,157 INFO  [it.uni.reti2.StationGateway] (vert.x-eventloop-thread-3) 🚂 [PASSAGGIO] Treno Mario in USCITA dalla stazione MI
2026-08-14 14:19:59,288 INFO  [it.uni.reti2.HeartbeatGenerator] (executor-thread-1) 💓 [HEARTBEAT] Invio heartbeat: {"stazioneId":"MI","stato":"ONLINE","timestamp":"2026-08-14T12:19:59.288753846Z","tipoEvento":"HEARTBEAT","bufferSize":0}
2026-08-14 14:20:02,428 WARN  [it.uni.reti2.StationGateway] (vert.x-eventloop-thread-1) 🚨 [ALERT RICEVUTO] La Centrale dice: {"tipoEvento":"ITINERARIO_AGGIORNATO","target":"Genoveffa","timestamp":"2026-08-14T12:20:02.424339550Z"}
2026-08-14 14:20:09,288 INFO  [it.uni.reti2.HeartbeatGenerator] (executor-thread-1) 💓 [HEARTBEAT] Invio heartbeat: {"stazioneId":"MI","stato":"ONLINE","timestamp":"2026-08-14T12:20:09.288526258Z","tipoEvento":"HEARTBEAT","bufferSize":0}
2026-08-14 14:20:19,288 INFO  [it.uni.reti2.HeartbeatGenerator] (executor-thread-1) 💓 [HEARTBEAT] Invio heartbeat: {"stazioneId":"MI","stato":"ONLINE","timestamp":"2026-08-14T12:20:19.288555323Z","tipoEvento":"HEARTBEAT","bufferSize":0}
2026-08-14 14:20:29,289 INFO  [it.uni.reti2.HeartbeatGenerator] (executor-thread-1) 💓 [HEARTBEAT] Invio heartbeat: {"stazioneId":"MI","stato":"ONLINE","timestamp":"2026-08-14T12:20:29.289012062Z","tipoEvento":"HEARTBEAT","bufferSize":0}
2026-08-14 14:20:39,288 INFO  [it.uni.reti2.HeartbeatGenerator] (executor-thread-1) 💓 [HEARTBEAT] Invio heartbeat: {"stazioneId":"MI","stato":"ONLINE","timestamp":"2026-08-14T12:20:39.288486895Z","tipoEvento":"HEARTBEAT","bufferSize":0}
2026-08-14 14:20:49,288 INFO  [it.uni.reti2.HeartbeatGenerator] (executor-thread-1) 💓 [HEARTBEAT] Invio heartbeat: {"stazioneId":"MI","stato":"ONLINE","timestamp":"2026-08-14T12:20:49.288536040Z","tipoEvento":"HEARTBEAT","bufferSize":0}
2026-08-14 14:20:59,289 INFO  [it.uni.reti2.HeartbeatGenerator] (executor-thread-1) 💓 [HEARTBEAT] Invio heartbeat: {"stazioneId":"MI","stato":"ONLINE","timestamp":"2026-08-14T12:20:59.288962333Z","tipoEvento":"HEARTBEAT","bufferSize":0}
2026-08-14 14:21:09,288 INFO  [it.uni.reti2.HeartbeatGenerator] (executor-thread-1) 💓 [HEARTBEAT] Invio heartbeat: {"stazioneId":"MI","stato":"ONLINE","timestamp":"2026-08-14T12:21:09.288583867Z","tipoEvento":"HEARTBEAT","bufferSize":0}
2026-08-14 14:21:19,289 INFO  [it.uni.reti2.HeartbeatGenerator] (executor-thread-1) 💓 [HEARTBEAT] Invio heartbeat: {"stazioneId":"MI","stato":"ONLINE","timestamp":"2026-08-14T12:21:19.289007224Z","tipoEvento":"HEARTBEAT","bufferSize":0}
2026-08-14 14:21:29,296 INFO  [it.uni.reti2.HeartbeatGenerator] (executor-thread-1) 💓 [HEARTBEAT] Invio heartbeat: {"stazioneId":"MI","stato":"ONLINE","timestamp":"2026-08-14T12:21:29.296778789Z","tipoEvento":"HEARTBEAT","bufferSize":0}
2026-08-14 14:21:39,288 INFO  [it.uni.reti2.HeartbeatGenerator] (executor-thread-1) 💓 [HEARTBEAT] Invio heartbeat: {"stazioneId":"MI","stato":"ONLINE","timestamp":"2026-08-14T12:21:39.288682906Z","tipoEvento":"HEARTBEAT","bufferSize":0}
2026-08-14 14:21:49,289 INFO  [it.uni.reti2.HeartbeatGenerator] (executor-thread-1) 💓 [HEARTBEAT] Invio heartbeat: {"stazioneId":"MI","stato":"ONLINE","timestamp":"2026-08-14T12:21:49.288964782Z","tipoEvento":"HEARTBEAT","bufferSize":0}
2026-08-14 14:21:59,288 INFO  [it.uni.reti2.HeartbeatGenerator] (executor-thread-1) 💓 [HEARTBEAT] Invio heartbeat: {"stazioneId":"MI","stato":"ONLINE","timestamp":"2026-08-14T12:21:59.288508448Z","tipoEvento":"HEARTBEAT","bufferSize":0}
2026-08-14 14:22:09,288 INFO  [it.uni.reti2.HeartbeatGenerator] (executor-thread-1) 💓 [HEARTBEAT] Invio heartbeat: {"stazioneId":"MI","stato":"ONLINE","timestamp":"2026-08-14T12:22:09.288936113Z","tipoEvento":"HEARTBEAT","bufferSize":0}
2026-08-14 14:22:19,288 INFO  [it.uni.reti2.HeartbeatGenerator] (executor-thread-1) 💓 [HEARTBEAT] Invio heartbeat: {"stazioneId":"MI","stato":"ONLINE","timestamp":"2026-08-14T12:22:19.288509711Z","tipoEvento":"HEARTBEAT","bufferSize":0}
2026-08-14 14:22:29,148 INFO  [it.uni.reti2.StationGateway] (vert.x-eventloop-thread-3) 🚂 [PASSAGGIO] Treno tenoAmmazzaRicchi in ENTRATA dalla stazione MI
2026-08-14 14:22:29,289 INFO  [it.uni.reti2.HeartbeatGenerator] (executor-thread-1) 💓 [HEARTBEAT] Invio heartbeat: {"stazioneId":"MI","stato":"ONLINE","timestamp":"2026-08-14T12:22:29.288957098Z","tipoEvento":"HEARTBEAT","bufferSize":0}
2026-08-14 14:22:39,288 INFO  [it.uni.reti2.HeartbeatGenerator] (executor-thread-1) 💓 [HEARTBEAT] Invio heartbeat: {"stazioneId":"MI","stato":"ONLINE","timestamp":"2026-08-14T12:22:39.288507177Z","tipoEvento":"HEARTBEAT","bufferSize":0}
2026-08-14 14:22:49,148 INFO  [it.uni.reti2.StationGateway] (vert.x-eventloop-thread-3) 🚂 [PASSAGGIO] Treno tenoAmmazzaRicchi in USCITA dalla stazione MI
2026-08-14 14:22:49,288 INFO  [it.uni.reti2.HeartbeatGenerator] (executor-thread-1) 💓 [HEARTBEAT] Invio heartbeat: {"stazioneId":"MI","stato":"ONLINE","timestamp":"2026-08-14T12:22:49.288931048Z","tipoEvento":"HEARTBEAT","bufferSize":0}
2026-08-14 14:22:59,288 INFO  [it.uni.reti2.HeartbeatGenerator] (executor-thread-1) 💓 [HEARTBEAT] Invio heartbeat: {"stazioneId":"MI","stato":"ONLINE","timestamp":"2026-08-14T12:22:59.288539004Z","tipoEvento":"HEARTBEAT","bufferSize":0}
2026-08-14 14:23:09,288 INFO  [it.uni.reti2.HeartbeatGenerator] (executor-thread-1) 💓 [HEARTBEAT] Invio heartbeat: {"stazioneId":"MI","stato":"ONLINE","timestamp":"2026-08-14T12:23:09.288470605Z","tipoEvento":"HEARTBEAT","bufferSize":0}
2026-08-14 14:23:19,288 INFO  [it.uni.reti2.HeartbeatGenerator] (executor-thread-1) 💓 [HEARTBEAT] Invio heartbeat: {"stazioneId":"MI","stato":"ONLINE","timestamp":"2026-08-14T12:23:19.288482934Z","tipoEvento":"HEARTBEAT","bufferSize":0}
2026-08-14 14:23:28,196 WARN  [it.uni.reti2.StationGateway] (vert.x-eventloop-thread-1) 🚨 [ALERT RICEVUTO] La Centrale dice: {"tipoEvento":"ITINERARIO_AGGIORNATO","target":"Francesco","timestamp":"2026-08-14T12:23:28.193991568Z"}
2026-08-14 14:23:28,196 WARN  [it.uni.reti2.StationGateway] (vert.x-eventloop-thread-1) 🚨 [ALERT RICEVUTO] La Centrale dice: {"tipoEvento":"ITINERARIO_AGGIORNATO","target":"Pietro","timestamp":"2026-08-14T12:23:28.194408795Z"}
2026-08-14 14:23:28,197 WARN  [it.uni.reti2.StationGateway] (vert.x-eventloop-thread-1) 🚨 [ALERT RICEVUTO] La Centrale dice: {"tipoEvento":"ITINERARIO_AGGIORNATO","target":"tenoAmmazzaRicchi","timestamp":"2026-08-14T12:23:28.194456776Z"}
2026-08-14 14:23:29,288 INFO  [it.uni.reti2.HeartbeatGenerator] (executor-thread-1) 💓 [HEARTBEAT] Invio heartbeat: {"stazioneId":"MI","stato":"ONLINE","timestamp":"2026-08-14T12:23:29.288603936Z","tipoEvento":"HEARTBEAT","bufferSize":0}
2026-08-14 14:23:39,288 INFO  [it.uni.reti2.HeartbeatGenerator] (executor-thread-1) 💓 [HEARTBEAT] Invio heartbeat: {"stazioneId":"MI","stato":"ONLINE","timestamp":"2026-08-14T12:23:39.288442560Z","tipoEvento":"HEARTBEAT","bufferSize":0}
2026-08-14 14:23:49,288 INFO  [it.uni.reti2.HeartbeatGenerator] (executor-thread-1) 💓 [HEARTBEAT] Invio heartbeat: {"stazioneId":"MI","stato":"ONLINE","timestamp":"2026-08-14T12:23:49.288514930Z","tipoEvento":"HEARTBEAT","bufferSize":0}
2026-08-14 14:23:59,288 INFO  [it.uni.reti2.HeartbeatGenerator] (executor-thread-1) 💓 [HEARTBEAT] Invio heartbeat: {"stazioneId":"MI","stato":"ONLINE","timestamp":"2026-08-14T12:23:59.288948622Z","tipoEvento":"HEARTBEAT","bufferSize":0}
2026-08-14 14:24:09,288 INFO  [it.uni.reti2.HeartbeatGenerator] (executor-thread-1) 💓 [HEARTBEAT] Invio heartbeat: {"stazioneId":"MI","stato":"ONLINE","timestamp":"2026-08-14T12:24:09.288599717Z","tipoEvento":"HEARTBEAT","bufferSize":0}
2026-08-14 14:24:19,288 INFO  [it.uni.reti2.HeartbeatGenerator] (executor-thread-1) 💓 [HEARTBEAT] Invio heartbeat: {"stazioneId":"MI","stato":"ONLINE","timestamp":"2026-08-14T12:24:19.288525134Z","tipoEvento":"HEARTBEAT","bufferSize":0}
2026-08-14 14:24:29,288 INFO  [it.uni.reti2.HeartbeatGenerator] (executor-thread-1) 💓 [HEARTBEAT] Invio heartbeat: {"stazioneId":"MI","stato":"ONLINE","timestamp":"2026-08-14T12:24:29.288521499Z","tipoEvento":"HEARTBEAT","bufferSize":0}
2026-08-14 14:24:39,288 INFO  [it.uni.reti2.HeartbeatGenerator] (executor-thread-1) 💓 [HEARTBEAT] Invio heartbeat: {"stazioneId":"MI","stato":"ONLINE","timestamp":"2026-08-14T12:24:39.288948994Z","tipoEvento":"HEARTBEAT","bufferSize":0}
2026-08-14 14:24:49,288 INFO  [it.uni.reti2.HeartbeatGenerator] (executor-thread-1) 💓 [HEARTBEAT] Invio heartbeat: {"stazioneId":"MI","stato":"ONLINE","timestamp":"2026-08-14T12:24:49.288945075Z","tipoEvento":"HEARTBEAT","bufferSize":0}
2026-08-14 14:24:59,288 INFO  [it.uni.reti2.HeartbeatGenerator] (executor-thread-1) 💓 [HEARTBEAT] Invio heartbeat: {"stazioneId":"MI","stato":"ONLINE","timestamp":"2026-08-14T12:24:59.288947605Z","tipoEvento":"HEARTBEAT","bufferSize":0}
2026-08-14 14:25:09,289 INFO  [it.uni.reti2.HeartbeatGenerator] (executor-thread-1) 💓 [HEARTBEAT] Invio heartbeat: {"stazioneId":"MI","stato":"ONLINE","timestamp":"2026-08-14T12:25:09.289270511Z","tipoEvento":"HEARTBEAT","bufferSize":0}
2026-08-14 14:25:19,289 INFO  [it.uni.reti2.HeartbeatGenerator] (executor-thread-1) 💓 [HEARTBEAT] Invio heartbeat: {"stazioneId":"MI","stato":"ONLINE","timestamp":"2026-08-14T12:25:19.288967731Z","tipoEvento":"HEARTBEAT","bufferSize":0}
2026-08-14 14:25:22,148 INFO  [it.uni.reti2.StationGateway] (vert.x-eventloop-thread-3) 🚂 [PASSAGGIO] Treno tenoAmmazzaRicchi in ENTRATA dalla stazione MI
2026-08-14 14:25:29,289 INFO  [it.uni.reti2.HeartbeatGenerator] (executor-thread-1) 💓 [HEARTBEAT] Invio heartbeat: {"stazioneId":"MI","stato":"ONLINE","timestamp":"2026-08-14T12:25:29.289046295Z","tipoEvento":"HEARTBEAT","bufferSize":0}
2026-08-14 14:25:39,288 INFO  [it.uni.reti2.HeartbeatGenerator] (executor-thread-1) 💓 [HEARTBEAT] Invio heartbeat: {"stazioneId":"MI","stato":"ONLINE","timestamp":"2026-08-14T12:25:39.288478514Z","tipoEvento":"HEARTBEAT","bufferSize":0}
2026-08-14 14:25:42,148 INFO  [it.uni.reti2.StationGateway] (vert.x-eventloop-thread-3) 🚂 [PASSAGGIO] Treno tenoAmmazzaRicchi in USCITA dalla stazione MI
2026-08-14 14:25:49,288 INFO  [it.uni.reti2.HeartbeatGenerator] (executor-thread-1) 💓 [HEARTBEAT] Invio heartbeat: {"stazioneId":"MI","stato":"ONLINE","timestamp":"2026-08-14T12:25:49.288511099Z","tipoEvento":"HEARTBEAT","bufferSize":0}
2026-08-14 14:25:59,288 INFO  [it.uni.reti2.HeartbeatGenerator] (executor-thread-1) 💓 [HEARTBEAT] Invio heartbeat: {"stazioneId":"MI","stato":"ONLINE","timestamp":"2026-08-14T12:25:59.288504042Z","tipoEvento":"HEARTBEAT","bufferSize":0}
2026-08-14 14:26:09,288 INFO  [it.uni.reti2.HeartbeatGenerator] (executor-thread-1) 💓 [HEARTBEAT] Invio heartbeat: {"stazioneId":"MI","stato":"ONLINE","timestamp":"2026-08-14T12:26:09.288512690Z","tipoEvento":"HEARTBEAT","bufferSize":0}
2026-08-14 14:26:19,288 INFO  [it.uni.reti2.HeartbeatGenerator] (executor-thread-1) 💓 [HEARTBEAT] Invio heartbeat: {"stazioneId":"MI","stato":"ONLINE","timestamp":"2026-08-14T12:26:19.288519141Z","tipoEvento":"HEARTBEAT","bufferSize":0}
2026-08-14 14:26:29,288 INFO  [it.uni.reti2.HeartbeatGenerator] (executor-thread-1) 💓 [HEARTBEAT] Invio heartbeat: {"stazioneId":"MI","stato":"ONLINE","timestamp":"2026-08-14T12:26:29.288575340Z","tipoEvento":"HEARTBEAT","bufferSize":0}
2026-08-14 14:26:39,288 INFO  [it.uni.reti2.HeartbeatGenerator] (executor-thread-1) 💓 [HEARTBEAT] Invio heartbeat: {"stazioneId":"MI","stato":"ONLINE","timestamp":"2026-08-14T12:26:39.288515241Z","tipoEvento":"HEARTBEAT","bufferSize":0}
2026-08-14 14:26:49,288 INFO  [it.uni.reti2.HeartbeatGenerator] (executor-thread-1) 💓 [HEARTBEAT] Invio heartbeat: {"stazioneId":"MI","stato":"ONLINE","timestamp":"2026-08-14T12:26:49.288510521Z","tipoEvento":"HEARTBEAT","bufferSize":0}
2026-08-14 14:26:59,288 INFO  [it.uni.reti2.HeartbeatGenerator] (executor-thread-1) 💓 [HEARTBEAT] Invio heartbeat: {"stazioneId":"MI","stato":"ONLINE","timestamp":"2026-08-14T12:26:59.288515778Z","tipoEvento":"HEARTBEAT","bufferSize":0}
2026-08-14 14:27:09,288 INFO  [it.uni.reti2.HeartbeatGenerator] (executor-thread-1) 💓 [HEARTBEAT] Invio heartbeat: {"stazioneId":"MI","stato":"ONLINE","timestamp":"2026-08-14T12:27:09.288518883Z","tipoEvento":"HEARTBEAT","bufferSize":0}
2026-08-14 14:27:19,288 INFO  [it.uni.reti2.HeartbeatGenerator] (executor-thread-1) 💓 [HEARTBEAT] Invio heartbeat: {"stazioneId":"MI","stato":"ONLINE","timestamp":"2026-08-14T12:27:19.288517397Z","tipoEvento":"HEARTBEAT","bufferSize":0}
2026-08-14 14:27:29,288 INFO  [it.uni.reti2.HeartbeatGenerator] (executor-thread-1) 💓 [HEARTBEAT] Invio heartbeat: {"stazioneId":"MI","stato":"ONLINE","timestamp":"2026-08-14T12:27:29.288505221Z","tipoEvento":"HEARTBEAT","bufferSize":0}
2026-08-14 14:27:39,288 INFO  [it.uni.reti2.HeartbeatGenerator] (executor-thread-1) 💓 [HEARTBEAT] Invio heartbeat: {"stazioneId":"MI","stato":"ONLINE","timestamp":"2026-08-14T12:27:39.288945430Z","tipoEvento":"HEARTBEAT","bufferSize":0}
2026-08-14 14:27:49,288 INFO  [it.uni.reti2.HeartbeatGenerator] (executor-thread-1) 💓 [HEARTBEAT] Invio heartbeat: {"stazioneId":"MI","stato":"ONLINE","timestamp":"2026-08-14T12:27:49.288659828Z","tipoEvento":"HEARTBEAT","bufferSize":0}
2026-08-14 14:27:59,288 INFO  [it.uni.reti2.HeartbeatGenerator] (executor-thread-1) 💓 [HEARTBEAT] Invio heartbeat: {"stazioneId":"MI","stato":"ONLINE","timestamp":"2026-08-14T12:27:59.288936587Z","tipoEvento":"HEARTBEAT","bufferSize":0}
2026-08-14 14:28:09,289 INFO  [it.uni.reti2.HeartbeatGenerator] (executor-thread-1) 💓 [HEARTBEAT] Invio heartbeat: {"stazioneId":"MI","stato":"ONLINE","timestamp":"2026-08-14T12:28:09.288923362Z","tipoEvento":"HEARTBEAT","bufferSize":0}
2026-08-14 14:28:19,288 INFO  [it.uni.reti2.HeartbeatGenerator] (executor-thread-1) 💓 [HEARTBEAT] Invio heartbeat: {"stazioneId":"MI","stato":"ONLINE","timestamp":"2026-08-14T12:28:19.288524419Z","tipoEvento":"HEARTBEAT","bufferSize":0}
2026-08-14 14:28:29,288 INFO  [it.uni.reti2.HeartbeatGenerator] (executor-thread-1) 💓 [HEARTBEAT] Invio heartbeat: {"stazioneId":"MI","stato":"ONLINE","timestamp":"2026-08-14T12:28:29.288688800Z","tipoEvento":"HEARTBEAT","bufferSize":0}
2026-08-14 14:28:39,289 INFO  [it.uni.reti2.HeartbeatGenerator] (executor-thread-1) 💓 [HEARTBEAT] Invio heartbeat: {"stazioneId":"MI","stato":"ONLINE","timestamp":"2026-08-14T12:28:39.288975281Z","tipoEvento":"HEARTBEAT","bufferSize":0}
2026-08-14 14:28:49,288 INFO  [it.uni.reti2.HeartbeatGenerator] (executor-thread-1) 💓 [HEARTBEAT] Invio heartbeat: {"stazioneId":"MI","stato":"ONLINE","timestamp":"2026-08-14T12:28:49.288549035Z","tipoEvento":"HEARTBEAT","bufferSize":0}
2026-08-14 14:28:59,288 INFO  [it.uni.reti2.HeartbeatGenerator] (executor-thread-1) 💓 [HEARTBEAT] Invio heartbeat: {"stazioneId":"MI","stato":"ONLINE","timestamp":"2026-08-14T12:28:59.288912751Z","tipoEvento":"HEARTBEAT","bufferSize":0}
2026-08-14 14:29:09,289 INFO  [it.uni.reti2.HeartbeatGenerator] (executor-thread-1) 💓 [HEARTBEAT] Invio heartbeat: {"stazioneId":"MI","stato":"ONLINE","timestamp":"2026-08-14T12:29:09.288955649Z","tipoEvento":"HEARTBEAT","bufferSize":0}
2026-08-14 14:29:19,288 INFO  [it.uni.reti2.HeartbeatGenerator] (executor-thread-1) 💓 [HEARTBEAT] Invio heartbeat: {"stazioneId":"MI","stato":"ONLINE","timestamp":"2026-08-14T12:29:19.288557923Z","tipoEvento":"HEARTBEAT","bufferSize":0}
2026-08-14 14:29:29,288 INFO  [it.uni.reti2.HeartbeatGenerator] (executor-thread-1) 💓 [HEARTBEAT] Invio heartbeat: {"stazioneId":"MI","stato":"ONLINE","timestamp":"2026-08-14T12:29:29.288937711Z","tipoEvento":"HEARTBEAT","bufferSize":0}
2026-08-14 14:29:39,289 INFO  [it.uni.reti2.HeartbeatGenerator] (executor-thread-1) 💓 [HEARTBEAT] Invio heartbeat: {"stazioneId":"MI","stato":"ONLINE","timestamp":"2026-08-14T12:29:39.289011523Z","tipoEvento":"HEARTBEAT","bufferSize":0}
2026-08-14 14:29:49,288 INFO  [it.uni.reti2.HeartbeatGenerator] (executor-thread-1) 💓 [HEARTBEAT] Invio heartbeat: {"stazioneId":"MI","stato":"ONLINE","timestamp":"2026-08-14T12:29:49.288501670Z","tipoEvento":"HEARTBEAT","bufferSize":0}
2026-08-14 14:29:59,288 INFO  [it.uni.reti2.HeartbeatGenerator] (executor-thread-1) 💓 [HEARTBEAT] Invio heartbeat: {"stazioneId":"MI","stato":"ONLINE","timestamp":"2026-08-14T12:29:59.288460075Z","tipoEvento":"HEARTBEAT","bufferSize":0}
2026-08-14 14:30:09,288 INFO  [it.uni.reti2.HeartbeatGenerator] (executor-thread-1) 💓 [HEARTBEAT] Invio heartbeat: {"stazioneId":"MI","stato":"ONLINE","timestamp":"2026-08-14T12:30:09.288887960Z","tipoEvento":"HEARTBEAT","bufferSize":0}
2026-08-14 14:30:19,288 INFO  [it.uni.reti2.HeartbeatGenerator] (executor-thread-1) 💓 [HEARTBEAT] Invio heartbeat: {"stazioneId":"MI","stato":"ONLINE","timestamp":"2026-08-14T12:30:19.288535883Z","tipoEvento":"HEARTBEAT","bufferSize":0}
2026-08-14 14:30:29,288 INFO  [it.uni.reti2.HeartbeatGenerator] (executor-thread-1) 💓 [HEARTBEAT] Invio heartbeat: {"stazioneId":"MI","stato":"ONLINE","timestamp":"2026-08-14T12:30:29.288502091Z","tipoEvento":"HEARTBEAT","bufferSize":0}
2026-08-14 14:30:39,288 INFO  [it.uni.reti2.HeartbeatGenerator] (executor-thread-1) 💓 [HEARTBEAT] Invio heartbeat: {"stazioneId":"MI","stato":"ONLINE","timestamp":"2026-08-14T12:30:39.288557721Z","tipoEvento":"HEARTBEAT","bufferSize":0}
2026-08-14 14:30:49,289 INFO  [it.uni.reti2.HeartbeatGenerator] (executor-thread-1) 💓 [HEARTBEAT] Invio heartbeat: {"stazioneId":"MI","stato":"ONLINE","timestamp":"2026-08-14T12:30:49.289008752Z","tipoEvento":"HEARTBEAT","bufferSize":0}
2026-08-14 14:30:59,288 INFO  [it.uni.reti2.HeartbeatGenerator] (executor-thread-1) 💓 [HEARTBEAT] Invio heartbeat: {"stazioneId":"MI","stato":"ONLINE","timestamp":"2026-08-14T12:30:59.288463985Z","tipoEvento":"HEARTBEAT","bufferSize":0}
2026-08-14 14:31:06,148 INFO  [it.uni.reti2.StationGateway] (vert.x-eventloop-thread-3) 🚂 [PASSAGGIO] Treno Mario in ENTRATA dalla stazione MI
2026-08-14 14:31:09,289 INFO  [it.uni.reti2.HeartbeatGenerator] (executor-thread-1) 💓 [HEARTBEAT] Invio heartbeat: {"stazioneId":"MI","stato":"ONLINE","timestamp":"2026-08-14T12:31:09.288990215Z","tipoEvento":"HEARTBEAT","bufferSize":0}
2026-08-14 14:31:19,289 INFO  [it.uni.reti2.HeartbeatGenerator] (executor-thread-1) 💓 [HEARTBEAT] Invio heartbeat: {"stazioneId":"MI","stato":"ONLINE","timestamp":"2026-08-14T12:31:19.288982166Z","tipoEvento":"HEARTBEAT","bufferSize":0}
2026-08-14 14:31:27,148 INFO  [it.uni.reti2.StationGateway] (vert.x-eventloop-thread-3) 🚂 [PASSAGGIO] Treno Mario in USCITA dalla stazione MI
2026-08-14 14:31:29,288 INFO  [it.uni.reti2.HeartbeatGenerator] (executor-thread-1) 💓 [HEARTBEAT] Invio heartbeat: {"stazioneId":"MI","stato":"ONLINE","timestamp":"2026-08-14T12:31:29.288530332Z","tipoEvento":"HEARTBEAT","bufferSize":0}
2026-08-14 14:31:39,288 INFO  [it.uni.reti2.HeartbeatGenerator] (executor-thread-1) 💓 [HEARTBEAT] Invio heartbeat: {"stazioneId":"MI","stato":"ONLINE","timestamp":"2026-08-14T12:31:39.288556466Z","tipoEvento":"HEARTBEAT","bufferSize":0}
2026-08-14 14:31:49,288 INFO  [it.uni.reti2.HeartbeatGenerator] (executor-thread-1) 💓 [HEARTBEAT] Invio heartbeat: {"stazioneId":"MI","stato":"ONLINE","timestamp":"2026-08-14T12:31:49.288498307Z","tipoEvento":"HEARTBEAT","bufferSize":0}
2026-08-14 14:31:59,288 INFO  [it.uni.reti2.HeartbeatGenerator] (executor-thread-1) 💓 [HEARTBEAT] Invio heartbeat: {"stazioneId":"MI","stato":"ONLINE","timestamp":"2026-08-14T12:31:59.288484240Z","tipoEvento":"HEARTBEAT","bufferSize":0}
2026-08-14 14:32:09,288 INFO  [it.uni.reti2.HeartbeatGenerator] (executor-thread-1) 💓 [HEARTBEAT] Invio heartbeat: {"stazioneId":"MI","stato":"ONLINE","timestamp":"2026-08-14T12:32:09.288614913Z","tipoEvento":"HEARTBEAT","bufferSize":0}
2026-08-14 14:32:19,288 INFO  [it.uni.reti2.HeartbeatGenerator] (executor-thread-1) 💓 [HEARTBEAT] Invio heartbeat: {"stazioneId":"MI","stato":"ONLINE","timestamp":"2026-08-14T12:32:19.288462364Z","tipoEvento":"HEARTBEAT","bufferSize":0}
2026-08-14 14:32:29,289 INFO  [it.uni.reti2.HeartbeatGenerator] (executor-thread-1) 💓 [HEARTBEAT] Invio heartbeat: {"stazioneId":"MI","stato":"ONLINE","timestamp":"2026-08-14T12:32:29.288983633Z","tipoEvento":"HEARTBEAT","bufferSize":0}
2026-08-14 14:32:39,289 INFO  [it.uni.reti2.HeartbeatGenerator] (executor-thread-1) 💓 [HEARTBEAT] Invio heartbeat: {"stazioneId":"MI","stato":"ONLINE","timestamp":"2026-08-14T12:32:39.289010810Z","tipoEvento":"HEARTBEAT","bufferSize":0}
2026-08-14 14:32:49,288 INFO  [it.uni.reti2.HeartbeatGenerator] (executor-thread-1) 💓 [HEARTBEAT] Invio heartbeat: {"stazioneId":"MI","stato":"ONLINE","timestamp":"2026-08-14T12:32:49.288958785Z","tipoEvento":"HEARTBEAT","bufferSize":0}
2026-08-14 14:32:59,288 INFO  [it.uni.reti2.HeartbeatGenerator] (executor-thread-1) 💓 [HEARTBEAT] Invio heartbeat: {"stazioneId":"MI","stato":"ONLINE","timestamp":"2026-08-14T12:32:59.288521961Z","tipoEvento":"HEARTBEAT","bufferSize":0}
2026-08-14 14:33:09,289 INFO  [it.uni.reti2.HeartbeatGenerator] (executor-thread-1) 💓 [HEARTBEAT] Invio heartbeat: {"stazioneId":"MI","stato":"ONLINE","timestamp":"2026-08-14T12:33:09.289387326Z","tipoEvento":"HEARTBEAT","bufferSize":0}
2026-08-14 14:33:19,289 INFO  [it.uni.reti2.HeartbeatGenerator] (executor-thread-1) 💓 [HEARTBEAT] Invio heartbeat: {"stazioneId":"MI","stato":"ONLINE","timestamp":"2026-08-14T12:33:19.289197356Z","tipoEvento":"HEARTBEAT","bufferSize":0}
2026-08-14 14:33:29,288 INFO  [it.uni.reti2.HeartbeatGenerator] (executor-thread-1) 💓 [HEARTBEAT] Invio heartbeat: {"stazioneId":"MI","stato":"ONLINE","timestamp":"2026-08-14T12:33:29.288686847Z","tipoEvento":"HEARTBEAT","bufferSize":0}
2026-08-14 14:33:39,288 INFO  [it.uni.reti2.HeartbeatGenerator] (executor-thread-1) 💓 [HEARTBEAT] Invio heartbeat: {"stazioneId":"MI","stato":"ONLINE","timestamp":"2026-08-14T12:33:39.288960436Z","tipoEvento":"HEARTBEAT","bufferSize":0}
2026-08-14 14:33:49,289 INFO  [it.uni.reti2.HeartbeatGenerator] (executor-thread-1) 💓 [HEARTBEAT] Invio heartbeat: {"stazioneId":"MI","stato":"ONLINE","timestamp":"2026-08-14T12:33:49.289042469Z","tipoEvento":"HEARTBEAT","bufferSize":0}
2026-08-14 14:33:59,288 INFO  [it.uni.reti2.HeartbeatGenerator] (executor-thread-1) 💓 [HEARTBEAT] Invio heartbeat: {"stazioneId":"MI","stato":"ONLINE","timestamp":"2026-08-14T12:33:59.288557998Z","tipoEvento":"HEARTBEAT","bufferSize":0}
2026-08-14 14:34:09,288 INFO  [it.uni.reti2.HeartbeatGenerator] (executor-thread-1) 💓 [HEARTBEAT] Invio heartbeat: {"stazioneId":"MI","stato":"ONLINE","timestamp":"2026-08-14T12:34:09.288520623Z","tipoEvento":"HEARTBEAT","bufferSize":0}
2026-08-14 14:34:19,288 INFO  [it.uni.reti2.HeartbeatGenerator] (executor-thread-1) 💓 [HEARTBEAT] Invio heartbeat: {"stazioneId":"MI","stato":"ONLINE","timestamp":"2026-08-14T12:34:19.288559476Z","tipoEvento":"HEARTBEAT","bufferSize":0}
2026-08-14 14:34:29,288 INFO  [it.uni.reti2.HeartbeatGenerator] (executor-thread-1) 💓 [HEARTBEAT] Invio heartbeat: {"stazioneId":"MI","stato":"ONLINE","timestamp":"2026-08-14T12:34:29.288542508Z","tipoEvento":"HEARTBEAT","bufferSize":0}
2026-08-14 14:34:39,289 INFO  [it.uni.reti2.HeartbeatGenerator] (executor-thread-1) 💓 [HEARTBEAT] Invio heartbeat: {"stazioneId":"MI","stato":"ONLINE","timestamp":"2026-08-14T12:34:39.289025801Z","tipoEvento":"HEARTBEAT","bufferSize":0}
2026-08-14 14:34:49,288 INFO  [it.uni.reti2.HeartbeatGenerator] (executor-thread-1) 💓 [HEARTBEAT] Invio heartbeat: {"stazioneId":"MI","stato":"ONLINE","timestamp":"2026-08-14T12:34:49.288958151Z","tipoEvento":"HEARTBEAT","bufferSize":0}
2026-08-14 14:34:59,288 INFO  [it.uni.reti2.HeartbeatGenerator] (executor-thread-1) 💓 [HEARTBEAT] Invio heartbeat: {"stazioneId":"MI","stato":"ONLINE","timestamp":"2026-08-14T12:34:59.288541928Z","tipoEvento":"HEARTBEAT","bufferSize":0}
2026-08-14 14:35:09,288 INFO  [it.uni.reti2.HeartbeatGenerator] (executor-thread-1) 💓 [HEARTBEAT] Invio heartbeat: {"stazioneId":"MI","stato":"ONLINE","timestamp":"2026-08-14T12:35:09.288948688Z","tipoEvento":"HEARTBEAT","bufferSize":0}
2026-08-14 14:35:10,148 INFO  [it.uni.reti2.StationGateway] (vert.x-eventloop-thread-3) 🚂 [PASSAGGIO] Treno Mario in ENTRATA dalla stazione MI
2026-08-14 14:35:19,289 INFO  [it.uni.reti2.HeartbeatGenerator] (executor-thread-1) 💓 [HEARTBEAT] Invio heartbeat: {"stazioneId":"MI","stato":"ONLINE","timestamp":"2026-08-14T12:35:19.288943423Z","tipoEvento":"HEARTBEAT","bufferSize":0}
2026-08-14 14:35:29,289 INFO  [it.uni.reti2.HeartbeatGenerator] (executor-thread-1) 💓 [HEARTBEAT] Invio heartbeat: {"stazioneId":"MI","stato":"ONLINE","timestamp":"2026-08-14T12:35:29.288964923Z","tipoEvento":"HEARTBEAT","bufferSize":0}
2026-08-14 14:35:31,148 INFO  [it.uni.reti2.StationGateway] (vert.x-eventloop-thread-3) 🚂 [PASSAGGIO] Treno Mario in USCITA dalla stazione MI
2026-08-14 14:35:39,289 INFO  [it.uni.reti2.HeartbeatGenerator] (executor-thread-1) 💓 [HEARTBEAT] Invio heartbeat: {"stazioneId":"MI","stato":"ONLINE","timestamp":"2026-08-14T12:35:39.289041854Z","tipoEvento":"HEARTBEAT","bufferSize":0}
2026-08-14 14:35:49,288 INFO  [it.uni.reti2.HeartbeatGenerator] (executor-thread-1) 💓 [HEARTBEAT] Invio heartbeat: {"stazioneId":"MI","stato":"ONLINE","timestamp":"2026-08-14T12:35:49.288539186Z","tipoEvento":"HEARTBEAT","bufferSize":0}
2026-08-14 14:35:59,288 INFO  [it.uni.reti2.HeartbeatGenerator] (executor-thread-1) 💓 [HEARTBEAT] Invio heartbeat: {"stazioneId":"MI","stato":"ONLINE","timestamp":"2026-08-14T12:35:59.288545100Z","tipoEvento":"HEARTBEAT","bufferSize":0}
2026-08-14 14:36:09,288 INFO  [it.uni.reti2.HeartbeatGenerator] (executor-thread-1) 💓 [HEARTBEAT] Invio heartbeat: {"stazioneId":"MI","stato":"ONLINE","timestamp":"2026-08-14T12:36:09.288527363Z","tipoEvento":"HEARTBEAT","bufferSize":0}
2026-08-14 14:36:19,288 INFO  [it.uni.reti2.HeartbeatGenerator] (executor-thread-1) 💓 [HEARTBEAT] Invio heartbeat: {"stazioneId":"MI","stato":"ONLINE","timestamp":"2026-08-14T12:36:19.288629920Z","tipoEvento":"HEARTBEAT","bufferSize":0}
2026-08-14 14:36:29,288 INFO  [it.uni.reti2.HeartbeatGenerator] (executor-thread-1) 💓 [HEARTBEAT] Invio heartbeat: {"stazioneId":"MI","stato":"ONLINE","timestamp":"2026-08-14T12:36:29.288798546Z","tipoEvento":"HEARTBEAT","bufferSize":0}
2026-08-14 14:36:39,289 INFO  [it.uni.reti2.HeartbeatGenerator] (executor-thread-1) 💓 [HEARTBEAT] Invio heartbeat: {"stazioneId":"MI","stato":"ONLINE","timestamp":"2026-08-14T12:36:39.289026375Z","tipoEvento":"HEARTBEAT","bufferSize":0}
2026-08-14 14:36:49,288 INFO  [it.uni.reti2.HeartbeatGenerator] (executor-thread-1) 💓 [HEARTBEAT] Invio heartbeat: {"stazioneId":"MI","stato":"ONLINE","timestamp":"2026-08-14T12:36:49.288611427Z","tipoEvento":"HEARTBEAT","bufferSize":0}
2026-08-14 14:36:52,148 INFO  [it.uni.reti2.StationGateway] (vert.x-eventloop-thread-3) 🚂 [PASSAGGIO] Treno tenoAmmazzaRicchi in ENTRATA dalla stazione MI
2026-08-14 14:36:59,288 INFO  [it.uni.reti2.HeartbeatGenerator] (executor-thread-1) 💓 [HEARTBEAT] Invio heartbeat: {"stazioneId":"MI","stato":"ONLINE","timestamp":"2026-08-14T12:36:59.288494133Z","tipoEvento":"HEARTBEAT","bufferSize":0}
2026-08-14 14:37:09,288 INFO  [it.uni.reti2.HeartbeatGenerator] (executor-thread-1) 💓 [HEARTBEAT] Invio heartbeat: {"stazioneId":"MI","stato":"ONLINE","timestamp":"2026-08-14T12:37:09.288955925Z","tipoEvento":"HEARTBEAT","bufferSize":0}
2026-08-14 14:37:12,148 INFO  [it.uni.reti2.StationGateway] (vert.x-eventloop-thread-3) 🚂 [PASSAGGIO] Treno tenoAmmazzaRicchi in USCITA dalla stazione MI
2026-08-14 14:37:19,288 INFO  [it.uni.reti2.HeartbeatGenerator] (executor-thread-1) 💓 [HEARTBEAT] Invio heartbeat: {"stazioneId":"MI","stato":"ONLINE","timestamp":"2026-08-14T12:37:19.288501944Z","tipoEvento":"HEARTBEAT","bufferSize":0}
2026-08-14 14:37:29,289 INFO  [it.uni.reti2.HeartbeatGenerator] (executor-thread-1) 💓 [HEARTBEAT] Invio heartbeat: {"stazioneId":"MI","stato":"ONLINE","timestamp":"2026-08-14T12:37:29.288942163Z","tipoEvento":"HEARTBEAT","bufferSize":0}
2026-08-14 14:37:39,288 INFO  [it.uni.reti2.HeartbeatGenerator] (executor-thread-1) 💓 [HEARTBEAT] Invio heartbeat: {"stazioneId":"MI","stato":"ONLINE","timestamp":"2026-08-14T12:37:39.288732039Z","tipoEvento":"HEARTBEAT","bufferSize":0}
2026-08-14 14:37:49,288 INFO  [it.uni.reti2.HeartbeatGenerator] (executor-thread-1) 💓 [HEARTBEAT] Invio heartbeat: {"stazioneId":"MI","stato":"ONLINE","timestamp":"2026-08-14T12:37:49.288489893Z","tipoEvento":"HEARTBEAT","bufferSize":0}
2026-08-14 14:37:59,288 INFO  [it.uni.reti2.HeartbeatGenerator] (executor-thread-1) 💓 [HEARTBEAT] Invio heartbeat: {"stazioneId":"MI","stato":"ONLINE","timestamp":"2026-08-14T12:37:59.288556487Z","tipoEvento":"HEARTBEAT","bufferSize":0}
2026-08-14 14:38:09,289 INFO  [it.uni.reti2.HeartbeatGenerator] (executor-thread-1) 💓 [HEARTBEAT] Invio heartbeat: {"stazioneId":"MI","stato":"ONLINE","timestamp":"2026-08-14T12:38:09.288967950Z","tipoEvento":"HEARTBEAT","bufferSize":0}
2026-08-14 14:38:19,288 INFO  [it.uni.reti2.HeartbeatGenerator] (executor-thread-1) 💓 [HEARTBEAT] Invio heartbeat: {"stazioneId":"MI","stato":"ONLINE","timestamp":"2026-08-14T12:38:19.288627931Z","tipoEvento":"HEARTBEAT","bufferSize":0}
2026-08-14 14:38:29,289 INFO  [it.uni.reti2.HeartbeatGenerator] (executor-thread-1) 💓 [HEARTBEAT] Invio heartbeat: {"stazioneId":"MI","stato":"ONLINE","timestamp":"2026-08-14T12:38:29.288950226Z","tipoEvento":"HEARTBEAT","bufferSize":0}
2026-08-14 14:38:39,288 INFO  [it.uni.reti2.HeartbeatGenerator] (executor-thread-1) 💓 [HEARTBEAT] Invio heartbeat: {"stazioneId":"MI","stato":"ONLINE","timestamp":"2026-08-14T12:38:39.288525921Z","tipoEvento":"HEARTBEAT","bufferSize":0}
2026-08-14 14:38:49,289 INFO  [it.uni.reti2.HeartbeatGenerator] (executor-thread-1) 💓 [HEARTBEAT] Invio heartbeat: {"stazioneId":"MI","stato":"ONLINE","timestamp":"2026-08-14T12:38:49.288996277Z","tipoEvento":"HEARTBEAT","bufferSize":0}
2026-08-14 14:38:59,288 INFO  [it.uni.reti2.HeartbeatGenerator] (executor-thread-1) 💓 [HEARTBEAT] Invio heartbeat: {"stazioneId":"MI","stato":"ONLINE","timestamp":"2026-08-14T12:38:59.288503047Z","tipoEvento":"HEARTBEAT","bufferSize":0}
2026-08-14 14:39:09,289 INFO  [it.uni.reti2.HeartbeatGenerator] (executor-thread-1) 💓 [HEARTBEAT] Invio heartbeat: {"stazioneId":"MI","stato":"ONLINE","timestamp":"2026-08-14T12:39:09.288977404Z","tipoEvento":"HEARTBEAT","bufferSize":0}
2026-08-14 14:39:19,288 INFO  [it.uni.reti2.HeartbeatGenerator] (executor-thread-1) 💓 [HEARTBEAT] Invio heartbeat: {"stazioneId":"MI","stato":"ONLINE","timestamp":"2026-08-14T12:39:19.288518442Z","tipoEvento":"HEARTBEAT","bufferSize":0}
2026-08-14 14:39:29,288 INFO  [it.uni.reti2.HeartbeatGenerator] (executor-thread-1) 💓 [HEARTBEAT] Invio heartbeat: {"stazioneId":"MI","stato":"ONLINE","timestamp":"2026-08-14T12:39:29.288515897Z","tipoEvento":"HEARTBEAT","bufferSize":0}
2026-08-14 14:39:39,288 INFO  [it.uni.reti2.HeartbeatGenerator] (executor-thread-1) 💓 [HEARTBEAT] Invio heartbeat: {"stazioneId":"MI","stato":"ONLINE","timestamp":"2026-08-14T12:39:39.288533121Z","tipoEvento":"HEARTBEAT","bufferSize":0}
2026-08-14 14:39:49,288 INFO  [it.uni.reti2.HeartbeatGenerator] (executor-thread-1) 💓 [HEARTBEAT] Invio heartbeat: {"stazioneId":"MI","stato":"ONLINE","timestamp":"2026-08-14T12:39:49.288515947Z","tipoEvento":"HEARTBEAT","bufferSize":0}
2026-08-14 14:39:59,288 INFO  [it.uni.reti2.HeartbeatGenerator] (executor-thread-1) 💓 [HEARTBEAT] Invio heartbeat: {"stazioneId":"MI","stato":"ONLINE","timestamp":"2026-08-14T12:39:59.288491399Z","tipoEvento":"HEARTBEAT","bufferSize":0}
2026-08-14 14:40:09,288 INFO  [it.uni.reti2.HeartbeatGenerator] (executor-thread-1) 💓 [HEARTBEAT] Invio heartbeat: {"stazioneId":"MI","stato":"ONLINE","timestamp":"2026-08-14T12:40:09.288485529Z","tipoEvento":"HEARTBEAT","bufferSize":0}
2026-08-14 14:40:19,288 INFO  [it.uni.reti2.HeartbeatGenerator] (executor-thread-1) 💓 [HEARTBEAT] Invio heartbeat: {"stazioneId":"MI","stato":"ONLINE","timestamp":"2026-08-14T12:40:19.288501469Z","tipoEvento":"HEARTBEAT","bufferSize":0}
2026-08-14 14:40:29,288 INFO  [it.uni.reti2.HeartbeatGenerator] (executor-thread-1) 💓 [HEARTBEAT] Invio heartbeat: {"stazioneId":"MI","stato":"ONLINE","timestamp":"2026-08-14T12:40:29.288532519Z","tipoEvento":"HEARTBEAT","bufferSize":0}
2026-08-14 14:40:39,288 INFO  [it.uni.reti2.HeartbeatGenerator] (executor-thread-1) 💓 [HEARTBEAT] Invio heartbeat: {"stazioneId":"MI","stato":"ONLINE","timestamp":"2026-08-14T12:40:39.288462749Z","tipoEvento":"HEARTBEAT","bufferSize":0}
2026-08-14 14:40:49,288 INFO  [it.uni.reti2.HeartbeatGenerator] (executor-thread-1) 💓 [HEARTBEAT] Invio heartbeat: {"stazioneId":"MI","stato":"ONLINE","timestamp":"2026-08-14T12:40:49.288506911Z","tipoEvento":"HEARTBEAT","bufferSize":0}
2026-08-14 14:40:54,147 INFO  [it.uni.reti2.StationGateway] (vert.x-eventloop-thread-3) 🚂 [PASSAGGIO] Treno tenoAmmazzaRicchi in ENTRATA dalla stazione MI
2026-08-14 14:40:59,288 INFO  [it.uni.reti2.HeartbeatGenerator] (executor-thread-1) 💓 [HEARTBEAT] Invio heartbeat: {"stazioneId":"MI","stato":"ONLINE","timestamp":"2026-08-14T12:40:59.288794975Z","tipoEvento":"HEARTBEAT","bufferSize":0}
2026-08-14 14:41:09,288 INFO  [it.uni.reti2.HeartbeatGenerator] (executor-thread-1) 💓 [HEARTBEAT] Invio heartbeat: {"stazioneId":"MI","stato":"ONLINE","timestamp":"2026-08-14T12:41:09.288466460Z","tipoEvento":"HEARTBEAT","bufferSize":0}
2026-08-14 14:41:14,148 INFO  [it.uni.reti2.StationGateway] (vert.x-eventloop-thread-3) 🚂 [PASSAGGIO] Treno tenoAmmazzaRicchi in USCITA dalla stazione MI
2026-08-14 14:41:19,288 INFO  [it.uni.reti2.HeartbeatGenerator] (executor-thread-1) 💓 [HEARTBEAT] Invio heartbeat: {"stazioneId":"MI","stato":"ONLINE","timestamp":"2026-08-14T12:41:19.288529597Z","tipoEvento":"HEARTBEAT","bufferSize":0}
2026-08-14 14:41:29,288 INFO  [it.uni.reti2.HeartbeatGenerator] (executor-thread-1) 💓 [HEARTBEAT] Invio heartbeat: {"stazioneId":"MI","stato":"ONLINE","timestamp":"2026-08-14T12:41:29.288433255Z","tipoEvento":"HEARTBEAT","bufferSize":0}
2026-08-14 14:41:39,288 INFO  [it.uni.reti2.HeartbeatGenerator] (executor-thread-1) 💓 [HEARTBEAT] Invio heartbeat: {"stazioneId":"MI","stato":"ONLINE","timestamp":"2026-08-14T12:41:39.288452061Z","tipoEvento":"HEARTBEAT","bufferSize":0}
2026-08-14 14:41:49,288 INFO  [it.uni.reti2.HeartbeatGenerator] (executor-thread-1) 💓 [HEARTBEAT] Invio heartbeat: {"stazioneId":"MI","stato":"ONLINE","timestamp":"2026-08-14T12:41:49.288413582Z","tipoEvento":"HEARTBEAT","bufferSize":0}
2026-08-14 14:41:59,288 INFO  [it.uni.reti2.HeartbeatGenerator] (executor-thread-1) 💓 [HEARTBEAT] Invio heartbeat: {"stazioneId":"MI","stato":"ONLINE","timestamp":"2026-08-14T12:41:59.288413234Z","tipoEvento":"HEARTBEAT","bufferSize":0}
2026-08-14 14:42:09,288 INFO  [it.uni.reti2.HeartbeatGenerator] (executor-thread-1) 💓 [HEARTBEAT] Invio heartbeat: {"stazioneId":"MI","stato":"ONLINE","timestamp":"2026-08-14T12:42:09.288419958Z","tipoEvento":"HEARTBEAT","bufferSize":0}
2026-08-14 14:42:19,288 INFO  [it.uni.reti2.HeartbeatGenerator] (executor-thread-1) 💓 [HEARTBEAT] Invio heartbeat: {"stazioneId":"MI","stato":"ONLINE","timestamp":"2026-08-14T12:42:19.288369488Z","tipoEvento":"HEARTBEAT","bufferSize":0}
2026-08-14 14:42:29,288 INFO  [it.uni.reti2.HeartbeatGenerator] (executor-thread-1) 💓 [HEARTBEAT] Invio heartbeat: {"stazioneId":"MI","stato":"ONLINE","timestamp":"2026-08-14T12:42:29.288423281Z","tipoEvento":"HEARTBEAT","bufferSize":0}
2026-08-14 14:42:39,288 INFO  [it.uni.reti2.HeartbeatGenerator] (executor-thread-1) 💓 [HEARTBEAT] Invio heartbeat: {"stazioneId":"MI","stato":"ONLINE","timestamp":"2026-08-14T12:42:39.288423201Z","tipoEvento":"HEARTBEAT","bufferSize":0}
2026-08-14 14:42:49,288 INFO  [it.uni.reti2.HeartbeatGenerator] (executor-thread-1) 💓 [HEARTBEAT] Invio heartbeat: {"stazioneId":"MI","stato":"ONLINE","timestamp":"2026-08-14T12:42:49.288597882Z","tipoEvento":"HEARTBEAT","bufferSize":0}
2026-08-14 14:42:59,288 INFO  [it.uni.reti2.HeartbeatGenerator] (executor-thread-1) 💓 [HEARTBEAT] Invio heartbeat: {"stazioneId":"MI","stato":"ONLINE","timestamp":"2026-08-14T12:42:59.288563594Z","tipoEvento":"HEARTBEAT","bufferSize":0}
2026-08-14 14:43:09,289 INFO  [it.uni.reti2.HeartbeatGenerator] (executor-thread-1) 💓 [HEARTBEAT] Invio heartbeat: {"stazioneId":"MI","stato":"ONLINE","timestamp":"2026-08-14T12:43:09.288944057Z","tipoEvento":"HEARTBEAT","bufferSize":0}
2026-08-14 14:43:19,288 INFO  [it.uni.reti2.HeartbeatGenerator] (executor-thread-1) 💓 [HEARTBEAT] Invio heartbeat: {"stazioneId":"MI","stato":"ONLINE","timestamp":"2026-08-14T12:43:19.288514241Z","tipoEvento":"HEARTBEAT","bufferSize":0}
2026-08-14 14:43:29,288 INFO  [it.uni.reti2.HeartbeatGenerator] (executor-thread-1) 💓 [HEARTBEAT] Invio heartbeat: {"stazioneId":"MI","stato":"ONLINE","timestamp":"2026-08-14T12:43:29.288522616Z","tipoEvento":"HEARTBEAT","bufferSize":0}
2026-08-14 14:43:39,288 INFO  [it.uni.reti2.HeartbeatGenerator] (executor-thread-1) 💓 [HEARTBEAT] Invio heartbeat: {"stazioneId":"MI","stato":"ONLINE","timestamp":"2026-08-14T12:43:39.288916818Z","tipoEvento":"HEARTBEAT","bufferSize":0}
2026-08-14 14:43:49,288 INFO  [it.uni.reti2.HeartbeatGenerator] (executor-thread-1) 💓 [HEARTBEAT] Invio heartbeat: {"stazioneId":"MI","stato":"ONLINE","timestamp":"2026-08-14T12:43:49.288801786Z","tipoEvento":"HEARTBEAT","bufferSize":0}
2026-08-14 14:43:59,288 INFO  [it.uni.reti2.HeartbeatGenerator] (executor-thread-1) 💓 [HEARTBEAT] Invio heartbeat: {"stazioneId":"MI","stato":"ONLINE","timestamp":"2026-08-14T12:43:59.288673873Z","tipoEvento":"HEARTBEAT","bufferSize":0}
2026-08-14 14:44:09,289 INFO  [it.uni.reti2.HeartbeatGenerator] (executor-thread-1) 💓 [HEARTBEAT] Invio heartbeat: {"stazioneId":"MI","stato":"ONLINE","timestamp":"2026-08-14T12:44:09.288949914Z","tipoEvento":"HEARTBEAT","bufferSize":0}
2026-08-14 14:44:19,288 INFO  [it.uni.reti2.HeartbeatGenerator] (executor-thread-1) 💓 [HEARTBEAT] Invio heartbeat: {"stazioneId":"MI","stato":"ONLINE","timestamp":"2026-08-14T12:44:19.288483625Z","tipoEvento":"HEARTBEAT","bufferSize":0}
2026-08-14 14:44:29,288 INFO  [it.uni.reti2.HeartbeatGenerator] (executor-thread-1) 💓 [HEARTBEAT] Invio heartbeat: {"stazioneId":"MI","stato":"ONLINE","timestamp":"2026-08-14T12:44:29.288480086Z","tipoEvento":"HEARTBEAT","bufferSize":0}
2026-08-14 14:44:39,288 INFO  [it.uni.reti2.HeartbeatGenerator] (executor-thread-1) 💓 [HEARTBEAT] Invio heartbeat: {"stazioneId":"MI","stato":"ONLINE","timestamp":"2026-08-14T12:44:39.288470854Z","tipoEvento":"HEARTBEAT","bufferSize":0}
2026-08-14 14:44:49,288 INFO  [it.uni.reti2.HeartbeatGenerator] (executor-thread-1) 💓 [HEARTBEAT] Invio heartbeat: {"stazioneId":"MI","stato":"ONLINE","timestamp":"2026-08-14T12:44:49.288522471Z","tipoEvento":"HEARTBEAT","bufferSize":0}
2026-08-14 14:44:59,289 INFO  [it.uni.reti2.HeartbeatGenerator] (executor-thread-1) 💓 [HEARTBEAT] Invio heartbeat: {"stazioneId":"MI","stato":"ONLINE","timestamp":"2026-08-14T12:44:59.288949812Z","tipoEvento":"HEARTBEAT","bufferSize":0}
2026-08-14 14:45:09,289 INFO  [it.uni.reti2.HeartbeatGenerator] (executor-thread-1) 💓 [HEARTBEAT] Invio heartbeat: {"stazioneId":"MI","stato":"ONLINE","timestamp":"2026-08-14T12:45:09.289000749Z","tipoEvento":"HEARTBEAT","bufferSize":0}
2026-08-14 14:45:19,288 INFO  [it.uni.reti2.HeartbeatGenerator] (executor-thread-1) 💓 [HEARTBEAT] Invio heartbeat: {"stazioneId":"MI","stato":"ONLINE","timestamp":"2026-08-14T12:45:19.288903267Z","tipoEvento":"HEARTBEAT","bufferSize":0}
2026-08-14 14:45:29,288 INFO  [it.uni.reti2.HeartbeatGenerator] (executor-thread-1) 💓 [HEARTBEAT] Invio heartbeat: {"stazioneId":"MI","stato":"ONLINE","timestamp":"2026-08-14T12:45:29.288487265Z","tipoEvento":"HEARTBEAT","bufferSize":0}
2026-08-14 14:45:39,288 INFO  [it.uni.reti2.HeartbeatGenerator] (executor-thread-1) 💓 [HEARTBEAT] Invio heartbeat: {"stazioneId":"MI","stato":"ONLINE","timestamp":"2026-08-14T12:45:39.288519323Z","tipoEvento":"HEARTBEAT","bufferSize":0}
2026-08-14 14:45:49,289 INFO  [it.uni.reti2.HeartbeatGenerator] (executor-thread-1) 💓 [HEARTBEAT] Invio heartbeat: {"stazioneId":"MI","stato":"ONLINE","timestamp":"2026-08-14T12:45:49.289077039Z","tipoEvento":"HEARTBEAT","bufferSize":0}
2026-08-14 14:45:59,288 INFO  [it.uni.reti2.HeartbeatGenerator] (executor-thread-1) 💓 [HEARTBEAT] Invio heartbeat: {"stazioneId":"MI","stato":"ONLINE","timestamp":"2026-08-14T12:45:59.288658328Z","tipoEvento":"HEARTBEAT","bufferSize":0}
2026-08-14 14:46:09,288 INFO  [it.uni.reti2.HeartbeatGenerator] (executor-thread-1) 💓 [HEARTBEAT] Invio heartbeat: {"stazioneId":"MI","stato":"ONLINE","timestamp":"2026-08-14T12:46:09.288511612Z","tipoEvento":"HEARTBEAT","bufferSize":0}
2026-08-14 14:46:19,288 INFO  [it.uni.reti2.HeartbeatGenerator] (executor-thread-1) 💓 [HEARTBEAT] Invio heartbeat: {"stazioneId":"MI","stato":"ONLINE","timestamp":"2026-08-14T12:46:19.288517195Z","tipoEvento":"HEARTBEAT","bufferSize":0}
2026-08-14 14:46:29,288 INFO  [it.uni.reti2.HeartbeatGenerator] (executor-thread-1) 💓 [HEARTBEAT] Invio heartbeat: {"stazioneId":"MI","stato":"ONLINE","timestamp":"2026-08-14T12:46:29.288647620Z","tipoEvento":"HEARTBEAT","bufferSize":0}
2026-08-14 14:46:39,288 INFO  [it.uni.reti2.HeartbeatGenerator] (executor-thread-1) 💓 [HEARTBEAT] Invio heartbeat: {"stazioneId":"MI","stato":"ONLINE","timestamp":"2026-08-14T12:46:39.288962072Z","tipoEvento":"HEARTBEAT","bufferSize":0}
2026-08-14 14:46:41,148 INFO  [it.uni.reti2.StationGateway] (vert.x-eventloop-thread-3) 🚂 [PASSAGGIO] Treno Mario in ENTRATA dalla stazione MI
2026-08-14 14:46:49,289 INFO  [it.uni.reti2.HeartbeatGenerator] (executor-thread-1) 💓 [HEARTBEAT] Invio heartbeat: {"stazioneId":"MI","stato":"ONLINE","timestamp":"2026-08-14T12:46:49.288972190Z","tipoEvento":"HEARTBEAT","bufferSize":0}
2026-08-14 14:46:59,289 INFO  [it.uni.reti2.HeartbeatGenerator] (executor-thread-1) 💓 [HEARTBEAT] Invio heartbeat: {"stazioneId":"MI","stato":"ONLINE","timestamp":"2026-08-14T12:46:59.288944047Z","tipoEvento":"HEARTBEAT","bufferSize":0}
2026-08-14 14:47:02,148 INFO  [it.uni.reti2.StationGateway] (vert.x-eventloop-thread-3) 🚂 [PASSAGGIO] Treno Mario in USCITA dalla stazione MI
2026-08-14 14:47:09,289 INFO  [it.uni.reti2.HeartbeatGenerator] (executor-thread-1) 💓 [HEARTBEAT] Invio heartbeat: {"stazioneId":"MI","stato":"ONLINE","timestamp":"2026-08-14T12:47:09.289011017Z","tipoEvento":"HEARTBEAT","bufferSize":0}
2026-08-14 14:47:19,288 INFO  [it.uni.reti2.HeartbeatGenerator] (executor-thread-1) 💓 [HEARTBEAT] Invio heartbeat: {"stazioneId":"MI","stato":"ONLINE","timestamp":"2026-08-14T12:47:19.288530705Z","tipoEvento":"HEARTBEAT","bufferSize":0}
2026-08-14 14:47:29,289 INFO  [it.uni.reti2.HeartbeatGenerator] (executor-thread-1) 💓 [HEARTBEAT] Invio heartbeat: {"stazioneId":"MI","stato":"ONLINE","timestamp":"2026-08-14T12:47:29.288999288Z","tipoEvento":"HEARTBEAT","bufferSize":0}
2026-08-14 14:47:39,288 INFO  [it.uni.reti2.HeartbeatGenerator] (executor-thread-1) 💓 [HEARTBEAT] Invio heartbeat: {"stazioneId":"MI","stato":"ONLINE","timestamp":"2026-08-14T12:47:39.288434983Z","tipoEvento":"HEARTBEAT","bufferSize":0}
2026-08-14 14:47:49,288 INFO  [it.uni.reti2.HeartbeatGenerator] (executor-thread-1) 💓 [HEARTBEAT] Invio heartbeat: {"stazioneId":"MI","stato":"ONLINE","timestamp":"2026-08-14T12:47:49.288804836Z","tipoEvento":"HEARTBEAT","bufferSize":0}
2026-08-14 14:47:59,288 INFO  [it.uni.reti2.HeartbeatGenerator] (executor-thread-1) 💓 [HEARTBEAT] Invio heartbeat: {"stazioneId":"MI","stato":"ONLINE","timestamp":"2026-08-14T12:47:59.288560028Z","tipoEvento":"HEARTBEAT","bufferSize":0}
2026-08-14 14:48:09,289 INFO  [it.uni.reti2.HeartbeatGenerator] (executor-thread-1) 💓 [HEARTBEAT] Invio heartbeat: {"stazioneId":"MI","stato":"ONLINE","timestamp":"2026-08-14T12:48:09.289097951Z","tipoEvento":"HEARTBEAT","bufferSize":0}
2026-08-14 14:48:19,288 INFO  [it.uni.reti2.HeartbeatGenerator] (executor-thread-1) 💓 [HEARTBEAT] Invio heartbeat: {"stazioneId":"MI","stato":"ONLINE","timestamp":"2026-08-14T12:48:19.288939169Z","tipoEvento":"HEARTBEAT","bufferSize":0}
2026-08-14 14:48:29,288 INFO  [it.uni.reti2.HeartbeatGenerator] (executor-thread-1) 💓 [HEARTBEAT] Invio heartbeat: {"stazioneId":"MI","stato":"ONLINE","timestamp":"2026-08-14T12:48:29.288582342Z","tipoEvento":"HEARTBEAT","bufferSize":0}
2026-08-14 14:48:39,288 INFO  [it.uni.reti2.HeartbeatGenerator] (executor-thread-1) 💓 [HEARTBEAT] Invio heartbeat: {"stazioneId":"MI","stato":"ONLINE","timestamp":"2026-08-14T12:48:39.288747989Z","tipoEvento":"HEARTBEAT","bufferSize":0}
2026-08-14 14:48:49,289 INFO  [it.uni.reti2.HeartbeatGenerator] (executor-thread-1) 💓 [HEARTBEAT] Invio heartbeat: {"stazioneId":"MI","stato":"ONLINE","timestamp":"2026-08-14T12:48:49.288968658Z","tipoEvento":"HEARTBEAT","bufferSize":0}
2026-08-14 14:48:59,288 INFO  [it.uni.reti2.HeartbeatGenerator] (executor-thread-1) 💓 [HEARTBEAT] Invio heartbeat: {"stazioneId":"MI","stato":"ONLINE","timestamp":"2026-08-14T12:48:59.288513804Z","tipoEvento":"HEARTBEAT","bufferSize":0}
2026-08-14 14:49:09,288 INFO  [it.uni.reti2.HeartbeatGenerator] (executor-thread-1) 💓 [HEARTBEAT] Invio heartbeat: {"stazioneId":"MI","stato":"ONLINE","timestamp":"2026-08-14T12:49:09.288593920Z","tipoEvento":"HEARTBEAT","bufferSize":0}
2026-08-14 14:49:19,288 INFO  [it.uni.reti2.HeartbeatGenerator] (executor-thread-1) 💓 [HEARTBEAT] Invio heartbeat: {"stazioneId":"MI","stato":"ONLINE","timestamp":"2026-08-14T12:49:19.288500991Z","tipoEvento":"HEARTBEAT","bufferSize":0}
2026-08-14 14:49:29,288 INFO  [it.uni.reti2.HeartbeatGenerator] (executor-thread-1) 💓 [HEARTBEAT] Invio heartbeat: {"stazioneId":"MI","stato":"ONLINE","timestamp":"2026-08-14T12:49:29.288561216Z","tipoEvento":"HEARTBEAT","bufferSize":0}
2026-08-14 14:49:39,289 INFO  [it.uni.reti2.HeartbeatGenerator] (executor-thread-1) 💓 [HEARTBEAT] Invio heartbeat: {"stazioneId":"MI","stato":"ONLINE","timestamp":"2026-08-14T12:49:39.289036554Z","tipoEvento":"HEARTBEAT","bufferSize":0}
2026-08-14 14:49:49,289 INFO  [it.uni.reti2.HeartbeatGenerator] (executor-thread-1) 💓 [HEARTBEAT] Invio heartbeat: {"stazioneId":"MI","stato":"ONLINE","timestamp":"2026-08-14T12:49:49.288978770Z","tipoEvento":"HEARTBEAT","bufferSize":0}
2026-08-14 14:49:59,289 INFO  [it.uni.reti2.HeartbeatGenerator] (executor-thread-1) 💓 [HEARTBEAT] Invio heartbeat: {"stazioneId":"MI","stato":"ONLINE","timestamp":"2026-08-14T12:49:59.289004587Z","tipoEvento":"HEARTBEAT","bufferSize":0}
2026-08-14 14:50:09,288 INFO  [it.uni.reti2.HeartbeatGenerator] (executor-thread-1) 💓 [HEARTBEAT] Invio heartbeat: {"stazioneId":"MI","stato":"ONLINE","timestamp":"2026-08-14T12:50:09.288936274Z","tipoEvento":"HEARTBEAT","bufferSize":0}
2026-08-14 14:50:19,288 INFO  [it.uni.reti2.HeartbeatGenerator] (executor-thread-1) 💓 [HEARTBEAT] Invio heartbeat: {"stazioneId":"MI","stato":"ONLINE","timestamp":"2026-08-14T12:50:19.288679325Z","tipoEvento":"HEARTBEAT","bufferSize":0}
2026-08-14 14:50:29,289 INFO  [it.uni.reti2.HeartbeatGenerator] (executor-thread-1) 💓 [HEARTBEAT] Invio heartbeat: {"stazioneId":"MI","stato":"ONLINE","timestamp":"2026-08-14T12:50:29.288937108Z","tipoEvento":"HEARTBEAT","bufferSize":0}
2026-08-14 14:50:39,288 INFO  [it.uni.reti2.HeartbeatGenerator] (executor-thread-1) 💓 [HEARTBEAT] Invio heartbeat: {"stazioneId":"MI","stato":"ONLINE","timestamp":"2026-08-14T12:50:39.288579808Z","tipoEvento":"HEARTBEAT","bufferSize":0}
2026-08-14 14:50:44,147 INFO  [it.uni.reti2.StationGateway] (vert.x-eventloop-thread-3) 🚂 [PASSAGGIO] Treno Mario in ENTRATA dalla stazione MI
2026-08-14 14:50:49,288 INFO  [it.uni.reti2.HeartbeatGenerator] (executor-thread-1) 💓 [HEARTBEAT] Invio heartbeat: {"stazioneId":"MI","stato":"ONLINE","timestamp":"2026-08-14T12:50:49.288537035Z","tipoEvento":"HEARTBEAT","bufferSize":0}
2026-08-14 14:50:59,288 INFO  [it.uni.reti2.HeartbeatGenerator] (executor-thread-1) 💓 [HEARTBEAT] Invio heartbeat: {"stazioneId":"MI","stato":"ONLINE","timestamp":"2026-08-14T12:50:59.288495147Z","tipoEvento":"HEARTBEAT","bufferSize":0}
2026-08-14 14:51:05,148 INFO  [it.uni.reti2.StationGateway] (vert.x-eventloop-thread-3) 🚂 [PASSAGGIO] Treno Mario in USCITA dalla stazione MI
2026-08-14 14:51:09,288 INFO  [it.uni.reti2.HeartbeatGenerator] (executor-thread-1) 💓 [HEARTBEAT] Invio heartbeat: {"stazioneId":"MI","stato":"ONLINE","timestamp":"2026-08-14T12:51:09.288528620Z","tipoEvento":"HEARTBEAT","bufferSize":0}
2026-08-14 14:51:19,288 INFO  [it.uni.reti2.HeartbeatGenerator] (executor-thread-1) 💓 [HEARTBEAT] Invio heartbeat: {"stazioneId":"MI","stato":"ONLINE","timestamp":"2026-08-14T12:51:19.288516710Z","tipoEvento":"HEARTBEAT","bufferSize":0}
2026-08-14 14:51:29,288 INFO  [it.uni.reti2.HeartbeatGenerator] (executor-thread-1) 💓 [HEARTBEAT] Invio heartbeat: {"stazioneId":"MI","stato":"ONLINE","timestamp":"2026-08-14T12:51:29.288507962Z","tipoEvento":"HEARTBEAT","bufferSize":0}
2026-08-14 14:51:39,288 INFO  [it.uni.reti2.HeartbeatGenerator] (executor-thread-1) 💓 [HEARTBEAT] Invio heartbeat: {"stazioneId":"MI","stato":"ONLINE","timestamp":"2026-08-14T12:51:39.288510559Z","tipoEvento":"HEARTBEAT","bufferSize":0}
2026-08-14 14:51:49,288 INFO  [it.uni.reti2.HeartbeatGenerator] (executor-thread-1) 💓 [HEARTBEAT] Invio heartbeat: {"stazioneId":"MI","stato":"ONLINE","timestamp":"2026-08-14T12:51:49.288517420Z","tipoEvento":"HEARTBEAT","bufferSize":0}
2026-08-14 14:51:59,288 INFO  [it.uni.reti2.HeartbeatGenerator] (executor-thread-1) 💓 [HEARTBEAT] Invio heartbeat: {"stazioneId":"MI","stato":"ONLINE","timestamp":"2026-08-14T12:51:59.288498602Z","tipoEvento":"HEARTBEAT","bufferSize":0}
2026-08-14 14:52:09,288 INFO  [it.uni.reti2.HeartbeatGenerator] (executor-thread-1) 💓 [HEARTBEAT] Invio heartbeat: {"stazioneId":"MI","stato":"ONLINE","timestamp":"2026-08-14T12:52:09.288516107Z","tipoEvento":"HEARTBEAT","bufferSize":0}
2026-08-14 14:52:19,288 INFO  [it.uni.reti2.HeartbeatGenerator] (executor-thread-1) 💓 [HEARTBEAT] Invio heartbeat: {"stazioneId":"MI","stato":"ONLINE","timestamp":"2026-08-14T12:52:19.288582797Z","tipoEvento":"HEARTBEAT","bufferSize":0}
2026-08-14 14:52:23,148 INFO  [it.uni.reti2.StationGateway] (vert.x-eventloop-thread-3) 🚂 [PASSAGGIO] Treno tenoAmmazzaRicchi in ENTRATA dalla stazione MI
2026-08-14 14:52:29,288 INFO  [it.uni.reti2.HeartbeatGenerator] (executor-thread-1) 💓 [HEARTBEAT] Invio heartbeat: {"stazioneId":"MI","stato":"ONLINE","timestamp":"2026-08-14T12:52:29.288512344Z","tipoEvento":"HEARTBEAT","bufferSize":0}
2026-08-14 14:52:39,288 INFO  [it.uni.reti2.HeartbeatGenerator] (executor-thread-1) 💓 [HEARTBEAT] Invio heartbeat: {"stazioneId":"MI","stato":"ONLINE","timestamp":"2026-08-14T12:52:39.288519485Z","tipoEvento":"HEARTBEAT","bufferSize":0}
2026-08-14 14:52:43,148 INFO  [it.uni.reti2.StationGateway] (vert.x-eventloop-thread-3) 🚂 [PASSAGGIO] Treno tenoAmmazzaRicchi in USCITA dalla stazione MI
2026-08-14 14:52:49,288 INFO  [it.uni.reti2.HeartbeatGenerator] (executor-thread-1) 💓 [HEARTBEAT] Invio heartbeat: {"stazioneId":"MI","stato":"ONLINE","timestamp":"2026-08-14T12:52:49.288494446Z","tipoEvento":"HEARTBEAT","bufferSize":0}
2026-08-14 14:52:59,288 INFO  [it.uni.reti2.HeartbeatGenerator] (executor-thread-1) 💓 [HEARTBEAT] Invio heartbeat: {"stazioneId":"MI","stato":"ONLINE","timestamp":"2026-08-14T12:52:59.288498613Z","tipoEvento":"HEARTBEAT","bufferSize":0}
2026-08-14 14:53:09,288 INFO  [it.uni.reti2.HeartbeatGenerator] (executor-thread-1) 💓 [HEARTBEAT] Invio heartbeat: {"stazioneId":"MI","stato":"ONLINE","timestamp":"2026-08-14T12:53:09.288737403Z","tipoEvento":"HEARTBEAT","bufferSize":0}
2026-08-14 14:53:19,288 INFO  [it.uni.reti2.HeartbeatGenerator] (executor-thread-1) 💓 [HEARTBEAT] Invio heartbeat: {"stazioneId":"MI","stato":"ONLINE","timestamp":"2026-08-14T12:53:19.288944292Z","tipoEvento":"HEARTBEAT","bufferSize":0}
2026-08-14 14:53:29,288 INFO  [it.uni.reti2.HeartbeatGenerator] (executor-thread-1) 💓 [HEARTBEAT] Invio heartbeat: {"stazioneId":"MI","stato":"ONLINE","timestamp":"2026-08-14T12:53:29.288521999Z","tipoEvento":"HEARTBEAT","bufferSize":0}
2026-08-14 14:53:39,288 INFO  [it.uni.reti2.HeartbeatGenerator] (executor-thread-1) 💓 [HEARTBEAT] Invio heartbeat: {"stazioneId":"MI","stato":"ONLINE","timestamp":"2026-08-14T12:53:39.288939761Z","tipoEvento":"HEARTBEAT","bufferSize":0}
2026-08-14 14:53:49,288 INFO  [it.uni.reti2.HeartbeatGenerator] (executor-thread-1) 💓 [HEARTBEAT] Invio heartbeat: {"stazioneId":"MI","stato":"ONLINE","timestamp":"2026-08-14T12:53:49.288524957Z","tipoEvento":"HEARTBEAT","bufferSize":0}
2026-08-14 14:53:59,289 INFO  [it.uni.reti2.HeartbeatGenerator] (executor-thread-1) 💓 [HEARTBEAT] Invio heartbeat: {"stazioneId":"MI","stato":"ONLINE","timestamp":"2026-08-14T12:53:59.288959185Z","tipoEvento":"HEARTBEAT","bufferSize":0}
2026-08-14 14:54:09,288 INFO  [it.uni.reti2.HeartbeatGenerator] (executor-thread-1) 💓 [HEARTBEAT] Invio heartbeat: {"stazioneId":"MI","stato":"ONLINE","timestamp":"2026-08-14T12:54:09.288541053Z","tipoEvento":"HEARTBEAT","bufferSize":0}
2026-08-14 14:54:19,288 INFO  [it.uni.reti2.HeartbeatGenerator] (executor-thread-1) 💓 [HEARTBEAT] Invio heartbeat: {"stazioneId":"MI","stato":"ONLINE","timestamp":"2026-08-14T12:54:19.288527487Z","tipoEvento":"HEARTBEAT","bufferSize":0}
2026-08-14 14:54:29,289 INFO  [it.uni.reti2.HeartbeatGenerator] (executor-thread-1) 💓 [HEARTBEAT] Invio heartbeat: {"stazioneId":"MI","stato":"ONLINE","timestamp":"2026-08-14T12:54:29.289040814Z","tipoEvento":"HEARTBEAT","bufferSize":0}
2026-08-14 14:54:39,288 INFO  [it.uni.reti2.HeartbeatGenerator] (executor-thread-1) 💓 [HEARTBEAT] Invio heartbeat: {"stazioneId":"MI","stato":"ONLINE","timestamp":"2026-08-14T12:54:39.288506242Z","tipoEvento":"HEARTBEAT","bufferSize":0}
2026-08-14 14:54:49,288 INFO  [it.uni.reti2.HeartbeatGenerator] (executor-thread-1) 💓 [HEARTBEAT] Invio heartbeat: {"stazioneId":"MI","stato":"ONLINE","timestamp":"2026-08-14T12:54:49.288515113Z","tipoEvento":"HEARTBEAT","bufferSize":0}
2026-08-14 14:54:59,288 INFO  [it.uni.reti2.HeartbeatGenerator] (executor-thread-1) 💓 [HEARTBEAT] Invio heartbeat: {"stazioneId":"MI","stato":"ONLINE","timestamp":"2026-08-14T12:54:59.288465115Z","tipoEvento":"HEARTBEAT","bufferSize":0}
2026-08-14 14:55:09,288 INFO  [it.uni.reti2.HeartbeatGenerator] (executor-thread-1) 💓 [HEARTBEAT] Invio heartbeat: {"stazioneId":"MI","stato":"ONLINE","timestamp":"2026-08-14T12:55:09.288834762Z","tipoEvento":"HEARTBEAT","bufferSize":0}
2026-08-14 14:55:19,288 INFO  [it.uni.reti2.HeartbeatGenerator] (executor-thread-1) 💓 [HEARTBEAT] Invio heartbeat: {"stazioneId":"MI","stato":"ONLINE","timestamp":"2026-08-14T12:55:19.288498428Z","tipoEvento":"HEARTBEAT","bufferSize":0}
2026-08-14 14:55:29,288 INFO  [it.uni.reti2.HeartbeatGenerator] (executor-thread-1) 💓 [HEARTBEAT] Invio heartbeat: {"stazioneId":"MI","stato":"ONLINE","timestamp":"2026-08-14T12:55:29.288882462Z","tipoEvento":"HEARTBEAT","bufferSize":0}
2026-08-14 14:55:39,288 INFO  [it.uni.reti2.HeartbeatGenerator] (executor-thread-1) 💓 [HEARTBEAT] Invio heartbeat: {"stazioneId":"MI","stato":"ONLINE","timestamp":"2026-08-14T12:55:39.288496944Z","tipoEvento":"HEARTBEAT","bufferSize":0}
2026-08-14 14:55:49,289 INFO  [it.uni.reti2.HeartbeatGenerator] (executor-thread-1) 💓 [HEARTBEAT] Invio heartbeat: {"stazioneId":"MI","stato":"ONLINE","timestamp":"2026-08-14T12:55:49.288975420Z","tipoEvento":"HEARTBEAT","bufferSize":0}
2026-08-14 14:55:59,288 INFO  [it.uni.reti2.HeartbeatGenerator] (executor-thread-1) 💓 [HEARTBEAT] Invio heartbeat: {"stazioneId":"MI","stato":"ONLINE","timestamp":"2026-08-14T12:55:59.288649456Z","tipoEvento":"HEARTBEAT","bufferSize":0}
2026-08-14 14:56:09,288 INFO  [it.uni.reti2.HeartbeatGenerator] (executor-thread-1) 💓 [HEARTBEAT] Invio heartbeat: {"stazioneId":"MI","stato":"ONLINE","timestamp":"2026-08-14T12:56:09.288488562Z","tipoEvento":"HEARTBEAT","bufferSize":0}
2026-08-14 14:56:19,288 INFO  [it.uni.reti2.HeartbeatGenerator] (executor-thread-1) 💓 [HEARTBEAT] Invio heartbeat: {"stazioneId":"MI","stato":"ONLINE","timestamp":"2026-08-14T12:56:19.288437494Z","tipoEvento":"HEARTBEAT","bufferSize":0}
2026-08-14 14:56:25,148 INFO  [it.uni.reti2.StationGateway] (vert.x-eventloop-thread-3) 🚂 [PASSAGGIO] Treno tenoAmmazzaRicchi in ENTRATA dalla stazione MI
2026-08-14 14:56:29,288 INFO  [it.uni.reti2.HeartbeatGenerator] (executor-thread-1) 💓 [HEARTBEAT] Invio heartbeat: {"stazioneId":"MI","stato":"ONLINE","timestamp":"2026-08-14T12:56:29.288516109Z","tipoEvento":"HEARTBEAT","bufferSize":0}
2026-08-14 14:56:39,289 INFO  [it.uni.reti2.HeartbeatGenerator] (executor-thread-1) 💓 [HEARTBEAT] Invio heartbeat: {"stazioneId":"MI","stato":"ONLINE","timestamp":"2026-08-14T12:56:39.289059118Z","tipoEvento":"HEARTBEAT","bufferSize":0}
2026-08-14 14:56:46,147 INFO  [it.uni.reti2.StationGateway] (vert.x-eventloop-thread-3) 🚂 [PASSAGGIO] Treno tenoAmmazzaRicchi in USCITA dalla stazione MI
2026-08-14 14:56:49,288 INFO  [it.uni.reti2.HeartbeatGenerator] (executor-thread-1) 💓 [HEARTBEAT] Invio heartbeat: {"stazioneId":"MI","stato":"ONLINE","timestamp":"2026-08-14T12:56:49.288416976Z","tipoEvento":"HEARTBEAT","bufferSize":0}
2026-08-14 14:56:59,289 INFO  [it.uni.reti2.HeartbeatGenerator] (executor-thread-1) 💓 [HEARTBEAT] Invio heartbeat: {"stazioneId":"MI","stato":"ONLINE","timestamp":"2026-08-14T12:56:59.289005811Z","tipoEvento":"HEARTBEAT","bufferSize":0}
2026-08-14 14:57:09,288 INFO  [it.uni.reti2.HeartbeatGenerator] (executor-thread-1) 💓 [HEARTBEAT] Invio heartbeat: {"stazioneId":"MI","stato":"ONLINE","timestamp":"2026-08-14T12:57:09.288507200Z","tipoEvento":"HEARTBEAT","bufferSize":0}
2026-08-14 14:57:19,288 INFO  [it.uni.reti2.HeartbeatGenerator] (executor-thread-1) 💓 [HEARTBEAT] Invio heartbeat: {"stazioneId":"MI","stato":"ONLINE","timestamp":"2026-08-14T12:57:19.288492745Z","tipoEvento":"HEARTBEAT","bufferSize":0}
2026-08-14 14:57:29,288 INFO  [it.uni.reti2.HeartbeatGenerator] (executor-thread-1) 💓 [HEARTBEAT] Invio heartbeat: {"stazioneId":"MI","stato":"ONLINE","timestamp":"2026-08-14T12:57:29.288510570Z","tipoEvento":"HEARTBEAT","bufferSize":0}
2026-08-14 14:57:39,288 INFO  [it.uni.reti2.HeartbeatGenerator] (executor-thread-1) 💓 [HEARTBEAT] Invio heartbeat: {"stazioneId":"MI","stato":"ONLINE","timestamp":"2026-08-14T12:57:39.288488423Z","tipoEvento":"HEARTBEAT","bufferSize":0}
2026-08-14 14:57:49,288 INFO  [it.uni.reti2.HeartbeatGenerator] (executor-thread-1) 💓 [HEARTBEAT] Invio heartbeat: {"stazioneId":"MI","stato":"ONLINE","timestamp":"2026-08-14T12:57:49.288479005Z","tipoEvento":"HEARTBEAT","bufferSize":0}
2026-08-14 14:57:59,288 INFO  [it.uni.reti2.HeartbeatGenerator] (executor-thread-1) 💓 [HEARTBEAT] Invio heartbeat: {"stazioneId":"MI","stato":"ONLINE","timestamp":"2026-08-14T12:57:59.288516376Z","tipoEvento":"HEARTBEAT","bufferSize":0}
2026-08-14 14:58:09,288 INFO  [it.uni.reti2.HeartbeatGenerator] (executor-thread-1) 💓 [HEARTBEAT] Invio heartbeat: {"stazioneId":"MI","stato":"ONLINE","timestamp":"2026-08-14T12:58:09.288950786Z","tipoEvento":"HEARTBEAT","bufferSize":0}
2026-08-14 14:58:19,288 INFO  [it.uni.reti2.HeartbeatGenerator] (executor-thread-1) 💓 [HEARTBEAT] Invio heartbeat: {"stazioneId":"MI","stato":"ONLINE","timestamp":"2026-08-14T12:58:19.288512721Z","tipoEvento":"HEARTBEAT","bufferSize":0}
2026-08-14 14:58:29,288 INFO  [it.uni.reti2.HeartbeatGenerator] (executor-thread-1) 💓 [HEARTBEAT] Invio heartbeat: {"stazioneId":"MI","stato":"ONLINE","timestamp":"2026-08-14T12:58:29.288502033Z","tipoEvento":"HEARTBEAT","bufferSize":0}
2026-08-14 14:58:39,288 INFO  [it.uni.reti2.HeartbeatGenerator] (executor-thread-1) 💓 [HEARTBEAT] Invio heartbeat: {"stazioneId":"MI","stato":"ONLINE","timestamp":"2026-08-14T12:58:39.288563666Z","tipoEvento":"HEARTBEAT","bufferSize":0}
2026-08-14 14:58:49,288 INFO  [it.uni.reti2.HeartbeatGenerator] (executor-thread-1) 💓 [HEARTBEAT] Invio heartbeat: {"stazioneId":"MI","stato":"ONLINE","timestamp":"2026-08-14T12:58:49.288589125Z","tipoEvento":"HEARTBEAT","bufferSize":0}
2026-08-14 14:58:59,289 INFO  [it.uni.reti2.HeartbeatGenerator] (executor-thread-1) 💓 [HEARTBEAT] Invio heartbeat: {"stazioneId":"MI","stato":"ONLINE","timestamp":"2026-08-14T12:58:59.289047070Z","tipoEvento":"HEARTBEAT","bufferSize":0}
2026-08-14 14:59:09,288 INFO  [it.uni.reti2.HeartbeatGenerator] (executor-thread-1) 💓 [HEARTBEAT] Invio heartbeat: {"stazioneId":"MI","stato":"ONLINE","timestamp":"2026-08-14T12:59:09.288516216Z","tipoEvento":"HEARTBEAT","bufferSize":0}
2026-08-14 14:59:19,288 INFO  [it.uni.reti2.HeartbeatGenerator] (executor-thread-1) 💓 [HEARTBEAT] Invio heartbeat: {"stazioneId":"MI","stato":"ONLINE","timestamp":"2026-08-14T12:59:19.288510717Z","tipoEvento":"HEARTBEAT","bufferSize":0}
2026-08-14 14:59:29,289 INFO  [it.uni.reti2.HeartbeatGenerator] (executor-thread-1) 💓 [HEARTBEAT] Invio heartbeat: {"stazioneId":"MI","stato":"ONLINE","timestamp":"2026-08-14T12:59:29.288965256Z","tipoEvento":"HEARTBEAT","bufferSize":0}
2026-08-14 14:59:39,288 INFO  [it.uni.reti2.HeartbeatGenerator] (executor-thread-1) 💓 [HEARTBEAT] Invio heartbeat: {"stazioneId":"MI","stato":"ONLINE","timestamp":"2026-08-14T12:59:39.288514815Z","tipoEvento":"HEARTBEAT","bufferSize":0}
2026-08-14 14:59:49,288 INFO  [it.uni.reti2.HeartbeatGenerator] (executor-thread-1) 💓 [HEARTBEAT] Invio heartbeat: {"stazioneId":"MI","stato":"ONLINE","timestamp":"2026-08-14T12:59:49.288939235Z","tipoEvento":"HEARTBEAT","bufferSize":0}
2026-08-14 14:59:59,288 INFO  [it.uni.reti2.HeartbeatGenerator] (executor-thread-1) 💓 [HEARTBEAT] Invio heartbeat: {"stazioneId":"MI","stato":"ONLINE","timestamp":"2026-08-14T12:59:59.288789843Z","tipoEvento":"HEARTBEAT","bufferSize":0}
2026-08-14 15:00:09,288 INFO  [it.uni.reti2.HeartbeatGenerator] (executor-thread-1) 💓 [HEARTBEAT] Invio heartbeat: {"stazioneId":"MI","stato":"ONLINE","timestamp":"2026-08-14T13:00:09.288424857Z","tipoEvento":"HEARTBEAT","bufferSize":0}
2026-08-14 15:00:19,288 INFO  [it.uni.reti2.HeartbeatGenerator] (executor-thread-1) 💓 [HEARTBEAT] Invio heartbeat: {"stazioneId":"MI","stato":"ONLINE","timestamp":"2026-08-14T13:00:19.288496442Z","tipoEvento":"HEARTBEAT","bufferSize":0}
2026-08-14 15:00:29,288 INFO  [it.uni.reti2.HeartbeatGenerator] (executor-thread-1) 💓 [HEARTBEAT] Invio heartbeat: {"stazioneId":"MI","stato":"ONLINE","timestamp":"2026-08-14T13:00:29.288500728Z","tipoEvento":"HEARTBEAT","bufferSize":0}
2026-08-14 15:00:39,288 INFO  [it.uni.reti2.HeartbeatGenerator] (executor-thread-1) 💓 [HEARTBEAT] Invio heartbeat: {"stazioneId":"MI","stato":"ONLINE","timestamp":"2026-08-14T13:00:39.288501827Z","tipoEvento":"HEARTBEAT","bufferSize":0}
2026-08-14 15:00:49,288 INFO  [it.uni.reti2.HeartbeatGenerator] (executor-thread-1) 💓 [HEARTBEAT] Invio heartbeat: {"stazioneId":"MI","stato":"ONLINE","timestamp":"2026-08-14T13:00:49.288535140Z","tipoEvento":"HEARTBEAT","bufferSize":0}
2026-08-14 15:00:59,288 INFO  [it.uni.reti2.HeartbeatGenerator] (executor-thread-1) 💓 [HEARTBEAT] Invio heartbeat: {"stazioneId":"MI","stato":"ONLINE","timestamp":"2026-08-14T13:00:59.288505949Z","tipoEvento":"HEARTBEAT","bufferSize":0}
2026-08-14 15:01:09,288 INFO  [it.uni.reti2.HeartbeatGenerator] (executor-thread-1) 💓 [HEARTBEAT] Invio heartbeat: {"stazioneId":"MI","stato":"ONLINE","timestamp":"2026-08-14T13:01:09.288433426Z","tipoEvento":"HEARTBEAT","bufferSize":0}
2026-08-14 15:01:19,288 INFO  [it.uni.reti2.HeartbeatGenerator] (executor-thread-1) 💓 [HEARTBEAT] Invio heartbeat: {"stazioneId":"MI","stato":"ONLINE","timestamp":"2026-08-14T13:01:19.288491113Z","tipoEvento":"HEARTBEAT","bufferSize":0}
2026-08-14 15:01:29,288 INFO  [it.uni.reti2.HeartbeatGenerator] (executor-thread-1) 💓 [HEARTBEAT] Invio heartbeat: {"stazioneId":"MI","stato":"ONLINE","timestamp":"2026-08-14T13:01:29.288559525Z","tipoEvento":"HEARTBEAT","bufferSize":0}
2026-08-14 15:01:39,288 INFO  [it.uni.reti2.HeartbeatGenerator] (executor-thread-1) 💓 [HEARTBEAT] Invio heartbeat: {"stazioneId":"MI","stato":"ONLINE","timestamp":"2026-08-14T13:01:39.288515373Z","tipoEvento":"HEARTBEAT","bufferSize":0}
2026-08-14 15:01:49,288 INFO  [it.uni.reti2.HeartbeatGenerator] (executor-thread-1) 💓 [HEARTBEAT] Invio heartbeat: {"stazioneId":"MI","stato":"ONLINE","timestamp":"2026-08-14T13:01:49.288387781Z","tipoEvento":"HEARTBEAT","bufferSize":0}
2026-08-14 15:01:59,288 INFO  [it.uni.reti2.HeartbeatGenerator] (executor-thread-1) 💓 [HEARTBEAT] Invio heartbeat: {"stazioneId":"MI","stato":"ONLINE","timestamp":"2026-08-14T13:01:59.288407510Z","tipoEvento":"HEARTBEAT","bufferSize":0}
2026-08-14 15:02:09,288 INFO  [it.uni.reti2.HeartbeatGenerator] (executor-thread-1) 💓 [HEARTBEAT] Invio heartbeat: {"stazioneId":"MI","stato":"ONLINE","timestamp":"2026-08-14T13:02:09.288426243Z","tipoEvento":"HEARTBEAT","bufferSize":0}
2026-08-14 15:02:12,147 INFO  [it.uni.reti2.StationGateway] (vert.x-eventloop-thread-3) 🚂 [PASSAGGIO] Treno Mario in ENTRATA dalla stazione MI
2026-08-14 15:02:19,288 INFO  [it.uni.reti2.HeartbeatGenerator] (executor-thread-1) 💓 [HEARTBEAT] Invio heartbeat: {"stazioneId":"MI","stato":"ONLINE","timestamp":"2026-08-14T13:02:19.288397679Z","tipoEvento":"HEARTBEAT","bufferSize":0}
2026-08-14 15:02:19,568 WARN  [it.uni.reti2.StationGateway] (vert.x-eventloop-thread-1) 🚨 [ALERT RICEVUTO] La Centrale dice: {"tipoEvento":"STOP","target":"TRENO_TEST_12f7","motivo":"Soppresso da operatore","timestamp":"2026-08-14T13:02:19.564253437Z"}
2026-08-14 15:02:19,609 WARN  [it.uni.reti2.StationGateway] (vert.x-eventloop-thread-1) 🚨 [ALERT RICEVUTO] La Centrale dice: {"tipoEvento":"STOP","target":"TRENO_TEST_12f7","motivo":"Treno eliminato da operatore","timestamp":"2026-08-14T13:02:19.602293237Z"}
2026-08-14 15:02:29,288 INFO  [it.uni.reti2.HeartbeatGenerator] (executor-thread-1) 💓 [HEARTBEAT] Invio heartbeat: {"stazioneId":"MI","stato":"ONLINE","timestamp":"2026-08-14T13:02:29.288914574Z","tipoEvento":"HEARTBEAT","bufferSize":0}
2026-08-14 15:02:32,148 INFO  [it.uni.reti2.StationGateway] (vert.x-eventloop-thread-3) 🚂 [PASSAGGIO] Treno Mario in USCITA dalla stazione MI
2026-08-14 15:02:39,288 INFO  [it.uni.reti2.HeartbeatGenerator] (executor-thread-1) 💓 [HEARTBEAT] Invio heartbeat: {"stazioneId":"MI","stato":"ONLINE","timestamp":"2026-08-14T13:02:39.288784329Z","tipoEvento":"HEARTBEAT","bufferSize":0}
2026-08-14 15:02:49,288 INFO  [it.uni.reti2.HeartbeatGenerator] (executor-thread-1) 💓 [HEARTBEAT] Invio heartbeat: {"stazioneId":"MI","stato":"ONLINE","timestamp":"2026-08-14T13:02:49.288531668Z","tipoEvento":"HEARTBEAT","bufferSize":0}
2026-08-14 15:02:59,288 INFO  [it.uni.reti2.HeartbeatGenerator] (executor-thread-1) 💓 [HEARTBEAT] Invio heartbeat: {"stazioneId":"MI","stato":"ONLINE","timestamp":"2026-08-14T13:02:59.288672387Z","tipoEvento":"HEARTBEAT","bufferSize":0}
2026-08-14 15:03:09,288 INFO  [it.uni.reti2.HeartbeatGenerator] (executor-thread-1) 💓 [HEARTBEAT] Invio heartbeat: {"stazioneId":"MI","stato":"ONLINE","timestamp":"2026-08-14T13:03:09.288505986Z","tipoEvento":"HEARTBEAT","bufferSize":0}
2026-08-14 15:03:19,288 INFO  [it.uni.reti2.HeartbeatGenerator] (executor-thread-1) 💓 [HEARTBEAT] Invio heartbeat: {"stazioneId":"MI","stato":"ONLINE","timestamp":"2026-08-14T13:03:19.288483150Z","tipoEvento":"HEARTBEAT","bufferSize":0}
2026-08-14 15:03:29,288 INFO  [it.uni.reti2.HeartbeatGenerator] (executor-thread-1) 💓 [HEARTBEAT] Invio heartbeat: {"stazioneId":"MI","stato":"ONLINE","timestamp":"2026-08-14T13:03:29.288516932Z","tipoEvento":"HEARTBEAT","bufferSize":0}
2026-08-14 15:03:39,288 INFO  [it.uni.reti2.HeartbeatGenerator] (executor-thread-1) 💓 [HEARTBEAT] Invio heartbeat: {"stazioneId":"MI","stato":"ONLINE","timestamp":"2026-08-14T13:03:39.288518579Z","tipoEvento":"HEARTBEAT","bufferSize":0}
2026-08-14 15:03:49,288 INFO  [it.uni.reti2.HeartbeatGenerator] (executor-thread-1) 💓 [HEARTBEAT] Invio heartbeat: {"stazioneId":"MI","stato":"ONLINE","timestamp":"2026-08-14T13:03:49.288822273Z","tipoEvento":"HEARTBEAT","bufferSize":0}
2026-08-14 15:03:59,288 INFO  [it.uni.reti2.HeartbeatGenerator] (executor-thread-1) 💓 [HEARTBEAT] Invio heartbeat: {"stazioneId":"MI","stato":"ONLINE","timestamp":"2026-08-14T13:03:59.288521622Z","tipoEvento":"HEARTBEAT","bufferSize":0}
2026-08-14 15:04:09,288 INFO  [it.uni.reti2.HeartbeatGenerator] (executor-thread-1) 💓 [HEARTBEAT] Invio heartbeat: {"stazioneId":"MI","stato":"ONLINE","timestamp":"2026-08-14T13:04:09.288662329Z","tipoEvento":"HEARTBEAT","bufferSize":0}
2026-08-14 15:04:19,288 INFO  [it.uni.reti2.HeartbeatGenerator] (executor-thread-1) 💓 [HEARTBEAT] Invio heartbeat: {"stazioneId":"MI","stato":"ONLINE","timestamp":"2026-08-14T13:04:19.288512581Z","tipoEvento":"HEARTBEAT","bufferSize":0}
2026-08-14 15:04:29,288 INFO  [it.uni.reti2.HeartbeatGenerator] (executor-thread-1) 💓 [HEARTBEAT] Invio heartbeat: {"stazioneId":"MI","stato":"ONLINE","timestamp":"2026-08-14T13:04:29.288427771Z","tipoEvento":"HEARTBEAT","bufferSize":0}
2026-08-14 15:04:39,289 INFO  [it.uni.reti2.HeartbeatGenerator] (executor-thread-1) 💓 [HEARTBEAT] Invio heartbeat: {"stazioneId":"MI","stato":"ONLINE","timestamp":"2026-08-14T13:04:39.288807920Z","tipoEvento":"HEARTBEAT","bufferSize":0}
2026-08-14 15:04:49,288 INFO  [it.uni.reti2.HeartbeatGenerator] (executor-thread-1) 💓 [HEARTBEAT] Invio heartbeat: {"stazioneId":"MI","stato":"ONLINE","timestamp":"2026-08-14T13:04:49.288510404Z","tipoEvento":"HEARTBEAT","bufferSize":0}
2026-08-14 15:04:59,289 INFO  [it.uni.reti2.HeartbeatGenerator] (executor-thread-1) 💓 [HEARTBEAT] Invio heartbeat: {"stazioneId":"MI","stato":"ONLINE","timestamp":"2026-08-14T13:04:59.289040508Z","tipoEvento":"HEARTBEAT","bufferSize":0}
2026-08-14 15:05:09,288 INFO  [it.uni.reti2.HeartbeatGenerator] (executor-thread-1) 💓 [HEARTBEAT] Invio heartbeat: {"stazioneId":"MI","stato":"ONLINE","timestamp":"2026-08-14T13:05:09.288800655Z","tipoEvento":"HEARTBEAT","bufferSize":0}
2026-08-14 15:05:19,289 INFO  [it.uni.reti2.HeartbeatGenerator] (executor-thread-1) 💓 [HEARTBEAT] Invio heartbeat: {"stazioneId":"MI","stato":"ONLINE","timestamp":"2026-08-14T13:05:19.288978194Z","tipoEvento":"HEARTBEAT","bufferSize":0}
2026-08-14 15:05:29,288 INFO  [it.uni.reti2.HeartbeatGenerator] (executor-thread-1) 💓 [HEARTBEAT] Invio heartbeat: {"stazioneId":"MI","stato":"ONLINE","timestamp":"2026-08-14T13:05:29.288570497Z","tipoEvento":"HEARTBEAT","bufferSize":0}
2026-08-14 15:05:39,289 INFO  [it.uni.reti2.HeartbeatGenerator] (executor-thread-1) 💓 [HEARTBEAT] Invio heartbeat: {"stazioneId":"MI","stato":"ONLINE","timestamp":"2026-08-14T13:05:39.288919540Z","tipoEvento":"HEARTBEAT","bufferSize":0}
2026-08-14 15:05:49,288 INFO  [it.uni.reti2.HeartbeatGenerator] (executor-thread-1) 💓 [HEARTBEAT] Invio heartbeat: {"stazioneId":"MI","stato":"ONLINE","timestamp":"2026-08-14T13:05:49.288785710Z","tipoEvento":"HEARTBEAT","bufferSize":0}
2026-08-14 15:05:59,288 INFO  [it.uni.reti2.HeartbeatGenerator] (executor-thread-1) 💓 [HEARTBEAT] Invio heartbeat: {"stazioneId":"MI","stato":"ONLINE","timestamp":"2026-08-14T13:05:59.288538257Z","tipoEvento":"HEARTBEAT","bufferSize":0}
2026-08-14 15:06:09,288 INFO  [it.uni.reti2.HeartbeatGenerator] (executor-thread-1) 💓 [HEARTBEAT] Invio heartbeat: {"stazioneId":"MI","stato":"ONLINE","timestamp":"2026-08-14T13:06:09.288511768Z","tipoEvento":"HEARTBEAT","bufferSize":0}
2026-08-14 15:06:14,148 INFO  [it.uni.reti2.StationGateway] (vert.x-eventloop-thread-3) 🚂 [PASSAGGIO] Treno Mario in ENTRATA dalla stazione MI
2026-08-14 15:06:19,288 INFO  [it.uni.reti2.HeartbeatGenerator] (executor-thread-1) 💓 [HEARTBEAT] Invio heartbeat: {"stazioneId":"MI","stato":"ONLINE","timestamp":"2026-08-14T13:06:19.288566539Z","tipoEvento":"HEARTBEAT","bufferSize":0}
2026-08-14 15:06:29,288 INFO  [it.uni.reti2.HeartbeatGenerator] (executor-thread-1) 💓 [HEARTBEAT] Invio heartbeat: {"stazioneId":"MI","stato":"ONLINE","timestamp":"2026-08-14T13:06:29.288582620Z","tipoEvento":"HEARTBEAT","bufferSize":0}
2026-08-14 15:06:35,147 INFO  [it.uni.reti2.StationGateway] (vert.x-eventloop-thread-3) 🚂 [PASSAGGIO] Treno Mario in USCITA dalla stazione MI
2026-08-14 15:06:39,288 INFO  [it.uni.reti2.HeartbeatGenerator] (executor-thread-1) 💓 [HEARTBEAT] Invio heartbeat: {"stazioneId":"MI","stato":"ONLINE","timestamp":"2026-08-14T13:06:39.288567881Z","tipoEvento":"HEARTBEAT","bufferSize":0}
2026-08-14 15:06:49,289 INFO  [it.uni.reti2.HeartbeatGenerator] (executor-thread-1) 💓 [HEARTBEAT] Invio heartbeat: {"stazioneId":"MI","stato":"ONLINE","timestamp":"2026-08-14T13:06:49.289209446Z","tipoEvento":"HEARTBEAT","bufferSize":0}
2026-08-14 15:06:59,288 INFO  [it.uni.reti2.HeartbeatGenerator] (executor-thread-1) 💓 [HEARTBEAT] Invio heartbeat: {"stazioneId":"MI","stato":"ONLINE","timestamp":"2026-08-14T13:06:59.288593432Z","tipoEvento":"HEARTBEAT","bufferSize":0}
2026-08-14 15:07:09,288 INFO  [it.uni.reti2.HeartbeatGenerator] (executor-thread-1) 💓 [HEARTBEAT] Invio heartbeat: {"stazioneId":"MI","stato":"ONLINE","timestamp":"2026-08-14T13:07:09.288426495Z","tipoEvento":"HEARTBEAT","bufferSize":0}
2026-08-14 15:07:19,288 INFO  [it.uni.reti2.HeartbeatGenerator] (executor-thread-1) 💓 [HEARTBEAT] Invio heartbeat: {"stazioneId":"MI","stato":"ONLINE","timestamp":"2026-08-14T13:07:19.288522266Z","tipoEvento":"HEARTBEAT","bufferSize":0}
2026-08-14 15:07:29,288 INFO  [it.uni.reti2.HeartbeatGenerator] (executor-thread-1) 💓 [HEARTBEAT] Invio heartbeat: {"stazioneId":"MI","stato":"ONLINE","timestamp":"2026-08-14T13:07:29.288586147Z","tipoEvento":"HEARTBEAT","bufferSize":0}
2026-08-14 15:07:39,288 INFO  [it.uni.reti2.HeartbeatGenerator] (executor-thread-1) 💓 [HEARTBEAT] Invio heartbeat: {"stazioneId":"MI","stato":"ONLINE","timestamp":"2026-08-14T13:07:39.288453788Z","tipoEvento":"HEARTBEAT","bufferSize":0}
2026-08-14 15:07:49,288 INFO  [it.uni.reti2.HeartbeatGenerator] (executor-thread-1) 💓 [HEARTBEAT] Invio heartbeat: {"stazioneId":"MI","stato":"ONLINE","timestamp":"2026-08-14T13:07:49.288483504Z","tipoEvento":"HEARTBEAT","bufferSize":0}
2026-08-14 15:07:50,060 WARN  [it.uni.reti2.StationGateway] (vert.x-eventloop-thread-1) 🚨 [ALERT RICEVUTO] La Centrale dice: {"tipoEvento":"STOP","target":"TRENO_TEST_be3b","motivo":"Soppresso da operatore","timestamp":"2026-08-14T13:07:50.056393464Z"}
2026-08-14 15:07:50,153 WARN  [it.uni.reti2.StationGateway] (vert.x-eventloop-thread-1) 🚨 [ALERT RICEVUTO] La Centrale dice: {"tipoEvento":"STOP","target":"TRENO_TEST_be3b","motivo":"Treno eliminato da operatore","timestamp":"2026-08-14T13:07:50.151503119Z"}
2026-08-14 15:07:54,147 INFO  [it.uni.reti2.StationGateway] (vert.x-eventloop-thread-3) 🚂 [PASSAGGIO] Treno tenoAmmazzaRicchi in ENTRATA dalla stazione MI
2026-08-14 15:07:59,288 INFO  [it.uni.reti2.HeartbeatGenerator] (executor-thread-1) 💓 [HEARTBEAT] Invio heartbeat: {"stazioneId":"MI","stato":"ONLINE","timestamp":"2026-08-14T13:07:59.288923828Z","tipoEvento":"HEARTBEAT","bufferSize":0}
2026-08-14 15:08:09,288 INFO  [it.uni.reti2.HeartbeatGenerator] (executor-thread-1) 💓 [HEARTBEAT] Invio heartbeat: {"stazioneId":"MI","stato":"ONLINE","timestamp":"2026-08-14T13:08:09.288455998Z","tipoEvento":"HEARTBEAT","bufferSize":0}
2026-08-14 15:08:14,212 INFO  [it.uni.reti2.StationGateway] (vert.x-eventloop-thread-3) 🚂 [PASSAGGIO] Treno tenoAmmazzaRicchi in USCITA dalla stazione MI
2026-08-14 15:08:19,288 INFO  [it.uni.reti2.HeartbeatGenerator] (executor-thread-1) 💓 [HEARTBEAT] Invio heartbeat: {"stazioneId":"MI","stato":"ONLINE","timestamp":"2026-08-14T13:08:19.288376762Z","tipoEvento":"HEARTBEAT","bufferSize":0}
2026-08-14 15:08:29,288 INFO  [it.uni.reti2.HeartbeatGenerator] (executor-thread-1) 💓 [HEARTBEAT] Invio heartbeat: {"stazioneId":"MI","stato":"ONLINE","timestamp":"2026-08-14T13:08:29.288510070Z","tipoEvento":"HEARTBEAT","bufferSize":0}
2026-08-14 15:08:39,288 INFO  [it.uni.reti2.HeartbeatGenerator] (executor-thread-1) 💓 [HEARTBEAT] Invio heartbeat: {"stazioneId":"MI","stato":"ONLINE","timestamp":"2026-08-14T13:08:39.288504607Z","tipoEvento":"HEARTBEAT","bufferSize":0}
2026-08-14 15:08:49,288 INFO  [it.uni.reti2.HeartbeatGenerator] (executor-thread-1) 💓 [HEARTBEAT] Invio heartbeat: {"stazioneId":"MI","stato":"ONLINE","timestamp":"2026-08-14T13:08:49.288504047Z","tipoEvento":"HEARTBEAT","bufferSize":0}
2026-08-14 15:08:59,288 INFO  [it.uni.reti2.HeartbeatGenerator] (executor-thread-1) 💓 [HEARTBEAT] Invio heartbeat: {"stazioneId":"MI","stato":"ONLINE","timestamp":"2026-08-14T13:08:59.288510416Z","tipoEvento":"HEARTBEAT","bufferSize":0}
2026-08-14 15:09:09,288 INFO  [it.uni.reti2.HeartbeatGenerator] (executor-thread-1) 💓 [HEARTBEAT] Invio heartbeat: {"stazioneId":"MI","stato":"ONLINE","timestamp":"2026-08-14T13:09:09.288634704Z","tipoEvento":"HEARTBEAT","bufferSize":0}
2026-08-14 15:09:19,288 INFO  [it.uni.reti2.HeartbeatGenerator] (executor-thread-1) 💓 [HEARTBEAT] Invio heartbeat: {"stazioneId":"MI","stato":"ONLINE","timestamp":"2026-08-14T13:09:19.288507204Z","tipoEvento":"HEARTBEAT","bufferSize":0}
2026-08-14 15:09:29,288 INFO  [it.uni.reti2.HeartbeatGenerator] (executor-thread-1) 💓 [HEARTBEAT] Invio heartbeat: {"stazioneId":"MI","stato":"ONLINE","timestamp":"2026-08-14T13:09:29.288458603Z","tipoEvento":"HEARTBEAT","bufferSize":0}
2026-08-14 15:09:39,288 INFO  [it.uni.reti2.HeartbeatGenerator] (executor-thread-1) 💓 [HEARTBEAT] Invio heartbeat: {"stazioneId":"MI","stato":"ONLINE","timestamp":"2026-08-14T13:09:39.288490640Z","tipoEvento":"HEARTBEAT","bufferSize":0}
2026-08-14 15:09:49,288 INFO  [it.uni.reti2.HeartbeatGenerator] (executor-thread-1) 💓 [HEARTBEAT] Invio heartbeat: {"stazioneId":"MI","stato":"ONLINE","timestamp":"2026-08-14T13:09:49.288506275Z","tipoEvento":"HEARTBEAT","bufferSize":0}
2026-08-14 15:09:59,288 INFO  [it.uni.reti2.HeartbeatGenerator] (executor-thread-1) 💓 [HEARTBEAT] Invio heartbeat: {"stazioneId":"MI","stato":"ONLINE","timestamp":"2026-08-14T13:09:59.288601695Z","tipoEvento":"HEARTBEAT","bufferSize":0}
2026-08-14 15:10:09,288 INFO  [it.uni.reti2.HeartbeatGenerator] (executor-thread-1) 💓 [HEARTBEAT] Invio heartbeat: {"stazioneId":"MI","stato":"ONLINE","timestamp":"2026-08-14T13:10:09.288651311Z","tipoEvento":"HEARTBEAT","bufferSize":0}
2026-08-14 15:10:19,288 INFO  [it.uni.reti2.HeartbeatGenerator] (executor-thread-1) 💓 [HEARTBEAT] Invio heartbeat: {"stazioneId":"MI","stato":"ONLINE","timestamp":"2026-08-14T13:10:19.288530931Z","tipoEvento":"HEARTBEAT","bufferSize":0}
2026-08-14 15:10:29,289 INFO  [it.uni.reti2.HeartbeatGenerator] (executor-thread-1) 💓 [HEARTBEAT] Invio heartbeat: {"stazioneId":"MI","stato":"ONLINE","timestamp":"2026-08-14T13:10:29.289096848Z","tipoEvento":"HEARTBEAT","bufferSize":0}
2026-08-14 15:10:39,288 INFO  [it.uni.reti2.HeartbeatGenerator] (executor-thread-1) 💓 [HEARTBEAT] Invio heartbeat: {"stazioneId":"MI","stato":"ONLINE","timestamp":"2026-08-14T13:10:39.288528311Z","tipoEvento":"HEARTBEAT","bufferSize":0}
2026-08-14 15:10:49,288 INFO  [it.uni.reti2.HeartbeatGenerator] (executor-thread-1) 💓 [HEARTBEAT] Invio heartbeat: {"stazioneId":"MI","stato":"ONLINE","timestamp":"2026-08-14T13:10:49.288568556Z","tipoEvento":"HEARTBEAT","bufferSize":0}
2026-08-14 15:10:59,289 INFO  [it.uni.reti2.HeartbeatGenerator] (executor-thread-1) 💓 [HEARTBEAT] Invio heartbeat: {"stazioneId":"MI","stato":"ONLINE","timestamp":"2026-08-14T13:10:59.289257499Z","tipoEvento":"HEARTBEAT","bufferSize":0}
2026-08-14 15:11:09,288 INFO  [it.uni.reti2.HeartbeatGenerator] (executor-thread-1) 💓 [HEARTBEAT] Invio heartbeat: {"stazioneId":"MI","stato":"ONLINE","timestamp":"2026-08-14T13:11:09.288520192Z","tipoEvento":"HEARTBEAT","bufferSize":0}
2026-08-14 15:11:19,288 INFO  [it.uni.reti2.HeartbeatGenerator] (executor-thread-1) 💓 [HEARTBEAT] Invio heartbeat: {"stazioneId":"MI","stato":"ONLINE","timestamp":"2026-08-14T13:11:19.288604051Z","tipoEvento":"HEARTBEAT","bufferSize":0}
2026-08-14 15:11:29,288 INFO  [it.uni.reti2.HeartbeatGenerator] (executor-thread-1) 💓 [HEARTBEAT] Invio heartbeat: {"stazioneId":"MI","stato":"ONLINE","timestamp":"2026-08-14T13:11:29.288472607Z","tipoEvento":"HEARTBEAT","bufferSize":0}
2026-08-14 15:11:39,288 INFO  [it.uni.reti2.HeartbeatGenerator] (executor-thread-1) 💓 [HEARTBEAT] Invio heartbeat: {"stazioneId":"MI","stato":"ONLINE","timestamp":"2026-08-14T13:11:39.288690197Z","tipoEvento":"HEARTBEAT","bufferSize":0}
2026-08-14 15:11:49,288 INFO  [it.uni.reti2.HeartbeatGenerator] (executor-thread-1) 💓 [HEARTBEAT] Invio heartbeat: {"stazioneId":"MI","stato":"ONLINE","timestamp":"2026-08-14T13:11:49.288467719Z","tipoEvento":"HEARTBEAT","bufferSize":0}
2026-08-14 15:11:57,148 INFO  [it.uni.reti2.StationGateway] (vert.x-eventloop-thread-3) 🚂 [PASSAGGIO] Treno tenoAmmazzaRicchi in ENTRATA dalla stazione MI
2026-08-14 15:11:59,288 INFO  [it.uni.reti2.HeartbeatGenerator] (executor-thread-1) 💓 [HEARTBEAT] Invio heartbeat: {"stazioneId":"MI","stato":"ONLINE","timestamp":"2026-08-14T13:11:59.288554520Z","tipoEvento":"HEARTBEAT","bufferSize":0}
2026-08-14 15:12:09,288 INFO  [it.uni.reti2.HeartbeatGenerator] (executor-thread-1) 💓 [HEARTBEAT] Invio heartbeat: {"stazioneId":"MI","stato":"ONLINE","timestamp":"2026-08-14T13:12:09.288538771Z","tipoEvento":"HEARTBEAT","bufferSize":0}
2026-08-14 15:12:18,147 INFO  [it.uni.reti2.StationGateway] (vert.x-eventloop-thread-3) 🚂 [PASSAGGIO] Treno tenoAmmazzaRicchi in USCITA dalla stazione MI
2026-08-14 15:12:19,288 INFO  [it.uni.reti2.HeartbeatGenerator] (executor-thread-1) 💓 [HEARTBEAT] Invio heartbeat: {"stazioneId":"MI","stato":"ONLINE","timestamp":"2026-08-14T13:12:19.288614565Z","tipoEvento":"HEARTBEAT","bufferSize":0}
2026-08-14 15:12:29,288 INFO  [it.uni.reti2.HeartbeatGenerator] (executor-thread-1) 💓 [HEARTBEAT] Invio heartbeat: {"stazioneId":"MI","stato":"ONLINE","timestamp":"2026-08-14T13:12:29.288512687Z","tipoEvento":"HEARTBEAT","bufferSize":0}
2026-08-14 15:12:39,288 INFO  [it.uni.reti2.HeartbeatGenerator] (executor-thread-1) 💓 [HEARTBEAT] Invio heartbeat: {"stazioneId":"MI","stato":"ONLINE","timestamp":"2026-08-14T13:12:39.288486262Z","tipoEvento":"HEARTBEAT","bufferSize":0}
2026-08-14 15:12:49,288 INFO  [it.uni.reti2.HeartbeatGenerator] (executor-thread-1) 💓 [HEARTBEAT] Invio heartbeat: {"stazioneId":"MI","stato":"ONLINE","timestamp":"2026-08-14T13:12:49.288514544Z","tipoEvento":"HEARTBEAT","bufferSize":0}
2026-08-14 15:12:59,288 INFO  [it.uni.reti2.HeartbeatGenerator] (executor-thread-1) 💓 [HEARTBEAT] Invio heartbeat: {"stazioneId":"MI","stato":"ONLINE","timestamp":"2026-08-14T13:12:59.288521422Z","tipoEvento":"HEARTBEAT","bufferSize":0}
2026-08-14 15:13:09,288 INFO  [it.uni.reti2.HeartbeatGenerator] (executor-thread-1) 💓 [HEARTBEAT] Invio heartbeat: {"stazioneId":"MI","stato":"ONLINE","timestamp":"2026-08-14T13:13:09.288475795Z","tipoEvento":"HEARTBEAT","bufferSize":0}
2026-08-14 15:13:19,288 INFO  [it.uni.reti2.HeartbeatGenerator] (executor-thread-1) 💓 [HEARTBEAT] Invio heartbeat: {"stazioneId":"MI","stato":"ONLINE","timestamp":"2026-08-14T13:13:19.288641745Z","tipoEvento":"HEARTBEAT","bufferSize":0}
2026-08-14 15:13:29,289 INFO  [it.uni.reti2.HeartbeatGenerator] (executor-thread-1) 💓 [HEARTBEAT] Invio heartbeat: {"stazioneId":"MI","stato":"ONLINE","timestamp":"2026-08-14T13:13:29.288992156Z","tipoEvento":"HEARTBEAT","bufferSize":0}
2026-08-14 15:13:39,288 INFO  [it.uni.reti2.HeartbeatGenerator] (executor-thread-1) 💓 [HEARTBEAT] Invio heartbeat: {"stazioneId":"MI","stato":"ONLINE","timestamp":"2026-08-14T13:13:39.288954342Z","tipoEvento":"HEARTBEAT","bufferSize":0}
2026-08-14 15:13:49,288 INFO  [it.uni.reti2.HeartbeatGenerator] (executor-thread-1) 💓 [HEARTBEAT] Invio heartbeat: {"stazioneId":"MI","stato":"ONLINE","timestamp":"2026-08-14T13:13:49.288519118Z","tipoEvento":"HEARTBEAT","bufferSize":0}
2026-08-14 15:13:59,288 INFO  [it.uni.reti2.HeartbeatGenerator] (executor-thread-1) 💓 [HEARTBEAT] Invio heartbeat: {"stazioneId":"MI","stato":"ONLINE","timestamp":"2026-08-14T13:13:59.288518696Z","tipoEvento":"HEARTBEAT","bufferSize":0}
2026-08-14 15:14:09,288 INFO  [it.uni.reti2.HeartbeatGenerator] (executor-thread-1) 💓 [HEARTBEAT] Invio heartbeat: {"stazioneId":"MI","stato":"ONLINE","timestamp":"2026-08-14T13:14:09.288655006Z","tipoEvento":"HEARTBEAT","bufferSize":0}
2026-08-14 15:14:19,289 INFO  [it.uni.reti2.HeartbeatGenerator] (executor-thread-1) 💓 [HEARTBEAT] Invio heartbeat: {"stazioneId":"MI","stato":"ONLINE","timestamp":"2026-08-14T13:14:19.289034231Z","tipoEvento":"HEARTBEAT","bufferSize":0}
2026-08-14 15:14:29,288 INFO  [it.uni.reti2.HeartbeatGenerator] (executor-thread-1) 💓 [HEARTBEAT] Invio heartbeat: {"stazioneId":"MI","stato":"ONLINE","timestamp":"2026-08-14T13:14:29.288598459Z","tipoEvento":"HEARTBEAT","bufferSize":0}
2026-08-14 15:14:39,288 INFO  [it.uni.reti2.HeartbeatGenerator] (executor-thread-1) 💓 [HEARTBEAT] Invio heartbeat: {"stazioneId":"MI","stato":"ONLINE","timestamp":"2026-08-14T13:14:39.288527424Z","tipoEvento":"HEARTBEAT","bufferSize":0}
2026-08-14 15:14:49,288 INFO  [it.uni.reti2.HeartbeatGenerator] (executor-thread-1) 💓 [HEARTBEAT] Invio heartbeat: {"stazioneId":"MI","stato":"ONLINE","timestamp":"2026-08-14T13:14:49.288603173Z","tipoEvento":"HEARTBEAT","bufferSize":0}
2026-08-14 15:14:59,288 INFO  [it.uni.reti2.HeartbeatGenerator] (executor-thread-1) 💓 [HEARTBEAT] Invio heartbeat: {"stazioneId":"MI","stato":"ONLINE","timestamp":"2026-08-14T13:14:59.288508569Z","tipoEvento":"HEARTBEAT","bufferSize":0}
2026-08-14 15:15:09,288 INFO  [it.uni.reti2.HeartbeatGenerator] (executor-thread-1) 💓 [HEARTBEAT] Invio heartbeat: {"stazioneId":"MI","stato":"ONLINE","timestamp":"2026-08-14T13:15:09.288895814Z","tipoEvento":"HEARTBEAT","bufferSize":0}
2026-08-14 15:15:19,289 INFO  [it.uni.reti2.HeartbeatGenerator] (executor-thread-1) 💓 [HEARTBEAT] Invio heartbeat: {"stazioneId":"MI","stato":"ONLINE","timestamp":"2026-08-14T13:15:19.289046592Z","tipoEvento":"HEARTBEAT","bufferSize":0}
2026-08-14 15:15:29,288 INFO  [it.uni.reti2.HeartbeatGenerator] (executor-thread-1) 💓 [HEARTBEAT] Invio heartbeat: {"stazioneId":"MI","stato":"ONLINE","timestamp":"2026-08-14T13:15:29.288533889Z","tipoEvento":"HEARTBEAT","bufferSize":0}
2026-08-14 15:15:39,288 INFO  [it.uni.reti2.HeartbeatGenerator] (executor-thread-1) 💓 [HEARTBEAT] Invio heartbeat: {"stazioneId":"MI","stato":"ONLINE","timestamp":"2026-08-14T13:15:39.288525954Z","tipoEvento":"HEARTBEAT","bufferSize":0}
2026-08-14 15:15:49,288 INFO  [it.uni.reti2.HeartbeatGenerator] (executor-thread-1) 💓 [HEARTBEAT] Invio heartbeat: {"stazioneId":"MI","stato":"ONLINE","timestamp":"2026-08-14T13:15:49.288459964Z","tipoEvento":"HEARTBEAT","bufferSize":0}
2026-08-14 15:15:59,288 INFO  [it.uni.reti2.HeartbeatGenerator] (executor-thread-1) 💓 [HEARTBEAT] Invio heartbeat: {"stazioneId":"MI","stato":"ONLINE","timestamp":"2026-08-14T13:15:59.288582582Z","tipoEvento":"HEARTBEAT","bufferSize":0}
2026-08-14 15:16:09,288 INFO  [it.uni.reti2.HeartbeatGenerator] (executor-thread-1) 💓 [HEARTBEAT] Invio heartbeat: {"stazioneId":"MI","stato":"ONLINE","timestamp":"2026-08-14T13:16:09.288511519Z","tipoEvento":"HEARTBEAT","bufferSize":0}
2026-08-14 15:16:19,288 INFO  [it.uni.reti2.HeartbeatGenerator] (executor-thread-1) 💓 [HEARTBEAT] Invio heartbeat: {"stazioneId":"MI","stato":"ONLINE","timestamp":"2026-08-14T13:16:19.288627503Z","tipoEvento":"HEARTBEAT","bufferSize":0}
2026-08-14 15:16:29,288 INFO  [it.uni.reti2.HeartbeatGenerator] (executor-thread-1) 💓 [HEARTBEAT] Invio heartbeat: {"stazioneId":"MI","stato":"ONLINE","timestamp":"2026-08-14T13:16:29.288483265Z","tipoEvento":"HEARTBEAT","bufferSize":0}
2026-08-14 15:16:39,288 INFO  [it.uni.reti2.HeartbeatGenerator] (executor-thread-1) 💓 [HEARTBEAT] Invio heartbeat: {"stazioneId":"MI","stato":"ONLINE","timestamp":"2026-08-14T13:16:39.288903271Z","tipoEvento":"HEARTBEAT","bufferSize":0}
2026-08-14 15:16:49,288 INFO  [it.uni.reti2.HeartbeatGenerator] (executor-thread-1) 💓 [HEARTBEAT] Invio heartbeat: {"stazioneId":"MI","stato":"ONLINE","timestamp":"2026-08-14T13:16:49.288942098Z","tipoEvento":"HEARTBEAT","bufferSize":0}
2026-08-14 15:16:59,288 INFO  [it.uni.reti2.HeartbeatGenerator] (executor-thread-1) 💓 [HEARTBEAT] Invio heartbeat: {"stazioneId":"MI","stato":"ONLINE","timestamp":"2026-08-14T13:16:59.288600084Z","tipoEvento":"HEARTBEAT","bufferSize":0}
2026-08-14 15:17:09,289 INFO  [it.uni.reti2.HeartbeatGenerator] (executor-thread-1) 💓 [HEARTBEAT] Invio heartbeat: {"stazioneId":"MI","stato":"ONLINE","timestamp":"2026-08-14T13:17:09.289000393Z","tipoEvento":"HEARTBEAT","bufferSize":0}
2026-08-14 15:17:19,288 INFO  [it.uni.reti2.HeartbeatGenerator] (executor-thread-1) 💓 [HEARTBEAT] Invio heartbeat: {"stazioneId":"MI","stato":"ONLINE","timestamp":"2026-08-14T13:17:19.288631459Z","tipoEvento":"HEARTBEAT","bufferSize":0}
2026-08-14 15:17:29,289 INFO  [it.uni.reti2.HeartbeatGenerator] (executor-thread-1) 💓 [HEARTBEAT] Invio heartbeat: {"stazioneId":"MI","stato":"ONLINE","timestamp":"2026-08-14T13:17:29.288997364Z","tipoEvento":"HEARTBEAT","bufferSize":0}
2026-08-14 15:17:39,288 INFO  [it.uni.reti2.HeartbeatGenerator] (executor-thread-1) 💓 [HEARTBEAT] Invio heartbeat: {"stazioneId":"MI","stato":"ONLINE","timestamp":"2026-08-14T13:17:39.288584370Z","tipoEvento":"HEARTBEAT","bufferSize":0}
2026-08-14 15:17:46,190 INFO  [it.uni.reti2.StationGateway] (vert.x-eventloop-thread-3) 🚂 [PASSAGGIO] Treno Mario in ENTRATA dalla stazione MI
2026-08-14 15:17:49,288 INFO  [it.uni.reti2.HeartbeatGenerator] (executor-thread-1) 💓 [HEARTBEAT] Invio heartbeat: {"stazioneId":"MI","stato":"ONLINE","timestamp":"2026-08-14T13:17:49.288519187Z","tipoEvento":"HEARTBEAT","bufferSize":0}
2026-08-14 15:17:59,289 INFO  [it.uni.reti2.HeartbeatGenerator] (executor-thread-1) 💓 [HEARTBEAT] Invio heartbeat: {"stazioneId":"MI","stato":"ONLINE","timestamp":"2026-08-14T13:17:59.288769219Z","tipoEvento":"HEARTBEAT","bufferSize":0}
2026-08-14 15:18:07,148 INFO  [it.uni.reti2.StationGateway] (vert.x-eventloop-thread-3) 🚂 [PASSAGGIO] Treno Mario in USCITA dalla stazione MI
2026-08-14 15:18:09,288 INFO  [it.uni.reti2.HeartbeatGenerator] (executor-thread-1) 💓 [HEARTBEAT] Invio heartbeat: {"stazioneId":"MI","stato":"ONLINE","timestamp":"2026-08-14T13:18:09.288499340Z","tipoEvento":"HEARTBEAT","bufferSize":0}
2026-08-14 15:18:19,288 INFO  [it.uni.reti2.HeartbeatGenerator] (executor-thread-1) 💓 [HEARTBEAT] Invio heartbeat: {"stazioneId":"MI","stato":"ONLINE","timestamp":"2026-08-14T13:18:19.288950453Z","tipoEvento":"HEARTBEAT","bufferSize":0}
2026-08-14 15:18:29,288 INFO  [it.uni.reti2.HeartbeatGenerator] (executor-thread-1) 💓 [HEARTBEAT] Invio heartbeat: {"stazioneId":"MI","stato":"ONLINE","timestamp":"2026-08-14T13:18:29.288504694Z","tipoEvento":"HEARTBEAT","bufferSize":0}
2026-08-14 15:18:39,289 INFO  [it.uni.reti2.HeartbeatGenerator] (executor-thread-1) 💓 [HEARTBEAT] Invio heartbeat: {"stazioneId":"MI","stato":"ONLINE","timestamp":"2026-08-14T13:18:39.288862342Z","tipoEvento":"HEARTBEAT","bufferSize":0}
2026-08-14 15:18:49,288 INFO  [it.uni.reti2.HeartbeatGenerator] (executor-thread-1) 💓 [HEARTBEAT] Invio heartbeat: {"stazioneId":"MI","stato":"ONLINE","timestamp":"2026-08-14T13:18:49.288561133Z","tipoEvento":"HEARTBEAT","bufferSize":0}
2026-08-14 15:18:59,288 INFO  [it.uni.reti2.HeartbeatGenerator] (executor-thread-1) 💓 [HEARTBEAT] Invio heartbeat: {"stazioneId":"MI","stato":"ONLINE","timestamp":"2026-08-14T13:18:59.288535917Z","tipoEvento":"HEARTBEAT","bufferSize":0}
2026-08-14 15:19:09,288 INFO  [it.uni.reti2.HeartbeatGenerator] (executor-thread-1) 💓 [HEARTBEAT] Invio heartbeat: {"stazioneId":"MI","stato":"ONLINE","timestamp":"2026-08-14T13:19:09.288649028Z","tipoEvento":"HEARTBEAT","bufferSize":0}
2026-08-14 15:19:19,288 INFO  [it.uni.reti2.HeartbeatGenerator] (executor-thread-1) 💓 [HEARTBEAT] Invio heartbeat: {"stazioneId":"MI","stato":"ONLINE","timestamp":"2026-08-14T13:19:19.288509992Z","tipoEvento":"HEARTBEAT","bufferSize":0}
2026-08-14 15:19:29,288 INFO  [it.uni.reti2.HeartbeatGenerator] (executor-thread-1) 💓 [HEARTBEAT] Invio heartbeat: {"stazioneId":"MI","stato":"ONLINE","timestamp":"2026-08-14T13:19:29.288515346Z","tipoEvento":"HEARTBEAT","bufferSize":0}
2026-08-14 15:19:39,288 INFO  [it.uni.reti2.HeartbeatGenerator] (executor-thread-1) 💓 [HEARTBEAT] Invio heartbeat: {"stazioneId":"MI","stato":"ONLINE","timestamp":"2026-08-14T13:19:39.288643908Z","tipoEvento":"HEARTBEAT","bufferSize":0}
2026-08-14 15:19:49,288 INFO  [it.uni.reti2.HeartbeatGenerator] (executor-thread-1) 💓 [HEARTBEAT] Invio heartbeat: {"stazioneId":"MI","stato":"ONLINE","timestamp":"2026-08-14T13:19:49.288616628Z","tipoEvento":"HEARTBEAT","bufferSize":0}
2026-08-14 15:19:59,288 INFO  [it.uni.reti2.HeartbeatGenerator] (executor-thread-1) 💓 [HEARTBEAT] Invio heartbeat: {"stazioneId":"MI","stato":"ONLINE","timestamp":"2026-08-14T13:19:59.288955867Z","tipoEvento":"HEARTBEAT","bufferSize":0}
2026-08-14 15:20:09,288 INFO  [it.uni.reti2.HeartbeatGenerator] (executor-thread-1) 💓 [HEARTBEAT] Invio heartbeat: {"stazioneId":"MI","stato":"ONLINE","timestamp":"2026-08-14T13:20:09.288529106Z","tipoEvento":"HEARTBEAT","bufferSize":0}
2026-08-14 15:20:19,288 INFO  [it.uni.reti2.HeartbeatGenerator] (executor-thread-1) 💓 [HEARTBEAT] Invio heartbeat: {"stazioneId":"MI","stato":"ONLINE","timestamp":"2026-08-14T13:20:19.288752764Z","tipoEvento":"HEARTBEAT","bufferSize":0}
2026-08-14 15:20:29,290 INFO  [it.uni.reti2.HeartbeatGenerator] (executor-thread-1) 💓 [HEARTBEAT] Invio heartbeat: {"stazioneId":"MI","stato":"ONLINE","timestamp":"2026-08-14T13:20:29.290683970Z","tipoEvento":"HEARTBEAT","bufferSize":0}
2026-08-14 15:20:39,289 INFO  [it.uni.reti2.HeartbeatGenerator] (executor-thread-1) 💓 [HEARTBEAT] Invio heartbeat: {"stazioneId":"MI","stato":"ONLINE","timestamp":"2026-08-14T13:20:39.289032869Z","tipoEvento":"HEARTBEAT","bufferSize":0}
2026-08-14 15:20:49,288 INFO  [it.uni.reti2.HeartbeatGenerator] (executor-thread-1) 💓 [HEARTBEAT] Invio heartbeat: {"stazioneId":"MI","stato":"ONLINE","timestamp":"2026-08-14T13:20:49.288573935Z","tipoEvento":"HEARTBEAT","bufferSize":0}
2026-08-14 15:20:59,288 INFO  [it.uni.reti2.HeartbeatGenerator] (executor-thread-1) 💓 [HEARTBEAT] Invio heartbeat: {"stazioneId":"MI","stato":"ONLINE","timestamp":"2026-08-14T13:20:59.288504321Z","tipoEvento":"HEARTBEAT","bufferSize":0}
2026-08-14 15:21:09,288 INFO  [it.uni.reti2.HeartbeatGenerator] (executor-thread-1) 💓 [HEARTBEAT] Invio heartbeat: {"stazioneId":"MI","stato":"ONLINE","timestamp":"2026-08-14T13:21:09.288460974Z","tipoEvento":"HEARTBEAT","bufferSize":0}
2026-08-14 15:21:19,288 INFO  [it.uni.reti2.HeartbeatGenerator] (executor-thread-1) 💓 [HEARTBEAT] Invio heartbeat: {"stazioneId":"MI","stato":"ONLINE","timestamp":"2026-08-14T13:21:19.288764544Z","tipoEvento":"HEARTBEAT","bufferSize":0}
2026-08-14 15:21:29,288 INFO  [it.uni.reti2.HeartbeatGenerator] (executor-thread-1) 💓 [HEARTBEAT] Invio heartbeat: {"stazioneId":"MI","stato":"ONLINE","timestamp":"2026-08-14T13:21:29.288727950Z","tipoEvento":"HEARTBEAT","bufferSize":0}
2026-08-14 15:21:39,288 INFO  [it.uni.reti2.HeartbeatGenerator] (executor-thread-1) 💓 [HEARTBEAT] Invio heartbeat: {"stazioneId":"MI","stato":"ONLINE","timestamp":"2026-08-14T13:21:39.288648909Z","tipoEvento":"HEARTBEAT","bufferSize":0}
2026-08-14 15:21:49,288 INFO  [it.uni.reti2.HeartbeatGenerator] (executor-thread-1) 💓 [HEARTBEAT] Invio heartbeat: {"stazioneId":"MI","stato":"ONLINE","timestamp":"2026-08-14T13:21:49.288646083Z","tipoEvento":"HEARTBEAT","bufferSize":0}
2026-08-14 15:21:50,147 INFO  [it.uni.reti2.StationGateway] (vert.x-eventloop-thread-3) 🚂 [PASSAGGIO] Treno Mario in ENTRATA dalla stazione MI
2026-08-14 15:21:59,288 INFO  [it.uni.reti2.HeartbeatGenerator] (executor-thread-1) 💓 [HEARTBEAT] Invio heartbeat: {"stazioneId":"MI","stato":"ONLINE","timestamp":"2026-08-14T13:21:59.288579784Z","tipoEvento":"HEARTBEAT","bufferSize":0}
2026-08-14 15:22:09,288 INFO  [it.uni.reti2.HeartbeatGenerator] (executor-thread-1) 💓 [HEARTBEAT] Invio heartbeat: {"stazioneId":"MI","stato":"ONLINE","timestamp":"2026-08-14T13:22:09.288522059Z","tipoEvento":"HEARTBEAT","bufferSize":0}
2026-08-14 15:22:11,147 INFO  [it.uni.reti2.StationGateway] (vert.x-eventloop-thread-3) 🚂 [PASSAGGIO] Treno Mario in USCITA dalla stazione MI
2026-08-14 15:22:19,288 INFO  [it.uni.reti2.HeartbeatGenerator] (executor-thread-1) 💓 [HEARTBEAT] Invio heartbeat: {"stazioneId":"MI","stato":"ONLINE","timestamp":"2026-08-14T13:22:19.288465927Z","tipoEvento":"HEARTBEAT","bufferSize":0}
2026-08-14 15:22:29,289 INFO  [it.uni.reti2.HeartbeatGenerator] (executor-thread-1) 💓 [HEARTBEAT] Invio heartbeat: {"stazioneId":"MI","stato":"ONLINE","timestamp":"2026-08-14T13:22:29.288948673Z","tipoEvento":"HEARTBEAT","bufferSize":0}
2026-08-14 15:22:39,289 INFO  [it.uni.reti2.HeartbeatGenerator] (executor-thread-1) 💓 [HEARTBEAT] Invio heartbeat: {"stazioneId":"MI","stato":"ONLINE","timestamp":"2026-08-14T13:22:39.289254902Z","tipoEvento":"HEARTBEAT","bufferSize":0}
2026-08-14 15:22:49,288 INFO  [it.uni.reti2.HeartbeatGenerator] (executor-thread-1) 💓 [HEARTBEAT] Invio heartbeat: {"stazioneId":"MI","stato":"ONLINE","timestamp":"2026-08-14T13:22:49.288918054Z","tipoEvento":"HEARTBEAT","bufferSize":0}
2026-08-14 15:22:59,288 INFO  [it.uni.reti2.HeartbeatGenerator] (executor-thread-1) 💓 [HEARTBEAT] Invio heartbeat: {"stazioneId":"MI","stato":"ONLINE","timestamp":"2026-08-14T13:22:59.288960128Z","tipoEvento":"HEARTBEAT","bufferSize":0}
2026-08-14 15:23:09,288 INFO  [it.uni.reti2.HeartbeatGenerator] (executor-thread-1) 💓 [HEARTBEAT] Invio heartbeat: {"stazioneId":"MI","stato":"ONLINE","timestamp":"2026-08-14T13:23:09.288952180Z","tipoEvento":"HEARTBEAT","bufferSize":0}
2026-08-14 15:23:19,289 INFO  [it.uni.reti2.HeartbeatGenerator] (executor-thread-1) 💓 [HEARTBEAT] Invio heartbeat: {"stazioneId":"MI","stato":"ONLINE","timestamp":"2026-08-14T13:23:19.288958125Z","tipoEvento":"HEARTBEAT","bufferSize":0}
2026-08-14 15:23:26,147 INFO  [it.uni.reti2.StationGateway] (vert.x-eventloop-thread-3) 🚂 [PASSAGGIO] Treno tenoAmmazzaRicchi in ENTRATA dalla stazione MI
2026-08-14 15:23:29,288 INFO  [it.uni.reti2.HeartbeatGenerator] (executor-thread-1) 💓 [HEARTBEAT] Invio heartbeat: {"stazioneId":"MI","stato":"ONLINE","timestamp":"2026-08-14T13:23:29.288530503Z","tipoEvento":"HEARTBEAT","bufferSize":0}
2026-08-14 15:23:39,288 INFO  [it.uni.reti2.HeartbeatGenerator] (executor-thread-1) 💓 [HEARTBEAT] Invio heartbeat: {"stazioneId":"MI","stato":"ONLINE","timestamp":"2026-08-14T13:23:39.288531127Z","tipoEvento":"HEARTBEAT","bufferSize":0}
2026-08-14 15:23:46,148 INFO  [it.uni.reti2.StationGateway] (vert.x-eventloop-thread-3) 🚂 [PASSAGGIO] Treno tenoAmmazzaRicchi in USCITA dalla stazione MI
2026-08-14 15:23:49,288 INFO  [it.uni.reti2.HeartbeatGenerator] (executor-thread-1) 💓 [HEARTBEAT] Invio heartbeat: {"stazioneId":"MI","stato":"ONLINE","timestamp":"2026-08-14T13:23:49.288578216Z","tipoEvento":"HEARTBEAT","bufferSize":0}
2026-08-14 15:23:59,288 INFO  [it.uni.reti2.HeartbeatGenerator] (executor-thread-1) 💓 [HEARTBEAT] Invio heartbeat: {"stazioneId":"MI","stato":"ONLINE","timestamp":"2026-08-14T13:23:59.288819329Z","tipoEvento":"HEARTBEAT","bufferSize":0}
2026-08-14 15:24:09,288 INFO  [it.uni.reti2.HeartbeatGenerator] (executor-thread-1) 💓 [HEARTBEAT] Invio heartbeat: {"stazioneId":"MI","stato":"ONLINE","timestamp":"2026-08-14T13:24:09.288508838Z","tipoEvento":"HEARTBEAT","bufferSize":0}
2026-08-14 15:24:19,288 INFO  [it.uni.reti2.HeartbeatGenerator] (executor-thread-1) 💓 [HEARTBEAT] Invio heartbeat: {"stazioneId":"MI","stato":"ONLINE","timestamp":"2026-08-14T13:24:19.288491736Z","tipoEvento":"HEARTBEAT","bufferSize":0}
2026-08-14 15:24:29,289 INFO  [it.uni.reti2.HeartbeatGenerator] (executor-thread-1) 💓 [HEARTBEAT] Invio heartbeat: {"stazioneId":"MI","stato":"ONLINE","timestamp":"2026-08-14T13:24:29.289056794Z","tipoEvento":"HEARTBEAT","bufferSize":0}
2026-08-14 15:24:39,288 INFO  [it.uni.reti2.HeartbeatGenerator] (executor-thread-1) 💓 [HEARTBEAT] Invio heartbeat: {"stazioneId":"MI","stato":"ONLINE","timestamp":"2026-08-14T13:24:39.288935887Z","tipoEvento":"HEARTBEAT","bufferSize":0}
2026-08-14 15:24:49,288 INFO  [it.uni.reti2.HeartbeatGenerator] (executor-thread-1) 💓 [HEARTBEAT] Invio heartbeat: {"stazioneId":"MI","stato":"ONLINE","timestamp":"2026-08-14T13:24:49.288952132Z","tipoEvento":"HEARTBEAT","bufferSize":0}
2026-08-14 15:24:59,288 INFO  [it.uni.reti2.HeartbeatGenerator] (executor-thread-1) 💓 [HEARTBEAT] Invio heartbeat: {"stazioneId":"MI","stato":"ONLINE","timestamp":"2026-08-14T13:24:59.288550160Z","tipoEvento":"HEARTBEAT","bufferSize":0}
2026-08-14 15:25:09,288 INFO  [it.uni.reti2.HeartbeatGenerator] (executor-thread-1) 💓 [HEARTBEAT] Invio heartbeat: {"stazioneId":"MI","stato":"ONLINE","timestamp":"2026-08-14T13:25:09.288524202Z","tipoEvento":"HEARTBEAT","bufferSize":0}
2026-08-14 15:25:19,288 INFO  [it.uni.reti2.HeartbeatGenerator] (executor-thread-1) 💓 [HEARTBEAT] Invio heartbeat: {"stazioneId":"MI","stato":"ONLINE","timestamp":"2026-08-14T13:25:19.288790375Z","tipoEvento":"HEARTBEAT","bufferSize":0}
2026-08-14 15:25:29,288 INFO  [it.uni.reti2.HeartbeatGenerator] (executor-thread-1) 💓 [HEARTBEAT] Invio heartbeat: {"stazioneId":"MI","stato":"ONLINE","timestamp":"2026-08-14T13:25:29.288920001Z","tipoEvento":"HEARTBEAT","bufferSize":0}
2026-08-14 15:25:39,289 INFO  [it.uni.reti2.HeartbeatGenerator] (executor-thread-1) 💓 [HEARTBEAT] Invio heartbeat: {"stazioneId":"MI","stato":"ONLINE","timestamp":"2026-08-14T13:25:39.288971774Z","tipoEvento":"HEARTBEAT","bufferSize":0}
2026-08-14 15:25:49,288 INFO  [it.uni.reti2.HeartbeatGenerator] (executor-thread-1) 💓 [HEARTBEAT] Invio heartbeat: {"stazioneId":"MI","stato":"ONLINE","timestamp":"2026-08-14T13:25:49.288547165Z","tipoEvento":"HEARTBEAT","bufferSize":0}
2026-08-14 15:25:59,288 INFO  [it.uni.reti2.HeartbeatGenerator] (executor-thread-1) 💓 [HEARTBEAT] Invio heartbeat: {"stazioneId":"MI","stato":"ONLINE","timestamp":"2026-08-14T13:25:59.288489018Z","tipoEvento":"HEARTBEAT","bufferSize":0}
2026-08-14 15:26:09,288 INFO  [it.uni.reti2.HeartbeatGenerator] (executor-thread-1) 💓 [HEARTBEAT] Invio heartbeat: {"stazioneId":"MI","stato":"ONLINE","timestamp":"2026-08-14T13:26:09.288537326Z","tipoEvento":"HEARTBEAT","bufferSize":0}
2026-08-14 15:26:19,288 INFO  [it.uni.reti2.HeartbeatGenerator] (executor-thread-1) 💓 [HEARTBEAT] Invio heartbeat: {"stazioneId":"MI","stato":"ONLINE","timestamp":"2026-08-14T13:26:19.288473506Z","tipoEvento":"HEARTBEAT","bufferSize":0}
2026-08-14 15:26:29,288 INFO  [it.uni.reti2.HeartbeatGenerator] (executor-thread-1) 💓 [HEARTBEAT] Invio heartbeat: {"stazioneId":"MI","stato":"ONLINE","timestamp":"2026-08-14T13:26:29.288568077Z","tipoEvento":"HEARTBEAT","bufferSize":0}
2026-08-14 15:26:39,288 INFO  [it.uni.reti2.HeartbeatGenerator] (executor-thread-1) 💓 [HEARTBEAT] Invio heartbeat: {"stazioneId":"MI","stato":"ONLINE","timestamp":"2026-08-14T13:26:39.288948988Z","tipoEvento":"HEARTBEAT","bufferSize":0}
2026-08-14 15:26:49,288 INFO  [it.uni.reti2.HeartbeatGenerator] (executor-thread-1) 💓 [HEARTBEAT] Invio heartbeat: {"stazioneId":"MI","stato":"ONLINE","timestamp":"2026-08-14T13:26:49.288521343Z","tipoEvento":"HEARTBEAT","bufferSize":0}
2026-08-14 15:26:59,289 INFO  [it.uni.reti2.HeartbeatGenerator] (executor-thread-1) 💓 [HEARTBEAT] Invio heartbeat: {"stazioneId":"MI","stato":"ONLINE","timestamp":"2026-08-14T13:26:59.288952084Z","tipoEvento":"HEARTBEAT","bufferSize":0}
2026-08-14 15:27:09,288 INFO  [it.uni.reti2.HeartbeatGenerator] (executor-thread-1) 💓 [HEARTBEAT] Invio heartbeat: {"stazioneId":"MI","stato":"ONLINE","timestamp":"2026-08-14T13:27:09.288477330Z","tipoEvento":"HEARTBEAT","bufferSize":0}
2026-08-14 15:27:19,288 INFO  [it.uni.reti2.HeartbeatGenerator] (executor-thread-1) 💓 [HEARTBEAT] Invio heartbeat: {"stazioneId":"MI","stato":"ONLINE","timestamp":"2026-08-14T13:27:19.288551373Z","tipoEvento":"HEARTBEAT","bufferSize":0}
2026-08-14 15:27:29,148 INFO  [it.uni.reti2.StationGateway] (vert.x-eventloop-thread-3) 🚂 [PASSAGGIO] Treno tenoAmmazzaRicchi in ENTRATA dalla stazione MI
2026-08-14 15:27:29,288 INFO  [it.uni.reti2.HeartbeatGenerator] (executor-thread-1) 💓 [HEARTBEAT] Invio heartbeat: {"stazioneId":"MI","stato":"ONLINE","timestamp":"2026-08-14T13:27:29.288539026Z","tipoEvento":"HEARTBEAT","bufferSize":0}
2026-08-14 15:27:39,288 INFO  [it.uni.reti2.HeartbeatGenerator] (executor-thread-1) 💓 [HEARTBEAT] Invio heartbeat: {"stazioneId":"MI","stato":"ONLINE","timestamp":"2026-08-14T13:27:39.288575755Z","tipoEvento":"HEARTBEAT","bufferSize":0}
2026-08-14 15:27:49,151 INFO  [it.uni.reti2.StationGateway] (vert.x-eventloop-thread-3) 🚂 [PASSAGGIO] Treno tenoAmmazzaRicchi in USCITA dalla stazione MI
2026-08-14 15:27:49,288 INFO  [it.uni.reti2.HeartbeatGenerator] (executor-thread-1) 💓 [HEARTBEAT] Invio heartbeat: {"stazioneId":"MI","stato":"ONLINE","timestamp":"2026-08-14T13:27:49.288514996Z","tipoEvento":"HEARTBEAT","bufferSize":0}
2026-08-14 15:27:59,289 INFO  [it.uni.reti2.HeartbeatGenerator] (executor-thread-1) 💓 [HEARTBEAT] Invio heartbeat: {"stazioneId":"MI","stato":"ONLINE","timestamp":"2026-08-14T13:27:59.288938618Z","tipoEvento":"HEARTBEAT","bufferSize":0}
2026-08-14 15:28:09,288 INFO  [it.uni.reti2.HeartbeatGenerator] (executor-thread-1) 💓 [HEARTBEAT] Invio heartbeat: {"stazioneId":"MI","stato":"ONLINE","timestamp":"2026-08-14T13:28:09.288535206Z","tipoEvento":"HEARTBEAT","bufferSize":0}
2026-08-14 15:28:19,288 INFO  [it.uni.reti2.HeartbeatGenerator] (executor-thread-1) 💓 [HEARTBEAT] Invio heartbeat: {"stazioneId":"MI","stato":"ONLINE","timestamp":"2026-08-14T13:28:19.288961690Z","tipoEvento":"HEARTBEAT","bufferSize":0}
2026-08-14 15:28:29,288 INFO  [it.uni.reti2.HeartbeatGenerator] (executor-thread-1) 💓 [HEARTBEAT] Invio heartbeat: {"stazioneId":"MI","stato":"ONLINE","timestamp":"2026-08-14T13:28:29.288539172Z","tipoEvento":"HEARTBEAT","bufferSize":0}
2026-08-14 15:28:39,288 INFO  [it.uni.reti2.HeartbeatGenerator] (executor-thread-1) 💓 [HEARTBEAT] Invio heartbeat: {"stazioneId":"MI","stato":"ONLINE","timestamp":"2026-08-14T13:28:39.288523353Z","tipoEvento":"HEARTBEAT","bufferSize":0}
2026-08-14 15:28:49,288 INFO  [it.uni.reti2.HeartbeatGenerator] (executor-thread-1) 💓 [HEARTBEAT] Invio heartbeat: {"stazioneId":"MI","stato":"ONLINE","timestamp":"2026-08-14T13:28:49.288547620Z","tipoEvento":"HEARTBEAT","bufferSize":0}
2026-08-14 15:28:59,288 INFO  [it.uni.reti2.HeartbeatGenerator] (executor-thread-1) 💓 [HEARTBEAT] Invio heartbeat: {"stazioneId":"MI","stato":"ONLINE","timestamp":"2026-08-14T13:28:59.288589414Z","tipoEvento":"HEARTBEAT","bufferSize":0}
2026-08-14 15:29:09,288 INFO  [it.uni.reti2.HeartbeatGenerator] (executor-thread-1) 💓 [HEARTBEAT] Invio heartbeat: {"stazioneId":"MI","stato":"ONLINE","timestamp":"2026-08-14T13:29:09.288554998Z","tipoEvento":"HEARTBEAT","bufferSize":0}
2026-08-14 15:29:19,288 INFO  [it.uni.reti2.HeartbeatGenerator] (executor-thread-1) 💓 [HEARTBEAT] Invio heartbeat: {"stazioneId":"MI","stato":"ONLINE","timestamp":"2026-08-14T13:29:19.288800844Z","tipoEvento":"HEARTBEAT","bufferSize":0}
2026-08-14 15:29:29,288 INFO  [it.uni.reti2.HeartbeatGenerator] (executor-thread-1) 💓 [HEARTBEAT] Invio heartbeat: {"stazioneId":"MI","stato":"ONLINE","timestamp":"2026-08-14T13:29:29.288437868Z","tipoEvento":"HEARTBEAT","bufferSize":0}
2026-08-14 15:29:39,288 INFO  [it.uni.reti2.HeartbeatGenerator] (executor-thread-1) 💓 [HEARTBEAT] Invio heartbeat: {"stazioneId":"MI","stato":"ONLINE","timestamp":"2026-08-14T13:29:39.288555796Z","tipoEvento":"HEARTBEAT","bufferSize":0}
2026-08-14 15:29:49,288 INFO  [it.uni.reti2.HeartbeatGenerator] (executor-thread-1) 💓 [HEARTBEAT] Invio heartbeat: {"stazioneId":"MI","stato":"ONLINE","timestamp":"2026-08-14T13:29:49.288515646Z","tipoEvento":"HEARTBEAT","bufferSize":0}
2026-08-14 15:29:59,289 INFO  [it.uni.reti2.HeartbeatGenerator] (executor-thread-1) 💓 [HEARTBEAT] Invio heartbeat: {"stazioneId":"MI","stato":"ONLINE","timestamp":"2026-08-14T13:29:59.289032930Z","tipoEvento":"HEARTBEAT","bufferSize":0}
2026-08-14 15:30:09,288 INFO  [it.uni.reti2.HeartbeatGenerator] (executor-thread-1) 💓 [HEARTBEAT] Invio heartbeat: {"stazioneId":"MI","stato":"ONLINE","timestamp":"2026-08-14T13:30:09.288923922Z","tipoEvento":"HEARTBEAT","bufferSize":0}
2026-08-14 15:30:19,288 INFO  [it.uni.reti2.HeartbeatGenerator] (executor-thread-1) 💓 [HEARTBEAT] Invio heartbeat: {"stazioneId":"MI","stato":"ONLINE","timestamp":"2026-08-14T13:30:19.288911934Z","tipoEvento":"HEARTBEAT","bufferSize":0}
2026-08-14 15:30:29,288 INFO  [it.uni.reti2.HeartbeatGenerator] (executor-thread-1) 💓 [HEARTBEAT] Invio heartbeat: {"stazioneId":"MI","stato":"ONLINE","timestamp":"2026-08-14T13:30:29.288531059Z","tipoEvento":"HEARTBEAT","bufferSize":0}
2026-08-14 15:30:39,289 INFO  [it.uni.reti2.HeartbeatGenerator] (executor-thread-1) 💓 [HEARTBEAT] Invio heartbeat: {"stazioneId":"MI","stato":"ONLINE","timestamp":"2026-08-14T13:30:39.288952477Z","tipoEvento":"HEARTBEAT","bufferSize":0}
2026-08-14 15:30:49,288 INFO  [it.uni.reti2.HeartbeatGenerator] (executor-thread-1) 💓 [HEARTBEAT] Invio heartbeat: {"stazioneId":"MI","stato":"ONLINE","timestamp":"2026-08-14T13:30:49.288543302Z","tipoEvento":"HEARTBEAT","bufferSize":0}
2026-08-14 15:30:59,288 INFO  [it.uni.reti2.HeartbeatGenerator] (executor-thread-1) 💓 [HEARTBEAT] Invio heartbeat: {"stazioneId":"MI","stato":"ONLINE","timestamp":"2026-08-14T13:30:59.288594350Z","tipoEvento":"HEARTBEAT","bufferSize":0}
2026-08-14 15:31:09,289 INFO  [it.uni.reti2.HeartbeatGenerator] (executor-thread-1) 💓 [HEARTBEAT] Invio heartbeat: {"stazioneId":"MI","stato":"ONLINE","timestamp":"2026-08-14T13:31:09.288983695Z","tipoEvento":"HEARTBEAT","bufferSize":0}
2026-08-14 15:31:19,289 INFO  [it.uni.reti2.HeartbeatGenerator] (executor-thread-1) 💓 [HEARTBEAT] Invio heartbeat: {"stazioneId":"MI","stato":"ONLINE","timestamp":"2026-08-14T13:31:19.289365634Z","tipoEvento":"HEARTBEAT","bufferSize":0}
2026-08-14 15:31:29,288 INFO  [it.uni.reti2.HeartbeatGenerator] (executor-thread-1) 💓 [HEARTBEAT] Invio heartbeat: {"stazioneId":"MI","stato":"ONLINE","timestamp":"2026-08-14T13:31:29.288476841Z","tipoEvento":"HEARTBEAT","bufferSize":0}
2026-08-14 15:31:39,288 INFO  [it.uni.reti2.HeartbeatGenerator] (executor-thread-1) 💓 [HEARTBEAT] Invio heartbeat: {"stazioneId":"MI","stato":"ONLINE","timestamp":"2026-08-14T13:31:39.288462631Z","tipoEvento":"HEARTBEAT","bufferSize":0}
2026-08-14 15:31:49,288 INFO  [it.uni.reti2.HeartbeatGenerator] (executor-thread-1) 💓 [HEARTBEAT] Invio heartbeat: {"stazioneId":"MI","stato":"ONLINE","timestamp":"2026-08-14T13:31:49.288585422Z","tipoEvento":"HEARTBEAT","bufferSize":0}
2026-08-14 15:31:59,288 INFO  [it.uni.reti2.HeartbeatGenerator] (executor-thread-1) 💓 [HEARTBEAT] Invio heartbeat: {"stazioneId":"MI","stato":"ONLINE","timestamp":"2026-08-14T13:31:59.288629455Z","tipoEvento":"HEARTBEAT","bufferSize":0}
2026-08-14 15:32:09,288 INFO  [it.uni.reti2.HeartbeatGenerator] (executor-thread-1) 💓 [HEARTBEAT] Invio heartbeat: {"stazioneId":"MI","stato":"ONLINE","timestamp":"2026-08-14T13:32:09.288584035Z","tipoEvento":"HEARTBEAT","bufferSize":0}
2026-08-14 15:32:19,288 INFO  [it.uni.reti2.HeartbeatGenerator] (executor-thread-1) 💓 [HEARTBEAT] Invio heartbeat: {"stazioneId":"MI","stato":"ONLINE","timestamp":"2026-08-14T13:32:19.288505839Z","tipoEvento":"HEARTBEAT","bufferSize":0}
2026-08-14 15:32:29,288 INFO  [it.uni.reti2.HeartbeatGenerator] (executor-thread-1) 💓 [HEARTBEAT] Invio heartbeat: {"stazioneId":"MI","stato":"ONLINE","timestamp":"2026-08-14T13:32:29.288866262Z","tipoEvento":"HEARTBEAT","bufferSize":0}
2026-08-14 15:32:39,289 INFO  [it.uni.reti2.HeartbeatGenerator] (executor-thread-1) 💓 [HEARTBEAT] Invio heartbeat: {"stazioneId":"MI","stato":"ONLINE","timestamp":"2026-08-14T13:32:39.289271570Z","tipoEvento":"HEARTBEAT","bufferSize":0}
2026-08-14 15:32:49,288 INFO  [it.uni.reti2.HeartbeatGenerator] (executor-thread-1) 💓 [HEARTBEAT] Invio heartbeat: {"stazioneId":"MI","stato":"ONLINE","timestamp":"2026-08-14T13:32:49.288555742Z","tipoEvento":"HEARTBEAT","bufferSize":0}
2026-08-14 15:32:59,288 INFO  [it.uni.reti2.HeartbeatGenerator] (executor-thread-1) 💓 [HEARTBEAT] Invio heartbeat: {"stazioneId":"MI","stato":"ONLINE","timestamp":"2026-08-14T13:32:59.288523449Z","tipoEvento":"HEARTBEAT","bufferSize":0}
2026-08-14 15:33:09,288 INFO  [it.uni.reti2.HeartbeatGenerator] (executor-thread-1) 💓 [HEARTBEAT] Invio heartbeat: {"stazioneId":"MI","stato":"ONLINE","timestamp":"2026-08-14T13:33:09.288617733Z","tipoEvento":"HEARTBEAT","bufferSize":0}
2026-08-14 15:33:19,288 INFO  [it.uni.reti2.HeartbeatGenerator] (executor-thread-1) 💓 [HEARTBEAT] Invio heartbeat: {"stazioneId":"MI","stato":"ONLINE","timestamp":"2026-08-14T13:33:19.288547730Z","tipoEvento":"HEARTBEAT","bufferSize":0}
2026-08-14 15:33:21,148 INFO  [it.uni.reti2.StationGateway] (vert.x-eventloop-thread-3) 🚂 [PASSAGGIO] Treno Mario in ENTRATA dalla stazione MI
2026-08-14 15:33:29,288 INFO  [it.uni.reti2.HeartbeatGenerator] (executor-thread-1) 💓 [HEARTBEAT] Invio heartbeat: {"stazioneId":"MI","stato":"ONLINE","timestamp":"2026-08-14T13:33:29.288535405Z","tipoEvento":"HEARTBEAT","bufferSize":0}
2026-08-14 15:33:39,289 INFO  [it.uni.reti2.HeartbeatGenerator] (executor-thread-1) 💓 [HEARTBEAT] Invio heartbeat: {"stazioneId":"MI","stato":"ONLINE","timestamp":"2026-08-14T13:33:39.289004019Z","tipoEvento":"HEARTBEAT","bufferSize":0}
2026-08-14 15:33:42,148 INFO  [it.uni.reti2.StationGateway] (vert.x-eventloop-thread-3) 🚂 [PASSAGGIO] Treno Mario in USCITA dalla stazione MI
2026-08-14 15:33:49,288 INFO  [it.uni.reti2.HeartbeatGenerator] (executor-thread-1) 💓 [HEARTBEAT] Invio heartbeat: {"stazioneId":"MI","stato":"ONLINE","timestamp":"2026-08-14T13:33:49.288482340Z","tipoEvento":"HEARTBEAT","bufferSize":0}
2026-08-14 15:33:59,288 INFO  [it.uni.reti2.HeartbeatGenerator] (executor-thread-1) 💓 [HEARTBEAT] Invio heartbeat: {"stazioneId":"MI","stato":"ONLINE","timestamp":"2026-08-14T13:33:59.288496650Z","tipoEvento":"HEARTBEAT","bufferSize":0}
2026-08-14 15:34:09,288 INFO  [it.uni.reti2.HeartbeatGenerator] (executor-thread-1) 💓 [HEARTBEAT] Invio heartbeat: {"stazioneId":"MI","stato":"ONLINE","timestamp":"2026-08-14T13:34:09.288531820Z","tipoEvento":"HEARTBEAT","bufferSize":0}
2026-08-14 15:34:19,288 INFO  [it.uni.reti2.HeartbeatGenerator] (executor-thread-1) 💓 [HEARTBEAT] Invio heartbeat: {"stazioneId":"MI","stato":"ONLINE","timestamp":"2026-08-14T13:34:19.288590971Z","tipoEvento":"HEARTBEAT","bufferSize":0}
2026-08-14 15:34:29,288 INFO  [it.uni.reti2.HeartbeatGenerator] (executor-thread-1) 💓 [HEARTBEAT] Invio heartbeat: {"stazioneId":"MI","stato":"ONLINE","timestamp":"2026-08-14T13:34:29.288567466Z","tipoEvento":"HEARTBEAT","bufferSize":0}
2026-08-14 15:34:39,288 INFO  [it.uni.reti2.HeartbeatGenerator] (executor-thread-1) 💓 [HEARTBEAT] Invio heartbeat: {"stazioneId":"MI","stato":"ONLINE","timestamp":"2026-08-14T13:34:39.288577796Z","tipoEvento":"HEARTBEAT","bufferSize":0}
2026-08-14 15:34:49,288 INFO  [it.uni.reti2.HeartbeatGenerator] (executor-thread-1) 💓 [HEARTBEAT] Invio heartbeat: {"stazioneId":"MI","stato":"ONLINE","timestamp":"2026-08-14T13:34:49.288937173Z","tipoEvento":"HEARTBEAT","bufferSize":0}
2026-08-14 15:34:59,289 INFO  [it.uni.reti2.HeartbeatGenerator] (executor-thread-1) 💓 [HEARTBEAT] Invio heartbeat: {"stazioneId":"MI","stato":"ONLINE","timestamp":"2026-08-14T13:34:59.288906312Z","tipoEvento":"HEARTBEAT","bufferSize":0}
2026-08-14 15:35:09,289 INFO  [it.uni.reti2.HeartbeatGenerator] (executor-thread-1) 💓 [HEARTBEAT] Invio heartbeat: {"stazioneId":"MI","stato":"ONLINE","timestamp":"2026-08-14T13:35:09.288950618Z","tipoEvento":"HEARTBEAT","bufferSize":0}
2026-08-14 15:35:19,289 INFO  [it.uni.reti2.HeartbeatGenerator] (executor-thread-1) 💓 [HEARTBEAT] Invio heartbeat: {"stazioneId":"MI","stato":"ONLINE","timestamp":"2026-08-14T13:35:19.288941076Z","tipoEvento":"HEARTBEAT","bufferSize":0}
2026-08-14 15:35:29,289 INFO  [it.uni.reti2.HeartbeatGenerator] (executor-thread-1) 💓 [HEARTBEAT] Invio heartbeat: {"stazioneId":"MI","stato":"ONLINE","timestamp":"2026-08-14T13:35:29.288945701Z","tipoEvento":"HEARTBEAT","bufferSize":0}
2026-08-14 15:35:39,288 INFO  [it.uni.reti2.HeartbeatGenerator] (executor-thread-1) 💓 [HEARTBEAT] Invio heartbeat: {"stazioneId":"MI","stato":"ONLINE","timestamp":"2026-08-14T13:35:39.288945235Z","tipoEvento":"HEARTBEAT","bufferSize":0}
2026-08-14 15:35:49,288 INFO  [it.uni.reti2.HeartbeatGenerator] (executor-thread-1) 💓 [HEARTBEAT] Invio heartbeat: {"stazioneId":"MI","stato":"ONLINE","timestamp":"2026-08-14T13:35:49.288954675Z","tipoEvento":"HEARTBEAT","bufferSize":0}
2026-08-14 15:35:59,289 INFO  [it.uni.reti2.HeartbeatGenerator] (executor-thread-1) 💓 [HEARTBEAT] Invio heartbeat: {"stazioneId":"MI","stato":"ONLINE","timestamp":"2026-08-14T13:35:59.288956148Z","tipoEvento":"HEARTBEAT","bufferSize":0}
2026-08-14 15:36:09,291 INFO  [it.uni.reti2.HeartbeatGenerator] (executor-thread-1) 💓 [HEARTBEAT] Invio heartbeat: {"stazioneId":"MI","stato":"ONLINE","timestamp":"2026-08-14T13:36:09.291059391Z","tipoEvento":"HEARTBEAT","bufferSize":0}
2026-08-14 15:36:19,288 INFO  [it.uni.reti2.HeartbeatGenerator] (executor-thread-1) 💓 [HEARTBEAT] Invio heartbeat: {"stazioneId":"MI","stato":"ONLINE","timestamp":"2026-08-14T13:36:19.288577473Z","tipoEvento":"HEARTBEAT","bufferSize":0}
2026-08-14 15:36:29,288 INFO  [it.uni.reti2.HeartbeatGenerator] (executor-thread-1) 💓 [HEARTBEAT] Invio heartbeat: {"stazioneId":"MI","stato":"ONLINE","timestamp":"2026-08-14T13:36:29.288953433Z","tipoEvento":"HEARTBEAT","bufferSize":0}
2026-08-14 15:36:39,289 INFO  [it.uni.reti2.HeartbeatGenerator] (executor-thread-1) 💓 [HEARTBEAT] Invio heartbeat: {"stazioneId":"MI","stato":"ONLINE","timestamp":"2026-08-14T13:36:39.288993705Z","tipoEvento":"HEARTBEAT","bufferSize":0}
2026-08-14 15:36:49,288 INFO  [it.uni.reti2.HeartbeatGenerator] (executor-thread-1) 💓 [HEARTBEAT] Invio heartbeat: {"stazioneId":"MI","stato":"ONLINE","timestamp":"2026-08-14T13:36:49.288895257Z","tipoEvento":"HEARTBEAT","bufferSize":0}
2026-08-14 15:36:59,289 INFO  [it.uni.reti2.HeartbeatGenerator] (executor-thread-1) 💓 [HEARTBEAT] Invio heartbeat: {"stazioneId":"MI","stato":"ONLINE","timestamp":"2026-08-14T13:36:59.289045878Z","tipoEvento":"HEARTBEAT","bufferSize":0}
2026-08-14 15:37:09,288 INFO  [it.uni.reti2.HeartbeatGenerator] (executor-thread-1) 💓 [HEARTBEAT] Invio heartbeat: {"stazioneId":"MI","stato":"ONLINE","timestamp":"2026-08-14T13:37:09.288562917Z","tipoEvento":"HEARTBEAT","bufferSize":0}
2026-08-14 15:37:19,288 INFO  [it.uni.reti2.HeartbeatGenerator] (executor-thread-1) 💓 [HEARTBEAT] Invio heartbeat: {"stazioneId":"MI","stato":"ONLINE","timestamp":"2026-08-14T13:37:19.288796176Z","tipoEvento":"HEARTBEAT","bufferSize":0}
2026-08-14 15:37:24,148 INFO  [it.uni.reti2.StationGateway] (vert.x-eventloop-thread-3) 🚂 [PASSAGGIO] Treno Mario in ENTRATA dalla stazione MI
2026-08-14 15:37:29,288 INFO  [it.uni.reti2.HeartbeatGenerator] (executor-thread-1) 💓 [HEARTBEAT] Invio heartbeat: {"stazioneId":"MI","stato":"ONLINE","timestamp":"2026-08-14T13:37:29.288935995Z","tipoEvento":"HEARTBEAT","bufferSize":0}
2026-08-14 15:37:39,288 INFO  [it.uni.reti2.HeartbeatGenerator] (executor-thread-1) 💓 [HEARTBEAT] Invio heartbeat: {"stazioneId":"MI","stato":"ONLINE","timestamp":"2026-08-14T13:37:39.288944730Z","tipoEvento":"HEARTBEAT","bufferSize":0}
2026-08-14 15:37:45,148 INFO  [it.uni.reti2.StationGateway] (vert.x-eventloop-thread-3) 🚂 [PASSAGGIO] Treno Mario in USCITA dalla stazione MI
2026-08-14 15:37:49,288 INFO  [it.uni.reti2.HeartbeatGenerator] (executor-thread-1) 💓 [HEARTBEAT] Invio heartbeat: {"stazioneId":"MI","stato":"ONLINE","timestamp":"2026-08-14T13:37:49.288630983Z","tipoEvento":"HEARTBEAT","bufferSize":0}
2026-08-14 15:37:59,288 INFO  [it.uni.reti2.HeartbeatGenerator] (executor-thread-1) 💓 [HEARTBEAT] Invio heartbeat: {"stazioneId":"MI","stato":"ONLINE","timestamp":"2026-08-14T13:37:59.288529745Z","tipoEvento":"HEARTBEAT","bufferSize":0}
2026-08-14 15:38:09,288 INFO  [it.uni.reti2.HeartbeatGenerator] (executor-thread-1) 💓 [HEARTBEAT] Invio heartbeat: {"stazioneId":"MI","stato":"ONLINE","timestamp":"2026-08-14T13:38:09.288547346Z","tipoEvento":"HEARTBEAT","bufferSize":0}
2026-08-14 15:38:19,288 INFO  [it.uni.reti2.HeartbeatGenerator] (executor-thread-1) 💓 [HEARTBEAT] Invio heartbeat: {"stazioneId":"MI","stato":"ONLINE","timestamp":"2026-08-14T13:38:19.288942204Z","tipoEvento":"HEARTBEAT","bufferSize":0}
2026-08-14 15:38:29,288 INFO  [it.uni.reti2.HeartbeatGenerator] (executor-thread-1) 💓 [HEARTBEAT] Invio heartbeat: {"stazioneId":"MI","stato":"ONLINE","timestamp":"2026-08-14T13:38:29.288483507Z","tipoEvento":"HEARTBEAT","bufferSize":0}
2026-08-14 15:38:39,288 INFO  [it.uni.reti2.HeartbeatGenerator] (executor-thread-1) 💓 [HEARTBEAT] Invio heartbeat: {"stazioneId":"MI","stato":"ONLINE","timestamp":"2026-08-14T13:38:39.288713155Z","tipoEvento":"HEARTBEAT","bufferSize":0}
2026-08-14 15:38:49,288 INFO  [it.uni.reti2.HeartbeatGenerator] (executor-thread-1) 💓 [HEARTBEAT] Invio heartbeat: {"stazioneId":"MI","stato":"ONLINE","timestamp":"2026-08-14T13:38:49.288541783Z","tipoEvento":"HEARTBEAT","bufferSize":0}
2026-08-14 15:38:58,148 INFO  [it.uni.reti2.StationGateway] (vert.x-eventloop-thread-3) 🚂 [PASSAGGIO] Treno tenoAmmazzaRicchi in ENTRATA dalla stazione MI
2026-08-14 15:38:59,288 INFO  [it.uni.reti2.HeartbeatGenerator] (executor-thread-1) 💓 [HEARTBEAT] Invio heartbeat: {"stazioneId":"MI","stato":"ONLINE","timestamp":"2026-08-14T13:38:59.288542900Z","tipoEvento":"HEARTBEAT","bufferSize":0}
2026-08-14 15:39:09,288 INFO  [it.uni.reti2.HeartbeatGenerator] (executor-thread-1) 💓 [HEARTBEAT] Invio heartbeat: {"stazioneId":"MI","stato":"ONLINE","timestamp":"2026-08-14T13:39:09.288525037Z","tipoEvento":"HEARTBEAT","bufferSize":0}
2026-08-14 15:39:19,147 INFO  [it.uni.reti2.StationGateway] (vert.x-eventloop-thread-3) 🚂 [PASSAGGIO] Treno tenoAmmazzaRicchi in USCITA dalla stazione MI
2026-08-14 15:39:19,288 INFO  [it.uni.reti2.HeartbeatGenerator] (executor-thread-1) 💓 [HEARTBEAT] Invio heartbeat: {"stazioneId":"MI","stato":"ONLINE","timestamp":"2026-08-14T13:39:19.288945741Z","tipoEvento":"HEARTBEAT","bufferSize":0}
2026-08-14 15:39:29,288 INFO  [it.uni.reti2.HeartbeatGenerator] (executor-thread-1) 💓 [HEARTBEAT] Invio heartbeat: {"stazioneId":"MI","stato":"ONLINE","timestamp":"2026-08-14T13:39:29.288475010Z","tipoEvento":"HEARTBEAT","bufferSize":0}
2026-08-14 15:39:39,288 INFO  [it.uni.reti2.HeartbeatGenerator] (executor-thread-1) 💓 [HEARTBEAT] Invio heartbeat: {"stazioneId":"MI","stato":"ONLINE","timestamp":"2026-08-14T13:39:39.288526403Z","tipoEvento":"HEARTBEAT","bufferSize":0}
2026-08-14 15:39:49,288 INFO  [it.uni.reti2.HeartbeatGenerator] (executor-thread-1) 💓 [HEARTBEAT] Invio heartbeat: {"stazioneId":"MI","stato":"ONLINE","timestamp":"2026-08-14T13:39:49.288395572Z","tipoEvento":"HEARTBEAT","bufferSize":0}
2026-08-14 15:39:59,288 INFO  [it.uni.reti2.HeartbeatGenerator] (executor-thread-1) 💓 [HEARTBEAT] Invio heartbeat: {"stazioneId":"MI","stato":"ONLINE","timestamp":"2026-08-14T13:39:59.288472447Z","tipoEvento":"HEARTBEAT","bufferSize":0}
2026-08-14 15:40:09,288 INFO  [it.uni.reti2.HeartbeatGenerator] (executor-thread-1) 💓 [HEARTBEAT] Invio heartbeat: {"stazioneId":"MI","stato":"ONLINE","timestamp":"2026-08-14T13:40:09.288502600Z","tipoEvento":"HEARTBEAT","bufferSize":0}
2026-08-14 15:40:19,288 INFO  [it.uni.reti2.HeartbeatGenerator] (executor-thread-1) 💓 [HEARTBEAT] Invio heartbeat: {"stazioneId":"MI","stato":"ONLINE","timestamp":"2026-08-14T13:40:19.288436768Z","tipoEvento":"HEARTBEAT","bufferSize":0}
2026-08-14 15:40:29,288 INFO  [it.uni.reti2.HeartbeatGenerator] (executor-thread-1) 💓 [HEARTBEAT] Invio heartbeat: {"stazioneId":"MI","stato":"ONLINE","timestamp":"2026-08-14T13:40:29.288424400Z","tipoEvento":"HEARTBEAT","bufferSize":0}
2026-08-14 15:40:39,288 INFO  [it.uni.reti2.HeartbeatGenerator] (executor-thread-1) 💓 [HEARTBEAT] Invio heartbeat: {"stazioneId":"MI","stato":"ONLINE","timestamp":"2026-08-14T13:40:39.288481683Z","tipoEvento":"HEARTBEAT","bufferSize":0}
2026-08-14 15:40:49,288 INFO  [it.uni.reti2.HeartbeatGenerator] (executor-thread-1) 💓 [HEARTBEAT] Invio heartbeat: {"stazioneId":"MI","stato":"ONLINE","timestamp":"2026-08-14T13:40:49.288513881Z","tipoEvento":"HEARTBEAT","bufferSize":0}
2026-08-14 15:40:59,288 INFO  [it.uni.reti2.HeartbeatGenerator] (executor-thread-1) 💓 [HEARTBEAT] Invio heartbeat: {"stazioneId":"MI","stato":"ONLINE","timestamp":"2026-08-14T13:40:59.288419635Z","tipoEvento":"HEARTBEAT","bufferSize":0}
2026-08-14 15:41:09,288 INFO  [it.uni.reti2.HeartbeatGenerator] (executor-thread-1) 💓 [HEARTBEAT] Invio heartbeat: {"stazioneId":"MI","stato":"ONLINE","timestamp":"2026-08-14T13:41:09.288426801Z","tipoEvento":"HEARTBEAT","bufferSize":0}
2026-08-14 15:41:19,288 INFO  [it.uni.reti2.HeartbeatGenerator] (executor-thread-1) 💓 [HEARTBEAT] Invio heartbeat: {"stazioneId":"MI","stato":"ONLINE","timestamp":"2026-08-14T13:41:19.288416866Z","tipoEvento":"HEARTBEAT","bufferSize":0}
2026-08-14 15:41:29,288 INFO  [it.uni.reti2.HeartbeatGenerator] (executor-thread-1) 💓 [HEARTBEAT] Invio heartbeat: {"stazioneId":"MI","stato":"ONLINE","timestamp":"2026-08-14T13:41:29.288612527Z","tipoEvento":"HEARTBEAT","bufferSize":0}
2026-08-14 15:41:39,288 INFO  [it.uni.reti2.HeartbeatGenerator] (executor-thread-1) 💓 [HEARTBEAT] Invio heartbeat: {"stazioneId":"MI","stato":"ONLINE","timestamp":"2026-08-14T13:41:39.288604255Z","tipoEvento":"HEARTBEAT","bufferSize":0}
2026-08-14 15:41:49,288 INFO  [it.uni.reti2.HeartbeatGenerator] (executor-thread-1) 💓 [HEARTBEAT] Invio heartbeat: {"stazioneId":"MI","stato":"ONLINE","timestamp":"2026-08-14T13:41:49.288935414Z","tipoEvento":"HEARTBEAT","bufferSize":0}
2026-08-14 15:41:59,289 INFO  [it.uni.reti2.HeartbeatGenerator] (executor-thread-1) 💓 [HEARTBEAT] Invio heartbeat: {"stazioneId":"MI","stato":"ONLINE","timestamp":"2026-08-14T13:41:59.288966748Z","tipoEvento":"HEARTBEAT","bufferSize":0}
2026-08-14 15:42:09,288 INFO  [it.uni.reti2.HeartbeatGenerator] (executor-thread-1) 💓 [HEARTBEAT] Invio heartbeat: {"stazioneId":"MI","stato":"ONLINE","timestamp":"2026-08-14T13:42:09.288499126Z","tipoEvento":"HEARTBEAT","bufferSize":0}
2026-08-14 15:42:19,289 INFO  [it.uni.reti2.HeartbeatGenerator] (executor-thread-1) 💓 [HEARTBEAT] Invio heartbeat: {"stazioneId":"MI","stato":"ONLINE","timestamp":"2026-08-14T13:42:19.289464573Z","tipoEvento":"HEARTBEAT","bufferSize":0}
2026-08-14 15:42:29,288 INFO  [it.uni.reti2.HeartbeatGenerator] (executor-thread-1) 💓 [HEARTBEAT] Invio heartbeat: {"stazioneId":"MI","stato":"ONLINE","timestamp":"2026-08-14T13:42:29.288504333Z","tipoEvento":"HEARTBEAT","bufferSize":0}
2026-08-14 15:42:39,289 INFO  [it.uni.reti2.HeartbeatGenerator] (executor-thread-1) 💓 [HEARTBEAT] Invio heartbeat: {"stazioneId":"MI","stato":"ONLINE","timestamp":"2026-08-14T13:42:39.289052975Z","tipoEvento":"HEARTBEAT","bufferSize":0}
2026-08-14 15:42:49,288 INFO  [it.uni.reti2.HeartbeatGenerator] (executor-thread-1) 💓 [HEARTBEAT] Invio heartbeat: {"stazioneId":"MI","stato":"ONLINE","timestamp":"2026-08-14T13:42:49.288535684Z","tipoEvento":"HEARTBEAT","bufferSize":0}
2026-08-14 15:42:59,288 INFO  [it.uni.reti2.HeartbeatGenerator] (executor-thread-1) 💓 [HEARTBEAT] Invio heartbeat: {"stazioneId":"MI","stato":"ONLINE","timestamp":"2026-08-14T13:42:59.288614508Z","tipoEvento":"HEARTBEAT","bufferSize":0}
2026-08-14 15:43:01,147 INFO  [it.uni.reti2.StationGateway] (vert.x-eventloop-thread-3) 🚂 [PASSAGGIO] Treno tenoAmmazzaRicchi in ENTRATA dalla stazione MI
2026-08-14 15:43:09,288 INFO  [it.uni.reti2.HeartbeatGenerator] (executor-thread-1) 💓 [HEARTBEAT] Invio heartbeat: {"stazioneId":"MI","stato":"ONLINE","timestamp":"2026-08-14T13:43:09.288572755Z","tipoEvento":"HEARTBEAT","bufferSize":0}
2026-08-14 15:43:19,288 INFO  [it.uni.reti2.HeartbeatGenerator] (executor-thread-1) 💓 [HEARTBEAT] Invio heartbeat: {"stazioneId":"MI","stato":"ONLINE","timestamp":"2026-08-14T13:43:19.288466561Z","tipoEvento":"HEARTBEAT","bufferSize":0}
2026-08-14 15:43:21,147 INFO  [it.uni.reti2.StationGateway] (vert.x-eventloop-thread-3) 🚂 [PASSAGGIO] Treno tenoAmmazzaRicchi in USCITA dalla stazione MI
2026-08-14 15:43:29,288 INFO  [it.uni.reti2.HeartbeatGenerator] (executor-thread-1) 💓 [HEARTBEAT] Invio heartbeat: {"stazioneId":"MI","stato":"ONLINE","timestamp":"2026-08-14T13:43:29.288470267Z","tipoEvento":"HEARTBEAT","bufferSize":0}
2026-08-14 15:43:39,288 INFO  [it.uni.reti2.HeartbeatGenerator] (executor-thread-1) 💓 [HEARTBEAT] Invio heartbeat: {"stazioneId":"MI","stato":"ONLINE","timestamp":"2026-08-14T13:43:39.288581375Z","tipoEvento":"HEARTBEAT","bufferSize":0}
2026-08-14 15:43:49,288 INFO  [it.uni.reti2.HeartbeatGenerator] (executor-thread-1) 💓 [HEARTBEAT] Invio heartbeat: {"stazioneId":"MI","stato":"ONLINE","timestamp":"2026-08-14T13:43:49.288761748Z","tipoEvento":"HEARTBEAT","bufferSize":0}
2026-08-14 15:43:59,288 INFO  [it.uni.reti2.HeartbeatGenerator] (executor-thread-1) 💓 [HEARTBEAT] Invio heartbeat: {"stazioneId":"MI","stato":"ONLINE","timestamp":"2026-08-14T13:43:59.288506377Z","tipoEvento":"HEARTBEAT","bufferSize":0}
2026-08-14 15:44:09,288 INFO  [it.uni.reti2.HeartbeatGenerator] (executor-thread-1) 💓 [HEARTBEAT] Invio heartbeat: {"stazioneId":"MI","stato":"ONLINE","timestamp":"2026-08-14T13:44:09.288504077Z","tipoEvento":"HEARTBEAT","bufferSize":0}
2026-08-14 15:44:19,288 INFO  [it.uni.reti2.HeartbeatGenerator] (executor-thread-1) 💓 [HEARTBEAT] Invio heartbeat: {"stazioneId":"MI","stato":"ONLINE","timestamp":"2026-08-14T13:44:19.288456208Z","tipoEvento":"HEARTBEAT","bufferSize":0}
2026-08-14 15:44:29,288 INFO  [it.uni.reti2.HeartbeatGenerator] (executor-thread-1) 💓 [HEARTBEAT] Invio heartbeat: {"stazioneId":"MI","stato":"ONLINE","timestamp":"2026-08-14T13:44:29.288524111Z","tipoEvento":"HEARTBEAT","bufferSize":0}
2026-08-14 15:44:39,288 INFO  [it.uni.reti2.HeartbeatGenerator] (executor-thread-1) 💓 [HEARTBEAT] Invio heartbeat: {"stazioneId":"MI","stato":"ONLINE","timestamp":"2026-08-14T13:44:39.288786305Z","tipoEvento":"HEARTBEAT","bufferSize":0}
2026-08-14 15:44:49,288 INFO  [it.uni.reti2.HeartbeatGenerator] (executor-thread-1) 💓 [HEARTBEAT] Invio heartbeat: {"stazioneId":"MI","stato":"ONLINE","timestamp":"2026-08-14T13:44:49.288603772Z","tipoEvento":"HEARTBEAT","bufferSize":0}
2026-08-14 15:44:59,288 INFO  [it.uni.reti2.HeartbeatGenerator] (executor-thread-1) 💓 [HEARTBEAT] Invio heartbeat: {"stazioneId":"MI","stato":"ONLINE","timestamp":"2026-08-14T13:44:59.288960122Z","tipoEvento":"HEARTBEAT","bufferSize":0}
2026-08-14 15:45:09,288 INFO  [it.uni.reti2.HeartbeatGenerator] (executor-thread-1) 💓 [HEARTBEAT] Invio heartbeat: {"stazioneId":"MI","stato":"ONLINE","timestamp":"2026-08-14T13:45:09.288505476Z","tipoEvento":"HEARTBEAT","bufferSize":0}
2026-08-14 15:45:19,288 INFO  [it.uni.reti2.HeartbeatGenerator] (executor-thread-1) 💓 [HEARTBEAT] Invio heartbeat: {"stazioneId":"MI","stato":"ONLINE","timestamp":"2026-08-14T13:45:19.288570634Z","tipoEvento":"HEARTBEAT","bufferSize":0}
2026-08-14 15:45:29,288 INFO  [it.uni.reti2.HeartbeatGenerator] (executor-thread-1) 💓 [HEARTBEAT] Invio heartbeat: {"stazioneId":"MI","stato":"ONLINE","timestamp":"2026-08-14T13:45:29.288515531Z","tipoEvento":"HEARTBEAT","bufferSize":0}
2026-08-14 15:45:39,288 INFO  [it.uni.reti2.HeartbeatGenerator] (executor-thread-1) 💓 [HEARTBEAT] Invio heartbeat: {"stazioneId":"MI","stato":"ONLINE","timestamp":"2026-08-14T13:45:39.288504222Z","tipoEvento":"HEARTBEAT","bufferSize":0}
2026-08-14 15:45:49,288 INFO  [it.uni.reti2.HeartbeatGenerator] (executor-thread-1) 💓 [HEARTBEAT] Invio heartbeat: {"stazioneId":"MI","stato":"ONLINE","timestamp":"2026-08-14T13:45:49.288477179Z","tipoEvento":"HEARTBEAT","bufferSize":0}
2026-08-14 15:45:59,288 INFO  [it.uni.reti2.HeartbeatGenerator] (executor-thread-1) 💓 [HEARTBEAT] Invio heartbeat: {"stazioneId":"MI","stato":"ONLINE","timestamp":"2026-08-14T13:45:59.288923168Z","tipoEvento":"HEARTBEAT","bufferSize":0}
2026-08-14 15:46:09,288 INFO  [it.uni.reti2.HeartbeatGenerator] (executor-thread-1) 💓 [HEARTBEAT] Invio heartbeat: {"stazioneId":"MI","stato":"ONLINE","timestamp":"2026-08-14T13:46:09.288523067Z","tipoEvento":"HEARTBEAT","bufferSize":0}
2026-08-14 15:46:19,289 INFO  [it.uni.reti2.HeartbeatGenerator] (executor-thread-1) 💓 [HEARTBEAT] Invio heartbeat: {"stazioneId":"MI","stato":"ONLINE","timestamp":"2026-08-14T13:46:19.289446988Z","tipoEvento":"HEARTBEAT","bufferSize":0}
2026-08-14 15:46:29,288 INFO  [it.uni.reti2.HeartbeatGenerator] (executor-thread-1) 💓 [HEARTBEAT] Invio heartbeat: {"stazioneId":"MI","stato":"ONLINE","timestamp":"2026-08-14T13:46:29.288511127Z","tipoEvento":"HEARTBEAT","bufferSize":0}
2026-08-14 15:46:39,288 INFO  [it.uni.reti2.HeartbeatGenerator] (executor-thread-1) 💓 [HEARTBEAT] Invio heartbeat: {"stazioneId":"MI","stato":"ONLINE","timestamp":"2026-08-14T13:46:39.288902825Z","tipoEvento":"HEARTBEAT","bufferSize":0}
2026-08-14 15:46:49,288 INFO  [it.uni.reti2.HeartbeatGenerator] (executor-thread-1) 💓 [HEARTBEAT] Invio heartbeat: {"stazioneId":"MI","stato":"ONLINE","timestamp":"2026-08-14T13:46:49.288508259Z","tipoEvento":"HEARTBEAT","bufferSize":0}
2026-08-14 15:46:59,314 INFO  [it.uni.reti2.HeartbeatGenerator] (executor-thread-1) 💓 [HEARTBEAT] Invio heartbeat: {"stazioneId":"MI","stato":"ONLINE","timestamp":"2026-08-14T13:46:59.314240824Z","tipoEvento":"HEARTBEAT","bufferSize":0}
2026-08-14 15:47:09,289 INFO  [it.uni.reti2.HeartbeatGenerator] (executor-thread-1) 💓 [HEARTBEAT] Invio heartbeat: {"stazioneId":"MI","stato":"ONLINE","timestamp":"2026-08-14T13:47:09.288967535Z","tipoEvento":"HEARTBEAT","bufferSize":0}
2026-08-14 15:47:19,288 INFO  [it.uni.reti2.HeartbeatGenerator] (executor-thread-1) 💓 [HEARTBEAT] Invio heartbeat: {"stazioneId":"MI","stato":"ONLINE","timestamp":"2026-08-14T13:47:19.288534755Z","tipoEvento":"HEARTBEAT","bufferSize":0}
2026-08-14 15:47:29,288 INFO  [it.uni.reti2.HeartbeatGenerator] (executor-thread-1) 💓 [HEARTBEAT] Invio heartbeat: {"stazioneId":"MI","stato":"ONLINE","timestamp":"2026-08-14T13:47:29.288444204Z","tipoEvento":"HEARTBEAT","bufferSize":0}
2026-08-14 15:47:39,288 INFO  [it.uni.reti2.HeartbeatGenerator] (executor-thread-1) 💓 [HEARTBEAT] Invio heartbeat: {"stazioneId":"MI","stato":"ONLINE","timestamp":"2026-08-14T13:47:39.288441248Z","tipoEvento":"HEARTBEAT","bufferSize":0}
2026-08-14 15:47:49,288 INFO  [it.uni.reti2.HeartbeatGenerator] (executor-thread-1) 💓 [HEARTBEAT] Invio heartbeat: {"stazioneId":"MI","stato":"ONLINE","timestamp":"2026-08-14T13:47:49.288448433Z","tipoEvento":"HEARTBEAT","bufferSize":0}
2026-08-14 15:47:59,288 INFO  [it.uni.reti2.HeartbeatGenerator] (executor-thread-1) 💓 [HEARTBEAT] Invio heartbeat: {"stazioneId":"MI","stato":"ONLINE","timestamp":"2026-08-14T13:47:59.288472360Z","tipoEvento":"HEARTBEAT","bufferSize":0}
2026-08-14 15:48:09,288 INFO  [it.uni.reti2.HeartbeatGenerator] (executor-thread-1) 💓 [HEARTBEAT] Invio heartbeat: {"stazioneId":"MI","stato":"ONLINE","timestamp":"2026-08-14T13:48:09.288359650Z","tipoEvento":"HEARTBEAT","bufferSize":0}
2026-08-14 15:48:19,288 INFO  [it.uni.reti2.HeartbeatGenerator] (executor-thread-1) 💓 [HEARTBEAT] Invio heartbeat: {"stazioneId":"MI","stato":"ONLINE","timestamp":"2026-08-14T13:48:19.288357255Z","tipoEvento":"HEARTBEAT","bufferSize":0}
2026-08-14 15:48:29,288 INFO  [it.uni.reti2.HeartbeatGenerator] (executor-thread-1) 💓 [HEARTBEAT] Invio heartbeat: {"stazioneId":"MI","stato":"ONLINE","timestamp":"2026-08-14T13:48:29.288373518Z","tipoEvento":"HEARTBEAT","bufferSize":0}
2026-08-14 15:48:39,288 INFO  [it.uni.reti2.HeartbeatGenerator] (executor-thread-1) 💓 [HEARTBEAT] Invio heartbeat: {"stazioneId":"MI","stato":"ONLINE","timestamp":"2026-08-14T13:48:39.288477443Z","tipoEvento":"HEARTBEAT","bufferSize":0}
2026-08-14 15:48:49,288 INFO  [it.uni.reti2.HeartbeatGenerator] (executor-thread-1) 💓 [HEARTBEAT] Invio heartbeat: {"stazioneId":"MI","stato":"ONLINE","timestamp":"2026-08-14T13:48:49.288497690Z","tipoEvento":"HEARTBEAT","bufferSize":0}
2026-08-14 15:48:55,148 INFO  [it.uni.reti2.StationGateway] (vert.x-eventloop-thread-3) 🚂 [PASSAGGIO] Treno Mario in ENTRATA dalla stazione MI
2026-08-14 15:48:59,289 INFO  [it.uni.reti2.HeartbeatGenerator] (executor-thread-1) 💓 [HEARTBEAT] Invio heartbeat: {"stazioneId":"MI","stato":"ONLINE","timestamp":"2026-08-14T13:48:59.288954083Z","tipoEvento":"HEARTBEAT","bufferSize":0}
2026-08-14 15:49:09,288 INFO  [it.uni.reti2.HeartbeatGenerator] (executor-thread-1) 💓 [HEARTBEAT] Invio heartbeat: {"stazioneId":"MI","stato":"ONLINE","timestamp":"2026-08-14T13:49:09.288485042Z","tipoEvento":"HEARTBEAT","bufferSize":0}
2026-08-14 15:49:15,148 INFO  [it.uni.reti2.StationGateway] (vert.x-eventloop-thread-3) 🚂 [PASSAGGIO] Treno Mario in USCITA dalla stazione MI
2026-08-14 15:49:19,288 INFO  [it.uni.reti2.HeartbeatGenerator] (executor-thread-1) 💓 [HEARTBEAT] Invio heartbeat: {"stazioneId":"MI","stato":"ONLINE","timestamp":"2026-08-14T13:49:19.288524146Z","tipoEvento":"HEARTBEAT","bufferSize":0}
2026-08-14 15:49:29,288 INFO  [it.uni.reti2.HeartbeatGenerator] (executor-thread-1) 💓 [HEARTBEAT] Invio heartbeat: {"stazioneId":"MI","stato":"ONLINE","timestamp":"2026-08-14T13:49:29.288481802Z","tipoEvento":"HEARTBEAT","bufferSize":0}
2026-08-14 15:49:39,288 INFO  [it.uni.reti2.HeartbeatGenerator] (executor-thread-1) 💓 [HEARTBEAT] Invio heartbeat: {"stazioneId":"MI","stato":"ONLINE","timestamp":"2026-08-14T13:49:39.288362070Z","tipoEvento":"HEARTBEAT","bufferSize":0}
2026-08-14 15:49:49,288 INFO  [it.uni.reti2.HeartbeatGenerator] (executor-thread-1) 💓 [HEARTBEAT] Invio heartbeat: {"stazioneId":"MI","stato":"ONLINE","timestamp":"2026-08-14T13:49:49.288460928Z","tipoEvento":"HEARTBEAT","bufferSize":0}
2026-08-14 15:49:59,288 INFO  [it.uni.reti2.HeartbeatGenerator] (executor-thread-1) 💓 [HEARTBEAT] Invio heartbeat: {"stazioneId":"MI","stato":"ONLINE","timestamp":"2026-08-14T13:49:59.288448045Z","tipoEvento":"HEARTBEAT","bufferSize":0}
2026-08-14 15:50:09,289 INFO  [it.uni.reti2.HeartbeatGenerator] (executor-thread-1) 💓 [HEARTBEAT] Invio heartbeat: {"stazioneId":"MI","stato":"ONLINE","timestamp":"2026-08-14T13:50:09.289081352Z","tipoEvento":"HEARTBEAT","bufferSize":0}
2026-08-14 15:50:19,288 INFO  [it.uni.reti2.HeartbeatGenerator] (executor-thread-1) 💓 [HEARTBEAT] Invio heartbeat: {"stazioneId":"MI","stato":"ONLINE","timestamp":"2026-08-14T13:50:19.288522698Z","tipoEvento":"HEARTBEAT","bufferSize":0}
2026-08-14 15:50:29,288 INFO  [it.uni.reti2.HeartbeatGenerator] (executor-thread-1) 💓 [HEARTBEAT] Invio heartbeat: {"stazioneId":"MI","stato":"ONLINE","timestamp":"2026-08-14T13:50:29.288812566Z","tipoEvento":"HEARTBEAT","bufferSize":0}
2026-08-14 15:50:39,288 INFO  [it.uni.reti2.HeartbeatGenerator] (executor-thread-1) 💓 [HEARTBEAT] Invio heartbeat: {"stazioneId":"MI","stato":"ONLINE","timestamp":"2026-08-14T13:50:39.288560554Z","tipoEvento":"HEARTBEAT","bufferSize":0}
2026-08-14 15:50:49,289 INFO  [it.uni.reti2.HeartbeatGenerator] (executor-thread-1) 💓 [HEARTBEAT] Invio heartbeat: {"stazioneId":"MI","stato":"ONLINE","timestamp":"2026-08-14T13:50:49.288931211Z","tipoEvento":"HEARTBEAT","bufferSize":0}
2026-08-14 15:50:59,288 INFO  [it.uni.reti2.HeartbeatGenerator] (executor-thread-1) 💓 [HEARTBEAT] Invio heartbeat: {"stazioneId":"MI","stato":"ONLINE","timestamp":"2026-08-14T13:50:59.288591134Z","tipoEvento":"HEARTBEAT","bufferSize":0}
2026-08-14 15:51:09,288 INFO  [it.uni.reti2.HeartbeatGenerator] (executor-thread-1) 💓 [HEARTBEAT] Invio heartbeat: {"stazioneId":"MI","stato":"ONLINE","timestamp":"2026-08-14T13:51:09.288547554Z","tipoEvento":"HEARTBEAT","bufferSize":0}
2026-08-14 15:51:19,289 INFO  [it.uni.reti2.HeartbeatGenerator] (executor-thread-1) 💓 [HEARTBEAT] Invio heartbeat: {"stazioneId":"MI","stato":"ONLINE","timestamp":"2026-08-14T13:51:19.288924896Z","tipoEvento":"HEARTBEAT","bufferSize":0}
2026-08-14 15:51:29,288 INFO  [it.uni.reti2.HeartbeatGenerator] (executor-thread-1) 💓 [HEARTBEAT] Invio heartbeat: {"stazioneId":"MI","stato":"ONLINE","timestamp":"2026-08-14T13:51:29.288506994Z","tipoEvento":"HEARTBEAT","bufferSize":0}
2026-08-14 15:51:39,288 INFO  [it.uni.reti2.HeartbeatGenerator] (executor-thread-1) 💓 [HEARTBEAT] Invio heartbeat: {"stazioneId":"MI","stato":"ONLINE","timestamp":"2026-08-14T13:51:39.288746783Z","tipoEvento":"HEARTBEAT","bufferSize":0}
2026-08-14 15:51:49,288 INFO  [it.uni.reti2.HeartbeatGenerator] (executor-thread-1) 💓 [HEARTBEAT] Invio heartbeat: {"stazioneId":"MI","stato":"ONLINE","timestamp":"2026-08-14T13:51:49.288777803Z","tipoEvento":"HEARTBEAT","bufferSize":0}
2026-08-14 15:51:59,288 INFO  [it.uni.reti2.HeartbeatGenerator] (executor-thread-1) 💓 [HEARTBEAT] Invio heartbeat: {"stazioneId":"MI","stato":"ONLINE","timestamp":"2026-08-14T13:51:59.288884123Z","tipoEvento":"HEARTBEAT","bufferSize":0}
2026-08-14 15:52:09,289 INFO  [it.uni.reti2.HeartbeatGenerator] (executor-thread-1) 💓 [HEARTBEAT] Invio heartbeat: {"stazioneId":"MI","stato":"ONLINE","timestamp":"2026-08-14T13:52:09.289271028Z","tipoEvento":"HEARTBEAT","bufferSize":0}
2026-08-14 15:52:19,289 INFO  [it.uni.reti2.HeartbeatGenerator] (executor-thread-1) 💓 [HEARTBEAT] Invio heartbeat: {"stazioneId":"MI","stato":"ONLINE","timestamp":"2026-08-14T13:52:19.289012033Z","tipoEvento":"HEARTBEAT","bufferSize":0}
2026-08-14 15:52:29,288 INFO  [it.uni.reti2.HeartbeatGenerator] (executor-thread-1) 💓 [HEARTBEAT] Invio heartbeat: {"stazioneId":"MI","stato":"ONLINE","timestamp":"2026-08-14T13:52:29.288604520Z","tipoEvento":"HEARTBEAT","bufferSize":0}
2026-08-14 15:52:39,288 INFO  [it.uni.reti2.HeartbeatGenerator] (executor-thread-1) 💓 [HEARTBEAT] Invio heartbeat: {"stazioneId":"MI","stato":"ONLINE","timestamp":"2026-08-14T13:52:39.288493985Z","tipoEvento":"HEARTBEAT","bufferSize":0}
2026-08-14 15:52:49,288 INFO  [it.uni.reti2.HeartbeatGenerator] (executor-thread-1) 💓 [HEARTBEAT] Invio heartbeat: {"stazioneId":"MI","stato":"ONLINE","timestamp":"2026-08-14T13:52:49.288866400Z","tipoEvento":"HEARTBEAT","bufferSize":0}
2026-08-14 15:52:57,147 INFO  [it.uni.reti2.StationGateway] (vert.x-eventloop-thread-3) 🚂 [PASSAGGIO] Treno Mario in ENTRATA dalla stazione MI
2026-08-14 15:52:59,289 INFO  [it.uni.reti2.HeartbeatGenerator] (executor-thread-1) 💓 [HEARTBEAT] Invio heartbeat: {"stazioneId":"MI","stato":"ONLINE","timestamp":"2026-08-14T13:52:59.288969886Z","tipoEvento":"HEARTBEAT","bufferSize":0}
2026-08-14 15:53:09,288 INFO  [it.uni.reti2.HeartbeatGenerator] (executor-thread-1) 💓 [HEARTBEAT] Invio heartbeat: {"stazioneId":"MI","stato":"ONLINE","timestamp":"2026-08-14T13:53:09.288787441Z","tipoEvento":"HEARTBEAT","bufferSize":0}
2026-08-14 15:53:17,148 INFO  [it.uni.reti2.StationGateway] (vert.x-eventloop-thread-3) 🚂 [PASSAGGIO] Treno Mario in USCITA dalla stazione MI
2026-08-14 15:53:19,288 INFO  [it.uni.reti2.HeartbeatGenerator] (executor-thread-1) 💓 [HEARTBEAT] Invio heartbeat: {"stazioneId":"MI","stato":"ONLINE","timestamp":"2026-08-14T13:53:19.288497632Z","tipoEvento":"HEARTBEAT","bufferSize":0}
2026-08-14 15:53:29,289 INFO  [it.uni.reti2.HeartbeatGenerator] (executor-thread-1) 💓 [HEARTBEAT] Invio heartbeat: {"stazioneId":"MI","stato":"ONLINE","timestamp":"2026-08-14T13:53:29.289071632Z","tipoEvento":"HEARTBEAT","bufferSize":0}
2026-08-14 15:53:39,288 INFO  [it.uni.reti2.HeartbeatGenerator] (executor-thread-1) 💓 [HEARTBEAT] Invio heartbeat: {"stazioneId":"MI","stato":"ONLINE","timestamp":"2026-08-14T13:53:39.288925179Z","tipoEvento":"HEARTBEAT","bufferSize":0}
2026-08-14 15:53:49,288 INFO  [it.uni.reti2.HeartbeatGenerator] (executor-thread-1) 💓 [HEARTBEAT] Invio heartbeat: {"stazioneId":"MI","stato":"ONLINE","timestamp":"2026-08-14T13:53:49.288586570Z","tipoEvento":"HEARTBEAT","bufferSize":0}
2026-08-14 15:53:59,288 INFO  [it.uni.reti2.HeartbeatGenerator] (executor-thread-1) 💓 [HEARTBEAT] Invio heartbeat: {"stazioneId":"MI","stato":"ONLINE","timestamp":"2026-08-14T13:53:59.288870352Z","tipoEvento":"HEARTBEAT","bufferSize":0}
2026-08-14 15:54:09,288 INFO  [it.uni.reti2.HeartbeatGenerator] (executor-thread-1) 💓 [HEARTBEAT] Invio heartbeat: {"stazioneId":"MI","stato":"ONLINE","timestamp":"2026-08-14T13:54:09.288571364Z","tipoEvento":"HEARTBEAT","bufferSize":0}
2026-08-14 15:54:19,289 INFO  [it.uni.reti2.HeartbeatGenerator] (executor-thread-1) 💓 [HEARTBEAT] Invio heartbeat: {"stazioneId":"MI","stato":"ONLINE","timestamp":"2026-08-14T13:54:19.288912493Z","tipoEvento":"HEARTBEAT","bufferSize":0}
2026-08-14 15:54:29,289 INFO  [it.uni.reti2.HeartbeatGenerator] (executor-thread-1) 💓 [HEARTBEAT] Invio heartbeat: {"stazioneId":"MI","stato":"ONLINE","timestamp":"2026-08-14T13:54:29.288898273Z","tipoEvento":"HEARTBEAT","bufferSize":0}
2026-08-14 15:54:30,154 INFO  [it.uni.reti2.StationGateway] (vert.x-eventloop-thread-3) 🚂 [PASSAGGIO] Treno tenoAmmazzaRicchi in ENTRATA dalla stazione MI
2026-08-14 15:54:39,288 INFO  [it.uni.reti2.HeartbeatGenerator] (executor-thread-1) 💓 [HEARTBEAT] Invio heartbeat: {"stazioneId":"MI","stato":"ONLINE","timestamp":"2026-08-14T13:54:39.288921521Z","tipoEvento":"HEARTBEAT","bufferSize":0}
2026-08-14 15:54:49,288 INFO  [it.uni.reti2.HeartbeatGenerator] (executor-thread-1) 💓 [HEARTBEAT] Invio heartbeat: {"stazioneId":"MI","stato":"ONLINE","timestamp":"2026-08-14T13:54:49.288480035Z","tipoEvento":"HEARTBEAT","bufferSize":0}
2026-08-14 15:54:50,148 INFO  [it.uni.reti2.StationGateway] (vert.x-eventloop-thread-3) 🚂 [PASSAGGIO] Treno tenoAmmazzaRicchi in USCITA dalla stazione MI
2026-08-14 15:54:59,288 INFO  [it.uni.reti2.HeartbeatGenerator] (executor-thread-1) 💓 [HEARTBEAT] Invio heartbeat: {"stazioneId":"MI","stato":"ONLINE","timestamp":"2026-08-14T13:54:59.288496295Z","tipoEvento":"HEARTBEAT","bufferSize":0}
2026-08-14 15:55:09,289 INFO  [it.uni.reti2.HeartbeatGenerator] (executor-thread-1) 💓 [HEARTBEAT] Invio heartbeat: {"stazioneId":"MI","stato":"ONLINE","timestamp":"2026-08-14T13:55:09.288955955Z","tipoEvento":"HEARTBEAT","bufferSize":0}
2026-08-14 15:55:19,289 INFO  [it.uni.reti2.HeartbeatGenerator] (executor-thread-1) 💓 [HEARTBEAT] Invio heartbeat: {"stazioneId":"MI","stato":"ONLINE","timestamp":"2026-08-14T13:55:19.288979144Z","tipoEvento":"HEARTBEAT","bufferSize":0}
2026-08-14 15:55:29,289 INFO  [it.uni.reti2.HeartbeatGenerator] (executor-thread-1) 💓 [HEARTBEAT] Invio heartbeat: {"stazioneId":"MI","stato":"ONLINE","timestamp":"2026-08-14T13:55:29.289106704Z","tipoEvento":"HEARTBEAT","bufferSize":0}
2026-08-14 15:55:39,288 INFO  [it.uni.reti2.HeartbeatGenerator] (executor-thread-1) 💓 [HEARTBEAT] Invio heartbeat: {"stazioneId":"MI","stato":"ONLINE","timestamp":"2026-08-14T13:55:39.288930242Z","tipoEvento":"HEARTBEAT","bufferSize":0}
2026-08-14 15:55:49,289 INFO  [it.uni.reti2.HeartbeatGenerator] (executor-thread-1) 💓 [HEARTBEAT] Invio heartbeat: {"stazioneId":"MI","stato":"ONLINE","timestamp":"2026-08-14T13:55:49.288937162Z","tipoEvento":"HEARTBEAT","bufferSize":0}
2026-08-14 15:55:59,288 INFO  [it.uni.reti2.HeartbeatGenerator] (executor-thread-1) 💓 [HEARTBEAT] Invio heartbeat: {"stazioneId":"MI","stato":"ONLINE","timestamp":"2026-08-14T13:55:59.288554538Z","tipoEvento":"HEARTBEAT","bufferSize":0}
2026-08-14 15:56:09,289 INFO  [it.uni.reti2.HeartbeatGenerator] (executor-thread-1) 💓 [HEARTBEAT] Invio heartbeat: {"stazioneId":"MI","stato":"ONLINE","timestamp":"2026-08-14T13:56:09.288944063Z","tipoEvento":"HEARTBEAT","bufferSize":0}
2026-08-14 15:56:19,289 INFO  [it.uni.reti2.HeartbeatGenerator] (executor-thread-1) 💓 [HEARTBEAT] Invio heartbeat: {"stazioneId":"MI","stato":"ONLINE","timestamp":"2026-08-14T13:56:19.288936732Z","tipoEvento":"HEARTBEAT","bufferSize":0}
2026-08-14 15:56:29,289 INFO  [it.uni.reti2.HeartbeatGenerator] (executor-thread-1) 💓 [HEARTBEAT] Invio heartbeat: {"stazioneId":"MI","stato":"ONLINE","timestamp":"2026-08-14T13:56:29.289414837Z","tipoEvento":"HEARTBEAT","bufferSize":0}
2026-08-14 15:56:39,289 INFO  [it.uni.reti2.HeartbeatGenerator] (executor-thread-1) 💓 [HEARTBEAT] Invio heartbeat: {"stazioneId":"MI","stato":"ONLINE","timestamp":"2026-08-14T13:56:39.289345823Z","tipoEvento":"HEARTBEAT","bufferSize":0}
2026-08-14 15:56:49,288 INFO  [it.uni.reti2.HeartbeatGenerator] (executor-thread-1) 💓 [HEARTBEAT] Invio heartbeat: {"stazioneId":"MI","stato":"ONLINE","timestamp":"2026-08-14T13:56:49.288497402Z","tipoEvento":"HEARTBEAT","bufferSize":0}
2026-08-14 15:56:59,288 INFO  [it.uni.reti2.HeartbeatGenerator] (executor-thread-1) 💓 [HEARTBEAT] Invio heartbeat: {"stazioneId":"MI","stato":"ONLINE","timestamp":"2026-08-14T13:56:59.288839376Z","tipoEvento":"HEARTBEAT","bufferSize":0}
2026-08-14 15:57:09,288 INFO  [it.uni.reti2.HeartbeatGenerator] (executor-thread-1) 💓 [HEARTBEAT] Invio heartbeat: {"stazioneId":"MI","stato":"ONLINE","timestamp":"2026-08-14T13:57:09.288839056Z","tipoEvento":"HEARTBEAT","bufferSize":0}
2026-08-14 15:57:19,288 INFO  [it.uni.reti2.HeartbeatGenerator] (executor-thread-1) 💓 [HEARTBEAT] Invio heartbeat: {"stazioneId":"MI","stato":"ONLINE","timestamp":"2026-08-14T13:57:19.288860543Z","tipoEvento":"HEARTBEAT","bufferSize":0}
2026-08-14 15:57:29,288 INFO  [it.uni.reti2.HeartbeatGenerator] (executor-thread-1) 💓 [HEARTBEAT] Invio heartbeat: {"stazioneId":"MI","stato":"ONLINE","timestamp":"2026-08-14T13:57:29.288720055Z","tipoEvento":"HEARTBEAT","bufferSize":0}
2026-08-14 15:57:39,289 INFO  [it.uni.reti2.HeartbeatGenerator] (executor-thread-1) 💓 [HEARTBEAT] Invio heartbeat: {"stazioneId":"MI","stato":"ONLINE","timestamp":"2026-08-14T13:57:39.288964687Z","tipoEvento":"HEARTBEAT","bufferSize":0}
2026-08-14 15:57:49,289 INFO  [it.uni.reti2.HeartbeatGenerator] (executor-thread-1) 💓 [HEARTBEAT] Invio heartbeat: {"stazioneId":"MI","stato":"ONLINE","timestamp":"2026-08-14T13:57:49.288940133Z","tipoEvento":"HEARTBEAT","bufferSize":0}
2026-08-14 15:57:59,288 INFO  [it.uni.reti2.HeartbeatGenerator] (executor-thread-1) 💓 [HEARTBEAT] Invio heartbeat: {"stazioneId":"MI","stato":"ONLINE","timestamp":"2026-08-14T13:57:59.288928553Z","tipoEvento":"HEARTBEAT","bufferSize":0}
2026-08-14 15:58:09,288 INFO  [it.uni.reti2.HeartbeatGenerator] (executor-thread-1) 💓 [HEARTBEAT] Invio heartbeat: {"stazioneId":"MI","stato":"ONLINE","timestamp":"2026-08-14T13:58:09.288491885Z","tipoEvento":"HEARTBEAT","bufferSize":0}
2026-08-14 15:58:19,288 INFO  [it.uni.reti2.HeartbeatGenerator] (executor-thread-1) 💓 [HEARTBEAT] Invio heartbeat: {"stazioneId":"MI","stato":"ONLINE","timestamp":"2026-08-14T13:58:19.288547857Z","tipoEvento":"HEARTBEAT","bufferSize":0}
2026-08-14 15:58:29,290 INFO  [it.uni.reti2.HeartbeatGenerator] (executor-thread-1) 💓 [HEARTBEAT] Invio heartbeat: {"stazioneId":"MI","stato":"ONLINE","timestamp":"2026-08-14T13:58:29.288497863Z","tipoEvento":"HEARTBEAT","bufferSize":0}
2026-08-14 15:58:32,148 INFO  [it.uni.reti2.StationGateway] (vert.x-eventloop-thread-3) 🚂 [PASSAGGIO] Treno tenoAmmazzaRicchi in ENTRATA dalla stazione MI
2026-08-14 15:58:39,289 INFO  [it.uni.reti2.HeartbeatGenerator] (executor-thread-1) 💓 [HEARTBEAT] Invio heartbeat: {"stazioneId":"MI","stato":"ONLINE","timestamp":"2026-08-14T13:58:39.288984752Z","tipoEvento":"HEARTBEAT","bufferSize":0}
2026-08-14 15:58:49,289 INFO  [it.uni.reti2.HeartbeatGenerator] (executor-thread-1) 💓 [HEARTBEAT] Invio heartbeat: {"stazioneId":"MI","stato":"ONLINE","timestamp":"2026-08-14T13:58:49.288952122Z","tipoEvento":"HEARTBEAT","bufferSize":0}
2026-08-14 15:58:53,147 INFO  [it.uni.reti2.StationGateway] (vert.x-eventloop-thread-3) 🚂 [PASSAGGIO] Treno tenoAmmazzaRicchi in USCITA dalla stazione MI
2026-08-14 15:58:59,288 INFO  [it.uni.reti2.HeartbeatGenerator] (executor-thread-1) 💓 [HEARTBEAT] Invio heartbeat: {"stazioneId":"MI","stato":"ONLINE","timestamp":"2026-08-14T13:58:59.288878187Z","tipoEvento":"HEARTBEAT","bufferSize":0}
2026-08-14 15:59:09,288 INFO  [it.uni.reti2.HeartbeatGenerator] (executor-thread-1) 💓 [HEARTBEAT] Invio heartbeat: {"stazioneId":"MI","stato":"ONLINE","timestamp":"2026-08-14T13:59:09.288496956Z","tipoEvento":"HEARTBEAT","bufferSize":0}
2026-08-14 15:59:19,289 INFO  [it.uni.reti2.HeartbeatGenerator] (executor-thread-1) 💓 [HEARTBEAT] Invio heartbeat: {"stazioneId":"MI","stato":"ONLINE","timestamp":"2026-08-14T13:59:19.289039800Z","tipoEvento":"HEARTBEAT","bufferSize":0}
2026-08-14 15:59:29,288 INFO  [it.uni.reti2.HeartbeatGenerator] (executor-thread-1) 💓 [HEARTBEAT] Invio heartbeat: {"stazioneId":"MI","stato":"ONLINE","timestamp":"2026-08-14T13:59:29.288503286Z","tipoEvento":"HEARTBEAT","bufferSize":0}
2026-08-14 15:59:39,289 INFO  [it.uni.reti2.HeartbeatGenerator] (executor-thread-1) 💓 [HEARTBEAT] Invio heartbeat: {"stazioneId":"MI","stato":"ONLINE","timestamp":"2026-08-14T13:59:39.288941114Z","tipoEvento":"HEARTBEAT","bufferSize":0}
2026-08-14 15:59:49,289 INFO  [it.uni.reti2.HeartbeatGenerator] (executor-thread-1) 💓 [HEARTBEAT] Invio heartbeat: {"stazioneId":"MI","stato":"ONLINE","timestamp":"2026-08-14T13:59:49.288969257Z","tipoEvento":"HEARTBEAT","bufferSize":0}
2026-08-14 15:59:59,289 INFO  [it.uni.reti2.HeartbeatGenerator] (executor-thread-1) 💓 [HEARTBEAT] Invio heartbeat: {"stazioneId":"MI","stato":"ONLINE","timestamp":"2026-08-14T13:59:59.289049364Z","tipoEvento":"HEARTBEAT","bufferSize":0}
2026-08-14 16:00:09,288 INFO  [it.uni.reti2.HeartbeatGenerator] (executor-thread-1) 💓 [HEARTBEAT] Invio heartbeat: {"stazioneId":"MI","stato":"ONLINE","timestamp":"2026-08-14T14:00:09.288615674Z","tipoEvento":"HEARTBEAT","bufferSize":0}
2026-08-14 18:28:32,771 INFO  [io.smallrye.reactive.messaging.mqtt.session.impl.MqttClientSessionImpl] (vert.x-eventloop-thread-0) Connection closed: Connection closed
2026-08-14 18:28:33,793 INFO  [io.vertx.mqtt.impl.MqttClientImpl] (vert.x-eventloop-thread-0) Connection with localhost:1883 established successfully
2026-08-14 18:28:34,152 INFO  [it.uni.reti2.HeartbeatGenerator] (executor-thread-1) 💓 [HEARTBEAT] Invio heartbeat: {"stazioneId":"MI","stato":"ONLINE","timestamp":"2026-08-14T16:28:34.151990812Z","tipoEvento":"HEARTBEAT","bufferSize":0}
2026-08-14 18:28:34,189 WARN  [it.uni.reti2.StationGateway] (vert.x-eventloop-thread-1) 🚨 [ALERT RICEVUTO] La Centrale dice: {"tipoEvento":"RESOLVED","origine":"CENTRALE","sorgenteTipo":"STAZIONE","sorgenteId":"PA","guastoId":"alert-1786724912741-61e19325","timestamp":"2026-08-14T16:28:34.184786281Z"}
2026-08-14 18:28:34,196 WARN  [it.uni.reti2.StationGateway] (vert.x-eventloop-thread-1) 🚨 [ALERT RICEVUTO] La Centrale dice: {"tipoEvento":"RESOLVED","origine":"CENTRALE","sorgenteTipo":"STAZIONE","sorgenteId":"stazzaDellaMadonnaTroia","guastoId":"alert-1786724912817-565e9a20","timestamp":"2026-08-14T16:28:34.195267042Z"}
2026-08-14 18:28:34,204 WARN  [it.uni.reti2.StationGateway] (vert.x-eventloop-thread-1) 🚨 [ALERT RICEVUTO] La Centrale dice: {"tipoEvento":"RESOLVED","origine":"CENTRALE","sorgenteTipo":"STAZIONE","sorgenteId":"TO","guastoId":"alert-1786724912823-07572c55","timestamp":"2026-08-14T16:28:34.202864026Z"}
2026-08-14 18:28:34,212 WARN  [it.uni.reti2.StationGateway] (vert.x-eventloop-thread-1) 🚨 [ALERT RICEVUTO] La Centrale dice: {"tipoEvento":"RESOLVED","origine":"CENTRALE","sorgenteTipo":"STAZIONE","sorgenteId":"MI","guastoId":"alert-1786724912829-500d7c6f","timestamp":"2026-08-14T16:28:34.210661660Z"}
2026-08-14 18:28:34,212 INFO  [it.uni.reti2.StationGateway] (vert.x-eventloop-thread-1) 🔧 Stazione ripristinata dalla Centrale! Stato di nuovo ONLINE.
2026-08-14 18:28:34,261 WARN  [it.uni.reti2.StationGateway] (vert.x-eventloop-thread-1) 🚨 [ALERT RICEVUTO] La Centrale dice: {"tipoEvento":"RESOLVED","origine":"CENTRALE","sorgenteTipo":"STAZIONE","sorgenteId":"Padova","guastoId":"alert-1786724912834-3690b6e6","timestamp":"2026-08-14T16:28:34.259868014Z"}
2026-08-14 18:28:44,152 INFO  [it.uni.reti2.HeartbeatGenerator] (executor-thread-1) 💓 [HEARTBEAT] Invio heartbeat: {"stazioneId":"MI","stato":"ONLINE","timestamp":"2026-08-14T16:28:44.152034671Z","tipoEvento":"HEARTBEAT","bufferSize":0}
2026-08-14 18:28:54,152 INFO  [it.uni.reti2.HeartbeatGenerator] (executor-thread-1) 💓 [HEARTBEAT] Invio heartbeat: {"stazioneId":"MI","stato":"ONLINE","timestamp":"2026-08-14T16:28:54.151945999Z","tipoEvento":"HEARTBEAT","bufferSize":0}
2026-08-14 18:29:04,152 INFO  [it.uni.reti2.HeartbeatGenerator] (executor-thread-1) 💓 [HEARTBEAT] Invio heartbeat: {"stazioneId":"MI","stato":"ONLINE","timestamp":"2026-08-14T16:29:04.151944140Z","tipoEvento":"HEARTBEAT","bufferSize":0}
2026-08-14 18:29:14,152 INFO  [it.uni.reti2.HeartbeatGenerator] (executor-thread-1) 💓 [HEARTBEAT] Invio heartbeat: {"stazioneId":"MI","stato":"ONLINE","timestamp":"2026-08-14T16:29:14.152073121Z","tipoEvento":"HEARTBEAT","bufferSize":0}
2026-08-14 18:29:24,152 INFO  [it.uni.reti2.HeartbeatGenerator] (executor-thread-1) 💓 [HEARTBEAT] Invio heartbeat: {"stazioneId":"MI","stato":"ONLINE","timestamp":"2026-08-14T16:29:24.152355126Z","tipoEvento":"HEARTBEAT","bufferSize":0}
2026-08-14 18:29:34,152 INFO  [it.uni.reti2.HeartbeatGenerator] (executor-thread-1) 💓 [HEARTBEAT] Invio heartbeat: {"stazioneId":"MI","stato":"ONLINE","timestamp":"2026-08-14T16:29:34.152449277Z","tipoEvento":"HEARTBEAT","bufferSize":0}
2026-08-14 18:29:44,152 INFO  [it.uni.reti2.HeartbeatGenerator] (executor-thread-1) 💓 [HEARTBEAT] Invio heartbeat: {"stazioneId":"MI","stato":"ONLINE","timestamp":"2026-08-14T16:29:44.152027800Z","tipoEvento":"HEARTBEAT","bufferSize":0}
2026-08-14 18:29:54,152 INFO  [it.uni.reti2.HeartbeatGenerator] (executor-thread-1) 💓 [HEARTBEAT] Invio heartbeat: {"stazioneId":"MI","stato":"ONLINE","timestamp":"2026-08-14T16:29:54.152057152Z","tipoEvento":"HEARTBEAT","bufferSize":0}
2026-08-14 18:30:04,152 INFO  [it.uni.reti2.HeartbeatGenerator] (executor-thread-1) 💓 [HEARTBEAT] Invio heartbeat: {"stazioneId":"MI","stato":"ONLINE","timestamp":"2026-08-14T16:30:04.152461812Z","tipoEvento":"HEARTBEAT","bufferSize":0}
2026-08-14 18:30:14,152 INFO  [it.uni.reti2.HeartbeatGenerator] (executor-thread-1) 💓 [HEARTBEAT] Invio heartbeat: {"stazioneId":"MI","stato":"ONLINE","timestamp":"2026-08-14T16:30:14.152040764Z","tipoEvento":"HEARTBEAT","bufferSize":0}
2026-08-14 18:30:24,152 INFO  [it.uni.reti2.HeartbeatGenerator] (executor-thread-1) 💓 [HEARTBEAT] Invio heartbeat: {"stazioneId":"MI","stato":"ONLINE","timestamp":"2026-08-14T16:30:24.152043788Z","tipoEvento":"HEARTBEAT","bufferSize":0}
2026-08-14 18:30:34,152 INFO  [it.uni.reti2.HeartbeatGenerator] (executor-thread-1) 💓 [HEARTBEAT] Invio heartbeat: {"stazioneId":"MI","stato":"ONLINE","timestamp":"2026-08-14T16:30:34.152011102Z","tipoEvento":"HEARTBEAT","bufferSize":0}
2026-08-14 18:30:44,152 INFO  [it.uni.reti2.HeartbeatGenerator] (executor-thread-1) 💓 [HEARTBEAT] Invio heartbeat: {"stazioneId":"MI","stato":"ONLINE","timestamp":"2026-08-14T16:30:44.152024437Z","tipoEvento":"HEARTBEAT","bufferSize":0}
2026-08-14 18:30:54,152 INFO  [it.uni.reti2.HeartbeatGenerator] (executor-thread-1) 💓 [HEARTBEAT] Invio heartbeat: {"stazioneId":"MI","stato":"ONLINE","timestamp":"2026-08-14T16:30:54.151990216Z","tipoEvento":"HEARTBEAT","bufferSize":0}
2026-08-14 18:31:04,153 INFO  [it.uni.reti2.HeartbeatGenerator] (executor-thread-1) 💓 [HEARTBEAT] Invio heartbeat: {"stazioneId":"MI","stato":"ONLINE","timestamp":"2026-08-14T16:31:04.153824724Z","tipoEvento":"HEARTBEAT","bufferSize":0}
2026-08-14 18:31:14,152 INFO  [it.uni.reti2.HeartbeatGenerator] (executor-thread-1) 💓 [HEARTBEAT] Invio heartbeat: {"stazioneId":"MI","stato":"ONLINE","timestamp":"2026-08-14T16:31:14.152007944Z","tipoEvento":"HEARTBEAT","bufferSize":0}
2026-08-14 18:31:24,152 INFO  [it.uni.reti2.HeartbeatGenerator] (executor-thread-1) 💓 [HEARTBEAT] Invio heartbeat: {"stazioneId":"MI","stato":"ONLINE","timestamp":"2026-08-14T16:31:24.152188014Z","tipoEvento":"HEARTBEAT","bufferSize":0}
2026-08-14 18:31:34,152 INFO  [it.uni.reti2.HeartbeatGenerator] (executor-thread-1) 💓 [HEARTBEAT] Invio heartbeat: {"stazioneId":"MI","stato":"ONLINE","timestamp":"2026-08-14T16:31:34.152505073Z","tipoEvento":"HEARTBEAT","bufferSize":0}
2026-08-14 18:31:44,152 INFO  [it.uni.reti2.HeartbeatGenerator] (executor-thread-1) 💓 [HEARTBEAT] Invio heartbeat: {"stazioneId":"MI","stato":"ONLINE","timestamp":"2026-08-14T16:31:44.152575349Z","tipoEvento":"HEARTBEAT","bufferSize":0}
2026-08-14 18:31:54,152 INFO  [it.uni.reti2.HeartbeatGenerator] (executor-thread-1) 💓 [HEARTBEAT] Invio heartbeat: {"stazioneId":"MI","stato":"ONLINE","timestamp":"2026-08-14T16:31:54.152058920Z","tipoEvento":"HEARTBEAT","bufferSize":0}
2026-08-14 18:32:04,152 INFO  [it.uni.reti2.HeartbeatGenerator] (executor-thread-1) 💓 [HEARTBEAT] Invio heartbeat: {"stazioneId":"MI","stato":"ONLINE","timestamp":"2026-08-14T16:32:04.152022487Z","tipoEvento":"HEARTBEAT","bufferSize":0}
2026-08-14 18:32:14,152 INFO  [it.uni.reti2.HeartbeatGenerator] (executor-thread-1) 💓 [HEARTBEAT] Invio heartbeat: {"stazioneId":"MI","stato":"ONLINE","timestamp":"2026-08-14T16:32:14.152009495Z","tipoEvento":"HEARTBEAT","bufferSize":0}
2026-08-14 18:32:16,057 INFO  [it.uni.reti2.StationGateway] (vert.x-eventloop-thread-3) 🚂 [PASSAGGIO] Treno Mario in ENTRATA dalla stazione MI
2026-08-14 18:32:24,152 INFO  [it.uni.reti2.HeartbeatGenerator] (executor-thread-1) 💓 [HEARTBEAT] Invio heartbeat: {"stazioneId":"MI","stato":"ONLINE","timestamp":"2026-08-14T16:32:24.152044616Z","tipoEvento":"HEARTBEAT","bufferSize":0}
2026-08-14 18:32:34,152 INFO  [it.uni.reti2.HeartbeatGenerator] (executor-thread-1) 💓 [HEARTBEAT] Invio heartbeat: {"stazioneId":"MI","stato":"ONLINE","timestamp":"2026-08-14T16:32:34.152437600Z","tipoEvento":"HEARTBEAT","bufferSize":0}
2026-08-14 18:32:37,011 INFO  [it.uni.reti2.StationGateway] (vert.x-eventloop-thread-3) 🚂 [PASSAGGIO] Treno Mario in USCITA dalla stazione MI
2026-08-14 18:32:44,152 INFO  [it.uni.reti2.HeartbeatGenerator] (executor-thread-1) 💓 [HEARTBEAT] Invio heartbeat: {"stazioneId":"MI","stato":"ONLINE","timestamp":"2026-08-14T16:32:44.152170227Z","tipoEvento":"HEARTBEAT","bufferSize":0}
2026-08-14 18:32:54,152 INFO  [it.uni.reti2.HeartbeatGenerator] (executor-thread-1) 💓 [HEARTBEAT] Invio heartbeat: {"stazioneId":"MI","stato":"ONLINE","timestamp":"2026-08-14T16:32:54.152008914Z","tipoEvento":"HEARTBEAT","bufferSize":0}
2026-08-14 18:33:04,152 INFO  [it.uni.reti2.HeartbeatGenerator] (executor-thread-1) 💓 [HEARTBEAT] Invio heartbeat: {"stazioneId":"MI","stato":"ONLINE","timestamp":"2026-08-14T16:33:04.152008884Z","tipoEvento":"HEARTBEAT","bufferSize":0}
2026-08-14 18:33:14,152 INFO  [it.uni.reti2.HeartbeatGenerator] (executor-thread-1) 💓 [HEARTBEAT] Invio heartbeat: {"stazioneId":"MI","stato":"ONLINE","timestamp":"2026-08-14T16:33:14.152333184Z","tipoEvento":"HEARTBEAT","bufferSize":0}
2026-08-14 18:33:24,152 INFO  [it.uni.reti2.HeartbeatGenerator] (executor-thread-1) 💓 [HEARTBEAT] Invio heartbeat: {"stazioneId":"MI","stato":"ONLINE","timestamp":"2026-08-14T16:33:24.152017357Z","tipoEvento":"HEARTBEAT","bufferSize":0}
2026-08-14 18:33:34,152 INFO  [it.uni.reti2.HeartbeatGenerator] (executor-thread-1) 💓 [HEARTBEAT] Invio heartbeat: {"stazioneId":"MI","stato":"ONLINE","timestamp":"2026-08-14T16:33:34.152416287Z","tipoEvento":"HEARTBEAT","bufferSize":0}
2026-08-14 18:33:44,152 INFO  [it.uni.reti2.HeartbeatGenerator] (executor-thread-1) 💓 [HEARTBEAT] Invio heartbeat: {"stazioneId":"MI","stato":"ONLINE","timestamp":"2026-08-14T16:33:44.151990183Z","tipoEvento":"HEARTBEAT","bufferSize":0}
2026-08-14 18:33:54,152 INFO  [it.uni.reti2.HeartbeatGenerator] (executor-thread-1) 💓 [HEARTBEAT] Invio heartbeat: {"stazioneId":"MI","stato":"ONLINE","timestamp":"2026-08-14T16:33:54.152021987Z","tipoEvento":"HEARTBEAT","bufferSize":0}
2026-08-14 18:34:04,152 INFO  [it.uni.reti2.HeartbeatGenerator] (executor-thread-1) 💓 [HEARTBEAT] Invio heartbeat: {"stazioneId":"MI","stato":"ONLINE","timestamp":"2026-08-14T16:34:04.151979352Z","tipoEvento":"HEARTBEAT","bufferSize":0}
2026-08-14 18:34:14,152 INFO  [it.uni.reti2.HeartbeatGenerator] (executor-thread-1) 💓 [HEARTBEAT] Invio heartbeat: {"stazioneId":"MI","stato":"ONLINE","timestamp":"2026-08-14T16:34:14.152030635Z","tipoEvento":"HEARTBEAT","bufferSize":0}
2026-08-14 18:34:24,152 INFO  [it.uni.reti2.HeartbeatGenerator] (executor-thread-1) 💓 [HEARTBEAT] Invio heartbeat: {"stazioneId":"MI","stato":"ONLINE","timestamp":"2026-08-14T16:34:24.151996271Z","tipoEvento":"HEARTBEAT","bufferSize":0}
2026-08-14 18:34:34,152 INFO  [it.uni.reti2.HeartbeatGenerator] (executor-thread-1) 💓 [HEARTBEAT] Invio heartbeat: {"stazioneId":"MI","stato":"ONLINE","timestamp":"2026-08-14T16:34:34.152046983Z","tipoEvento":"HEARTBEAT","bufferSize":0}
2026-08-14 18:34:44,151 INFO  [it.uni.reti2.HeartbeatGenerator] (executor-thread-1) 💓 [HEARTBEAT] Invio heartbeat: {"stazioneId":"MI","stato":"ONLINE","timestamp":"2026-08-14T16:34:44.151909777Z","tipoEvento":"HEARTBEAT","bufferSize":0}
2026-08-14 18:34:54,152 INFO  [it.uni.reti2.HeartbeatGenerator] (executor-thread-1) 💓 [HEARTBEAT] Invio heartbeat: {"stazioneId":"MI","stato":"ONLINE","timestamp":"2026-08-14T16:34:54.152007396Z","tipoEvento":"HEARTBEAT","bufferSize":0}
2026-08-14 18:35:04,151 INFO  [it.uni.reti2.HeartbeatGenerator] (executor-thread-1) 💓 [HEARTBEAT] Invio heartbeat: {"stazioneId":"MI","stato":"ONLINE","timestamp":"2026-08-14T16:35:04.151965449Z","tipoEvento":"HEARTBEAT","bufferSize":0}
2026-08-14 18:35:14,152 INFO  [it.uni.reti2.HeartbeatGenerator] (executor-thread-1) 💓 [HEARTBEAT] Invio heartbeat: {"stazioneId":"MI","stato":"ONLINE","timestamp":"2026-08-14T16:35:14.152020384Z","tipoEvento":"HEARTBEAT","bufferSize":0}
2026-08-14 18:35:24,152 INFO  [it.uni.reti2.HeartbeatGenerator] (executor-thread-1) 💓 [HEARTBEAT] Invio heartbeat: {"stazioneId":"MI","stato":"ONLINE","timestamp":"2026-08-14T16:35:24.151932376Z","tipoEvento":"HEARTBEAT","bufferSize":0}
2026-08-14 18:35:34,152 INFO  [it.uni.reti2.HeartbeatGenerator] (executor-thread-1) 💓 [HEARTBEAT] Invio heartbeat: {"stazioneId":"MI","stato":"ONLINE","timestamp":"2026-08-14T16:35:34.152051678Z","tipoEvento":"HEARTBEAT","bufferSize":0}
2026-08-14 18:35:44,152 INFO  [it.uni.reti2.HeartbeatGenerator] (executor-thread-1) 💓 [HEARTBEAT] Invio heartbeat: {"stazioneId":"MI","stato":"ONLINE","timestamp":"2026-08-14T16:35:44.152455169Z","tipoEvento":"HEARTBEAT","bufferSize":0}
2026-08-14 18:35:54,152 INFO  [it.uni.reti2.HeartbeatGenerator] (executor-thread-1) 💓 [HEARTBEAT] Invio heartbeat: {"stazioneId":"MI","stato":"ONLINE","timestamp":"2026-08-14T16:35:54.152020291Z","tipoEvento":"HEARTBEAT","bufferSize":0}
2026-08-14 18:36:04,151 INFO  [it.uni.reti2.HeartbeatGenerator] (executor-thread-1) 💓 [HEARTBEAT] Invio heartbeat: {"stazioneId":"MI","stato":"ONLINE","timestamp":"2026-08-14T16:36:04.151975420Z","tipoEvento":"HEARTBEAT","bufferSize":0}
2026-08-14 18:36:14,151 INFO  [it.uni.reti2.HeartbeatGenerator] (executor-thread-1) 💓 [HEARTBEAT] Invio heartbeat: {"stazioneId":"MI","stato":"ONLINE","timestamp":"2026-08-14T16:36:14.151955352Z","tipoEvento":"HEARTBEAT","bufferSize":0}
2026-08-14 18:36:20,025 INFO  [it.uni.reti2.StationGateway] (vert.x-eventloop-thread-3) 🚂 [PASSAGGIO] Treno Mario in ENTRATA dalla stazione MI
2026-08-14 18:36:24,152 INFO  [it.uni.reti2.HeartbeatGenerator] (executor-thread-1) 💓 [HEARTBEAT] Invio heartbeat: {"stazioneId":"MI","stato":"ONLINE","timestamp":"2026-08-14T16:36:24.151993629Z","tipoEvento":"HEARTBEAT","bufferSize":0}
2026-08-14 18:36:34,152 INFO  [it.uni.reti2.HeartbeatGenerator] (executor-thread-1) 💓 [HEARTBEAT] Invio heartbeat: {"stazioneId":"MI","stato":"ONLINE","timestamp":"2026-08-14T16:36:34.152077183Z","tipoEvento":"HEARTBEAT","bufferSize":0}
2026-08-14 18:36:40,015 INFO  [it.uni.reti2.StationGateway] (vert.x-eventloop-thread-3) 🚂 [PASSAGGIO] Treno Mario in USCITA dalla stazione MI
2026-08-14 18:36:44,152 INFO  [it.uni.reti2.HeartbeatGenerator] (executor-thread-1) 💓 [HEARTBEAT] Invio heartbeat: {"stazioneId":"MI","stato":"ONLINE","timestamp":"2026-08-14T16:36:44.151995221Z","tipoEvento":"HEARTBEAT","bufferSize":0}
2026-08-14 18:36:54,152 INFO  [it.uni.reti2.HeartbeatGenerator] (executor-thread-1) 💓 [HEARTBEAT] Invio heartbeat: {"stazioneId":"MI","stato":"ONLINE","timestamp":"2026-08-14T16:36:54.152081425Z","tipoEvento":"HEARTBEAT","bufferSize":0}
2026-08-14 18:37:04,152 INFO  [it.uni.reti2.HeartbeatGenerator] (executor-thread-1) 💓 [HEARTBEAT] Invio heartbeat: {"stazioneId":"MI","stato":"ONLINE","timestamp":"2026-08-14T16:37:04.152018093Z","tipoEvento":"HEARTBEAT","bufferSize":0}
2026-08-14 18:37:14,152 INFO  [it.uni.reti2.HeartbeatGenerator] (executor-thread-1) 💓 [HEARTBEAT] Invio heartbeat: {"stazioneId":"MI","stato":"ONLINE","timestamp":"2026-08-14T16:37:14.151994609Z","tipoEvento":"HEARTBEAT","bufferSize":0}
2026-08-14 18:37:24,151 INFO  [it.uni.reti2.HeartbeatGenerator] (executor-thread-1) 💓 [HEARTBEAT] Invio heartbeat: {"stazioneId":"MI","stato":"ONLINE","timestamp":"2026-08-14T16:37:24.151923797Z","tipoEvento":"HEARTBEAT","bufferSize":0}
2026-08-14 18:37:34,152 INFO  [it.uni.reti2.HeartbeatGenerator] (executor-thread-1) 💓 [HEARTBEAT] Invio heartbeat: {"stazioneId":"MI","stato":"ONLINE","timestamp":"2026-08-14T16:37:34.151967959Z","tipoEvento":"HEARTBEAT","bufferSize":0}
2026-08-14 18:37:44,151 INFO  [it.uni.reti2.HeartbeatGenerator] (executor-thread-1) 💓 [HEARTBEAT] Invio heartbeat: {"stazioneId":"MI","stato":"ONLINE","timestamp":"2026-08-14T16:37:44.151888501Z","tipoEvento":"HEARTBEAT","bufferSize":0}
2026-08-14 18:37:54,151 INFO  [it.uni.reti2.HeartbeatGenerator] (executor-thread-1) 💓 [HEARTBEAT] Invio heartbeat: {"stazioneId":"MI","stato":"ONLINE","timestamp":"2026-08-14T16:37:54.151927608Z","tipoEvento":"HEARTBEAT","bufferSize":0}
2026-08-14 18:38:04,152 INFO  [it.uni.reti2.HeartbeatGenerator] (executor-thread-1) 💓 [HEARTBEAT] Invio heartbeat: {"stazioneId":"MI","stato":"ONLINE","timestamp":"2026-08-14T16:38:04.152116724Z","tipoEvento":"HEARTBEAT","bufferSize":0}
2026-08-14 18:38:08,011 INFO  [it.uni.reti2.StationGateway] (vert.x-eventloop-thread-3) 🚂 [PASSAGGIO] Treno tenoAmmazzaRicchi in ENTRATA dalla stazione MI
2026-08-14 18:38:14,151 INFO  [it.uni.reti2.HeartbeatGenerator] (executor-thread-1) 💓 [HEARTBEAT] Invio heartbeat: {"stazioneId":"MI","stato":"ONLINE","timestamp":"2026-08-14T16:38:14.151954796Z","tipoEvento":"HEARTBEAT","bufferSize":0}
2026-08-14 18:38:24,152 INFO  [it.uni.reti2.HeartbeatGenerator] (executor-thread-1) 💓 [HEARTBEAT] Invio heartbeat: {"stazioneId":"MI","stato":"ONLINE","timestamp":"2026-08-14T16:38:24.151984535Z","tipoEvento":"HEARTBEAT","bufferSize":0}
2026-08-14 18:38:29,011 INFO  [it.uni.reti2.StationGateway] (vert.x-eventloop-thread-3) 🚂 [PASSAGGIO] Treno tenoAmmazzaRicchi in USCITA dalla stazione MI
2026-08-14 18:38:34,152 INFO  [it.uni.reti2.HeartbeatGenerator] (executor-thread-1) 💓 [HEARTBEAT] Invio heartbeat: {"stazioneId":"MI","stato":"ONLINE","timestamp":"2026-08-14T16:38:34.151993101Z","tipoEvento":"HEARTBEAT","bufferSize":0}
2026-08-14 18:38:44,152 INFO  [it.uni.reti2.HeartbeatGenerator] (executor-thread-1) 💓 [HEARTBEAT] Invio heartbeat: {"stazioneId":"MI","stato":"ONLINE","timestamp":"2026-08-14T16:38:44.152010220Z","tipoEvento":"HEARTBEAT","bufferSize":0}
2026-08-14 18:38:54,152 INFO  [it.uni.reti2.HeartbeatGenerator] (executor-thread-1) 💓 [HEARTBEAT] Invio heartbeat: {"stazioneId":"MI","stato":"ONLINE","timestamp":"2026-08-14T16:38:54.152083537Z","tipoEvento":"HEARTBEAT","bufferSize":0}
2026-08-14 18:39:04,152 INFO  [it.uni.reti2.HeartbeatGenerator] (executor-thread-1) 💓 [HEARTBEAT] Invio heartbeat: {"stazioneId":"MI","stato":"ONLINE","timestamp":"2026-08-14T16:39:04.151982896Z","tipoEvento":"HEARTBEAT","bufferSize":0}
2026-08-14 18:39:14,152 INFO  [it.uni.reti2.HeartbeatGenerator] (executor-thread-1) 💓 [HEARTBEAT] Invio heartbeat: {"stazioneId":"MI","stato":"ONLINE","timestamp":"2026-08-14T16:39:14.152169642Z","tipoEvento":"HEARTBEAT","bufferSize":0}
2026-08-14 18:39:24,152 INFO  [it.uni.reti2.HeartbeatGenerator] (executor-thread-1) 💓 [HEARTBEAT] Invio heartbeat: {"stazioneId":"MI","stato":"ONLINE","timestamp":"2026-08-14T16:39:24.152435423Z","tipoEvento":"HEARTBEAT","bufferSize":0}
2026-08-14 18:39:34,152 INFO  [it.uni.reti2.HeartbeatGenerator] (executor-thread-1) 💓 [HEARTBEAT] Invio heartbeat: {"stazioneId":"MI","stato":"ONLINE","timestamp":"2026-08-14T16:39:34.151985697Z","tipoEvento":"HEARTBEAT","bufferSize":0}
2026-08-14 18:39:44,152 INFO  [it.uni.reti2.HeartbeatGenerator] (executor-thread-1) 💓 [HEARTBEAT] Invio heartbeat: {"stazioneId":"MI","stato":"ONLINE","timestamp":"2026-08-14T16:39:44.152316611Z","tipoEvento":"HEARTBEAT","bufferSize":0}
2026-08-14 18:39:54,151 INFO  [it.uni.reti2.HeartbeatGenerator] (executor-thread-1) 💓 [HEARTBEAT] Invio heartbeat: {"stazioneId":"MI","stato":"ONLINE","timestamp":"2026-08-14T16:39:54.151888177Z","tipoEvento":"HEARTBEAT","bufferSize":0}
2026-08-14 18:40:04,152 INFO  [it.uni.reti2.HeartbeatGenerator] (executor-thread-1) 💓 [HEARTBEAT] Invio heartbeat: {"stazioneId":"MI","stato":"ONLINE","timestamp":"2026-08-14T16:40:04.151934190Z","tipoEvento":"HEARTBEAT","bufferSize":0}
2026-08-14 18:40:14,152 INFO  [it.uni.reti2.HeartbeatGenerator] (executor-thread-1) 💓 [HEARTBEAT] Invio heartbeat: {"stazioneId":"MI","stato":"ONLINE","timestamp":"2026-08-14T16:40:14.152127995Z","tipoEvento":"HEARTBEAT","bufferSize":0}
2026-08-14 18:40:24,151 INFO  [it.uni.reti2.HeartbeatGenerator] (executor-thread-1) 💓 [HEARTBEAT] Invio heartbeat: {"stazioneId":"MI","stato":"ONLINE","timestamp":"2026-08-14T16:40:24.151949888Z","tipoEvento":"HEARTBEAT","bufferSize":0}
2026-08-14 18:40:34,152 INFO  [it.uni.reti2.HeartbeatGenerator] (executor-thread-1) 💓 [HEARTBEAT] Invio heartbeat: {"stazioneId":"MI","stato":"ONLINE","timestamp":"2026-08-14T16:40:34.152005637Z","tipoEvento":"HEARTBEAT","bufferSize":0}
2026-08-14 18:40:44,152 INFO  [it.uni.reti2.HeartbeatGenerator] (executor-thread-1) 💓 [HEARTBEAT] Invio heartbeat: {"stazioneId":"MI","stato":"ONLINE","timestamp":"2026-08-14T16:40:44.151952044Z","tipoEvento":"HEARTBEAT","bufferSize":0}
2026-08-14 18:40:54,151 INFO  [it.uni.reti2.HeartbeatGenerator] (executor-thread-1) 💓 [HEARTBEAT] Invio heartbeat: {"stazioneId":"MI","stato":"ONLINE","timestamp":"2026-08-14T16:40:54.151891815Z","tipoEvento":"HEARTBEAT","bufferSize":0}
2026-08-14 18:41:04,152 INFO  [it.uni.reti2.HeartbeatGenerator] (executor-thread-1) 💓 [HEARTBEAT] Invio heartbeat: {"stazioneId":"MI","stato":"ONLINE","timestamp":"2026-08-14T16:41:04.151979450Z","tipoEvento":"HEARTBEAT","bufferSize":0}
2026-08-14 18:41:14,152 INFO  [it.uni.reti2.HeartbeatGenerator] (executor-thread-1) 💓 [HEARTBEAT] Invio heartbeat: {"stazioneId":"MI","stato":"ONLINE","timestamp":"2026-08-14T16:41:14.152273235Z","tipoEvento":"HEARTBEAT","bufferSize":0}
2026-08-14 18:41:24,243 INFO  [it.uni.reti2.HeartbeatGenerator] (executor-thread-1) 💓 [HEARTBEAT] Invio heartbeat: {"stazioneId":"MI","stato":"ONLINE","timestamp":"2026-08-14T16:41:24.152005831Z","tipoEvento":"HEARTBEAT","bufferSize":0}
2026-08-14 18:41:34,250 INFO  [it.uni.reti2.HeartbeatGenerator] (executor-thread-1) 💓 [HEARTBEAT] Invio heartbeat: {"stazioneId":"MI","stato":"ONLINE","timestamp":"2026-08-14T16:41:34.152043723Z","tipoEvento":"HEARTBEAT","bufferSize":0}
2026-08-14 18:41:44,152 INFO  [it.uni.reti2.HeartbeatGenerator] (executor-thread-1) 💓 [HEARTBEAT] Invio heartbeat: {"stazioneId":"MI","stato":"ONLINE","timestamp":"2026-08-14T16:41:44.152008652Z","tipoEvento":"HEARTBEAT","bufferSize":0}
2026-08-14 18:41:54,152 INFO  [it.uni.reti2.HeartbeatGenerator] (executor-thread-1) 💓 [HEARTBEAT] Invio heartbeat: {"stazioneId":"MI","stato":"ONLINE","timestamp":"2026-08-14T16:41:54.151946378Z","tipoEvento":"HEARTBEAT","bufferSize":0}
2026-08-14 18:42:04,152 INFO  [it.uni.reti2.HeartbeatGenerator] (executor-thread-1) 💓 [HEARTBEAT] Invio heartbeat: {"stazioneId":"MI","stato":"ONLINE","timestamp":"2026-08-14T16:42:04.151954584Z","tipoEvento":"HEARTBEAT","bufferSize":0}
2026-08-14 18:42:05,042 WARN  [it.uni.reti2.StationGateway] (vert.x-eventloop-thread-1) 🚨 [ALERT RICEVUTO] La Centrale dice: {"tipoEvento":"ITINERARIO_AGGIORNATO","target":"Francesco","timestamp":"2026-08-14T16:42:05.035975241Z"}
2026-08-14 18:42:05,045 WARN  [it.uni.reti2.StationGateway] (vert.x-eventloop-thread-1) 🚨 [ALERT RICEVUTO] La Centrale dice: {"tipoEvento":"ITINERARIO_AGGIORNATO","target":"Pietro","timestamp":"2026-08-14T16:42:05.040356789Z"}
2026-08-14 18:42:05,045 WARN  [it.uni.reti2.StationGateway] (vert.x-eventloop-thread-1) 🚨 [ALERT RICEVUTO] La Centrale dice: {"tipoEvento":"ITINERARIO_AGGIORNATO","target":"tenoAmmazzaRicchi","timestamp":"2026-08-14T16:42:05.040413980Z"}
2026-08-14 18:42:14,152 INFO  [it.uni.reti2.HeartbeatGenerator] (executor-thread-1) 💓 [HEARTBEAT] Invio heartbeat: {"stazioneId":"MI","stato":"ONLINE","timestamp":"2026-08-14T16:42:14.151966108Z","tipoEvento":"HEARTBEAT","bufferSize":0}
2026-08-14 18:42:24,152 INFO  [it.uni.reti2.HeartbeatGenerator] (executor-thread-1) 💓 [HEARTBEAT] Invio heartbeat: {"stazioneId":"MI","stato":"ONLINE","timestamp":"2026-08-14T16:42:24.152262607Z","tipoEvento":"HEARTBEAT","bufferSize":0}
2026-08-14 18:42:34,152 INFO  [it.uni.reti2.HeartbeatGenerator] (executor-thread-1) 💓 [HEARTBEAT] Invio heartbeat: {"stazioneId":"MI","stato":"ONLINE","timestamp":"2026-08-14T16:42:34.151948659Z","tipoEvento":"HEARTBEAT","bufferSize":0}
2026-08-14 18:42:44,152 INFO  [it.uni.reti2.HeartbeatGenerator] (executor-thread-1) 💓 [HEARTBEAT] Invio heartbeat: {"stazioneId":"MI","stato":"ONLINE","timestamp":"2026-08-14T16:42:44.152152629Z","tipoEvento":"HEARTBEAT","bufferSize":0}
2026-08-14 18:42:54,152 INFO  [it.uni.reti2.HeartbeatGenerator] (executor-thread-1) 💓 [HEARTBEAT] Invio heartbeat: {"stazioneId":"MI","stato":"ONLINE","timestamp":"2026-08-14T16:42:54.152129429Z","tipoEvento":"HEARTBEAT","bufferSize":0}
2026-08-14 18:43:04,152 INFO  [it.uni.reti2.HeartbeatGenerator] (executor-thread-1) 💓 [HEARTBEAT] Invio heartbeat: {"stazioneId":"MI","stato":"ONLINE","timestamp":"2026-08-14T16:43:04.152319124Z","tipoEvento":"HEARTBEAT","bufferSize":0}
2026-08-14 18:43:14,152 INFO  [it.uni.reti2.HeartbeatGenerator] (executor-thread-1) 💓 [HEARTBEAT] Invio heartbeat: {"stazioneId":"MI","stato":"ONLINE","timestamp":"2026-08-14T16:43:14.152464110Z","tipoEvento":"HEARTBEAT","bufferSize":0}
2026-08-14 18:43:24,152 INFO  [it.uni.reti2.HeartbeatGenerator] (executor-thread-1) 💓 [HEARTBEAT] Invio heartbeat: {"stazioneId":"MI","stato":"ONLINE","timestamp":"2026-08-14T16:43:24.152108760Z","tipoEvento":"HEARTBEAT","bufferSize":0}
2026-08-14 18:43:34,152 INFO  [it.uni.reti2.HeartbeatGenerator] (executor-thread-1) 💓 [HEARTBEAT] Invio heartbeat: {"stazioneId":"MI","stato":"ONLINE","timestamp":"2026-08-14T16:43:34.152385976Z","tipoEvento":"HEARTBEAT","bufferSize":0}
2026-08-14 18:43:44,152 INFO  [it.uni.reti2.HeartbeatGenerator] (executor-thread-1) 💓 [HEARTBEAT] Invio heartbeat: {"stazioneId":"MI","stato":"ONLINE","timestamp":"2026-08-14T16:43:44.151987123Z","tipoEvento":"HEARTBEAT","bufferSize":0}
2026-08-14 18:43:54,152 INFO  [it.uni.reti2.HeartbeatGenerator] (executor-thread-1) 💓 [HEARTBEAT] Invio heartbeat: {"stazioneId":"MI","stato":"ONLINE","timestamp":"2026-08-14T16:43:54.151981909Z","tipoEvento":"HEARTBEAT","bufferSize":0}
2026-08-14 18:43:59,010 INFO  [it.uni.reti2.StationGateway] (vert.x-eventloop-thread-3) 🚂 [PASSAGGIO] Treno tenoAmmazzaRicchi in ENTRATA dalla stazione MI
2026-08-14 18:44:04,152 INFO  [it.uni.reti2.HeartbeatGenerator] (executor-thread-1) 💓 [HEARTBEAT] Invio heartbeat: {"stazioneId":"MI","stato":"ONLINE","timestamp":"2026-08-14T16:44:04.152235295Z","tipoEvento":"HEARTBEAT","bufferSize":0}
2026-08-14 18:44:14,151 INFO  [it.uni.reti2.HeartbeatGenerator] (executor-thread-1) 💓 [HEARTBEAT] Invio heartbeat: {"stazioneId":"MI","stato":"ONLINE","timestamp":"2026-08-14T16:44:14.151912605Z","tipoEvento":"HEARTBEAT","bufferSize":0}
2026-08-14 18:44:19,010 INFO  [it.uni.reti2.StationGateway] (vert.x-eventloop-thread-3) 🚂 [PASSAGGIO] Treno tenoAmmazzaRicchi in USCITA dalla stazione MI
2026-08-14 18:44:24,152 INFO  [it.uni.reti2.HeartbeatGenerator] (executor-thread-1) 💓 [HEARTBEAT] Invio heartbeat: {"stazioneId":"MI","stato":"ONLINE","timestamp":"2026-08-14T16:44:24.151990235Z","tipoEvento":"HEARTBEAT","bufferSize":0}
2026-08-14 18:44:34,177 INFO  [it.uni.reti2.HeartbeatGenerator] (executor-thread-1) 💓 [HEARTBEAT] Invio heartbeat: {"stazioneId":"MI","stato":"ONLINE","timestamp":"2026-08-14T16:44:34.152079373Z","tipoEvento":"HEARTBEAT","bufferSize":0}
2026-08-14 18:44:44,152 INFO  [it.uni.reti2.HeartbeatGenerator] (executor-thread-1) 💓 [HEARTBEAT] Invio heartbeat: {"stazioneId":"MI","stato":"ONLINE","timestamp":"2026-08-14T16:44:44.152126483Z","tipoEvento":"HEARTBEAT","bufferSize":0}
2026-08-14 18:44:54,152 INFO  [it.uni.reti2.HeartbeatGenerator] (executor-thread-1) 💓 [HEARTBEAT] Invio heartbeat: {"stazioneId":"MI","stato":"ONLINE","timestamp":"2026-08-14T16:44:54.152263633Z","tipoEvento":"HEARTBEAT","bufferSize":0}
2026-08-14 18:45:04,152 INFO  [it.uni.reti2.HeartbeatGenerator] (executor-thread-1) 💓 [HEARTBEAT] Invio heartbeat: {"stazioneId":"MI","stato":"ONLINE","timestamp":"2026-08-14T16:45:04.152515886Z","tipoEvento":"HEARTBEAT","bufferSize":0}
2026-08-14 18:45:14,152 INFO  [it.uni.reti2.HeartbeatGenerator] (executor-thread-1) 💓 [HEARTBEAT] Invio heartbeat: {"stazioneId":"MI","stato":"ONLINE","timestamp":"2026-08-14T16:45:14.152086605Z","tipoEvento":"HEARTBEAT","bufferSize":0}
2026-08-14 18:45:24,152 INFO  [it.uni.reti2.HeartbeatGenerator] (executor-thread-1) 💓 [HEARTBEAT] Invio heartbeat: {"stazioneId":"MI","stato":"ONLINE","timestamp":"2026-08-14T16:45:24.152039339Z","tipoEvento":"HEARTBEAT","bufferSize":0}
2026-08-14 18:45:34,152 INFO  [it.uni.reti2.HeartbeatGenerator] (executor-thread-1) 💓 [HEARTBEAT] Invio heartbeat: {"stazioneId":"MI","stato":"ONLINE","timestamp":"2026-08-14T16:45:34.151943350Z","tipoEvento":"HEARTBEAT","bufferSize":0}
2026-08-14 18:45:44,151 INFO  [it.uni.reti2.HeartbeatGenerator] (executor-thread-1) 💓 [HEARTBEAT] Invio heartbeat: {"stazioneId":"MI","stato":"ONLINE","timestamp":"2026-08-14T16:45:44.151920445Z","tipoEvento":"HEARTBEAT","bufferSize":0}
2026-08-14 18:45:54,152 INFO  [it.uni.reti2.HeartbeatGenerator] (executor-thread-1) 💓 [HEARTBEAT] Invio heartbeat: {"stazioneId":"MI","stato":"ONLINE","timestamp":"2026-08-14T16:45:54.151992227Z","tipoEvento":"HEARTBEAT","bufferSize":0}
2026-08-14 18:46:04,151 INFO  [it.uni.reti2.HeartbeatGenerator] (executor-thread-1) 💓 [HEARTBEAT] Invio heartbeat: {"stazioneId":"MI","stato":"ONLINE","timestamp":"2026-08-14T16:46:04.151937549Z","tipoEvento":"HEARTBEAT","bufferSize":0}
2026-08-14 18:46:14,152 INFO  [it.uni.reti2.HeartbeatGenerator] (executor-thread-1) 💓 [HEARTBEAT] Invio heartbeat: {"stazioneId":"MI","stato":"ONLINE","timestamp":"2026-08-14T16:46:14.151977701Z","tipoEvento":"HEARTBEAT","bufferSize":0}
2026-08-14 18:46:24,152 INFO  [it.uni.reti2.HeartbeatGenerator] (executor-thread-1) 💓 [HEARTBEAT] Invio heartbeat: {"stazioneId":"MI","stato":"ONLINE","timestamp":"2026-08-14T16:46:24.151979463Z","tipoEvento":"HEARTBEAT","bufferSize":0}
2026-08-14 18:46:34,152 INFO  [it.uni.reti2.HeartbeatGenerator] (executor-thread-1) 💓 [HEARTBEAT] Invio heartbeat: {"stazioneId":"MI","stato":"ONLINE","timestamp":"2026-08-14T16:46:34.152008723Z","tipoEvento":"HEARTBEAT","bufferSize":0}
2026-08-14 18:46:44,152 INFO  [it.uni.reti2.HeartbeatGenerator] (executor-thread-1) 💓 [HEARTBEAT] Invio heartbeat: {"stazioneId":"MI","stato":"ONLINE","timestamp":"2026-08-14T16:46:44.151976807Z","tipoEvento":"HEARTBEAT","bufferSize":0}
2026-08-14 18:46:54,152 INFO  [it.uni.reti2.HeartbeatGenerator] (executor-thread-1) 💓 [HEARTBEAT] Invio heartbeat: {"stazioneId":"MI","stato":"ONLINE","timestamp":"2026-08-14T16:46:54.151990792Z","tipoEvento":"HEARTBEAT","bufferSize":0}
2026-08-14 18:47:04,152 INFO  [it.uni.reti2.HeartbeatGenerator] (executor-thread-1) 💓 [HEARTBEAT] Invio heartbeat: {"stazioneId":"MI","stato":"ONLINE","timestamp":"2026-08-14T16:47:04.151980936Z","tipoEvento":"HEARTBEAT","bufferSize":0}
2026-08-14 18:47:14,152 INFO  [it.uni.reti2.HeartbeatGenerator] (executor-thread-1) 💓 [HEARTBEAT] Invio heartbeat: {"stazioneId":"MI","stato":"ONLINE","timestamp":"2026-08-14T16:47:14.152039944Z","tipoEvento":"HEARTBEAT","bufferSize":0}
2026-08-14 18:47:24,152 INFO  [it.uni.reti2.HeartbeatGenerator] (executor-thread-1) 💓 [HEARTBEAT] Invio heartbeat: {"stazioneId":"MI","stato":"ONLINE","timestamp":"2026-08-14T16:47:24.152452716Z","tipoEvento":"HEARTBEAT","bufferSize":0}
2026-08-14 18:47:34,152 INFO  [it.uni.reti2.HeartbeatGenerator] (executor-thread-1) 💓 [HEARTBEAT] Invio heartbeat: {"stazioneId":"MI","stato":"ONLINE","timestamp":"2026-08-14T16:47:34.152011324Z","tipoEvento":"HEARTBEAT","bufferSize":0}
2026-08-14 18:47:44,152 INFO  [it.uni.reti2.HeartbeatGenerator] (executor-thread-1) 💓 [HEARTBEAT] Invio heartbeat: {"stazioneId":"MI","stato":"ONLINE","timestamp":"2026-08-14T16:47:44.152417260Z","tipoEvento":"HEARTBEAT","bufferSize":0}
2026-08-14 18:47:47,024 INFO  [it.uni.reti2.StationGateway] (vert.x-eventloop-thread-3) 🚂 [PASSAGGIO] Treno Mario in ENTRATA dalla stazione MI
2026-08-14 18:47:54,152 INFO  [it.uni.reti2.HeartbeatGenerator] (executor-thread-1) 💓 [HEARTBEAT] Invio heartbeat: {"stazioneId":"MI","stato":"ONLINE","timestamp":"2026-08-14T16:47:54.152003590Z","tipoEvento":"HEARTBEAT","bufferSize":0}
2026-08-14 18:48:04,152 INFO  [it.uni.reti2.HeartbeatGenerator] (executor-thread-1) 💓 [HEARTBEAT] Invio heartbeat: {"stazioneId":"MI","stato":"ONLINE","timestamp":"2026-08-14T16:48:04.151952035Z","tipoEvento":"HEARTBEAT","bufferSize":0}
2026-08-14 18:48:07,022 INFO  [it.uni.reti2.StationGateway] (vert.x-eventloop-thread-3) 🚂 [PASSAGGIO] Treno Mario in USCITA dalla stazione MI
2026-08-14 18:48:14,152 INFO  [it.uni.reti2.HeartbeatGenerator] (executor-thread-1) 💓 [HEARTBEAT] Invio heartbeat: {"stazioneId":"MI","stato":"ONLINE","timestamp":"2026-08-14T16:48:14.152581355Z","tipoEvento":"HEARTBEAT","bufferSize":0}
2026-08-14 18:48:24,152 INFO  [it.uni.reti2.HeartbeatGenerator] (executor-thread-1) 💓 [HEARTBEAT] Invio heartbeat: {"stazioneId":"MI","stato":"ONLINE","timestamp":"2026-08-14T16:48:24.151973212Z","tipoEvento":"HEARTBEAT","bufferSize":0}
2026-08-14 18:48:34,152 INFO  [it.uni.reti2.HeartbeatGenerator] (executor-thread-1) 💓 [HEARTBEAT] Invio heartbeat: {"stazioneId":"MI","stato":"ONLINE","timestamp":"2026-08-14T16:48:34.152008362Z","tipoEvento":"HEARTBEAT","bufferSize":0}
2026-08-14 18:48:44,152 INFO  [it.uni.reti2.HeartbeatGenerator] (executor-thread-1) 💓 [HEARTBEAT] Invio heartbeat: {"stazioneId":"MI","stato":"ONLINE","timestamp":"2026-08-14T16:48:44.151998543Z","tipoEvento":"HEARTBEAT","bufferSize":0}
2026-08-14 18:48:54,152 INFO  [it.uni.reti2.HeartbeatGenerator] (executor-thread-1) 💓 [HEARTBEAT] Invio heartbeat: {"stazioneId":"MI","stato":"ONLINE","timestamp":"2026-08-14T16:48:54.151946850Z","tipoEvento":"HEARTBEAT","bufferSize":0}
2026-08-14 18:49:04,152 INFO  [it.uni.reti2.HeartbeatGenerator] (executor-thread-1) 💓 [HEARTBEAT] Invio heartbeat: {"stazioneId":"MI","stato":"ONLINE","timestamp":"2026-08-14T16:49:04.152018366Z","tipoEvento":"HEARTBEAT","bufferSize":0}
2026-08-14 18:49:14,152 INFO  [it.uni.reti2.HeartbeatGenerator] (executor-thread-1) 💓 [HEARTBEAT] Invio heartbeat: {"stazioneId":"MI","stato":"ONLINE","timestamp":"2026-08-14T16:49:14.151996672Z","tipoEvento":"HEARTBEAT","bufferSize":0}
2026-08-14 18:49:24,152 INFO  [it.uni.reti2.HeartbeatGenerator] (executor-thread-1) 💓 [HEARTBEAT] Invio heartbeat: {"stazioneId":"MI","stato":"ONLINE","timestamp":"2026-08-14T16:49:24.152031788Z","tipoEvento":"HEARTBEAT","bufferSize":0}
2026-08-14 18:49:34,152 INFO  [it.uni.reti2.HeartbeatGenerator] (executor-thread-1) 💓 [HEARTBEAT] Invio heartbeat: {"stazioneId":"MI","stato":"ONLINE","timestamp":"2026-08-14T16:49:34.152315289Z","tipoEvento":"HEARTBEAT","bufferSize":0}
2026-08-14 18:49:44,152 INFO  [it.uni.reti2.HeartbeatGenerator] (executor-thread-1) 💓 [HEARTBEAT] Invio heartbeat: {"stazioneId":"MI","stato":"ONLINE","timestamp":"2026-08-14T16:49:44.152028827Z","tipoEvento":"HEARTBEAT","bufferSize":0}
2026-08-14 18:49:54,152 INFO  [it.uni.reti2.HeartbeatGenerator] (executor-thread-1) 💓 [HEARTBEAT] Invio heartbeat: {"stazioneId":"MI","stato":"ONLINE","timestamp":"2026-08-14T16:49:54.152009510Z","tipoEvento":"HEARTBEAT","bufferSize":0}
