__  ____  __  _____   ___  __ ____  ______ 
 --/ __ \/ / / / _ | / _ \/ //_/ / / / __/ 
 -/ /_/ / /_/ / __ |/ , _/ ,< / /_/ /\ \   
--\___\_\____/_/ |_/_/|_/_/|_|\____/___/   
2026-08-15 13:17:04,763 INFO  [it.uni.reti2.main] (main) 🚉 Avvio processo Stazione con ID: Padova
2026-08-15 13:17:06,326 INFO  [io.smallrye.reactive.messaging.mqtt] (main) Create MQTT Client for null@localhost:1883<>-[]
2026-08-15 13:17:06,687 INFO  [io.vertx.mqtt.impl.MqttClientImpl] (vert.x-eventloop-thread-0) Connection with localhost:1883 established successfully
2026-08-15 13:17:06,872 INFO  [io.smallrye.reactive.messaging.mqtt] (vert.x-eventloop-thread-0) Subscription success on topic railway/station/+/validation-response, Max QoS 0.
2026-08-15 13:17:06,873 INFO  [io.smallrye.reactive.messaging.mqtt] (vert.x-eventloop-thread-0) Subscription success on topic railway/alerts, Max QoS 0.
2026-08-15 13:17:06,873 INFO  [io.smallrye.reactive.messaging.mqtt] (vert.x-eventloop-thread-0) Subscription success on topic railway/train/+/passaggio, Max QoS 0.
2026-08-15 13:17:06,945 WARN  [it.uni.reti2.HeartbeatGenerator] (executor-thread-1) ⏳ Stazione non ancora validata dalla Centrale: heartbeat sospeso.
2026-08-15 13:17:07,072 INFO  [io.quarkus] (main) stazione 1.0.0-SNAPSHOT on JVM (powered by Quarkus 3.37.3) started in 2.521s. Listening on: http://0.0.0.0:8082
2026-08-15 13:17:07,073 INFO  [io.quarkus] (main) Profile prod activated. 
2026-08-15 13:17:07,073 INFO  [io.quarkus] (main) Installed features: [cdi, messaging, messaging-mqtt, rest, rest-jackson, scheduler, smallrye-context-propagation, vertx]
2026-08-15 13:17:07,092 INFO  [it.uni.reti2.main] (main) 🔎 Verifica ID stazione 'Padova' nel database centrale...
2026-08-15 13:17:07,181 INFO  [it.uni.reti2.StationDatabaseValidator] (main) 📩 Richiesta di validazione inviata per la stazione: Padova
2026-08-15 13:17:07,182 WARN  [it.uni.reti2.main] (main) ID stazione non ancora valido o il database centrale non è raggiungibile; riprovo tra 5 secondi...
2026-08-15 13:17:12,184 WARN  [it.uni.reti2.main] (main) ID stazione non ancora valido o il database centrale non è raggiungibile; riprovo tra 5 secondi...
2026-08-15 13:17:16,942 WARN  [it.uni.reti2.HeartbeatGenerator] (executor-thread-1) ⏳ Stazione non ancora validata dalla Centrale: heartbeat sospeso.
2026-08-15 13:17:17,184 WARN  [it.uni.reti2.main] (main) ID stazione non ancora valido o il database centrale non è raggiungibile; riprovo tra 5 secondi...
2026-08-15 13:17:22,186 INFO  [it.uni.reti2.StationDatabaseValidator] (main) 📩 Richiesta di validazione inviata per la stazione: Padova
2026-08-15 13:17:22,186 WARN  [it.uni.reti2.main] (main) ID stazione non ancora valido o il database centrale non è raggiungibile; riprovo tra 5 secondi...
2026-08-15 13:17:26,942 WARN  [it.uni.reti2.HeartbeatGenerator] (executor-thread-1) ⏳ Stazione non ancora validata dalla Centrale: heartbeat sospeso.
2026-08-15 13:17:27,186 WARN  [it.uni.reti2.main] (main) ID stazione non ancora valido o il database centrale non è raggiungibile; riprovo tra 5 secondi...
2026-08-15 13:17:32,187 WARN  [it.uni.reti2.main] (main) ID stazione non ancora valido o il database centrale non è raggiungibile; riprovo tra 5 secondi...
2026-08-15 13:17:36,943 WARN  [it.uni.reti2.HeartbeatGenerator] (executor-thread-1) ⏳ Stazione non ancora validata dalla Centrale: heartbeat sospeso.
2026-08-15 13:17:37,188 INFO  [it.uni.reti2.StationDatabaseValidator] (main) 📩 Richiesta di validazione inviata per la stazione: Padova
2026-08-15 13:17:37,189 WARN  [it.uni.reti2.main] (main) ID stazione non ancora valido o il database centrale non è raggiungibile; riprovo tra 5 secondi...
2026-08-15 13:17:42,189 WARN  [it.uni.reti2.main] (main) ID stazione non ancora valido o il database centrale non è raggiungibile; riprovo tra 5 secondi...
2026-08-15 13:17:46,943 WARN  [it.uni.reti2.HeartbeatGenerator] (executor-thread-1) ⏳ Stazione non ancora validata dalla Centrale: heartbeat sospeso.
2026-08-15 13:17:47,202 WARN  [it.uni.reti2.main] (main) ID stazione non ancora valido o il database centrale non è raggiungibile; riprovo tra 5 secondi...
2026-08-15 13:17:52,204 INFO  [it.uni.reti2.StationDatabaseValidator] (main) 📩 Richiesta di validazione inviata per la stazione: Padova
2026-08-15 13:17:52,204 WARN  [it.uni.reti2.main] (main) ID stazione non ancora valido o il database centrale non è raggiungibile; riprovo tra 5 secondi...
2026-08-15 13:17:56,943 WARN  [it.uni.reti2.HeartbeatGenerator] (executor-thread-1) ⏳ Stazione non ancora validata dalla Centrale: heartbeat sospeso.
2026-08-15 13:17:57,204 WARN  [it.uni.reti2.main] (main) ID stazione non ancora valido o il database centrale non è raggiungibile; riprovo tra 5 secondi...
2026-08-15 13:18:02,205 WARN  [it.uni.reti2.main] (main) ID stazione non ancora valido o il database centrale non è raggiungibile; riprovo tra 5 secondi...
2026-08-15 13:18:06,943 WARN  [it.uni.reti2.HeartbeatGenerator] (executor-thread-1) ⏳ Stazione non ancora validata dalla Centrale: heartbeat sospeso.
2026-08-15 13:18:07,206 INFO  [it.uni.reti2.StationDatabaseValidator] (main) 📩 Richiesta di validazione inviata per la stazione: Padova
2026-08-15 13:18:07,207 WARN  [it.uni.reti2.main] (main) ID stazione non ancora valido o il database centrale non è raggiungibile; riprovo tra 5 secondi...
2026-08-15 13:18:12,207 WARN  [it.uni.reti2.main] (main) ID stazione non ancora valido o il database centrale non è raggiungibile; riprovo tra 5 secondi...
2026-08-15 13:18:16,942 WARN  [it.uni.reti2.HeartbeatGenerator] (executor-thread-1) ⏳ Stazione non ancora validata dalla Centrale: heartbeat sospeso.
2026-08-15 13:18:17,208 WARN  [it.uni.reti2.main] (main) ID stazione non ancora valido o il database centrale non è raggiungibile; riprovo tra 5 secondi...
2026-08-15 13:18:22,210 INFO  [it.uni.reti2.StationDatabaseValidator] (main) 📩 Richiesta di validazione inviata per la stazione: Padova
2026-08-15 13:18:22,210 WARN  [it.uni.reti2.main] (main) ID stazione non ancora valido o il database centrale non è raggiungibile; riprovo tra 5 secondi...
2026-08-15 13:18:26,942 WARN  [it.uni.reti2.HeartbeatGenerator] (executor-thread-1) ⏳ Stazione non ancora validata dalla Centrale: heartbeat sospeso.
2026-08-15 13:18:27,211 WARN  [it.uni.reti2.main] (main) ID stazione non ancora valido o il database centrale non è raggiungibile; riprovo tra 5 secondi...
2026-08-15 13:18:32,211 WARN  [it.uni.reti2.main] (main) ID stazione non ancora valido o il database centrale non è raggiungibile; riprovo tra 5 secondi...
2026-08-15 13:18:36,942 WARN  [it.uni.reti2.HeartbeatGenerator] (executor-thread-1) ⏳ Stazione non ancora validata dalla Centrale: heartbeat sospeso.
2026-08-15 13:18:37,212 INFO  [it.uni.reti2.StationDatabaseValidator] (main) 📩 Richiesta di validazione inviata per la stazione: Padova
2026-08-15 13:18:37,213 WARN  [it.uni.reti2.main] (main) ID stazione non ancora valido o il database centrale non è raggiungibile; riprovo tra 5 secondi...
2026-08-15 13:18:42,213 WARN  [it.uni.reti2.main] (main) ID stazione non ancora valido o il database centrale non è raggiungibile; riprovo tra 5 secondi...
2026-08-15 13:18:46,942 WARN  [it.uni.reti2.HeartbeatGenerator] (executor-thread-1) ⏳ Stazione non ancora validata dalla Centrale: heartbeat sospeso.
2026-08-15 13:18:47,213 WARN  [it.uni.reti2.main] (main) ID stazione non ancora valido o il database centrale non è raggiungibile; riprovo tra 5 secondi...
2026-08-15 13:18:52,215 INFO  [it.uni.reti2.StationDatabaseValidator] (main) 📩 Richiesta di validazione inviata per la stazione: Padova
2026-08-15 13:18:52,215 WARN  [it.uni.reti2.main] (main) ID stazione non ancora valido o il database centrale non è raggiungibile; riprovo tra 5 secondi...
2026-08-15 13:18:56,942 WARN  [it.uni.reti2.HeartbeatGenerator] (executor-thread-1) ⏳ Stazione non ancora validata dalla Centrale: heartbeat sospeso.
2026-08-15 13:18:57,215 WARN  [it.uni.reti2.main] (main) ID stazione non ancora valido o il database centrale non è raggiungibile; riprovo tra 5 secondi...
2026-08-15 13:19:02,216 WARN  [it.uni.reti2.main] (main) ID stazione non ancora valido o il database centrale non è raggiungibile; riprovo tra 5 secondi...
2026-08-15 13:19:06,943 WARN  [it.uni.reti2.HeartbeatGenerator] (executor-thread-1) ⏳ Stazione non ancora validata dalla Centrale: heartbeat sospeso.
2026-08-15 13:19:07,217 INFO  [it.uni.reti2.StationDatabaseValidator] (main) 📩 Richiesta di validazione inviata per la stazione: Padova
2026-08-15 13:19:07,218 WARN  [it.uni.reti2.main] (main) ID stazione non ancora valido o il database centrale non è raggiungibile; riprovo tra 5 secondi...
2026-08-15 13:19:12,218 WARN  [it.uni.reti2.main] (main) ID stazione non ancora valido o il database centrale non è raggiungibile; riprovo tra 5 secondi...
2026-08-15 13:19:16,942 WARN  [it.uni.reti2.HeartbeatGenerator] (executor-thread-1) ⏳ Stazione non ancora validata dalla Centrale: heartbeat sospeso.
2026-08-15 13:19:17,219 WARN  [it.uni.reti2.main] (main) ID stazione non ancora valido o il database centrale non è raggiungibile; riprovo tra 5 secondi...
2026-08-15 13:19:22,220 INFO  [it.uni.reti2.StationDatabaseValidator] (main) 📩 Richiesta di validazione inviata per la stazione: Padova
2026-08-15 13:19:22,221 WARN  [it.uni.reti2.main] (main) ID stazione non ancora valido o il database centrale non è raggiungibile; riprovo tra 5 secondi...
2026-08-15 13:19:26,725 WARN  [it.uni.reti2.StationGateway] (vert.x-eventloop-thread-1) 🚨 [ALERT RICEVUTO] La Centrale dice: {"tipoEvento":"STOP","target":"TRENO_TEST_fd1b","motivo":"Soppresso da operatore","timestamp":"2026-08-15T11:19:26.686794182Z"}
2026-08-15 13:19:26,833 WARN  [it.uni.reti2.StationGateway] (vert.x-eventloop-thread-1) 🚨 [ALERT RICEVUTO] La Centrale dice: {"tipoEvento":"STOP","target":"TRENO_TEST_fd1b","motivo":"Treno eliminato da operatore","timestamp":"2026-08-15T11:19:26.831164513Z"}
2026-08-15 13:19:26,942 WARN  [it.uni.reti2.HeartbeatGenerator] (executor-thread-1) ⏳ Stazione non ancora validata dalla Centrale: heartbeat sospeso.
2026-08-15 13:19:27,221 WARN  [it.uni.reti2.main] (main) ID stazione non ancora valido o il database centrale non è raggiungibile; riprovo tra 5 secondi...
2026-08-15 13:19:32,221 WARN  [it.uni.reti2.main] (main) ID stazione non ancora valido o il database centrale non è raggiungibile; riprovo tra 5 secondi...
2026-08-15 13:19:36,942 WARN  [it.uni.reti2.HeartbeatGenerator] (executor-thread-1) ⏳ Stazione non ancora validata dalla Centrale: heartbeat sospeso.
2026-08-15 13:19:37,223 INFO  [it.uni.reti2.StationDatabaseValidator] (main) 📩 Richiesta di validazione inviata per la stazione: Padova
2026-08-15 13:19:37,223 WARN  [it.uni.reti2.main] (main) ID stazione non ancora valido o il database centrale non è raggiungibile; riprovo tra 5 secondi...
2026-08-15 13:19:42,223 WARN  [it.uni.reti2.main] (main) ID stazione non ancora valido o il database centrale non è raggiungibile; riprovo tra 5 secondi...
2026-08-15 13:19:46,943 WARN  [it.uni.reti2.HeartbeatGenerator] (executor-thread-1) ⏳ Stazione non ancora validata dalla Centrale: heartbeat sospeso.
2026-08-15 13:19:47,224 WARN  [it.uni.reti2.main] (main) ID stazione non ancora valido o il database centrale non è raggiungibile; riprovo tra 5 secondi...
2026-08-15 13:19:52,225 INFO  [it.uni.reti2.StationDatabaseValidator] (main) 📩 Richiesta di validazione inviata per la stazione: Padova
2026-08-15 13:19:52,225 WARN  [it.uni.reti2.main] (main) ID stazione non ancora valido o il database centrale non è raggiungibile; riprovo tra 5 secondi...
2026-08-15 13:19:56,942 WARN  [it.uni.reti2.HeartbeatGenerator] (executor-thread-1) ⏳ Stazione non ancora validata dalla Centrale: heartbeat sospeso.
2026-08-15 13:19:57,226 WARN  [it.uni.reti2.main] (main) ID stazione non ancora valido o il database centrale non è raggiungibile; riprovo tra 5 secondi...
2026-08-15 13:20:02,226 WARN  [it.uni.reti2.main] (main) ID stazione non ancora valido o il database centrale non è raggiungibile; riprovo tra 5 secondi...
2026-08-15 13:20:06,943 WARN  [it.uni.reti2.HeartbeatGenerator] (executor-thread-1) ⏳ Stazione non ancora validata dalla Centrale: heartbeat sospeso.
2026-08-15 13:20:07,227 INFO  [it.uni.reti2.StationDatabaseValidator] (main) 📩 Richiesta di validazione inviata per la stazione: Padova
2026-08-15 13:20:07,228 WARN  [it.uni.reti2.main] (main) ID stazione non ancora valido o il database centrale non è raggiungibile; riprovo tra 5 secondi...
2026-08-15 13:20:12,228 WARN  [it.uni.reti2.main] (main) ID stazione non ancora valido o il database centrale non è raggiungibile; riprovo tra 5 secondi...
2026-08-15 13:20:16,942 WARN  [it.uni.reti2.HeartbeatGenerator] (executor-thread-1) ⏳ Stazione non ancora validata dalla Centrale: heartbeat sospeso.
2026-08-15 13:20:17,229 WARN  [it.uni.reti2.main] (main) ID stazione non ancora valido o il database centrale non è raggiungibile; riprovo tra 5 secondi...
2026-08-15 13:20:22,229 INFO  [it.uni.reti2.StationDatabaseValidator] (main) 📩 Richiesta di validazione inviata per la stazione: Padova
2026-08-15 13:20:22,230 WARN  [it.uni.reti2.main] (main) ID stazione non ancora valido o il database centrale non è raggiungibile; riprovo tra 5 secondi...
2026-08-15 13:20:26,943 WARN  [it.uni.reti2.HeartbeatGenerator] (executor-thread-1) ⏳ Stazione non ancora validata dalla Centrale: heartbeat sospeso.
2026-08-15 13:20:27,230 WARN  [it.uni.reti2.main] (main) ID stazione non ancora valido o il database centrale non è raggiungibile; riprovo tra 5 secondi...
2026-08-15 13:20:32,231 WARN  [it.uni.reti2.main] (main) ID stazione non ancora valido o il database centrale non è raggiungibile; riprovo tra 5 secondi...
2026-08-15 13:20:36,943 WARN  [it.uni.reti2.HeartbeatGenerator] (executor-thread-1) ⏳ Stazione non ancora validata dalla Centrale: heartbeat sospeso.
2026-08-15 13:20:37,232 INFO  [it.uni.reti2.StationDatabaseValidator] (main) 📩 Richiesta di validazione inviata per la stazione: Padova
2026-08-15 13:20:37,232 WARN  [it.uni.reti2.main] (main) ID stazione non ancora valido o il database centrale non è raggiungibile; riprovo tra 5 secondi...
2026-08-15 13:20:42,232 WARN  [it.uni.reti2.main] (main) ID stazione non ancora valido o il database centrale non è raggiungibile; riprovo tra 5 secondi...
2026-08-15 13:20:46,943 WARN  [it.uni.reti2.HeartbeatGenerator] (executor-thread-1) ⏳ Stazione non ancora validata dalla Centrale: heartbeat sospeso.
2026-08-15 13:20:47,233 WARN  [it.uni.reti2.main] (main) ID stazione non ancora valido o il database centrale non è raggiungibile; riprovo tra 5 secondi...
2026-08-15 13:20:52,234 INFO  [it.uni.reti2.StationDatabaseValidator] (main) 📩 Richiesta di validazione inviata per la stazione: Padova
2026-08-15 13:20:52,234 WARN  [it.uni.reti2.main] (main) ID stazione non ancora valido o il database centrale non è raggiungibile; riprovo tra 5 secondi...
2026-08-15 13:20:56,942 WARN  [it.uni.reti2.HeartbeatGenerator] (executor-thread-1) ⏳ Stazione non ancora validata dalla Centrale: heartbeat sospeso.
2026-08-15 13:20:57,235 WARN  [it.uni.reti2.main] (main) ID stazione non ancora valido o il database centrale non è raggiungibile; riprovo tra 5 secondi...
2026-08-15 13:21:02,235 WARN  [it.uni.reti2.main] (main) ID stazione non ancora valido o il database centrale non è raggiungibile; riprovo tra 5 secondi...
2026-08-15 13:21:06,942 WARN  [it.uni.reti2.HeartbeatGenerator] (executor-thread-1) ⏳ Stazione non ancora validata dalla Centrale: heartbeat sospeso.
2026-08-15 13:21:07,236 INFO  [it.uni.reti2.StationDatabaseValidator] (main) 📩 Richiesta di validazione inviata per la stazione: Padova
2026-08-15 13:21:07,237 WARN  [it.uni.reti2.main] (main) ID stazione non ancora valido o il database centrale non è raggiungibile; riprovo tra 5 secondi...
2026-08-15 13:21:12,237 WARN  [it.uni.reti2.main] (main) ID stazione non ancora valido o il database centrale non è raggiungibile; riprovo tra 5 secondi...
2026-08-15 13:21:15,612 INFO  [io.smallrye.reactive.messaging.mqtt.session.impl.MqttClientSessionImpl] (vert.x-eventloop-thread-0) Connection closed: Connection closed
2026-08-15 13:21:16,619 ERROR [io.vertx.mqtt.impl.MqttClientImpl] (vert.x-eventloop-thread-0) Can't connect to localhost:1883: io.netty.channel.AbstractChannel$AnnotatedConnectException: Connessione rifiutata: localhost/127.0.0.1:1883
Caused by: java.net.ConnectException: Connessione rifiutata
	at java.base/sun.nio.ch.Net.pollConnect(Native Method)
	at java.base/sun.nio.ch.Net.pollConnectNow(Net.java:639)
	at java.base/sun.nio.ch.SocketChannelImpl.finishConnect(SocketChannelImpl.java:1046)
	at io.netty.channel.socket.nio.NioSocketChannel.doFinishConnect(NioSocketChannel.java:336)
	at io.netty.channel.nio.AbstractNioChannel$AbstractNioUnsafe.finishConnect(AbstractNioChannel.java:339)
	at io.netty.channel.nio.NioEventLoop.processSelectedKey(NioEventLoop.java:784)
	at io.netty.channel.nio.NioEventLoop.processSelectedKeysOptimized(NioEventLoop.java:732)
	at io.netty.channel.nio.NioEventLoop.processSelectedKeys(NioEventLoop.java:658)
	at io.netty.channel.nio.NioEventLoop.run(NioEventLoop.java:562)
	at io.netty.util.concurrent.SingleThreadEventExecutor$4.run(SingleThreadEventExecutor.java:998)
	at io.netty.util.internal.ThreadExecutorMap$2.run(ThreadExecutorMap.java:74)
	at io.netty.util.concurrent.FastThreadLocalRunnable.run(FastThreadLocalRunnable.java:30)
	at java.base/java.lang.Thread.run(Thread.java:1474)

2026-08-15 13:21:16,942 WARN  [it.uni.reti2.HeartbeatGenerator] (executor-thread-1) ⏳ Stazione non ancora validata dalla Centrale: heartbeat sospeso.
2026-08-15 13:21:17,237 WARN  [it.uni.reti2.main] (main) ID stazione non ancora valido o il database centrale non è raggiungibile; riprovo tra 5 secondi...
2026-08-15 13:21:17,628 ERROR [io.vertx.mqtt.impl.MqttClientImpl] (vert.x-eventloop-thread-0) Can't connect to localhost:1883: io.netty.channel.AbstractChannel$AnnotatedConnectException: Connessione rifiutata: localhost/127.0.0.1:1883
Caused by: java.net.ConnectException: Connessione rifiutata
	at java.base/sun.nio.ch.Net.pollConnect(Native Method)
	at java.base/sun.nio.ch.Net.pollConnectNow(Net.java:639)
	at java.base/sun.nio.ch.SocketChannelImpl.finishConnect(SocketChannelImpl.java:1046)
	at io.netty.channel.socket.nio.NioSocketChannel.doFinishConnect(NioSocketChannel.java:336)
	at io.netty.channel.nio.AbstractNioChannel$AbstractNioUnsafe.finishConnect(AbstractNioChannel.java:339)
	at io.netty.channel.nio.NioEventLoop.processSelectedKey(NioEventLoop.java:784)
	at io.netty.channel.nio.NioEventLoop.processSelectedKeysOptimized(NioEventLoop.java:732)
	at io.netty.channel.nio.NioEventLoop.processSelectedKeys(NioEventLoop.java:658)
	at io.netty.channel.nio.NioEventLoop.run(NioEventLoop.java:562)
	at io.netty.util.concurrent.SingleThreadEventExecutor$4.run(SingleThreadEventExecutor.java:998)
	at io.netty.util.internal.ThreadExecutorMap$2.run(ThreadExecutorMap.java:74)
	at io.netty.util.concurrent.FastThreadLocalRunnable.run(FastThreadLocalRunnable.java:30)
	at java.base/java.lang.Thread.run(Thread.java:1474)

2026-08-15 13:21:18,632 ERROR [io.vertx.mqtt.impl.MqttClientImpl] (vert.x-eventloop-thread-0) Can't connect to localhost:1883: io.netty.channel.AbstractChannel$AnnotatedConnectException: Connessione rifiutata: localhost/127.0.0.1:1883
Caused by: java.net.ConnectException: Connessione rifiutata
	at java.base/sun.nio.ch.Net.pollConnect(Native Method)
	at java.base/sun.nio.ch.Net.pollConnectNow(Net.java:639)
	at java.base/sun.nio.ch.SocketChannelImpl.finishConnect(SocketChannelImpl.java:1046)
	at io.netty.channel.socket.nio.NioSocketChannel.doFinishConnect(NioSocketChannel.java:336)
	at io.netty.channel.nio.AbstractNioChannel$AbstractNioUnsafe.finishConnect(AbstractNioChannel.java:339)
	at io.netty.channel.nio.NioEventLoop.processSelectedKey(NioEventLoop.java:784)
	at io.netty.channel.nio.NioEventLoop.processSelectedKeysOptimized(NioEventLoop.java:732)
	at io.netty.channel.nio.NioEventLoop.processSelectedKeys(NioEventLoop.java:658)
	at io.netty.channel.nio.NioEventLoop.run(NioEventLoop.java:562)
	at io.netty.util.concurrent.SingleThreadEventExecutor$4.run(SingleThreadEventExecutor.java:998)
	at io.netty.util.internal.ThreadExecutorMap$2.run(ThreadExecutorMap.java:74)
	at io.netty.util.concurrent.FastThreadLocalRunnable.run(FastThreadLocalRunnable.java:30)
	at java.base/java.lang.Thread.run(Thread.java:1474)

2026-08-15 13:21:19,637 ERROR [io.vertx.mqtt.impl.MqttClientImpl] (vert.x-eventloop-thread-0) Can't connect to localhost:1883: io.netty.channel.AbstractChannel$AnnotatedConnectException: Connessione rifiutata: localhost/127.0.0.1:1883
Caused by: java.net.ConnectException: Connessione rifiutata
	at java.base/sun.nio.ch.Net.pollConnect(Native Method)
	at java.base/sun.nio.ch.Net.pollConnectNow(Net.java:639)
	at java.base/sun.nio.ch.SocketChannelImpl.finishConnect(SocketChannelImpl.java:1046)
	at io.netty.channel.socket.nio.NioSocketChannel.doFinishConnect(NioSocketChannel.java:336)
	at io.netty.channel.nio.AbstractNioChannel$AbstractNioUnsafe.finishConnect(AbstractNioChannel.java:339)
	at io.netty.channel.nio.NioEventLoop.processSelectedKey(NioEventLoop.java:784)
	at io.netty.channel.nio.NioEventLoop.processSelectedKeysOptimized(NioEventLoop.java:732)
	at io.netty.channel.nio.NioEventLoop.processSelectedKeys(NioEventLoop.java:658)
	at io.netty.channel.nio.NioEventLoop.run(NioEventLoop.java:562)
	at io.netty.util.concurrent.SingleThreadEventExecutor$4.run(SingleThreadEventExecutor.java:998)
	at io.netty.util.internal.ThreadExecutorMap$2.run(ThreadExecutorMap.java:74)
	at io.netty.util.concurrent.FastThreadLocalRunnable.run(FastThreadLocalRunnable.java:30)
	at java.base/java.lang.Thread.run(Thread.java:1474)

2026-08-15 13:21:20,641 ERROR [io.vertx.mqtt.impl.MqttClientImpl] (vert.x-eventloop-thread-0) Can't connect to localhost:1883: io.netty.channel.AbstractChannel$AnnotatedConnectException: Connessione rifiutata: localhost/127.0.0.1:1883
Caused by: java.net.ConnectException: Connessione rifiutata
	at java.base/sun.nio.ch.Net.pollConnect(Native Method)
	at java.base/sun.nio.ch.Net.pollConnectNow(Net.java:639)
	at java.base/sun.nio.ch.SocketChannelImpl.finishConnect(SocketChannelImpl.java:1046)
	at io.netty.channel.socket.nio.NioSocketChannel.doFinishConnect(NioSocketChannel.java:336)
	at io.netty.channel.nio.AbstractNioChannel$AbstractNioUnsafe.finishConnect(AbstractNioChannel.java:339)
	at io.netty.channel.nio.NioEventLoop.processSelectedKey(NioEventLoop.java:784)
	at io.netty.channel.nio.NioEventLoop.processSelectedKeysOptimized(NioEventLoop.java:732)
	at io.netty.channel.nio.NioEventLoop.processSelectedKeys(NioEventLoop.java:658)
	at io.netty.channel.nio.NioEventLoop.run(NioEventLoop.java:562)
	at io.netty.util.concurrent.SingleThreadEventExecutor$4.run(SingleThreadEventExecutor.java:998)
	at io.netty.util.internal.ThreadExecutorMap$2.run(ThreadExecutorMap.java:74)
	at io.netty.util.concurrent.FastThreadLocalRunnable.run(FastThreadLocalRunnable.java:30)
	at java.base/java.lang.Thread.run(Thread.java:1474)

2026-08-15 13:21:21,644 INFO  [io.vertx.mqtt.impl.MqttClientImpl] (vert.x-eventloop-thread-0) Connection with localhost:1883 established successfully
2026-08-15 13:21:22,239 INFO  [it.uni.reti2.StationDatabaseValidator] (main) 📩 Richiesta di validazione inviata per la stazione: Padova
2026-08-15 13:21:22,239 WARN  [it.uni.reti2.main] (main) ID stazione non ancora valido o il database centrale non è raggiungibile; riprovo tra 5 secondi...
2026-08-15 13:21:26,942 WARN  [it.uni.reti2.HeartbeatGenerator] (executor-thread-1) ⏳ Stazione non ancora validata dalla Centrale: heartbeat sospeso.
2026-08-15 13:21:27,239 WARN  [it.uni.reti2.main] (main) ID stazione non ancora valido o il database centrale non è raggiungibile; riprovo tra 5 secondi...
2026-08-15 13:21:32,240 WARN  [it.uni.reti2.main] (main) ID stazione non ancora valido o il database centrale non è raggiungibile; riprovo tra 5 secondi...
2026-08-15 13:21:36,943 WARN  [it.uni.reti2.HeartbeatGenerator] (executor-thread-1) ⏳ Stazione non ancora validata dalla Centrale: heartbeat sospeso.
2026-08-15 13:21:37,241 INFO  [it.uni.reti2.StationDatabaseValidator] (main) 📩 Richiesta di validazione inviata per la stazione: Padova
2026-08-15 13:21:37,241 WARN  [it.uni.reti2.main] (main) ID stazione non ancora valido o il database centrale non è raggiungibile; riprovo tra 5 secondi...
2026-08-15 13:21:42,242 WARN  [it.uni.reti2.main] (main) ID stazione non ancora valido o il database centrale non è raggiungibile; riprovo tra 5 secondi...
2026-08-15 13:21:46,944 WARN  [it.uni.reti2.HeartbeatGenerator] (executor-thread-1) ⏳ Stazione non ancora validata dalla Centrale: heartbeat sospeso.
2026-08-15 13:21:47,243 WARN  [it.uni.reti2.main] (main) ID stazione non ancora valido o il database centrale non è raggiungibile; riprovo tra 5 secondi...
2026-08-15 13:21:50,982 WARN  [it.uni.reti2.StationGateway] (vert.x-eventloop-thread-1) 🚨 [ALERT RICEVUTO] La Centrale dice: {"tipoEvento":"STOP","target":"TRENO_TEST_4ea3","motivo":"Soppresso da operatore","timestamp":"2026-08-15T11:21:50.975729619Z"}
2026-08-15 13:21:51,014 WARN  [it.uni.reti2.StationGateway] (vert.x-eventloop-thread-1) 🚨 [ALERT RICEVUTO] La Centrale dice: {"tipoEvento":"STOP","target":"TRENO_TEST_4ea3","motivo":"Treno eliminato da operatore","timestamp":"2026-08-15T11:21:51.013020033Z"}
2026-08-15 13:21:52,244 INFO  [it.uni.reti2.StationDatabaseValidator] (main) 📩 Richiesta di validazione inviata per la stazione: Padova
2026-08-15 13:21:52,244 WARN  [it.uni.reti2.main] (main) ID stazione non ancora valido o il database centrale non è raggiungibile; riprovo tra 5 secondi...
2026-08-15 13:21:56,942 WARN  [it.uni.reti2.HeartbeatGenerator] (executor-thread-1) ⏳ Stazione non ancora validata dalla Centrale: heartbeat sospeso.
2026-08-15 13:21:57,244 WARN  [it.uni.reti2.main] (main) ID stazione non ancora valido o il database centrale non è raggiungibile; riprovo tra 5 secondi...
2026-08-15 13:22:02,245 WARN  [it.uni.reti2.main] (main) ID stazione non ancora valido o il database centrale non è raggiungibile; riprovo tra 5 secondi...
2026-08-15 13:22:06,943 WARN  [it.uni.reti2.HeartbeatGenerator] (executor-thread-1) ⏳ Stazione non ancora validata dalla Centrale: heartbeat sospeso.
2026-08-15 13:22:07,246 INFO  [it.uni.reti2.StationDatabaseValidator] (main) 📩 Richiesta di validazione inviata per la stazione: Padova
2026-08-15 13:22:07,246 WARN  [it.uni.reti2.main] (main) ID stazione non ancora valido o il database centrale non è raggiungibile; riprovo tra 5 secondi...
2026-08-15 13:22:07,272 INFO  [it.uni.reti2.StationDatabaseValidator] (vert.x-eventloop-thread-2) 🚉 Processo associato con successo alla chiave primaria del database: Padova
2026-08-15 13:22:12,247 INFO  [it.uni.reti2.main] (main) ✅ Processo Stazione AVVIATO CORRETTAMENTE
2026-08-15 13:22:12,247 INFO  [it.uni.reti2.main] (main) 🔄 Ingresso nel ciclo infinito di mantenimento del nodo Stazione...
2026-08-15 13:22:12,247 INFO  [it.uni.reti2.main] (main) 🌐 Server REST disponibile su http://localhost:8081/stazione/info
2026-08-15 13:22:16,943 INFO  [it.uni.reti2.HeartbeatGenerator] (executor-thread-1) 💓 [HEARTBEAT] Invio heartbeat: {"stazioneId":"Padova","stato":"ONLINE","timestamp":"2026-08-15T11:22:16.942908063Z","tipoEvento":"HEARTBEAT","bufferSize":0}
2026-08-15 13:22:26,942 INFO  [it.uni.reti2.HeartbeatGenerator] (executor-thread-1) 💓 [HEARTBEAT] Invio heartbeat: {"stazioneId":"Padova","stato":"ONLINE","timestamp":"2026-08-15T11:22:26.942712565Z","tipoEvento":"HEARTBEAT","bufferSize":0}
2026-08-15 13:22:36,943 INFO  [it.uni.reti2.HeartbeatGenerator] (executor-thread-1) 💓 [HEARTBEAT] Invio heartbeat: {"stazioneId":"Padova","stato":"ONLINE","timestamp":"2026-08-15T11:22:36.942858130Z","tipoEvento":"HEARTBEAT","bufferSize":0}
2026-08-15 13:22:46,943 INFO  [it.uni.reti2.HeartbeatGenerator] (executor-thread-1) 💓 [HEARTBEAT] Invio heartbeat: {"stazioneId":"Padova","stato":"ONLINE","timestamp":"2026-08-15T11:22:46.943388669Z","tipoEvento":"HEARTBEAT","bufferSize":0}
2026-08-15 13:22:53,033 WARN  [it.uni.reti2.StationGateway] (vert.x-eventloop-thread-1) 🚨 [ALERT RICEVUTO] La Centrale dice: {"tipoEvento":"GUASTO","origine":"CENTRALE","sorgenteTipo":"STAZIONE","sorgenteId":"stazzaDellaMadonnaTroia","severita":"CRITICAL","messaggio":"Heartbeat assente: la stazione stazzaDellaMadonnaTroia non invia heartbeat da oltre 30 secondi","guastoId":"alert-1786792973002-a9acd55b","timestamp":"2026-08-15T11:22:53.005203348Z"}
2026-08-15 13:22:56,943 INFO  [it.uni.reti2.HeartbeatGenerator] (executor-thread-1) 💓 [HEARTBEAT] Invio heartbeat: {"stazioneId":"Padova","stato":"ONLINE","timestamp":"2026-08-15T11:22:56.942991025Z","tipoEvento":"HEARTBEAT","bufferSize":0}
2026-08-15 13:23:06,943 INFO  [it.uni.reti2.HeartbeatGenerator] (executor-thread-1) 💓 [HEARTBEAT] Invio heartbeat: {"stazioneId":"Padova","stato":"ONLINE","timestamp":"2026-08-15T11:23:06.943256520Z","tipoEvento":"HEARTBEAT","bufferSize":0}
2026-08-15 13:23:16,943 INFO  [it.uni.reti2.HeartbeatGenerator] (executor-thread-1) 💓 [HEARTBEAT] Invio heartbeat: {"stazioneId":"Padova","stato":"ONLINE","timestamp":"2026-08-15T11:23:16.943358722Z","tipoEvento":"HEARTBEAT","bufferSize":0}
2026-08-15 13:23:26,943 INFO  [it.uni.reti2.HeartbeatGenerator] (executor-thread-1) 💓 [HEARTBEAT] Invio heartbeat: {"stazioneId":"Padova","stato":"ONLINE","timestamp":"2026-08-15T11:23:26.943369464Z","tipoEvento":"HEARTBEAT","bufferSize":0}
2026-08-15 13:23:36,943 INFO  [it.uni.reti2.HeartbeatGenerator] (executor-thread-1) 💓 [HEARTBEAT] Invio heartbeat: {"stazioneId":"Padova","stato":"ONLINE","timestamp":"2026-08-15T11:23:36.942876173Z","tipoEvento":"HEARTBEAT","bufferSize":0}
2026-08-15 13:23:46,942 INFO  [it.uni.reti2.HeartbeatGenerator] (executor-thread-1) 💓 [HEARTBEAT] Invio heartbeat: {"stazioneId":"Padova","stato":"ONLINE","timestamp":"2026-08-15T11:23:46.942746208Z","tipoEvento":"HEARTBEAT","bufferSize":0}
2026-08-15 13:23:56,943 INFO  [it.uni.reti2.HeartbeatGenerator] (executor-thread-1) 💓 [HEARTBEAT] Invio heartbeat: {"stazioneId":"Padova","stato":"ONLINE","timestamp":"2026-08-15T11:23:56.942874942Z","tipoEvento":"HEARTBEAT","bufferSize":0}
2026-08-15 13:24:06,943 INFO  [it.uni.reti2.HeartbeatGenerator] (executor-thread-1) 💓 [HEARTBEAT] Invio heartbeat: {"stazioneId":"Padova","stato":"ONLINE","timestamp":"2026-08-15T11:24:06.942907926Z","tipoEvento":"HEARTBEAT","bufferSize":0}
2026-08-15 13:24:16,943 INFO  [it.uni.reti2.HeartbeatGenerator] (executor-thread-1) 💓 [HEARTBEAT] Invio heartbeat: {"stazioneId":"Padova","stato":"ONLINE","timestamp":"2026-08-15T11:24:16.943337830Z","tipoEvento":"HEARTBEAT","bufferSize":0}
2026-08-15 13:24:26,943 INFO  [it.uni.reti2.HeartbeatGenerator] (executor-thread-1) 💓 [HEARTBEAT] Invio heartbeat: {"stazioneId":"Padova","stato":"ONLINE","timestamp":"2026-08-15T11:24:26.943190900Z","tipoEvento":"HEARTBEAT","bufferSize":0}
2026-08-15 13:24:36,943 INFO  [it.uni.reti2.HeartbeatGenerator] (executor-thread-1) 💓 [HEARTBEAT] Invio heartbeat: {"stazioneId":"Padova","stato":"ONLINE","timestamp":"2026-08-15T11:24:36.942894580Z","tipoEvento":"HEARTBEAT","bufferSize":0}
2026-08-15 13:24:46,943 INFO  [it.uni.reti2.HeartbeatGenerator] (executor-thread-1) 💓 [HEARTBEAT] Invio heartbeat: {"stazioneId":"Padova","stato":"ONLINE","timestamp":"2026-08-15T11:24:46.942995127Z","tipoEvento":"HEARTBEAT","bufferSize":0}
2026-08-15 13:24:56,942 INFO  [it.uni.reti2.HeartbeatGenerator] (executor-thread-1) 💓 [HEARTBEAT] Invio heartbeat: {"stazioneId":"Padova","stato":"ONLINE","timestamp":"2026-08-15T11:24:56.942806001Z","tipoEvento":"HEARTBEAT","bufferSize":0}
2026-08-15 13:25:06,943 INFO  [it.uni.reti2.HeartbeatGenerator] (executor-thread-1) 💓 [HEARTBEAT] Invio heartbeat: {"stazioneId":"Padova","stato":"ONLINE","timestamp":"2026-08-15T11:25:06.942801522Z","tipoEvento":"HEARTBEAT","bufferSize":0}
2026-08-15 13:25:16,943 INFO  [it.uni.reti2.HeartbeatGenerator] (executor-thread-1) 💓 [HEARTBEAT] Invio heartbeat: {"stazioneId":"Padova","stato":"ONLINE","timestamp":"2026-08-15T11:25:16.942838777Z","tipoEvento":"HEARTBEAT","bufferSize":0}
2026-08-15 13:25:26,943 INFO  [it.uni.reti2.HeartbeatGenerator] (executor-thread-1) 💓 [HEARTBEAT] Invio heartbeat: {"stazioneId":"Padova","stato":"ONLINE","timestamp":"2026-08-15T11:25:26.942992705Z","tipoEvento":"HEARTBEAT","bufferSize":0}
2026-08-15 13:25:36,943 INFO  [it.uni.reti2.HeartbeatGenerator] (executor-thread-1) 💓 [HEARTBEAT] Invio heartbeat: {"stazioneId":"Padova","stato":"ONLINE","timestamp":"2026-08-15T11:25:36.943033996Z","tipoEvento":"HEARTBEAT","bufferSize":0}
2026-08-15 13:25:46,943 INFO  [it.uni.reti2.HeartbeatGenerator] (executor-thread-1) 💓 [HEARTBEAT] Invio heartbeat: {"stazioneId":"Padova","stato":"ONLINE","timestamp":"2026-08-15T11:25:46.943054727Z","tipoEvento":"HEARTBEAT","bufferSize":0}
2026-08-15 13:25:49,605 INFO  [it.uni.reti2.StationGateway] (vert.x-eventloop-thread-3) 🚂 [PASSAGGIO] Treno tenoAmmazzaRicchi in ENTRATA dalla stazione Padova
2026-08-15 13:25:56,943 INFO  [it.uni.reti2.HeartbeatGenerator] (executor-thread-1) 💓 [HEARTBEAT] Invio heartbeat: {"stazioneId":"Padova","stato":"ONLINE","timestamp":"2026-08-15T11:25:56.942834299Z","tipoEvento":"HEARTBEAT","bufferSize":0}
2026-08-15 13:26:06,943 INFO  [it.uni.reti2.HeartbeatGenerator] (executor-thread-1) 💓 [HEARTBEAT] Invio heartbeat: {"stazioneId":"Padova","stato":"ONLINE","timestamp":"2026-08-15T11:26:06.943394365Z","tipoEvento":"HEARTBEAT","bufferSize":0}
2026-08-15 13:26:16,943 INFO  [it.uni.reti2.HeartbeatGenerator] (executor-thread-1) 💓 [HEARTBEAT] Invio heartbeat: {"stazioneId":"Padova","stato":"ONLINE","timestamp":"2026-08-15T11:26:16.942811068Z","tipoEvento":"HEARTBEAT","bufferSize":0}
2026-08-15 13:26:26,943 INFO  [it.uni.reti2.HeartbeatGenerator] (executor-thread-1) 💓 [HEARTBEAT] Invio heartbeat: {"stazioneId":"Padova","stato":"ONLINE","timestamp":"2026-08-15T11:26:26.943147232Z","tipoEvento":"HEARTBEAT","bufferSize":0}
2026-08-15 13:26:36,942 INFO  [it.uni.reti2.HeartbeatGenerator] (executor-thread-1) 💓 [HEARTBEAT] Invio heartbeat: {"stazioneId":"Padova","stato":"ONLINE","timestamp":"2026-08-15T11:26:36.942778883Z","tipoEvento":"HEARTBEAT","bufferSize":0}
2026-08-15 13:26:46,942 INFO  [it.uni.reti2.HeartbeatGenerator] (executor-thread-1) 💓 [HEARTBEAT] Invio heartbeat: {"stazioneId":"Padova","stato":"ONLINE","timestamp":"2026-08-15T11:26:46.942798575Z","tipoEvento":"HEARTBEAT","bufferSize":0}
2026-08-15 13:26:56,943 INFO  [it.uni.reti2.HeartbeatGenerator] (executor-thread-1) 💓 [HEARTBEAT] Invio heartbeat: {"stazioneId":"Padova","stato":"ONLINE","timestamp":"2026-08-15T11:26:56.943693971Z","tipoEvento":"HEARTBEAT","bufferSize":0}
2026-08-15 13:27:06,943 INFO  [it.uni.reti2.HeartbeatGenerator] (executor-thread-1) 💓 [HEARTBEAT] Invio heartbeat: {"stazioneId":"Padova","stato":"ONLINE","timestamp":"2026-08-15T11:27:06.942824338Z","tipoEvento":"HEARTBEAT","bufferSize":0}
2026-08-15 13:27:16,943 INFO  [it.uni.reti2.HeartbeatGenerator] (executor-thread-1) 💓 [HEARTBEAT] Invio heartbeat: {"stazioneId":"Padova","stato":"ONLINE","timestamp":"2026-08-15T11:27:16.943207086Z","tipoEvento":"HEARTBEAT","bufferSize":0}
2026-08-15 13:27:26,943 INFO  [it.uni.reti2.HeartbeatGenerator] (executor-thread-1) 💓 [HEARTBEAT] Invio heartbeat: {"stazioneId":"Padova","stato":"ONLINE","timestamp":"2026-08-15T11:27:26.943290307Z","tipoEvento":"HEARTBEAT","bufferSize":0}
2026-08-15 13:27:36,943 INFO  [it.uni.reti2.HeartbeatGenerator] (executor-thread-1) 💓 [HEARTBEAT] Invio heartbeat: {"stazioneId":"Padova","stato":"ONLINE","timestamp":"2026-08-15T11:27:36.943124075Z","tipoEvento":"HEARTBEAT","bufferSize":0}
2026-08-15 13:27:46,943 INFO  [it.uni.reti2.HeartbeatGenerator] (executor-thread-1) 💓 [HEARTBEAT] Invio heartbeat: {"stazioneId":"Padova","stato":"ONLINE","timestamp":"2026-08-15T11:27:46.943271710Z","tipoEvento":"HEARTBEAT","bufferSize":0}
2026-08-15 13:27:56,943 INFO  [it.uni.reti2.HeartbeatGenerator] (executor-thread-1) 💓 [HEARTBEAT] Invio heartbeat: {"stazioneId":"Padova","stato":"ONLINE","timestamp":"2026-08-15T11:27:56.943312912Z","tipoEvento":"HEARTBEAT","bufferSize":0}
2026-08-15 13:28:06,943 INFO  [it.uni.reti2.HeartbeatGenerator] (executor-thread-1) 💓 [HEARTBEAT] Invio heartbeat: {"stazioneId":"Padova","stato":"ONLINE","timestamp":"2026-08-15T11:28:06.943315915Z","tipoEvento":"HEARTBEAT","bufferSize":0}
2026-08-15 13:28:16,943 INFO  [it.uni.reti2.HeartbeatGenerator] (executor-thread-1) 💓 [HEARTBEAT] Invio heartbeat: {"stazioneId":"Padova","stato":"ONLINE","timestamp":"2026-08-15T11:28:16.942918876Z","tipoEvento":"HEARTBEAT","bufferSize":0}
2026-08-15 13:28:26,943 INFO  [it.uni.reti2.HeartbeatGenerator] (executor-thread-1) 💓 [HEARTBEAT] Invio heartbeat: {"stazioneId":"Padova","stato":"ONLINE","timestamp":"2026-08-15T11:28:26.943310079Z","tipoEvento":"HEARTBEAT","bufferSize":0}
2026-08-15 13:28:36,943 INFO  [it.uni.reti2.HeartbeatGenerator] (executor-thread-1) 💓 [HEARTBEAT] Invio heartbeat: {"stazioneId":"Padova","stato":"ONLINE","timestamp":"2026-08-15T11:28:36.943277827Z","tipoEvento":"HEARTBEAT","bufferSize":0}
2026-08-15 13:28:46,943 INFO  [it.uni.reti2.HeartbeatGenerator] (executor-thread-1) 💓 [HEARTBEAT] Invio heartbeat: {"stazioneId":"Padova","stato":"ONLINE","timestamp":"2026-08-15T11:28:46.943041981Z","tipoEvento":"HEARTBEAT","bufferSize":0}
2026-08-15 13:28:56,942 INFO  [it.uni.reti2.HeartbeatGenerator] (executor-thread-1) 💓 [HEARTBEAT] Invio heartbeat: {"stazioneId":"Padova","stato":"ONLINE","timestamp":"2026-08-15T11:28:56.942788572Z","tipoEvento":"HEARTBEAT","bufferSize":0}
2026-08-15 13:29:06,943 INFO  [it.uni.reti2.HeartbeatGenerator] (executor-thread-1) 💓 [HEARTBEAT] Invio heartbeat: {"stazioneId":"Padova","stato":"ONLINE","timestamp":"2026-08-15T11:29:06.943311976Z","tipoEvento":"HEARTBEAT","bufferSize":0}
2026-08-15 13:29:16,942 INFO  [it.uni.reti2.HeartbeatGenerator] (executor-thread-1) 💓 [HEARTBEAT] Invio heartbeat: {"stazioneId":"Padova","stato":"ONLINE","timestamp":"2026-08-15T11:29:16.942853700Z","tipoEvento":"HEARTBEAT","bufferSize":0}
2026-08-15 13:29:26,942 INFO  [it.uni.reti2.HeartbeatGenerator] (executor-thread-1) 💓 [HEARTBEAT] Invio heartbeat: {"stazioneId":"Padova","stato":"ONLINE","timestamp":"2026-08-15T11:29:26.942865260Z","tipoEvento":"HEARTBEAT","bufferSize":0}
2026-08-15 13:29:36,943 INFO  [it.uni.reti2.HeartbeatGenerator] (executor-thread-1) 💓 [HEARTBEAT] Invio heartbeat: {"stazioneId":"Padova","stato":"ONLINE","timestamp":"2026-08-15T11:29:36.943289977Z","tipoEvento":"HEARTBEAT","bufferSize":0}
2026-08-15 13:29:46,943 INFO  [it.uni.reti2.HeartbeatGenerator] (executor-thread-1) 💓 [HEARTBEAT] Invio heartbeat: {"stazioneId":"Padova","stato":"ONLINE","timestamp":"2026-08-15T11:29:46.943333632Z","tipoEvento":"HEARTBEAT","bufferSize":0}
2026-08-15 13:29:56,942 INFO  [it.uni.reti2.HeartbeatGenerator] (executor-thread-1) 💓 [HEARTBEAT] Invio heartbeat: {"stazioneId":"Padova","stato":"ONLINE","timestamp":"2026-08-15T11:29:56.942846094Z","tipoEvento":"HEARTBEAT","bufferSize":0}
2026-08-15 13:30:06,942 INFO  [it.uni.reti2.HeartbeatGenerator] (executor-thread-1) 💓 [HEARTBEAT] Invio heartbeat: {"stazioneId":"Padova","stato":"ONLINE","timestamp":"2026-08-15T11:30:06.942837643Z","tipoEvento":"HEARTBEAT","bufferSize":0}
2026-08-15 13:30:16,943 INFO  [it.uni.reti2.HeartbeatGenerator] (executor-thread-1) 💓 [HEARTBEAT] Invio heartbeat: {"stazioneId":"Padova","stato":"ONLINE","timestamp":"2026-08-15T11:30:16.942907272Z","tipoEvento":"HEARTBEAT","bufferSize":0}
2026-08-15 13:30:26,943 INFO  [it.uni.reti2.HeartbeatGenerator] (executor-thread-1) 💓 [HEARTBEAT] Invio heartbeat: {"stazioneId":"Padova","stato":"ONLINE","timestamp":"2026-08-15T11:30:26.942879083Z","tipoEvento":"HEARTBEAT","bufferSize":0}
2026-08-15 13:30:36,942 INFO  [it.uni.reti2.HeartbeatGenerator] (executor-thread-1) 💓 [HEARTBEAT] Invio heartbeat: {"stazioneId":"Padova","stato":"ONLINE","timestamp":"2026-08-15T11:30:36.942821847Z","tipoEvento":"HEARTBEAT","bufferSize":0}
2026-08-15 13:30:46,943 INFO  [it.uni.reti2.HeartbeatGenerator] (executor-thread-1) 💓 [HEARTBEAT] Invio heartbeat: {"stazioneId":"Padova","stato":"ONLINE","timestamp":"2026-08-15T11:30:46.943142745Z","tipoEvento":"HEARTBEAT","bufferSize":0}
2026-08-15 13:30:56,942 INFO  [it.uni.reti2.HeartbeatGenerator] (executor-thread-1) 💓 [HEARTBEAT] Invio heartbeat: {"stazioneId":"Padova","stato":"ONLINE","timestamp":"2026-08-15T11:30:56.942852984Z","tipoEvento":"HEARTBEAT","bufferSize":0}
2026-08-15 13:31:06,943 INFO  [it.uni.reti2.HeartbeatGenerator] (executor-thread-1) 💓 [HEARTBEAT] Invio heartbeat: {"stazioneId":"Padova","stato":"ONLINE","timestamp":"2026-08-15T11:31:06.942869263Z","tipoEvento":"HEARTBEAT","bufferSize":0}
2026-08-15 13:31:16,943 INFO  [it.uni.reti2.HeartbeatGenerator] (executor-thread-1) 💓 [HEARTBEAT] Invio heartbeat: {"stazioneId":"Padova","stato":"ONLINE","timestamp":"2026-08-15T11:31:16.942942755Z","tipoEvento":"HEARTBEAT","bufferSize":0}
2026-08-15 13:31:26,943 INFO  [it.uni.reti2.HeartbeatGenerator] (executor-thread-1) 💓 [HEARTBEAT] Invio heartbeat: {"stazioneId":"Padova","stato":"ONLINE","timestamp":"2026-08-15T11:31:26.942946529Z","tipoEvento":"HEARTBEAT","bufferSize":0}
2026-08-15 13:31:36,943 INFO  [it.uni.reti2.HeartbeatGenerator] (executor-thread-1) 💓 [HEARTBEAT] Invio heartbeat: {"stazioneId":"Padova","stato":"ONLINE","timestamp":"2026-08-15T11:31:36.943357996Z","tipoEvento":"HEARTBEAT","bufferSize":0}
2026-08-15 13:31:46,943 INFO  [it.uni.reti2.HeartbeatGenerator] (executor-thread-1) 💓 [HEARTBEAT] Invio heartbeat: {"stazioneId":"Padova","stato":"ONLINE","timestamp":"2026-08-15T11:31:46.943596316Z","tipoEvento":"HEARTBEAT","bufferSize":0}
2026-08-15 13:31:56,943 INFO  [it.uni.reti2.HeartbeatGenerator] (executor-thread-1) 💓 [HEARTBEAT] Invio heartbeat: {"stazioneId":"Padova","stato":"ONLINE","timestamp":"2026-08-15T11:31:56.942932057Z","tipoEvento":"HEARTBEAT","bufferSize":0}
2026-08-15 13:32:06,943 INFO  [it.uni.reti2.HeartbeatGenerator] (executor-thread-1) 💓 [HEARTBEAT] Invio heartbeat: {"stazioneId":"Padova","stato":"ONLINE","timestamp":"2026-08-15T11:32:06.943071826Z","tipoEvento":"HEARTBEAT","bufferSize":0}
2026-08-15 13:32:16,943 INFO  [it.uni.reti2.HeartbeatGenerator] (executor-thread-1) 💓 [HEARTBEAT] Invio heartbeat: {"stazioneId":"Padova","stato":"ONLINE","timestamp":"2026-08-15T11:32:16.943290639Z","tipoEvento":"HEARTBEAT","bufferSize":0}
2026-08-15 13:32:26,943 INFO  [it.uni.reti2.HeartbeatGenerator] (executor-thread-1) 💓 [HEARTBEAT] Invio heartbeat: {"stazioneId":"Padova","stato":"ONLINE","timestamp":"2026-08-15T11:32:26.943251421Z","tipoEvento":"HEARTBEAT","bufferSize":0}
2026-08-15 13:32:36,943 INFO  [it.uni.reti2.HeartbeatGenerator] (executor-thread-1) 💓 [HEARTBEAT] Invio heartbeat: {"stazioneId":"Padova","stato":"ONLINE","timestamp":"2026-08-15T11:32:36.942894373Z","tipoEvento":"HEARTBEAT","bufferSize":0}
2026-08-15 13:32:46,943 INFO  [it.uni.reti2.HeartbeatGenerator] (executor-thread-1) 💓 [HEARTBEAT] Invio heartbeat: {"stazioneId":"Padova","stato":"ONLINE","timestamp":"2026-08-15T11:32:46.943116707Z","tipoEvento":"HEARTBEAT","bufferSize":0}
2026-08-15 13:32:56,943 INFO  [it.uni.reti2.HeartbeatGenerator] (executor-thread-1) 💓 [HEARTBEAT] Invio heartbeat: {"stazioneId":"Padova","stato":"ONLINE","timestamp":"2026-08-15T11:32:56.943277775Z","tipoEvento":"HEARTBEAT","bufferSize":0}
2026-08-15 13:33:06,943 INFO  [it.uni.reti2.HeartbeatGenerator] (executor-thread-1) 💓 [HEARTBEAT] Invio heartbeat: {"stazioneId":"Padova","stato":"ONLINE","timestamp":"2026-08-15T11:33:06.943042096Z","tipoEvento":"HEARTBEAT","bufferSize":0}
2026-08-15 13:33:16,943 INFO  [it.uni.reti2.HeartbeatGenerator] (executor-thread-1) 💓 [HEARTBEAT] Invio heartbeat: {"stazioneId":"Padova","stato":"ONLINE","timestamp":"2026-08-15T11:33:16.943033422Z","tipoEvento":"HEARTBEAT","bufferSize":0}
2026-08-15 13:33:26,943 INFO  [it.uni.reti2.HeartbeatGenerator] (executor-thread-1) 💓 [HEARTBEAT] Invio heartbeat: {"stazioneId":"Padova","stato":"ONLINE","timestamp":"2026-08-15T11:33:26.943292868Z","tipoEvento":"HEARTBEAT","bufferSize":0}
2026-08-15 13:33:36,943 INFO  [it.uni.reti2.HeartbeatGenerator] (executor-thread-1) 💓 [HEARTBEAT] Invio heartbeat: {"stazioneId":"Padova","stato":"ONLINE","timestamp":"2026-08-15T11:33:36.942853653Z","tipoEvento":"HEARTBEAT","bufferSize":0}
2026-08-15 13:33:46,943 INFO  [it.uni.reti2.HeartbeatGenerator] (executor-thread-1) 💓 [HEARTBEAT] Invio heartbeat: {"stazioneId":"Padova","stato":"ONLINE","timestamp":"2026-08-15T11:33:46.942897026Z","tipoEvento":"HEARTBEAT","bufferSize":0}
2026-08-15 13:33:56,943 INFO  [it.uni.reti2.HeartbeatGenerator] (executor-thread-1) 💓 [HEARTBEAT] Invio heartbeat: {"stazioneId":"Padova","stato":"ONLINE","timestamp":"2026-08-15T11:33:56.943664039Z","tipoEvento":"HEARTBEAT","bufferSize":0}
2026-08-15 13:34:06,942 INFO  [it.uni.reti2.HeartbeatGenerator] (executor-thread-1) 💓 [HEARTBEAT] Invio heartbeat: {"stazioneId":"Padova","stato":"ONLINE","timestamp":"2026-08-15T11:34:06.942826306Z","tipoEvento":"HEARTBEAT","bufferSize":0}
2026-08-15 13:34:16,943 INFO  [it.uni.reti2.HeartbeatGenerator] (executor-thread-1) 💓 [HEARTBEAT] Invio heartbeat: {"stazioneId":"Padova","stato":"ONLINE","timestamp":"2026-08-15T11:34:16.943337151Z","tipoEvento":"HEARTBEAT","bufferSize":0}
2026-08-15 13:34:26,943 INFO  [it.uni.reti2.HeartbeatGenerator] (executor-thread-1) 💓 [HEARTBEAT] Invio heartbeat: {"stazioneId":"Padova","stato":"ONLINE","timestamp":"2026-08-15T11:34:26.943302044Z","tipoEvento":"HEARTBEAT","bufferSize":0}
2026-08-15 13:34:36,943 INFO  [it.uni.reti2.HeartbeatGenerator] (executor-thread-1) 💓 [HEARTBEAT] Invio heartbeat: {"stazioneId":"Padova","stato":"ONLINE","timestamp":"2026-08-15T11:34:36.942832148Z","tipoEvento":"HEARTBEAT","bufferSize":0}
2026-08-15 13:34:46,943 INFO  [it.uni.reti2.HeartbeatGenerator] (executor-thread-1) 💓 [HEARTBEAT] Invio heartbeat: {"stazioneId":"Padova","stato":"ONLINE","timestamp":"2026-08-15T11:34:46.943268781Z","tipoEvento":"HEARTBEAT","bufferSize":0}
2026-08-15 13:34:56,943 INFO  [it.uni.reti2.HeartbeatGenerator] (executor-thread-1) 💓 [HEARTBEAT] Invio heartbeat: {"stazioneId":"Padova","stato":"ONLINE","timestamp":"2026-08-15T11:34:56.943266275Z","tipoEvento":"HEARTBEAT","bufferSize":0}
2026-08-15 13:35:06,943 INFO  [it.uni.reti2.HeartbeatGenerator] (executor-thread-1) 💓 [HEARTBEAT] Invio heartbeat: {"stazioneId":"Padova","stato":"ONLINE","timestamp":"2026-08-15T11:35:06.942881827Z","tipoEvento":"HEARTBEAT","bufferSize":0}
2026-08-15 13:35:16,943 INFO  [it.uni.reti2.HeartbeatGenerator] (executor-thread-1) 💓 [HEARTBEAT] Invio heartbeat: {"stazioneId":"Padova","stato":"ONLINE","timestamp":"2026-08-15T11:35:16.943115256Z","tipoEvento":"HEARTBEAT","bufferSize":0}
2026-08-15 13:35:26,943 INFO  [it.uni.reti2.HeartbeatGenerator] (executor-thread-1) 💓 [HEARTBEAT] Invio heartbeat: {"stazioneId":"Padova","stato":"ONLINE","timestamp":"2026-08-15T11:35:26.943299382Z","tipoEvento":"HEARTBEAT","bufferSize":0}
2026-08-15 13:35:36,942 INFO  [it.uni.reti2.HeartbeatGenerator] (executor-thread-1) 💓 [HEARTBEAT] Invio heartbeat: {"stazioneId":"Padova","stato":"ONLINE","timestamp":"2026-08-15T11:35:36.942860842Z","tipoEvento":"HEARTBEAT","bufferSize":0}
2026-08-15 13:35:46,943 INFO  [it.uni.reti2.HeartbeatGenerator] (executor-thread-1) 💓 [HEARTBEAT] Invio heartbeat: {"stazioneId":"Padova","stato":"ONLINE","timestamp":"2026-08-15T11:35:46.943273991Z","tipoEvento":"HEARTBEAT","bufferSize":0}
2026-08-15 13:35:56,943 INFO  [it.uni.reti2.HeartbeatGenerator] (executor-thread-1) 💓 [HEARTBEAT] Invio heartbeat: {"stazioneId":"Padova","stato":"ONLINE","timestamp":"2026-08-15T11:35:56.943044107Z","tipoEvento":"HEARTBEAT","bufferSize":0}
2026-08-15 13:36:06,943 INFO  [it.uni.reti2.HeartbeatGenerator] (executor-thread-1) 💓 [HEARTBEAT] Invio heartbeat: {"stazioneId":"Padova","stato":"ONLINE","timestamp":"2026-08-15T11:36:06.943152165Z","tipoEvento":"HEARTBEAT","bufferSize":0}
2026-08-15 13:36:16,943 INFO  [it.uni.reti2.HeartbeatGenerator] (executor-thread-1) 💓 [HEARTBEAT] Invio heartbeat: {"stazioneId":"Padova","stato":"ONLINE","timestamp":"2026-08-15T11:36:16.943065919Z","tipoEvento":"HEARTBEAT","bufferSize":0}
2026-08-15 13:36:26,943 INFO  [it.uni.reti2.HeartbeatGenerator] (executor-thread-1) 💓 [HEARTBEAT] Invio heartbeat: {"stazioneId":"Padova","stato":"ONLINE","timestamp":"2026-08-15T11:36:26.943085417Z","tipoEvento":"HEARTBEAT","bufferSize":0}
2026-08-15 13:36:36,943 INFO  [it.uni.reti2.HeartbeatGenerator] (executor-thread-1) 💓 [HEARTBEAT] Invio heartbeat: {"stazioneId":"Padova","stato":"ONLINE","timestamp":"2026-08-15T11:36:36.943302585Z","tipoEvento":"HEARTBEAT","bufferSize":0}
2026-08-15 13:36:46,943 INFO  [it.uni.reti2.HeartbeatGenerator] (executor-thread-1) 💓 [HEARTBEAT] Invio heartbeat: {"stazioneId":"Padova","stato":"ONLINE","timestamp":"2026-08-15T11:36:46.943367372Z","tipoEvento":"HEARTBEAT","bufferSize":0}
2026-08-15 13:36:56,943 INFO  [it.uni.reti2.HeartbeatGenerator] (executor-thread-1) 💓 [HEARTBEAT] Invio heartbeat: {"stazioneId":"Padova","stato":"ONLINE","timestamp":"2026-08-15T11:36:56.943014992Z","tipoEvento":"HEARTBEAT","bufferSize":0}
2026-08-15 13:37:06,943 INFO  [it.uni.reti2.HeartbeatGenerator] (executor-thread-1) 💓 [HEARTBEAT] Invio heartbeat: {"stazioneId":"Padova","stato":"ONLINE","timestamp":"2026-08-15T11:37:06.943258837Z","tipoEvento":"HEARTBEAT","bufferSize":0}
2026-08-15 13:37:16,943 INFO  [it.uni.reti2.HeartbeatGenerator] (executor-thread-1) 💓 [HEARTBEAT] Invio heartbeat: {"stazioneId":"Padova","stato":"ONLINE","timestamp":"2026-08-15T11:37:16.943203606Z","tipoEvento":"HEARTBEAT","bufferSize":0}
2026-08-15 13:37:26,943 INFO  [it.uni.reti2.HeartbeatGenerator] (executor-thread-1) 💓 [HEARTBEAT] Invio heartbeat: {"stazioneId":"Padova","stato":"ONLINE","timestamp":"2026-08-15T11:37:26.943034810Z","tipoEvento":"HEARTBEAT","bufferSize":0}
2026-08-15 13:37:36,943 INFO  [it.uni.reti2.HeartbeatGenerator] (executor-thread-1) 💓 [HEARTBEAT] Invio heartbeat: {"stazioneId":"Padova","stato":"ONLINE","timestamp":"2026-08-15T11:37:36.943087543Z","tipoEvento":"HEARTBEAT","bufferSize":0}
2026-08-15 13:37:46,943 INFO  [it.uni.reti2.HeartbeatGenerator] (executor-thread-1) 💓 [HEARTBEAT] Invio heartbeat: {"stazioneId":"Padova","stato":"ONLINE","timestamp":"2026-08-15T11:37:46.943295639Z","tipoEvento":"HEARTBEAT","bufferSize":0}
2026-08-15 13:37:56,942 INFO  [it.uni.reti2.HeartbeatGenerator] (executor-thread-1) 💓 [HEARTBEAT] Invio heartbeat: {"stazioneId":"Padova","stato":"ONLINE","timestamp":"2026-08-15T11:37:56.942831074Z","tipoEvento":"HEARTBEAT","bufferSize":0}
2026-08-15 13:38:06,943 INFO  [it.uni.reti2.HeartbeatGenerator] (executor-thread-1) 💓 [HEARTBEAT] Invio heartbeat: {"stazioneId":"Padova","stato":"ONLINE","timestamp":"2026-08-15T11:38:06.942968990Z","tipoEvento":"HEARTBEAT","bufferSize":0}
2026-08-15 13:38:16,943 INFO  [it.uni.reti2.HeartbeatGenerator] (executor-thread-1) 💓 [HEARTBEAT] Invio heartbeat: {"stazioneId":"Padova","stato":"ONLINE","timestamp":"2026-08-15T11:38:16.942895365Z","tipoEvento":"HEARTBEAT","bufferSize":0}
2026-08-15 13:38:26,943 INFO  [it.uni.reti2.HeartbeatGenerator] (executor-thread-1) 💓 [HEARTBEAT] Invio heartbeat: {"stazioneId":"Padova","stato":"ONLINE","timestamp":"2026-08-15T11:38:26.943216141Z","tipoEvento":"HEARTBEAT","bufferSize":0}
2026-08-15 13:38:36,942 INFO  [it.uni.reti2.HeartbeatGenerator] (executor-thread-1) 💓 [HEARTBEAT] Invio heartbeat: {"stazioneId":"Padova","stato":"ONLINE","timestamp":"2026-08-15T11:38:36.942886076Z","tipoEvento":"HEARTBEAT","bufferSize":0}
2026-08-15 13:38:46,943 INFO  [it.uni.reti2.HeartbeatGenerator] (executor-thread-1) 💓 [HEARTBEAT] Invio heartbeat: {"stazioneId":"Padova","stato":"ONLINE","timestamp":"2026-08-15T11:38:46.943138020Z","tipoEvento":"HEARTBEAT","bufferSize":0}
2026-08-15 13:38:56,943 INFO  [it.uni.reti2.HeartbeatGenerator] (executor-thread-1) 💓 [HEARTBEAT] Invio heartbeat: {"stazioneId":"Padova","stato":"ONLINE","timestamp":"2026-08-15T11:38:56.942831437Z","tipoEvento":"HEARTBEAT","bufferSize":0}
2026-08-15 13:39:06,943 INFO  [it.uni.reti2.HeartbeatGenerator] (executor-thread-1) 💓 [HEARTBEAT] Invio heartbeat: {"stazioneId":"Padova","stato":"ONLINE","timestamp":"2026-08-15T11:39:06.943297537Z","tipoEvento":"HEARTBEAT","bufferSize":0}
2026-08-15 13:39:16,943 INFO  [it.uni.reti2.HeartbeatGenerator] (executor-thread-1) 💓 [HEARTBEAT] Invio heartbeat: {"stazioneId":"Padova","stato":"ONLINE","timestamp":"2026-08-15T11:39:16.943384286Z","tipoEvento":"HEARTBEAT","bufferSize":0}
2026-08-15 13:39:26,943 INFO  [it.uni.reti2.HeartbeatGenerator] (executor-thread-1) 💓 [HEARTBEAT] Invio heartbeat: {"stazioneId":"Padova","stato":"ONLINE","timestamp":"2026-08-15T11:39:26.943347346Z","tipoEvento":"HEARTBEAT","bufferSize":0}
2026-08-15 13:39:36,943 INFO  [it.uni.reti2.HeartbeatGenerator] (executor-thread-1) 💓 [HEARTBEAT] Invio heartbeat: {"stazioneId":"Padova","stato":"ONLINE","timestamp":"2026-08-15T11:39:36.943310830Z","tipoEvento":"HEARTBEAT","bufferSize":0}
2026-08-15 13:39:46,943 INFO  [it.uni.reti2.HeartbeatGenerator] (executor-thread-1) 💓 [HEARTBEAT] Invio heartbeat: {"stazioneId":"Padova","stato":"ONLINE","timestamp":"2026-08-15T11:39:46.943267170Z","tipoEvento":"HEARTBEAT","bufferSize":0}
2026-08-15 13:39:56,943 INFO  [it.uni.reti2.HeartbeatGenerator] (executor-thread-1) 💓 [HEARTBEAT] Invio heartbeat: {"stazioneId":"Padova","stato":"ONLINE","timestamp":"2026-08-15T11:39:56.943223638Z","tipoEvento":"HEARTBEAT","bufferSize":0}
2026-08-15 13:40:06,943 INFO  [it.uni.reti2.HeartbeatGenerator] (executor-thread-1) 💓 [HEARTBEAT] Invio heartbeat: {"stazioneId":"Padova","stato":"ONLINE","timestamp":"2026-08-15T11:40:06.943333384Z","tipoEvento":"HEARTBEAT","bufferSize":0}
2026-08-15 13:40:16,943 INFO  [it.uni.reti2.HeartbeatGenerator] (executor-thread-1) 💓 [HEARTBEAT] Invio heartbeat: {"stazioneId":"Padova","stato":"ONLINE","timestamp":"2026-08-15T11:40:16.943028009Z","tipoEvento":"HEARTBEAT","bufferSize":0}
2026-08-15 13:40:26,943 INFO  [it.uni.reti2.HeartbeatGenerator] (executor-thread-1) 💓 [HEARTBEAT] Invio heartbeat: {"stazioneId":"Padova","stato":"ONLINE","timestamp":"2026-08-15T11:40:26.943267569Z","tipoEvento":"HEARTBEAT","bufferSize":0}
2026-08-15 13:40:36,943 INFO  [it.uni.reti2.HeartbeatGenerator] (executor-thread-1) 💓 [HEARTBEAT] Invio heartbeat: {"stazioneId":"Padova","stato":"ONLINE","timestamp":"2026-08-15T11:40:36.943087584Z","tipoEvento":"HEARTBEAT","bufferSize":0}
2026-08-15 13:40:46,943 INFO  [it.uni.reti2.HeartbeatGenerator] (executor-thread-1) 💓 [HEARTBEAT] Invio heartbeat: {"stazioneId":"Padova","stato":"ONLINE","timestamp":"2026-08-15T11:40:46.943079249Z","tipoEvento":"HEARTBEAT","bufferSize":0}
2026-08-15 13:40:56,943 INFO  [it.uni.reti2.HeartbeatGenerator] (executor-thread-1) 💓 [HEARTBEAT] Invio heartbeat: {"stazioneId":"Padova","stato":"ONLINE","timestamp":"2026-08-15T11:40:56.943277023Z","tipoEvento":"HEARTBEAT","bufferSize":0}
2026-08-15 13:41:06,943 INFO  [it.uni.reti2.HeartbeatGenerator] (executor-thread-1) 💓 [HEARTBEAT] Invio heartbeat: {"stazioneId":"Padova","stato":"ONLINE","timestamp":"2026-08-15T11:41:06.943311783Z","tipoEvento":"HEARTBEAT","bufferSize":0}
2026-08-15 13:41:16,943 INFO  [it.uni.reti2.HeartbeatGenerator] (executor-thread-1) 💓 [HEARTBEAT] Invio heartbeat: {"stazioneId":"Padova","stato":"ONLINE","timestamp":"2026-08-15T11:41:16.943227887Z","tipoEvento":"HEARTBEAT","bufferSize":0}
2026-08-15 13:41:26,943 INFO  [it.uni.reti2.HeartbeatGenerator] (executor-thread-1) 💓 [HEARTBEAT] Invio heartbeat: {"stazioneId":"Padova","stato":"ONLINE","timestamp":"2026-08-15T11:41:26.943332240Z","tipoEvento":"HEARTBEAT","bufferSize":0}
2026-08-15 13:41:36,943 INFO  [it.uni.reti2.HeartbeatGenerator] (executor-thread-1) 💓 [HEARTBEAT] Invio heartbeat: {"stazioneId":"Padova","stato":"ONLINE","timestamp":"2026-08-15T11:41:36.942922999Z","tipoEvento":"HEARTBEAT","bufferSize":0}
2026-08-15 13:41:46,943 INFO  [it.uni.reti2.HeartbeatGenerator] (executor-thread-1) 💓 [HEARTBEAT] Invio heartbeat: {"stazioneId":"Padova","stato":"ONLINE","timestamp":"2026-08-15T11:41:46.943249199Z","tipoEvento":"HEARTBEAT","bufferSize":0}
2026-08-15 13:41:56,942 INFO  [it.uni.reti2.HeartbeatGenerator] (executor-thread-1) 💓 [HEARTBEAT] Invio heartbeat: {"stazioneId":"Padova","stato":"ONLINE","timestamp":"2026-08-15T11:41:56.942833654Z","tipoEvento":"HEARTBEAT","bufferSize":0}
2026-08-15 13:42:06,943 INFO  [it.uni.reti2.HeartbeatGenerator] (executor-thread-1) 💓 [HEARTBEAT] Invio heartbeat: {"stazioneId":"Padova","stato":"ONLINE","timestamp":"2026-08-15T11:42:06.943296246Z","tipoEvento":"HEARTBEAT","bufferSize":0}
2026-08-15 13:42:16,942 INFO  [it.uni.reti2.HeartbeatGenerator] (executor-thread-1) 💓 [HEARTBEAT] Invio heartbeat: {"stazioneId":"Padova","stato":"ONLINE","timestamp":"2026-08-15T11:42:16.942848045Z","tipoEvento":"HEARTBEAT","bufferSize":0}
2026-08-15 13:42:26,943 INFO  [it.uni.reti2.HeartbeatGenerator] (executor-thread-1) 💓 [HEARTBEAT] Invio heartbeat: {"stazioneId":"Padova","stato":"ONLINE","timestamp":"2026-08-15T11:42:26.943254551Z","tipoEvento":"HEARTBEAT","bufferSize":0}
2026-08-15 13:42:36,943 INFO  [it.uni.reti2.HeartbeatGenerator] (executor-thread-1) 💓 [HEARTBEAT] Invio heartbeat: {"stazioneId":"Padova","stato":"ONLINE","timestamp":"2026-08-15T11:42:36.943153279Z","tipoEvento":"HEARTBEAT","bufferSize":0}
2026-08-15 13:42:46,942 INFO  [it.uni.reti2.HeartbeatGenerator] (executor-thread-1) 💓 [HEARTBEAT] Invio heartbeat: {"stazioneId":"Padova","stato":"ONLINE","timestamp":"2026-08-15T11:42:46.942856393Z","tipoEvento":"HEARTBEAT","bufferSize":0}
2026-08-15 13:42:56,943 INFO  [it.uni.reti2.HeartbeatGenerator] (executor-thread-1) 💓 [HEARTBEAT] Invio heartbeat: {"stazioneId":"Padova","stato":"ONLINE","timestamp":"2026-08-15T11:42:56.943228057Z","tipoEvento":"HEARTBEAT","bufferSize":0}
2026-08-15 13:43:06,943 INFO  [it.uni.reti2.HeartbeatGenerator] (executor-thread-1) 💓 [HEARTBEAT] Invio heartbeat: {"stazioneId":"Padova","stato":"ONLINE","timestamp":"2026-08-15T11:43:06.943237746Z","tipoEvento":"HEARTBEAT","bufferSize":0}
2026-08-15 13:43:16,943 INFO  [it.uni.reti2.HeartbeatGenerator] (executor-thread-1) 💓 [HEARTBEAT] Invio heartbeat: {"stazioneId":"Padova","stato":"ONLINE","timestamp":"2026-08-15T11:43:16.943103580Z","tipoEvento":"HEARTBEAT","bufferSize":0}
2026-08-15 13:43:26,942 INFO  [it.uni.reti2.HeartbeatGenerator] (executor-thread-1) 💓 [HEARTBEAT] Invio heartbeat: {"stazioneId":"Padova","stato":"ONLINE","timestamp":"2026-08-15T11:43:26.942864684Z","tipoEvento":"HEARTBEAT","bufferSize":0}
2026-08-15 13:43:36,943 INFO  [it.uni.reti2.HeartbeatGenerator] (executor-thread-1) 💓 [HEARTBEAT] Invio heartbeat: {"stazioneId":"Padova","stato":"ONLINE","timestamp":"2026-08-15T11:43:36.943015143Z","tipoEvento":"HEARTBEAT","bufferSize":0}
2026-08-15 13:43:46,942 INFO  [it.uni.reti2.HeartbeatGenerator] (executor-thread-1) 💓 [HEARTBEAT] Invio heartbeat: {"stazioneId":"Padova","stato":"ONLINE","timestamp":"2026-08-15T11:43:46.942810869Z","tipoEvento":"HEARTBEAT","bufferSize":0}
2026-08-15 13:43:56,943 INFO  [it.uni.reti2.HeartbeatGenerator] (executor-thread-1) 💓 [HEARTBEAT] Invio heartbeat: {"stazioneId":"Padova","stato":"ONLINE","timestamp":"2026-08-15T11:43:56.943532073Z","tipoEvento":"HEARTBEAT","bufferSize":0}
2026-08-15 13:44:06,943 INFO  [it.uni.reti2.HeartbeatGenerator] (executor-thread-1) 💓 [HEARTBEAT] Invio heartbeat: {"stazioneId":"Padova","stato":"ONLINE","timestamp":"2026-08-15T11:44:06.943283906Z","tipoEvento":"HEARTBEAT","bufferSize":0}
2026-08-15 13:44:16,943 INFO  [it.uni.reti2.HeartbeatGenerator] (executor-thread-1) 💓 [HEARTBEAT] Invio heartbeat: {"stazioneId":"Padova","stato":"ONLINE","timestamp":"2026-08-15T11:44:16.943319634Z","tipoEvento":"HEARTBEAT","bufferSize":0}
2026-08-15 13:44:26,943 INFO  [it.uni.reti2.HeartbeatGenerator] (executor-thread-1) 💓 [HEARTBEAT] Invio heartbeat: {"stazioneId":"Padova","stato":"ONLINE","timestamp":"2026-08-15T11:44:26.943247041Z","tipoEvento":"HEARTBEAT","bufferSize":0}
2026-08-15 13:44:36,943 INFO  [it.uni.reti2.HeartbeatGenerator] (executor-thread-1) 💓 [HEARTBEAT] Invio heartbeat: {"stazioneId":"Padova","stato":"ONLINE","timestamp":"2026-08-15T11:44:36.942917335Z","tipoEvento":"HEARTBEAT","bufferSize":0}
2026-08-15 13:44:46,943 INFO  [it.uni.reti2.HeartbeatGenerator] (executor-thread-1) 💓 [HEARTBEAT] Invio heartbeat: {"stazioneId":"Padova","stato":"ONLINE","timestamp":"2026-08-15T11:44:46.942848583Z","tipoEvento":"HEARTBEAT","bufferSize":0}
2026-08-15 13:44:56,942 INFO  [it.uni.reti2.HeartbeatGenerator] (executor-thread-1) 💓 [HEARTBEAT] Invio heartbeat: {"stazioneId":"Padova","stato":"ONLINE","timestamp":"2026-08-15T11:44:56.942879191Z","tipoEvento":"HEARTBEAT","bufferSize":0}
2026-08-15 13:45:06,943 INFO  [it.uni.reti2.HeartbeatGenerator] (executor-thread-1) 💓 [HEARTBEAT] Invio heartbeat: {"stazioneId":"Padova","stato":"ONLINE","timestamp":"2026-08-15T11:45:06.943262119Z","tipoEvento":"HEARTBEAT","bufferSize":0}
2026-08-15 13:45:16,942 INFO  [it.uni.reti2.HeartbeatGenerator] (executor-thread-1) 💓 [HEARTBEAT] Invio heartbeat: {"stazioneId":"Padova","stato":"ONLINE","timestamp":"2026-08-15T11:45:16.942865601Z","tipoEvento":"HEARTBEAT","bufferSize":0}
2026-08-15 13:45:26,943 INFO  [it.uni.reti2.HeartbeatGenerator] (executor-thread-1) 💓 [HEARTBEAT] Invio heartbeat: {"stazioneId":"Padova","stato":"ONLINE","timestamp":"2026-08-15T11:45:26.943238298Z","tipoEvento":"HEARTBEAT","bufferSize":0}
2026-08-15 13:45:36,943 INFO  [it.uni.reti2.HeartbeatGenerator] (executor-thread-1) 💓 [HEARTBEAT] Invio heartbeat: {"stazioneId":"Padova","stato":"ONLINE","timestamp":"2026-08-15T11:45:36.943260390Z","tipoEvento":"HEARTBEAT","bufferSize":0}
2026-08-15 13:45:46,943 INFO  [it.uni.reti2.HeartbeatGenerator] (executor-thread-1) 💓 [HEARTBEAT] Invio heartbeat: {"stazioneId":"Padova","stato":"ONLINE","timestamp":"2026-08-15T11:45:46.943244325Z","tipoEvento":"HEARTBEAT","bufferSize":0}
2026-08-15 13:45:56,942 INFO  [it.uni.reti2.HeartbeatGenerator] (executor-thread-1) 💓 [HEARTBEAT] Invio heartbeat: {"stazioneId":"Padova","stato":"ONLINE","timestamp":"2026-08-15T11:45:56.942741750Z","tipoEvento":"HEARTBEAT","bufferSize":0}
2026-08-15 13:46:06,942 INFO  [it.uni.reti2.HeartbeatGenerator] (executor-thread-1) 💓 [HEARTBEAT] Invio heartbeat: {"stazioneId":"Padova","stato":"ONLINE","timestamp":"2026-08-15T11:46:06.942828480Z","tipoEvento":"HEARTBEAT","bufferSize":0}
2026-08-15 13:46:16,943 INFO  [it.uni.reti2.HeartbeatGenerator] (executor-thread-1) 💓 [HEARTBEAT] Invio heartbeat: {"stazioneId":"Padova","stato":"ONLINE","timestamp":"2026-08-15T11:46:16.943279254Z","tipoEvento":"HEARTBEAT","bufferSize":0}
2026-08-15 13:46:26,943 INFO  [it.uni.reti2.HeartbeatGenerator] (executor-thread-1) 💓 [HEARTBEAT] Invio heartbeat: {"stazioneId":"Padova","stato":"ONLINE","timestamp":"2026-08-15T11:46:26.943133261Z","tipoEvento":"HEARTBEAT","bufferSize":0}
2026-08-15 13:46:36,943 INFO  [it.uni.reti2.HeartbeatGenerator] (executor-thread-1) 💓 [HEARTBEAT] Invio heartbeat: {"stazioneId":"Padova","stato":"ONLINE","timestamp":"2026-08-15T11:46:36.943173796Z","tipoEvento":"HEARTBEAT","bufferSize":0}
2026-08-15 13:46:46,943 INFO  [it.uni.reti2.HeartbeatGenerator] (executor-thread-1) 💓 [HEARTBEAT] Invio heartbeat: {"stazioneId":"Padova","stato":"ONLINE","timestamp":"2026-08-15T11:46:46.943197843Z","tipoEvento":"HEARTBEAT","bufferSize":0}
2026-08-15 13:46:56,943 INFO  [it.uni.reti2.HeartbeatGenerator] (executor-thread-1) 💓 [HEARTBEAT] Invio heartbeat: {"stazioneId":"Padova","stato":"ONLINE","timestamp":"2026-08-15T11:46:56.943037915Z","tipoEvento":"HEARTBEAT","bufferSize":0}
2026-08-15 13:47:06,942 INFO  [it.uni.reti2.HeartbeatGenerator] (executor-thread-1) 💓 [HEARTBEAT] Invio heartbeat: {"stazioneId":"Padova","stato":"ONLINE","timestamp":"2026-08-15T11:47:06.942839606Z","tipoEvento":"HEARTBEAT","bufferSize":0}
2026-08-15 13:47:16,943 INFO  [it.uni.reti2.HeartbeatGenerator] (executor-thread-1) 💓 [HEARTBEAT] Invio heartbeat: {"stazioneId":"Padova","stato":"ONLINE","timestamp":"2026-08-15T11:47:16.943258559Z","tipoEvento":"HEARTBEAT","bufferSize":0}
2026-08-15 13:47:26,942 INFO  [it.uni.reti2.HeartbeatGenerator] (executor-thread-1) 💓 [HEARTBEAT] Invio heartbeat: {"stazioneId":"Padova","stato":"ONLINE","timestamp":"2026-08-15T11:47:26.942659191Z","tipoEvento":"HEARTBEAT","bufferSize":0}
2026-08-15 13:47:36,943 INFO  [it.uni.reti2.HeartbeatGenerator] (executor-thread-1) 💓 [HEARTBEAT] Invio heartbeat: {"stazioneId":"Padova","stato":"ONLINE","timestamp":"2026-08-15T11:47:36.943054606Z","tipoEvento":"HEARTBEAT","bufferSize":0}
2026-08-15 13:47:46,942 INFO  [it.uni.reti2.HeartbeatGenerator] (executor-thread-1) 💓 [HEARTBEAT] Invio heartbeat: {"stazioneId":"Padova","stato":"ONLINE","timestamp":"2026-08-15T11:47:46.942821066Z","tipoEvento":"HEARTBEAT","bufferSize":0}
2026-08-15 13:47:56,942 INFO  [it.uni.reti2.HeartbeatGenerator] (executor-thread-1) 💓 [HEARTBEAT] Invio heartbeat: {"stazioneId":"Padova","stato":"ONLINE","timestamp":"2026-08-15T11:47:56.942819463Z","tipoEvento":"HEARTBEAT","bufferSize":0}
2026-08-15 13:48:06,942 INFO  [it.uni.reti2.HeartbeatGenerator] (executor-thread-1) 💓 [HEARTBEAT] Invio heartbeat: {"stazioneId":"Padova","stato":"ONLINE","timestamp":"2026-08-15T11:48:06.942773038Z","tipoEvento":"HEARTBEAT","bufferSize":0}
2026-08-15 13:48:16,943 INFO  [it.uni.reti2.HeartbeatGenerator] (executor-thread-1) 💓 [HEARTBEAT] Invio heartbeat: {"stazioneId":"Padova","stato":"ONLINE","timestamp":"2026-08-15T11:48:16.942906742Z","tipoEvento":"HEARTBEAT","bufferSize":0}
2026-08-15 13:48:26,942 INFO  [it.uni.reti2.HeartbeatGenerator] (executor-thread-1) 💓 [HEARTBEAT] Invio heartbeat: {"stazioneId":"Padova","stato":"ONLINE","timestamp":"2026-08-15T11:48:26.942700259Z","tipoEvento":"HEARTBEAT","bufferSize":0}
2026-08-15 13:48:36,942 INFO  [it.uni.reti2.HeartbeatGenerator] (executor-thread-1) 💓 [HEARTBEAT] Invio heartbeat: {"stazioneId":"Padova","stato":"ONLINE","timestamp":"2026-08-15T11:48:36.942769254Z","tipoEvento":"HEARTBEAT","bufferSize":0}
2026-08-15 13:48:46,943 INFO  [it.uni.reti2.HeartbeatGenerator] (executor-thread-1) 💓 [HEARTBEAT] Invio heartbeat: {"stazioneId":"Padova","stato":"ONLINE","timestamp":"2026-08-15T11:48:46.943649862Z","tipoEvento":"HEARTBEAT","bufferSize":0}
2026-08-15 13:48:56,942 INFO  [it.uni.reti2.HeartbeatGenerator] (executor-thread-1) 💓 [HEARTBEAT] Invio heartbeat: {"stazioneId":"Padova","stato":"ONLINE","timestamp":"2026-08-15T11:48:56.942845518Z","tipoEvento":"HEARTBEAT","bufferSize":0}
2026-08-15 13:49:06,943 INFO  [it.uni.reti2.HeartbeatGenerator] (executor-thread-1) 💓 [HEARTBEAT] Invio heartbeat: {"stazioneId":"Padova","stato":"ONLINE","timestamp":"2026-08-15T11:49:06.943253369Z","tipoEvento":"HEARTBEAT","bufferSize":0}
2026-08-15 13:49:16,942 INFO  [it.uni.reti2.HeartbeatGenerator] (executor-thread-1) 💓 [HEARTBEAT] Invio heartbeat: {"stazioneId":"Padova","stato":"ONLINE","timestamp":"2026-08-15T11:49:16.942712374Z","tipoEvento":"HEARTBEAT","bufferSize":0}
2026-08-15 13:49:26,942 INFO  [it.uni.reti2.HeartbeatGenerator] (executor-thread-1) 💓 [HEARTBEAT] Invio heartbeat: {"stazioneId":"Padova","stato":"ONLINE","timestamp":"2026-08-15T11:49:26.942783687Z","tipoEvento":"HEARTBEAT","bufferSize":0}
2026-08-15 13:49:36,943 INFO  [it.uni.reti2.HeartbeatGenerator] (executor-thread-1) 💓 [HEARTBEAT] Invio heartbeat: {"stazioneId":"Padova","stato":"ONLINE","timestamp":"2026-08-15T11:49:36.943027723Z","tipoEvento":"HEARTBEAT","bufferSize":0}
2026-08-15 13:49:46,943 INFO  [it.uni.reti2.HeartbeatGenerator] (executor-thread-1) 💓 [HEARTBEAT] Invio heartbeat: {"stazioneId":"Padova","stato":"ONLINE","timestamp":"2026-08-15T11:49:46.943050615Z","tipoEvento":"HEARTBEAT","bufferSize":0}
2026-08-15 13:49:56,943 INFO  [it.uni.reti2.HeartbeatGenerator] (executor-thread-1) 💓 [HEARTBEAT] Invio heartbeat: {"stazioneId":"Padova","stato":"ONLINE","timestamp":"2026-08-15T11:49:56.943181670Z","tipoEvento":"HEARTBEAT","bufferSize":0}
2026-08-15 13:50:06,942 INFO  [it.uni.reti2.HeartbeatGenerator] (executor-thread-1) 💓 [HEARTBEAT] Invio heartbeat: {"stazioneId":"Padova","stato":"ONLINE","timestamp":"2026-08-15T11:50:06.942786698Z","tipoEvento":"HEARTBEAT","bufferSize":0}
2026-08-15 13:50:16,942 INFO  [it.uni.reti2.HeartbeatGenerator] (executor-thread-1) 💓 [HEARTBEAT] Invio heartbeat: {"stazioneId":"Padova","stato":"ONLINE","timestamp":"2026-08-15T11:50:16.942739338Z","tipoEvento":"HEARTBEAT","bufferSize":0}
2026-08-15 13:50:26,943 INFO  [it.uni.reti2.HeartbeatGenerator] (executor-thread-1) 💓 [HEARTBEAT] Invio heartbeat: {"stazioneId":"Padova","stato":"ONLINE","timestamp":"2026-08-15T11:50:26.942955068Z","tipoEvento":"HEARTBEAT","bufferSize":0}
2026-08-15 13:50:36,942 INFO  [it.uni.reti2.HeartbeatGenerator] (executor-thread-1) 💓 [HEARTBEAT] Invio heartbeat: {"stazioneId":"Padova","stato":"ONLINE","timestamp":"2026-08-15T11:50:36.942850830Z","tipoEvento":"HEARTBEAT","bufferSize":0}
2026-08-15 13:50:46,943 INFO  [it.uni.reti2.HeartbeatGenerator] (executor-thread-1) 💓 [HEARTBEAT] Invio heartbeat: {"stazioneId":"Padova","stato":"ONLINE","timestamp":"2026-08-15T11:50:46.943345514Z","tipoEvento":"HEARTBEAT","bufferSize":0}
2026-08-15 13:50:56,942 INFO  [it.uni.reti2.HeartbeatGenerator] (executor-thread-1) 💓 [HEARTBEAT] Invio heartbeat: {"stazioneId":"Padova","stato":"ONLINE","timestamp":"2026-08-15T11:50:56.942653751Z","tipoEvento":"HEARTBEAT","bufferSize":0}
2026-08-15 13:51:06,943 INFO  [it.uni.reti2.HeartbeatGenerator] (executor-thread-1) 💓 [HEARTBEAT] Invio heartbeat: {"stazioneId":"Padova","stato":"ONLINE","timestamp":"2026-08-15T11:51:06.942894970Z","tipoEvento":"HEARTBEAT","bufferSize":0}
2026-08-15 13:51:16,942 INFO  [it.uni.reti2.HeartbeatGenerator] (executor-thread-1) 💓 [HEARTBEAT] Invio heartbeat: {"stazioneId":"Padova","stato":"ONLINE","timestamp":"2026-08-15T11:51:16.942782495Z","tipoEvento":"HEARTBEAT","bufferSize":0}
2026-08-15 13:51:26,942 INFO  [it.uni.reti2.HeartbeatGenerator] (executor-thread-1) 💓 [HEARTBEAT] Invio heartbeat: {"stazioneId":"Padova","stato":"ONLINE","timestamp":"2026-08-15T11:51:26.942759924Z","tipoEvento":"HEARTBEAT","bufferSize":0}
2026-08-15 13:51:36,942 INFO  [it.uni.reti2.HeartbeatGenerator] (executor-thread-1) 💓 [HEARTBEAT] Invio heartbeat: {"stazioneId":"Padova","stato":"ONLINE","timestamp":"2026-08-15T11:51:36.942707452Z","tipoEvento":"HEARTBEAT","bufferSize":0}
2026-08-15 13:51:46,943 INFO  [it.uni.reti2.HeartbeatGenerator] (executor-thread-1) 💓 [HEARTBEAT] Invio heartbeat: {"stazioneId":"Padova","stato":"ONLINE","timestamp":"2026-08-15T11:51:46.943159943Z","tipoEvento":"HEARTBEAT","bufferSize":0}
2026-08-15 13:51:56,942 INFO  [it.uni.reti2.HeartbeatGenerator] (executor-thread-1) 💓 [HEARTBEAT] Invio heartbeat: {"stazioneId":"Padova","stato":"ONLINE","timestamp":"2026-08-15T11:51:56.942870454Z","tipoEvento":"HEARTBEAT","bufferSize":0}
2026-08-15 13:52:06,943 INFO  [it.uni.reti2.HeartbeatGenerator] (executor-thread-1) 💓 [HEARTBEAT] Invio heartbeat: {"stazioneId":"Padova","stato":"ONLINE","timestamp":"2026-08-15T11:52:06.942898114Z","tipoEvento":"HEARTBEAT","bufferSize":0}
2026-08-15 13:52:16,943 INFO  [it.uni.reti2.HeartbeatGenerator] (executor-thread-1) 💓 [HEARTBEAT] Invio heartbeat: {"stazioneId":"Padova","stato":"ONLINE","timestamp":"2026-08-15T11:52:16.942889816Z","tipoEvento":"HEARTBEAT","bufferSize":0}
2026-08-15 13:52:26,942 INFO  [it.uni.reti2.HeartbeatGenerator] (executor-thread-1) 💓 [HEARTBEAT] Invio heartbeat: {"stazioneId":"Padova","stato":"ONLINE","timestamp":"2026-08-15T11:52:26.942767311Z","tipoEvento":"HEARTBEAT","bufferSize":0}
2026-08-15 13:57:24,882 INFO  [io.smallrye.reactive.messaging.mqtt.session.impl.MqttClientSessionImpl] (vert.x-eventloop-thread-0) Connection closed: Connection closed
2026-08-15 13:57:25,886 INFO  [io.vertx.mqtt.impl.MqttClientImpl] (vert.x-eventloop-thread-0) Connection with localhost:1883 established successfully
2026-08-15 13:57:32,013 INFO  [it.uni.reti2.HeartbeatGenerator] (executor-thread-1) 💓 [HEARTBEAT] Invio heartbeat: {"stazioneId":"Padova","stato":"ONLINE","timestamp":"2026-08-15T11:57:32.013585500Z","tipoEvento":"HEARTBEAT","bufferSize":0}
2026-08-15 13:57:32,053 WARN  [it.uni.reti2.StationGateway] (vert.x-eventloop-thread-1) 🚨 [ALERT RICEVUTO] La Centrale dice: {"tipoEvento":"RESOLVED","origine":"CENTRALE","sorgenteTipo":"STAZIONE","sorgenteId":"TO","guastoId":"alert-1786795044894-927d2598","timestamp":"2026-08-15T11:57:32.050473490Z"}
2026-08-15 13:57:32,141 WARN  [it.uni.reti2.StationGateway] (vert.x-eventloop-thread-1) 🚨 [ALERT RICEVUTO] La Centrale dice: {"tipoEvento":"RESOLVED","origine":"CENTRALE","sorgenteTipo":"STAZIONE","sorgenteId":"Padova","guastoId":"alert-1786795044909-7e723f67","timestamp":"2026-08-15T11:57:32.138027705Z"}
2026-08-15 13:57:32,141 INFO  [it.uni.reti2.StationGateway] (vert.x-eventloop-thread-1) 🔧 Stazione ripristinata dalla Centrale! Stato di nuovo ONLINE.
2026-08-15 13:57:32,159 WARN  [it.uni.reti2.StationGateway] (vert.x-eventloop-thread-1) 🚨 [ALERT RICEVUTO] La Centrale dice: {"tipoEvento":"RESOLVED","origine":"CENTRALE","sorgenteTipo":"STAZIONE","sorgenteId":"PA","guastoId":"alert-1786795044882-348fa6ba","timestamp":"2026-08-15T11:57:32.156404597Z"}
2026-08-15 13:57:32,231 WARN  [it.uni.reti2.StationGateway] (vert.x-eventloop-thread-1) 🚨 [ALERT RICEVUTO] La Centrale dice: {"tipoEvento":"RESOLVED","origine":"CENTRALE","sorgenteTipo":"STAZIONE","sorgenteId":"MI","guastoId":"alert-1786795044900-b077506b","timestamp":"2026-08-15T11:57:32.228867150Z"}
2026-08-15 13:57:42,014 INFO  [it.uni.reti2.HeartbeatGenerator] (executor-thread-1) 💓 [HEARTBEAT] Invio heartbeat: {"stazioneId":"Padova","stato":"ONLINE","timestamp":"2026-08-15T11:57:42.014038376Z","tipoEvento":"HEARTBEAT","bufferSize":0}
2026-08-15 13:57:52,014 INFO  [it.uni.reti2.HeartbeatGenerator] (executor-thread-1) 💓 [HEARTBEAT] Invio heartbeat: {"stazioneId":"Padova","stato":"ONLINE","timestamp":"2026-08-15T11:57:52.014002082Z","tipoEvento":"HEARTBEAT","bufferSize":0}
2026-08-15 13:58:02,014 INFO  [it.uni.reti2.HeartbeatGenerator] (executor-thread-1) 💓 [HEARTBEAT] Invio heartbeat: {"stazioneId":"Padova","stato":"ONLINE","timestamp":"2026-08-15T11:58:02.014003688Z","tipoEvento":"HEARTBEAT","bufferSize":0}
2026-08-15 13:58:12,013 INFO  [it.uni.reti2.HeartbeatGenerator] (executor-thread-1) 💓 [HEARTBEAT] Invio heartbeat: {"stazioneId":"Padova","stato":"ONLINE","timestamp":"2026-08-15T11:58:12.013632828Z","tipoEvento":"HEARTBEAT","bufferSize":0}
2026-08-15 13:58:22,013 INFO  [it.uni.reti2.HeartbeatGenerator] (executor-thread-1) 💓 [HEARTBEAT] Invio heartbeat: {"stazioneId":"Padova","stato":"ONLINE","timestamp":"2026-08-15T11:58:22.013837147Z","tipoEvento":"HEARTBEAT","bufferSize":0}
2026-08-15 13:58:32,014 INFO  [it.uni.reti2.HeartbeatGenerator] (executor-thread-1) 💓 [HEARTBEAT] Invio heartbeat: {"stazioneId":"Padova","stato":"ONLINE","timestamp":"2026-08-15T11:58:32.014002786Z","tipoEvento":"HEARTBEAT","bufferSize":0}
2026-08-15 13:58:42,014 INFO  [it.uni.reti2.HeartbeatGenerator] (executor-thread-1) 💓 [HEARTBEAT] Invio heartbeat: {"stazioneId":"Padova","stato":"ONLINE","timestamp":"2026-08-15T11:58:42.014007823Z","tipoEvento":"HEARTBEAT","bufferSize":0}
2026-08-15 13:58:52,013 INFO  [it.uni.reti2.HeartbeatGenerator] (executor-thread-1) 💓 [HEARTBEAT] Invio heartbeat: {"stazioneId":"Padova","stato":"ONLINE","timestamp":"2026-08-15T11:58:52.013825469Z","tipoEvento":"HEARTBEAT","bufferSize":0}
2026-08-15 13:59:02,014 INFO  [it.uni.reti2.HeartbeatGenerator] (executor-thread-1) 💓 [HEARTBEAT] Invio heartbeat: {"stazioneId":"Padova","stato":"ONLINE","timestamp":"2026-08-15T11:59:02.014028461Z","tipoEvento":"HEARTBEAT","bufferSize":0}
2026-08-15 13:59:12,013 INFO  [it.uni.reti2.HeartbeatGenerator] (executor-thread-1) 💓 [HEARTBEAT] Invio heartbeat: {"stazioneId":"Padova","stato":"ONLINE","timestamp":"2026-08-15T11:59:12.013529107Z","tipoEvento":"HEARTBEAT","bufferSize":0}
2026-08-15 13:59:22,013 INFO  [it.uni.reti2.HeartbeatGenerator] (executor-thread-1) 💓 [HEARTBEAT] Invio heartbeat: {"stazioneId":"Padova","stato":"ONLINE","timestamp":"2026-08-15T11:59:22.013733054Z","tipoEvento":"HEARTBEAT","bufferSize":0}
2026-08-15 13:59:32,013 INFO  [it.uni.reti2.HeartbeatGenerator] (executor-thread-1) 💓 [HEARTBEAT] Invio heartbeat: {"stazioneId":"Padova","stato":"ONLINE","timestamp":"2026-08-15T11:59:32.013527691Z","tipoEvento":"HEARTBEAT","bufferSize":0}
2026-08-15 13:59:42,014 INFO  [it.uni.reti2.HeartbeatGenerator] (executor-thread-1) 💓 [HEARTBEAT] Invio heartbeat: {"stazioneId":"Padova","stato":"ONLINE","timestamp":"2026-08-15T11:59:42.014017907Z","tipoEvento":"HEARTBEAT","bufferSize":0}
2026-08-15 13:59:52,014 INFO  [it.uni.reti2.HeartbeatGenerator] (executor-thread-1) 💓 [HEARTBEAT] Invio heartbeat: {"stazioneId":"Padova","stato":"ONLINE","timestamp":"2026-08-15T11:59:52.013879852Z","tipoEvento":"HEARTBEAT","bufferSize":0}
2026-08-15 14:00:02,014 INFO  [it.uni.reti2.HeartbeatGenerator] (executor-thread-1) 💓 [HEARTBEAT] Invio heartbeat: {"stazioneId":"Padova","stato":"ONLINE","timestamp":"2026-08-15T12:00:02.014041767Z","tipoEvento":"HEARTBEAT","bufferSize":0}
2026-08-15 14:00:12,014 INFO  [it.uni.reti2.HeartbeatGenerator] (executor-thread-1) 💓 [HEARTBEAT] Invio heartbeat: {"stazioneId":"Padova","stato":"ONLINE","timestamp":"2026-08-15T12:00:12.014031346Z","tipoEvento":"HEARTBEAT","bufferSize":0}
2026-08-15 14:00:22,013 INFO  [it.uni.reti2.HeartbeatGenerator] (executor-thread-1) 💓 [HEARTBEAT] Invio heartbeat: {"stazioneId":"Padova","stato":"ONLINE","timestamp":"2026-08-15T12:00:22.013547885Z","tipoEvento":"HEARTBEAT","bufferSize":0}
2026-08-15 14:00:32,014 INFO  [it.uni.reti2.HeartbeatGenerator] (executor-thread-1) 💓 [HEARTBEAT] Invio heartbeat: {"stazioneId":"Padova","stato":"ONLINE","timestamp":"2026-08-15T12:00:32.014251787Z","tipoEvento":"HEARTBEAT","bufferSize":0}
2026-08-15 14:00:42,013 INFO  [it.uni.reti2.HeartbeatGenerator] (executor-thread-1) 💓 [HEARTBEAT] Invio heartbeat: {"stazioneId":"Padova","stato":"ONLINE","timestamp":"2026-08-15T12:00:42.013682401Z","tipoEvento":"HEARTBEAT","bufferSize":0}
2026-08-15 14:00:52,014 INFO  [it.uni.reti2.HeartbeatGenerator] (executor-thread-1) 💓 [HEARTBEAT] Invio heartbeat: {"stazioneId":"Padova","stato":"ONLINE","timestamp":"2026-08-15T12:00:52.014020743Z","tipoEvento":"HEARTBEAT","bufferSize":0}
2026-08-15 14:01:02,014 INFO  [it.uni.reti2.HeartbeatGenerator] (executor-thread-1) 💓 [HEARTBEAT] Invio heartbeat: {"stazioneId":"Padova","stato":"ONLINE","timestamp":"2026-08-15T12:01:02.014088751Z","tipoEvento":"HEARTBEAT","bufferSize":0}
2026-08-15 14:01:12,014 INFO  [it.uni.reti2.HeartbeatGenerator] (executor-thread-1) 💓 [HEARTBEAT] Invio heartbeat: {"stazioneId":"Padova","stato":"ONLINE","timestamp":"2026-08-15T12:01:12.013985681Z","tipoEvento":"HEARTBEAT","bufferSize":0}
2026-08-15 14:01:22,014 INFO  [it.uni.reti2.HeartbeatGenerator] (executor-thread-1) 💓 [HEARTBEAT] Invio heartbeat: {"stazioneId":"Padova","stato":"ONLINE","timestamp":"2026-08-15T12:01:22.014082431Z","tipoEvento":"HEARTBEAT","bufferSize":0}
2026-08-15 14:01:32,013 INFO  [it.uni.reti2.HeartbeatGenerator] (executor-thread-1) 💓 [HEARTBEAT] Invio heartbeat: {"stazioneId":"Padova","stato":"ONLINE","timestamp":"2026-08-15T12:01:32.013788753Z","tipoEvento":"HEARTBEAT","bufferSize":0}
2026-08-15 14:01:42,016 INFO  [it.uni.reti2.HeartbeatGenerator] (executor-thread-1) 💓 [HEARTBEAT] Invio heartbeat: {"stazioneId":"Padova","stato":"ONLINE","timestamp":"2026-08-15T12:01:42.016731056Z","tipoEvento":"HEARTBEAT","bufferSize":0}
2026-08-15 14:01:52,014 INFO  [it.uni.reti2.HeartbeatGenerator] (executor-thread-1) 💓 [HEARTBEAT] Invio heartbeat: {"stazioneId":"Padova","stato":"ONLINE","timestamp":"2026-08-15T12:01:52.014155452Z","tipoEvento":"HEARTBEAT","bufferSize":0}
2026-08-15 14:02:02,014 INFO  [it.uni.reti2.HeartbeatGenerator] (executor-thread-1) 💓 [HEARTBEAT] Invio heartbeat: {"stazioneId":"Padova","stato":"ONLINE","timestamp":"2026-08-15T12:02:02.014203231Z","tipoEvento":"HEARTBEAT","bufferSize":0}
2026-08-15 14:02:12,014 INFO  [it.uni.reti2.HeartbeatGenerator] (executor-thread-1) 💓 [HEARTBEAT] Invio heartbeat: {"stazioneId":"Padova","stato":"ONLINE","timestamp":"2026-08-15T12:02:12.013957968Z","tipoEvento":"HEARTBEAT","bufferSize":0}
2026-08-15 14:02:22,013 INFO  [it.uni.reti2.HeartbeatGenerator] (executor-thread-1) 💓 [HEARTBEAT] Invio heartbeat: {"stazioneId":"Padova","stato":"ONLINE","timestamp":"2026-08-15T12:02:22.013861086Z","tipoEvento":"HEARTBEAT","bufferSize":0}
2026-08-15 14:02:32,014 INFO  [it.uni.reti2.HeartbeatGenerator] (executor-thread-1) 💓 [HEARTBEAT] Invio heartbeat: {"stazioneId":"Padova","stato":"ONLINE","timestamp":"2026-08-15T12:02:32.013986966Z","tipoEvento":"HEARTBEAT","bufferSize":0}
2026-08-15 14:02:42,014 INFO  [it.uni.reti2.HeartbeatGenerator] (executor-thread-1) 💓 [HEARTBEAT] Invio heartbeat: {"stazioneId":"Padova","stato":"ONLINE","timestamp":"2026-08-15T12:02:42.013971107Z","tipoEvento":"HEARTBEAT","bufferSize":0}
2026-08-15 14:02:52,014 INFO  [it.uni.reti2.HeartbeatGenerator] (executor-thread-1) 💓 [HEARTBEAT] Invio heartbeat: {"stazioneId":"Padova","stato":"ONLINE","timestamp":"2026-08-15T12:02:52.014138965Z","tipoEvento":"HEARTBEAT","bufferSize":0}
2026-08-15 14:03:02,014 INFO  [it.uni.reti2.HeartbeatGenerator] (executor-thread-1) 💓 [HEARTBEAT] Invio heartbeat: {"stazioneId":"Padova","stato":"ONLINE","timestamp":"2026-08-15T12:03:02.014090090Z","tipoEvento":"HEARTBEAT","bufferSize":0}
2026-08-15 14:03:12,014 INFO  [it.uni.reti2.HeartbeatGenerator] (executor-thread-1) 💓 [HEARTBEAT] Invio heartbeat: {"stazioneId":"Padova","stato":"ONLINE","timestamp":"2026-08-15T12:03:12.014028814Z","tipoEvento":"HEARTBEAT","bufferSize":0}
2026-08-15 14:03:22,014 INFO  [it.uni.reti2.HeartbeatGenerator] (executor-thread-1) 💓 [HEARTBEAT] Invio heartbeat: {"stazioneId":"Padova","stato":"ONLINE","timestamp":"2026-08-15T12:03:22.013984072Z","tipoEvento":"HEARTBEAT","bufferSize":0}
2026-08-15 14:03:32,014 INFO  [it.uni.reti2.HeartbeatGenerator] (executor-thread-1) 💓 [HEARTBEAT] Invio heartbeat: {"stazioneId":"Padova","stato":"ONLINE","timestamp":"2026-08-15T12:03:32.014067188Z","tipoEvento":"HEARTBEAT","bufferSize":0}
2026-08-15 14:03:42,013 INFO  [it.uni.reti2.HeartbeatGenerator] (executor-thread-1) 💓 [HEARTBEAT] Invio heartbeat: {"stazioneId":"Padova","stato":"ONLINE","timestamp":"2026-08-15T12:03:42.013586859Z","tipoEvento":"HEARTBEAT","bufferSize":0}
2026-08-15 14:03:52,014 INFO  [it.uni.reti2.HeartbeatGenerator] (executor-thread-1) 💓 [HEARTBEAT] Invio heartbeat: {"stazioneId":"Padova","stato":"ONLINE","timestamp":"2026-08-15T12:03:52.014120300Z","tipoEvento":"HEARTBEAT","bufferSize":0}
2026-08-15 14:04:02,014 INFO  [it.uni.reti2.HeartbeatGenerator] (executor-thread-1) 💓 [HEARTBEAT] Invio heartbeat: {"stazioneId":"Padova","stato":"ONLINE","timestamp":"2026-08-15T12:04:02.014091383Z","tipoEvento":"HEARTBEAT","bufferSize":0}
2026-08-15 14:04:12,014 INFO  [it.uni.reti2.HeartbeatGenerator] (executor-thread-1) 💓 [HEARTBEAT] Invio heartbeat: {"stazioneId":"Padova","stato":"ONLINE","timestamp":"2026-08-15T12:04:12.014015976Z","tipoEvento":"HEARTBEAT","bufferSize":0}
2026-08-15 14:04:22,014 INFO  [it.uni.reti2.HeartbeatGenerator] (executor-thread-1) 💓 [HEARTBEAT] Invio heartbeat: {"stazioneId":"Padova","stato":"ONLINE","timestamp":"2026-08-15T12:04:22.013969649Z","tipoEvento":"HEARTBEAT","bufferSize":0}
2026-08-15 14:04:32,014 INFO  [it.uni.reti2.HeartbeatGenerator] (executor-thread-1) 💓 [HEARTBEAT] Invio heartbeat: {"stazioneId":"Padova","stato":"ONLINE","timestamp":"2026-08-15T12:04:32.014112343Z","tipoEvento":"HEARTBEAT","bufferSize":0}
2026-08-15 14:04:42,014 INFO  [it.uni.reti2.HeartbeatGenerator] (executor-thread-1) 💓 [HEARTBEAT] Invio heartbeat: {"stazioneId":"Padova","stato":"ONLINE","timestamp":"2026-08-15T12:04:42.014153133Z","tipoEvento":"HEARTBEAT","bufferSize":0}
2026-08-15 14:04:52,014 INFO  [it.uni.reti2.HeartbeatGenerator] (executor-thread-1) 💓 [HEARTBEAT] Invio heartbeat: {"stazioneId":"Padova","stato":"ONLINE","timestamp":"2026-08-15T12:04:52.014118694Z","tipoEvento":"HEARTBEAT","bufferSize":0}
2026-08-15 14:05:02,014 INFO  [it.uni.reti2.HeartbeatGenerator] (executor-thread-1) 💓 [HEARTBEAT] Invio heartbeat: {"stazioneId":"Padova","stato":"ONLINE","timestamp":"2026-08-15T12:05:02.014017826Z","tipoEvento":"HEARTBEAT","bufferSize":0}
2026-08-15 14:05:12,014 INFO  [it.uni.reti2.HeartbeatGenerator] (executor-thread-1) 💓 [HEARTBEAT] Invio heartbeat: {"stazioneId":"Padova","stato":"ONLINE","timestamp":"2026-08-15T12:05:12.013990471Z","tipoEvento":"HEARTBEAT","bufferSize":0}
2026-08-15 14:05:22,014 INFO  [it.uni.reti2.HeartbeatGenerator] (executor-thread-1) 💓 [HEARTBEAT] Invio heartbeat: {"stazioneId":"Padova","stato":"ONLINE","timestamp":"2026-08-15T12:05:22.013965345Z","tipoEvento":"HEARTBEAT","bufferSize":0}
2026-08-15 14:05:32,014 INFO  [it.uni.reti2.HeartbeatGenerator] (executor-thread-1) 💓 [HEARTBEAT] Invio heartbeat: {"stazioneId":"Padova","stato":"ONLINE","timestamp":"2026-08-15T12:05:32.014000246Z","tipoEvento":"HEARTBEAT","bufferSize":0}
2026-08-15 14:05:42,014 INFO  [it.uni.reti2.HeartbeatGenerator] (executor-thread-1) 💓 [HEARTBEAT] Invio heartbeat: {"stazioneId":"Padova","stato":"ONLINE","timestamp":"2026-08-15T12:05:42.014008442Z","tipoEvento":"HEARTBEAT","bufferSize":0}
2026-08-15 14:05:52,014 INFO  [it.uni.reti2.HeartbeatGenerator] (executor-thread-1) 💓 [HEARTBEAT] Invio heartbeat: {"stazioneId":"Padova","stato":"ONLINE","timestamp":"2026-08-15T12:05:52.014062044Z","tipoEvento":"HEARTBEAT","bufferSize":0}
2026-08-15 14:06:02,014 INFO  [it.uni.reti2.HeartbeatGenerator] (executor-thread-1) 💓 [HEARTBEAT] Invio heartbeat: {"stazioneId":"Padova","stato":"ONLINE","timestamp":"2026-08-15T12:06:02.014333887Z","tipoEvento":"HEARTBEAT","bufferSize":0}
2026-08-15 14:06:12,013 INFO  [it.uni.reti2.HeartbeatGenerator] (executor-thread-1) 💓 [HEARTBEAT] Invio heartbeat: {"stazioneId":"Padova","stato":"ONLINE","timestamp":"2026-08-15T12:06:12.013493309Z","tipoEvento":"HEARTBEAT","bufferSize":0}
2026-08-15 14:06:22,014 INFO  [it.uni.reti2.HeartbeatGenerator] (executor-thread-1) 💓 [HEARTBEAT] Invio heartbeat: {"stazioneId":"Padova","stato":"ONLINE","timestamp":"2026-08-15T12:06:22.013967852Z","tipoEvento":"HEARTBEAT","bufferSize":0}
2026-08-15 14:06:32,014 INFO  [it.uni.reti2.HeartbeatGenerator] (executor-thread-1) 💓 [HEARTBEAT] Invio heartbeat: {"stazioneId":"Padova","stato":"ONLINE","timestamp":"2026-08-15T12:06:32.014012590Z","tipoEvento":"HEARTBEAT","bufferSize":0}
2026-08-15 14:06:42,014 INFO  [it.uni.reti2.HeartbeatGenerator] (executor-thread-1) 💓 [HEARTBEAT] Invio heartbeat: {"stazioneId":"Padova","stato":"ONLINE","timestamp":"2026-08-15T12:06:42.013985664Z","tipoEvento":"HEARTBEAT","bufferSize":0}
2026-08-15 14:06:52,014 INFO  [it.uni.reti2.HeartbeatGenerator] (executor-thread-1) 💓 [HEARTBEAT] Invio heartbeat: {"stazioneId":"Padova","stato":"ONLINE","timestamp":"2026-08-15T12:06:52.014054355Z","tipoEvento":"HEARTBEAT","bufferSize":0}
2026-08-15 14:07:02,014 INFO  [it.uni.reti2.HeartbeatGenerator] (executor-thread-1) 💓 [HEARTBEAT] Invio heartbeat: {"stazioneId":"Padova","stato":"ONLINE","timestamp":"2026-08-15T12:07:02.013993191Z","tipoEvento":"HEARTBEAT","bufferSize":0}
2026-08-15 14:07:12,014 INFO  [it.uni.reti2.HeartbeatGenerator] (executor-thread-1) 💓 [HEARTBEAT] Invio heartbeat: {"stazioneId":"Padova","stato":"ONLINE","timestamp":"2026-08-15T12:07:12.013986878Z","tipoEvento":"HEARTBEAT","bufferSize":0}
2026-08-15 14:07:22,014 INFO  [it.uni.reti2.HeartbeatGenerator] (executor-thread-1) 💓 [HEARTBEAT] Invio heartbeat: {"stazioneId":"Padova","stato":"ONLINE","timestamp":"2026-08-15T12:07:22.014001383Z","tipoEvento":"HEARTBEAT","bufferSize":0}
2026-08-15 14:07:32,014 INFO  [it.uni.reti2.HeartbeatGenerator] (executor-thread-1) 💓 [HEARTBEAT] Invio heartbeat: {"stazioneId":"Padova","stato":"ONLINE","timestamp":"2026-08-15T12:07:32.013919750Z","tipoEvento":"HEARTBEAT","bufferSize":0}
2026-08-15 14:07:42,014 INFO  [it.uni.reti2.HeartbeatGenerator] (executor-thread-1) 💓 [HEARTBEAT] Invio heartbeat: {"stazioneId":"Padova","stato":"ONLINE","timestamp":"2026-08-15T12:07:42.013974094Z","tipoEvento":"HEARTBEAT","bufferSize":0}
2026-08-15 14:07:52,013 INFO  [it.uni.reti2.HeartbeatGenerator] (executor-thread-1) 💓 [HEARTBEAT] Invio heartbeat: {"stazioneId":"Padova","stato":"ONLINE","timestamp":"2026-08-15T12:07:52.013791741Z","tipoEvento":"HEARTBEAT","bufferSize":0}
2026-08-15 14:08:02,013 INFO  [it.uni.reti2.HeartbeatGenerator] (executor-thread-1) 💓 [HEARTBEAT] Invio heartbeat: {"stazioneId":"Padova","stato":"ONLINE","timestamp":"2026-08-15T12:08:02.013818999Z","tipoEvento":"HEARTBEAT","bufferSize":0}
2026-08-15 14:08:12,013 INFO  [it.uni.reti2.HeartbeatGenerator] (executor-thread-1) 💓 [HEARTBEAT] Invio heartbeat: {"stazioneId":"Padova","stato":"ONLINE","timestamp":"2026-08-15T12:08:12.013720930Z","tipoEvento":"HEARTBEAT","bufferSize":0}
2026-08-15 14:08:22,014 INFO  [it.uni.reti2.HeartbeatGenerator] (executor-thread-1) 💓 [HEARTBEAT] Invio heartbeat: {"stazioneId":"Padova","stato":"ONLINE","timestamp":"2026-08-15T12:08:22.013937163Z","tipoEvento":"HEARTBEAT","bufferSize":0}
2026-08-15 14:08:32,013 INFO  [it.uni.reti2.HeartbeatGenerator] (executor-thread-1) 💓 [HEARTBEAT] Invio heartbeat: {"stazioneId":"Padova","stato":"ONLINE","timestamp":"2026-08-15T12:08:32.013631720Z","tipoEvento":"HEARTBEAT","bufferSize":0}
2026-08-15 14:08:42,014 INFO  [it.uni.reti2.HeartbeatGenerator] (executor-thread-1) 💓 [HEARTBEAT] Invio heartbeat: {"stazioneId":"Padova","stato":"ONLINE","timestamp":"2026-08-15T12:08:42.013973276Z","tipoEvento":"HEARTBEAT","bufferSize":0}
2026-08-15 14:08:52,013 INFO  [it.uni.reti2.HeartbeatGenerator] (executor-thread-1) 💓 [HEARTBEAT] Invio heartbeat: {"stazioneId":"Padova","stato":"ONLINE","timestamp":"2026-08-15T12:08:52.013858123Z","tipoEvento":"HEARTBEAT","bufferSize":0}
2026-08-15 14:09:02,014 INFO  [it.uni.reti2.HeartbeatGenerator] (executor-thread-1) 💓 [HEARTBEAT] Invio heartbeat: {"stazioneId":"Padova","stato":"ONLINE","timestamp":"2026-08-15T12:09:02.014026090Z","tipoEvento":"HEARTBEAT","bufferSize":0}
2026-08-15 14:09:12,014 INFO  [it.uni.reti2.HeartbeatGenerator] (executor-thread-1) 💓 [HEARTBEAT] Invio heartbeat: {"stazioneId":"Padova","stato":"ONLINE","timestamp":"2026-08-15T12:09:12.014017434Z","tipoEvento":"HEARTBEAT","bufferSize":0}
2026-08-15 14:09:22,013 INFO  [it.uni.reti2.HeartbeatGenerator] (executor-thread-1) 💓 [HEARTBEAT] Invio heartbeat: {"stazioneId":"Padova","stato":"ONLINE","timestamp":"2026-08-15T12:09:22.013827116Z","tipoEvento":"HEARTBEAT","bufferSize":0}
2026-08-15 14:09:32,014 INFO  [it.uni.reti2.HeartbeatGenerator] (executor-thread-1) 💓 [HEARTBEAT] Invio heartbeat: {"stazioneId":"Padova","stato":"ONLINE","timestamp":"2026-08-15T12:09:32.014060826Z","tipoEvento":"HEARTBEAT","bufferSize":0}
2026-08-15 14:09:42,013 INFO  [it.uni.reti2.HeartbeatGenerator] (executor-thread-1) 💓 [HEARTBEAT] Invio heartbeat: {"stazioneId":"Padova","stato":"ONLINE","timestamp":"2026-08-15T12:09:42.013643523Z","tipoEvento":"HEARTBEAT","bufferSize":0}
2026-08-15 14:09:52,013 INFO  [it.uni.reti2.HeartbeatGenerator] (executor-thread-1) 💓 [HEARTBEAT] Invio heartbeat: {"stazioneId":"Padova","stato":"ONLINE","timestamp":"2026-08-15T12:09:52.013676099Z","tipoEvento":"HEARTBEAT","bufferSize":0}
2026-08-15 14:10:02,013 INFO  [it.uni.reti2.HeartbeatGenerator] (executor-thread-1) 💓 [HEARTBEAT] Invio heartbeat: {"stazioneId":"Padova","stato":"ONLINE","timestamp":"2026-08-15T12:10:02.013788599Z","tipoEvento":"HEARTBEAT","bufferSize":0}
2026-08-15 14:10:12,013 INFO  [it.uni.reti2.HeartbeatGenerator] (executor-thread-1) 💓 [HEARTBEAT] Invio heartbeat: {"stazioneId":"Padova","stato":"ONLINE","timestamp":"2026-08-15T12:10:12.013542744Z","tipoEvento":"HEARTBEAT","bufferSize":0}
2026-08-15 14:10:22,014 INFO  [it.uni.reti2.HeartbeatGenerator] (executor-thread-1) 💓 [HEARTBEAT] Invio heartbeat: {"stazioneId":"Padova","stato":"ONLINE","timestamp":"2026-08-15T12:10:22.014080552Z","tipoEvento":"HEARTBEAT","bufferSize":0}
2026-08-15 14:10:32,013 INFO  [it.uni.reti2.HeartbeatGenerator] (executor-thread-1) 💓 [HEARTBEAT] Invio heartbeat: {"stazioneId":"Padova","stato":"ONLINE","timestamp":"2026-08-15T12:10:32.013522369Z","tipoEvento":"HEARTBEAT","bufferSize":0}
2026-08-15 14:10:42,013 INFO  [it.uni.reti2.HeartbeatGenerator] (executor-thread-1) 💓 [HEARTBEAT] Invio heartbeat: {"stazioneId":"Padova","stato":"ONLINE","timestamp":"2026-08-15T12:10:42.013584944Z","tipoEvento":"HEARTBEAT","bufferSize":0}
2026-08-15 14:10:52,014 INFO  [it.uni.reti2.HeartbeatGenerator] (executor-thread-1) 💓 [HEARTBEAT] Invio heartbeat: {"stazioneId":"Padova","stato":"ONLINE","timestamp":"2026-08-15T12:10:52.014251100Z","tipoEvento":"HEARTBEAT","bufferSize":0}
2026-08-15 14:11:02,013 INFO  [it.uni.reti2.HeartbeatGenerator] (executor-thread-1) 💓 [HEARTBEAT] Invio heartbeat: {"stazioneId":"Padova","stato":"ONLINE","timestamp":"2026-08-15T12:11:02.013816119Z","tipoEvento":"HEARTBEAT","bufferSize":0}
2026-08-15 14:11:12,014 INFO  [it.uni.reti2.HeartbeatGenerator] (executor-thread-1) 💓 [HEARTBEAT] Invio heartbeat: {"stazioneId":"Padova","stato":"ONLINE","timestamp":"2026-08-15T12:11:12.013963032Z","tipoEvento":"HEARTBEAT","bufferSize":0}
2026-08-15 14:11:22,014 INFO  [it.uni.reti2.HeartbeatGenerator] (executor-thread-1) 💓 [HEARTBEAT] Invio heartbeat: {"stazioneId":"Padova","stato":"ONLINE","timestamp":"2026-08-15T12:11:22.014044604Z","tipoEvento":"HEARTBEAT","bufferSize":0}
2026-08-15 14:11:32,014 INFO  [it.uni.reti2.HeartbeatGenerator] (executor-thread-1) 💓 [HEARTBEAT] Invio heartbeat: {"stazioneId":"Padova","stato":"ONLINE","timestamp":"2026-08-15T12:11:32.013983027Z","tipoEvento":"HEARTBEAT","bufferSize":0}
2026-08-15 14:11:42,013 INFO  [it.uni.reti2.HeartbeatGenerator] (executor-thread-1) 💓 [HEARTBEAT] Invio heartbeat: {"stazioneId":"Padova","stato":"ONLINE","timestamp":"2026-08-15T12:11:42.013492422Z","tipoEvento":"HEARTBEAT","bufferSize":0}
2026-08-15 14:11:52,013 INFO  [it.uni.reti2.HeartbeatGenerator] (executor-thread-1) 💓 [HEARTBEAT] Invio heartbeat: {"stazioneId":"Padova","stato":"ONLINE","timestamp":"2026-08-15T12:11:52.013860275Z","tipoEvento":"HEARTBEAT","bufferSize":0}
2026-08-15 14:12:02,014 INFO  [it.uni.reti2.HeartbeatGenerator] (executor-thread-1) 💓 [HEARTBEAT] Invio heartbeat: {"stazioneId":"Padova","stato":"ONLINE","timestamp":"2026-08-15T12:12:02.013951355Z","tipoEvento":"HEARTBEAT","bufferSize":0}
2026-08-15 14:12:12,013 INFO  [it.uni.reti2.HeartbeatGenerator] (executor-thread-1) 💓 [HEARTBEAT] Invio heartbeat: {"stazioneId":"Padova","stato":"ONLINE","timestamp":"2026-08-15T12:12:12.013828560Z","tipoEvento":"HEARTBEAT","bufferSize":0}
2026-08-15 14:12:22,013 INFO  [it.uni.reti2.HeartbeatGenerator] (executor-thread-1) 💓 [HEARTBEAT] Invio heartbeat: {"stazioneId":"Padova","stato":"ONLINE","timestamp":"2026-08-15T12:12:22.013818674Z","tipoEvento":"HEARTBEAT","bufferSize":0}
2026-08-15 14:12:32,013 INFO  [it.uni.reti2.HeartbeatGenerator] (executor-thread-1) 💓 [HEARTBEAT] Invio heartbeat: {"stazioneId":"Padova","stato":"ONLINE","timestamp":"2026-08-15T12:12:32.013532880Z","tipoEvento":"HEARTBEAT","bufferSize":0}
2026-08-15 14:12:42,013 INFO  [it.uni.reti2.HeartbeatGenerator] (executor-thread-1) 💓 [HEARTBEAT] Invio heartbeat: {"stazioneId":"Padova","stato":"ONLINE","timestamp":"2026-08-15T12:12:42.013522332Z","tipoEvento":"HEARTBEAT","bufferSize":0}
2026-08-15 14:12:52,013 INFO  [it.uni.reti2.HeartbeatGenerator] (executor-thread-1) 💓 [HEARTBEAT] Invio heartbeat: {"stazioneId":"Padova","stato":"ONLINE","timestamp":"2026-08-15T12:12:52.013562126Z","tipoEvento":"HEARTBEAT","bufferSize":0}
2026-08-15 14:13:02,013 INFO  [it.uni.reti2.HeartbeatGenerator] (executor-thread-1) 💓 [HEARTBEAT] Invio heartbeat: {"stazioneId":"Padova","stato":"ONLINE","timestamp":"2026-08-15T12:13:02.013778543Z","tipoEvento":"HEARTBEAT","bufferSize":0}
2026-08-15 14:13:12,014 INFO  [it.uni.reti2.HeartbeatGenerator] (executor-thread-1) 💓 [HEARTBEAT] Invio heartbeat: {"stazioneId":"Padova","stato":"ONLINE","timestamp":"2026-08-15T12:13:12.014018927Z","tipoEvento":"HEARTBEAT","bufferSize":0}
2026-08-15 14:13:22,014 INFO  [it.uni.reti2.HeartbeatGenerator] (executor-thread-1) 💓 [HEARTBEAT] Invio heartbeat: {"stazioneId":"Padova","stato":"ONLINE","timestamp":"2026-08-15T12:13:22.013984921Z","tipoEvento":"HEARTBEAT","bufferSize":0}
2026-08-15 14:13:32,014 INFO  [it.uni.reti2.HeartbeatGenerator] (executor-thread-1) 💓 [HEARTBEAT] Invio heartbeat: {"stazioneId":"Padova","stato":"ONLINE","timestamp":"2026-08-15T12:13:32.013977767Z","tipoEvento":"HEARTBEAT","bufferSize":0}
2026-08-15 14:13:42,013 INFO  [it.uni.reti2.HeartbeatGenerator] (executor-thread-1) 💓 [HEARTBEAT] Invio heartbeat: {"stazioneId":"Padova","stato":"ONLINE","timestamp":"2026-08-15T12:13:42.013554550Z","tipoEvento":"HEARTBEAT","bufferSize":0}
2026-08-15 14:13:52,013 INFO  [it.uni.reti2.HeartbeatGenerator] (executor-thread-1) 💓 [HEARTBEAT] Invio heartbeat: {"stazioneId":"Padova","stato":"ONLINE","timestamp":"2026-08-15T12:13:52.013487840Z","tipoEvento":"HEARTBEAT","bufferSize":0}
2026-08-15 14:14:02,013 INFO  [it.uni.reti2.HeartbeatGenerator] (executor-thread-1) 💓 [HEARTBEAT] Invio heartbeat: {"stazioneId":"Padova","stato":"ONLINE","timestamp":"2026-08-15T12:14:02.013371957Z","tipoEvento":"HEARTBEAT","bufferSize":0}
2026-08-15 14:14:12,014 INFO  [it.uni.reti2.HeartbeatGenerator] (executor-thread-1) 💓 [HEARTBEAT] Invio heartbeat: {"stazioneId":"Padova","stato":"ONLINE","timestamp":"2026-08-15T12:14:12.014074011Z","tipoEvento":"HEARTBEAT","bufferSize":0}
2026-08-15 14:14:22,013 INFO  [it.uni.reti2.HeartbeatGenerator] (executor-thread-1) 💓 [HEARTBEAT] Invio heartbeat: {"stazioneId":"Padova","stato":"ONLINE","timestamp":"2026-08-15T12:14:22.013502288Z","tipoEvento":"HEARTBEAT","bufferSize":0}
2026-08-15 14:14:32,013 INFO  [it.uni.reti2.HeartbeatGenerator] (executor-thread-1) 💓 [HEARTBEAT] Invio heartbeat: {"stazioneId":"Padova","stato":"ONLINE","timestamp":"2026-08-15T12:14:32.013580084Z","tipoEvento":"HEARTBEAT","bufferSize":0}
2026-08-15 14:14:42,013 INFO  [it.uni.reti2.HeartbeatGenerator] (executor-thread-1) 💓 [HEARTBEAT] Invio heartbeat: {"stazioneId":"Padova","stato":"ONLINE","timestamp":"2026-08-15T12:14:42.013606906Z","tipoEvento":"HEARTBEAT","bufferSize":0}
2026-08-15 14:14:52,013 INFO  [it.uni.reti2.HeartbeatGenerator] (executor-thread-1) 💓 [HEARTBEAT] Invio heartbeat: {"stazioneId":"Padova","stato":"ONLINE","timestamp":"2026-08-15T12:14:52.013571840Z","tipoEvento":"HEARTBEAT","bufferSize":0}
2026-08-15 14:15:02,013 INFO  [it.uni.reti2.HeartbeatGenerator] (executor-thread-1) 💓 [HEARTBEAT] Invio heartbeat: {"stazioneId":"Padova","stato":"ONLINE","timestamp":"2026-08-15T12:15:02.013508999Z","tipoEvento":"HEARTBEAT","bufferSize":0}
2026-08-15 14:15:12,013 INFO  [it.uni.reti2.HeartbeatGenerator] (executor-thread-1) 💓 [HEARTBEAT] Invio heartbeat: {"stazioneId":"Padova","stato":"ONLINE","timestamp":"2026-08-15T12:15:12.013501647Z","tipoEvento":"HEARTBEAT","bufferSize":0}
2026-08-15 14:15:22,013 INFO  [it.uni.reti2.HeartbeatGenerator] (executor-thread-1) 💓 [HEARTBEAT] Invio heartbeat: {"stazioneId":"Padova","stato":"ONLINE","timestamp":"2026-08-15T12:15:22.013733380Z","tipoEvento":"HEARTBEAT","bufferSize":0}
2026-08-15 14:15:32,013 INFO  [it.uni.reti2.HeartbeatGenerator] (executor-thread-1) 💓 [HEARTBEAT] Invio heartbeat: {"stazioneId":"Padova","stato":"ONLINE","timestamp":"2026-08-15T12:15:32.013566699Z","tipoEvento":"HEARTBEAT","bufferSize":0}
2026-08-15 14:15:42,013 INFO  [it.uni.reti2.HeartbeatGenerator] (executor-thread-1) 💓 [HEARTBEAT] Invio heartbeat: {"stazioneId":"Padova","stato":"ONLINE","timestamp":"2026-08-15T12:15:42.013610758Z","tipoEvento":"HEARTBEAT","bufferSize":0}
2026-08-15 14:15:52,014 INFO  [it.uni.reti2.HeartbeatGenerator] (executor-thread-1) 💓 [HEARTBEAT] Invio heartbeat: {"stazioneId":"Padova","stato":"ONLINE","timestamp":"2026-08-15T12:15:52.013993982Z","tipoEvento":"HEARTBEAT","bufferSize":0}
2026-08-15 14:16:02,014 INFO  [it.uni.reti2.HeartbeatGenerator] (executor-thread-1) 💓 [HEARTBEAT] Invio heartbeat: {"stazioneId":"Padova","stato":"ONLINE","timestamp":"2026-08-15T12:16:02.013982743Z","tipoEvento":"HEARTBEAT","bufferSize":0}
2026-08-15 14:16:12,013 INFO  [it.uni.reti2.HeartbeatGenerator] (executor-thread-1) 💓 [HEARTBEAT] Invio heartbeat: {"stazioneId":"Padova","stato":"ONLINE","timestamp":"2026-08-15T12:16:12.013568861Z","tipoEvento":"HEARTBEAT","bufferSize":0}
2026-08-15 14:16:22,013 INFO  [it.uni.reti2.HeartbeatGenerator] (executor-thread-1) 💓 [HEARTBEAT] Invio heartbeat: {"stazioneId":"Padova","stato":"ONLINE","timestamp":"2026-08-15T12:16:22.013782547Z","tipoEvento":"HEARTBEAT","bufferSize":0}
2026-08-15 14:16:32,014 INFO  [it.uni.reti2.HeartbeatGenerator] (executor-thread-1) 💓 [HEARTBEAT] Invio heartbeat: {"stazioneId":"Padova","stato":"ONLINE","timestamp":"2026-08-15T12:16:32.014383232Z","tipoEvento":"HEARTBEAT","bufferSize":0}
2026-08-15 14:16:42,013 INFO  [it.uni.reti2.HeartbeatGenerator] (executor-thread-1) 💓 [HEARTBEAT] Invio heartbeat: {"stazioneId":"Padova","stato":"ONLINE","timestamp":"2026-08-15T12:16:42.013621202Z","tipoEvento":"HEARTBEAT","bufferSize":0}
2026-08-15 14:16:52,014 INFO  [it.uni.reti2.HeartbeatGenerator] (executor-thread-1) 💓 [HEARTBEAT] Invio heartbeat: {"stazioneId":"Padova","stato":"ONLINE","timestamp":"2026-08-15T12:16:52.014010477Z","tipoEvento":"HEARTBEAT","bufferSize":0}
2026-08-15 14:17:02,014 INFO  [it.uni.reti2.HeartbeatGenerator] (executor-thread-1) 💓 [HEARTBEAT] Invio heartbeat: {"stazioneId":"Padova","stato":"ONLINE","timestamp":"2026-08-15T12:17:02.013915083Z","tipoEvento":"HEARTBEAT","bufferSize":0}
2026-08-15 14:17:12,013 INFO  [it.uni.reti2.HeartbeatGenerator] (executor-thread-1) 💓 [HEARTBEAT] Invio heartbeat: {"stazioneId":"Padova","stato":"ONLINE","timestamp":"2026-08-15T12:17:12.013574906Z","tipoEvento":"HEARTBEAT","bufferSize":0}
2026-08-15 14:17:22,013 INFO  [it.uni.reti2.HeartbeatGenerator] (executor-thread-1) 💓 [HEARTBEAT] Invio heartbeat: {"stazioneId":"Padova","stato":"ONLINE","timestamp":"2026-08-15T12:17:22.013696375Z","tipoEvento":"HEARTBEAT","bufferSize":0}
2026-08-15 14:17:32,013 INFO  [it.uni.reti2.HeartbeatGenerator] (executor-thread-1) 💓 [HEARTBEAT] Invio heartbeat: {"stazioneId":"Padova","stato":"ONLINE","timestamp":"2026-08-15T12:17:32.013492001Z","tipoEvento":"HEARTBEAT","bufferSize":0}
2026-08-15 14:17:42,013 INFO  [it.uni.reti2.HeartbeatGenerator] (executor-thread-1) 💓 [HEARTBEAT] Invio heartbeat: {"stazioneId":"Padova","stato":"ONLINE","timestamp":"2026-08-15T12:17:42.013529287Z","tipoEvento":"HEARTBEAT","bufferSize":0}
2026-08-15 14:17:52,013 INFO  [it.uni.reti2.HeartbeatGenerator] (executor-thread-1) 💓 [HEARTBEAT] Invio heartbeat: {"stazioneId":"Padova","stato":"ONLINE","timestamp":"2026-08-15T12:17:52.013447513Z","tipoEvento":"HEARTBEAT","bufferSize":0}
2026-08-15 14:18:02,013 INFO  [it.uni.reti2.HeartbeatGenerator] (executor-thread-1) 💓 [HEARTBEAT] Invio heartbeat: {"stazioneId":"Padova","stato":"ONLINE","timestamp":"2026-08-15T12:18:02.013873378Z","tipoEvento":"HEARTBEAT","bufferSize":0}
2026-08-15 14:18:12,014 INFO  [it.uni.reti2.HeartbeatGenerator] (executor-thread-1) 💓 [HEARTBEAT] Invio heartbeat: {"stazioneId":"Padova","stato":"ONLINE","timestamp":"2026-08-15T12:18:12.014003068Z","tipoEvento":"HEARTBEAT","bufferSize":0}
2026-08-15 14:18:22,013 INFO  [it.uni.reti2.HeartbeatGenerator] (executor-thread-1) 💓 [HEARTBEAT] Invio heartbeat: {"stazioneId":"Padova","stato":"ONLINE","timestamp":"2026-08-15T12:18:22.013678330Z","tipoEvento":"HEARTBEAT","bufferSize":0}
2026-08-15 14:18:32,013 INFO  [it.uni.reti2.HeartbeatGenerator] (executor-thread-1) 💓 [HEARTBEAT] Invio heartbeat: {"stazioneId":"Padova","stato":"ONLINE","timestamp":"2026-08-15T12:18:32.013894783Z","tipoEvento":"HEARTBEAT","bufferSize":0}
2026-08-15 14:18:42,014 INFO  [it.uni.reti2.HeartbeatGenerator] (executor-thread-1) 💓 [HEARTBEAT] Invio heartbeat: {"stazioneId":"Padova","stato":"ONLINE","timestamp":"2026-08-15T12:18:42.013992778Z","tipoEvento":"HEARTBEAT","bufferSize":0}
2026-08-15 14:18:52,013 INFO  [it.uni.reti2.HeartbeatGenerator] (executor-thread-1) 💓 [HEARTBEAT] Invio heartbeat: {"stazioneId":"Padova","stato":"ONLINE","timestamp":"2026-08-15T12:18:52.013548535Z","tipoEvento":"HEARTBEAT","bufferSize":0}
2026-08-15 14:19:02,014 INFO  [it.uni.reti2.HeartbeatGenerator] (executor-thread-1) 💓 [HEARTBEAT] Invio heartbeat: {"stazioneId":"Padova","stato":"ONLINE","timestamp":"2026-08-15T12:19:02.013916346Z","tipoEvento":"HEARTBEAT","bufferSize":0}
2026-08-15 14:19:12,013 INFO  [it.uni.reti2.HeartbeatGenerator] (executor-thread-1) 💓 [HEARTBEAT] Invio heartbeat: {"stazioneId":"Padova","stato":"ONLINE","timestamp":"2026-08-15T12:19:12.013547265Z","tipoEvento":"HEARTBEAT","bufferSize":0}
2026-08-15 14:19:22,013 INFO  [it.uni.reti2.HeartbeatGenerator] (executor-thread-1) 💓 [HEARTBEAT] Invio heartbeat: {"stazioneId":"Padova","stato":"ONLINE","timestamp":"2026-08-15T12:19:22.013603534Z","tipoEvento":"HEARTBEAT","bufferSize":0}
2026-08-15 14:19:32,013 INFO  [it.uni.reti2.HeartbeatGenerator] (executor-thread-1) 💓 [HEARTBEAT] Invio heartbeat: {"stazioneId":"Padova","stato":"ONLINE","timestamp":"2026-08-15T12:19:32.013587628Z","tipoEvento":"HEARTBEAT","bufferSize":0}
2026-08-15 14:19:42,013 INFO  [it.uni.reti2.HeartbeatGenerator] (executor-thread-1) 💓 [HEARTBEAT] Invio heartbeat: {"stazioneId":"Padova","stato":"ONLINE","timestamp":"2026-08-15T12:19:42.013551952Z","tipoEvento":"HEARTBEAT","bufferSize":0}
2026-08-15 14:19:52,013 INFO  [it.uni.reti2.HeartbeatGenerator] (executor-thread-1) 💓 [HEARTBEAT] Invio heartbeat: {"stazioneId":"Padova","stato":"ONLINE","timestamp":"2026-08-15T12:19:52.013590423Z","tipoEvento":"HEARTBEAT","bufferSize":0}
2026-08-15 14:20:02,013 INFO  [it.uni.reti2.HeartbeatGenerator] (executor-thread-1) 💓 [HEARTBEAT] Invio heartbeat: {"stazioneId":"Padova","stato":"ONLINE","timestamp":"2026-08-15T12:20:02.013484568Z","tipoEvento":"HEARTBEAT","bufferSize":0}
2026-08-15 14:20:12,013 INFO  [it.uni.reti2.HeartbeatGenerator] (executor-thread-1) 💓 [HEARTBEAT] Invio heartbeat: {"stazioneId":"Padova","stato":"ONLINE","timestamp":"2026-08-15T12:20:12.013573636Z","tipoEvento":"HEARTBEAT","bufferSize":0}
2026-08-15 14:20:22,013 INFO  [it.uni.reti2.HeartbeatGenerator] (executor-thread-1) 💓 [HEARTBEAT] Invio heartbeat: {"stazioneId":"Padova","stato":"ONLINE","timestamp":"2026-08-15T12:20:22.013609966Z","tipoEvento":"HEARTBEAT","bufferSize":0}
2026-08-15 14:20:32,013 INFO  [it.uni.reti2.HeartbeatGenerator] (executor-thread-1) 💓 [HEARTBEAT] Invio heartbeat: {"stazioneId":"Padova","stato":"ONLINE","timestamp":"2026-08-15T12:20:32.013553968Z","tipoEvento":"HEARTBEAT","bufferSize":0}
2026-08-15 14:20:42,014 INFO  [it.uni.reti2.HeartbeatGenerator] (executor-thread-1) 💓 [HEARTBEAT] Invio heartbeat: {"stazioneId":"Padova","stato":"ONLINE","timestamp":"2026-08-15T12:20:42.013957669Z","tipoEvento":"HEARTBEAT","bufferSize":0}
2026-08-15 14:20:52,013 INFO  [it.uni.reti2.HeartbeatGenerator] (executor-thread-1) 💓 [HEARTBEAT] Invio heartbeat: {"stazioneId":"Padova","stato":"ONLINE","timestamp":"2026-08-15T12:20:52.013550940Z","tipoEvento":"HEARTBEAT","bufferSize":0}
2026-08-15 14:21:02,013 INFO  [it.uni.reti2.HeartbeatGenerator] (executor-thread-1) 💓 [HEARTBEAT] Invio heartbeat: {"stazioneId":"Padova","stato":"ONLINE","timestamp":"2026-08-15T12:21:02.013488876Z","tipoEvento":"HEARTBEAT","bufferSize":0}
2026-08-15 14:21:12,013 INFO  [it.uni.reti2.HeartbeatGenerator] (executor-thread-1) 💓 [HEARTBEAT] Invio heartbeat: {"stazioneId":"Padova","stato":"ONLINE","timestamp":"2026-08-15T12:21:12.013560928Z","tipoEvento":"HEARTBEAT","bufferSize":0}
2026-08-15 14:21:22,014 INFO  [it.uni.reti2.HeartbeatGenerator] (executor-thread-1) 💓 [HEARTBEAT] Invio heartbeat: {"stazioneId":"Padova","stato":"ONLINE","timestamp":"2026-08-15T12:21:22.013992991Z","tipoEvento":"HEARTBEAT","bufferSize":0}
2026-08-15 14:21:32,013 INFO  [it.uni.reti2.HeartbeatGenerator] (executor-thread-1) 💓 [HEARTBEAT] Invio heartbeat: {"stazioneId":"Padova","stato":"ONLINE","timestamp":"2026-08-15T12:21:32.013774811Z","tipoEvento":"HEARTBEAT","bufferSize":0}
2026-08-15 14:21:42,014 INFO  [it.uni.reti2.HeartbeatGenerator] (executor-thread-1) 💓 [HEARTBEAT] Invio heartbeat: {"stazioneId":"Padova","stato":"ONLINE","timestamp":"2026-08-15T12:21:42.013977391Z","tipoEvento":"HEARTBEAT","bufferSize":0}
2026-08-15 14:21:52,013 INFO  [it.uni.reti2.HeartbeatGenerator] (executor-thread-1) 💓 [HEARTBEAT] Invio heartbeat: {"stazioneId":"Padova","stato":"ONLINE","timestamp":"2026-08-15T12:21:52.013540046Z","tipoEvento":"HEARTBEAT","bufferSize":0}
2026-08-15 14:22:02,013 INFO  [it.uni.reti2.HeartbeatGenerator] (executor-thread-1) 💓 [HEARTBEAT] Invio heartbeat: {"stazioneId":"Padova","stato":"ONLINE","timestamp":"2026-08-15T12:22:02.013774859Z","tipoEvento":"HEARTBEAT","bufferSize":0}
2026-08-15 14:22:12,014 INFO  [it.uni.reti2.HeartbeatGenerator] (executor-thread-1) 💓 [HEARTBEAT] Invio heartbeat: {"stazioneId":"Padova","stato":"ONLINE","timestamp":"2026-08-15T12:22:12.013982097Z","tipoEvento":"HEARTBEAT","bufferSize":0}
2026-08-15 14:22:22,013 INFO  [it.uni.reti2.HeartbeatGenerator] (executor-thread-1) 💓 [HEARTBEAT] Invio heartbeat: {"stazioneId":"Padova","stato":"ONLINE","timestamp":"2026-08-15T12:22:22.013757888Z","tipoEvento":"HEARTBEAT","bufferSize":0}
2026-08-15 14:22:32,014 INFO  [it.uni.reti2.HeartbeatGenerator] (executor-thread-1) 💓 [HEARTBEAT] Invio heartbeat: {"stazioneId":"Padova","stato":"ONLINE","timestamp":"2026-08-15T12:22:32.014068645Z","tipoEvento":"HEARTBEAT","bufferSize":0}
2026-08-15 14:22:42,014 INFO  [it.uni.reti2.HeartbeatGenerator] (executor-thread-1) 💓 [HEARTBEAT] Invio heartbeat: {"stazioneId":"Padova","stato":"ONLINE","timestamp":"2026-08-15T12:22:42.013936861Z","tipoEvento":"HEARTBEAT","bufferSize":0}
2026-08-15 14:22:52,014 INFO  [it.uni.reti2.HeartbeatGenerator] (executor-thread-1) 💓 [HEARTBEAT] Invio heartbeat: {"stazioneId":"Padova","stato":"ONLINE","timestamp":"2026-08-15T12:22:52.014010801Z","tipoEvento":"HEARTBEAT","bufferSize":0}
2026-08-15 14:23:02,013 INFO  [it.uni.reti2.HeartbeatGenerator] (executor-thread-1) 💓 [HEARTBEAT] Invio heartbeat: {"stazioneId":"Padova","stato":"ONLINE","timestamp":"2026-08-15T12:23:02.013770132Z","tipoEvento":"HEARTBEAT","bufferSize":0}
2026-08-15 14:23:12,014 INFO  [it.uni.reti2.HeartbeatGenerator] (executor-thread-1) 💓 [HEARTBEAT] Invio heartbeat: {"stazioneId":"Padova","stato":"ONLINE","timestamp":"2026-08-15T12:23:12.013970608Z","tipoEvento":"HEARTBEAT","bufferSize":0}
2026-08-15 14:23:22,013 INFO  [it.uni.reti2.HeartbeatGenerator] (executor-thread-1) 💓 [HEARTBEAT] Invio heartbeat: {"stazioneId":"Padova","stato":"ONLINE","timestamp":"2026-08-15T12:23:22.013396036Z","tipoEvento":"HEARTBEAT","bufferSize":0}
2026-08-15 14:23:32,013 INFO  [it.uni.reti2.HeartbeatGenerator] (executor-thread-1) 💓 [HEARTBEAT] Invio heartbeat: {"stazioneId":"Padova","stato":"ONLINE","timestamp":"2026-08-15T12:23:32.013790487Z","tipoEvento":"HEARTBEAT","bufferSize":0}
2026-08-15 14:23:42,013 INFO  [it.uni.reti2.HeartbeatGenerator] (executor-thread-1) 💓 [HEARTBEAT] Invio heartbeat: {"stazioneId":"Padova","stato":"ONLINE","timestamp":"2026-08-15T12:23:42.013558921Z","tipoEvento":"HEARTBEAT","bufferSize":0}
2026-08-15 14:23:52,013 INFO  [it.uni.reti2.HeartbeatGenerator] (executor-thread-1) 💓 [HEARTBEAT] Invio heartbeat: {"stazioneId":"Padova","stato":"ONLINE","timestamp":"2026-08-15T12:23:52.013521134Z","tipoEvento":"HEARTBEAT","bufferSize":0}
2026-08-15 14:24:02,013 INFO  [it.uni.reti2.HeartbeatGenerator] (executor-thread-1) 💓 [HEARTBEAT] Invio heartbeat: {"stazioneId":"Padova","stato":"ONLINE","timestamp":"2026-08-15T12:24:02.013620510Z","tipoEvento":"HEARTBEAT","bufferSize":0}
2026-08-15 14:24:12,014 INFO  [it.uni.reti2.HeartbeatGenerator] (executor-thread-1) 💓 [HEARTBEAT] Invio heartbeat: {"stazioneId":"Padova","stato":"ONLINE","timestamp":"2026-08-15T12:24:12.014203228Z","tipoEvento":"HEARTBEAT","bufferSize":0}
2026-08-15 14:24:22,013 INFO  [it.uni.reti2.HeartbeatGenerator] (executor-thread-1) 💓 [HEARTBEAT] Invio heartbeat: {"stazioneId":"Padova","stato":"ONLINE","timestamp":"2026-08-15T12:24:22.013608999Z","tipoEvento":"HEARTBEAT","bufferSize":0}
2026-08-15 14:24:32,013 INFO  [it.uni.reti2.HeartbeatGenerator] (executor-thread-1) 💓 [HEARTBEAT] Invio heartbeat: {"stazioneId":"Padova","stato":"ONLINE","timestamp":"2026-08-15T12:24:32.013670480Z","tipoEvento":"HEARTBEAT","bufferSize":0}
2026-08-15 14:24:42,014 INFO  [it.uni.reti2.HeartbeatGenerator] (executor-thread-1) 💓 [HEARTBEAT] Invio heartbeat: {"stazioneId":"Padova","stato":"ONLINE","timestamp":"2026-08-15T12:24:42.014011432Z","tipoEvento":"HEARTBEAT","bufferSize":0}
2026-08-15 14:24:52,013 INFO  [it.uni.reti2.HeartbeatGenerator] (executor-thread-1) 💓 [HEARTBEAT] Invio heartbeat: {"stazioneId":"Padova","stato":"ONLINE","timestamp":"2026-08-15T12:24:52.013786223Z","tipoEvento":"HEARTBEAT","bufferSize":0}
2026-08-15 14:25:02,013 INFO  [it.uni.reti2.HeartbeatGenerator] (executor-thread-1) 💓 [HEARTBEAT] Invio heartbeat: {"stazioneId":"Padova","stato":"ONLINE","timestamp":"2026-08-15T12:25:02.013693563Z","tipoEvento":"HEARTBEAT","bufferSize":0}
2026-08-15 14:25:12,014 INFO  [it.uni.reti2.HeartbeatGenerator] (executor-thread-1) 💓 [HEARTBEAT] Invio heartbeat: {"stazioneId":"Padova","stato":"ONLINE","timestamp":"2026-08-15T12:25:12.014021580Z","tipoEvento":"HEARTBEAT","bufferSize":0}
2026-08-15 14:25:22,014 INFO  [it.uni.reti2.HeartbeatGenerator] (executor-thread-1) 💓 [HEARTBEAT] Invio heartbeat: {"stazioneId":"Padova","stato":"ONLINE","timestamp":"2026-08-15T12:25:22.013979414Z","tipoEvento":"HEARTBEAT","bufferSize":0}
2026-08-15 14:25:32,013 INFO  [it.uni.reti2.HeartbeatGenerator] (executor-thread-1) 💓 [HEARTBEAT] Invio heartbeat: {"stazioneId":"Padova","stato":"ONLINE","timestamp":"2026-08-15T12:25:32.013891932Z","tipoEvento":"HEARTBEAT","bufferSize":0}
2026-08-15 14:25:42,013 INFO  [it.uni.reti2.HeartbeatGenerator] (executor-thread-1) 💓 [HEARTBEAT] Invio heartbeat: {"stazioneId":"Padova","stato":"ONLINE","timestamp":"2026-08-15T12:25:42.013784415Z","tipoEvento":"HEARTBEAT","bufferSize":0}
2026-08-15 14:25:52,013 INFO  [it.uni.reti2.HeartbeatGenerator] (executor-thread-1) 💓 [HEARTBEAT] Invio heartbeat: {"stazioneId":"Padova","stato":"ONLINE","timestamp":"2026-08-15T12:25:52.013719003Z","tipoEvento":"HEARTBEAT","bufferSize":0}
2026-08-15 14:26:02,013 INFO  [it.uni.reti2.HeartbeatGenerator] (executor-thread-1) 💓 [HEARTBEAT] Invio heartbeat: {"stazioneId":"Padova","stato":"ONLINE","timestamp":"2026-08-15T12:26:02.013536125Z","tipoEvento":"HEARTBEAT","bufferSize":0}
2026-08-15 14:26:12,013 INFO  [it.uni.reti2.HeartbeatGenerator] (executor-thread-1) 💓 [HEARTBEAT] Invio heartbeat: {"stazioneId":"Padova","stato":"ONLINE","timestamp":"2026-08-15T12:26:12.013407092Z","tipoEvento":"HEARTBEAT","bufferSize":0}
2026-08-15 14:26:22,013 INFO  [it.uni.reti2.HeartbeatGenerator] (executor-thread-1) 💓 [HEARTBEAT] Invio heartbeat: {"stazioneId":"Padova","stato":"ONLINE","timestamp":"2026-08-15T12:26:22.013555439Z","tipoEvento":"HEARTBEAT","bufferSize":0}
2026-08-15 14:26:32,013 INFO  [it.uni.reti2.HeartbeatGenerator] (executor-thread-1) 💓 [HEARTBEAT] Invio heartbeat: {"stazioneId":"Padova","stato":"ONLINE","timestamp":"2026-08-15T12:26:32.013490544Z","tipoEvento":"HEARTBEAT","bufferSize":0}
2026-08-15 14:26:42,013 INFO  [it.uni.reti2.HeartbeatGenerator] (executor-thread-1) 💓 [HEARTBEAT] Invio heartbeat: {"stazioneId":"Padova","stato":"ONLINE","timestamp":"2026-08-15T12:26:42.013489623Z","tipoEvento":"HEARTBEAT","bufferSize":0}
2026-08-15 14:26:52,013 INFO  [it.uni.reti2.HeartbeatGenerator] (executor-thread-1) 💓 [HEARTBEAT] Invio heartbeat: {"stazioneId":"Padova","stato":"ONLINE","timestamp":"2026-08-15T12:26:52.013478048Z","tipoEvento":"HEARTBEAT","bufferSize":0}
2026-08-15 14:27:02,013 INFO  [it.uni.reti2.HeartbeatGenerator] (executor-thread-1) 💓 [HEARTBEAT] Invio heartbeat: {"stazioneId":"Padova","stato":"ONLINE","timestamp":"2026-08-15T12:27:02.013547576Z","tipoEvento":"HEARTBEAT","bufferSize":0}
2026-08-15 14:27:12,013 INFO  [it.uni.reti2.HeartbeatGenerator] (executor-thread-1) 💓 [HEARTBEAT] Invio heartbeat: {"stazioneId":"Padova","stato":"ONLINE","timestamp":"2026-08-15T12:27:12.013481478Z","tipoEvento":"HEARTBEAT","bufferSize":0}
2026-08-15 14:27:22,013 INFO  [it.uni.reti2.HeartbeatGenerator] (executor-thread-1) 💓 [HEARTBEAT] Invio heartbeat: {"stazioneId":"Padova","stato":"ONLINE","timestamp":"2026-08-15T12:27:22.013452105Z","tipoEvento":"HEARTBEAT","bufferSize":0}
2026-08-15 14:27:32,013 INFO  [it.uni.reti2.HeartbeatGenerator] (executor-thread-1) 💓 [HEARTBEAT] Invio heartbeat: {"stazioneId":"Padova","stato":"ONLINE","timestamp":"2026-08-15T12:27:32.013454176Z","tipoEvento":"HEARTBEAT","bufferSize":0}
2026-08-15 14:27:42,013 INFO  [it.uni.reti2.HeartbeatGenerator] (executor-thread-1) 💓 [HEARTBEAT] Invio heartbeat: {"stazioneId":"Padova","stato":"ONLINE","timestamp":"2026-08-15T12:27:42.013548004Z","tipoEvento":"HEARTBEAT","bufferSize":0}
2026-08-15 14:27:52,013 INFO  [it.uni.reti2.HeartbeatGenerator] (executor-thread-1) 💓 [HEARTBEAT] Invio heartbeat: {"stazioneId":"Padova","stato":"ONLINE","timestamp":"2026-08-15T12:27:52.013757989Z","tipoEvento":"HEARTBEAT","bufferSize":0}
2026-08-15 14:28:02,013 INFO  [it.uni.reti2.HeartbeatGenerator] (executor-thread-1) 💓 [HEARTBEAT] Invio heartbeat: {"stazioneId":"Padova","stato":"ONLINE","timestamp":"2026-08-15T12:28:02.013813188Z","tipoEvento":"HEARTBEAT","bufferSize":0}
2026-08-15 14:28:12,013 INFO  [it.uni.reti2.HeartbeatGenerator] (executor-thread-1) 💓 [HEARTBEAT] Invio heartbeat: {"stazioneId":"Padova","stato":"ONLINE","timestamp":"2026-08-15T12:28:12.013536259Z","tipoEvento":"HEARTBEAT","bufferSize":0}
2026-08-15 14:28:22,013 INFO  [it.uni.reti2.HeartbeatGenerator] (executor-thread-1) 💓 [HEARTBEAT] Invio heartbeat: {"stazioneId":"Padova","stato":"ONLINE","timestamp":"2026-08-15T12:28:22.013697435Z","tipoEvento":"HEARTBEAT","bufferSize":0}
2026-08-15 14:28:32,013 INFO  [it.uni.reti2.HeartbeatGenerator] (executor-thread-1) 💓 [HEARTBEAT] Invio heartbeat: {"stazioneId":"Padova","stato":"ONLINE","timestamp":"2026-08-15T12:28:32.013556765Z","tipoEvento":"HEARTBEAT","bufferSize":0}
2026-08-15 14:28:42,013 INFO  [it.uni.reti2.HeartbeatGenerator] (executor-thread-1) 💓 [HEARTBEAT] Invio heartbeat: {"stazioneId":"Padova","stato":"ONLINE","timestamp":"2026-08-15T12:28:42.013437623Z","tipoEvento":"HEARTBEAT","bufferSize":0}
2026-08-15 14:28:52,013 INFO  [it.uni.reti2.HeartbeatGenerator] (executor-thread-1) 💓 [HEARTBEAT] Invio heartbeat: {"stazioneId":"Padova","stato":"ONLINE","timestamp":"2026-08-15T12:28:52.013485239Z","tipoEvento":"HEARTBEAT","bufferSize":0}
2026-08-15 14:29:02,013 INFO  [it.uni.reti2.HeartbeatGenerator] (executor-thread-1) 💓 [HEARTBEAT] Invio heartbeat: {"stazioneId":"Padova","stato":"ONLINE","timestamp":"2026-08-15T12:29:02.013427162Z","tipoEvento":"HEARTBEAT","bufferSize":0}
2026-08-15 14:29:12,013 INFO  [it.uni.reti2.HeartbeatGenerator] (executor-thread-1) 💓 [HEARTBEAT] Invio heartbeat: {"stazioneId":"Padova","stato":"ONLINE","timestamp":"2026-08-15T12:29:12.013456858Z","tipoEvento":"HEARTBEAT","bufferSize":0}
2026-08-15 14:29:22,013 INFO  [it.uni.reti2.HeartbeatGenerator] (executor-thread-1) 💓 [HEARTBEAT] Invio heartbeat: {"stazioneId":"Padova","stato":"ONLINE","timestamp":"2026-08-15T12:29:22.013617967Z","tipoEvento":"HEARTBEAT","bufferSize":0}
2026-08-15 14:29:32,013 INFO  [it.uni.reti2.HeartbeatGenerator] (executor-thread-1) 💓 [HEARTBEAT] Invio heartbeat: {"stazioneId":"Padova","stato":"ONLINE","timestamp":"2026-08-15T12:29:32.013556117Z","tipoEvento":"HEARTBEAT","bufferSize":0}
2026-08-15 14:29:42,013 INFO  [it.uni.reti2.HeartbeatGenerator] (executor-thread-1) 💓 [HEARTBEAT] Invio heartbeat: {"stazioneId":"Padova","stato":"ONLINE","timestamp":"2026-08-15T12:29:42.013605889Z","tipoEvento":"HEARTBEAT","bufferSize":0}
2026-08-15 14:29:52,013 INFO  [it.uni.reti2.HeartbeatGenerator] (executor-thread-1) 💓 [HEARTBEAT] Invio heartbeat: {"stazioneId":"Padova","stato":"ONLINE","timestamp":"2026-08-15T12:29:52.013913795Z","tipoEvento":"HEARTBEAT","bufferSize":0}
2026-08-15 14:30:02,013 INFO  [it.uni.reti2.HeartbeatGenerator] (executor-thread-1) 💓 [HEARTBEAT] Invio heartbeat: {"stazioneId":"Padova","stato":"ONLINE","timestamp":"2026-08-15T12:30:02.013449188Z","tipoEvento":"HEARTBEAT","bufferSize":0}
2026-08-15 14:30:12,013 INFO  [it.uni.reti2.HeartbeatGenerator] (executor-thread-1) 💓 [HEARTBEAT] Invio heartbeat: {"stazioneId":"Padova","stato":"ONLINE","timestamp":"2026-08-15T12:30:12.013483061Z","tipoEvento":"HEARTBEAT","bufferSize":0}
2026-08-15 14:30:22,013 INFO  [it.uni.reti2.HeartbeatGenerator] (executor-thread-1) 💓 [HEARTBEAT] Invio heartbeat: {"stazioneId":"Padova","stato":"ONLINE","timestamp":"2026-08-15T12:30:22.013556464Z","tipoEvento":"HEARTBEAT","bufferSize":0}
2026-08-15 14:30:32,013 INFO  [it.uni.reti2.HeartbeatGenerator] (executor-thread-1) 💓 [HEARTBEAT] Invio heartbeat: {"stazioneId":"Padova","stato":"ONLINE","timestamp":"2026-08-15T12:30:32.013421649Z","tipoEvento":"HEARTBEAT","bufferSize":0}
2026-08-15 14:30:42,013 INFO  [it.uni.reti2.HeartbeatGenerator] (executor-thread-1) 💓 [HEARTBEAT] Invio heartbeat: {"stazioneId":"Padova","stato":"ONLINE","timestamp":"2026-08-15T12:30:42.013456654Z","tipoEvento":"HEARTBEAT","bufferSize":0}
2026-08-15 14:30:52,013 INFO  [it.uni.reti2.HeartbeatGenerator] (executor-thread-1) 💓 [HEARTBEAT] Invio heartbeat: {"stazioneId":"Padova","stato":"ONLINE","timestamp":"2026-08-15T12:30:52.013491323Z","tipoEvento":"HEARTBEAT","bufferSize":0}
2026-08-15 14:31:02,013 INFO  [it.uni.reti2.HeartbeatGenerator] (executor-thread-1) 💓 [HEARTBEAT] Invio heartbeat: {"stazioneId":"Padova","stato":"ONLINE","timestamp":"2026-08-15T12:31:02.013438160Z","tipoEvento":"HEARTBEAT","bufferSize":0}
2026-08-15 14:31:12,013 INFO  [it.uni.reti2.HeartbeatGenerator] (executor-thread-1) 💓 [HEARTBEAT] Invio heartbeat: {"stazioneId":"Padova","stato":"ONLINE","timestamp":"2026-08-15T12:31:12.013505086Z","tipoEvento":"HEARTBEAT","bufferSize":0}
2026-08-15 14:31:22,013 INFO  [it.uni.reti2.HeartbeatGenerator] (executor-thread-1) 💓 [HEARTBEAT] Invio heartbeat: {"stazioneId":"Padova","stato":"ONLINE","timestamp":"2026-08-15T12:31:22.013608060Z","tipoEvento":"HEARTBEAT","bufferSize":0}
2026-08-15 14:31:32,013 INFO  [it.uni.reti2.HeartbeatGenerator] (executor-thread-1) 💓 [HEARTBEAT] Invio heartbeat: {"stazioneId":"Padova","stato":"ONLINE","timestamp":"2026-08-15T12:31:32.013511175Z","tipoEvento":"HEARTBEAT","bufferSize":0}
2026-08-15 14:31:42,013 INFO  [it.uni.reti2.HeartbeatGenerator] (executor-thread-1) 💓 [HEARTBEAT] Invio heartbeat: {"stazioneId":"Padova","stato":"ONLINE","timestamp":"2026-08-15T12:31:42.013826954Z","tipoEvento":"HEARTBEAT","bufferSize":0}
2026-08-15 14:31:52,013 INFO  [it.uni.reti2.HeartbeatGenerator] (executor-thread-1) 💓 [HEARTBEAT] Invio heartbeat: {"stazioneId":"Padova","stato":"ONLINE","timestamp":"2026-08-15T12:31:52.013491417Z","tipoEvento":"HEARTBEAT","bufferSize":0}
2026-08-15 14:32:02,013 INFO  [it.uni.reti2.HeartbeatGenerator] (executor-thread-1) 💓 [HEARTBEAT] Invio heartbeat: {"stazioneId":"Padova","stato":"ONLINE","timestamp":"2026-08-15T12:32:02.013650741Z","tipoEvento":"HEARTBEAT","bufferSize":0}
2026-08-15 14:32:12,014 INFO  [it.uni.reti2.HeartbeatGenerator] (executor-thread-1) 💓 [HEARTBEAT] Invio heartbeat: {"stazioneId":"Padova","stato":"ONLINE","timestamp":"2026-08-15T12:32:12.013984276Z","tipoEvento":"HEARTBEAT","bufferSize":0}
2026-08-15 14:32:22,014 INFO  [it.uni.reti2.HeartbeatGenerator] (executor-thread-1) 💓 [HEARTBEAT] Invio heartbeat: {"stazioneId":"Padova","stato":"ONLINE","timestamp":"2026-08-15T12:32:22.013975522Z","tipoEvento":"HEARTBEAT","bufferSize":0}
2026-08-15 14:32:32,013 INFO  [it.uni.reti2.HeartbeatGenerator] (executor-thread-1) 💓 [HEARTBEAT] Invio heartbeat: {"stazioneId":"Padova","stato":"ONLINE","timestamp":"2026-08-15T12:32:32.013913501Z","tipoEvento":"HEARTBEAT","bufferSize":0}
2026-08-15 14:32:42,013 INFO  [it.uni.reti2.HeartbeatGenerator] (executor-thread-1) 💓 [HEARTBEAT] Invio heartbeat: {"stazioneId":"Padova","stato":"ONLINE","timestamp":"2026-08-15T12:32:42.013840675Z","tipoEvento":"HEARTBEAT","bufferSize":0}
2026-08-15 14:32:52,013 INFO  [it.uni.reti2.HeartbeatGenerator] (executor-thread-1) 💓 [HEARTBEAT] Invio heartbeat: {"stazioneId":"Padova","stato":"ONLINE","timestamp":"2026-08-15T12:32:52.013568852Z","tipoEvento":"HEARTBEAT","bufferSize":0}
2026-08-15 14:33:02,014 INFO  [it.uni.reti2.HeartbeatGenerator] (executor-thread-1) 💓 [HEARTBEAT] Invio heartbeat: {"stazioneId":"Padova","stato":"ONLINE","timestamp":"2026-08-15T12:33:02.014029409Z","tipoEvento":"HEARTBEAT","bufferSize":0}
2026-08-15 14:33:12,013 INFO  [it.uni.reti2.HeartbeatGenerator] (executor-thread-1) 💓 [HEARTBEAT] Invio heartbeat: {"stazioneId":"Padova","stato":"ONLINE","timestamp":"2026-08-15T12:33:12.013617800Z","tipoEvento":"HEARTBEAT","bufferSize":0}
2026-08-15 14:33:22,013 INFO  [it.uni.reti2.HeartbeatGenerator] (executor-thread-1) 💓 [HEARTBEAT] Invio heartbeat: {"stazioneId":"Padova","stato":"ONLINE","timestamp":"2026-08-15T12:33:22.013610387Z","tipoEvento":"HEARTBEAT","bufferSize":0}
2026-08-15 14:33:32,013 INFO  [it.uni.reti2.HeartbeatGenerator] (executor-thread-1) 💓 [HEARTBEAT] Invio heartbeat: {"stazioneId":"Padova","stato":"ONLINE","timestamp":"2026-08-15T12:33:32.013571961Z","tipoEvento":"HEARTBEAT","bufferSize":0}
2026-08-15 14:33:42,013 INFO  [it.uni.reti2.HeartbeatGenerator] (executor-thread-1) 💓 [HEARTBEAT] Invio heartbeat: {"stazioneId":"Padova","stato":"ONLINE","timestamp":"2026-08-15T12:33:42.013500781Z","tipoEvento":"HEARTBEAT","bufferSize":0}
2026-08-15 14:33:52,014 INFO  [it.uni.reti2.HeartbeatGenerator] (executor-thread-1) 💓 [HEARTBEAT] Invio heartbeat: {"stazioneId":"Padova","stato":"ONLINE","timestamp":"2026-08-15T12:33:52.014032150Z","tipoEvento":"HEARTBEAT","bufferSize":0}
2026-08-15 14:34:02,013 INFO  [it.uni.reti2.HeartbeatGenerator] (executor-thread-1) 💓 [HEARTBEAT] Invio heartbeat: {"stazioneId":"Padova","stato":"ONLINE","timestamp":"2026-08-15T12:34:02.013552329Z","tipoEvento":"HEARTBEAT","bufferSize":0}
2026-08-15 14:34:12,013 INFO  [it.uni.reti2.HeartbeatGenerator] (executor-thread-1) 💓 [HEARTBEAT] Invio heartbeat: {"stazioneId":"Padova","stato":"ONLINE","timestamp":"2026-08-15T12:34:12.013560518Z","tipoEvento":"HEARTBEAT","bufferSize":0}
2026-08-15 14:34:22,013 INFO  [it.uni.reti2.HeartbeatGenerator] (executor-thread-1) 💓 [HEARTBEAT] Invio heartbeat: {"stazioneId":"Padova","stato":"ONLINE","timestamp":"2026-08-15T12:34:22.013620796Z","tipoEvento":"HEARTBEAT","bufferSize":0}
2026-08-15 14:34:32,013 INFO  [it.uni.reti2.HeartbeatGenerator] (executor-thread-1) 💓 [HEARTBEAT] Invio heartbeat: {"stazioneId":"Padova","stato":"ONLINE","timestamp":"2026-08-15T12:34:32.013540147Z","tipoEvento":"HEARTBEAT","bufferSize":0}
2026-08-15 14:34:42,014 INFO  [it.uni.reti2.HeartbeatGenerator] (executor-thread-1) 💓 [HEARTBEAT] Invio heartbeat: {"stazioneId":"Padova","stato":"ONLINE","timestamp":"2026-08-15T12:34:42.014105543Z","tipoEvento":"HEARTBEAT","bufferSize":0}
2026-08-15 14:34:52,013 INFO  [it.uni.reti2.HeartbeatGenerator] (executor-thread-1) 💓 [HEARTBEAT] Invio heartbeat: {"stazioneId":"Padova","stato":"ONLINE","timestamp":"2026-08-15T12:34:52.013635402Z","tipoEvento":"HEARTBEAT","bufferSize":0}
2026-08-15 14:35:02,013 INFO  [it.uni.reti2.HeartbeatGenerator] (executor-thread-1) 💓 [HEARTBEAT] Invio heartbeat: {"stazioneId":"Padova","stato":"ONLINE","timestamp":"2026-08-15T12:35:02.013893396Z","tipoEvento":"HEARTBEAT","bufferSize":0}
2026-08-15 14:35:12,013 INFO  [it.uni.reti2.HeartbeatGenerator] (executor-thread-1) 💓 [HEARTBEAT] Invio heartbeat: {"stazioneId":"Padova","stato":"ONLINE","timestamp":"2026-08-15T12:35:12.013538033Z","tipoEvento":"HEARTBEAT","bufferSize":0}
2026-08-15 14:35:22,013 INFO  [it.uni.reti2.HeartbeatGenerator] (executor-thread-1) 💓 [HEARTBEAT] Invio heartbeat: {"stazioneId":"Padova","stato":"ONLINE","timestamp":"2026-08-15T12:35:22.013551888Z","tipoEvento":"HEARTBEAT","bufferSize":0}
2026-08-15 14:35:32,013 INFO  [it.uni.reti2.HeartbeatGenerator] (executor-thread-1) 💓 [HEARTBEAT] Invio heartbeat: {"stazioneId":"Padova","stato":"ONLINE","timestamp":"2026-08-15T12:35:32.013515174Z","tipoEvento":"HEARTBEAT","bufferSize":0}
2026-08-15 14:35:42,013 INFO  [it.uni.reti2.HeartbeatGenerator] (executor-thread-1) 💓 [HEARTBEAT] Invio heartbeat: {"stazioneId":"Padova","stato":"ONLINE","timestamp":"2026-08-15T12:35:42.013542082Z","tipoEvento":"HEARTBEAT","bufferSize":0}
2026-08-15 14:35:52,013 INFO  [it.uni.reti2.HeartbeatGenerator] (executor-thread-1) 💓 [HEARTBEAT] Invio heartbeat: {"stazioneId":"Padova","stato":"ONLINE","timestamp":"2026-08-15T12:35:52.013573381Z","tipoEvento":"HEARTBEAT","bufferSize":0}
2026-08-15 14:36:02,013 INFO  [it.uni.reti2.HeartbeatGenerator] (executor-thread-1) 💓 [HEARTBEAT] Invio heartbeat: {"stazioneId":"Padova","stato":"ONLINE","timestamp":"2026-08-15T12:36:02.013865920Z","tipoEvento":"HEARTBEAT","bufferSize":0}
2026-08-15 14:36:12,014 INFO  [it.uni.reti2.HeartbeatGenerator] (executor-thread-1) 💓 [HEARTBEAT] Invio heartbeat: {"stazioneId":"Padova","stato":"ONLINE","timestamp":"2026-08-15T12:36:12.014011942Z","tipoEvento":"HEARTBEAT","bufferSize":0}
2026-08-15 14:36:22,014 INFO  [it.uni.reti2.HeartbeatGenerator] (executor-thread-1) 💓 [HEARTBEAT] Invio heartbeat: {"stazioneId":"Padova","stato":"ONLINE","timestamp":"2026-08-15T12:36:22.013971705Z","tipoEvento":"HEARTBEAT","bufferSize":0}
2026-08-15 14:36:32,014 INFO  [it.uni.reti2.HeartbeatGenerator] (executor-thread-1) 💓 [HEARTBEAT] Invio heartbeat: {"stazioneId":"Padova","stato":"ONLINE","timestamp":"2026-08-15T12:36:32.013963226Z","tipoEvento":"HEARTBEAT","bufferSize":0}
2026-08-15 14:36:42,013 INFO  [it.uni.reti2.HeartbeatGenerator] (executor-thread-1) 💓 [HEARTBEAT] Invio heartbeat: {"stazioneId":"Padova","stato":"ONLINE","timestamp":"2026-08-15T12:36:42.013621903Z","tipoEvento":"HEARTBEAT","bufferSize":0}
2026-08-15 14:36:52,014 INFO  [it.uni.reti2.HeartbeatGenerator] (executor-thread-1) 💓 [HEARTBEAT] Invio heartbeat: {"stazioneId":"Padova","stato":"ONLINE","timestamp":"2026-08-15T12:36:52.013970311Z","tipoEvento":"HEARTBEAT","bufferSize":0}
2026-08-15 14:37:02,014 INFO  [it.uni.reti2.HeartbeatGenerator] (executor-thread-1) 💓 [HEARTBEAT] Invio heartbeat: {"stazioneId":"Padova","stato":"ONLINE","timestamp":"2026-08-15T12:37:02.013965904Z","tipoEvento":"HEARTBEAT","bufferSize":0}
2026-08-15 14:37:12,014 INFO  [it.uni.reti2.HeartbeatGenerator] (executor-thread-1) 💓 [HEARTBEAT] Invio heartbeat: {"stazioneId":"Padova","stato":"ONLINE","timestamp":"2026-08-15T12:37:12.013986662Z","tipoEvento":"HEARTBEAT","bufferSize":0}
2026-08-15 14:37:22,013 INFO  [it.uni.reti2.HeartbeatGenerator] (executor-thread-1) 💓 [HEARTBEAT] Invio heartbeat: {"stazioneId":"Padova","stato":"ONLINE","timestamp":"2026-08-15T12:37:22.013554310Z","tipoEvento":"HEARTBEAT","bufferSize":0}
2026-08-15 14:37:32,013 INFO  [it.uni.reti2.HeartbeatGenerator] (executor-thread-1) 💓 [HEARTBEAT] Invio heartbeat: {"stazioneId":"Padova","stato":"ONLINE","timestamp":"2026-08-15T12:37:32.013881106Z","tipoEvento":"HEARTBEAT","bufferSize":0}
2026-08-15 14:37:42,013 INFO  [it.uni.reti2.HeartbeatGenerator] (executor-thread-1) 💓 [HEARTBEAT] Invio heartbeat: {"stazioneId":"Padova","stato":"ONLINE","timestamp":"2026-08-15T12:37:42.013909888Z","tipoEvento":"HEARTBEAT","bufferSize":0}
2026-08-15 14:37:52,014 INFO  [it.uni.reti2.HeartbeatGenerator] (executor-thread-1) 💓 [HEARTBEAT] Invio heartbeat: {"stazioneId":"Padova","stato":"ONLINE","timestamp":"2026-08-15T12:37:52.014004206Z","tipoEvento":"HEARTBEAT","bufferSize":0}
2026-08-15 14:38:02,014 INFO  [it.uni.reti2.HeartbeatGenerator] (executor-thread-1) 💓 [HEARTBEAT] Invio heartbeat: {"stazioneId":"Padova","stato":"ONLINE","timestamp":"2026-08-15T12:38:02.013987688Z","tipoEvento":"HEARTBEAT","bufferSize":0}
2026-08-15 14:38:12,014 INFO  [it.uni.reti2.HeartbeatGenerator] (executor-thread-1) 💓 [HEARTBEAT] Invio heartbeat: {"stazioneId":"Padova","stato":"ONLINE","timestamp":"2026-08-15T12:38:12.014002237Z","tipoEvento":"HEARTBEAT","bufferSize":0}
2026-08-15 14:38:22,014 INFO  [it.uni.reti2.HeartbeatGenerator] (executor-thread-1) 💓 [HEARTBEAT] Invio heartbeat: {"stazioneId":"Padova","stato":"ONLINE","timestamp":"2026-08-15T12:38:22.013990074Z","tipoEvento":"HEARTBEAT","bufferSize":0}
2026-08-15 14:38:32,014 INFO  [it.uni.reti2.HeartbeatGenerator] (executor-thread-1) 💓 [HEARTBEAT] Invio heartbeat: {"stazioneId":"Padova","stato":"ONLINE","timestamp":"2026-08-15T12:38:32.013956681Z","tipoEvento":"HEARTBEAT","bufferSize":0}
2026-08-15 14:38:42,013 INFO  [it.uni.reti2.HeartbeatGenerator] (executor-thread-1) 💓 [HEARTBEAT] Invio heartbeat: {"stazioneId":"Padova","stato":"ONLINE","timestamp":"2026-08-15T12:38:42.013917909Z","tipoEvento":"HEARTBEAT","bufferSize":0}
2026-08-15 14:38:52,013 INFO  [it.uni.reti2.HeartbeatGenerator] (executor-thread-1) 💓 [HEARTBEAT] Invio heartbeat: {"stazioneId":"Padova","stato":"ONLINE","timestamp":"2026-08-15T12:38:52.013909562Z","tipoEvento":"HEARTBEAT","bufferSize":0}
2026-08-15 14:39:02,014 INFO  [it.uni.reti2.HeartbeatGenerator] (executor-thread-1) 💓 [HEARTBEAT] Invio heartbeat: {"stazioneId":"Padova","stato":"ONLINE","timestamp":"2026-08-15T12:39:02.013974419Z","tipoEvento":"HEARTBEAT","bufferSize":0}
2026-08-15 14:39:12,014 INFO  [it.uni.reti2.HeartbeatGenerator] (executor-thread-1) 💓 [HEARTBEAT] Invio heartbeat: {"stazioneId":"Padova","stato":"ONLINE","timestamp":"2026-08-15T12:39:12.013987481Z","tipoEvento":"HEARTBEAT","bufferSize":0}
2026-08-15 14:39:22,013 INFO  [it.uni.reti2.HeartbeatGenerator] (executor-thread-1) 💓 [HEARTBEAT] Invio heartbeat: {"stazioneId":"Padova","stato":"ONLINE","timestamp":"2026-08-15T12:39:22.013781156Z","tipoEvento":"HEARTBEAT","bufferSize":0}
2026-08-15 14:39:32,014 INFO  [it.uni.reti2.HeartbeatGenerator] (executor-thread-1) 💓 [HEARTBEAT] Invio heartbeat: {"stazioneId":"Padova","stato":"ONLINE","timestamp":"2026-08-15T12:39:32.013959735Z","tipoEvento":"HEARTBEAT","bufferSize":0}
2026-08-15 14:39:42,014 INFO  [it.uni.reti2.HeartbeatGenerator] (executor-thread-1) 💓 [HEARTBEAT] Invio heartbeat: {"stazioneId":"Padova","stato":"ONLINE","timestamp":"2026-08-15T12:39:42.013979807Z","tipoEvento":"HEARTBEAT","bufferSize":0}
2026-08-15 14:39:52,016 INFO  [it.uni.reti2.HeartbeatGenerator] (executor-thread-1) 💓 [HEARTBEAT] Invio heartbeat: {"stazioneId":"Padova","stato":"ONLINE","timestamp":"2026-08-15T12:39:52.016509722Z","tipoEvento":"HEARTBEAT","bufferSize":0}
2026-08-15 14:40:02,014 INFO  [it.uni.reti2.HeartbeatGenerator] (executor-thread-1) 💓 [HEARTBEAT] Invio heartbeat: {"stazioneId":"Padova","stato":"ONLINE","timestamp":"2026-08-15T12:40:02.014016999Z","tipoEvento":"HEARTBEAT","bufferSize":0}
2026-08-15 14:40:12,014 INFO  [it.uni.reti2.HeartbeatGenerator] (executor-thread-1) 💓 [HEARTBEAT] Invio heartbeat: {"stazioneId":"Padova","stato":"ONLINE","timestamp":"2026-08-15T12:40:12.013959943Z","tipoEvento":"HEARTBEAT","bufferSize":0}
2026-08-15 14:40:22,014 INFO  [it.uni.reti2.HeartbeatGenerator] (executor-thread-1) 💓 [HEARTBEAT] Invio heartbeat: {"stazioneId":"Padova","stato":"ONLINE","timestamp":"2026-08-15T12:40:22.013956069Z","tipoEvento":"HEARTBEAT","bufferSize":0}
2026-08-15 14:40:32,014 INFO  [it.uni.reti2.HeartbeatGenerator] (executor-thread-1) 💓 [HEARTBEAT] Invio heartbeat: {"stazioneId":"Padova","stato":"ONLINE","timestamp":"2026-08-15T12:40:32.013974811Z","tipoEvento":"HEARTBEAT","bufferSize":0}
2026-08-15 14:40:42,014 INFO  [it.uni.reti2.HeartbeatGenerator] (executor-thread-1) 💓 [HEARTBEAT] Invio heartbeat: {"stazioneId":"Padova","stato":"ONLINE","timestamp":"2026-08-15T12:40:42.013973091Z","tipoEvento":"HEARTBEAT","bufferSize":0}
2026-08-15 14:40:52,014 INFO  [it.uni.reti2.HeartbeatGenerator] (executor-thread-1) 💓 [HEARTBEAT] Invio heartbeat: {"stazioneId":"Padova","stato":"ONLINE","timestamp":"2026-08-15T12:40:52.013969072Z","tipoEvento":"HEARTBEAT","bufferSize":0}
2026-08-15 14:41:02,013 INFO  [it.uni.reti2.HeartbeatGenerator] (executor-thread-1) 💓 [HEARTBEAT] Invio heartbeat: {"stazioneId":"Padova","stato":"ONLINE","timestamp":"2026-08-15T12:41:02.013882384Z","tipoEvento":"HEARTBEAT","bufferSize":0}
2026-08-15 14:41:12,013 INFO  [it.uni.reti2.HeartbeatGenerator] (executor-thread-1) 💓 [HEARTBEAT] Invio heartbeat: {"stazioneId":"Padova","stato":"ONLINE","timestamp":"2026-08-15T12:41:12.013942895Z","tipoEvento":"HEARTBEAT","bufferSize":0}
2026-08-15 14:41:22,014 INFO  [it.uni.reti2.HeartbeatGenerator] (executor-thread-1) 💓 [HEARTBEAT] Invio heartbeat: {"stazioneId":"Padova","stato":"ONLINE","timestamp":"2026-08-15T12:41:22.014011521Z","tipoEvento":"HEARTBEAT","bufferSize":0}
2026-08-15 14:41:32,013 INFO  [it.uni.reti2.HeartbeatGenerator] (executor-thread-1) 💓 [HEARTBEAT] Invio heartbeat: {"stazioneId":"Padova","stato":"ONLINE","timestamp":"2026-08-15T12:41:32.013934747Z","tipoEvento":"HEARTBEAT","bufferSize":0}
2026-08-15 14:41:42,014 INFO  [it.uni.reti2.HeartbeatGenerator] (executor-thread-1) 💓 [HEARTBEAT] Invio heartbeat: {"stazioneId":"Padova","stato":"ONLINE","timestamp":"2026-08-15T12:41:42.013946329Z","tipoEvento":"HEARTBEAT","bufferSize":0}
2026-08-15 14:41:52,014 INFO  [it.uni.reti2.HeartbeatGenerator] (executor-thread-1) 💓 [HEARTBEAT] Invio heartbeat: {"stazioneId":"Padova","stato":"ONLINE","timestamp":"2026-08-15T12:41:52.013975064Z","tipoEvento":"HEARTBEAT","bufferSize":0}
2026-08-15 14:42:02,014 INFO  [it.uni.reti2.HeartbeatGenerator] (executor-thread-1) 💓 [HEARTBEAT] Invio heartbeat: {"stazioneId":"Padova","stato":"ONLINE","timestamp":"2026-08-15T12:42:02.013981212Z","tipoEvento":"HEARTBEAT","bufferSize":0}
2026-08-15 14:42:12,013 INFO  [it.uni.reti2.HeartbeatGenerator] (executor-thread-1) 💓 [HEARTBEAT] Invio heartbeat: {"stazioneId":"Padova","stato":"ONLINE","timestamp":"2026-08-15T12:42:12.013947017Z","tipoEvento":"HEARTBEAT","bufferSize":0}
2026-08-15 14:42:22,013 INFO  [it.uni.reti2.HeartbeatGenerator] (executor-thread-1) 💓 [HEARTBEAT] Invio heartbeat: {"stazioneId":"Padova","stato":"ONLINE","timestamp":"2026-08-15T12:42:22.013615953Z","tipoEvento":"HEARTBEAT","bufferSize":0}
2026-08-15 14:42:32,014 INFO  [it.uni.reti2.HeartbeatGenerator] (executor-thread-1) 💓 [HEARTBEAT] Invio heartbeat: {"stazioneId":"Padova","stato":"ONLINE","timestamp":"2026-08-15T12:42:32.014003512Z","tipoEvento":"HEARTBEAT","bufferSize":0}
2026-08-15 14:42:42,014 INFO  [it.uni.reti2.HeartbeatGenerator] (executor-thread-1) 💓 [HEARTBEAT] Invio heartbeat: {"stazioneId":"Padova","stato":"ONLINE","timestamp":"2026-08-15T12:42:42.013982804Z","tipoEvento":"HEARTBEAT","bufferSize":0}
2026-08-15 14:42:52,013 INFO  [it.uni.reti2.HeartbeatGenerator] (executor-thread-1) 💓 [HEARTBEAT] Invio heartbeat: {"stazioneId":"Padova","stato":"ONLINE","timestamp":"2026-08-15T12:42:52.013697156Z","tipoEvento":"HEARTBEAT","bufferSize":0}
2026-08-15 14:43:02,013 INFO  [it.uni.reti2.HeartbeatGenerator] (executor-thread-1) 💓 [HEARTBEAT] Invio heartbeat: {"stazioneId":"Padova","stato":"ONLINE","timestamp":"2026-08-15T12:43:02.013711110Z","tipoEvento":"HEARTBEAT","bufferSize":0}
2026-08-15 14:43:12,014 INFO  [it.uni.reti2.HeartbeatGenerator] (executor-thread-1) 💓 [HEARTBEAT] Invio heartbeat: {"stazioneId":"Padova","stato":"ONLINE","timestamp":"2026-08-15T12:43:12.013966211Z","tipoEvento":"HEARTBEAT","bufferSize":0}
2026-08-15 14:43:22,013 INFO  [it.uni.reti2.HeartbeatGenerator] (executor-thread-1) 💓 [HEARTBEAT] Invio heartbeat: {"stazioneId":"Padova","stato":"ONLINE","timestamp":"2026-08-15T12:43:22.013535392Z","tipoEvento":"HEARTBEAT","bufferSize":0}
2026-08-15 14:43:32,014 INFO  [it.uni.reti2.HeartbeatGenerator] (executor-thread-1) 💓 [HEARTBEAT] Invio heartbeat: {"stazioneId":"Padova","stato":"ONLINE","timestamp":"2026-08-15T12:43:32.013968318Z","tipoEvento":"HEARTBEAT","bufferSize":0}
2026-08-15 14:43:42,014 INFO  [it.uni.reti2.HeartbeatGenerator] (executor-thread-1) 💓 [HEARTBEAT] Invio heartbeat: {"stazioneId":"Padova","stato":"ONLINE","timestamp":"2026-08-15T12:43:42.014024744Z","tipoEvento":"HEARTBEAT","bufferSize":0}
2026-08-15 14:43:52,013 INFO  [it.uni.reti2.HeartbeatGenerator] (executor-thread-1) 💓 [HEARTBEAT] Invio heartbeat: {"stazioneId":"Padova","stato":"ONLINE","timestamp":"2026-08-15T12:43:52.013940077Z","tipoEvento":"HEARTBEAT","bufferSize":0}
2026-08-15 14:44:02,013 INFO  [it.uni.reti2.HeartbeatGenerator] (executor-thread-1) 💓 [HEARTBEAT] Invio heartbeat: {"stazioneId":"Padova","stato":"ONLINE","timestamp":"2026-08-15T12:44:02.013653750Z","tipoEvento":"HEARTBEAT","bufferSize":0}
2026-08-15 14:44:12,014 INFO  [it.uni.reti2.HeartbeatGenerator] (executor-thread-1) 💓 [HEARTBEAT] Invio heartbeat: {"stazioneId":"Padova","stato":"ONLINE","timestamp":"2026-08-15T12:44:12.013984454Z","tipoEvento":"HEARTBEAT","bufferSize":0}
2026-08-15 14:44:22,013 INFO  [it.uni.reti2.HeartbeatGenerator] (executor-thread-1) 💓 [HEARTBEAT] Invio heartbeat: {"stazioneId":"Padova","stato":"ONLINE","timestamp":"2026-08-15T12:44:22.013940243Z","tipoEvento":"HEARTBEAT","bufferSize":0}
2026-08-15 14:44:32,014 INFO  [it.uni.reti2.HeartbeatGenerator] (executor-thread-1) 💓 [HEARTBEAT] Invio heartbeat: {"stazioneId":"Padova","stato":"ONLINE","timestamp":"2026-08-15T12:44:32.014015185Z","tipoEvento":"HEARTBEAT","bufferSize":0}
2026-08-15 14:44:42,013 INFO  [it.uni.reti2.HeartbeatGenerator] (executor-thread-1) 💓 [HEARTBEAT] Invio heartbeat: {"stazioneId":"Padova","stato":"ONLINE","timestamp":"2026-08-15T12:44:42.013885909Z","tipoEvento":"HEARTBEAT","bufferSize":0}
2026-08-15 14:44:52,014 INFO  [it.uni.reti2.HeartbeatGenerator] (executor-thread-1) 💓 [HEARTBEAT] Invio heartbeat: {"stazioneId":"Padova","stato":"ONLINE","timestamp":"2026-08-15T12:44:52.013941184Z","tipoEvento":"HEARTBEAT","bufferSize":0}
2026-08-15 14:45:02,013 INFO  [it.uni.reti2.HeartbeatGenerator] (executor-thread-1) 💓 [HEARTBEAT] Invio heartbeat: {"stazioneId":"Padova","stato":"ONLINE","timestamp":"2026-08-15T12:45:02.013907201Z","tipoEvento":"HEARTBEAT","bufferSize":0}
2026-08-15 14:45:12,014 INFO  [it.uni.reti2.HeartbeatGenerator] (executor-thread-1) 💓 [HEARTBEAT] Invio heartbeat: {"stazioneId":"Padova","stato":"ONLINE","timestamp":"2026-08-15T12:45:12.013949700Z","tipoEvento":"HEARTBEAT","bufferSize":0}
2026-08-15 14:45:22,014 INFO  [it.uni.reti2.HeartbeatGenerator] (executor-thread-1) 💓 [HEARTBEAT] Invio heartbeat: {"stazioneId":"Padova","stato":"ONLINE","timestamp":"2026-08-15T12:45:22.013959035Z","tipoEvento":"HEARTBEAT","bufferSize":0}
2026-08-15 14:45:32,014 INFO  [it.uni.reti2.HeartbeatGenerator] (executor-thread-1) 💓 [HEARTBEAT] Invio heartbeat: {"stazioneId":"Padova","stato":"ONLINE","timestamp":"2026-08-15T12:45:32.013940963Z","tipoEvento":"HEARTBEAT","bufferSize":0}
2026-08-15 14:45:42,014 INFO  [it.uni.reti2.HeartbeatGenerator] (executor-thread-1) 💓 [HEARTBEAT] Invio heartbeat: {"stazioneId":"Padova","stato":"ONLINE","timestamp":"2026-08-15T12:45:42.013966783Z","tipoEvento":"HEARTBEAT","bufferSize":0}
2026-08-15 14:45:52,013 INFO  [it.uni.reti2.HeartbeatGenerator] (executor-thread-1) 💓 [HEARTBEAT] Invio heartbeat: {"stazioneId":"Padova","stato":"ONLINE","timestamp":"2026-08-15T12:45:52.013822429Z","tipoEvento":"HEARTBEAT","bufferSize":0}
2026-08-15 14:46:02,013 INFO  [it.uni.reti2.HeartbeatGenerator] (executor-thread-1) 💓 [HEARTBEAT] Invio heartbeat: {"stazioneId":"Padova","stato":"ONLINE","timestamp":"2026-08-15T12:46:02.013938887Z","tipoEvento":"HEARTBEAT","bufferSize":0}
2026-08-15 14:46:12,013 INFO  [it.uni.reti2.HeartbeatGenerator] (executor-thread-1) 💓 [HEARTBEAT] Invio heartbeat: {"stazioneId":"Padova","stato":"ONLINE","timestamp":"2026-08-15T12:46:12.013912511Z","tipoEvento":"HEARTBEAT","bufferSize":0}
2026-08-15 14:46:22,014 INFO  [it.uni.reti2.HeartbeatGenerator] (executor-thread-1) 💓 [HEARTBEAT] Invio heartbeat: {"stazioneId":"Padova","stato":"ONLINE","timestamp":"2026-08-15T12:46:22.013975707Z","tipoEvento":"HEARTBEAT","bufferSize":0}
2026-08-15 14:46:32,014 INFO  [it.uni.reti2.HeartbeatGenerator] (executor-thread-1) 💓 [HEARTBEAT] Invio heartbeat: {"stazioneId":"Padova","stato":"ONLINE","timestamp":"2026-08-15T12:46:32.013986294Z","tipoEvento":"HEARTBEAT","bufferSize":0}
2026-08-15 14:46:42,013 INFO  [it.uni.reti2.HeartbeatGenerator] (executor-thread-1) 💓 [HEARTBEAT] Invio heartbeat: {"stazioneId":"Padova","stato":"ONLINE","timestamp":"2026-08-15T12:46:42.013490422Z","tipoEvento":"HEARTBEAT","bufferSize":0}
2026-08-15 14:46:52,014 INFO  [it.uni.reti2.HeartbeatGenerator] (executor-thread-1) 💓 [HEARTBEAT] Invio heartbeat: {"stazioneId":"Padova","stato":"ONLINE","timestamp":"2026-08-15T12:46:52.014032678Z","tipoEvento":"HEARTBEAT","bufferSize":0}
2026-08-15 14:47:02,013 INFO  [it.uni.reti2.HeartbeatGenerator] (executor-thread-1) 💓 [HEARTBEAT] Invio heartbeat: {"stazioneId":"Padova","stato":"ONLINE","timestamp":"2026-08-15T12:47:02.013937688Z","tipoEvento":"HEARTBEAT","bufferSize":0}
2026-08-15 14:47:12,013 INFO  [it.uni.reti2.HeartbeatGenerator] (executor-thread-1) 💓 [HEARTBEAT] Invio heartbeat: {"stazioneId":"Padova","stato":"ONLINE","timestamp":"2026-08-15T12:47:12.013455721Z","tipoEvento":"HEARTBEAT","bufferSize":0}
2026-08-15 14:47:22,014 INFO  [it.uni.reti2.HeartbeatGenerator] (executor-thread-1) 💓 [HEARTBEAT] Invio heartbeat: {"stazioneId":"Padova","stato":"ONLINE","timestamp":"2026-08-15T12:47:22.013999136Z","tipoEvento":"HEARTBEAT","bufferSize":0}
2026-08-15 14:47:32,013 INFO  [it.uni.reti2.HeartbeatGenerator] (executor-thread-1) 💓 [HEARTBEAT] Invio heartbeat: {"stazioneId":"Padova","stato":"ONLINE","timestamp":"2026-08-15T12:47:32.013775272Z","tipoEvento":"HEARTBEAT","bufferSize":0}
2026-08-15 14:47:42,013 INFO  [it.uni.reti2.HeartbeatGenerator] (executor-thread-1) 💓 [HEARTBEAT] Invio heartbeat: {"stazioneId":"Padova","stato":"ONLINE","timestamp":"2026-08-15T12:47:42.013939224Z","tipoEvento":"HEARTBEAT","bufferSize":0}
2026-08-15 14:47:52,014 INFO  [it.uni.reti2.HeartbeatGenerator] (executor-thread-1) 💓 [HEARTBEAT] Invio heartbeat: {"stazioneId":"Padova","stato":"ONLINE","timestamp":"2026-08-15T12:47:52.013953880Z","tipoEvento":"HEARTBEAT","bufferSize":0}
2026-08-15 14:48:02,014 INFO  [it.uni.reti2.HeartbeatGenerator] (executor-thread-1) 💓 [HEARTBEAT] Invio heartbeat: {"stazioneId":"Padova","stato":"ONLINE","timestamp":"2026-08-15T12:48:02.013989846Z","tipoEvento":"HEARTBEAT","bufferSize":0}
2026-08-15 14:48:12,014 INFO  [it.uni.reti2.HeartbeatGenerator] (executor-thread-1) 💓 [HEARTBEAT] Invio heartbeat: {"stazioneId":"Padova","stato":"ONLINE","timestamp":"2026-08-15T12:48:12.013970327Z","tipoEvento":"HEARTBEAT","bufferSize":0}
2026-08-15 14:48:22,013 INFO  [it.uni.reti2.HeartbeatGenerator] (executor-thread-1) 💓 [HEARTBEAT] Invio heartbeat: {"stazioneId":"Padova","stato":"ONLINE","timestamp":"2026-08-15T12:48:22.013585220Z","tipoEvento":"HEARTBEAT","bufferSize":0}
2026-08-15 14:48:32,013 INFO  [it.uni.reti2.HeartbeatGenerator] (executor-thread-1) 💓 [HEARTBEAT] Invio heartbeat: {"stazioneId":"Padova","stato":"ONLINE","timestamp":"2026-08-15T12:48:32.013910884Z","tipoEvento":"HEARTBEAT","bufferSize":0}
2026-08-15 14:48:42,013 INFO  [it.uni.reti2.HeartbeatGenerator] (executor-thread-1) 💓 [HEARTBEAT] Invio heartbeat: {"stazioneId":"Padova","stato":"ONLINE","timestamp":"2026-08-15T12:48:42.013856196Z","tipoEvento":"HEARTBEAT","bufferSize":0}
2026-08-15 14:48:52,014 INFO  [it.uni.reti2.HeartbeatGenerator] (executor-thread-1) 💓 [HEARTBEAT] Invio heartbeat: {"stazioneId":"Padova","stato":"ONLINE","timestamp":"2026-08-15T12:48:52.013966514Z","tipoEvento":"HEARTBEAT","bufferSize":0}
2026-08-15 14:49:02,014 INFO  [it.uni.reti2.HeartbeatGenerator] (executor-thread-1) 💓 [HEARTBEAT] Invio heartbeat: {"stazioneId":"Padova","stato":"ONLINE","timestamp":"2026-08-15T12:49:02.014316825Z","tipoEvento":"HEARTBEAT","bufferSize":0}
2026-08-15 14:49:12,013 INFO  [it.uni.reti2.HeartbeatGenerator] (executor-thread-1) 💓 [HEARTBEAT] Invio heartbeat: {"stazioneId":"Padova","stato":"ONLINE","timestamp":"2026-08-15T12:49:12.013933855Z","tipoEvento":"HEARTBEAT","bufferSize":0}
2026-08-15 14:49:22,014 INFO  [it.uni.reti2.HeartbeatGenerator] (executor-thread-1) 💓 [HEARTBEAT] Invio heartbeat: {"stazioneId":"Padova","stato":"ONLINE","timestamp":"2026-08-15T12:49:22.014044192Z","tipoEvento":"HEARTBEAT","bufferSize":0}
2026-08-15 14:49:32,013 INFO  [it.uni.reti2.HeartbeatGenerator] (executor-thread-1) 💓 [HEARTBEAT] Invio heartbeat: {"stazioneId":"Padova","stato":"ONLINE","timestamp":"2026-08-15T12:49:32.013946309Z","tipoEvento":"HEARTBEAT","bufferSize":0}
2026-08-15 14:49:42,014 INFO  [it.uni.reti2.HeartbeatGenerator] (executor-thread-1) 💓 [HEARTBEAT] Invio heartbeat: {"stazioneId":"Padova","stato":"ONLINE","timestamp":"2026-08-15T12:49:42.013981371Z","tipoEvento":"HEARTBEAT","bufferSize":0}
2026-08-15 14:49:52,013 INFO  [it.uni.reti2.HeartbeatGenerator] (executor-thread-1) 💓 [HEARTBEAT] Invio heartbeat: {"stazioneId":"Padova","stato":"ONLINE","timestamp":"2026-08-15T12:49:52.013535541Z","tipoEvento":"HEARTBEAT","bufferSize":0}
2026-08-15 14:50:02,014 INFO  [it.uni.reti2.HeartbeatGenerator] (executor-thread-1) 💓 [HEARTBEAT] Invio heartbeat: {"stazioneId":"Padova","stato":"ONLINE","timestamp":"2026-08-15T12:50:02.014013818Z","tipoEvento":"HEARTBEAT","bufferSize":0}
2026-08-15 14:50:12,014 INFO  [it.uni.reti2.HeartbeatGenerator] (executor-thread-1) 💓 [HEARTBEAT] Invio heartbeat: {"stazioneId":"Padova","stato":"ONLINE","timestamp":"2026-08-15T12:50:12.014047140Z","tipoEvento":"HEARTBEAT","bufferSize":0}
2026-08-15 14:50:22,014 INFO  [it.uni.reti2.HeartbeatGenerator] (executor-thread-1) 💓 [HEARTBEAT] Invio heartbeat: {"stazioneId":"Padova","stato":"ONLINE","timestamp":"2026-08-15T12:50:22.013970056Z","tipoEvento":"HEARTBEAT","bufferSize":0}
2026-08-15 14:50:32,014 INFO  [it.uni.reti2.HeartbeatGenerator] (executor-thread-1) 💓 [HEARTBEAT] Invio heartbeat: {"stazioneId":"Padova","stato":"ONLINE","timestamp":"2026-08-15T12:50:32.013999063Z","tipoEvento":"HEARTBEAT","bufferSize":0}
2026-08-15 14:50:42,014 INFO  [it.uni.reti2.HeartbeatGenerator] (executor-thread-1) 💓 [HEARTBEAT] Invio heartbeat: {"stazioneId":"Padova","stato":"ONLINE","timestamp":"2026-08-15T12:50:42.013975168Z","tipoEvento":"HEARTBEAT","bufferSize":0}
2026-08-15 14:55:54,683 INFO  [io.smallrye.reactive.messaging.mqtt.session.impl.MqttClientSessionImpl] (vert.x-eventloop-thread-0) Connection closed: Connection closed
2026-08-15 14:55:54,986 INFO  [it.uni.reti2.HeartbeatGenerator] (executor-thread-1) 💓 [HEARTBEAT] Invio heartbeat: {"stazioneId":"Padova","stato":"ONLINE","timestamp":"2026-08-15T12:55:54.986169326Z","tipoEvento":"HEARTBEAT","bufferSize":0}
2026-08-15 14:55:55,687 INFO  [io.vertx.mqtt.impl.MqttClientImpl] (vert.x-eventloop-thread-0) Connection with localhost:1883 established successfully
2026-08-15 14:56:04,986 INFO  [it.uni.reti2.HeartbeatGenerator] (executor-thread-1) 💓 [HEARTBEAT] Invio heartbeat: {"stazioneId":"Padova","stato":"ONLINE","timestamp":"2026-08-15T12:56:04.986576594Z","tipoEvento":"HEARTBEAT","bufferSize":0}
2026-08-15 14:56:05,057 WARN  [it.uni.reti2.StationGateway] (vert.x-eventloop-thread-1) 🚨 [ALERT RICEVUTO] La Centrale dice: {"tipoEvento":"RESOLVED","origine":"CENTRALE","sorgenteTipo":"STAZIONE","sorgenteId":"Padova","guastoId":"alert-1786798554724-a3d1a428","timestamp":"2026-08-15T12:56:05.055270240Z"}
2026-08-15 14:56:05,058 INFO  [it.uni.reti2.StationGateway] (vert.x-eventloop-thread-1) 🔧 Stazione ripristinata dalla Centrale! Stato di nuovo ONLINE.
2026-08-15 14:56:05,066 WARN  [it.uni.reti2.StationGateway] (vert.x-eventloop-thread-1) 🚨 [ALERT RICEVUTO] La Centrale dice: {"tipoEvento":"RESOLVED","origine":"CENTRALE","sorgenteTipo":"STAZIONE","sorgenteId":"TO","guastoId":"alert-1786798554692-c02d2881","timestamp":"2026-08-15T12:56:05.064452027Z"}
2026-08-15 14:56:05,074 WARN  [it.uni.reti2.StationGateway] (vert.x-eventloop-thread-1) 🚨 [ALERT RICEVUTO] La Centrale dice: {"tipoEvento":"RESOLVED","origine":"CENTRALE","sorgenteTipo":"STAZIONE","sorgenteId":"PA","guastoId":"alert-1786798554682-aeca5106","timestamp":"2026-08-15T12:56:05.071863288Z"}
2026-08-15 14:56:05,081 WARN  [it.uni.reti2.StationGateway] (vert.x-eventloop-thread-1) 🚨 [ALERT RICEVUTO] La Centrale dice: {"tipoEvento":"RESOLVED","origine":"CENTRALE","sorgenteTipo":"STAZIONE","sorgenteId":"MI","guastoId":"alert-1786798554717-096ab993","timestamp":"2026-08-15T12:56:05.079668643Z"}
2026-08-15 14:56:14,986 INFO  [it.uni.reti2.HeartbeatGenerator] (executor-thread-1) 💓 [HEARTBEAT] Invio heartbeat: {"stazioneId":"Padova","stato":"ONLINE","timestamp":"2026-08-15T12:56:14.986269713Z","tipoEvento":"HEARTBEAT","bufferSize":0}
2026-08-15 14:56:24,986 INFO  [it.uni.reti2.HeartbeatGenerator] (executor-thread-1) 💓 [HEARTBEAT] Invio heartbeat: {"stazioneId":"Padova","stato":"ONLINE","timestamp":"2026-08-15T12:56:24.986239444Z","tipoEvento":"HEARTBEAT","bufferSize":0}
2026-08-15 14:56:34,986 INFO  [it.uni.reti2.HeartbeatGenerator] (executor-thread-1) 💓 [HEARTBEAT] Invio heartbeat: {"stazioneId":"Padova","stato":"ONLINE","timestamp":"2026-08-15T12:56:34.986621193Z","tipoEvento":"HEARTBEAT","bufferSize":0}
2026-08-15 14:56:44,986 INFO  [it.uni.reti2.HeartbeatGenerator] (executor-thread-1) 💓 [HEARTBEAT] Invio heartbeat: {"stazioneId":"Padova","stato":"ONLINE","timestamp":"2026-08-15T12:56:44.986551897Z","tipoEvento":"HEARTBEAT","bufferSize":0}
2026-08-15 14:56:54,986 INFO  [it.uni.reti2.HeartbeatGenerator] (executor-thread-1) 💓 [HEARTBEAT] Invio heartbeat: {"stazioneId":"Padova","stato":"ONLINE","timestamp":"2026-08-15T12:56:54.986558853Z","tipoEvento":"HEARTBEAT","bufferSize":0}
2026-08-15 14:57:04,986 INFO  [it.uni.reti2.HeartbeatGenerator] (executor-thread-1) 💓 [HEARTBEAT] Invio heartbeat: {"stazioneId":"Padova","stato":"ONLINE","timestamp":"2026-08-15T12:57:04.986213226Z","tipoEvento":"HEARTBEAT","bufferSize":0}
2026-08-15 14:57:14,986 INFO  [it.uni.reti2.HeartbeatGenerator] (executor-thread-1) 💓 [HEARTBEAT] Invio heartbeat: {"stazioneId":"Padova","stato":"ONLINE","timestamp":"2026-08-15T12:57:14.986649341Z","tipoEvento":"HEARTBEAT","bufferSize":0}
2026-08-15 14:57:24,986 INFO  [it.uni.reti2.HeartbeatGenerator] (executor-thread-1) 💓 [HEARTBEAT] Invio heartbeat: {"stazioneId":"Padova","stato":"ONLINE","timestamp":"2026-08-15T12:57:24.986435906Z","tipoEvento":"HEARTBEAT","bufferSize":0}
2026-08-15 14:57:34,986 INFO  [it.uni.reti2.HeartbeatGenerator] (executor-thread-1) 💓 [HEARTBEAT] Invio heartbeat: {"stazioneId":"Padova","stato":"ONLINE","timestamp":"2026-08-15T12:57:34.986169039Z","tipoEvento":"HEARTBEAT","bufferSize":0}
2026-08-15 14:57:44,986 INFO  [it.uni.reti2.HeartbeatGenerator] (executor-thread-1) 💓 [HEARTBEAT] Invio heartbeat: {"stazioneId":"Padova","stato":"ONLINE","timestamp":"2026-08-15T12:57:44.986125781Z","tipoEvento":"HEARTBEAT","bufferSize":0}
2026-08-15 14:57:54,986 INFO  [it.uni.reti2.HeartbeatGenerator] (executor-thread-1) 💓 [HEARTBEAT] Invio heartbeat: {"stazioneId":"Padova","stato":"ONLINE","timestamp":"2026-08-15T12:57:54.986244605Z","tipoEvento":"HEARTBEAT","bufferSize":0}
2026-08-15 14:58:04,986 INFO  [it.uni.reti2.HeartbeatGenerator] (executor-thread-1) 💓 [HEARTBEAT] Invio heartbeat: {"stazioneId":"Padova","stato":"ONLINE","timestamp":"2026-08-15T12:58:04.986150281Z","tipoEvento":"HEARTBEAT","bufferSize":0}
2026-08-15 14:58:14,986 INFO  [it.uni.reti2.HeartbeatGenerator] (executor-thread-1) 💓 [HEARTBEAT] Invio heartbeat: {"stazioneId":"Padova","stato":"ONLINE","timestamp":"2026-08-15T12:58:14.986310077Z","tipoEvento":"HEARTBEAT","bufferSize":0}
2026-08-15 14:58:24,986 INFO  [it.uni.reti2.HeartbeatGenerator] (executor-thread-1) 💓 [HEARTBEAT] Invio heartbeat: {"stazioneId":"Padova","stato":"ONLINE","timestamp":"2026-08-15T12:58:24.986556344Z","tipoEvento":"HEARTBEAT","bufferSize":0}
2026-08-15 14:58:34,986 INFO  [it.uni.reti2.HeartbeatGenerator] (executor-thread-1) 💓 [HEARTBEAT] Invio heartbeat: {"stazioneId":"Padova","stato":"ONLINE","timestamp":"2026-08-15T12:58:34.986206620Z","tipoEvento":"HEARTBEAT","bufferSize":0}
2026-08-15 14:58:44,986 INFO  [it.uni.reti2.HeartbeatGenerator] (executor-thread-1) 💓 [HEARTBEAT] Invio heartbeat: {"stazioneId":"Padova","stato":"ONLINE","timestamp":"2026-08-15T12:58:44.986278399Z","tipoEvento":"HEARTBEAT","bufferSize":0}
2026-08-15 14:58:54,986 INFO  [it.uni.reti2.HeartbeatGenerator] (executor-thread-1) 💓 [HEARTBEAT] Invio heartbeat: {"stazioneId":"Padova","stato":"ONLINE","timestamp":"2026-08-15T12:58:54.986194666Z","tipoEvento":"HEARTBEAT","bufferSize":0}
2026-08-15 14:59:04,986 INFO  [it.uni.reti2.HeartbeatGenerator] (executor-thread-1) 💓 [HEARTBEAT] Invio heartbeat: {"stazioneId":"Padova","stato":"ONLINE","timestamp":"2026-08-15T12:59:04.986143550Z","tipoEvento":"HEARTBEAT","bufferSize":0}
2026-08-15 14:59:14,986 INFO  [it.uni.reti2.HeartbeatGenerator] (executor-thread-1) 💓 [HEARTBEAT] Invio heartbeat: {"stazioneId":"Padova","stato":"ONLINE","timestamp":"2026-08-15T12:59:14.986347762Z","tipoEvento":"HEARTBEAT","bufferSize":0}
2026-08-15 14:59:24,986 INFO  [it.uni.reti2.HeartbeatGenerator] (executor-thread-1) 💓 [HEARTBEAT] Invio heartbeat: {"stazioneId":"Padova","stato":"ONLINE","timestamp":"2026-08-15T12:59:24.986156917Z","tipoEvento":"HEARTBEAT","bufferSize":0}
2026-08-15 14:59:34,986 INFO  [it.uni.reti2.HeartbeatGenerator] (executor-thread-1) 💓 [HEARTBEAT] Invio heartbeat: {"stazioneId":"Padova","stato":"ONLINE","timestamp":"2026-08-15T12:59:34.986616013Z","tipoEvento":"HEARTBEAT","bufferSize":0}
2026-08-15 14:59:44,986 INFO  [it.uni.reti2.HeartbeatGenerator] (executor-thread-1) 💓 [HEARTBEAT] Invio heartbeat: {"stazioneId":"Padova","stato":"ONLINE","timestamp":"2026-08-15T12:59:44.986555736Z","tipoEvento":"HEARTBEAT","bufferSize":0}
2026-08-15 14:59:54,986 INFO  [it.uni.reti2.HeartbeatGenerator] (executor-thread-1) 💓 [HEARTBEAT] Invio heartbeat: {"stazioneId":"Padova","stato":"ONLINE","timestamp":"2026-08-15T12:59:54.986251782Z","tipoEvento":"HEARTBEAT","bufferSize":0}
2026-08-15 15:00:04,986 INFO  [it.uni.reti2.HeartbeatGenerator] (executor-thread-1) 💓 [HEARTBEAT] Invio heartbeat: {"stazioneId":"Padova","stato":"ONLINE","timestamp":"2026-08-15T13:00:04.986182603Z","tipoEvento":"HEARTBEAT","bufferSize":0}
2026-08-15 15:00:14,986 INFO  [it.uni.reti2.HeartbeatGenerator] (executor-thread-1) 💓 [HEARTBEAT] Invio heartbeat: {"stazioneId":"Padova","stato":"ONLINE","timestamp":"2026-08-15T13:00:14.986220046Z","tipoEvento":"HEARTBEAT","bufferSize":0}
2026-08-15 15:00:24,986 INFO  [it.uni.reti2.HeartbeatGenerator] (executor-thread-1) 💓 [HEARTBEAT] Invio heartbeat: {"stazioneId":"Padova","stato":"ONLINE","timestamp":"2026-08-15T13:00:24.986273405Z","tipoEvento":"HEARTBEAT","bufferSize":0}
2026-08-15 15:00:34,986 INFO  [it.uni.reti2.HeartbeatGenerator] (executor-thread-1) 💓 [HEARTBEAT] Invio heartbeat: {"stazioneId":"Padova","stato":"ONLINE","timestamp":"2026-08-15T13:00:34.986213501Z","tipoEvento":"HEARTBEAT","bufferSize":0}
2026-08-15 15:00:44,986 INFO  [it.uni.reti2.HeartbeatGenerator] (executor-thread-1) 💓 [HEARTBEAT] Invio heartbeat: {"stazioneId":"Padova","stato":"ONLINE","timestamp":"2026-08-15T13:00:44.986180633Z","tipoEvento":"HEARTBEAT","bufferSize":0}
2026-08-15 15:00:54,986 INFO  [it.uni.reti2.HeartbeatGenerator] (executor-thread-1) 💓 [HEARTBEAT] Invio heartbeat: {"stazioneId":"Padova","stato":"ONLINE","timestamp":"2026-08-15T13:00:54.986438266Z","tipoEvento":"HEARTBEAT","bufferSize":0}
2026-08-15 15:01:04,986 INFO  [it.uni.reti2.HeartbeatGenerator] (executor-thread-1) 💓 [HEARTBEAT] Invio heartbeat: {"stazioneId":"Padova","stato":"ONLINE","timestamp":"2026-08-15T13:01:04.986599997Z","tipoEvento":"HEARTBEAT","bufferSize":0}
2026-08-15 15:01:14,986 INFO  [it.uni.reti2.HeartbeatGenerator] (executor-thread-1) 💓 [HEARTBEAT] Invio heartbeat: {"stazioneId":"Padova","stato":"ONLINE","timestamp":"2026-08-15T13:01:14.986552050Z","tipoEvento":"HEARTBEAT","bufferSize":0}
2026-08-15 15:01:24,986 INFO  [it.uni.reti2.HeartbeatGenerator] (executor-thread-1) 💓 [HEARTBEAT] Invio heartbeat: {"stazioneId":"Padova","stato":"ONLINE","timestamp":"2026-08-15T13:01:24.986362839Z","tipoEvento":"HEARTBEAT","bufferSize":0}
2026-08-15 15:01:34,986 INFO  [it.uni.reti2.HeartbeatGenerator] (executor-thread-1) 💓 [HEARTBEAT] Invio heartbeat: {"stazioneId":"Padova","stato":"ONLINE","timestamp":"2026-08-15T13:01:34.986086742Z","tipoEvento":"HEARTBEAT","bufferSize":0}
2026-08-15 15:01:44,986 INFO  [it.uni.reti2.HeartbeatGenerator] (executor-thread-1) 💓 [HEARTBEAT] Invio heartbeat: {"stazioneId":"Padova","stato":"ONLINE","timestamp":"2026-08-15T13:01:44.986374252Z","tipoEvento":"HEARTBEAT","bufferSize":0}
2026-08-15 15:01:54,986 INFO  [it.uni.reti2.HeartbeatGenerator] (executor-thread-1) 💓 [HEARTBEAT] Invio heartbeat: {"stazioneId":"Padova","stato":"ONLINE","timestamp":"2026-08-15T13:01:54.986391441Z","tipoEvento":"HEARTBEAT","bufferSize":0}
2026-08-15 15:02:04,986 INFO  [it.uni.reti2.HeartbeatGenerator] (executor-thread-1) 💓 [HEARTBEAT] Invio heartbeat: {"stazioneId":"Padova","stato":"ONLINE","timestamp":"2026-08-15T13:02:04.986422279Z","tipoEvento":"HEARTBEAT","bufferSize":0}
2026-08-15 15:02:14,986 INFO  [it.uni.reti2.HeartbeatGenerator] (executor-thread-1) 💓 [HEARTBEAT] Invio heartbeat: {"stazioneId":"Padova","stato":"ONLINE","timestamp":"2026-08-15T13:02:14.986606683Z","tipoEvento":"HEARTBEAT","bufferSize":0}
2026-08-15 15:02:24,986 INFO  [it.uni.reti2.HeartbeatGenerator] (executor-thread-1) 💓 [HEARTBEAT] Invio heartbeat: {"stazioneId":"Padova","stato":"ONLINE","timestamp":"2026-08-15T13:02:24.986370097Z","tipoEvento":"HEARTBEAT","bufferSize":0}
2026-08-15 15:02:34,986 INFO  [it.uni.reti2.HeartbeatGenerator] (executor-thread-1) 💓 [HEARTBEAT] Invio heartbeat: {"stazioneId":"Padova","stato":"ONLINE","timestamp":"2026-08-15T13:02:34.986612932Z","tipoEvento":"HEARTBEAT","bufferSize":0}
2026-08-15 15:02:44,986 INFO  [it.uni.reti2.HeartbeatGenerator] (executor-thread-1) 💓 [HEARTBEAT] Invio heartbeat: {"stazioneId":"Padova","stato":"ONLINE","timestamp":"2026-08-15T13:02:44.986583361Z","tipoEvento":"HEARTBEAT","bufferSize":0}
2026-08-15 15:02:54,986 INFO  [it.uni.reti2.HeartbeatGenerator] (executor-thread-1) 💓 [HEARTBEAT] Invio heartbeat: {"stazioneId":"Padova","stato":"ONLINE","timestamp":"2026-08-15T13:02:54.986100460Z","tipoEvento":"HEARTBEAT","bufferSize":0}
2026-08-15 15:03:04,986 INFO  [it.uni.reti2.HeartbeatGenerator] (executor-thread-1) 💓 [HEARTBEAT] Invio heartbeat: {"stazioneId":"Padova","stato":"ONLINE","timestamp":"2026-08-15T13:03:04.986449014Z","tipoEvento":"HEARTBEAT","bufferSize":0}
2026-08-15 15:03:14,986 INFO  [it.uni.reti2.HeartbeatGenerator] (executor-thread-1) 💓 [HEARTBEAT] Invio heartbeat: {"stazioneId":"Padova","stato":"ONLINE","timestamp":"2026-08-15T13:03:14.986249093Z","tipoEvento":"HEARTBEAT","bufferSize":0}
2026-08-15 15:03:24,986 INFO  [it.uni.reti2.HeartbeatGenerator] (executor-thread-1) 💓 [HEARTBEAT] Invio heartbeat: {"stazioneId":"Padova","stato":"ONLINE","timestamp":"2026-08-15T13:03:24.986644709Z","tipoEvento":"HEARTBEAT","bufferSize":0}
2026-08-15 15:03:34,986 INFO  [it.uni.reti2.HeartbeatGenerator] (executor-thread-1) 💓 [HEARTBEAT] Invio heartbeat: {"stazioneId":"Padova","stato":"ONLINE","timestamp":"2026-08-15T13:03:34.986385041Z","tipoEvento":"HEARTBEAT","bufferSize":0}
2026-08-15 15:03:44,986 INFO  [it.uni.reti2.HeartbeatGenerator] (executor-thread-1) 💓 [HEARTBEAT] Invio heartbeat: {"stazioneId":"Padova","stato":"ONLINE","timestamp":"2026-08-15T13:03:44.986630319Z","tipoEvento":"HEARTBEAT","bufferSize":0}
2026-08-15 15:03:54,986 INFO  [it.uni.reti2.HeartbeatGenerator] (executor-thread-1) 💓 [HEARTBEAT] Invio heartbeat: {"stazioneId":"Padova","stato":"ONLINE","timestamp":"2026-08-15T13:03:54.986202292Z","tipoEvento":"HEARTBEAT","bufferSize":0}
2026-08-15 15:04:04,986 INFO  [it.uni.reti2.HeartbeatGenerator] (executor-thread-1) 💓 [HEARTBEAT] Invio heartbeat: {"stazioneId":"Padova","stato":"ONLINE","timestamp":"2026-08-15T13:04:04.986558511Z","tipoEvento":"HEARTBEAT","bufferSize":0}
2026-08-15 15:04:14,986 INFO  [it.uni.reti2.HeartbeatGenerator] (executor-thread-1) 💓 [HEARTBEAT] Invio heartbeat: {"stazioneId":"Padova","stato":"ONLINE","timestamp":"2026-08-15T13:04:14.986098159Z","tipoEvento":"HEARTBEAT","bufferSize":0}
2026-08-15 15:04:24,986 INFO  [it.uni.reti2.HeartbeatGenerator] (executor-thread-1) 💓 [HEARTBEAT] Invio heartbeat: {"stazioneId":"Padova","stato":"ONLINE","timestamp":"2026-08-15T13:04:24.986215834Z","tipoEvento":"HEARTBEAT","bufferSize":0}
2026-08-15 15:04:34,986 INFO  [it.uni.reti2.HeartbeatGenerator] (executor-thread-1) 💓 [HEARTBEAT] Invio heartbeat: {"stazioneId":"Padova","stato":"ONLINE","timestamp":"2026-08-15T13:04:34.986193698Z","tipoEvento":"HEARTBEAT","bufferSize":0}
2026-08-15 15:04:44,986 INFO  [it.uni.reti2.HeartbeatGenerator] (executor-thread-1) 💓 [HEARTBEAT] Invio heartbeat: {"stazioneId":"Padova","stato":"ONLINE","timestamp":"2026-08-15T13:04:44.986569744Z","tipoEvento":"HEARTBEAT","bufferSize":0}
2026-08-15 15:04:54,986 INFO  [it.uni.reti2.HeartbeatGenerator] (executor-thread-1) 💓 [HEARTBEAT] Invio heartbeat: {"stazioneId":"Padova","stato":"ONLINE","timestamp":"2026-08-15T13:04:54.986184088Z","tipoEvento":"HEARTBEAT","bufferSize":0}
2026-08-15 15:05:04,986 INFO  [it.uni.reti2.HeartbeatGenerator] (executor-thread-1) 💓 [HEARTBEAT] Invio heartbeat: {"stazioneId":"Padova","stato":"ONLINE","timestamp":"2026-08-15T13:05:04.986570464Z","tipoEvento":"HEARTBEAT","bufferSize":0}
2026-08-15 15:05:14,986 INFO  [it.uni.reti2.HeartbeatGenerator] (executor-thread-1) 💓 [HEARTBEAT] Invio heartbeat: {"stazioneId":"Padova","stato":"ONLINE","timestamp":"2026-08-15T13:05:14.986841443Z","tipoEvento":"HEARTBEAT","bufferSize":0}
2026-08-15 15:05:24,986 INFO  [it.uni.reti2.HeartbeatGenerator] (executor-thread-1) 💓 [HEARTBEAT] Invio heartbeat: {"stazioneId":"Padova","stato":"ONLINE","timestamp":"2026-08-15T13:05:24.986541945Z","tipoEvento":"HEARTBEAT","bufferSize":0}
2026-08-15 15:05:34,986 INFO  [it.uni.reti2.HeartbeatGenerator] (executor-thread-1) 💓 [HEARTBEAT] Invio heartbeat: {"stazioneId":"Padova","stato":"ONLINE","timestamp":"2026-08-15T13:05:34.986864118Z","tipoEvento":"HEARTBEAT","bufferSize":0}
2026-08-15 15:05:44,986 INFO  [it.uni.reti2.HeartbeatGenerator] (executor-thread-1) 💓 [HEARTBEAT] Invio heartbeat: {"stazioneId":"Padova","stato":"ONLINE","timestamp":"2026-08-15T13:05:44.986172289Z","tipoEvento":"HEARTBEAT","bufferSize":0}
2026-08-15 15:05:54,986 INFO  [it.uni.reti2.HeartbeatGenerator] (executor-thread-1) 💓 [HEARTBEAT] Invio heartbeat: {"stazioneId":"Padova","stato":"ONLINE","timestamp":"2026-08-15T13:05:54.986427938Z","tipoEvento":"HEARTBEAT","bufferSize":0}
2026-08-15 15:06:04,986 INFO  [it.uni.reti2.HeartbeatGenerator] (executor-thread-1) 💓 [HEARTBEAT] Invio heartbeat: {"stazioneId":"Padova","stato":"ONLINE","timestamp":"2026-08-15T13:06:04.986223695Z","tipoEvento":"HEARTBEAT","bufferSize":0}
2026-08-15 15:06:14,986 INFO  [it.uni.reti2.HeartbeatGenerator] (executor-thread-1) 💓 [HEARTBEAT] Invio heartbeat: {"stazioneId":"Padova","stato":"ONLINE","timestamp":"2026-08-15T13:06:14.986613677Z","tipoEvento":"HEARTBEAT","bufferSize":0}
2026-08-15 15:06:24,986 INFO  [it.uni.reti2.HeartbeatGenerator] (executor-thread-1) 💓 [HEARTBEAT] Invio heartbeat: {"stazioneId":"Padova","stato":"ONLINE","timestamp":"2026-08-15T13:06:24.986156794Z","tipoEvento":"HEARTBEAT","bufferSize":0}
2026-08-15 15:06:34,986 INFO  [it.uni.reti2.HeartbeatGenerator] (executor-thread-1) 💓 [HEARTBEAT] Invio heartbeat: {"stazioneId":"Padova","stato":"ONLINE","timestamp":"2026-08-15T13:06:34.986616481Z","tipoEvento":"HEARTBEAT","bufferSize":0}
2026-08-15 15:06:44,986 INFO  [it.uni.reti2.HeartbeatGenerator] (executor-thread-1) 💓 [HEARTBEAT] Invio heartbeat: {"stazioneId":"Padova","stato":"ONLINE","timestamp":"2026-08-15T13:06:44.986542795Z","tipoEvento":"HEARTBEAT","bufferSize":0}
2026-08-15 15:06:54,986 INFO  [it.uni.reti2.HeartbeatGenerator] (executor-thread-1) 💓 [HEARTBEAT] Invio heartbeat: {"stazioneId":"Padova","stato":"ONLINE","timestamp":"2026-08-15T13:06:54.986585953Z","tipoEvento":"HEARTBEAT","bufferSize":0}
2026-08-15 15:07:04,986 INFO  [it.uni.reti2.HeartbeatGenerator] (executor-thread-1) 💓 [HEARTBEAT] Invio heartbeat: {"stazioneId":"Padova","stato":"ONLINE","timestamp":"2026-08-15T13:07:04.986716006Z","tipoEvento":"HEARTBEAT","bufferSize":0}
2026-08-15 15:07:14,986 INFO  [it.uni.reti2.HeartbeatGenerator] (executor-thread-1) 💓 [HEARTBEAT] Invio heartbeat: {"stazioneId":"Padova","stato":"ONLINE","timestamp":"2026-08-15T13:07:14.986660555Z","tipoEvento":"HEARTBEAT","bufferSize":0}
2026-08-15 15:07:24,986 INFO  [it.uni.reti2.HeartbeatGenerator] (executor-thread-1) 💓 [HEARTBEAT] Invio heartbeat: {"stazioneId":"Padova","stato":"ONLINE","timestamp":"2026-08-15T13:07:24.986140522Z","tipoEvento":"HEARTBEAT","bufferSize":0}
2026-08-15 15:07:34,986 INFO  [it.uni.reti2.HeartbeatGenerator] (executor-thread-1) 💓 [HEARTBEAT] Invio heartbeat: {"stazioneId":"Padova","stato":"ONLINE","timestamp":"2026-08-15T13:07:34.986106965Z","tipoEvento":"HEARTBEAT","bufferSize":0}
2026-08-15 15:07:44,986 INFO  [it.uni.reti2.HeartbeatGenerator] (executor-thread-1) 💓 [HEARTBEAT] Invio heartbeat: {"stazioneId":"Padova","stato":"ONLINE","timestamp":"2026-08-15T13:07:44.986154699Z","tipoEvento":"HEARTBEAT","bufferSize":0}
2026-08-15 15:07:54,986 INFO  [it.uni.reti2.HeartbeatGenerator] (executor-thread-1) 💓 [HEARTBEAT] Invio heartbeat: {"stazioneId":"Padova","stato":"ONLINE","timestamp":"2026-08-15T13:07:54.986266605Z","tipoEvento":"HEARTBEAT","bufferSize":0}
2026-08-15 15:08:04,986 INFO  [it.uni.reti2.HeartbeatGenerator] (executor-thread-1) 💓 [HEARTBEAT] Invio heartbeat: {"stazioneId":"Padova","stato":"ONLINE","timestamp":"2026-08-15T13:08:04.986100841Z","tipoEvento":"HEARTBEAT","bufferSize":0}
2026-08-15 15:08:14,986 INFO  [it.uni.reti2.HeartbeatGenerator] (executor-thread-1) 💓 [HEARTBEAT] Invio heartbeat: {"stazioneId":"Padova","stato":"ONLINE","timestamp":"2026-08-15T13:08:14.986178645Z","tipoEvento":"HEARTBEAT","bufferSize":0}
2026-08-15 15:08:24,986 INFO  [it.uni.reti2.HeartbeatGenerator] (executor-thread-1) 💓 [HEARTBEAT] Invio heartbeat: {"stazioneId":"Padova","stato":"ONLINE","timestamp":"2026-08-15T13:08:24.986383657Z","tipoEvento":"HEARTBEAT","bufferSize":0}
2026-08-15 15:08:34,986 INFO  [it.uni.reti2.HeartbeatGenerator] (executor-thread-1) 💓 [HEARTBEAT] Invio heartbeat: {"stazioneId":"Padova","stato":"ONLINE","timestamp":"2026-08-15T13:08:34.986177137Z","tipoEvento":"HEARTBEAT","bufferSize":0}
2026-08-15 15:08:44,986 INFO  [it.uni.reti2.HeartbeatGenerator] (executor-thread-1) 💓 [HEARTBEAT] Invio heartbeat: {"stazioneId":"Padova","stato":"ONLINE","timestamp":"2026-08-15T13:08:44.986151531Z","tipoEvento":"HEARTBEAT","bufferSize":0}
2026-08-15 15:08:54,986 INFO  [it.uni.reti2.HeartbeatGenerator] (executor-thread-1) 💓 [HEARTBEAT] Invio heartbeat: {"stazioneId":"Padova","stato":"ONLINE","timestamp":"2026-08-15T13:08:54.986171595Z","tipoEvento":"HEARTBEAT","bufferSize":0}
2026-08-15 15:09:04,986 INFO  [it.uni.reti2.HeartbeatGenerator] (executor-thread-1) 💓 [HEARTBEAT] Invio heartbeat: {"stazioneId":"Padova","stato":"ONLINE","timestamp":"2026-08-15T13:09:04.986251292Z","tipoEvento":"HEARTBEAT","bufferSize":0}
2026-08-15 15:09:14,986 INFO  [it.uni.reti2.HeartbeatGenerator] (executor-thread-1) 💓 [HEARTBEAT] Invio heartbeat: {"stazioneId":"Padova","stato":"ONLINE","timestamp":"2026-08-15T13:09:14.986428157Z","tipoEvento":"HEARTBEAT","bufferSize":0}
2026-08-15 15:09:24,986 INFO  [it.uni.reti2.HeartbeatGenerator] (executor-thread-1) 💓 [HEARTBEAT] Invio heartbeat: {"stazioneId":"Padova","stato":"ONLINE","timestamp":"2026-08-15T13:09:24.986574146Z","tipoEvento":"HEARTBEAT","bufferSize":0}
2026-08-15 15:09:34,986 INFO  [it.uni.reti2.HeartbeatGenerator] (executor-thread-1) 💓 [HEARTBEAT] Invio heartbeat: {"stazioneId":"Padova","stato":"ONLINE","timestamp":"2026-08-15T13:09:34.986300051Z","tipoEvento":"HEARTBEAT","bufferSize":0}
2026-08-15 15:09:44,986 INFO  [it.uni.reti2.HeartbeatGenerator] (executor-thread-1) 💓 [HEARTBEAT] Invio heartbeat: {"stazioneId":"Padova","stato":"ONLINE","timestamp":"2026-08-15T13:09:44.986629504Z","tipoEvento":"HEARTBEAT","bufferSize":0}
2026-08-15 15:09:54,986 INFO  [it.uni.reti2.HeartbeatGenerator] (executor-thread-1) 💓 [HEARTBEAT] Invio heartbeat: {"stazioneId":"Padova","stato":"ONLINE","timestamp":"2026-08-15T13:09:54.986643043Z","tipoEvento":"HEARTBEAT","bufferSize":0}
2026-08-15 15:10:04,986 INFO  [it.uni.reti2.HeartbeatGenerator] (executor-thread-1) 💓 [HEARTBEAT] Invio heartbeat: {"stazioneId":"Padova","stato":"ONLINE","timestamp":"2026-08-15T13:10:04.986597776Z","tipoEvento":"HEARTBEAT","bufferSize":0}
2026-08-15 15:10:14,986 INFO  [it.uni.reti2.HeartbeatGenerator] (executor-thread-1) 💓 [HEARTBEAT] Invio heartbeat: {"stazioneId":"Padova","stato":"ONLINE","timestamp":"2026-08-15T13:10:14.986608355Z","tipoEvento":"HEARTBEAT","bufferSize":0}
2026-08-15 15:10:24,986 INFO  [it.uni.reti2.HeartbeatGenerator] (executor-thread-1) 💓 [HEARTBEAT] Invio heartbeat: {"stazioneId":"Padova","stato":"ONLINE","timestamp":"2026-08-15T13:10:24.986512920Z","tipoEvento":"HEARTBEAT","bufferSize":0}
2026-08-15 15:10:34,986 INFO  [it.uni.reti2.HeartbeatGenerator] (executor-thread-1) 💓 [HEARTBEAT] Invio heartbeat: {"stazioneId":"Padova","stato":"ONLINE","timestamp":"2026-08-15T13:10:34.986561686Z","tipoEvento":"HEARTBEAT","bufferSize":0}
2026-08-15 15:10:44,986 INFO  [it.uni.reti2.HeartbeatGenerator] (executor-thread-1) 💓 [HEARTBEAT] Invio heartbeat: {"stazioneId":"Padova","stato":"ONLINE","timestamp":"2026-08-15T13:10:44.986348672Z","tipoEvento":"HEARTBEAT","bufferSize":0}
2026-08-15 15:10:54,986 INFO  [it.uni.reti2.HeartbeatGenerator] (executor-thread-1) 💓 [HEARTBEAT] Invio heartbeat: {"stazioneId":"Padova","stato":"ONLINE","timestamp":"2026-08-15T13:10:54.986521510Z","tipoEvento":"HEARTBEAT","bufferSize":0}
2026-08-15 15:11:04,986 INFO  [it.uni.reti2.HeartbeatGenerator] (executor-thread-1) 💓 [HEARTBEAT] Invio heartbeat: {"stazioneId":"Padova","stato":"ONLINE","timestamp":"2026-08-15T13:11:04.986596668Z","tipoEvento":"HEARTBEAT","bufferSize":0}
2026-08-15 15:11:14,986 INFO  [it.uni.reti2.HeartbeatGenerator] (executor-thread-1) 💓 [HEARTBEAT] Invio heartbeat: {"stazioneId":"Padova","stato":"ONLINE","timestamp":"2026-08-15T13:11:14.986498696Z","tipoEvento":"HEARTBEAT","bufferSize":0}
2026-08-15 15:11:24,986 INFO  [it.uni.reti2.HeartbeatGenerator] (executor-thread-1) 💓 [HEARTBEAT] Invio heartbeat: {"stazioneId":"Padova","stato":"ONLINE","timestamp":"2026-08-15T13:11:24.986588075Z","tipoEvento":"HEARTBEAT","bufferSize":0}
2026-08-15 15:11:34,986 INFO  [it.uni.reti2.HeartbeatGenerator] (executor-thread-1) 💓 [HEARTBEAT] Invio heartbeat: {"stazioneId":"Padova","stato":"ONLINE","timestamp":"2026-08-15T13:11:34.986588995Z","tipoEvento":"HEARTBEAT","bufferSize":0}
2026-08-15 15:11:44,986 INFO  [it.uni.reti2.HeartbeatGenerator] (executor-thread-1) 💓 [HEARTBEAT] Invio heartbeat: {"stazioneId":"Padova","stato":"ONLINE","timestamp":"2026-08-15T13:11:44.986590382Z","tipoEvento":"HEARTBEAT","bufferSize":0}
2026-08-15 15:11:54,986 INFO  [it.uni.reti2.HeartbeatGenerator] (executor-thread-1) 💓 [HEARTBEAT] Invio heartbeat: {"stazioneId":"Padova","stato":"ONLINE","timestamp":"2026-08-15T13:11:54.986604637Z","tipoEvento":"HEARTBEAT","bufferSize":0}
2026-08-15 15:12:04,986 INFO  [it.uni.reti2.HeartbeatGenerator] (executor-thread-1) 💓 [HEARTBEAT] Invio heartbeat: {"stazioneId":"Padova","stato":"ONLINE","timestamp":"2026-08-15T13:12:04.986580636Z","tipoEvento":"HEARTBEAT","bufferSize":0}
2026-08-15 15:12:14,986 INFO  [it.uni.reti2.HeartbeatGenerator] (executor-thread-1) 💓 [HEARTBEAT] Invio heartbeat: {"stazioneId":"Padova","stato":"ONLINE","timestamp":"2026-08-15T13:12:14.986177420Z","tipoEvento":"HEARTBEAT","bufferSize":0}
2026-08-15 15:12:24,986 INFO  [it.uni.reti2.HeartbeatGenerator] (executor-thread-1) 💓 [HEARTBEAT] Invio heartbeat: {"stazioneId":"Padova","stato":"ONLINE","timestamp":"2026-08-15T13:12:24.986581531Z","tipoEvento":"HEARTBEAT","bufferSize":0}
2026-08-15 15:12:34,986 INFO  [it.uni.reti2.HeartbeatGenerator] (executor-thread-1) 💓 [HEARTBEAT] Invio heartbeat: {"stazioneId":"Padova","stato":"ONLINE","timestamp":"2026-08-15T13:12:34.986585856Z","tipoEvento":"HEARTBEAT","bufferSize":0}
2026-08-15 15:12:44,986 INFO  [it.uni.reti2.HeartbeatGenerator] (executor-thread-1) 💓 [HEARTBEAT] Invio heartbeat: {"stazioneId":"Padova","stato":"ONLINE","timestamp":"2026-08-15T13:12:44.986153042Z","tipoEvento":"HEARTBEAT","bufferSize":0}
2026-08-15 15:12:54,986 INFO  [it.uni.reti2.HeartbeatGenerator] (executor-thread-1) 💓 [HEARTBEAT] Invio heartbeat: {"stazioneId":"Padova","stato":"ONLINE","timestamp":"2026-08-15T13:12:54.986207436Z","tipoEvento":"HEARTBEAT","bufferSize":0}
2026-08-15 15:13:04,986 INFO  [it.uni.reti2.HeartbeatGenerator] (executor-thread-1) 💓 [HEARTBEAT] Invio heartbeat: {"stazioneId":"Padova","stato":"ONLINE","timestamp":"2026-08-15T13:13:04.986601567Z","tipoEvento":"HEARTBEAT","bufferSize":0}
2026-08-15 15:13:14,986 INFO  [it.uni.reti2.HeartbeatGenerator] (executor-thread-1) 💓 [HEARTBEAT] Invio heartbeat: {"stazioneId":"Padova","stato":"ONLINE","timestamp":"2026-08-15T13:13:14.986542293Z","tipoEvento":"HEARTBEAT","bufferSize":0}
2026-08-15 15:13:24,986 INFO  [it.uni.reti2.HeartbeatGenerator] (executor-thread-1) 💓 [HEARTBEAT] Invio heartbeat: {"stazioneId":"Padova","stato":"ONLINE","timestamp":"2026-08-15T13:13:24.986602678Z","tipoEvento":"HEARTBEAT","bufferSize":0}
2026-08-15 15:13:34,986 INFO  [it.uni.reti2.HeartbeatGenerator] (executor-thread-1) 💓 [HEARTBEAT] Invio heartbeat: {"stazioneId":"Padova","stato":"ONLINE","timestamp":"2026-08-15T13:13:34.986643712Z","tipoEvento":"HEARTBEAT","bufferSize":0}
2026-08-15 15:13:44,986 INFO  [it.uni.reti2.HeartbeatGenerator] (executor-thread-1) 💓 [HEARTBEAT] Invio heartbeat: {"stazioneId":"Padova","stato":"ONLINE","timestamp":"2026-08-15T13:13:44.986610080Z","tipoEvento":"HEARTBEAT","bufferSize":0}
2026-08-15 15:13:54,986 INFO  [it.uni.reti2.HeartbeatGenerator] (executor-thread-1) 💓 [HEARTBEAT] Invio heartbeat: {"stazioneId":"Padova","stato":"ONLINE","timestamp":"2026-08-15T13:13:54.986609261Z","tipoEvento":"HEARTBEAT","bufferSize":0}
2026-08-15 15:14:04,986 INFO  [it.uni.reti2.HeartbeatGenerator] (executor-thread-1) 💓 [HEARTBEAT] Invio heartbeat: {"stazioneId":"Padova","stato":"ONLINE","timestamp":"2026-08-15T13:14:04.986146201Z","tipoEvento":"HEARTBEAT","bufferSize":0}
2026-08-15 15:14:14,986 INFO  [it.uni.reti2.HeartbeatGenerator] (executor-thread-1) 💓 [HEARTBEAT] Invio heartbeat: {"stazioneId":"Padova","stato":"ONLINE","timestamp":"2026-08-15T13:14:14.986628240Z","tipoEvento":"HEARTBEAT","bufferSize":0}
2026-08-15 15:14:24,986 INFO  [it.uni.reti2.HeartbeatGenerator] (executor-thread-1) 💓 [HEARTBEAT] Invio heartbeat: {"stazioneId":"Padova","stato":"ONLINE","timestamp":"2026-08-15T13:14:24.986710343Z","tipoEvento":"HEARTBEAT","bufferSize":0}
2026-08-15 15:14:34,986 INFO  [it.uni.reti2.HeartbeatGenerator] (executor-thread-1) 💓 [HEARTBEAT] Invio heartbeat: {"stazioneId":"Padova","stato":"ONLINE","timestamp":"2026-08-15T13:14:34.986570035Z","tipoEvento":"HEARTBEAT","bufferSize":0}
2026-08-15 15:14:44,986 INFO  [it.uni.reti2.HeartbeatGenerator] (executor-thread-1) 💓 [HEARTBEAT] Invio heartbeat: {"stazioneId":"Padova","stato":"ONLINE","timestamp":"2026-08-15T13:14:44.986589860Z","tipoEvento":"HEARTBEAT","bufferSize":0}
2026-08-15 15:14:54,986 INFO  [it.uni.reti2.HeartbeatGenerator] (executor-thread-1) 💓 [HEARTBEAT] Invio heartbeat: {"stazioneId":"Padova","stato":"ONLINE","timestamp":"2026-08-15T13:14:54.986567847Z","tipoEvento":"HEARTBEAT","bufferSize":0}
2026-08-15 15:15:04,986 INFO  [it.uni.reti2.HeartbeatGenerator] (executor-thread-1) 💓 [HEARTBEAT] Invio heartbeat: {"stazioneId":"Padova","stato":"ONLINE","timestamp":"2026-08-15T13:15:04.986598847Z","tipoEvento":"HEARTBEAT","bufferSize":0}
2026-08-15 15:15:14,986 INFO  [it.uni.reti2.HeartbeatGenerator] (executor-thread-1) 💓 [HEARTBEAT] Invio heartbeat: {"stazioneId":"Padova","stato":"ONLINE","timestamp":"2026-08-15T13:15:14.986607037Z","tipoEvento":"HEARTBEAT","bufferSize":0}
2026-08-15 15:15:24,986 INFO  [it.uni.reti2.HeartbeatGenerator] (executor-thread-1) 💓 [HEARTBEAT] Invio heartbeat: {"stazioneId":"Padova","stato":"ONLINE","timestamp":"2026-08-15T13:15:24.986582673Z","tipoEvento":"HEARTBEAT","bufferSize":0}
2026-08-15 15:15:34,986 INFO  [it.uni.reti2.HeartbeatGenerator] (executor-thread-1) 💓 [HEARTBEAT] Invio heartbeat: {"stazioneId":"Padova","stato":"ONLINE","timestamp":"2026-08-15T13:15:34.986584730Z","tipoEvento":"HEARTBEAT","bufferSize":0}
2026-08-15 15:15:44,986 INFO  [it.uni.reti2.HeartbeatGenerator] (executor-thread-1) 💓 [HEARTBEAT] Invio heartbeat: {"stazioneId":"Padova","stato":"ONLINE","timestamp":"2026-08-15T13:15:44.986636851Z","tipoEvento":"HEARTBEAT","bufferSize":0}
2026-08-15 15:15:54,986 INFO  [it.uni.reti2.HeartbeatGenerator] (executor-thread-1) 💓 [HEARTBEAT] Invio heartbeat: {"stazioneId":"Padova","stato":"ONLINE","timestamp":"2026-08-15T13:15:54.986582655Z","tipoEvento":"HEARTBEAT","bufferSize":0}
2026-08-15 15:16:04,986 INFO  [it.uni.reti2.HeartbeatGenerator] (executor-thread-1) 💓 [HEARTBEAT] Invio heartbeat: {"stazioneId":"Padova","stato":"ONLINE","timestamp":"2026-08-15T13:16:04.986600998Z","tipoEvento":"HEARTBEAT","bufferSize":0}
2026-08-15 15:16:14,986 INFO  [it.uni.reti2.HeartbeatGenerator] (executor-thread-1) 💓 [HEARTBEAT] Invio heartbeat: {"stazioneId":"Padova","stato":"ONLINE","timestamp":"2026-08-15T13:16:14.986631070Z","tipoEvento":"HEARTBEAT","bufferSize":0}
2026-08-15 15:16:24,986 INFO  [it.uni.reti2.HeartbeatGenerator] (executor-thread-1) 💓 [HEARTBEAT] Invio heartbeat: {"stazioneId":"Padova","stato":"ONLINE","timestamp":"2026-08-15T13:16:24.986605857Z","tipoEvento":"HEARTBEAT","bufferSize":0}
2026-08-15 15:16:34,986 INFO  [it.uni.reti2.HeartbeatGenerator] (executor-thread-1) 💓 [HEARTBEAT] Invio heartbeat: {"stazioneId":"Padova","stato":"ONLINE","timestamp":"2026-08-15T13:16:34.986160257Z","tipoEvento":"HEARTBEAT","bufferSize":0}
2026-08-15 15:16:44,986 INFO  [it.uni.reti2.HeartbeatGenerator] (executor-thread-1) 💓 [HEARTBEAT] Invio heartbeat: {"stazioneId":"Padova","stato":"ONLINE","timestamp":"2026-08-15T13:16:44.986568310Z","tipoEvento":"HEARTBEAT","bufferSize":0}
2026-08-15 15:16:54,986 INFO  [it.uni.reti2.HeartbeatGenerator] (executor-thread-1) 💓 [HEARTBEAT] Invio heartbeat: {"stazioneId":"Padova","stato":"ONLINE","timestamp":"2026-08-15T13:16:54.986633440Z","tipoEvento":"HEARTBEAT","bufferSize":0}
2026-08-15 15:17:04,986 INFO  [it.uni.reti2.HeartbeatGenerator] (executor-thread-1) 💓 [HEARTBEAT] Invio heartbeat: {"stazioneId":"Padova","stato":"ONLINE","timestamp":"2026-08-15T13:17:04.986179664Z","tipoEvento":"HEARTBEAT","bufferSize":0}
2026-08-15 15:17:14,986 INFO  [it.uni.reti2.HeartbeatGenerator] (executor-thread-1) 💓 [HEARTBEAT] Invio heartbeat: {"stazioneId":"Padova","stato":"ONLINE","timestamp":"2026-08-15T13:17:14.986607194Z","tipoEvento":"HEARTBEAT","bufferSize":0}
2026-08-15 15:17:24,986 INFO  [it.uni.reti2.HeartbeatGenerator] (executor-thread-1) 💓 [HEARTBEAT] Invio heartbeat: {"stazioneId":"Padova","stato":"ONLINE","timestamp":"2026-08-15T13:17:24.986509113Z","tipoEvento":"HEARTBEAT","bufferSize":0}
2026-08-15 15:17:34,986 INFO  [it.uni.reti2.HeartbeatGenerator] (executor-thread-1) 💓 [HEARTBEAT] Invio heartbeat: {"stazioneId":"Padova","stato":"ONLINE","timestamp":"2026-08-15T13:17:34.986613485Z","tipoEvento":"HEARTBEAT","bufferSize":0}
2026-08-15 15:17:44,986 INFO  [it.uni.reti2.HeartbeatGenerator] (executor-thread-1) 💓 [HEARTBEAT] Invio heartbeat: {"stazioneId":"Padova","stato":"ONLINE","timestamp":"2026-08-15T13:17:44.986589222Z","tipoEvento":"HEARTBEAT","bufferSize":0}
2026-08-15 15:17:54,986 INFO  [it.uni.reti2.HeartbeatGenerator] (executor-thread-1) 💓 [HEARTBEAT] Invio heartbeat: {"stazioneId":"Padova","stato":"ONLINE","timestamp":"2026-08-15T13:17:54.986496430Z","tipoEvento":"HEARTBEAT","bufferSize":0}
2026-08-15 15:18:04,986 INFO  [it.uni.reti2.HeartbeatGenerator] (executor-thread-1) 💓 [HEARTBEAT] Invio heartbeat: {"stazioneId":"Padova","stato":"ONLINE","timestamp":"2026-08-15T13:18:04.986282360Z","tipoEvento":"HEARTBEAT","bufferSize":0}
2026-08-15 15:18:14,986 INFO  [it.uni.reti2.HeartbeatGenerator] (executor-thread-1) 💓 [HEARTBEAT] Invio heartbeat: {"stazioneId":"Padova","stato":"ONLINE","timestamp":"2026-08-15T13:18:14.986599617Z","tipoEvento":"HEARTBEAT","bufferSize":0}
2026-08-15 15:18:24,986 INFO  [it.uni.reti2.HeartbeatGenerator] (executor-thread-1) 💓 [HEARTBEAT] Invio heartbeat: {"stazioneId":"Padova","stato":"ONLINE","timestamp":"2026-08-15T13:18:24.986644806Z","tipoEvento":"HEARTBEAT","bufferSize":0}
2026-08-15 15:18:34,986 INFO  [it.uni.reti2.HeartbeatGenerator] (executor-thread-1) 💓 [HEARTBEAT] Invio heartbeat: {"stazioneId":"Padova","stato":"ONLINE","timestamp":"2026-08-15T13:18:34.986597343Z","tipoEvento":"HEARTBEAT","bufferSize":0}
2026-08-15 15:18:44,986 INFO  [it.uni.reti2.HeartbeatGenerator] (executor-thread-1) 💓 [HEARTBEAT] Invio heartbeat: {"stazioneId":"Padova","stato":"ONLINE","timestamp":"2026-08-15T13:18:44.986610295Z","tipoEvento":"HEARTBEAT","bufferSize":0}
2026-08-15 15:18:54,986 INFO  [it.uni.reti2.HeartbeatGenerator] (executor-thread-1) 💓 [HEARTBEAT] Invio heartbeat: {"stazioneId":"Padova","stato":"ONLINE","timestamp":"2026-08-15T13:18:54.986627733Z","tipoEvento":"HEARTBEAT","bufferSize":0}
2026-08-15 15:19:04,986 INFO  [it.uni.reti2.HeartbeatGenerator] (executor-thread-1) 💓 [HEARTBEAT] Invio heartbeat: {"stazioneId":"Padova","stato":"ONLINE","timestamp":"2026-08-15T13:19:04.986621311Z","tipoEvento":"HEARTBEAT","bufferSize":0}
2026-08-15 15:19:14,986 INFO  [it.uni.reti2.HeartbeatGenerator] (executor-thread-1) 💓 [HEARTBEAT] Invio heartbeat: {"stazioneId":"Padova","stato":"ONLINE","timestamp":"2026-08-15T13:19:14.986646406Z","tipoEvento":"HEARTBEAT","bufferSize":0}
2026-08-15 15:19:24,986 INFO  [it.uni.reti2.HeartbeatGenerator] (executor-thread-1) 💓 [HEARTBEAT] Invio heartbeat: {"stazioneId":"Padova","stato":"ONLINE","timestamp":"2026-08-15T13:19:24.986618158Z","tipoEvento":"HEARTBEAT","bufferSize":0}
2026-08-15 15:19:34,986 INFO  [it.uni.reti2.HeartbeatGenerator] (executor-thread-1) 💓 [HEARTBEAT] Invio heartbeat: {"stazioneId":"Padova","stato":"ONLINE","timestamp":"2026-08-15T13:19:34.986574960Z","tipoEvento":"HEARTBEAT","bufferSize":0}
2026-08-15 15:19:44,986 INFO  [it.uni.reti2.HeartbeatGenerator] (executor-thread-1) 💓 [HEARTBEAT] Invio heartbeat: {"stazioneId":"Padova","stato":"ONLINE","timestamp":"2026-08-15T13:19:44.986612822Z","tipoEvento":"HEARTBEAT","bufferSize":0}
2026-08-15 15:19:54,986 INFO  [it.uni.reti2.HeartbeatGenerator] (executor-thread-1) 💓 [HEARTBEAT] Invio heartbeat: {"stazioneId":"Padova","stato":"ONLINE","timestamp":"2026-08-15T13:19:54.986609615Z","tipoEvento":"HEARTBEAT","bufferSize":0}
2026-08-15 15:20:04,986 INFO  [it.uni.reti2.HeartbeatGenerator] (executor-thread-1) 💓 [HEARTBEAT] Invio heartbeat: {"stazioneId":"Padova","stato":"ONLINE","timestamp":"2026-08-15T13:20:04.986639590Z","tipoEvento":"HEARTBEAT","bufferSize":0}
2026-08-15 15:20:14,986 INFO  [it.uni.reti2.HeartbeatGenerator] (executor-thread-1) 💓 [HEARTBEAT] Invio heartbeat: {"stazioneId":"Padova","stato":"ONLINE","timestamp":"2026-08-15T13:20:14.986621572Z","tipoEvento":"HEARTBEAT","bufferSize":0}
2026-08-15 15:20:24,986 INFO  [it.uni.reti2.HeartbeatGenerator] (executor-thread-1) 💓 [HEARTBEAT] Invio heartbeat: {"stazioneId":"Padova","stato":"ONLINE","timestamp":"2026-08-15T13:20:24.986569282Z","tipoEvento":"HEARTBEAT","bufferSize":0}
2026-08-15 15:20:34,986 INFO  [it.uni.reti2.HeartbeatGenerator] (executor-thread-1) 💓 [HEARTBEAT] Invio heartbeat: {"stazioneId":"Padova","stato":"ONLINE","timestamp":"2026-08-15T13:20:34.986459698Z","tipoEvento":"HEARTBEAT","bufferSize":0}
2026-08-15 15:20:44,986 INFO  [it.uni.reti2.HeartbeatGenerator] (executor-thread-1) 💓 [HEARTBEAT] Invio heartbeat: {"stazioneId":"Padova","stato":"ONLINE","timestamp":"2026-08-15T13:20:44.986217337Z","tipoEvento":"HEARTBEAT","bufferSize":0}
2026-08-15 15:20:54,986 INFO  [it.uni.reti2.HeartbeatGenerator] (executor-thread-1) 💓 [HEARTBEAT] Invio heartbeat: {"stazioneId":"Padova","stato":"ONLINE","timestamp":"2026-08-15T13:20:54.986577430Z","tipoEvento":"HEARTBEAT","bufferSize":0}
2026-08-15 15:21:04,986 INFO  [it.uni.reti2.HeartbeatGenerator] (executor-thread-1) 💓 [HEARTBEAT] Invio heartbeat: {"stazioneId":"Padova","stato":"ONLINE","timestamp":"2026-08-15T13:21:04.986564476Z","tipoEvento":"HEARTBEAT","bufferSize":0}
2026-08-15 15:21:14,986 INFO  [it.uni.reti2.HeartbeatGenerator] (executor-thread-1) 💓 [HEARTBEAT] Invio heartbeat: {"stazioneId":"Padova","stato":"ONLINE","timestamp":"2026-08-15T13:21:14.986350558Z","tipoEvento":"HEARTBEAT","bufferSize":0}
2026-08-15 15:21:24,986 INFO  [it.uni.reti2.HeartbeatGenerator] (executor-thread-1) 💓 [HEARTBEAT] Invio heartbeat: {"stazioneId":"Padova","stato":"ONLINE","timestamp":"2026-08-15T13:21:24.986531292Z","tipoEvento":"HEARTBEAT","bufferSize":0}
2026-08-15 15:21:34,986 INFO  [it.uni.reti2.HeartbeatGenerator] (executor-thread-1) 💓 [HEARTBEAT] Invio heartbeat: {"stazioneId":"Padova","stato":"ONLINE","timestamp":"2026-08-15T13:21:34.986633378Z","tipoEvento":"HEARTBEAT","bufferSize":0}
2026-08-15 15:21:44,986 INFO  [it.uni.reti2.HeartbeatGenerator] (executor-thread-1) 💓 [HEARTBEAT] Invio heartbeat: {"stazioneId":"Padova","stato":"ONLINE","timestamp":"2026-08-15T13:21:44.986588087Z","tipoEvento":"HEARTBEAT","bufferSize":0}
2026-08-15 15:21:54,986 INFO  [it.uni.reti2.HeartbeatGenerator] (executor-thread-1) 💓 [HEARTBEAT] Invio heartbeat: {"stazioneId":"Padova","stato":"ONLINE","timestamp":"2026-08-15T13:21:54.986590901Z","tipoEvento":"HEARTBEAT","bufferSize":0}
2026-08-15 15:22:04,986 INFO  [it.uni.reti2.HeartbeatGenerator] (executor-thread-1) 💓 [HEARTBEAT] Invio heartbeat: {"stazioneId":"Padova","stato":"ONLINE","timestamp":"2026-08-15T13:22:04.986640404Z","tipoEvento":"HEARTBEAT","bufferSize":0}
2026-08-15 15:22:14,986 INFO  [it.uni.reti2.HeartbeatGenerator] (executor-thread-1) 💓 [HEARTBEAT] Invio heartbeat: {"stazioneId":"Padova","stato":"ONLINE","timestamp":"2026-08-15T13:22:14.986610326Z","tipoEvento":"HEARTBEAT","bufferSize":0}
2026-08-15 15:22:24,986 INFO  [it.uni.reti2.HeartbeatGenerator] (executor-thread-1) 💓 [HEARTBEAT] Invio heartbeat: {"stazioneId":"Padova","stato":"ONLINE","timestamp":"2026-08-15T13:22:24.986242628Z","tipoEvento":"HEARTBEAT","bufferSize":0}
2026-08-15 15:22:34,986 INFO  [it.uni.reti2.HeartbeatGenerator] (executor-thread-1) 💓 [HEARTBEAT] Invio heartbeat: {"stazioneId":"Padova","stato":"ONLINE","timestamp":"2026-08-15T13:22:34.986591383Z","tipoEvento":"HEARTBEAT","bufferSize":0}
2026-08-15 15:22:44,986 INFO  [it.uni.reti2.HeartbeatGenerator] (executor-thread-1) 💓 [HEARTBEAT] Invio heartbeat: {"stazioneId":"Padova","stato":"ONLINE","timestamp":"2026-08-15T13:22:44.986652281Z","tipoEvento":"HEARTBEAT","bufferSize":0}
2026-08-15 15:22:54,986 INFO  [it.uni.reti2.HeartbeatGenerator] (executor-thread-1) 💓 [HEARTBEAT] Invio heartbeat: {"stazioneId":"Padova","stato":"ONLINE","timestamp":"2026-08-15T13:22:54.986603128Z","tipoEvento":"HEARTBEAT","bufferSize":0}
2026-08-15 15:23:04,986 INFO  [it.uni.reti2.HeartbeatGenerator] (executor-thread-1) 💓 [HEARTBEAT] Invio heartbeat: {"stazioneId":"Padova","stato":"ONLINE","timestamp":"2026-08-15T13:23:04.986593841Z","tipoEvento":"HEARTBEAT","bufferSize":0}
2026-08-15 15:23:14,986 INFO  [it.uni.reti2.HeartbeatGenerator] (executor-thread-1) 💓 [HEARTBEAT] Invio heartbeat: {"stazioneId":"Padova","stato":"ONLINE","timestamp":"2026-08-15T13:23:14.986613175Z","tipoEvento":"HEARTBEAT","bufferSize":0}
2026-08-15 15:23:24,986 INFO  [it.uni.reti2.HeartbeatGenerator] (executor-thread-1) 💓 [HEARTBEAT] Invio heartbeat: {"stazioneId":"Padova","stato":"ONLINE","timestamp":"2026-08-15T13:23:24.986190379Z","tipoEvento":"HEARTBEAT","bufferSize":0}
2026-08-15 15:23:34,986 INFO  [it.uni.reti2.HeartbeatGenerator] (executor-thread-1) 💓 [HEARTBEAT] Invio heartbeat: {"stazioneId":"Padova","stato":"ONLINE","timestamp":"2026-08-15T13:23:34.986554529Z","tipoEvento":"HEARTBEAT","bufferSize":0}
2026-08-15 15:23:44,986 INFO  [it.uni.reti2.HeartbeatGenerator] (executor-thread-1) 💓 [HEARTBEAT] Invio heartbeat: {"stazioneId":"Padova","stato":"ONLINE","timestamp":"2026-08-15T13:23:44.986613131Z","tipoEvento":"HEARTBEAT","bufferSize":0}
2026-08-15 15:23:54,986 INFO  [it.uni.reti2.HeartbeatGenerator] (executor-thread-1) 💓 [HEARTBEAT] Invio heartbeat: {"stazioneId":"Padova","stato":"ONLINE","timestamp":"2026-08-15T13:23:54.986470938Z","tipoEvento":"HEARTBEAT","bufferSize":0}
2026-08-15 15:24:04,986 INFO  [it.uni.reti2.HeartbeatGenerator] (executor-thread-1) 💓 [HEARTBEAT] Invio heartbeat: {"stazioneId":"Padova","stato":"ONLINE","timestamp":"2026-08-15T13:24:04.986478420Z","tipoEvento":"HEARTBEAT","bufferSize":0}
2026-08-15 15:24:14,986 INFO  [it.uni.reti2.HeartbeatGenerator] (executor-thread-1) 💓 [HEARTBEAT] Invio heartbeat: {"stazioneId":"Padova","stato":"ONLINE","timestamp":"2026-08-15T13:24:14.986258749Z","tipoEvento":"HEARTBEAT","bufferSize":0}
2026-08-15 16:38:46,664 INFO  [io.smallrye.reactive.messaging.mqtt.session.impl.MqttClientSessionImpl] (vert.x-eventloop-thread-0) Connection closed: Connection closed
2026-08-15 16:38:47,667 INFO  [io.vertx.mqtt.impl.MqttClientImpl] (vert.x-eventloop-thread-0) Connection with localhost:1883 established successfully
2026-08-15 16:38:54,740 INFO  [it.uni.reti2.HeartbeatGenerator] (executor-thread-1) 💓 [HEARTBEAT] Invio heartbeat: {"stazioneId":"Padova","stato":"ONLINE","timestamp":"2026-08-15T14:38:54.740089810Z","tipoEvento":"HEARTBEAT","bufferSize":0}
2026-08-15 16:38:54,757 WARN  [it.uni.reti2.StationGateway] (vert.x-eventloop-thread-1) 🚨 [ALERT RICEVUTO] La Centrale dice: {"tipoEvento":"RESOLVED","origine":"CENTRALE","sorgenteTipo":"STAZIONE","sorgenteId":"Padova","guastoId":"alert-1786804726683-b81e31d7","timestamp":"2026-08-15T14:38:54.754609438Z"}
2026-08-15 16:38:54,757 INFO  [it.uni.reti2.StationGateway] (vert.x-eventloop-thread-1) 🔧 Stazione ripristinata dalla Centrale! Stato di nuovo ONLINE.
2026-08-15 16:38:54,765 WARN  [it.uni.reti2.StationGateway] (vert.x-eventloop-thread-1) 🚨 [ALERT RICEVUTO] La Centrale dice: {"tipoEvento":"RESOLVED","origine":"CENTRALE","sorgenteTipo":"STAZIONE","sorgenteId":"TO","guastoId":"alert-1786804726671-5028794f","timestamp":"2026-08-15T14:38:54.764010426Z"}
2026-08-15 16:38:54,775 WARN  [it.uni.reti2.StationGateway] (vert.x-eventloop-thread-1) 🚨 [ALERT RICEVUTO] La Centrale dice: {"tipoEvento":"RESOLVED","origine":"CENTRALE","sorgenteTipo":"STAZIONE","sorgenteId":"PA","guastoId":"alert-1786804726663-eb5d8ece","timestamp":"2026-08-15T14:38:54.773491975Z"}
2026-08-15 16:38:54,784 WARN  [it.uni.reti2.StationGateway] (vert.x-eventloop-thread-1) 🚨 [ALERT RICEVUTO] La Centrale dice: {"tipoEvento":"RESOLVED","origine":"CENTRALE","sorgenteTipo":"STAZIONE","sorgenteId":"MI","guastoId":"alert-1786804726678-4cabb537","timestamp":"2026-08-15T14:38:54.782862460Z"}
2026-08-15 16:39:04,740 INFO  [it.uni.reti2.HeartbeatGenerator] (executor-thread-1) 💓 [HEARTBEAT] Invio heartbeat: {"stazioneId":"Padova","stato":"ONLINE","timestamp":"2026-08-15T14:39:04.740481201Z","tipoEvento":"HEARTBEAT","bufferSize":0}
2026-08-15 16:39:14,740 INFO  [it.uni.reti2.HeartbeatGenerator] (executor-thread-1) 💓 [HEARTBEAT] Invio heartbeat: {"stazioneId":"Padova","stato":"ONLINE","timestamp":"2026-08-15T14:39:14.740243620Z","tipoEvento":"HEARTBEAT","bufferSize":0}
2026-08-15 16:39:24,740 INFO  [it.uni.reti2.HeartbeatGenerator] (executor-thread-1) 💓 [HEARTBEAT] Invio heartbeat: {"stazioneId":"Padova","stato":"ONLINE","timestamp":"2026-08-15T14:39:24.740182540Z","tipoEvento":"HEARTBEAT","bufferSize":0}
2026-08-15 16:39:34,740 INFO  [it.uni.reti2.HeartbeatGenerator] (executor-thread-1) 💓 [HEARTBEAT] Invio heartbeat: {"stazioneId":"Padova","stato":"ONLINE","timestamp":"2026-08-15T14:39:34.740155329Z","tipoEvento":"HEARTBEAT","bufferSize":0}
2026-08-15 16:39:44,740 INFO  [it.uni.reti2.HeartbeatGenerator] (executor-thread-1) 💓 [HEARTBEAT] Invio heartbeat: {"stazioneId":"Padova","stato":"ONLINE","timestamp":"2026-08-15T14:39:44.740180376Z","tipoEvento":"HEARTBEAT","bufferSize":0}
2026-08-15 16:39:54,740 INFO  [it.uni.reti2.HeartbeatGenerator] (executor-thread-1) 💓 [HEARTBEAT] Invio heartbeat: {"stazioneId":"Padova","stato":"ONLINE","timestamp":"2026-08-15T14:39:54.740408484Z","tipoEvento":"HEARTBEAT","bufferSize":0}
2026-08-15 16:40:04,740 INFO  [it.uni.reti2.HeartbeatGenerator] (executor-thread-1) 💓 [HEARTBEAT] Invio heartbeat: {"stazioneId":"Padova","stato":"ONLINE","timestamp":"2026-08-15T14:40:04.740389613Z","tipoEvento":"HEARTBEAT","bufferSize":0}
2026-08-15 16:40:14,740 INFO  [it.uni.reti2.HeartbeatGenerator] (executor-thread-1) 💓 [HEARTBEAT] Invio heartbeat: {"stazioneId":"Padova","stato":"ONLINE","timestamp":"2026-08-15T14:40:14.740117201Z","tipoEvento":"HEARTBEAT","bufferSize":0}
2026-08-15 16:40:24,740 INFO  [it.uni.reti2.HeartbeatGenerator] (executor-thread-1) 💓 [HEARTBEAT] Invio heartbeat: {"stazioneId":"Padova","stato":"ONLINE","timestamp":"2026-08-15T14:40:24.740407714Z","tipoEvento":"HEARTBEAT","bufferSize":0}
2026-08-15 16:40:34,740 INFO  [it.uni.reti2.HeartbeatGenerator] (executor-thread-1) 💓 [HEARTBEAT] Invio heartbeat: {"stazioneId":"Padova","stato":"ONLINE","timestamp":"2026-08-15T14:40:34.740150940Z","tipoEvento":"HEARTBEAT","bufferSize":0}
2026-08-15 16:40:44,740 INFO  [it.uni.reti2.HeartbeatGenerator] (executor-thread-1) 💓 [HEARTBEAT] Invio heartbeat: {"stazioneId":"Padova","stato":"ONLINE","timestamp":"2026-08-15T14:40:44.740357326Z","tipoEvento":"HEARTBEAT","bufferSize":0}
2026-08-15 16:40:54,740 INFO  [it.uni.reti2.HeartbeatGenerator] (executor-thread-1) 💓 [HEARTBEAT] Invio heartbeat: {"stazioneId":"Padova","stato":"ONLINE","timestamp":"2026-08-15T14:40:54.740147082Z","tipoEvento":"HEARTBEAT","bufferSize":0}
2026-08-15 16:41:04,740 INFO  [it.uni.reti2.HeartbeatGenerator] (executor-thread-1) 💓 [HEARTBEAT] Invio heartbeat: {"stazioneId":"Padova","stato":"ONLINE","timestamp":"2026-08-15T14:41:04.740127986Z","tipoEvento":"HEARTBEAT","bufferSize":0}
2026-08-15 16:41:14,740 INFO  [it.uni.reti2.HeartbeatGenerator] (executor-thread-1) 💓 [HEARTBEAT] Invio heartbeat: {"stazioneId":"Padova","stato":"ONLINE","timestamp":"2026-08-15T14:41:14.740451113Z","tipoEvento":"HEARTBEAT","bufferSize":0}
2026-08-15 16:41:24,740 INFO  [it.uni.reti2.HeartbeatGenerator] (executor-thread-1) 💓 [HEARTBEAT] Invio heartbeat: {"stazioneId":"Padova","stato":"ONLINE","timestamp":"2026-08-15T14:41:24.740204233Z","tipoEvento":"HEARTBEAT","bufferSize":0}
2026-08-15 16:41:34,740 INFO  [it.uni.reti2.HeartbeatGenerator] (executor-thread-1) 💓 [HEARTBEAT] Invio heartbeat: {"stazioneId":"Padova","stato":"ONLINE","timestamp":"2026-08-15T14:41:34.740412620Z","tipoEvento":"HEARTBEAT","bufferSize":0}
2026-08-15 16:41:44,740 INFO  [it.uni.reti2.HeartbeatGenerator] (executor-thread-1) 💓 [HEARTBEAT] Invio heartbeat: {"stazioneId":"Padova","stato":"ONLINE","timestamp":"2026-08-15T14:41:44.740158043Z","tipoEvento":"HEARTBEAT","bufferSize":0}
2026-08-15 16:41:54,740 INFO  [it.uni.reti2.HeartbeatGenerator] (executor-thread-1) 💓 [HEARTBEAT] Invio heartbeat: {"stazioneId":"Padova","stato":"ONLINE","timestamp":"2026-08-15T14:41:54.740407076Z","tipoEvento":"HEARTBEAT","bufferSize":0}
2026-08-15 16:42:04,740 INFO  [it.uni.reti2.HeartbeatGenerator] (executor-thread-1) 💓 [HEARTBEAT] Invio heartbeat: {"stazioneId":"Padova","stato":"ONLINE","timestamp":"2026-08-15T14:42:04.740119026Z","tipoEvento":"HEARTBEAT","bufferSize":0}
2026-08-15 16:42:14,740 INFO  [it.uni.reti2.HeartbeatGenerator] (executor-thread-1) 💓 [HEARTBEAT] Invio heartbeat: {"stazioneId":"Padova","stato":"ONLINE","timestamp":"2026-08-15T14:42:14.740681086Z","tipoEvento":"HEARTBEAT","bufferSize":0}
2026-08-15 16:42:24,740 INFO  [it.uni.reti2.HeartbeatGenerator] (executor-thread-1) 💓 [HEARTBEAT] Invio heartbeat: {"stazioneId":"Padova","stato":"ONLINE","timestamp":"2026-08-15T14:42:24.740180889Z","tipoEvento":"HEARTBEAT","bufferSize":0}
2026-08-15 16:42:34,740 INFO  [it.uni.reti2.HeartbeatGenerator] (executor-thread-1) 💓 [HEARTBEAT] Invio heartbeat: {"stazioneId":"Padova","stato":"ONLINE","timestamp":"2026-08-15T14:42:34.740153715Z","tipoEvento":"HEARTBEAT","bufferSize":0}
2026-08-15 16:42:44,740 INFO  [it.uni.reti2.HeartbeatGenerator] (executor-thread-1) 💓 [HEARTBEAT] Invio heartbeat: {"stazioneId":"Padova","stato":"ONLINE","timestamp":"2026-08-15T14:42:44.740125217Z","tipoEvento":"HEARTBEAT","bufferSize":0}
2026-08-15 16:42:54,740 INFO  [it.uni.reti2.HeartbeatGenerator] (executor-thread-1) 💓 [HEARTBEAT] Invio heartbeat: {"stazioneId":"Padova","stato":"ONLINE","timestamp":"2026-08-15T14:42:54.740476110Z","tipoEvento":"HEARTBEAT","bufferSize":0}
2026-08-15 16:43:04,740 INFO  [it.uni.reti2.HeartbeatGenerator] (executor-thread-1) 💓 [HEARTBEAT] Invio heartbeat: {"stazioneId":"Padova","stato":"ONLINE","timestamp":"2026-08-15T14:43:04.740350048Z","tipoEvento":"HEARTBEAT","bufferSize":0}
2026-08-15 16:43:14,740 INFO  [it.uni.reti2.HeartbeatGenerator] (executor-thread-1) 💓 [HEARTBEAT] Invio heartbeat: {"stazioneId":"Padova","stato":"ONLINE","timestamp":"2026-08-15T14:43:14.740225813Z","tipoEvento":"HEARTBEAT","bufferSize":0}
2026-08-15 16:43:24,740 INFO  [it.uni.reti2.HeartbeatGenerator] (executor-thread-1) 💓 [HEARTBEAT] Invio heartbeat: {"stazioneId":"Padova","stato":"ONLINE","timestamp":"2026-08-15T14:43:24.740115624Z","tipoEvento":"HEARTBEAT","bufferSize":0}
2026-08-15 16:43:34,740 INFO  [it.uni.reti2.HeartbeatGenerator] (executor-thread-1) 💓 [HEARTBEAT] Invio heartbeat: {"stazioneId":"Padova","stato":"ONLINE","timestamp":"2026-08-15T14:43:34.740223523Z","tipoEvento":"HEARTBEAT","bufferSize":0}
2026-08-15 16:43:44,740 INFO  [it.uni.reti2.HeartbeatGenerator] (executor-thread-1) 💓 [HEARTBEAT] Invio heartbeat: {"stazioneId":"Padova","stato":"ONLINE","timestamp":"2026-08-15T14:43:44.740158644Z","tipoEvento":"HEARTBEAT","bufferSize":0}
2026-08-15 16:43:54,740 INFO  [it.uni.reti2.HeartbeatGenerator] (executor-thread-1) 💓 [HEARTBEAT] Invio heartbeat: {"stazioneId":"Padova","stato":"ONLINE","timestamp":"2026-08-15T14:43:54.740162136Z","tipoEvento":"HEARTBEAT","bufferSize":0}
2026-08-15 16:44:04,740 INFO  [it.uni.reti2.HeartbeatGenerator] (executor-thread-1) 💓 [HEARTBEAT] Invio heartbeat: {"stazioneId":"Padova","stato":"ONLINE","timestamp":"2026-08-15T14:44:04.740661307Z","tipoEvento":"HEARTBEAT","bufferSize":0}
2026-08-15 16:44:14,740 INFO  [it.uni.reti2.HeartbeatGenerator] (executor-thread-1) 💓 [HEARTBEAT] Invio heartbeat: {"stazioneId":"Padova","stato":"ONLINE","timestamp":"2026-08-15T14:44:14.740234112Z","tipoEvento":"HEARTBEAT","bufferSize":0}
2026-08-15 16:44:24,740 INFO  [it.uni.reti2.HeartbeatGenerator] (executor-thread-1) 💓 [HEARTBEAT] Invio heartbeat: {"stazioneId":"Padova","stato":"ONLINE","timestamp":"2026-08-15T14:44:24.740224728Z","tipoEvento":"HEARTBEAT","bufferSize":0}
2026-08-15 16:44:34,740 INFO  [it.uni.reti2.HeartbeatGenerator] (executor-thread-1) 💓 [HEARTBEAT] Invio heartbeat: {"stazioneId":"Padova","stato":"ONLINE","timestamp":"2026-08-15T14:44:34.740145195Z","tipoEvento":"HEARTBEAT","bufferSize":0}
2026-08-15 16:44:44,740 INFO  [it.uni.reti2.HeartbeatGenerator] (executor-thread-1) 💓 [HEARTBEAT] Invio heartbeat: {"stazioneId":"Padova","stato":"ONLINE","timestamp":"2026-08-15T14:44:44.740628545Z","tipoEvento":"HEARTBEAT","bufferSize":0}
2026-08-15 16:44:54,740 INFO  [it.uni.reti2.HeartbeatGenerator] (executor-thread-1) 💓 [HEARTBEAT] Invio heartbeat: {"stazioneId":"Padova","stato":"ONLINE","timestamp":"2026-08-15T14:44:54.740558587Z","tipoEvento":"HEARTBEAT","bufferSize":0}
2026-08-15 16:45:04,740 INFO  [it.uni.reti2.HeartbeatGenerator] (executor-thread-1) 💓 [HEARTBEAT] Invio heartbeat: {"stazioneId":"Padova","stato":"ONLINE","timestamp":"2026-08-15T14:45:04.740201820Z","tipoEvento":"HEARTBEAT","bufferSize":0}
2026-08-15 16:45:14,740 INFO  [it.uni.reti2.HeartbeatGenerator] (executor-thread-1) 💓 [HEARTBEAT] Invio heartbeat: {"stazioneId":"Padova","stato":"ONLINE","timestamp":"2026-08-15T14:45:14.740203121Z","tipoEvento":"HEARTBEAT","bufferSize":0}
2026-08-15 16:45:24,740 INFO  [it.uni.reti2.HeartbeatGenerator] (executor-thread-1) 💓 [HEARTBEAT] Invio heartbeat: {"stazioneId":"Padova","stato":"ONLINE","timestamp":"2026-08-15T14:45:24.740611597Z","tipoEvento":"HEARTBEAT","bufferSize":0}
2026-08-15 16:45:34,740 INFO  [it.uni.reti2.HeartbeatGenerator] (executor-thread-1) 💓 [HEARTBEAT] Invio heartbeat: {"stazioneId":"Padova","stato":"ONLINE","timestamp":"2026-08-15T14:45:34.740579280Z","tipoEvento":"HEARTBEAT","bufferSize":0}
2026-08-15 16:45:44,740 INFO  [it.uni.reti2.HeartbeatGenerator] (executor-thread-1) 💓 [HEARTBEAT] Invio heartbeat: {"stazioneId":"Padova","stato":"ONLINE","timestamp":"2026-08-15T14:45:44.740117236Z","tipoEvento":"HEARTBEAT","bufferSize":0}
2026-08-15 16:45:54,740 INFO  [it.uni.reti2.HeartbeatGenerator] (executor-thread-1) 💓 [HEARTBEAT] Invio heartbeat: {"stazioneId":"Padova","stato":"ONLINE","timestamp":"2026-08-15T14:45:54.740187106Z","tipoEvento":"HEARTBEAT","bufferSize":0}
2026-08-15 16:46:04,740 INFO  [it.uni.reti2.HeartbeatGenerator] (executor-thread-1) 💓 [HEARTBEAT] Invio heartbeat: {"stazioneId":"Padova","stato":"ONLINE","timestamp":"2026-08-15T14:46:04.740447763Z","tipoEvento":"HEARTBEAT","bufferSize":0}
2026-08-15 16:46:14,740 INFO  [it.uni.reti2.HeartbeatGenerator] (executor-thread-1) 💓 [HEARTBEAT] Invio heartbeat: {"stazioneId":"Padova","stato":"ONLINE","timestamp":"2026-08-15T14:46:14.740211044Z","tipoEvento":"HEARTBEAT","bufferSize":0}
2026-08-15 16:46:24,740 INFO  [it.uni.reti2.HeartbeatGenerator] (executor-thread-1) 💓 [HEARTBEAT] Invio heartbeat: {"stazioneId":"Padova","stato":"ONLINE","timestamp":"2026-08-15T14:46:24.740115353Z","tipoEvento":"HEARTBEAT","bufferSize":0}
2026-08-15 16:46:34,740 INFO  [it.uni.reti2.HeartbeatGenerator] (executor-thread-1) 💓 [HEARTBEAT] Invio heartbeat: {"stazioneId":"Padova","stato":"ONLINE","timestamp":"2026-08-15T14:46:34.740333183Z","tipoEvento":"HEARTBEAT","bufferSize":0}
2026-08-15 16:46:44,740 INFO  [it.uni.reti2.HeartbeatGenerator] (executor-thread-1) 💓 [HEARTBEAT] Invio heartbeat: {"stazioneId":"Padova","stato":"ONLINE","timestamp":"2026-08-15T14:46:44.740272174Z","tipoEvento":"HEARTBEAT","bufferSize":0}
2026-08-15 16:46:54,740 INFO  [it.uni.reti2.HeartbeatGenerator] (executor-thread-1) 💓 [HEARTBEAT] Invio heartbeat: {"stazioneId":"Padova","stato":"ONLINE","timestamp":"2026-08-15T14:46:54.740088462Z","tipoEvento":"HEARTBEAT","bufferSize":0}
2026-08-15 16:47:04,740 INFO  [it.uni.reti2.HeartbeatGenerator] (executor-thread-1) 💓 [HEARTBEAT] Invio heartbeat: {"stazioneId":"Padova","stato":"ONLINE","timestamp":"2026-08-15T14:47:04.740507516Z","tipoEvento":"HEARTBEAT","bufferSize":0}
2026-08-15 16:47:14,740 INFO  [it.uni.reti2.HeartbeatGenerator] (executor-thread-1) 💓 [HEARTBEAT] Invio heartbeat: {"stazioneId":"Padova","stato":"ONLINE","timestamp":"2026-08-15T14:47:14.740437743Z","tipoEvento":"HEARTBEAT","bufferSize":0}
2026-08-15 16:47:24,740 INFO  [it.uni.reti2.HeartbeatGenerator] (executor-thread-1) 💓 [HEARTBEAT] Invio heartbeat: {"stazioneId":"Padova","stato":"ONLINE","timestamp":"2026-08-15T14:47:24.740218957Z","tipoEvento":"HEARTBEAT","bufferSize":0}
2026-08-15 16:47:34,740 INFO  [it.uni.reti2.HeartbeatGenerator] (executor-thread-1) 💓 [HEARTBEAT] Invio heartbeat: {"stazioneId":"Padova","stato":"ONLINE","timestamp":"2026-08-15T14:47:34.740290625Z","tipoEvento":"HEARTBEAT","bufferSize":0}
2026-08-15 16:47:44,740 INFO  [it.uni.reti2.HeartbeatGenerator] (executor-thread-1) 💓 [HEARTBEAT] Invio heartbeat: {"stazioneId":"Padova","stato":"ONLINE","timestamp":"2026-08-15T14:47:44.740187556Z","tipoEvento":"HEARTBEAT","bufferSize":0}
2026-08-15 16:47:54,740 INFO  [it.uni.reti2.HeartbeatGenerator] (executor-thread-1) 💓 [HEARTBEAT] Invio heartbeat: {"stazioneId":"Padova","stato":"ONLINE","timestamp":"2026-08-15T14:47:54.740673740Z","tipoEvento":"HEARTBEAT","bufferSize":0}
2026-08-15 16:48:04,740 INFO  [it.uni.reti2.HeartbeatGenerator] (executor-thread-1) 💓 [HEARTBEAT] Invio heartbeat: {"stazioneId":"Padova","stato":"ONLINE","timestamp":"2026-08-15T14:48:04.740181756Z","tipoEvento":"HEARTBEAT","bufferSize":0}
2026-08-15 16:48:14,740 INFO  [it.uni.reti2.HeartbeatGenerator] (executor-thread-1) 💓 [HEARTBEAT] Invio heartbeat: {"stazioneId":"Padova","stato":"ONLINE","timestamp":"2026-08-15T14:48:14.740201090Z","tipoEvento":"HEARTBEAT","bufferSize":0}
2026-08-15 16:48:24,740 INFO  [it.uni.reti2.HeartbeatGenerator] (executor-thread-1) 💓 [HEARTBEAT] Invio heartbeat: {"stazioneId":"Padova","stato":"ONLINE","timestamp":"2026-08-15T14:48:24.740588167Z","tipoEvento":"HEARTBEAT","bufferSize":0}
2026-08-15 16:48:34,740 INFO  [it.uni.reti2.HeartbeatGenerator] (executor-thread-1) 💓 [HEARTBEAT] Invio heartbeat: {"stazioneId":"Padova","stato":"ONLINE","timestamp":"2026-08-15T14:48:34.740148315Z","tipoEvento":"HEARTBEAT","bufferSize":0}
2026-08-15 16:48:44,740 INFO  [it.uni.reti2.HeartbeatGenerator] (executor-thread-1) 💓 [HEARTBEAT] Invio heartbeat: {"stazioneId":"Padova","stato":"ONLINE","timestamp":"2026-08-15T14:48:44.740574367Z","tipoEvento":"HEARTBEAT","bufferSize":0}
2026-08-15 16:48:54,740 INFO  [it.uni.reti2.HeartbeatGenerator] (executor-thread-1) 💓 [HEARTBEAT] Invio heartbeat: {"stazioneId":"Padova","stato":"ONLINE","timestamp":"2026-08-15T14:48:54.740614867Z","tipoEvento":"HEARTBEAT","bufferSize":0}
2026-08-15 16:49:04,740 INFO  [it.uni.reti2.HeartbeatGenerator] (executor-thread-1) 💓 [HEARTBEAT] Invio heartbeat: {"stazioneId":"Padova","stato":"ONLINE","timestamp":"2026-08-15T14:49:04.740583470Z","tipoEvento":"HEARTBEAT","bufferSize":0}
2026-08-15 16:49:14,740 INFO  [it.uni.reti2.HeartbeatGenerator] (executor-thread-1) 💓 [HEARTBEAT] Invio heartbeat: {"stazioneId":"Padova","stato":"ONLINE","timestamp":"2026-08-15T14:49:14.740423720Z","tipoEvento":"HEARTBEAT","bufferSize":0}
2026-08-15 16:49:24,740 INFO  [it.uni.reti2.HeartbeatGenerator] (executor-thread-1) 💓 [HEARTBEAT] Invio heartbeat: {"stazioneId":"Padova","stato":"ONLINE","timestamp":"2026-08-15T14:49:24.740157816Z","tipoEvento":"HEARTBEAT","bufferSize":0}
2026-08-15 16:49:34,740 INFO  [it.uni.reti2.HeartbeatGenerator] (executor-thread-1) 💓 [HEARTBEAT] Invio heartbeat: {"stazioneId":"Padova","stato":"ONLINE","timestamp":"2026-08-15T14:49:34.740586992Z","tipoEvento":"HEARTBEAT","bufferSize":0}
2026-08-15 16:49:44,740 INFO  [it.uni.reti2.HeartbeatGenerator] (executor-thread-1) 💓 [HEARTBEAT] Invio heartbeat: {"stazioneId":"Padova","stato":"ONLINE","timestamp":"2026-08-15T14:49:44.740586533Z","tipoEvento":"HEARTBEAT","bufferSize":0}
2026-08-15 16:49:54,740 INFO  [it.uni.reti2.HeartbeatGenerator] (executor-thread-1) 💓 [HEARTBEAT] Invio heartbeat: {"stazioneId":"Padova","stato":"ONLINE","timestamp":"2026-08-15T14:49:54.740613769Z","tipoEvento":"HEARTBEAT","bufferSize":0}
2026-08-15 16:50:04,740 INFO  [it.uni.reti2.HeartbeatGenerator] (executor-thread-1) 💓 [HEARTBEAT] Invio heartbeat: {"stazioneId":"Padova","stato":"ONLINE","timestamp":"2026-08-15T14:50:04.740629237Z","tipoEvento":"HEARTBEAT","bufferSize":0}
2026-08-15 16:50:14,740 INFO  [it.uni.reti2.HeartbeatGenerator] (executor-thread-1) 💓 [HEARTBEAT] Invio heartbeat: {"stazioneId":"Padova","stato":"ONLINE","timestamp":"2026-08-15T14:50:14.740602907Z","tipoEvento":"HEARTBEAT","bufferSize":0}
2026-08-15 16:50:24,740 INFO  [it.uni.reti2.HeartbeatGenerator] (executor-thread-1) 💓 [HEARTBEAT] Invio heartbeat: {"stazioneId":"Padova","stato":"ONLINE","timestamp":"2026-08-15T14:50:24.740576179Z","tipoEvento":"HEARTBEAT","bufferSize":0}
2026-08-15 16:50:34,740 INFO  [it.uni.reti2.HeartbeatGenerator] (executor-thread-1) 💓 [HEARTBEAT] Invio heartbeat: {"stazioneId":"Padova","stato":"ONLINE","timestamp":"2026-08-15T14:50:34.740226672Z","tipoEvento":"HEARTBEAT","bufferSize":0}
2026-08-15 16:50:44,740 INFO  [it.uni.reti2.HeartbeatGenerator] (executor-thread-1) 💓 [HEARTBEAT] Invio heartbeat: {"stazioneId":"Padova","stato":"ONLINE","timestamp":"2026-08-15T14:50:44.740675826Z","tipoEvento":"HEARTBEAT","bufferSize":0}
2026-08-15 16:50:54,740 INFO  [it.uni.reti2.HeartbeatGenerator] (executor-thread-1) 💓 [HEARTBEAT] Invio heartbeat: {"stazioneId":"Padova","stato":"ONLINE","timestamp":"2026-08-15T14:50:54.740233503Z","tipoEvento":"HEARTBEAT","bufferSize":0}
2026-08-15 16:51:04,740 INFO  [it.uni.reti2.HeartbeatGenerator] (executor-thread-1) 💓 [HEARTBEAT] Invio heartbeat: {"stazioneId":"Padova","stato":"ONLINE","timestamp":"2026-08-15T14:51:04.740561522Z","tipoEvento":"HEARTBEAT","bufferSize":0}
2026-08-15 16:51:14,740 INFO  [it.uni.reti2.HeartbeatGenerator] (executor-thread-1) 💓 [HEARTBEAT] Invio heartbeat: {"stazioneId":"Padova","stato":"ONLINE","timestamp":"2026-08-15T14:51:14.740660614Z","tipoEvento":"HEARTBEAT","bufferSize":0}
2026-08-15 16:51:24,740 INFO  [it.uni.reti2.HeartbeatGenerator] (executor-thread-1) 💓 [HEARTBEAT] Invio heartbeat: {"stazioneId":"Padova","stato":"ONLINE","timestamp":"2026-08-15T14:51:24.740614938Z","tipoEvento":"HEARTBEAT","bufferSize":0}
2026-08-15 16:51:34,740 INFO  [it.uni.reti2.HeartbeatGenerator] (executor-thread-1) 💓 [HEARTBEAT] Invio heartbeat: {"stazioneId":"Padova","stato":"ONLINE","timestamp":"2026-08-15T14:51:34.740158238Z","tipoEvento":"HEARTBEAT","bufferSize":0}
2026-08-15 16:51:44,740 INFO  [it.uni.reti2.HeartbeatGenerator] (executor-thread-1) 💓 [HEARTBEAT] Invio heartbeat: {"stazioneId":"Padova","stato":"ONLINE","timestamp":"2026-08-15T14:51:44.740466291Z","tipoEvento":"HEARTBEAT","bufferSize":0}
2026-08-15 16:51:54,740 INFO  [it.uni.reti2.HeartbeatGenerator] (executor-thread-1) 💓 [HEARTBEAT] Invio heartbeat: {"stazioneId":"Padova","stato":"ONLINE","timestamp":"2026-08-15T14:51:54.740276378Z","tipoEvento":"HEARTBEAT","bufferSize":0}
2026-08-15 16:52:04,740 INFO  [it.uni.reti2.HeartbeatGenerator] (executor-thread-1) 💓 [HEARTBEAT] Invio heartbeat: {"stazioneId":"Padova","stato":"ONLINE","timestamp":"2026-08-15T14:52:04.740605226Z","tipoEvento":"HEARTBEAT","bufferSize":0}
2026-08-15 16:52:14,740 INFO  [it.uni.reti2.HeartbeatGenerator] (executor-thread-1) 💓 [HEARTBEAT] Invio heartbeat: {"stazioneId":"Padova","stato":"ONLINE","timestamp":"2026-08-15T14:52:14.740209366Z","tipoEvento":"HEARTBEAT","bufferSize":0}
2026-08-15 16:52:24,740 INFO  [it.uni.reti2.HeartbeatGenerator] (executor-thread-1) 💓 [HEARTBEAT] Invio heartbeat: {"stazioneId":"Padova","stato":"ONLINE","timestamp":"2026-08-15T14:52:24.740208573Z","tipoEvento":"HEARTBEAT","bufferSize":0}
2026-08-15 16:52:34,740 INFO  [it.uni.reti2.HeartbeatGenerator] (executor-thread-1) 💓 [HEARTBEAT] Invio heartbeat: {"stazioneId":"Padova","stato":"ONLINE","timestamp":"2026-08-15T14:52:34.740583431Z","tipoEvento":"HEARTBEAT","bufferSize":0}
2026-08-15 16:52:44,740 INFO  [it.uni.reti2.HeartbeatGenerator] (executor-thread-1) 💓 [HEARTBEAT] Invio heartbeat: {"stazioneId":"Padova","stato":"ONLINE","timestamp":"2026-08-15T14:52:44.740573407Z","tipoEvento":"HEARTBEAT","bufferSize":0}
2026-08-15 16:52:54,740 INFO  [it.uni.reti2.HeartbeatGenerator] (executor-thread-1) 💓 [HEARTBEAT] Invio heartbeat: {"stazioneId":"Padova","stato":"ONLINE","timestamp":"2026-08-15T14:52:54.740263744Z","tipoEvento":"HEARTBEAT","bufferSize":0}
2026-08-15 16:53:04,740 INFO  [it.uni.reti2.HeartbeatGenerator] (executor-thread-1) 💓 [HEARTBEAT] Invio heartbeat: {"stazioneId":"Padova","stato":"ONLINE","timestamp":"2026-08-15T14:53:04.740109731Z","tipoEvento":"HEARTBEAT","bufferSize":0}
2026-08-15 16:53:14,740 INFO  [it.uni.reti2.HeartbeatGenerator] (executor-thread-1) 💓 [HEARTBEAT] Invio heartbeat: {"stazioneId":"Padova","stato":"ONLINE","timestamp":"2026-08-15T14:53:14.740527886Z","tipoEvento":"HEARTBEAT","bufferSize":0}
2026-08-15 16:53:24,740 INFO  [it.uni.reti2.HeartbeatGenerator] (executor-thread-1) 💓 [HEARTBEAT] Invio heartbeat: {"stazioneId":"Padova","stato":"ONLINE","timestamp":"2026-08-15T14:53:24.740170196Z","tipoEvento":"HEARTBEAT","bufferSize":0}
2026-08-15 16:53:34,740 INFO  [it.uni.reti2.HeartbeatGenerator] (executor-thread-1) 💓 [HEARTBEAT] Invio heartbeat: {"stazioneId":"Padova","stato":"ONLINE","timestamp":"2026-08-15T14:53:34.740574036Z","tipoEvento":"HEARTBEAT","bufferSize":0}
2026-08-15 16:53:44,740 INFO  [it.uni.reti2.HeartbeatGenerator] (executor-thread-1) 💓 [HEARTBEAT] Invio heartbeat: {"stazioneId":"Padova","stato":"ONLINE","timestamp":"2026-08-15T14:53:44.740562166Z","tipoEvento":"HEARTBEAT","bufferSize":0}
2026-08-15 16:53:54,740 INFO  [it.uni.reti2.HeartbeatGenerator] (executor-thread-1) 💓 [HEARTBEAT] Invio heartbeat: {"stazioneId":"Padova","stato":"ONLINE","timestamp":"2026-08-15T14:53:54.740253355Z","tipoEvento":"HEARTBEAT","bufferSize":0}
2026-08-15 16:54:04,740 INFO  [it.uni.reti2.HeartbeatGenerator] (executor-thread-1) 💓 [HEARTBEAT] Invio heartbeat: {"stazioneId":"Padova","stato":"ONLINE","timestamp":"2026-08-15T14:54:04.740143619Z","tipoEvento":"HEARTBEAT","bufferSize":0}
2026-08-15 16:54:14,740 INFO  [it.uni.reti2.HeartbeatGenerator] (executor-thread-1) 💓 [HEARTBEAT] Invio heartbeat: {"stazioneId":"Padova","stato":"ONLINE","timestamp":"2026-08-15T14:54:14.740565773Z","tipoEvento":"HEARTBEAT","bufferSize":0}
2026-08-15 16:54:24,740 INFO  [it.uni.reti2.HeartbeatGenerator] (executor-thread-1) 💓 [HEARTBEAT] Invio heartbeat: {"stazioneId":"Padova","stato":"ONLINE","timestamp":"2026-08-15T14:54:24.740569646Z","tipoEvento":"HEARTBEAT","bufferSize":0}
2026-08-15 16:54:34,740 INFO  [it.uni.reti2.HeartbeatGenerator] (executor-thread-1) 💓 [HEARTBEAT] Invio heartbeat: {"stazioneId":"Padova","stato":"ONLINE","timestamp":"2026-08-15T14:54:34.740190544Z","tipoEvento":"HEARTBEAT","bufferSize":0}
2026-08-15 16:54:44,740 INFO  [it.uni.reti2.HeartbeatGenerator] (executor-thread-1) 💓 [HEARTBEAT] Invio heartbeat: {"stazioneId":"Padova","stato":"ONLINE","timestamp":"2026-08-15T14:54:44.740299673Z","tipoEvento":"HEARTBEAT","bufferSize":0}
2026-08-15 16:54:54,740 INFO  [it.uni.reti2.HeartbeatGenerator] (executor-thread-1) 💓 [HEARTBEAT] Invio heartbeat: {"stazioneId":"Padova","stato":"ONLINE","timestamp":"2026-08-15T14:54:54.740077011Z","tipoEvento":"HEARTBEAT","bufferSize":0}
2026-08-15 16:55:04,740 INFO  [it.uni.reti2.HeartbeatGenerator] (executor-thread-1) 💓 [HEARTBEAT] Invio heartbeat: {"stazioneId":"Padova","stato":"ONLINE","timestamp":"2026-08-15T14:55:04.740173842Z","tipoEvento":"HEARTBEAT","bufferSize":0}
2026-08-15 16:55:14,740 INFO  [it.uni.reti2.HeartbeatGenerator] (executor-thread-1) 💓 [HEARTBEAT] Invio heartbeat: {"stazioneId":"Padova","stato":"ONLINE","timestamp":"2026-08-15T14:55:14.740571751Z","tipoEvento":"HEARTBEAT","bufferSize":0}
2026-08-15 16:55:24,740 INFO  [it.uni.reti2.HeartbeatGenerator] (executor-thread-1) 💓 [HEARTBEAT] Invio heartbeat: {"stazioneId":"Padova","stato":"ONLINE","timestamp":"2026-08-15T14:55:24.740110300Z","tipoEvento":"HEARTBEAT","bufferSize":0}
2026-08-15 16:55:34,740 INFO  [it.uni.reti2.HeartbeatGenerator] (executor-thread-1) 💓 [HEARTBEAT] Invio heartbeat: {"stazioneId":"Padova","stato":"ONLINE","timestamp":"2026-08-15T14:55:34.740116325Z","tipoEvento":"HEARTBEAT","bufferSize":0}
2026-08-15 16:55:44,740 INFO  [it.uni.reti2.HeartbeatGenerator] (executor-thread-1) 💓 [HEARTBEAT] Invio heartbeat: {"stazioneId":"Padova","stato":"ONLINE","timestamp":"2026-08-15T14:55:44.740072275Z","tipoEvento":"HEARTBEAT","bufferSize":0}
2026-08-15 16:55:56,038 INFO  [it.uni.reti2.HeartbeatGenerator] (executor-thread-1) 💓 [HEARTBEAT] Invio heartbeat: {"stazioneId":"Padova","stato":"ONLINE","timestamp":"2026-08-15T14:55:56.038304238Z","tipoEvento":"HEARTBEAT","bufferSize":0}
2026-08-15 16:56:06,038 INFO  [it.uni.reti2.HeartbeatGenerator] (executor-thread-1) 💓 [HEARTBEAT] Invio heartbeat: {"stazioneId":"Padova","stato":"ONLINE","timestamp":"2026-08-15T14:56:06.038265950Z","tipoEvento":"HEARTBEAT","bufferSize":0}
2026-08-15 16:56:16,038 INFO  [it.uni.reti2.HeartbeatGenerator] (executor-thread-1) 💓 [HEARTBEAT] Invio heartbeat: {"stazioneId":"Padova","stato":"ONLINE","timestamp":"2026-08-15T14:56:16.038272625Z","tipoEvento":"HEARTBEAT","bufferSize":0}
2026-08-15 16:56:26,038 INFO  [it.uni.reti2.HeartbeatGenerator] (executor-thread-1) 💓 [HEARTBEAT] Invio heartbeat: {"stazioneId":"Padova","stato":"ONLINE","timestamp":"2026-08-15T14:56:26.038358060Z","tipoEvento":"HEARTBEAT","bufferSize":0}
2026-08-15 16:56:36,038 INFO  [it.uni.reti2.HeartbeatGenerator] (executor-thread-1) 💓 [HEARTBEAT] Invio heartbeat: {"stazioneId":"Padova","stato":"ONLINE","timestamp":"2026-08-15T14:56:36.038523675Z","tipoEvento":"HEARTBEAT","bufferSize":0}
2026-08-15 16:56:46,038 INFO  [it.uni.reti2.HeartbeatGenerator] (executor-thread-1) 💓 [HEARTBEAT] Invio heartbeat: {"stazioneId":"Padova","stato":"ONLINE","timestamp":"2026-08-15T14:56:46.038486564Z","tipoEvento":"HEARTBEAT","bufferSize":0}
2026-08-15 16:56:56,038 INFO  [it.uni.reti2.HeartbeatGenerator] (executor-thread-1) 💓 [HEARTBEAT] Invio heartbeat: {"stazioneId":"Padova","stato":"ONLINE","timestamp":"2026-08-15T14:56:56.038302376Z","tipoEvento":"HEARTBEAT","bufferSize":0}
2026-08-15 16:57:06,038 INFO  [it.uni.reti2.HeartbeatGenerator] (executor-thread-1) 💓 [HEARTBEAT] Invio heartbeat: {"stazioneId":"Padova","stato":"ONLINE","timestamp":"2026-08-15T14:57:06.038486423Z","tipoEvento":"HEARTBEAT","bufferSize":0}
2026-08-15 16:57:16,038 INFO  [it.uni.reti2.HeartbeatGenerator] (executor-thread-1) 💓 [HEARTBEAT] Invio heartbeat: {"stazioneId":"Padova","stato":"ONLINE","timestamp":"2026-08-15T14:57:16.038360097Z","tipoEvento":"HEARTBEAT","bufferSize":0}
2026-08-15 16:57:26,038 INFO  [it.uni.reti2.HeartbeatGenerator] (executor-thread-1) 💓 [HEARTBEAT] Invio heartbeat: {"stazioneId":"Padova","stato":"ONLINE","timestamp":"2026-08-15T14:57:26.038374209Z","tipoEvento":"HEARTBEAT","bufferSize":0}
2026-08-15 16:57:36,038 INFO  [it.uni.reti2.HeartbeatGenerator] (executor-thread-1) 💓 [HEARTBEAT] Invio heartbeat: {"stazioneId":"Padova","stato":"ONLINE","timestamp":"2026-08-15T14:57:36.038228324Z","tipoEvento":"HEARTBEAT","bufferSize":0}
2026-08-15 16:57:46,038 INFO  [it.uni.reti2.HeartbeatGenerator] (executor-thread-1) 💓 [HEARTBEAT] Invio heartbeat: {"stazioneId":"Padova","stato":"ONLINE","timestamp":"2026-08-15T14:57:46.038590224Z","tipoEvento":"HEARTBEAT","bufferSize":0}
2026-08-15 16:57:56,038 INFO  [it.uni.reti2.HeartbeatGenerator] (executor-thread-1) 💓 [HEARTBEAT] Invio heartbeat: {"stazioneId":"Padova","stato":"ONLINE","timestamp":"2026-08-15T14:57:56.038524939Z","tipoEvento":"HEARTBEAT","bufferSize":0}
2026-08-15 16:58:06,038 INFO  [it.uni.reti2.HeartbeatGenerator] (executor-thread-1) 💓 [HEARTBEAT] Invio heartbeat: {"stazioneId":"Padova","stato":"ONLINE","timestamp":"2026-08-15T14:58:06.038320392Z","tipoEvento":"HEARTBEAT","bufferSize":0}
2026-08-15 16:58:16,038 INFO  [it.uni.reti2.HeartbeatGenerator] (executor-thread-1) 💓 [HEARTBEAT] Invio heartbeat: {"stazioneId":"Padova","stato":"ONLINE","timestamp":"2026-08-15T14:58:16.038373451Z","tipoEvento":"HEARTBEAT","bufferSize":0}
2026-08-15 16:58:26,038 INFO  [it.uni.reti2.HeartbeatGenerator] (executor-thread-1) 💓 [HEARTBEAT] Invio heartbeat: {"stazioneId":"Padova","stato":"ONLINE","timestamp":"2026-08-15T14:58:26.038333479Z","tipoEvento":"HEARTBEAT","bufferSize":0}
2026-08-15 16:58:36,038 INFO  [it.uni.reti2.HeartbeatGenerator] (executor-thread-1) 💓 [HEARTBEAT] Invio heartbeat: {"stazioneId":"Padova","stato":"ONLINE","timestamp":"2026-08-15T14:58:36.038562059Z","tipoEvento":"HEARTBEAT","bufferSize":0}
2026-08-15 16:58:46,038 INFO  [it.uni.reti2.HeartbeatGenerator] (executor-thread-1) 💓 [HEARTBEAT] Invio heartbeat: {"stazioneId":"Padova","stato":"ONLINE","timestamp":"2026-08-15T14:58:46.038239443Z","tipoEvento":"HEARTBEAT","bufferSize":0}
2026-08-15 16:58:56,038 INFO  [it.uni.reti2.HeartbeatGenerator] (executor-thread-1) 💓 [HEARTBEAT] Invio heartbeat: {"stazioneId":"Padova","stato":"ONLINE","timestamp":"2026-08-15T14:58:56.038523116Z","tipoEvento":"HEARTBEAT","bufferSize":0}
2026-08-15 16:59:06,038 INFO  [it.uni.reti2.HeartbeatGenerator] (executor-thread-1) 💓 [HEARTBEAT] Invio heartbeat: {"stazioneId":"Padova","stato":"ONLINE","timestamp":"2026-08-15T14:59:06.038297292Z","tipoEvento":"HEARTBEAT","bufferSize":0}
2026-08-15 16:59:16,038 INFO  [it.uni.reti2.HeartbeatGenerator] (executor-thread-1) 💓 [HEARTBEAT] Invio heartbeat: {"stazioneId":"Padova","stato":"ONLINE","timestamp":"2026-08-15T14:59:16.038299795Z","tipoEvento":"HEARTBEAT","bufferSize":0}
2026-08-15 16:59:26,038 INFO  [it.uni.reti2.HeartbeatGenerator] (executor-thread-1) 💓 [HEARTBEAT] Invio heartbeat: {"stazioneId":"Padova","stato":"ONLINE","timestamp":"2026-08-15T14:59:26.038734124Z","tipoEvento":"HEARTBEAT","bufferSize":0}
2026-08-15 16:59:36,038 INFO  [it.uni.reti2.HeartbeatGenerator] (executor-thread-1) 💓 [HEARTBEAT] Invio heartbeat: {"stazioneId":"Padova","stato":"ONLINE","timestamp":"2026-08-15T14:59:36.038776855Z","tipoEvento":"HEARTBEAT","bufferSize":0}
2026-08-15 16:59:46,038 INFO  [it.uni.reti2.HeartbeatGenerator] (executor-thread-1) 💓 [HEARTBEAT] Invio heartbeat: {"stazioneId":"Padova","stato":"ONLINE","timestamp":"2026-08-15T14:59:46.038431789Z","tipoEvento":"HEARTBEAT","bufferSize":0}
2026-08-15 16:59:56,039 INFO  [it.uni.reti2.HeartbeatGenerator] (executor-thread-1) 💓 [HEARTBEAT] Invio heartbeat: {"stazioneId":"Padova","stato":"ONLINE","timestamp":"2026-08-15T14:59:56.039227556Z","tipoEvento":"HEARTBEAT","bufferSize":0}
2026-08-15 17:00:06,038 INFO  [it.uni.reti2.HeartbeatGenerator] (executor-thread-1) 💓 [HEARTBEAT] Invio heartbeat: {"stazioneId":"Padova","stato":"ONLINE","timestamp":"2026-08-15T15:00:06.038771671Z","tipoEvento":"HEARTBEAT","bufferSize":0}
2026-08-15 17:00:16,038 INFO  [it.uni.reti2.HeartbeatGenerator] (executor-thread-1) 💓 [HEARTBEAT] Invio heartbeat: {"stazioneId":"Padova","stato":"ONLINE","timestamp":"2026-08-15T15:00:16.038603725Z","tipoEvento":"HEARTBEAT","bufferSize":0}
2026-08-15 17:00:26,038 INFO  [it.uni.reti2.HeartbeatGenerator] (executor-thread-1) 💓 [HEARTBEAT] Invio heartbeat: {"stazioneId":"Padova","stato":"ONLINE","timestamp":"2026-08-15T15:00:26.038296716Z","tipoEvento":"HEARTBEAT","bufferSize":0}
2026-08-15 17:00:36,038 INFO  [it.uni.reti2.HeartbeatGenerator] (executor-thread-1) 💓 [HEARTBEAT] Invio heartbeat: {"stazioneId":"Padova","stato":"ONLINE","timestamp":"2026-08-15T15:00:36.038263108Z","tipoEvento":"HEARTBEAT","bufferSize":0}
2026-08-15 17:00:46,038 INFO  [it.uni.reti2.HeartbeatGenerator] (executor-thread-1) 💓 [HEARTBEAT] Invio heartbeat: {"stazioneId":"Padova","stato":"ONLINE","timestamp":"2026-08-15T15:00:46.038748537Z","tipoEvento":"HEARTBEAT","bufferSize":0}
2026-08-15 17:00:56,038 INFO  [it.uni.reti2.HeartbeatGenerator] (executor-thread-1) 💓 [HEARTBEAT] Invio heartbeat: {"stazioneId":"Padova","stato":"ONLINE","timestamp":"2026-08-15T15:00:56.038777874Z","tipoEvento":"HEARTBEAT","bufferSize":0}
2026-08-15 17:01:06,038 INFO  [it.uni.reti2.HeartbeatGenerator] (executor-thread-1) 💓 [HEARTBEAT] Invio heartbeat: {"stazioneId":"Padova","stato":"ONLINE","timestamp":"2026-08-15T15:01:06.038757685Z","tipoEvento":"HEARTBEAT","bufferSize":0}
2026-08-15 17:01:16,038 INFO  [it.uni.reti2.HeartbeatGenerator] (executor-thread-1) 💓 [HEARTBEAT] Invio heartbeat: {"stazioneId":"Padova","stato":"ONLINE","timestamp":"2026-08-15T15:01:16.038718685Z","tipoEvento":"HEARTBEAT","bufferSize":0}
2026-08-15 17:01:26,038 INFO  [it.uni.reti2.HeartbeatGenerator] (executor-thread-1) 💓 [HEARTBEAT] Invio heartbeat: {"stazioneId":"Padova","stato":"ONLINE","timestamp":"2026-08-15T15:01:26.038741400Z","tipoEvento":"HEARTBEAT","bufferSize":0}
2026-08-15 17:01:36,038 INFO  [it.uni.reti2.HeartbeatGenerator] (executor-thread-1) 💓 [HEARTBEAT] Invio heartbeat: {"stazioneId":"Padova","stato":"ONLINE","timestamp":"2026-08-15T15:01:36.038385212Z","tipoEvento":"HEARTBEAT","bufferSize":0}
2026-08-15 17:01:46,038 INFO  [it.uni.reti2.HeartbeatGenerator] (executor-thread-1) 💓 [HEARTBEAT] Invio heartbeat: {"stazioneId":"Padova","stato":"ONLINE","timestamp":"2026-08-15T15:01:46.038357912Z","tipoEvento":"HEARTBEAT","bufferSize":0}
2026-08-15 17:01:56,038 INFO  [it.uni.reti2.HeartbeatGenerator] (executor-thread-1) 💓 [HEARTBEAT] Invio heartbeat: {"stazioneId":"Padova","stato":"ONLINE","timestamp":"2026-08-15T15:01:56.038725880Z","tipoEvento":"HEARTBEAT","bufferSize":0}
2026-08-15 17:02:06,038 INFO  [it.uni.reti2.HeartbeatGenerator] (executor-thread-1) 💓 [HEARTBEAT] Invio heartbeat: {"stazioneId":"Padova","stato":"ONLINE","timestamp":"2026-08-15T15:02:06.038768517Z","tipoEvento":"HEARTBEAT","bufferSize":0}
2026-08-15 17:02:16,038 INFO  [it.uni.reti2.HeartbeatGenerator] (executor-thread-1) 💓 [HEARTBEAT] Invio heartbeat: {"stazioneId":"Padova","stato":"ONLINE","timestamp":"2026-08-15T15:02:16.038788727Z","tipoEvento":"HEARTBEAT","bufferSize":0}
2026-08-15 17:02:26,038 INFO  [it.uni.reti2.HeartbeatGenerator] (executor-thread-1) 💓 [HEARTBEAT] Invio heartbeat: {"stazioneId":"Padova","stato":"ONLINE","timestamp":"2026-08-15T15:02:26.038806312Z","tipoEvento":"HEARTBEAT","bufferSize":0}
2026-08-15 17:02:36,038 INFO  [it.uni.reti2.HeartbeatGenerator] (executor-thread-1) 💓 [HEARTBEAT] Invio heartbeat: {"stazioneId":"Padova","stato":"ONLINE","timestamp":"2026-08-15T15:02:36.038782250Z","tipoEvento":"HEARTBEAT","bufferSize":0}
2026-08-15 17:02:46,038 INFO  [it.uni.reti2.HeartbeatGenerator] (executor-thread-1) 💓 [HEARTBEAT] Invio heartbeat: {"stazioneId":"Padova","stato":"ONLINE","timestamp":"2026-08-15T15:02:46.038775140Z","tipoEvento":"HEARTBEAT","bufferSize":0}
2026-08-15 17:02:56,038 INFO  [it.uni.reti2.HeartbeatGenerator] (executor-thread-1) 💓 [HEARTBEAT] Invio heartbeat: {"stazioneId":"Padova","stato":"ONLINE","timestamp":"2026-08-15T15:02:56.038756582Z","tipoEvento":"HEARTBEAT","bufferSize":0}
2026-08-15 17:03:06,038 INFO  [it.uni.reti2.HeartbeatGenerator] (executor-thread-1) 💓 [HEARTBEAT] Invio heartbeat: {"stazioneId":"Padova","stato":"ONLINE","timestamp":"2026-08-15T15:03:06.038740461Z","tipoEvento":"HEARTBEAT","bufferSize":0}
2026-08-15 17:03:16,038 INFO  [it.uni.reti2.HeartbeatGenerator] (executor-thread-1) 💓 [HEARTBEAT] Invio heartbeat: {"stazioneId":"Padova","stato":"ONLINE","timestamp":"2026-08-15T15:03:16.038801780Z","tipoEvento":"HEARTBEAT","bufferSize":0}
2026-08-15 17:03:26,038 INFO  [it.uni.reti2.HeartbeatGenerator] (executor-thread-1) 💓 [HEARTBEAT] Invio heartbeat: {"stazioneId":"Padova","stato":"ONLINE","timestamp":"2026-08-15T15:03:26.038367199Z","tipoEvento":"HEARTBEAT","bufferSize":0}
2026-08-15 17:03:36,038 INFO  [it.uni.reti2.HeartbeatGenerator] (executor-thread-1) 💓 [HEARTBEAT] Invio heartbeat: {"stazioneId":"Padova","stato":"ONLINE","timestamp":"2026-08-15T15:03:36.038733364Z","tipoEvento":"HEARTBEAT","bufferSize":0}
2026-08-15 17:03:46,038 INFO  [it.uni.reti2.HeartbeatGenerator] (executor-thread-1) 💓 [HEARTBEAT] Invio heartbeat: {"stazioneId":"Padova","stato":"ONLINE","timestamp":"2026-08-15T15:03:46.038698140Z","tipoEvento":"HEARTBEAT","bufferSize":0}
2026-08-15 17:03:56,038 INFO  [it.uni.reti2.HeartbeatGenerator] (executor-thread-1) 💓 [HEARTBEAT] Invio heartbeat: {"stazioneId":"Padova","stato":"ONLINE","timestamp":"2026-08-15T15:03:56.038699390Z","tipoEvento":"HEARTBEAT","bufferSize":0}
2026-08-15 17:04:06,038 INFO  [it.uni.reti2.HeartbeatGenerator] (executor-thread-1) 💓 [HEARTBEAT] Invio heartbeat: {"stazioneId":"Padova","stato":"ONLINE","timestamp":"2026-08-15T15:04:06.038707336Z","tipoEvento":"HEARTBEAT","bufferSize":0}
2026-08-15 17:04:16,038 INFO  [it.uni.reti2.HeartbeatGenerator] (executor-thread-1) 💓 [HEARTBEAT] Invio heartbeat: {"stazioneId":"Padova","stato":"ONLINE","timestamp":"2026-08-15T15:04:16.038417948Z","tipoEvento":"HEARTBEAT","bufferSize":0}
2026-08-15 17:04:26,038 INFO  [it.uni.reti2.HeartbeatGenerator] (executor-thread-1) 💓 [HEARTBEAT] Invio heartbeat: {"stazioneId":"Padova","stato":"ONLINE","timestamp":"2026-08-15T15:04:26.038661801Z","tipoEvento":"HEARTBEAT","bufferSize":0}
2026-08-15 17:04:36,038 INFO  [it.uni.reti2.HeartbeatGenerator] (executor-thread-1) 💓 [HEARTBEAT] Invio heartbeat: {"stazioneId":"Padova","stato":"ONLINE","timestamp":"2026-08-15T15:04:36.038445580Z","tipoEvento":"HEARTBEAT","bufferSize":0}
2026-08-15 17:04:46,038 INFO  [it.uni.reti2.HeartbeatGenerator] (executor-thread-1) 💓 [HEARTBEAT] Invio heartbeat: {"stazioneId":"Padova","stato":"ONLINE","timestamp":"2026-08-15T15:04:46.038337076Z","tipoEvento":"HEARTBEAT","bufferSize":0}
2026-08-15 17:04:56,038 INFO  [it.uni.reti2.HeartbeatGenerator] (executor-thread-1) 💓 [HEARTBEAT] Invio heartbeat: {"stazioneId":"Padova","stato":"ONLINE","timestamp":"2026-08-15T15:04:56.038678348Z","tipoEvento":"HEARTBEAT","bufferSize":0}
2026-08-15 17:05:06,038 INFO  [it.uni.reti2.HeartbeatGenerator] (executor-thread-1) 💓 [HEARTBEAT] Invio heartbeat: {"stazioneId":"Padova","stato":"ONLINE","timestamp":"2026-08-15T15:05:06.038410015Z","tipoEvento":"HEARTBEAT","bufferSize":0}
2026-08-15 17:05:16,038 INFO  [it.uni.reti2.HeartbeatGenerator] (executor-thread-1) 💓 [HEARTBEAT] Invio heartbeat: {"stazioneId":"Padova","stato":"ONLINE","timestamp":"2026-08-15T15:05:16.038388028Z","tipoEvento":"HEARTBEAT","bufferSize":0}
2026-08-15 17:05:26,038 INFO  [it.uni.reti2.HeartbeatGenerator] (executor-thread-1) 💓 [HEARTBEAT] Invio heartbeat: {"stazioneId":"Padova","stato":"ONLINE","timestamp":"2026-08-15T15:05:26.038295459Z","tipoEvento":"HEARTBEAT","bufferSize":0}
2026-08-15 17:05:36,038 INFO  [it.uni.reti2.HeartbeatGenerator] (executor-thread-1) 💓 [HEARTBEAT] Invio heartbeat: {"stazioneId":"Padova","stato":"ONLINE","timestamp":"2026-08-15T15:05:36.038293246Z","tipoEvento":"HEARTBEAT","bufferSize":0}
2026-08-15 17:05:46,038 INFO  [it.uni.reti2.HeartbeatGenerator] (executor-thread-1) 💓 [HEARTBEAT] Invio heartbeat: {"stazioneId":"Padova","stato":"ONLINE","timestamp":"2026-08-15T15:05:46.038712824Z","tipoEvento":"HEARTBEAT","bufferSize":0}
2026-08-15 17:05:56,038 INFO  [it.uni.reti2.HeartbeatGenerator] (executor-thread-1) 💓 [HEARTBEAT] Invio heartbeat: {"stazioneId":"Padova","stato":"ONLINE","timestamp":"2026-08-15T15:05:56.038741379Z","tipoEvento":"HEARTBEAT","bufferSize":0}
2026-08-15 17:06:06,038 INFO  [it.uni.reti2.HeartbeatGenerator] (executor-thread-1) 💓 [HEARTBEAT] Invio heartbeat: {"stazioneId":"Padova","stato":"ONLINE","timestamp":"2026-08-15T15:06:06.038555921Z","tipoEvento":"HEARTBEAT","bufferSize":0}
2026-08-15 17:06:16,038 INFO  [it.uni.reti2.HeartbeatGenerator] (executor-thread-1) 💓 [HEARTBEAT] Invio heartbeat: {"stazioneId":"Padova","stato":"ONLINE","timestamp":"2026-08-15T15:06:16.038350320Z","tipoEvento":"HEARTBEAT","bufferSize":0}
2026-08-15 17:06:26,038 INFO  [it.uni.reti2.HeartbeatGenerator] (executor-thread-1) 💓 [HEARTBEAT] Invio heartbeat: {"stazioneId":"Padova","stato":"ONLINE","timestamp":"2026-08-15T15:06:26.038807586Z","tipoEvento":"HEARTBEAT","bufferSize":0}
2026-08-15 17:06:36,038 INFO  [it.uni.reti2.HeartbeatGenerator] (executor-thread-1) 💓 [HEARTBEAT] Invio heartbeat: {"stazioneId":"Padova","stato":"ONLINE","timestamp":"2026-08-15T15:06:36.038779989Z","tipoEvento":"HEARTBEAT","bufferSize":0}
2026-08-15 17:06:46,038 INFO  [it.uni.reti2.HeartbeatGenerator] (executor-thread-1) 💓 [HEARTBEAT] Invio heartbeat: {"stazioneId":"Padova","stato":"ONLINE","timestamp":"2026-08-15T15:06:46.038732525Z","tipoEvento":"HEARTBEAT","bufferSize":0}
2026-08-15 17:06:56,038 INFO  [it.uni.reti2.HeartbeatGenerator] (executor-thread-1) 💓 [HEARTBEAT] Invio heartbeat: {"stazioneId":"Padova","stato":"ONLINE","timestamp":"2026-08-15T15:06:56.038370363Z","tipoEvento":"HEARTBEAT","bufferSize":0}
2026-08-15 17:07:06,038 INFO  [it.uni.reti2.HeartbeatGenerator] (executor-thread-1) 💓 [HEARTBEAT] Invio heartbeat: {"stazioneId":"Padova","stato":"ONLINE","timestamp":"2026-08-15T15:07:06.038489075Z","tipoEvento":"HEARTBEAT","bufferSize":0}
2026-08-15 17:07:16,038 INFO  [it.uni.reti2.HeartbeatGenerator] (executor-thread-1) 💓 [HEARTBEAT] Invio heartbeat: {"stazioneId":"Padova","stato":"ONLINE","timestamp":"2026-08-15T15:07:16.038540080Z","tipoEvento":"HEARTBEAT","bufferSize":0}
2026-08-15 17:07:26,038 INFO  [it.uni.reti2.HeartbeatGenerator] (executor-thread-1) 💓 [HEARTBEAT] Invio heartbeat: {"stazioneId":"Padova","stato":"ONLINE","timestamp":"2026-08-15T15:07:26.038686916Z","tipoEvento":"HEARTBEAT","bufferSize":0}
2026-08-15 17:07:36,038 INFO  [it.uni.reti2.HeartbeatGenerator] (executor-thread-1) 💓 [HEARTBEAT] Invio heartbeat: {"stazioneId":"Padova","stato":"ONLINE","timestamp":"2026-08-15T15:07:36.038719040Z","tipoEvento":"HEARTBEAT","bufferSize":0}
2026-08-15 17:07:46,038 INFO  [it.uni.reti2.HeartbeatGenerator] (executor-thread-1) 💓 [HEARTBEAT] Invio heartbeat: {"stazioneId":"Padova","stato":"ONLINE","timestamp":"2026-08-15T15:07:46.038739542Z","tipoEvento":"HEARTBEAT","bufferSize":0}
2026-08-15 17:07:56,038 INFO  [it.uni.reti2.HeartbeatGenerator] (executor-thread-1) 💓 [HEARTBEAT] Invio heartbeat: {"stazioneId":"Padova","stato":"ONLINE","timestamp":"2026-08-15T15:07:56.038746892Z","tipoEvento":"HEARTBEAT","bufferSize":0}
2026-08-15 17:08:06,038 INFO  [it.uni.reti2.HeartbeatGenerator] (executor-thread-1) 💓 [HEARTBEAT] Invio heartbeat: {"stazioneId":"Padova","stato":"ONLINE","timestamp":"2026-08-15T15:08:06.038608579Z","tipoEvento":"HEARTBEAT","bufferSize":0}
2026-08-15 17:08:16,038 INFO  [it.uni.reti2.HeartbeatGenerator] (executor-thread-1) 💓 [HEARTBEAT] Invio heartbeat: {"stazioneId":"Padova","stato":"ONLINE","timestamp":"2026-08-15T15:08:16.038323094Z","tipoEvento":"HEARTBEAT","bufferSize":0}
2026-08-15 17:08:26,038 INFO  [it.uni.reti2.HeartbeatGenerator] (executor-thread-1) 💓 [HEARTBEAT] Invio heartbeat: {"stazioneId":"Padova","stato":"ONLINE","timestamp":"2026-08-15T15:08:26.038521930Z","tipoEvento":"HEARTBEAT","bufferSize":0}
2026-08-15 17:08:36,038 INFO  [it.uni.reti2.HeartbeatGenerator] (executor-thread-1) 💓 [HEARTBEAT] Invio heartbeat: {"stazioneId":"Padova","stato":"ONLINE","timestamp":"2026-08-15T15:08:36.038799229Z","tipoEvento":"HEARTBEAT","bufferSize":0}
2026-08-15 17:08:46,038 INFO  [it.uni.reti2.HeartbeatGenerator] (executor-thread-1) 💓 [HEARTBEAT] Invio heartbeat: {"stazioneId":"Padova","stato":"ONLINE","timestamp":"2026-08-15T15:08:46.038284048Z","tipoEvento":"HEARTBEAT","bufferSize":0}
2026-08-15 17:08:56,038 INFO  [it.uni.reti2.HeartbeatGenerator] (executor-thread-1) 💓 [HEARTBEAT] Invio heartbeat: {"stazioneId":"Padova","stato":"ONLINE","timestamp":"2026-08-15T15:08:56.038737106Z","tipoEvento":"HEARTBEAT","bufferSize":0}
2026-08-15 17:09:06,038 INFO  [it.uni.reti2.HeartbeatGenerator] (executor-thread-1) 💓 [HEARTBEAT] Invio heartbeat: {"stazioneId":"Padova","stato":"ONLINE","timestamp":"2026-08-15T15:09:06.038261108Z","tipoEvento":"HEARTBEAT","bufferSize":0}
2026-08-15 17:09:16,038 INFO  [it.uni.reti2.HeartbeatGenerator] (executor-thread-1) 💓 [HEARTBEAT] Invio heartbeat: {"stazioneId":"Padova","stato":"ONLINE","timestamp":"2026-08-15T15:09:16.038304342Z","tipoEvento":"HEARTBEAT","bufferSize":0}
2026-08-15 17:09:26,038 INFO  [it.uni.reti2.HeartbeatGenerator] (executor-thread-1) 💓 [HEARTBEAT] Invio heartbeat: {"stazioneId":"Padova","stato":"ONLINE","timestamp":"2026-08-15T15:09:26.038351801Z","tipoEvento":"HEARTBEAT","bufferSize":0}
2026-08-15 17:09:36,038 INFO  [it.uni.reti2.HeartbeatGenerator] (executor-thread-1) 💓 [HEARTBEAT] Invio heartbeat: {"stazioneId":"Padova","stato":"ONLINE","timestamp":"2026-08-15T15:09:36.038729968Z","tipoEvento":"HEARTBEAT","bufferSize":0}
2026-08-15 17:09:46,038 INFO  [it.uni.reti2.HeartbeatGenerator] (executor-thread-1) 💓 [HEARTBEAT] Invio heartbeat: {"stazioneId":"Padova","stato":"ONLINE","timestamp":"2026-08-15T15:09:46.038794179Z","tipoEvento":"HEARTBEAT","bufferSize":0}
2026-08-15 17:09:56,038 INFO  [it.uni.reti2.HeartbeatGenerator] (executor-thread-1) 💓 [HEARTBEAT] Invio heartbeat: {"stazioneId":"Padova","stato":"ONLINE","timestamp":"2026-08-15T15:09:56.038701497Z","tipoEvento":"HEARTBEAT","bufferSize":0}
2026-08-15 17:10:06,038 INFO  [it.uni.reti2.HeartbeatGenerator] (executor-thread-1) 💓 [HEARTBEAT] Invio heartbeat: {"stazioneId":"Padova","stato":"ONLINE","timestamp":"2026-08-15T15:10:06.038774213Z","tipoEvento":"HEARTBEAT","bufferSize":0}
2026-08-15 17:10:16,038 INFO  [it.uni.reti2.HeartbeatGenerator] (executor-thread-1) 💓 [HEARTBEAT] Invio heartbeat: {"stazioneId":"Padova","stato":"ONLINE","timestamp":"2026-08-15T15:10:16.038757286Z","tipoEvento":"HEARTBEAT","bufferSize":0}
2026-08-15 17:10:26,038 INFO  [it.uni.reti2.HeartbeatGenerator] (executor-thread-1) 💓 [HEARTBEAT] Invio heartbeat: {"stazioneId":"Padova","stato":"ONLINE","timestamp":"2026-08-15T15:10:26.038903501Z","tipoEvento":"HEARTBEAT","bufferSize":0}
2026-08-15 17:10:36,038 INFO  [it.uni.reti2.HeartbeatGenerator] (executor-thread-1) 💓 [HEARTBEAT] Invio heartbeat: {"stazioneId":"Padova","stato":"ONLINE","timestamp":"2026-08-15T15:10:36.038743679Z","tipoEvento":"HEARTBEAT","bufferSize":0}
2026-08-15 17:10:46,038 INFO  [it.uni.reti2.HeartbeatGenerator] (executor-thread-1) 💓 [HEARTBEAT] Invio heartbeat: {"stazioneId":"Padova","stato":"ONLINE","timestamp":"2026-08-15T15:10:46.038749724Z","tipoEvento":"HEARTBEAT","bufferSize":0}
2026-08-15 17:10:56,038 INFO  [it.uni.reti2.HeartbeatGenerator] (executor-thread-1) 💓 [HEARTBEAT] Invio heartbeat: {"stazioneId":"Padova","stato":"ONLINE","timestamp":"2026-08-15T15:10:56.038753658Z","tipoEvento":"HEARTBEAT","bufferSize":0}
2026-08-15 17:11:06,038 INFO  [it.uni.reti2.HeartbeatGenerator] (executor-thread-1) 💓 [HEARTBEAT] Invio heartbeat: {"stazioneId":"Padova","stato":"ONLINE","timestamp":"2026-08-15T15:11:06.038510470Z","tipoEvento":"HEARTBEAT","bufferSize":0}
2026-08-15 17:11:16,038 INFO  [it.uni.reti2.HeartbeatGenerator] (executor-thread-1) 💓 [HEARTBEAT] Invio heartbeat: {"stazioneId":"Padova","stato":"ONLINE","timestamp":"2026-08-15T15:11:16.038393846Z","tipoEvento":"HEARTBEAT","bufferSize":0}
2026-08-15 17:11:26,038 INFO  [it.uni.reti2.HeartbeatGenerator] (executor-thread-1) 💓 [HEARTBEAT] Invio heartbeat: {"stazioneId":"Padova","stato":"ONLINE","timestamp":"2026-08-15T15:11:26.038277965Z","tipoEvento":"HEARTBEAT","bufferSize":0}
2026-08-15 17:11:36,038 INFO  [it.uni.reti2.HeartbeatGenerator] (executor-thread-1) 💓 [HEARTBEAT] Invio heartbeat: {"stazioneId":"Padova","stato":"ONLINE","timestamp":"2026-08-15T15:11:36.038723148Z","tipoEvento":"HEARTBEAT","bufferSize":0}
2026-08-15 17:11:46,038 INFO  [it.uni.reti2.HeartbeatGenerator] (executor-thread-1) 💓 [HEARTBEAT] Invio heartbeat: {"stazioneId":"Padova","stato":"ONLINE","timestamp":"2026-08-15T15:11:46.038255661Z","tipoEvento":"HEARTBEAT","bufferSize":0}
2026-08-15 17:11:56,038 INFO  [it.uni.reti2.HeartbeatGenerator] (executor-thread-1) 💓 [HEARTBEAT] Invio heartbeat: {"stazioneId":"Padova","stato":"ONLINE","timestamp":"2026-08-15T15:11:56.038317014Z","tipoEvento":"HEARTBEAT","bufferSize":0}
2026-08-15 17:12:06,038 INFO  [it.uni.reti2.HeartbeatGenerator] (executor-thread-1) 💓 [HEARTBEAT] Invio heartbeat: {"stazioneId":"Padova","stato":"ONLINE","timestamp":"2026-08-15T15:12:06.038241998Z","tipoEvento":"HEARTBEAT","bufferSize":0}
2026-08-15 17:12:16,038 INFO  [it.uni.reti2.HeartbeatGenerator] (executor-thread-1) 💓 [HEARTBEAT] Invio heartbeat: {"stazioneId":"Padova","stato":"ONLINE","timestamp":"2026-08-15T15:12:16.038387247Z","tipoEvento":"HEARTBEAT","bufferSize":0}
2026-08-15 17:12:26,038 INFO  [it.uni.reti2.HeartbeatGenerator] (executor-thread-1) 💓 [HEARTBEAT] Invio heartbeat: {"stazioneId":"Padova","stato":"ONLINE","timestamp":"2026-08-15T15:12:26.038718544Z","tipoEvento":"HEARTBEAT","bufferSize":0}
2026-08-15 17:12:36,038 INFO  [it.uni.reti2.HeartbeatGenerator] (executor-thread-1) 💓 [HEARTBEAT] Invio heartbeat: {"stazioneId":"Padova","stato":"ONLINE","timestamp":"2026-08-15T15:12:36.038270024Z","tipoEvento":"HEARTBEAT","bufferSize":0}
2026-08-15 17:12:46,038 INFO  [it.uni.reti2.HeartbeatGenerator] (executor-thread-1) 💓 [HEARTBEAT] Invio heartbeat: {"stazioneId":"Padova","stato":"ONLINE","timestamp":"2026-08-15T15:12:46.038239686Z","tipoEvento":"HEARTBEAT","bufferSize":0}
2026-08-15 17:12:56,038 INFO  [it.uni.reti2.HeartbeatGenerator] (executor-thread-1) 💓 [HEARTBEAT] Invio heartbeat: {"stazioneId":"Padova","stato":"ONLINE","timestamp":"2026-08-15T15:12:56.038231608Z","tipoEvento":"HEARTBEAT","bufferSize":0}
2026-08-15 17:13:06,038 INFO  [it.uni.reti2.HeartbeatGenerator] (executor-thread-1) 💓 [HEARTBEAT] Invio heartbeat: {"stazioneId":"Padova","stato":"ONLINE","timestamp":"2026-08-15T15:13:06.038296721Z","tipoEvento":"HEARTBEAT","bufferSize":0}
2026-08-15 17:13:16,038 INFO  [it.uni.reti2.HeartbeatGenerator] (executor-thread-1) 💓 [HEARTBEAT] Invio heartbeat: {"stazioneId":"Padova","stato":"ONLINE","timestamp":"2026-08-15T15:13:16.038538686Z","tipoEvento":"HEARTBEAT","bufferSize":0}
2026-08-15 17:13:26,038 INFO  [it.uni.reti2.HeartbeatGenerator] (executor-thread-1) 💓 [HEARTBEAT] Invio heartbeat: {"stazioneId":"Padova","stato":"ONLINE","timestamp":"2026-08-15T15:13:26.038279304Z","tipoEvento":"HEARTBEAT","bufferSize":0}
2026-08-15 17:13:36,038 INFO  [it.uni.reti2.HeartbeatGenerator] (executor-thread-1) 💓 [HEARTBEAT] Invio heartbeat: {"stazioneId":"Padova","stato":"ONLINE","timestamp":"2026-08-15T15:13:36.038288012Z","tipoEvento":"HEARTBEAT","bufferSize":0}
2026-08-15 17:13:46,038 INFO  [it.uni.reti2.HeartbeatGenerator] (executor-thread-1) 💓 [HEARTBEAT] Invio heartbeat: {"stazioneId":"Padova","stato":"ONLINE","timestamp":"2026-08-15T15:13:46.038271154Z","tipoEvento":"HEARTBEAT","bufferSize":0}
2026-08-15 17:13:56,038 INFO  [it.uni.reti2.HeartbeatGenerator] (executor-thread-1) 💓 [HEARTBEAT] Invio heartbeat: {"stazioneId":"Padova","stato":"ONLINE","timestamp":"2026-08-15T15:13:56.038721847Z","tipoEvento":"HEARTBEAT","bufferSize":0}
2026-08-15 17:14:06,038 INFO  [it.uni.reti2.HeartbeatGenerator] (executor-thread-1) 💓 [HEARTBEAT] Invio heartbeat: {"stazioneId":"Padova","stato":"ONLINE","timestamp":"2026-08-15T15:14:06.038291295Z","tipoEvento":"HEARTBEAT","bufferSize":0}
2026-08-15 17:14:16,038 INFO  [it.uni.reti2.HeartbeatGenerator] (executor-thread-1) 💓 [HEARTBEAT] Invio heartbeat: {"stazioneId":"Padova","stato":"ONLINE","timestamp":"2026-08-15T15:14:16.038259998Z","tipoEvento":"HEARTBEAT","bufferSize":0}
2026-08-15 17:14:26,038 INFO  [it.uni.reti2.HeartbeatGenerator] (executor-thread-1) 💓 [HEARTBEAT] Invio heartbeat: {"stazioneId":"Padova","stato":"ONLINE","timestamp":"2026-08-15T15:14:26.038302871Z","tipoEvento":"HEARTBEAT","bufferSize":0}
2026-08-15 17:14:36,038 INFO  [it.uni.reti2.HeartbeatGenerator] (executor-thread-1) 💓 [HEARTBEAT] Invio heartbeat: {"stazioneId":"Padova","stato":"ONLINE","timestamp":"2026-08-15T15:14:36.038587021Z","tipoEvento":"HEARTBEAT","bufferSize":0}
2026-08-15 17:14:46,038 INFO  [it.uni.reti2.HeartbeatGenerator] (executor-thread-1) 💓 [HEARTBEAT] Invio heartbeat: {"stazioneId":"Padova","stato":"ONLINE","timestamp":"2026-08-15T15:14:46.038279835Z","tipoEvento":"HEARTBEAT","bufferSize":0}
2026-08-15 17:14:56,038 INFO  [it.uni.reti2.HeartbeatGenerator] (executor-thread-1) 💓 [HEARTBEAT] Invio heartbeat: {"stazioneId":"Padova","stato":"ONLINE","timestamp":"2026-08-15T15:14:56.038257212Z","tipoEvento":"HEARTBEAT","bufferSize":0}
2026-08-15 17:15:06,038 INFO  [it.uni.reti2.HeartbeatGenerator] (executor-thread-1) 💓 [HEARTBEAT] Invio heartbeat: {"stazioneId":"Padova","stato":"ONLINE","timestamp":"2026-08-15T15:15:06.038182345Z","tipoEvento":"HEARTBEAT","bufferSize":0}
2026-08-15 17:15:16,038 INFO  [it.uni.reti2.HeartbeatGenerator] (executor-thread-1) 💓 [HEARTBEAT] Invio heartbeat: {"stazioneId":"Padova","stato":"ONLINE","timestamp":"2026-08-15T15:15:16.038278022Z","tipoEvento":"HEARTBEAT","bufferSize":0}
2026-08-15 17:15:26,038 INFO  [it.uni.reti2.HeartbeatGenerator] (executor-thread-1) 💓 [HEARTBEAT] Invio heartbeat: {"stazioneId":"Padova","stato":"ONLINE","timestamp":"2026-08-15T15:15:26.038290113Z","tipoEvento":"HEARTBEAT","bufferSize":0}
2026-08-15 17:15:36,038 INFO  [it.uni.reti2.HeartbeatGenerator] (executor-thread-1) 💓 [HEARTBEAT] Invio heartbeat: {"stazioneId":"Padova","stato":"ONLINE","timestamp":"2026-08-15T15:15:36.038400751Z","tipoEvento":"HEARTBEAT","bufferSize":0}
2026-08-15 17:15:46,038 INFO  [it.uni.reti2.HeartbeatGenerator] (executor-thread-1) 💓 [HEARTBEAT] Invio heartbeat: {"stazioneId":"Padova","stato":"ONLINE","timestamp":"2026-08-15T15:15:46.038411486Z","tipoEvento":"HEARTBEAT","bufferSize":0}
2026-08-15 17:15:56,038 INFO  [it.uni.reti2.HeartbeatGenerator] (executor-thread-1) 💓 [HEARTBEAT] Invio heartbeat: {"stazioneId":"Padova","stato":"ONLINE","timestamp":"2026-08-15T15:15:56.038358985Z","tipoEvento":"HEARTBEAT","bufferSize":0}
2026-08-15 17:16:06,038 INFO  [it.uni.reti2.HeartbeatGenerator] (executor-thread-1) 💓 [HEARTBEAT] Invio heartbeat: {"stazioneId":"Padova","stato":"ONLINE","timestamp":"2026-08-15T15:16:06.038306980Z","tipoEvento":"HEARTBEAT","bufferSize":0}
2026-08-15 17:16:16,038 INFO  [it.uni.reti2.HeartbeatGenerator] (executor-thread-1) 💓 [HEARTBEAT] Invio heartbeat: {"stazioneId":"Padova","stato":"ONLINE","timestamp":"2026-08-15T15:16:16.038226502Z","tipoEvento":"HEARTBEAT","bufferSize":0}
2026-08-15 17:16:26,038 INFO  [it.uni.reti2.HeartbeatGenerator] (executor-thread-1) 💓 [HEARTBEAT] Invio heartbeat: {"stazioneId":"Padova","stato":"ONLINE","timestamp":"2026-08-15T15:16:26.038768770Z","tipoEvento":"HEARTBEAT","bufferSize":0}
2026-08-15 17:16:36,038 INFO  [it.uni.reti2.HeartbeatGenerator] (executor-thread-1) 💓 [HEARTBEAT] Invio heartbeat: {"stazioneId":"Padova","stato":"ONLINE","timestamp":"2026-08-15T15:16:36.038648414Z","tipoEvento":"HEARTBEAT","bufferSize":0}
2026-08-15 17:16:46,038 INFO  [it.uni.reti2.HeartbeatGenerator] (executor-thread-1) 💓 [HEARTBEAT] Invio heartbeat: {"stazioneId":"Padova","stato":"ONLINE","timestamp":"2026-08-15T15:16:46.038511848Z","tipoEvento":"HEARTBEAT","bufferSize":0}
2026-08-15 17:16:56,038 INFO  [it.uni.reti2.HeartbeatGenerator] (executor-thread-1) 💓 [HEARTBEAT] Invio heartbeat: {"stazioneId":"Padova","stato":"ONLINE","timestamp":"2026-08-15T15:16:56.038851495Z","tipoEvento":"HEARTBEAT","bufferSize":0}
2026-08-15 17:17:06,038 INFO  [it.uni.reti2.HeartbeatGenerator] (executor-thread-1) 💓 [HEARTBEAT] Invio heartbeat: {"stazioneId":"Padova","stato":"ONLINE","timestamp":"2026-08-15T15:17:06.038344989Z","tipoEvento":"HEARTBEAT","bufferSize":0}
2026-08-15 17:17:16,038 INFO  [it.uni.reti2.HeartbeatGenerator] (executor-thread-1) 💓 [HEARTBEAT] Invio heartbeat: {"stazioneId":"Padova","stato":"ONLINE","timestamp":"2026-08-15T15:17:16.038381744Z","tipoEvento":"HEARTBEAT","bufferSize":0}
2026-08-15 17:17:26,038 INFO  [it.uni.reti2.HeartbeatGenerator] (executor-thread-1) 💓 [HEARTBEAT] Invio heartbeat: {"stazioneId":"Padova","stato":"ONLINE","timestamp":"2026-08-15T15:17:26.038454305Z","tipoEvento":"HEARTBEAT","bufferSize":0}
2026-08-15 17:17:36,038 INFO  [it.uni.reti2.HeartbeatGenerator] (executor-thread-1) 💓 [HEARTBEAT] Invio heartbeat: {"stazioneId":"Padova","stato":"ONLINE","timestamp":"2026-08-15T15:17:36.038338499Z","tipoEvento":"HEARTBEAT","bufferSize":0}
2026-08-15 17:17:46,038 INFO  [it.uni.reti2.HeartbeatGenerator] (executor-thread-1) 💓 [HEARTBEAT] Invio heartbeat: {"stazioneId":"Padova","stato":"ONLINE","timestamp":"2026-08-15T15:17:46.038319220Z","tipoEvento":"HEARTBEAT","bufferSize":0}
2026-08-15 17:17:56,038 INFO  [it.uni.reti2.HeartbeatGenerator] (executor-thread-1) 💓 [HEARTBEAT] Invio heartbeat: {"stazioneId":"Padova","stato":"ONLINE","timestamp":"2026-08-15T15:17:56.038448142Z","tipoEvento":"HEARTBEAT","bufferSize":0}
2026-08-15 17:18:06,038 INFO  [it.uni.reti2.HeartbeatGenerator] (executor-thread-1) 💓 [HEARTBEAT] Invio heartbeat: {"stazioneId":"Padova","stato":"ONLINE","timestamp":"2026-08-15T15:18:06.038807911Z","tipoEvento":"HEARTBEAT","bufferSize":0}
2026-08-15 17:18:16,038 INFO  [it.uni.reti2.HeartbeatGenerator] (executor-thread-1) 💓 [HEARTBEAT] Invio heartbeat: {"stazioneId":"Padova","stato":"ONLINE","timestamp":"2026-08-15T15:18:16.038301805Z","tipoEvento":"HEARTBEAT","bufferSize":0}
2026-08-15 17:18:26,038 INFO  [it.uni.reti2.HeartbeatGenerator] (executor-thread-1) 💓 [HEARTBEAT] Invio heartbeat: {"stazioneId":"Padova","stato":"ONLINE","timestamp":"2026-08-15T15:18:26.038740033Z","tipoEvento":"HEARTBEAT","bufferSize":0}
2026-08-15 17:18:36,038 INFO  [it.uni.reti2.HeartbeatGenerator] (executor-thread-1) 💓 [HEARTBEAT] Invio heartbeat: {"stazioneId":"Padova","stato":"ONLINE","timestamp":"2026-08-15T15:18:36.038281317Z","tipoEvento":"HEARTBEAT","bufferSize":0}
2026-08-15 17:18:46,038 INFO  [it.uni.reti2.HeartbeatGenerator] (executor-thread-1) 💓 [HEARTBEAT] Invio heartbeat: {"stazioneId":"Padova","stato":"ONLINE","timestamp":"2026-08-15T15:18:46.038292588Z","tipoEvento":"HEARTBEAT","bufferSize":0}
2026-08-15 17:18:56,038 INFO  [it.uni.reti2.HeartbeatGenerator] (executor-thread-1) 💓 [HEARTBEAT] Invio heartbeat: {"stazioneId":"Padova","stato":"ONLINE","timestamp":"2026-08-15T15:18:56.038358076Z","tipoEvento":"HEARTBEAT","bufferSize":0}
2026-08-15 17:19:06,039 INFO  [it.uni.reti2.HeartbeatGenerator] (executor-thread-1) 💓 [HEARTBEAT] Invio heartbeat: {"stazioneId":"Padova","stato":"ONLINE","timestamp":"2026-08-15T15:19:06.039226590Z","tipoEvento":"HEARTBEAT","bufferSize":0}
2026-08-15 17:19:16,038 INFO  [it.uni.reti2.HeartbeatGenerator] (executor-thread-1) 💓 [HEARTBEAT] Invio heartbeat: {"stazioneId":"Padova","stato":"ONLINE","timestamp":"2026-08-15T15:19:16.038324940Z","tipoEvento":"HEARTBEAT","bufferSize":0}
2026-08-15 17:19:26,038 INFO  [it.uni.reti2.HeartbeatGenerator] (executor-thread-1) 💓 [HEARTBEAT] Invio heartbeat: {"stazioneId":"Padova","stato":"ONLINE","timestamp":"2026-08-15T15:19:26.038286514Z","tipoEvento":"HEARTBEAT","bufferSize":0}
2026-08-15 17:19:36,038 INFO  [it.uni.reti2.HeartbeatGenerator] (executor-thread-1) 💓 [HEARTBEAT] Invio heartbeat: {"stazioneId":"Padova","stato":"ONLINE","timestamp":"2026-08-15T15:19:36.038368268Z","tipoEvento":"HEARTBEAT","bufferSize":0}
2026-08-15 17:19:46,038 INFO  [it.uni.reti2.HeartbeatGenerator] (executor-thread-1) 💓 [HEARTBEAT] Invio heartbeat: {"stazioneId":"Padova","stato":"ONLINE","timestamp":"2026-08-15T15:19:46.038307043Z","tipoEvento":"HEARTBEAT","bufferSize":0}
2026-08-15 17:19:56,038 INFO  [it.uni.reti2.HeartbeatGenerator] (executor-thread-1) 💓 [HEARTBEAT] Invio heartbeat: {"stazioneId":"Padova","stato":"ONLINE","timestamp":"2026-08-15T15:19:56.038302569Z","tipoEvento":"HEARTBEAT","bufferSize":0}
2026-08-15 17:20:06,038 INFO  [it.uni.reti2.HeartbeatGenerator] (executor-thread-1) 💓 [HEARTBEAT] Invio heartbeat: {"stazioneId":"Padova","stato":"ONLINE","timestamp":"2026-08-15T15:20:06.038190411Z","tipoEvento":"HEARTBEAT","bufferSize":0}
2026-08-15 17:20:16,038 INFO  [it.uni.reti2.HeartbeatGenerator] (executor-thread-1) 💓 [HEARTBEAT] Invio heartbeat: {"stazioneId":"Padova","stato":"ONLINE","timestamp":"2026-08-15T15:20:16.038559036Z","tipoEvento":"HEARTBEAT","bufferSize":0}
2026-08-15 17:20:26,038 INFO  [it.uni.reti2.HeartbeatGenerator] (executor-thread-1) 💓 [HEARTBEAT] Invio heartbeat: {"stazioneId":"Padova","stato":"ONLINE","timestamp":"2026-08-15T15:20:26.038310872Z","tipoEvento":"HEARTBEAT","bufferSize":0}
2026-08-15 17:20:36,038 INFO  [it.uni.reti2.HeartbeatGenerator] (executor-thread-1) 💓 [HEARTBEAT] Invio heartbeat: {"stazioneId":"Padova","stato":"ONLINE","timestamp":"2026-08-15T15:20:36.038338518Z","tipoEvento":"HEARTBEAT","bufferSize":0}
2026-08-15 17:20:46,038 INFO  [it.uni.reti2.HeartbeatGenerator] (executor-thread-1) 💓 [HEARTBEAT] Invio heartbeat: {"stazioneId":"Padova","stato":"ONLINE","timestamp":"2026-08-15T15:20:46.038648042Z","tipoEvento":"HEARTBEAT","bufferSize":0}
2026-08-15 17:20:56,038 INFO  [it.uni.reti2.HeartbeatGenerator] (executor-thread-1) 💓 [HEARTBEAT] Invio heartbeat: {"stazioneId":"Padova","stato":"ONLINE","timestamp":"2026-08-15T15:20:56.038721738Z","tipoEvento":"HEARTBEAT","bufferSize":0}
2026-08-15 17:21:06,038 INFO  [it.uni.reti2.HeartbeatGenerator] (executor-thread-1) 💓 [HEARTBEAT] Invio heartbeat: {"stazioneId":"Padova","stato":"ONLINE","timestamp":"2026-08-15T15:21:06.038406168Z","tipoEvento":"HEARTBEAT","bufferSize":0}
2026-08-15 17:21:16,038 INFO  [it.uni.reti2.HeartbeatGenerator] (executor-thread-1) 💓 [HEARTBEAT] Invio heartbeat: {"stazioneId":"Padova","stato":"ONLINE","timestamp":"2026-08-15T15:21:16.038523503Z","tipoEvento":"HEARTBEAT","bufferSize":0}
2026-08-15 17:21:26,038 INFO  [it.uni.reti2.HeartbeatGenerator] (executor-thread-1) 💓 [HEARTBEAT] Invio heartbeat: {"stazioneId":"Padova","stato":"ONLINE","timestamp":"2026-08-15T15:21:26.038300323Z","tipoEvento":"HEARTBEAT","bufferSize":0}
2026-08-15 17:21:36,038 INFO  [it.uni.reti2.HeartbeatGenerator] (executor-thread-1) 💓 [HEARTBEAT] Invio heartbeat: {"stazioneId":"Padova","stato":"ONLINE","timestamp":"2026-08-15T15:21:36.038273744Z","tipoEvento":"HEARTBEAT","bufferSize":0}
2026-08-15 17:21:46,038 INFO  [it.uni.reti2.HeartbeatGenerator] (executor-thread-1) 💓 [HEARTBEAT] Invio heartbeat: {"stazioneId":"Padova","stato":"ONLINE","timestamp":"2026-08-15T15:21:46.038290178Z","tipoEvento":"HEARTBEAT","bufferSize":0}
2026-08-15 17:21:56,038 INFO  [it.uni.reti2.HeartbeatGenerator] (executor-thread-1) 💓 [HEARTBEAT] Invio heartbeat: {"stazioneId":"Padova","stato":"ONLINE","timestamp":"2026-08-15T15:21:56.038716018Z","tipoEvento":"HEARTBEAT","bufferSize":0}
2026-08-15 17:22:06,038 INFO  [it.uni.reti2.HeartbeatGenerator] (executor-thread-1) 💓 [HEARTBEAT] Invio heartbeat: {"stazioneId":"Padova","stato":"ONLINE","timestamp":"2026-08-15T15:22:06.038321207Z","tipoEvento":"HEARTBEAT","bufferSize":0}
2026-08-15 17:22:16,038 INFO  [it.uni.reti2.HeartbeatGenerator] (executor-thread-1) 💓 [HEARTBEAT] Invio heartbeat: {"stazioneId":"Padova","stato":"ONLINE","timestamp":"2026-08-15T15:22:16.038712586Z","tipoEvento":"HEARTBEAT","bufferSize":0}
2026-08-15 18:25:12,864 INFO  [io.smallrye.reactive.messaging.mqtt.session.impl.MqttClientSessionImpl] (vert.x-eventloop-thread-0) Connection closed: Connection closed
2026-08-15 18:25:13,867 INFO  [io.vertx.mqtt.impl.MqttClientImpl] (vert.x-eventloop-thread-0) Connection with localhost:1883 established successfully
2026-08-15 18:25:18,617 INFO  [it.uni.reti2.HeartbeatGenerator] (executor-thread-1) 💓 [HEARTBEAT] Invio heartbeat: {"stazioneId":"Padova","stato":"ONLINE","timestamp":"2026-08-15T16:25:18.617042347Z","tipoEvento":"HEARTBEAT","bufferSize":0}
2026-08-15 18:25:18,631 WARN  [it.uni.reti2.StationGateway] (vert.x-eventloop-thread-1) 🚨 [ALERT RICEVUTO] La Centrale dice: {"tipoEvento":"RESOLVED","origine":"CENTRALE","sorgenteTipo":"STAZIONE","sorgenteId":"Padova","guastoId":"alert-1786811112895-5417e4ae","timestamp":"2026-08-15T16:25:18.628887915Z"}
2026-08-15 18:25:18,631 INFO  [it.uni.reti2.StationGateway] (vert.x-eventloop-thread-1) 🔧 Stazione ripristinata dalla Centrale! Stato di nuovo ONLINE.
2026-08-15 18:25:18,640 WARN  [it.uni.reti2.StationGateway] (vert.x-eventloop-thread-1) 🚨 [ALERT RICEVUTO] La Centrale dice: {"tipoEvento":"RESOLVED","origine":"CENTRALE","sorgenteTipo":"STAZIONE","sorgenteId":"TO","guastoId":"alert-1786811112881-0452f624","timestamp":"2026-08-15T16:25:18.637978368Z"}
2026-08-15 18:25:18,648 WARN  [it.uni.reti2.StationGateway] (vert.x-eventloop-thread-1) 🚨 [ALERT RICEVUTO] La Centrale dice: {"tipoEvento":"RESOLVED","origine":"CENTRALE","sorgenteTipo":"STAZIONE","sorgenteId":"PA","guastoId":"alert-1786811112866-050ea40c","timestamp":"2026-08-15T16:25:18.646445358Z"}
2026-08-15 18:25:18,658 WARN  [it.uni.reti2.StationGateway] (vert.x-eventloop-thread-1) 🚨 [ALERT RICEVUTO] La Centrale dice: {"tipoEvento":"RESOLVED","origine":"CENTRALE","sorgenteTipo":"STAZIONE","sorgenteId":"MI","guastoId":"alert-1786811112887-bc492b3f","timestamp":"2026-08-15T16:25:18.653713761Z"}
2026-08-15 18:25:28,617 INFO  [it.uni.reti2.HeartbeatGenerator] (executor-thread-1) 💓 [HEARTBEAT] Invio heartbeat: {"stazioneId":"Padova","stato":"ONLINE","timestamp":"2026-08-15T16:25:28.617372194Z","tipoEvento":"HEARTBEAT","bufferSize":0}
2026-08-15 18:25:38,617 INFO  [it.uni.reti2.HeartbeatGenerator] (executor-thread-1) 💓 [HEARTBEAT] Invio heartbeat: {"stazioneId":"Padova","stato":"ONLINE","timestamp":"2026-08-15T16:25:38.617376181Z","tipoEvento":"HEARTBEAT","bufferSize":0}
2026-08-15 18:25:48,617 INFO  [it.uni.reti2.HeartbeatGenerator] (executor-thread-1) 💓 [HEARTBEAT] Invio heartbeat: {"stazioneId":"Padova","stato":"ONLINE","timestamp":"2026-08-15T16:25:48.617512530Z","tipoEvento":"HEARTBEAT","bufferSize":0}
2026-08-15 18:25:58,617 INFO  [it.uni.reti2.HeartbeatGenerator] (executor-thread-1) 💓 [HEARTBEAT] Invio heartbeat: {"stazioneId":"Padova","stato":"ONLINE","timestamp":"2026-08-15T16:25:58.617521762Z","tipoEvento":"HEARTBEAT","bufferSize":0}
2026-08-15 18:26:08,617 INFO  [it.uni.reti2.HeartbeatGenerator] (executor-thread-1) 💓 [HEARTBEAT] Invio heartbeat: {"stazioneId":"Padova","stato":"ONLINE","timestamp":"2026-08-15T16:26:08.617047334Z","tipoEvento":"HEARTBEAT","bufferSize":0}
2026-08-15 18:26:18,617 INFO  [it.uni.reti2.HeartbeatGenerator] (executor-thread-1) 💓 [HEARTBEAT] Invio heartbeat: {"stazioneId":"Padova","stato":"ONLINE","timestamp":"2026-08-15T16:26:18.617489845Z","tipoEvento":"HEARTBEAT","bufferSize":0}
2026-08-15 18:26:28,617 INFO  [it.uni.reti2.HeartbeatGenerator] (executor-thread-1) 💓 [HEARTBEAT] Invio heartbeat: {"stazioneId":"Padova","stato":"ONLINE","timestamp":"2026-08-15T16:26:28.617731639Z","tipoEvento":"HEARTBEAT","bufferSize":0}
2026-08-15 18:26:38,617 INFO  [it.uni.reti2.HeartbeatGenerator] (executor-thread-1) 💓 [HEARTBEAT] Invio heartbeat: {"stazioneId":"Padova","stato":"ONLINE","timestamp":"2026-08-15T16:26:38.617632331Z","tipoEvento":"HEARTBEAT","bufferSize":0}
2026-08-15 18:26:48,617 INFO  [it.uni.reti2.HeartbeatGenerator] (executor-thread-1) 💓 [HEARTBEAT] Invio heartbeat: {"stazioneId":"Padova","stato":"ONLINE","timestamp":"2026-08-15T16:26:48.617171108Z","tipoEvento":"HEARTBEAT","bufferSize":0}
2026-08-15 18:26:58,617 INFO  [it.uni.reti2.HeartbeatGenerator] (executor-thread-1) 💓 [HEARTBEAT] Invio heartbeat: {"stazioneId":"Padova","stato":"ONLINE","timestamp":"2026-08-15T16:26:58.617554100Z","tipoEvento":"HEARTBEAT","bufferSize":0}
2026-08-15 18:27:08,617 INFO  [it.uni.reti2.HeartbeatGenerator] (executor-thread-1) 💓 [HEARTBEAT] Invio heartbeat: {"stazioneId":"Padova","stato":"ONLINE","timestamp":"2026-08-15T16:27:08.617438336Z","tipoEvento":"HEARTBEAT","bufferSize":0}
2026-08-15 18:27:18,617 INFO  [it.uni.reti2.HeartbeatGenerator] (executor-thread-1) 💓 [HEARTBEAT] Invio heartbeat: {"stazioneId":"Padova","stato":"ONLINE","timestamp":"2026-08-15T16:27:18.617516382Z","tipoEvento":"HEARTBEAT","bufferSize":0}
2026-08-15 18:27:28,617 INFO  [it.uni.reti2.HeartbeatGenerator] (executor-thread-1) 💓 [HEARTBEAT] Invio heartbeat: {"stazioneId":"Padova","stato":"ONLINE","timestamp":"2026-08-15T16:27:28.617516194Z","tipoEvento":"HEARTBEAT","bufferSize":0}
2026-08-15 18:27:38,617 INFO  [it.uni.reti2.HeartbeatGenerator] (executor-thread-1) 💓 [HEARTBEAT] Invio heartbeat: {"stazioneId":"Padova","stato":"ONLINE","timestamp":"2026-08-15T16:27:38.617069354Z","tipoEvento":"HEARTBEAT","bufferSize":0}
2026-08-15 18:27:48,617 INFO  [it.uni.reti2.HeartbeatGenerator] (executor-thread-1) 💓 [HEARTBEAT] Invio heartbeat: {"stazioneId":"Padova","stato":"ONLINE","timestamp":"2026-08-15T16:27:48.617371400Z","tipoEvento":"HEARTBEAT","bufferSize":0}
2026-08-15 18:27:58,617 INFO  [it.uni.reti2.HeartbeatGenerator] (executor-thread-1) 💓 [HEARTBEAT] Invio heartbeat: {"stazioneId":"Padova","stato":"ONLINE","timestamp":"2026-08-15T16:27:58.617593880Z","tipoEvento":"HEARTBEAT","bufferSize":0}
2026-08-15 18:28:08,617 INFO  [it.uni.reti2.HeartbeatGenerator] (executor-thread-1) 💓 [HEARTBEAT] Invio heartbeat: {"stazioneId":"Padova","stato":"ONLINE","timestamp":"2026-08-15T16:28:08.617511897Z","tipoEvento":"HEARTBEAT","bufferSize":0}
2026-08-15 18:28:18,617 INFO  [it.uni.reti2.HeartbeatGenerator] (executor-thread-1) 💓 [HEARTBEAT] Invio heartbeat: {"stazioneId":"Padova","stato":"ONLINE","timestamp":"2026-08-15T16:28:18.617466664Z","tipoEvento":"HEARTBEAT","bufferSize":0}
2026-08-15 18:28:28,617 INFO  [it.uni.reti2.HeartbeatGenerator] (executor-thread-1) 💓 [HEARTBEAT] Invio heartbeat: {"stazioneId":"Padova","stato":"ONLINE","timestamp":"2026-08-15T16:28:28.617376087Z","tipoEvento":"HEARTBEAT","bufferSize":0}
2026-08-15 18:28:38,617 INFO  [it.uni.reti2.HeartbeatGenerator] (executor-thread-1) 💓 [HEARTBEAT] Invio heartbeat: {"stazioneId":"Padova","stato":"ONLINE","timestamp":"2026-08-15T16:28:38.617487314Z","tipoEvento":"HEARTBEAT","bufferSize":0}
2026-08-15 18:28:48,617 INFO  [it.uni.reti2.HeartbeatGenerator] (executor-thread-1) 💓 [HEARTBEAT] Invio heartbeat: {"stazioneId":"Padova","stato":"ONLINE","timestamp":"2026-08-15T16:28:48.617448324Z","tipoEvento":"HEARTBEAT","bufferSize":0}
2026-08-15 18:28:58,617 INFO  [it.uni.reti2.HeartbeatGenerator] (executor-thread-1) 💓 [HEARTBEAT] Invio heartbeat: {"stazioneId":"Padova","stato":"ONLINE","timestamp":"2026-08-15T16:28:58.617504391Z","tipoEvento":"HEARTBEAT","bufferSize":0}
2026-08-15 18:29:08,617 INFO  [it.uni.reti2.HeartbeatGenerator] (executor-thread-1) 💓 [HEARTBEAT] Invio heartbeat: {"stazioneId":"Padova","stato":"ONLINE","timestamp":"2026-08-15T16:29:08.617075112Z","tipoEvento":"HEARTBEAT","bufferSize":0}
2026-08-15 18:29:18,617 INFO  [it.uni.reti2.HeartbeatGenerator] (executor-thread-1) 💓 [HEARTBEAT] Invio heartbeat: {"stazioneId":"Padova","stato":"ONLINE","timestamp":"2026-08-15T16:29:18.617476434Z","tipoEvento":"HEARTBEAT","bufferSize":0}
2026-08-15 18:29:28,617 INFO  [it.uni.reti2.HeartbeatGenerator] (executor-thread-1) 💓 [HEARTBEAT] Invio heartbeat: {"stazioneId":"Padova","stato":"ONLINE","timestamp":"2026-08-15T16:29:28.617288810Z","tipoEvento":"HEARTBEAT","bufferSize":0}
2026-08-15 18:29:38,617 INFO  [it.uni.reti2.HeartbeatGenerator] (executor-thread-1) 💓 [HEARTBEAT] Invio heartbeat: {"stazioneId":"Padova","stato":"ONLINE","timestamp":"2026-08-15T16:29:38.617133415Z","tipoEvento":"HEARTBEAT","bufferSize":0}
2026-08-15 18:29:48,617 INFO  [it.uni.reti2.HeartbeatGenerator] (executor-thread-1) 💓 [HEARTBEAT] Invio heartbeat: {"stazioneId":"Padova","stato":"ONLINE","timestamp":"2026-08-15T16:29:48.617434583Z","tipoEvento":"HEARTBEAT","bufferSize":0}
2026-08-15 18:29:58,617 INFO  [it.uni.reti2.HeartbeatGenerator] (executor-thread-1) 💓 [HEARTBEAT] Invio heartbeat: {"stazioneId":"Padova","stato":"ONLINE","timestamp":"2026-08-15T16:29:58.617155587Z","tipoEvento":"HEARTBEAT","bufferSize":0}
2026-08-15 18:30:08,617 INFO  [it.uni.reti2.HeartbeatGenerator] (executor-thread-1) 💓 [HEARTBEAT] Invio heartbeat: {"stazioneId":"Padova","stato":"ONLINE","timestamp":"2026-08-15T16:30:08.617100514Z","tipoEvento":"HEARTBEAT","bufferSize":0}
2026-08-15 18:30:18,617 INFO  [it.uni.reti2.HeartbeatGenerator] (executor-thread-1) 💓 [HEARTBEAT] Invio heartbeat: {"stazioneId":"Padova","stato":"ONLINE","timestamp":"2026-08-15T16:30:18.617060288Z","tipoEvento":"HEARTBEAT","bufferSize":0}
2026-08-15 18:30:28,617 INFO  [it.uni.reti2.HeartbeatGenerator] (executor-thread-1) 💓 [HEARTBEAT] Invio heartbeat: {"stazioneId":"Padova","stato":"ONLINE","timestamp":"2026-08-15T16:30:28.617477902Z","tipoEvento":"HEARTBEAT","bufferSize":0}
2026-08-15 18:30:38,617 INFO  [it.uni.reti2.HeartbeatGenerator] (executor-thread-1) 💓 [HEARTBEAT] Invio heartbeat: {"stazioneId":"Padova","stato":"ONLINE","timestamp":"2026-08-15T16:30:38.617116971Z","tipoEvento":"HEARTBEAT","bufferSize":0}
2026-08-15 18:30:48,617 INFO  [it.uni.reti2.HeartbeatGenerator] (executor-thread-1) 💓 [HEARTBEAT] Invio heartbeat: {"stazioneId":"Padova","stato":"ONLINE","timestamp":"2026-08-15T16:30:48.617312245Z","tipoEvento":"HEARTBEAT","bufferSize":0}
2026-08-15 18:30:58,617 INFO  [it.uni.reti2.HeartbeatGenerator] (executor-thread-1) 💓 [HEARTBEAT] Invio heartbeat: {"stazioneId":"Padova","stato":"ONLINE","timestamp":"2026-08-15T16:30:58.617314484Z","tipoEvento":"HEARTBEAT","bufferSize":0}
2026-08-15 18:31:08,617 INFO  [it.uni.reti2.HeartbeatGenerator] (executor-thread-1) 💓 [HEARTBEAT] Invio heartbeat: {"stazioneId":"Padova","stato":"ONLINE","timestamp":"2026-08-15T16:31:08.617141863Z","tipoEvento":"HEARTBEAT","bufferSize":0}
2026-08-15 18:31:18,617 INFO  [it.uni.reti2.HeartbeatGenerator] (executor-thread-1) 💓 [HEARTBEAT] Invio heartbeat: {"stazioneId":"Padova","stato":"ONLINE","timestamp":"2026-08-15T16:31:18.617354238Z","tipoEvento":"HEARTBEAT","bufferSize":0}
2026-08-15 18:31:28,617 INFO  [it.uni.reti2.HeartbeatGenerator] (executor-thread-1) 💓 [HEARTBEAT] Invio heartbeat: {"stazioneId":"Padova","stato":"ONLINE","timestamp":"2026-08-15T16:31:28.617508141Z","tipoEvento":"HEARTBEAT","bufferSize":0}
2026-08-15 18:31:38,617 INFO  [it.uni.reti2.HeartbeatGenerator] (executor-thread-1) 💓 [HEARTBEAT] Invio heartbeat: {"stazioneId":"Padova","stato":"ONLINE","timestamp":"2026-08-15T16:31:38.617497307Z","tipoEvento":"HEARTBEAT","bufferSize":0}
2026-08-15 18:31:48,617 INFO  [it.uni.reti2.HeartbeatGenerator] (executor-thread-1) 💓 [HEARTBEAT] Invio heartbeat: {"stazioneId":"Padova","stato":"ONLINE","timestamp":"2026-08-15T16:31:48.617534131Z","tipoEvento":"HEARTBEAT","bufferSize":0}
2026-08-15 18:31:58,617 INFO  [it.uni.reti2.HeartbeatGenerator] (executor-thread-1) 💓 [HEARTBEAT] Invio heartbeat: {"stazioneId":"Padova","stato":"ONLINE","timestamp":"2026-08-15T16:31:58.617436698Z","tipoEvento":"HEARTBEAT","bufferSize":0}
2026-08-15 18:32:08,617 INFO  [it.uni.reti2.HeartbeatGenerator] (executor-thread-1) 💓 [HEARTBEAT] Invio heartbeat: {"stazioneId":"Padova","stato":"ONLINE","timestamp":"2026-08-15T16:32:08.617071466Z","tipoEvento":"HEARTBEAT","bufferSize":0}
2026-08-15 18:32:18,617 INFO  [it.uni.reti2.HeartbeatGenerator] (executor-thread-1) 💓 [HEARTBEAT] Invio heartbeat: {"stazioneId":"Padova","stato":"ONLINE","timestamp":"2026-08-15T16:32:18.617488534Z","tipoEvento":"HEARTBEAT","bufferSize":0}
2026-08-15 18:32:28,617 INFO  [it.uni.reti2.HeartbeatGenerator] (executor-thread-1) 💓 [HEARTBEAT] Invio heartbeat: {"stazioneId":"Padova","stato":"ONLINE","timestamp":"2026-08-15T16:32:28.617301744Z","tipoEvento":"HEARTBEAT","bufferSize":0}
2026-08-15 18:32:38,617 INFO  [it.uni.reti2.HeartbeatGenerator] (executor-thread-1) 💓 [HEARTBEAT] Invio heartbeat: {"stazioneId":"Padova","stato":"ONLINE","timestamp":"2026-08-15T16:32:38.617039314Z","tipoEvento":"HEARTBEAT","bufferSize":0}
2026-08-15 18:32:48,617 INFO  [it.uni.reti2.HeartbeatGenerator] (executor-thread-1) 💓 [HEARTBEAT] Invio heartbeat: {"stazioneId":"Padova","stato":"ONLINE","timestamp":"2026-08-15T16:32:48.617332402Z","tipoEvento":"HEARTBEAT","bufferSize":0}
2026-08-15 18:32:58,617 INFO  [it.uni.reti2.HeartbeatGenerator] (executor-thread-1) 💓 [HEARTBEAT] Invio heartbeat: {"stazioneId":"Padova","stato":"ONLINE","timestamp":"2026-08-15T16:32:58.617308706Z","tipoEvento":"HEARTBEAT","bufferSize":0}
2026-08-15 18:33:08,617 INFO  [it.uni.reti2.HeartbeatGenerator] (executor-thread-1) 💓 [HEARTBEAT] Invio heartbeat: {"stazioneId":"Padova","stato":"ONLINE","timestamp":"2026-08-15T16:33:08.617473276Z","tipoEvento":"HEARTBEAT","bufferSize":0}
2026-08-15 18:33:18,617 INFO  [it.uni.reti2.HeartbeatGenerator] (executor-thread-1) 💓 [HEARTBEAT] Invio heartbeat: {"stazioneId":"Padova","stato":"ONLINE","timestamp":"2026-08-15T16:33:18.617418504Z","tipoEvento":"HEARTBEAT","bufferSize":0}
2026-08-15 18:33:28,617 INFO  [it.uni.reti2.HeartbeatGenerator] (executor-thread-1) 💓 [HEARTBEAT] Invio heartbeat: {"stazioneId":"Padova","stato":"ONLINE","timestamp":"2026-08-15T16:33:28.617019804Z","tipoEvento":"HEARTBEAT","bufferSize":0}
2026-08-15 18:33:38,617 INFO  [it.uni.reti2.HeartbeatGenerator] (executor-thread-1) 💓 [HEARTBEAT] Invio heartbeat: {"stazioneId":"Padova","stato":"ONLINE","timestamp":"2026-08-15T16:33:38.617353074Z","tipoEvento":"HEARTBEAT","bufferSize":0}
2026-08-15 18:33:48,617 INFO  [it.uni.reti2.HeartbeatGenerator] (executor-thread-1) 💓 [HEARTBEAT] Invio heartbeat: {"stazioneId":"Padova","stato":"ONLINE","timestamp":"2026-08-15T16:33:48.617039925Z","tipoEvento":"HEARTBEAT","bufferSize":0}
2026-08-15 18:33:58,617 INFO  [it.uni.reti2.HeartbeatGenerator] (executor-thread-1) 💓 [HEARTBEAT] Invio heartbeat: {"stazioneId":"Padova","stato":"ONLINE","timestamp":"2026-08-15T16:33:58.617425534Z","tipoEvento":"HEARTBEAT","bufferSize":0}
2026-08-15 18:34:08,617 INFO  [it.uni.reti2.HeartbeatGenerator] (executor-thread-1) 💓 [HEARTBEAT] Invio heartbeat: {"stazioneId":"Padova","stato":"ONLINE","timestamp":"2026-08-15T16:34:08.617079080Z","tipoEvento":"HEARTBEAT","bufferSize":0}
2026-08-15 18:34:18,617 INFO  [it.uni.reti2.HeartbeatGenerator] (executor-thread-1) 💓 [HEARTBEAT] Invio heartbeat: {"stazioneId":"Padova","stato":"ONLINE","timestamp":"2026-08-15T16:34:18.617064006Z","tipoEvento":"HEARTBEAT","bufferSize":0}
2026-08-15 18:34:28,617 INFO  [it.uni.reti2.HeartbeatGenerator] (executor-thread-1) 💓 [HEARTBEAT] Invio heartbeat: {"stazioneId":"Padova","stato":"ONLINE","timestamp":"2026-08-15T16:34:28.617484070Z","tipoEvento":"HEARTBEAT","bufferSize":0}
2026-08-15 18:34:38,617 INFO  [it.uni.reti2.HeartbeatGenerator] (executor-thread-1) 💓 [HEARTBEAT] Invio heartbeat: {"stazioneId":"Padova","stato":"ONLINE","timestamp":"2026-08-15T16:34:38.617029366Z","tipoEvento":"HEARTBEAT","bufferSize":0}
2026-08-15 18:34:48,617 INFO  [it.uni.reti2.HeartbeatGenerator] (executor-thread-1) 💓 [HEARTBEAT] Invio heartbeat: {"stazioneId":"Padova","stato":"ONLINE","timestamp":"2026-08-15T16:34:48.617350741Z","tipoEvento":"HEARTBEAT","bufferSize":0}
2026-08-15 18:34:58,617 INFO  [it.uni.reti2.HeartbeatGenerator] (executor-thread-1) 💓 [HEARTBEAT] Invio heartbeat: {"stazioneId":"Padova","stato":"ONLINE","timestamp":"2026-08-15T16:34:58.617203712Z","tipoEvento":"HEARTBEAT","bufferSize":0}
2026-08-15 18:35:08,617 INFO  [it.uni.reti2.HeartbeatGenerator] (executor-thread-1) 💓 [HEARTBEAT] Invio heartbeat: {"stazioneId":"Padova","stato":"ONLINE","timestamp":"2026-08-15T16:35:08.617199282Z","tipoEvento":"HEARTBEAT","bufferSize":0}
2026-08-15 18:35:18,617 INFO  [it.uni.reti2.HeartbeatGenerator] (executor-thread-1) 💓 [HEARTBEAT] Invio heartbeat: {"stazioneId":"Padova","stato":"ONLINE","timestamp":"2026-08-15T16:35:18.617266978Z","tipoEvento":"HEARTBEAT","bufferSize":0}
2026-08-15 18:35:28,617 INFO  [it.uni.reti2.HeartbeatGenerator] (executor-thread-1) 💓 [HEARTBEAT] Invio heartbeat: {"stazioneId":"Padova","stato":"ONLINE","timestamp":"2026-08-15T16:35:28.617069658Z","tipoEvento":"HEARTBEAT","bufferSize":0}
2026-08-15 18:35:38,617 INFO  [it.uni.reti2.HeartbeatGenerator] (executor-thread-1) 💓 [HEARTBEAT] Invio heartbeat: {"stazioneId":"Padova","stato":"ONLINE","timestamp":"2026-08-15T16:35:38.617087532Z","tipoEvento":"HEARTBEAT","bufferSize":0}
2026-08-15 18:35:48,617 INFO  [it.uni.reti2.HeartbeatGenerator] (executor-thread-1) 💓 [HEARTBEAT] Invio heartbeat: {"stazioneId":"Padova","stato":"ONLINE","timestamp":"2026-08-15T16:35:48.617312994Z","tipoEvento":"HEARTBEAT","bufferSize":0}
2026-08-15 18:35:58,617 INFO  [it.uni.reti2.HeartbeatGenerator] (executor-thread-1) 💓 [HEARTBEAT] Invio heartbeat: {"stazioneId":"Padova","stato":"ONLINE","timestamp":"2026-08-15T16:35:58.617260041Z","tipoEvento":"HEARTBEAT","bufferSize":0}
2026-08-15 18:36:08,617 INFO  [it.uni.reti2.HeartbeatGenerator] (executor-thread-1) 💓 [HEARTBEAT] Invio heartbeat: {"stazioneId":"Padova","stato":"ONLINE","timestamp":"2026-08-15T16:36:08.617196588Z","tipoEvento":"HEARTBEAT","bufferSize":0}
2026-08-15 18:36:18,617 INFO  [it.uni.reti2.HeartbeatGenerator] (executor-thread-1) 💓 [HEARTBEAT] Invio heartbeat: {"stazioneId":"Padova","stato":"ONLINE","timestamp":"2026-08-15T16:36:18.617496987Z","tipoEvento":"HEARTBEAT","bufferSize":0}
2026-08-15 18:36:28,617 INFO  [it.uni.reti2.HeartbeatGenerator] (executor-thread-1) 💓 [HEARTBEAT] Invio heartbeat: {"stazioneId":"Padova","stato":"ONLINE","timestamp":"2026-08-15T16:36:28.617141927Z","tipoEvento":"HEARTBEAT","bufferSize":0}
2026-08-15 18:36:38,617 INFO  [it.uni.reti2.HeartbeatGenerator] (executor-thread-1) 💓 [HEARTBEAT] Invio heartbeat: {"stazioneId":"Padova","stato":"ONLINE","timestamp":"2026-08-15T16:36:38.617075168Z","tipoEvento":"HEARTBEAT","bufferSize":0}
2026-08-15 18:36:48,617 INFO  [it.uni.reti2.HeartbeatGenerator] (executor-thread-1) 💓 [HEARTBEAT] Invio heartbeat: {"stazioneId":"Padova","stato":"ONLINE","timestamp":"2026-08-15T16:36:48.617468404Z","tipoEvento":"HEARTBEAT","bufferSize":0}
2026-08-15 18:36:58,617 INFO  [it.uni.reti2.HeartbeatGenerator] (executor-thread-1) 💓 [HEARTBEAT] Invio heartbeat: {"stazioneId":"Padova","stato":"ONLINE","timestamp":"2026-08-15T16:36:58.617590321Z","tipoEvento":"HEARTBEAT","bufferSize":0}
2026-08-15 18:37:08,617 INFO  [it.uni.reti2.HeartbeatGenerator] (executor-thread-1) 💓 [HEARTBEAT] Invio heartbeat: {"stazioneId":"Padova","stato":"ONLINE","timestamp":"2026-08-15T16:37:08.617060840Z","tipoEvento":"HEARTBEAT","bufferSize":0}
2026-08-15 18:37:18,617 INFO  [it.uni.reti2.HeartbeatGenerator] (executor-thread-1) 💓 [HEARTBEAT] Invio heartbeat: {"stazioneId":"Padova","stato":"ONLINE","timestamp":"2026-08-15T16:37:18.616992964Z","tipoEvento":"HEARTBEAT","bufferSize":0}
2026-08-15 18:37:28,616 INFO  [it.uni.reti2.HeartbeatGenerator] (executor-thread-1) 💓 [HEARTBEAT] Invio heartbeat: {"stazioneId":"Padova","stato":"ONLINE","timestamp":"2026-08-15T16:37:28.616955225Z","tipoEvento":"HEARTBEAT","bufferSize":0}
2026-08-15 18:37:38,616 INFO  [it.uni.reti2.HeartbeatGenerator] (executor-thread-1) 💓 [HEARTBEAT] Invio heartbeat: {"stazioneId":"Padova","stato":"ONLINE","timestamp":"2026-08-15T16:37:38.616931042Z","tipoEvento":"HEARTBEAT","bufferSize":0}
2026-08-15 18:37:48,617 INFO  [it.uni.reti2.HeartbeatGenerator] (executor-thread-1) 💓 [HEARTBEAT] Invio heartbeat: {"stazioneId":"Padova","stato":"ONLINE","timestamp":"2026-08-15T16:37:48.616985328Z","tipoEvento":"HEARTBEAT","bufferSize":0}
2026-08-15 18:37:58,616 INFO  [it.uni.reti2.HeartbeatGenerator] (executor-thread-1) 💓 [HEARTBEAT] Invio heartbeat: {"stazioneId":"Padova","stato":"ONLINE","timestamp":"2026-08-15T16:37:58.616947524Z","tipoEvento":"HEARTBEAT","bufferSize":0}
2026-08-15 18:38:08,616 INFO  [it.uni.reti2.HeartbeatGenerator] (executor-thread-1) 💓 [HEARTBEAT] Invio heartbeat: {"stazioneId":"Padova","stato":"ONLINE","timestamp":"2026-08-15T16:38:08.616959046Z","tipoEvento":"HEARTBEAT","bufferSize":0}
2026-08-15 18:38:18,616 INFO  [it.uni.reti2.HeartbeatGenerator] (executor-thread-1) 💓 [HEARTBEAT] Invio heartbeat: {"stazioneId":"Padova","stato":"ONLINE","timestamp":"2026-08-15T16:38:18.616971605Z","tipoEvento":"HEARTBEAT","bufferSize":0}
2026-08-15 18:38:28,617 INFO  [it.uni.reti2.HeartbeatGenerator] (executor-thread-1) 💓 [HEARTBEAT] Invio heartbeat: {"stazioneId":"Padova","stato":"ONLINE","timestamp":"2026-08-15T16:38:28.617461148Z","tipoEvento":"HEARTBEAT","bufferSize":0}
2026-08-15 18:38:38,617 INFO  [it.uni.reti2.HeartbeatGenerator] (executor-thread-1) 💓 [HEARTBEAT] Invio heartbeat: {"stazioneId":"Padova","stato":"ONLINE","timestamp":"2026-08-15T16:38:38.617471588Z","tipoEvento":"HEARTBEAT","bufferSize":0}
2026-08-15 18:38:48,617 INFO  [it.uni.reti2.HeartbeatGenerator] (executor-thread-1) 💓 [HEARTBEAT] Invio heartbeat: {"stazioneId":"Padova","stato":"ONLINE","timestamp":"2026-08-15T16:38:48.617122989Z","tipoEvento":"HEARTBEAT","bufferSize":0}
2026-08-15 18:38:58,617 INFO  [it.uni.reti2.HeartbeatGenerator] (executor-thread-1) 💓 [HEARTBEAT] Invio heartbeat: {"stazioneId":"Padova","stato":"ONLINE","timestamp":"2026-08-15T16:38:58.616971496Z","tipoEvento":"HEARTBEAT","bufferSize":0}
2026-08-15 18:39:08,617 INFO  [it.uni.reti2.HeartbeatGenerator] (executor-thread-1) 💓 [HEARTBEAT] Invio heartbeat: {"stazioneId":"Padova","stato":"ONLINE","timestamp":"2026-08-15T16:39:08.617002147Z","tipoEvento":"HEARTBEAT","bufferSize":0}
2026-08-15 18:39:18,617 INFO  [it.uni.reti2.HeartbeatGenerator] (executor-thread-1) 💓 [HEARTBEAT] Invio heartbeat: {"stazioneId":"Padova","stato":"ONLINE","timestamp":"2026-08-15T16:39:18.617058923Z","tipoEvento":"HEARTBEAT","bufferSize":0}
2026-08-15 18:39:28,617 INFO  [it.uni.reti2.HeartbeatGenerator] (executor-thread-1) 💓 [HEARTBEAT] Invio heartbeat: {"stazioneId":"Padova","stato":"ONLINE","timestamp":"2026-08-15T16:39:28.617310840Z","tipoEvento":"HEARTBEAT","bufferSize":0}
2026-08-15 18:39:38,617 INFO  [it.uni.reti2.HeartbeatGenerator] (executor-thread-1) 💓 [HEARTBEAT] Invio heartbeat: {"stazioneId":"Padova","stato":"ONLINE","timestamp":"2026-08-15T16:39:38.617486750Z","tipoEvento":"HEARTBEAT","bufferSize":0}
2026-08-15 18:39:48,617 INFO  [it.uni.reti2.HeartbeatGenerator] (executor-thread-1) 💓 [HEARTBEAT] Invio heartbeat: {"stazioneId":"Padova","stato":"ONLINE","timestamp":"2026-08-15T16:39:48.617779570Z","tipoEvento":"HEARTBEAT","bufferSize":0}
2026-08-15 18:39:58,617 INFO  [it.uni.reti2.HeartbeatGenerator] (executor-thread-1) 💓 [HEARTBEAT] Invio heartbeat: {"stazioneId":"Padova","stato":"ONLINE","timestamp":"2026-08-15T16:39:58.617637167Z","tipoEvento":"HEARTBEAT","bufferSize":0}
2026-08-15 18:40:08,617 INFO  [it.uni.reti2.HeartbeatGenerator] (executor-thread-1) 💓 [HEARTBEAT] Invio heartbeat: {"stazioneId":"Padova","stato":"ONLINE","timestamp":"2026-08-15T16:40:08.617472088Z","tipoEvento":"HEARTBEAT","bufferSize":0}
2026-08-15 18:40:18,617 INFO  [it.uni.reti2.HeartbeatGenerator] (executor-thread-1) 💓 [HEARTBEAT] Invio heartbeat: {"stazioneId":"Padova","stato":"ONLINE","timestamp":"2026-08-15T16:40:18.617512742Z","tipoEvento":"HEARTBEAT","bufferSize":0}
2026-08-15 18:40:28,617 INFO  [it.uni.reti2.HeartbeatGenerator] (executor-thread-1) 💓 [HEARTBEAT] Invio heartbeat: {"stazioneId":"Padova","stato":"ONLINE","timestamp":"2026-08-15T16:40:28.617465008Z","tipoEvento":"HEARTBEAT","bufferSize":0}
2026-08-15 18:40:38,617 INFO  [it.uni.reti2.HeartbeatGenerator] (executor-thread-1) 💓 [HEARTBEAT] Invio heartbeat: {"stazioneId":"Padova","stato":"ONLINE","timestamp":"2026-08-15T16:40:38.617074464Z","tipoEvento":"HEARTBEAT","bufferSize":0}
2026-08-15 18:40:48,617 INFO  [it.uni.reti2.HeartbeatGenerator] (executor-thread-1) 💓 [HEARTBEAT] Invio heartbeat: {"stazioneId":"Padova","stato":"ONLINE","timestamp":"2026-08-15T16:40:48.617079108Z","tipoEvento":"HEARTBEAT","bufferSize":0}
2026-08-15 18:40:58,617 INFO  [it.uni.reti2.HeartbeatGenerator] (executor-thread-1) 💓 [HEARTBEAT] Invio heartbeat: {"stazioneId":"Padova","stato":"ONLINE","timestamp":"2026-08-15T16:40:58.617065956Z","tipoEvento":"HEARTBEAT","bufferSize":0}
2026-08-15 18:41:08,617 INFO  [it.uni.reti2.HeartbeatGenerator] (executor-thread-1) 💓 [HEARTBEAT] Invio heartbeat: {"stazioneId":"Padova","stato":"ONLINE","timestamp":"2026-08-15T16:41:08.617367088Z","tipoEvento":"HEARTBEAT","bufferSize":0}
2026-08-15 18:41:18,617 INFO  [it.uni.reti2.HeartbeatGenerator] (executor-thread-1) 💓 [HEARTBEAT] Invio heartbeat: {"stazioneId":"Padova","stato":"ONLINE","timestamp":"2026-08-15T16:41:18.617563551Z","tipoEvento":"HEARTBEAT","bufferSize":0}
2026-08-15 18:41:28,617 INFO  [it.uni.reti2.HeartbeatGenerator] (executor-thread-1) 💓 [HEARTBEAT] Invio heartbeat: {"stazioneId":"Padova","stato":"ONLINE","timestamp":"2026-08-15T16:41:28.617114755Z","tipoEvento":"HEARTBEAT","bufferSize":0}
2026-08-15 18:41:38,616 INFO  [it.uni.reti2.HeartbeatGenerator] (executor-thread-1) 💓 [HEARTBEAT] Invio heartbeat: {"stazioneId":"Padova","stato":"ONLINE","timestamp":"2026-08-15T16:41:38.616930801Z","tipoEvento":"HEARTBEAT","bufferSize":0}
2026-08-15 18:41:48,616 INFO  [it.uni.reti2.HeartbeatGenerator] (executor-thread-1) 💓 [HEARTBEAT] Invio heartbeat: {"stazioneId":"Padova","stato":"ONLINE","timestamp":"2026-08-15T16:41:48.616931900Z","tipoEvento":"HEARTBEAT","bufferSize":0}
2026-08-15 18:41:58,616 INFO  [it.uni.reti2.HeartbeatGenerator] (executor-thread-1) 💓 [HEARTBEAT] Invio heartbeat: {"stazioneId":"Padova","stato":"ONLINE","timestamp":"2026-08-15T16:41:58.616945624Z","tipoEvento":"HEARTBEAT","bufferSize":0}
2026-08-15 18:42:08,616 INFO  [it.uni.reti2.HeartbeatGenerator] (executor-thread-1) 💓 [HEARTBEAT] Invio heartbeat: {"stazioneId":"Padova","stato":"ONLINE","timestamp":"2026-08-15T16:42:08.616959030Z","tipoEvento":"HEARTBEAT","bufferSize":0}
2026-08-15 18:42:18,616 INFO  [it.uni.reti2.HeartbeatGenerator] (executor-thread-1) 💓 [HEARTBEAT] Invio heartbeat: {"stazioneId":"Padova","stato":"ONLINE","timestamp":"2026-08-15T16:42:18.616921298Z","tipoEvento":"HEARTBEAT","bufferSize":0}
2026-08-15 18:42:28,617 INFO  [it.uni.reti2.HeartbeatGenerator] (executor-thread-1) 💓 [HEARTBEAT] Invio heartbeat: {"stazioneId":"Padova","stato":"ONLINE","timestamp":"2026-08-15T16:42:28.616994553Z","tipoEvento":"HEARTBEAT","bufferSize":0}
2026-08-15 18:42:38,617 INFO  [it.uni.reti2.HeartbeatGenerator] (executor-thread-1) 💓 [HEARTBEAT] Invio heartbeat: {"stazioneId":"Padova","stato":"ONLINE","timestamp":"2026-08-15T16:42:38.617088915Z","tipoEvento":"HEARTBEAT","bufferSize":0}
2026-08-15 18:42:48,617 INFO  [it.uni.reti2.HeartbeatGenerator] (executor-thread-1) 💓 [HEARTBEAT] Invio heartbeat: {"stazioneId":"Padova","stato":"ONLINE","timestamp":"2026-08-15T16:42:48.617603054Z","tipoEvento":"HEARTBEAT","bufferSize":0}
2026-08-15 18:42:58,617 INFO  [it.uni.reti2.HeartbeatGenerator] (executor-thread-1) 💓 [HEARTBEAT] Invio heartbeat: {"stazioneId":"Padova","stato":"ONLINE","timestamp":"2026-08-15T16:42:58.617432375Z","tipoEvento":"HEARTBEAT","bufferSize":0}
2026-08-15 18:43:08,617 INFO  [it.uni.reti2.HeartbeatGenerator] (executor-thread-1) 💓 [HEARTBEAT] Invio heartbeat: {"stazioneId":"Padova","stato":"ONLINE","timestamp":"2026-08-15T16:43:08.617450575Z","tipoEvento":"HEARTBEAT","bufferSize":0}
2026-08-15 18:43:18,617 INFO  [it.uni.reti2.HeartbeatGenerator] (executor-thread-1) 💓 [HEARTBEAT] Invio heartbeat: {"stazioneId":"Padova","stato":"ONLINE","timestamp":"2026-08-15T16:43:18.617134736Z","tipoEvento":"HEARTBEAT","bufferSize":0}
2026-08-15 18:43:28,617 INFO  [it.uni.reti2.HeartbeatGenerator] (executor-thread-1) 💓 [HEARTBEAT] Invio heartbeat: {"stazioneId":"Padova","stato":"ONLINE","timestamp":"2026-08-15T16:43:28.617007101Z","tipoEvento":"HEARTBEAT","bufferSize":0}
2026-08-15 18:43:38,617 INFO  [it.uni.reti2.HeartbeatGenerator] (executor-thread-1) 💓 [HEARTBEAT] Invio heartbeat: {"stazioneId":"Padova","stato":"ONLINE","timestamp":"2026-08-15T16:43:38.617036837Z","tipoEvento":"HEARTBEAT","bufferSize":0}
2026-08-15 18:43:48,617 INFO  [it.uni.reti2.HeartbeatGenerator] (executor-thread-1) 💓 [HEARTBEAT] Invio heartbeat: {"stazioneId":"Padova","stato":"ONLINE","timestamp":"2026-08-15T16:43:48.617457402Z","tipoEvento":"HEARTBEAT","bufferSize":0}
2026-08-15 18:43:58,617 INFO  [it.uni.reti2.HeartbeatGenerator] (executor-thread-1) 💓 [HEARTBEAT] Invio heartbeat: {"stazioneId":"Padova","stato":"ONLINE","timestamp":"2026-08-15T16:43:58.617245620Z","tipoEvento":"HEARTBEAT","bufferSize":0}
2026-08-15 18:44:08,617 INFO  [it.uni.reti2.HeartbeatGenerator] (executor-thread-1) 💓 [HEARTBEAT] Invio heartbeat: {"stazioneId":"Padova","stato":"ONLINE","timestamp":"2026-08-15T16:44:08.617529905Z","tipoEvento":"HEARTBEAT","bufferSize":0}
2026-08-15 18:44:18,617 INFO  [it.uni.reti2.HeartbeatGenerator] (executor-thread-1) 💓 [HEARTBEAT] Invio heartbeat: {"stazioneId":"Padova","stato":"ONLINE","timestamp":"2026-08-15T16:44:18.617059085Z","tipoEvento":"HEARTBEAT","bufferSize":0}
2026-08-15 18:44:28,617 INFO  [it.uni.reti2.HeartbeatGenerator] (executor-thread-1) 💓 [HEARTBEAT] Invio heartbeat: {"stazioneId":"Padova","stato":"ONLINE","timestamp":"2026-08-15T16:44:28.617035692Z","tipoEvento":"HEARTBEAT","bufferSize":0}
2026-08-15 18:44:38,617 INFO  [it.uni.reti2.HeartbeatGenerator] (executor-thread-1) 💓 [HEARTBEAT] Invio heartbeat: {"stazioneId":"Padova","stato":"ONLINE","timestamp":"2026-08-15T16:44:38.617540447Z","tipoEvento":"HEARTBEAT","bufferSize":0}
2026-08-15 18:44:48,617 INFO  [it.uni.reti2.HeartbeatGenerator] (executor-thread-1) 💓 [HEARTBEAT] Invio heartbeat: {"stazioneId":"Padova","stato":"ONLINE","timestamp":"2026-08-15T16:44:48.617023075Z","tipoEvento":"HEARTBEAT","bufferSize":0}
2026-08-15 18:44:58,617 INFO  [it.uni.reti2.HeartbeatGenerator] (executor-thread-1) 💓 [HEARTBEAT] Invio heartbeat: {"stazioneId":"Padova","stato":"ONLINE","timestamp":"2026-08-15T16:44:58.616997783Z","tipoEvento":"HEARTBEAT","bufferSize":0}
2026-08-15 18:45:08,617 INFO  [it.uni.reti2.HeartbeatGenerator] (executor-thread-1) 💓 [HEARTBEAT] Invio heartbeat: {"stazioneId":"Padova","stato":"ONLINE","timestamp":"2026-08-15T16:45:08.617303950Z","tipoEvento":"HEARTBEAT","bufferSize":0}
2026-08-15 18:45:18,617 INFO  [it.uni.reti2.HeartbeatGenerator] (executor-thread-1) 💓 [HEARTBEAT] Invio heartbeat: {"stazioneId":"Padova","stato":"ONLINE","timestamp":"2026-08-15T16:45:18.617028840Z","tipoEvento":"HEARTBEAT","bufferSize":0}
2026-08-15 18:45:28,617 INFO  [it.uni.reti2.HeartbeatGenerator] (executor-thread-1) 💓 [HEARTBEAT] Invio heartbeat: {"stazioneId":"Padova","stato":"ONLINE","timestamp":"2026-08-15T16:45:28.617123704Z","tipoEvento":"HEARTBEAT","bufferSize":0}
2026-08-15 18:45:38,617 INFO  [it.uni.reti2.HeartbeatGenerator] (executor-thread-1) 💓 [HEARTBEAT] Invio heartbeat: {"stazioneId":"Padova","stato":"ONLINE","timestamp":"2026-08-15T16:45:38.617154379Z","tipoEvento":"HEARTBEAT","bufferSize":0}
2026-08-15 18:45:48,617 INFO  [it.uni.reti2.HeartbeatGenerator] (executor-thread-1) 💓 [HEARTBEAT] Invio heartbeat: {"stazioneId":"Padova","stato":"ONLINE","timestamp":"2026-08-15T16:45:48.617110013Z","tipoEvento":"HEARTBEAT","bufferSize":0}
2026-08-15 18:45:58,617 INFO  [it.uni.reti2.HeartbeatGenerator] (executor-thread-1) 💓 [HEARTBEAT] Invio heartbeat: {"stazioneId":"Padova","stato":"ONLINE","timestamp":"2026-08-15T16:45:58.617118438Z","tipoEvento":"HEARTBEAT","bufferSize":0}
2026-08-15 18:46:08,617 INFO  [it.uni.reti2.HeartbeatGenerator] (executor-thread-1) 💓 [HEARTBEAT] Invio heartbeat: {"stazioneId":"Padova","stato":"ONLINE","timestamp":"2026-08-15T16:46:08.617445036Z","tipoEvento":"HEARTBEAT","bufferSize":0}
2026-08-15 18:46:18,617 INFO  [it.uni.reti2.HeartbeatGenerator] (executor-thread-1) 💓 [HEARTBEAT] Invio heartbeat: {"stazioneId":"Padova","stato":"ONLINE","timestamp":"2026-08-15T16:46:18.617083396Z","tipoEvento":"HEARTBEAT","bufferSize":0}
2026-08-15 18:46:28,617 INFO  [it.uni.reti2.HeartbeatGenerator] (executor-thread-1) 💓 [HEARTBEAT] Invio heartbeat: {"stazioneId":"Padova","stato":"ONLINE","timestamp":"2026-08-15T16:46:28.617271145Z","tipoEvento":"HEARTBEAT","bufferSize":0}
2026-08-15 18:46:38,617 INFO  [it.uni.reti2.HeartbeatGenerator] (executor-thread-1) 💓 [HEARTBEAT] Invio heartbeat: {"stazioneId":"Padova","stato":"ONLINE","timestamp":"2026-08-15T16:46:38.617049075Z","tipoEvento":"HEARTBEAT","bufferSize":0}
2026-08-15 18:46:48,617 INFO  [it.uni.reti2.HeartbeatGenerator] (executor-thread-1) 💓 [HEARTBEAT] Invio heartbeat: {"stazioneId":"Padova","stato":"ONLINE","timestamp":"2026-08-15T16:46:48.617438077Z","tipoEvento":"HEARTBEAT","bufferSize":0}
2026-08-15 18:46:58,617 INFO  [it.uni.reti2.HeartbeatGenerator] (executor-thread-1) 💓 [HEARTBEAT] Invio heartbeat: {"stazioneId":"Padova","stato":"ONLINE","timestamp":"2026-08-15T16:46:58.617091328Z","tipoEvento":"HEARTBEAT","bufferSize":0}
2026-08-15 18:47:08,617 INFO  [it.uni.reti2.HeartbeatGenerator] (executor-thread-1) 💓 [HEARTBEAT] Invio heartbeat: {"stazioneId":"Padova","stato":"ONLINE","timestamp":"2026-08-15T16:47:08.617251053Z","tipoEvento":"HEARTBEAT","bufferSize":0}
2026-08-15 18:47:18,617 INFO  [it.uni.reti2.HeartbeatGenerator] (executor-thread-1) 💓 [HEARTBEAT] Invio heartbeat: {"stazioneId":"Padova","stato":"ONLINE","timestamp":"2026-08-15T16:47:18.617201225Z","tipoEvento":"HEARTBEAT","bufferSize":0}
2026-08-15 18:47:28,617 INFO  [it.uni.reti2.HeartbeatGenerator] (executor-thread-1) 💓 [HEARTBEAT] Invio heartbeat: {"stazioneId":"Padova","stato":"ONLINE","timestamp":"2026-08-15T16:47:28.617307401Z","tipoEvento":"HEARTBEAT","bufferSize":0}
2026-08-15 18:47:38,617 INFO  [it.uni.reti2.HeartbeatGenerator] (executor-thread-1) 💓 [HEARTBEAT] Invio heartbeat: {"stazioneId":"Padova","stato":"ONLINE","timestamp":"2026-08-15T16:47:38.617087061Z","tipoEvento":"HEARTBEAT","bufferSize":0}
2026-08-15 18:47:48,617 INFO  [it.uni.reti2.HeartbeatGenerator] (executor-thread-1) 💓 [HEARTBEAT] Invio heartbeat: {"stazioneId":"Padova","stato":"ONLINE","timestamp":"2026-08-15T16:47:48.617065062Z","tipoEvento":"HEARTBEAT","bufferSize":0}
2026-08-15 18:47:58,617 INFO  [it.uni.reti2.HeartbeatGenerator] (executor-thread-1) 💓 [HEARTBEAT] Invio heartbeat: {"stazioneId":"Padova","stato":"ONLINE","timestamp":"2026-08-15T16:47:58.617048464Z","tipoEvento":"HEARTBEAT","bufferSize":0}
2026-08-15 18:48:08,617 INFO  [it.uni.reti2.HeartbeatGenerator] (executor-thread-1) 💓 [HEARTBEAT] Invio heartbeat: {"stazioneId":"Padova","stato":"ONLINE","timestamp":"2026-08-15T16:48:08.617073323Z","tipoEvento":"HEARTBEAT","bufferSize":0}
2026-08-15 18:48:18,617 INFO  [it.uni.reti2.HeartbeatGenerator] (executor-thread-1) 💓 [HEARTBEAT] Invio heartbeat: {"stazioneId":"Padova","stato":"ONLINE","timestamp":"2026-08-15T16:48:18.617248728Z","tipoEvento":"HEARTBEAT","bufferSize":0}
2026-08-15 18:48:28,617 INFO  [it.uni.reti2.HeartbeatGenerator] (executor-thread-1) 💓 [HEARTBEAT] Invio heartbeat: {"stazioneId":"Padova","stato":"ONLINE","timestamp":"2026-08-15T16:48:28.617115074Z","tipoEvento":"HEARTBEAT","bufferSize":0}
2026-08-15 18:48:38,617 INFO  [it.uni.reti2.HeartbeatGenerator] (executor-thread-1) 💓 [HEARTBEAT] Invio heartbeat: {"stazioneId":"Padova","stato":"ONLINE","timestamp":"2026-08-15T16:48:38.617179829Z","tipoEvento":"HEARTBEAT","bufferSize":0}
2026-08-15 18:48:48,617 INFO  [it.uni.reti2.HeartbeatGenerator] (executor-thread-1) 💓 [HEARTBEAT] Invio heartbeat: {"stazioneId":"Padova","stato":"ONLINE","timestamp":"2026-08-15T16:48:48.617484899Z","tipoEvento":"HEARTBEAT","bufferSize":0}
2026-08-15 18:48:58,617 INFO  [it.uni.reti2.HeartbeatGenerator] (executor-thread-1) 💓 [HEARTBEAT] Invio heartbeat: {"stazioneId":"Padova","stato":"ONLINE","timestamp":"2026-08-15T16:48:58.617099286Z","tipoEvento":"HEARTBEAT","bufferSize":0}
2026-08-15 18:49:08,617 INFO  [it.uni.reti2.HeartbeatGenerator] (executor-thread-1) 💓 [HEARTBEAT] Invio heartbeat: {"stazioneId":"Padova","stato":"ONLINE","timestamp":"2026-08-15T16:49:08.617048442Z","tipoEvento":"HEARTBEAT","bufferSize":0}
2026-08-15 18:49:18,617 INFO  [it.uni.reti2.HeartbeatGenerator] (executor-thread-1) 💓 [HEARTBEAT] Invio heartbeat: {"stazioneId":"Padova","stato":"ONLINE","timestamp":"2026-08-15T16:49:18.617020165Z","tipoEvento":"HEARTBEAT","bufferSize":0}
2026-08-15 18:49:28,617 INFO  [it.uni.reti2.HeartbeatGenerator] (executor-thread-1) 💓 [HEARTBEAT] Invio heartbeat: {"stazioneId":"Padova","stato":"ONLINE","timestamp":"2026-08-15T16:49:28.617104703Z","tipoEvento":"HEARTBEAT","bufferSize":0}
2026-08-15 18:49:38,617 INFO  [it.uni.reti2.HeartbeatGenerator] (executor-thread-1) 💓 [HEARTBEAT] Invio heartbeat: {"stazioneId":"Padova","stato":"ONLINE","timestamp":"2026-08-15T16:49:38.617052812Z","tipoEvento":"HEARTBEAT","bufferSize":0}
2026-08-15 18:49:48,617 INFO  [it.uni.reti2.HeartbeatGenerator] (executor-thread-1) 💓 [HEARTBEAT] Invio heartbeat: {"stazioneId":"Padova","stato":"ONLINE","timestamp":"2026-08-15T16:49:48.617507764Z","tipoEvento":"HEARTBEAT","bufferSize":0}
2026-08-15 18:49:58,617 INFO  [it.uni.reti2.HeartbeatGenerator] (executor-thread-1) 💓 [HEARTBEAT] Invio heartbeat: {"stazioneId":"Padova","stato":"ONLINE","timestamp":"2026-08-15T16:49:58.617505849Z","tipoEvento":"HEARTBEAT","bufferSize":0}
2026-08-15 18:50:08,617 INFO  [it.uni.reti2.HeartbeatGenerator] (executor-thread-1) 💓 [HEARTBEAT] Invio heartbeat: {"stazioneId":"Padova","stato":"ONLINE","timestamp":"2026-08-15T16:50:08.617061571Z","tipoEvento":"HEARTBEAT","bufferSize":0}
2026-08-15 18:50:18,617 INFO  [it.uni.reti2.HeartbeatGenerator] (executor-thread-1) 💓 [HEARTBEAT] Invio heartbeat: {"stazioneId":"Padova","stato":"ONLINE","timestamp":"2026-08-15T16:50:18.617287918Z","tipoEvento":"HEARTBEAT","bufferSize":0}
2026-08-15 18:50:28,617 INFO  [it.uni.reti2.HeartbeatGenerator] (executor-thread-1) 💓 [HEARTBEAT] Invio heartbeat: {"stazioneId":"Padova","stato":"ONLINE","timestamp":"2026-08-15T16:50:28.617220921Z","tipoEvento":"HEARTBEAT","bufferSize":0}
2026-08-15 18:50:38,617 INFO  [it.uni.reti2.HeartbeatGenerator] (executor-thread-1) 💓 [HEARTBEAT] Invio heartbeat: {"stazioneId":"Padova","stato":"ONLINE","timestamp":"2026-08-15T16:50:38.617011453Z","tipoEvento":"HEARTBEAT","bufferSize":0}
2026-08-15 18:50:48,617 INFO  [it.uni.reti2.HeartbeatGenerator] (executor-thread-1) 💓 [HEARTBEAT] Invio heartbeat: {"stazioneId":"Padova","stato":"ONLINE","timestamp":"2026-08-15T16:50:48.617591906Z","tipoEvento":"HEARTBEAT","bufferSize":0}
2026-08-15 18:50:58,617 INFO  [it.uni.reti2.HeartbeatGenerator] (executor-thread-1) 💓 [HEARTBEAT] Invio heartbeat: {"stazioneId":"Padova","stato":"ONLINE","timestamp":"2026-08-15T16:50:58.617461366Z","tipoEvento":"HEARTBEAT","bufferSize":0}
2026-08-15 18:51:08,617 INFO  [it.uni.reti2.HeartbeatGenerator] (executor-thread-1) 💓 [HEARTBEAT] Invio heartbeat: {"stazioneId":"Padova","stato":"ONLINE","timestamp":"2026-08-15T16:51:08.617055714Z","tipoEvento":"HEARTBEAT","bufferSize":0}
2026-08-15 18:51:18,617 INFO  [it.uni.reti2.HeartbeatGenerator] (executor-thread-1) 💓 [HEARTBEAT] Invio heartbeat: {"stazioneId":"Padova","stato":"ONLINE","timestamp":"2026-08-15T16:51:18.617018784Z","tipoEvento":"HEARTBEAT","bufferSize":0}
2026-08-15 18:51:28,617 INFO  [it.uni.reti2.HeartbeatGenerator] (executor-thread-1) 💓 [HEARTBEAT] Invio heartbeat: {"stazioneId":"Padova","stato":"ONLINE","timestamp":"2026-08-15T16:51:28.617469922Z","tipoEvento":"HEARTBEAT","bufferSize":0}
2026-08-15 18:51:38,617 INFO  [it.uni.reti2.HeartbeatGenerator] (executor-thread-1) 💓 [HEARTBEAT] Invio heartbeat: {"stazioneId":"Padova","stato":"ONLINE","timestamp":"2026-08-15T16:51:38.616981529Z","tipoEvento":"HEARTBEAT","bufferSize":0}
2026-08-15 18:51:48,617 INFO  [it.uni.reti2.HeartbeatGenerator] (executor-thread-1) 💓 [HEARTBEAT] Invio heartbeat: {"stazioneId":"Padova","stato":"ONLINE","timestamp":"2026-08-15T16:51:48.617706330Z","tipoEvento":"HEARTBEAT","bufferSize":0}
2026-08-15 18:51:58,617 INFO  [it.uni.reti2.HeartbeatGenerator] (executor-thread-1) 💓 [HEARTBEAT] Invio heartbeat: {"stazioneId":"Padova","stato":"ONLINE","timestamp":"2026-08-15T16:51:58.617457464Z","tipoEvento":"HEARTBEAT","bufferSize":0}
2026-08-15 18:52:08,617 INFO  [it.uni.reti2.HeartbeatGenerator] (executor-thread-1) 💓 [HEARTBEAT] Invio heartbeat: {"stazioneId":"Padova","stato":"ONLINE","timestamp":"2026-08-15T16:52:08.617094120Z","tipoEvento":"HEARTBEAT","bufferSize":0}
2026-08-15 18:52:18,617 INFO  [it.uni.reti2.HeartbeatGenerator] (executor-thread-1) 💓 [HEARTBEAT] Invio heartbeat: {"stazioneId":"Padova","stato":"ONLINE","timestamp":"2026-08-15T16:52:18.617416737Z","tipoEvento":"HEARTBEAT","bufferSize":0}
2026-08-15 18:52:28,616 INFO  [it.uni.reti2.HeartbeatGenerator] (executor-thread-1) 💓 [HEARTBEAT] Invio heartbeat: {"stazioneId":"Padova","stato":"ONLINE","timestamp":"2026-08-15T16:52:28.616916178Z","tipoEvento":"HEARTBEAT","bufferSize":0}
2026-08-15 18:52:38,617 INFO  [it.uni.reti2.HeartbeatGenerator] (executor-thread-1) 💓 [HEARTBEAT] Invio heartbeat: {"stazioneId":"Padova","stato":"ONLINE","timestamp":"2026-08-15T16:52:38.617156636Z","tipoEvento":"HEARTBEAT","bufferSize":0}
2026-08-15 18:52:48,617 INFO  [it.uni.reti2.HeartbeatGenerator] (executor-thread-1) 💓 [HEARTBEAT] Invio heartbeat: {"stazioneId":"Padova","stato":"ONLINE","timestamp":"2026-08-15T16:52:48.617031816Z","tipoEvento":"HEARTBEAT","bufferSize":0}
2026-08-15 18:52:58,617 INFO  [it.uni.reti2.HeartbeatGenerator] (executor-thread-1) 💓 [HEARTBEAT] Invio heartbeat: {"stazioneId":"Padova","stato":"ONLINE","timestamp":"2026-08-15T16:52:58.616989621Z","tipoEvento":"HEARTBEAT","bufferSize":0}
2026-08-15 18:53:08,617 INFO  [it.uni.reti2.HeartbeatGenerator] (executor-thread-1) 💓 [HEARTBEAT] Invio heartbeat: {"stazioneId":"Padova","stato":"ONLINE","timestamp":"2026-08-15T16:53:08.617484081Z","tipoEvento":"HEARTBEAT","bufferSize":0}
2026-08-15 18:53:18,617 INFO  [it.uni.reti2.HeartbeatGenerator] (executor-thread-1) 💓 [HEARTBEAT] Invio heartbeat: {"stazioneId":"Padova","stato":"ONLINE","timestamp":"2026-08-15T16:53:18.617196107Z","tipoEvento":"HEARTBEAT","bufferSize":0}
2026-08-15 18:53:28,617 INFO  [it.uni.reti2.HeartbeatGenerator] (executor-thread-1) 💓 [HEARTBEAT] Invio heartbeat: {"stazioneId":"Padova","stato":"ONLINE","timestamp":"2026-08-15T16:53:28.616991949Z","tipoEvento":"HEARTBEAT","bufferSize":0}
2026-08-15 18:53:38,617 INFO  [it.uni.reti2.HeartbeatGenerator] (executor-thread-1) 💓 [HEARTBEAT] Invio heartbeat: {"stazioneId":"Padova","stato":"ONLINE","timestamp":"2026-08-15T16:53:38.617443900Z","tipoEvento":"HEARTBEAT","bufferSize":0}
2026-08-15 18:53:48,617 INFO  [it.uni.reti2.HeartbeatGenerator] (executor-thread-1) 💓 [HEARTBEAT] Invio heartbeat: {"stazioneId":"Padova","stato":"ONLINE","timestamp":"2026-08-15T16:53:48.617506192Z","tipoEvento":"HEARTBEAT","bufferSize":0}
2026-08-15 18:53:58,617 INFO  [it.uni.reti2.HeartbeatGenerator] (executor-thread-1) 💓 [HEARTBEAT] Invio heartbeat: {"stazioneId":"Padova","stato":"ONLINE","timestamp":"2026-08-15T16:53:58.617478753Z","tipoEvento":"HEARTBEAT","bufferSize":0}
2026-08-15 18:54:08,617 INFO  [it.uni.reti2.HeartbeatGenerator] (executor-thread-1) 💓 [HEARTBEAT] Invio heartbeat: {"stazioneId":"Padova","stato":"ONLINE","timestamp":"2026-08-15T16:54:08.617058117Z","tipoEvento":"HEARTBEAT","bufferSize":0}
2026-08-15 18:54:18,617 INFO  [it.uni.reti2.HeartbeatGenerator] (executor-thread-1) 💓 [HEARTBEAT] Invio heartbeat: {"stazioneId":"Padova","stato":"ONLINE","timestamp":"2026-08-15T16:54:18.617036106Z","tipoEvento":"HEARTBEAT","bufferSize":0}
2026-08-15 18:54:28,617 INFO  [it.uni.reti2.HeartbeatGenerator] (executor-thread-1) 💓 [HEARTBEAT] Invio heartbeat: {"stazioneId":"Padova","stato":"ONLINE","timestamp":"2026-08-15T16:54:28.617640067Z","tipoEvento":"HEARTBEAT","bufferSize":0}
2026-08-15 18:54:38,617 INFO  [it.uni.reti2.HeartbeatGenerator] (executor-thread-1) 💓 [HEARTBEAT] Invio heartbeat: {"stazioneId":"Padova","stato":"ONLINE","timestamp":"2026-08-15T16:54:38.617455168Z","tipoEvento":"HEARTBEAT","bufferSize":0}
2026-08-15 18:54:48,617 INFO  [it.uni.reti2.HeartbeatGenerator] (executor-thread-1) 💓 [HEARTBEAT] Invio heartbeat: {"stazioneId":"Padova","stato":"ONLINE","timestamp":"2026-08-15T16:54:48.617081533Z","tipoEvento":"HEARTBEAT","bufferSize":0}
2026-08-15 18:54:58,617 INFO  [it.uni.reti2.HeartbeatGenerator] (executor-thread-1) 💓 [HEARTBEAT] Invio heartbeat: {"stazioneId":"Padova","stato":"ONLINE","timestamp":"2026-08-15T16:54:58.617533832Z","tipoEvento":"HEARTBEAT","bufferSize":0}
2026-08-15 18:55:08,617 INFO  [it.uni.reti2.HeartbeatGenerator] (executor-thread-1) 💓 [HEARTBEAT] Invio heartbeat: {"stazioneId":"Padova","stato":"ONLINE","timestamp":"2026-08-15T16:55:08.617533289Z","tipoEvento":"HEARTBEAT","bufferSize":0}
2026-08-15 18:55:18,617 INFO  [it.uni.reti2.HeartbeatGenerator] (executor-thread-1) 💓 [HEARTBEAT] Invio heartbeat: {"stazioneId":"Padova","stato":"ONLINE","timestamp":"2026-08-15T16:55:18.616989194Z","tipoEvento":"HEARTBEAT","bufferSize":0}
2026-08-15 18:55:28,617 INFO  [it.uni.reti2.HeartbeatGenerator] (executor-thread-1) 💓 [HEARTBEAT] Invio heartbeat: {"stazioneId":"Padova","stato":"ONLINE","timestamp":"2026-08-15T16:55:28.617706154Z","tipoEvento":"HEARTBEAT","bufferSize":0}
2026-08-15 18:55:38,617 INFO  [it.uni.reti2.HeartbeatGenerator] (executor-thread-1) 💓 [HEARTBEAT] Invio heartbeat: {"stazioneId":"Padova","stato":"ONLINE","timestamp":"2026-08-15T16:55:38.617071677Z","tipoEvento":"HEARTBEAT","bufferSize":0}
2026-08-15 18:55:48,617 INFO  [it.uni.reti2.HeartbeatGenerator] (executor-thread-1) 💓 [HEARTBEAT] Invio heartbeat: {"stazioneId":"Padova","stato":"ONLINE","timestamp":"2026-08-15T16:55:48.617068499Z","tipoEvento":"HEARTBEAT","bufferSize":0}
2026-08-15 18:55:58,617 INFO  [it.uni.reti2.HeartbeatGenerator] (executor-thread-1) 💓 [HEARTBEAT] Invio heartbeat: {"stazioneId":"Padova","stato":"ONLINE","timestamp":"2026-08-15T16:55:58.617502246Z","tipoEvento":"HEARTBEAT","bufferSize":0}
2026-08-15 18:56:08,617 INFO  [it.uni.reti2.HeartbeatGenerator] (executor-thread-1) 💓 [HEARTBEAT] Invio heartbeat: {"stazioneId":"Padova","stato":"ONLINE","timestamp":"2026-08-15T16:56:08.617018849Z","tipoEvento":"HEARTBEAT","bufferSize":0}
2026-08-15 18:56:18,617 INFO  [it.uni.reti2.HeartbeatGenerator] (executor-thread-1) 💓 [HEARTBEAT] Invio heartbeat: {"stazioneId":"Padova","stato":"ONLINE","timestamp":"2026-08-15T16:56:18.617282260Z","tipoEvento":"HEARTBEAT","bufferSize":0}
2026-08-15 18:56:28,617 INFO  [it.uni.reti2.HeartbeatGenerator] (executor-thread-1) 💓 [HEARTBEAT] Invio heartbeat: {"stazioneId":"Padova","stato":"ONLINE","timestamp":"2026-08-15T16:56:28.617547786Z","tipoEvento":"HEARTBEAT","bufferSize":0}
2026-08-15 18:56:38,617 INFO  [it.uni.reti2.HeartbeatGenerator] (executor-thread-1) 💓 [HEARTBEAT] Invio heartbeat: {"stazioneId":"Padova","stato":"ONLINE","timestamp":"2026-08-15T16:56:38.617066702Z","tipoEvento":"HEARTBEAT","bufferSize":0}
2026-08-15 18:56:48,617 INFO  [it.uni.reti2.HeartbeatGenerator] (executor-thread-1) 💓 [HEARTBEAT] Invio heartbeat: {"stazioneId":"Padova","stato":"ONLINE","timestamp":"2026-08-15T16:56:48.617072806Z","tipoEvento":"HEARTBEAT","bufferSize":0}
2026-08-15 18:56:58,617 INFO  [it.uni.reti2.HeartbeatGenerator] (executor-thread-1) 💓 [HEARTBEAT] Invio heartbeat: {"stazioneId":"Padova","stato":"ONLINE","timestamp":"2026-08-15T16:56:58.617094862Z","tipoEvento":"HEARTBEAT","bufferSize":0}
2026-08-15 18:57:08,617 INFO  [it.uni.reti2.HeartbeatGenerator] (executor-thread-1) 💓 [HEARTBEAT] Invio heartbeat: {"stazioneId":"Padova","stato":"ONLINE","timestamp":"2026-08-15T16:57:08.617235572Z","tipoEvento":"HEARTBEAT","bufferSize":0}
2026-08-15 18:57:18,617 INFO  [it.uni.reti2.HeartbeatGenerator] (executor-thread-1) 💓 [HEARTBEAT] Invio heartbeat: {"stazioneId":"Padova","stato":"ONLINE","timestamp":"2026-08-15T16:57:18.617473437Z","tipoEvento":"HEARTBEAT","bufferSize":0}
2026-08-15 18:57:28,617 INFO  [it.uni.reti2.HeartbeatGenerator] (executor-thread-1) 💓 [HEARTBEAT] Invio heartbeat: {"stazioneId":"Padova","stato":"ONLINE","timestamp":"2026-08-15T16:57:28.617068936Z","tipoEvento":"HEARTBEAT","bufferSize":0}
2026-08-15 18:57:38,617 INFO  [it.uni.reti2.HeartbeatGenerator] (executor-thread-1) 💓 [HEARTBEAT] Invio heartbeat: {"stazioneId":"Padova","stato":"ONLINE","timestamp":"2026-08-15T16:57:38.617299922Z","tipoEvento":"HEARTBEAT","bufferSize":0}
2026-08-15 18:57:48,617 INFO  [it.uni.reti2.HeartbeatGenerator] (executor-thread-1) 💓 [HEARTBEAT] Invio heartbeat: {"stazioneId":"Padova","stato":"ONLINE","timestamp":"2026-08-15T16:57:48.617346198Z","tipoEvento":"HEARTBEAT","bufferSize":0}
2026-08-15 18:57:58,617 INFO  [it.uni.reti2.HeartbeatGenerator] (executor-thread-1) 💓 [HEARTBEAT] Invio heartbeat: {"stazioneId":"Padova","stato":"ONLINE","timestamp":"2026-08-15T16:57:58.617038432Z","tipoEvento":"HEARTBEAT","bufferSize":0}
2026-08-15 18:58:08,617 INFO  [it.uni.reti2.HeartbeatGenerator] (executor-thread-1) 💓 [HEARTBEAT] Invio heartbeat: {"stazioneId":"Padova","stato":"ONLINE","timestamp":"2026-08-15T16:58:08.617254184Z","tipoEvento":"HEARTBEAT","bufferSize":0}
2026-08-15 18:58:18,617 INFO  [it.uni.reti2.HeartbeatGenerator] (executor-thread-1) 💓 [HEARTBEAT] Invio heartbeat: {"stazioneId":"Padova","stato":"ONLINE","timestamp":"2026-08-15T16:58:18.617100989Z","tipoEvento":"HEARTBEAT","bufferSize":0}
2026-08-15 18:58:28,617 INFO  [it.uni.reti2.HeartbeatGenerator] (executor-thread-1) 💓 [HEARTBEAT] Invio heartbeat: {"stazioneId":"Padova","stato":"ONLINE","timestamp":"2026-08-15T16:58:28.617225715Z","tipoEvento":"HEARTBEAT","bufferSize":0}
2026-08-15 18:58:38,617 INFO  [it.uni.reti2.HeartbeatGenerator] (executor-thread-1) 💓 [HEARTBEAT] Invio heartbeat: {"stazioneId":"Padova","stato":"ONLINE","timestamp":"2026-08-15T16:58:38.617058702Z","tipoEvento":"HEARTBEAT","bufferSize":0}
2026-08-15 18:58:48,617 INFO  [it.uni.reti2.HeartbeatGenerator] (executor-thread-1) 💓 [HEARTBEAT] Invio heartbeat: {"stazioneId":"Padova","stato":"ONLINE","timestamp":"2026-08-15T16:58:48.617441786Z","tipoEvento":"HEARTBEAT","bufferSize":0}
2026-08-15 18:58:58,617 INFO  [it.uni.reti2.HeartbeatGenerator] (executor-thread-1) 💓 [HEARTBEAT] Invio heartbeat: {"stazioneId":"Padova","stato":"ONLINE","timestamp":"2026-08-15T16:58:58.617513848Z","tipoEvento":"HEARTBEAT","bufferSize":0}
2026-08-15 18:59:08,617 INFO  [it.uni.reti2.HeartbeatGenerator] (executor-thread-1) 💓 [HEARTBEAT] Invio heartbeat: {"stazioneId":"Padova","stato":"ONLINE","timestamp":"2026-08-15T16:59:08.617058867Z","tipoEvento":"HEARTBEAT","bufferSize":0}
2026-08-15 18:59:18,617 INFO  [it.uni.reti2.HeartbeatGenerator] (executor-thread-1) 💓 [HEARTBEAT] Invio heartbeat: {"stazioneId":"Padova","stato":"ONLINE","timestamp":"2026-08-15T16:59:18.617192390Z","tipoEvento":"HEARTBEAT","bufferSize":0}
2026-08-15 18:59:28,617 INFO  [it.uni.reti2.HeartbeatGenerator] (executor-thread-1) 💓 [HEARTBEAT] Invio heartbeat: {"stazioneId":"Padova","stato":"ONLINE","timestamp":"2026-08-15T16:59:28.616981201Z","tipoEvento":"HEARTBEAT","bufferSize":0}
2026-08-15 18:59:38,616 INFO  [it.uni.reti2.HeartbeatGenerator] (executor-thread-1) 💓 [HEARTBEAT] Invio heartbeat: {"stazioneId":"Padova","stato":"ONLINE","timestamp":"2026-08-15T16:59:38.616947120Z","tipoEvento":"HEARTBEAT","bufferSize":0}
2026-08-15 18:59:48,617 INFO  [it.uni.reti2.HeartbeatGenerator] (executor-thread-1) 💓 [HEARTBEAT] Invio heartbeat: {"stazioneId":"Padova","stato":"ONLINE","timestamp":"2026-08-15T16:59:48.616965883Z","tipoEvento":"HEARTBEAT","bufferSize":0}
2026-08-15 18:59:58,617 INFO  [it.uni.reti2.HeartbeatGenerator] (executor-thread-1) 💓 [HEARTBEAT] Invio heartbeat: {"stazioneId":"Padova","stato":"ONLINE","timestamp":"2026-08-15T16:59:58.616983408Z","tipoEvento":"HEARTBEAT","bufferSize":0}
2026-08-15 19:00:08,616 INFO  [it.uni.reti2.HeartbeatGenerator] (executor-thread-1) 💓 [HEARTBEAT] Invio heartbeat: {"stazioneId":"Padova","stato":"ONLINE","timestamp":"2026-08-15T17:00:08.616917375Z","tipoEvento":"HEARTBEAT","bufferSize":0}
2026-08-15 19:00:18,616 INFO  [it.uni.reti2.HeartbeatGenerator] (executor-thread-1) 💓 [HEARTBEAT] Invio heartbeat: {"stazioneId":"Padova","stato":"ONLINE","timestamp":"2026-08-15T17:00:18.616951110Z","tipoEvento":"HEARTBEAT","bufferSize":0}
2026-08-15 19:00:28,617 INFO  [it.uni.reti2.HeartbeatGenerator] (executor-thread-1) 💓 [HEARTBEAT] Invio heartbeat: {"stazioneId":"Padova","stato":"ONLINE","timestamp":"2026-08-15T17:00:28.616981589Z","tipoEvento":"HEARTBEAT","bufferSize":0}
2026-08-15 19:00:38,617 INFO  [it.uni.reti2.HeartbeatGenerator] (executor-thread-1) 💓 [HEARTBEAT] Invio heartbeat: {"stazioneId":"Padova","stato":"ONLINE","timestamp":"2026-08-15T17:00:38.617006904Z","tipoEvento":"HEARTBEAT","bufferSize":0}
2026-08-15 19:00:48,617 INFO  [it.uni.reti2.HeartbeatGenerator] (executor-thread-1) 💓 [HEARTBEAT] Invio heartbeat: {"stazioneId":"Padova","stato":"ONLINE","timestamp":"2026-08-15T17:00:48.617039102Z","tipoEvento":"HEARTBEAT","bufferSize":0}
2026-08-15 19:00:58,617 INFO  [it.uni.reti2.HeartbeatGenerator] (executor-thread-1) 💓 [HEARTBEAT] Invio heartbeat: {"stazioneId":"Padova","stato":"ONLINE","timestamp":"2026-08-15T17:00:58.616973471Z","tipoEvento":"HEARTBEAT","bufferSize":0}
2026-08-15 19:01:08,617 INFO  [it.uni.reti2.HeartbeatGenerator] (executor-thread-1) 💓 [HEARTBEAT] Invio heartbeat: {"stazioneId":"Padova","stato":"ONLINE","timestamp":"2026-08-15T17:01:08.616987970Z","tipoEvento":"HEARTBEAT","bufferSize":0}
2026-08-15 19:01:18,617 INFO  [it.uni.reti2.HeartbeatGenerator] (executor-thread-1) 💓 [HEARTBEAT] Invio heartbeat: {"stazioneId":"Padova","stato":"ONLINE","timestamp":"2026-08-15T17:01:18.617026815Z","tipoEvento":"HEARTBEAT","bufferSize":0}
2026-08-15 19:01:28,617 INFO  [it.uni.reti2.HeartbeatGenerator] (executor-thread-1) 💓 [HEARTBEAT] Invio heartbeat: {"stazioneId":"Padova","stato":"ONLINE","timestamp":"2026-08-15T17:01:28.617075018Z","tipoEvento":"HEARTBEAT","bufferSize":0}
2026-08-15 19:01:38,617 INFO  [it.uni.reti2.HeartbeatGenerator] (executor-thread-1) 💓 [HEARTBEAT] Invio heartbeat: {"stazioneId":"Padova","stato":"ONLINE","timestamp":"2026-08-15T17:01:38.617269558Z","tipoEvento":"HEARTBEAT","bufferSize":0}
2026-08-15 19:01:48,617 INFO  [it.uni.reti2.HeartbeatGenerator] (executor-thread-1) 💓 [HEARTBEAT] Invio heartbeat: {"stazioneId":"Padova","stato":"ONLINE","timestamp":"2026-08-15T17:01:48.616976076Z","tipoEvento":"HEARTBEAT","bufferSize":0}
2026-08-15 19:01:58,617 INFO  [it.uni.reti2.HeartbeatGenerator] (executor-thread-1) 💓 [HEARTBEAT] Invio heartbeat: {"stazioneId":"Padova","stato":"ONLINE","timestamp":"2026-08-15T17:01:58.617105720Z","tipoEvento":"HEARTBEAT","bufferSize":0}
2026-08-15 19:02:08,617 INFO  [it.uni.reti2.HeartbeatGenerator] (executor-thread-1) 💓 [HEARTBEAT] Invio heartbeat: {"stazioneId":"Padova","stato":"ONLINE","timestamp":"2026-08-15T17:02:08.616994356Z","tipoEvento":"HEARTBEAT","bufferSize":0}
2026-08-15 19:02:18,617 INFO  [it.uni.reti2.HeartbeatGenerator] (executor-thread-1) 💓 [HEARTBEAT] Invio heartbeat: {"stazioneId":"Padova","stato":"ONLINE","timestamp":"2026-08-15T17:02:18.617084926Z","tipoEvento":"HEARTBEAT","bufferSize":0}
2026-08-15 19:02:28,617 INFO  [it.uni.reti2.HeartbeatGenerator] (executor-thread-1) 💓 [HEARTBEAT] Invio heartbeat: {"stazioneId":"Padova","stato":"ONLINE","timestamp":"2026-08-15T17:02:28.616975873Z","tipoEvento":"HEARTBEAT","bufferSize":0}
2026-08-15 19:02:38,616 INFO  [it.uni.reti2.HeartbeatGenerator] (executor-thread-1) 💓 [HEARTBEAT] Invio heartbeat: {"stazioneId":"Padova","stato":"ONLINE","timestamp":"2026-08-15T17:02:38.616939951Z","tipoEvento":"HEARTBEAT","bufferSize":0}
2026-08-15 19:02:48,617 INFO  [it.uni.reti2.HeartbeatGenerator] (executor-thread-1) 💓 [HEARTBEAT] Invio heartbeat: {"stazioneId":"Padova","stato":"ONLINE","timestamp":"2026-08-15T17:02:48.617045574Z","tipoEvento":"HEARTBEAT","bufferSize":0}
2026-08-15 19:02:58,616 INFO  [it.uni.reti2.HeartbeatGenerator] (executor-thread-1) 💓 [HEARTBEAT] Invio heartbeat: {"stazioneId":"Padova","stato":"ONLINE","timestamp":"2026-08-15T17:02:58.616962579Z","tipoEvento":"HEARTBEAT","bufferSize":0}
2026-08-15 19:03:08,617 INFO  [it.uni.reti2.HeartbeatGenerator] (executor-thread-1) 💓 [HEARTBEAT] Invio heartbeat: {"stazioneId":"Padova","stato":"ONLINE","timestamp":"2026-08-15T17:03:08.617076944Z","tipoEvento":"HEARTBEAT","bufferSize":0}
2026-08-15 19:03:18,617 INFO  [it.uni.reti2.HeartbeatGenerator] (executor-thread-1) 💓 [HEARTBEAT] Invio heartbeat: {"stazioneId":"Padova","stato":"ONLINE","timestamp":"2026-08-15T17:03:18.617045165Z","tipoEvento":"HEARTBEAT","bufferSize":0}
2026-08-15 19:03:28,616 INFO  [it.uni.reti2.HeartbeatGenerator] (executor-thread-1) 💓 [HEARTBEAT] Invio heartbeat: {"stazioneId":"Padova","stato":"ONLINE","timestamp":"2026-08-15T17:03:28.616931943Z","tipoEvento":"HEARTBEAT","bufferSize":0}
2026-08-15 19:03:38,617 INFO  [it.uni.reti2.HeartbeatGenerator] (executor-thread-1) 💓 [HEARTBEAT] Invio heartbeat: {"stazioneId":"Padova","stato":"ONLINE","timestamp":"2026-08-15T17:03:38.617023753Z","tipoEvento":"HEARTBEAT","bufferSize":0}
2026-08-15 19:03:48,616 INFO  [it.uni.reti2.HeartbeatGenerator] (executor-thread-1) 💓 [HEARTBEAT] Invio heartbeat: {"stazioneId":"Padova","stato":"ONLINE","timestamp":"2026-08-15T17:03:48.616892371Z","tipoEvento":"HEARTBEAT","bufferSize":0}
2026-08-15 19:03:58,617 INFO  [it.uni.reti2.HeartbeatGenerator] (executor-thread-1) 💓 [HEARTBEAT] Invio heartbeat: {"stazioneId":"Padova","stato":"ONLINE","timestamp":"2026-08-15T17:03:58.616967966Z","tipoEvento":"HEARTBEAT","bufferSize":0}
2026-08-15 19:04:08,617 INFO  [it.uni.reti2.HeartbeatGenerator] (executor-thread-1) 💓 [HEARTBEAT] Invio heartbeat: {"stazioneId":"Padova","stato":"ONLINE","timestamp":"2026-08-15T17:04:08.617035905Z","tipoEvento":"HEARTBEAT","bufferSize":0}
2026-08-15 19:04:18,616 INFO  [it.uni.reti2.HeartbeatGenerator] (executor-thread-1) 💓 [HEARTBEAT] Invio heartbeat: {"stazioneId":"Padova","stato":"ONLINE","timestamp":"2026-08-15T17:04:18.616911081Z","tipoEvento":"HEARTBEAT","bufferSize":0}
2026-08-15 19:04:28,617 INFO  [it.uni.reti2.HeartbeatGenerator] (executor-thread-1) 💓 [HEARTBEAT] Invio heartbeat: {"stazioneId":"Padova","stato":"ONLINE","timestamp":"2026-08-15T17:04:28.617020180Z","tipoEvento":"HEARTBEAT","bufferSize":0}
2026-08-15 19:04:38,617 INFO  [it.uni.reti2.HeartbeatGenerator] (executor-thread-1) 💓 [HEARTBEAT] Invio heartbeat: {"stazioneId":"Padova","stato":"ONLINE","timestamp":"2026-08-15T17:04:38.617053262Z","tipoEvento":"HEARTBEAT","bufferSize":0}
2026-08-15 19:04:48,617 INFO  [it.uni.reti2.HeartbeatGenerator] (executor-thread-1) 💓 [HEARTBEAT] Invio heartbeat: {"stazioneId":"Padova","stato":"ONLINE","timestamp":"2026-08-15T17:04:48.616978266Z","tipoEvento":"HEARTBEAT","bufferSize":0}
2026-08-15 19:04:58,616 INFO  [it.uni.reti2.HeartbeatGenerator] (executor-thread-1) 💓 [HEARTBEAT] Invio heartbeat: {"stazioneId":"Padova","stato":"ONLINE","timestamp":"2026-08-15T17:04:58.616912618Z","tipoEvento":"HEARTBEAT","bufferSize":0}
2026-08-15 19:05:08,617 INFO  [it.uni.reti2.HeartbeatGenerator] (executor-thread-1) 💓 [HEARTBEAT] Invio heartbeat: {"stazioneId":"Padova","stato":"ONLINE","timestamp":"2026-08-15T17:05:08.616985174Z","tipoEvento":"HEARTBEAT","bufferSize":0}
2026-08-15 19:05:18,616 INFO  [it.uni.reti2.HeartbeatGenerator] (executor-thread-1) 💓 [HEARTBEAT] Invio heartbeat: {"stazioneId":"Padova","stato":"ONLINE","timestamp":"2026-08-15T17:05:18.616965940Z","tipoEvento":"HEARTBEAT","bufferSize":0}
2026-08-15 19:05:28,616 INFO  [it.uni.reti2.HeartbeatGenerator] (executor-thread-1) 💓 [HEARTBEAT] Invio heartbeat: {"stazioneId":"Padova","stato":"ONLINE","timestamp":"2026-08-15T17:05:28.616917779Z","tipoEvento":"HEARTBEAT","bufferSize":0}
2026-08-15 19:05:38,617 INFO  [it.uni.reti2.HeartbeatGenerator] (executor-thread-1) 💓 [HEARTBEAT] Invio heartbeat: {"stazioneId":"Padova","stato":"ONLINE","timestamp":"2026-08-15T17:05:38.617018894Z","tipoEvento":"HEARTBEAT","bufferSize":0}
2026-08-15 19:05:48,617 INFO  [it.uni.reti2.HeartbeatGenerator] (executor-thread-1) 💓 [HEARTBEAT] Invio heartbeat: {"stazioneId":"Padova","stato":"ONLINE","timestamp":"2026-08-15T17:05:48.617034353Z","tipoEvento":"HEARTBEAT","bufferSize":0}
2026-08-15 19:05:58,617 INFO  [it.uni.reti2.HeartbeatGenerator] (executor-thread-1) 💓 [HEARTBEAT] Invio heartbeat: {"stazioneId":"Padova","stato":"ONLINE","timestamp":"2026-08-15T17:05:58.616974584Z","tipoEvento":"HEARTBEAT","bufferSize":0}
2026-08-15 19:06:08,616 INFO  [it.uni.reti2.HeartbeatGenerator] (executor-thread-1) 💓 [HEARTBEAT] Invio heartbeat: {"stazioneId":"Padova","stato":"ONLINE","timestamp":"2026-08-15T17:06:08.616946881Z","tipoEvento":"HEARTBEAT","bufferSize":0}
2026-08-15 19:06:18,617 INFO  [it.uni.reti2.HeartbeatGenerator] (executor-thread-1) 💓 [HEARTBEAT] Invio heartbeat: {"stazioneId":"Padova","stato":"ONLINE","timestamp":"2026-08-15T17:06:18.617023844Z","tipoEvento":"HEARTBEAT","bufferSize":0}
2026-08-15 19:06:28,616 INFO  [it.uni.reti2.HeartbeatGenerator] (executor-thread-1) 💓 [HEARTBEAT] Invio heartbeat: {"stazioneId":"Padova","stato":"ONLINE","timestamp":"2026-08-15T17:06:28.616916524Z","tipoEvento":"HEARTBEAT","bufferSize":0}
2026-08-15 19:06:38,617 INFO  [it.uni.reti2.HeartbeatGenerator] (executor-thread-1) 💓 [HEARTBEAT] Invio heartbeat: {"stazioneId":"Padova","stato":"ONLINE","timestamp":"2026-08-15T17:06:38.617012414Z","tipoEvento":"HEARTBEAT","bufferSize":0}
2026-08-15 19:06:48,617 INFO  [it.uni.reti2.HeartbeatGenerator] (executor-thread-1) 💓 [HEARTBEAT] Invio heartbeat: {"stazioneId":"Padova","stato":"ONLINE","timestamp":"2026-08-15T17:06:48.616984623Z","tipoEvento":"HEARTBEAT","bufferSize":0}
2026-08-15 19:06:58,617 INFO  [it.uni.reti2.HeartbeatGenerator] (executor-thread-1) 💓 [HEARTBEAT] Invio heartbeat: {"stazioneId":"Padova","stato":"ONLINE","timestamp":"2026-08-15T17:06:58.616982844Z","tipoEvento":"HEARTBEAT","bufferSize":0}
2026-08-15 19:07:08,617 INFO  [it.uni.reti2.HeartbeatGenerator] (executor-thread-1) 💓 [HEARTBEAT] Invio heartbeat: {"stazioneId":"Padova","stato":"ONLINE","timestamp":"2026-08-15T17:07:08.617454572Z","tipoEvento":"HEARTBEAT","bufferSize":0}
2026-08-15 19:07:18,617 INFO  [it.uni.reti2.HeartbeatGenerator] (executor-thread-1) 💓 [HEARTBEAT] Invio heartbeat: {"stazioneId":"Padova","stato":"ONLINE","timestamp":"2026-08-15T17:07:18.617297999Z","tipoEvento":"HEARTBEAT","bufferSize":0}
2026-08-15 19:07:28,617 INFO  [it.uni.reti2.HeartbeatGenerator] (executor-thread-1) 💓 [HEARTBEAT] Invio heartbeat: {"stazioneId":"Padova","stato":"ONLINE","timestamp":"2026-08-15T17:07:28.616990015Z","tipoEvento":"HEARTBEAT","bufferSize":0}
2026-08-15 19:07:38,616 INFO  [it.uni.reti2.HeartbeatGenerator] (executor-thread-1) 💓 [HEARTBEAT] Invio heartbeat: {"stazioneId":"Padova","stato":"ONLINE","timestamp":"2026-08-15T17:07:38.616915139Z","tipoEvento":"HEARTBEAT","bufferSize":0}
2026-08-15 19:07:48,617 INFO  [it.uni.reti2.HeartbeatGenerator] (executor-thread-1) 💓 [HEARTBEAT] Invio heartbeat: {"stazioneId":"Padova","stato":"ONLINE","timestamp":"2026-08-15T17:07:48.616962537Z","tipoEvento":"HEARTBEAT","bufferSize":0}
2026-08-15 19:07:58,617 INFO  [it.uni.reti2.HeartbeatGenerator] (executor-thread-1) 💓 [HEARTBEAT] Invio heartbeat: {"stazioneId":"Padova","stato":"ONLINE","timestamp":"2026-08-15T17:07:58.617022023Z","tipoEvento":"HEARTBEAT","bufferSize":0}
2026-08-15 19:08:08,616 INFO  [it.uni.reti2.HeartbeatGenerator] (executor-thread-1) 💓 [HEARTBEAT] Invio heartbeat: {"stazioneId":"Padova","stato":"ONLINE","timestamp":"2026-08-15T17:08:08.616958481Z","tipoEvento":"HEARTBEAT","bufferSize":0}
2026-08-15 19:08:18,617 INFO  [it.uni.reti2.HeartbeatGenerator] (executor-thread-1) 💓 [HEARTBEAT] Invio heartbeat: {"stazioneId":"Padova","stato":"ONLINE","timestamp":"2026-08-15T17:08:18.617072406Z","tipoEvento":"HEARTBEAT","bufferSize":0}
2026-08-15 19:08:28,617 INFO  [it.uni.reti2.HeartbeatGenerator] (executor-thread-1) 💓 [HEARTBEAT] Invio heartbeat: {"stazioneId":"Padova","stato":"ONLINE","timestamp":"2026-08-15T17:08:28.616991019Z","tipoEvento":"HEARTBEAT","bufferSize":0}
2026-08-15 19:08:38,617 INFO  [it.uni.reti2.HeartbeatGenerator] (executor-thread-1) 💓 [HEARTBEAT] Invio heartbeat: {"stazioneId":"Padova","stato":"ONLINE","timestamp":"2026-08-15T17:08:38.616982345Z","tipoEvento":"HEARTBEAT","bufferSize":0}
2026-08-15 19:08:48,617 INFO  [it.uni.reti2.HeartbeatGenerator] (executor-thread-1) 💓 [HEARTBEAT] Invio heartbeat: {"stazioneId":"Padova","stato":"ONLINE","timestamp":"2026-08-15T17:08:48.617006751Z","tipoEvento":"HEARTBEAT","bufferSize":0}
2026-08-15 19:08:58,617 INFO  [it.uni.reti2.HeartbeatGenerator] (executor-thread-1) 💓 [HEARTBEAT] Invio heartbeat: {"stazioneId":"Padova","stato":"ONLINE","timestamp":"2026-08-15T17:08:58.617492583Z","tipoEvento":"HEARTBEAT","bufferSize":0}
2026-08-15 19:09:08,617 INFO  [it.uni.reti2.HeartbeatGenerator] (executor-thread-1) 💓 [HEARTBEAT] Invio heartbeat: {"stazioneId":"Padova","stato":"ONLINE","timestamp":"2026-08-15T17:09:08.616984711Z","tipoEvento":"HEARTBEAT","bufferSize":0}
2026-08-15 19:09:18,617 INFO  [it.uni.reti2.HeartbeatGenerator] (executor-thread-1) 💓 [HEARTBEAT] Invio heartbeat: {"stazioneId":"Padova","stato":"ONLINE","timestamp":"2026-08-15T17:09:18.617568326Z","tipoEvento":"HEARTBEAT","bufferSize":0}
2026-08-15 19:09:28,617 INFO  [it.uni.reti2.HeartbeatGenerator] (executor-thread-1) 💓 [HEARTBEAT] Invio heartbeat: {"stazioneId":"Padova","stato":"ONLINE","timestamp":"2026-08-15T17:09:28.617095176Z","tipoEvento":"HEARTBEAT","bufferSize":0}
2026-08-15 19:09:38,617 INFO  [it.uni.reti2.HeartbeatGenerator] (executor-thread-1) 💓 [HEARTBEAT] Invio heartbeat: {"stazioneId":"Padova","stato":"ONLINE","timestamp":"2026-08-15T17:09:38.617238204Z","tipoEvento":"HEARTBEAT","bufferSize":0}
2026-08-15 19:09:48,617 INFO  [it.uni.reti2.HeartbeatGenerator] (executor-thread-1) 💓 [HEARTBEAT] Invio heartbeat: {"stazioneId":"Padova","stato":"ONLINE","timestamp":"2026-08-15T17:09:48.617539314Z","tipoEvento":"HEARTBEAT","bufferSize":0}
2026-08-15 19:09:58,617 INFO  [it.uni.reti2.HeartbeatGenerator] (executor-thread-1) 💓 [HEARTBEAT] Invio heartbeat: {"stazioneId":"Padova","stato":"ONLINE","timestamp":"2026-08-15T17:09:58.617440896Z","tipoEvento":"HEARTBEAT","bufferSize":0}
2026-08-15 19:10:08,617 INFO  [it.uni.reti2.HeartbeatGenerator] (executor-thread-1) 💓 [HEARTBEAT] Invio heartbeat: {"stazioneId":"Padova","stato":"ONLINE","timestamp":"2026-08-15T17:10:08.617060922Z","tipoEvento":"HEARTBEAT","bufferSize":0}
2026-08-15 19:10:18,617 INFO  [it.uni.reti2.HeartbeatGenerator] (executor-thread-1) 💓 [HEARTBEAT] Invio heartbeat: {"stazioneId":"Padova","stato":"ONLINE","timestamp":"2026-08-15T17:10:18.616967139Z","tipoEvento":"HEARTBEAT","bufferSize":0}
2026-08-15 19:10:28,617 INFO  [it.uni.reti2.HeartbeatGenerator] (executor-thread-1) 💓 [HEARTBEAT] Invio heartbeat: {"stazioneId":"Padova","stato":"ONLINE","timestamp":"2026-08-15T17:10:28.617267676Z","tipoEvento":"HEARTBEAT","bufferSize":0}
2026-08-15 19:10:38,617 INFO  [it.uni.reti2.HeartbeatGenerator] (executor-thread-1) 💓 [HEARTBEAT] Invio heartbeat: {"stazioneId":"Padova","stato":"ONLINE","timestamp":"2026-08-15T17:10:38.617038703Z","tipoEvento":"HEARTBEAT","bufferSize":0}
2026-08-15 19:10:48,617 INFO  [it.uni.reti2.HeartbeatGenerator] (executor-thread-1) 💓 [HEARTBEAT] Invio heartbeat: {"stazioneId":"Padova","stato":"ONLINE","timestamp":"2026-08-15T17:10:48.617485527Z","tipoEvento":"HEARTBEAT","bufferSize":0}
2026-08-15 19:10:58,617 INFO  [it.uni.reti2.HeartbeatGenerator] (executor-thread-1) 💓 [HEARTBEAT] Invio heartbeat: {"stazioneId":"Padova","stato":"ONLINE","timestamp":"2026-08-15T17:10:58.617523672Z","tipoEvento":"HEARTBEAT","bufferSize":0}
2026-08-15 19:11:08,617 INFO  [it.uni.reti2.HeartbeatGenerator] (executor-thread-1) 💓 [HEARTBEAT] Invio heartbeat: {"stazioneId":"Padova","stato":"ONLINE","timestamp":"2026-08-15T17:11:08.617468225Z","tipoEvento":"HEARTBEAT","bufferSize":0}
2026-08-15 19:11:18,617 INFO  [it.uni.reti2.HeartbeatGenerator] (executor-thread-1) 💓 [HEARTBEAT] Invio heartbeat: {"stazioneId":"Padova","stato":"ONLINE","timestamp":"2026-08-15T17:11:18.617035911Z","tipoEvento":"HEARTBEAT","bufferSize":0}
2026-08-15 19:11:28,617 INFO  [it.uni.reti2.HeartbeatGenerator] (executor-thread-1) 💓 [HEARTBEAT] Invio heartbeat: {"stazioneId":"Padova","stato":"ONLINE","timestamp":"2026-08-15T17:11:28.616976143Z","tipoEvento":"HEARTBEAT","bufferSize":0}
2026-08-15 19:11:38,617 INFO  [it.uni.reti2.HeartbeatGenerator] (executor-thread-1) 💓 [HEARTBEAT] Invio heartbeat: {"stazioneId":"Padova","stato":"ONLINE","timestamp":"2026-08-15T17:11:38.617136949Z","tipoEvento":"HEARTBEAT","bufferSize":0}
2026-08-15 19:11:48,617 INFO  [it.uni.reti2.HeartbeatGenerator] (executor-thread-1) 💓 [HEARTBEAT] Invio heartbeat: {"stazioneId":"Padova","stato":"ONLINE","timestamp":"2026-08-15T17:11:48.617018060Z","tipoEvento":"HEARTBEAT","bufferSize":0}
2026-08-15 19:11:58,617 INFO  [it.uni.reti2.HeartbeatGenerator] (executor-thread-1) 💓 [HEARTBEAT] Invio heartbeat: {"stazioneId":"Padova","stato":"ONLINE","timestamp":"2026-08-15T17:11:58.617085935Z","tipoEvento":"HEARTBEAT","bufferSize":0}
2026-08-15 19:12:08,617 INFO  [it.uni.reti2.HeartbeatGenerator] (executor-thread-1) 💓 [HEARTBEAT] Invio heartbeat: {"stazioneId":"Padova","stato":"ONLINE","timestamp":"2026-08-15T17:12:08.616984853Z","tipoEvento":"HEARTBEAT","bufferSize":0}
2026-08-15 19:12:18,617 INFO  [it.uni.reti2.HeartbeatGenerator] (executor-thread-1) 💓 [HEARTBEAT] Invio heartbeat: {"stazioneId":"Padova","stato":"ONLINE","timestamp":"2026-08-15T17:12:18.617759942Z","tipoEvento":"HEARTBEAT","bufferSize":0}
2026-08-15 19:12:28,617 INFO  [it.uni.reti2.HeartbeatGenerator] (executor-thread-1) 💓 [HEARTBEAT] Invio heartbeat: {"stazioneId":"Padova","stato":"ONLINE","timestamp":"2026-08-15T17:12:28.617173187Z","tipoEvento":"HEARTBEAT","bufferSize":0}
2026-08-15 19:12:38,617 INFO  [it.uni.reti2.HeartbeatGenerator] (executor-thread-1) 💓 [HEARTBEAT] Invio heartbeat: {"stazioneId":"Padova","stato":"ONLINE","timestamp":"2026-08-15T17:12:38.617034637Z","tipoEvento":"HEARTBEAT","bufferSize":0}
2026-08-15 19:12:48,617 INFO  [it.uni.reti2.HeartbeatGenerator] (executor-thread-1) 💓 [HEARTBEAT] Invio heartbeat: {"stazioneId":"Padova","stato":"ONLINE","timestamp":"2026-08-15T17:12:48.617001767Z","tipoEvento":"HEARTBEAT","bufferSize":0}
2026-08-15 19:12:58,617 INFO  [it.uni.reti2.HeartbeatGenerator] (executor-thread-1) 💓 [HEARTBEAT] Invio heartbeat: {"stazioneId":"Padova","stato":"ONLINE","timestamp":"2026-08-15T17:12:58.617031010Z","tipoEvento":"HEARTBEAT","bufferSize":0}
2026-08-15 19:13:08,617 INFO  [it.uni.reti2.HeartbeatGenerator] (executor-thread-1) 💓 [HEARTBEAT] Invio heartbeat: {"stazioneId":"Padova","stato":"ONLINE","timestamp":"2026-08-15T17:13:08.617272923Z","tipoEvento":"HEARTBEAT","bufferSize":0}
2026-08-15 19:13:18,617 INFO  [it.uni.reti2.HeartbeatGenerator] (executor-thread-1) 💓 [HEARTBEAT] Invio heartbeat: {"stazioneId":"Padova","stato":"ONLINE","timestamp":"2026-08-15T17:13:18.616981354Z","tipoEvento":"HEARTBEAT","bufferSize":0}
2026-08-15 19:13:28,617 INFO  [it.uni.reti2.HeartbeatGenerator] (executor-thread-1) 💓 [HEARTBEAT] Invio heartbeat: {"stazioneId":"Padova","stato":"ONLINE","timestamp":"2026-08-15T17:13:28.617604381Z","tipoEvento":"HEARTBEAT","bufferSize":0}
2026-08-15 19:13:38,617 INFO  [it.uni.reti2.HeartbeatGenerator] (executor-thread-1) 💓 [HEARTBEAT] Invio heartbeat: {"stazioneId":"Padova","stato":"ONLINE","timestamp":"2026-08-15T17:13:38.617346453Z","tipoEvento":"HEARTBEAT","bufferSize":0}
2026-08-15 19:13:48,617 INFO  [it.uni.reti2.HeartbeatGenerator] (executor-thread-1) 💓 [HEARTBEAT] Invio heartbeat: {"stazioneId":"Padova","stato":"ONLINE","timestamp":"2026-08-15T17:13:48.616988048Z","tipoEvento":"HEARTBEAT","bufferSize":0}
2026-08-15 19:13:58,617 INFO  [it.uni.reti2.HeartbeatGenerator] (executor-thread-1) 💓 [HEARTBEAT] Invio heartbeat: {"stazioneId":"Padova","stato":"ONLINE","timestamp":"2026-08-15T17:13:58.617047600Z","tipoEvento":"HEARTBEAT","bufferSize":0}
2026-08-15 19:14:08,617 INFO  [it.uni.reti2.HeartbeatGenerator] (executor-thread-1) 💓 [HEARTBEAT] Invio heartbeat: {"stazioneId":"Padova","stato":"ONLINE","timestamp":"2026-08-15T17:14:08.617108368Z","tipoEvento":"HEARTBEAT","bufferSize":0}
2026-08-15 19:14:18,617 INFO  [it.uni.reti2.HeartbeatGenerator] (executor-thread-1) 💓 [HEARTBEAT] Invio heartbeat: {"stazioneId":"Padova","stato":"ONLINE","timestamp":"2026-08-15T17:14:18.617104018Z","tipoEvento":"HEARTBEAT","bufferSize":0}
2026-08-15 19:14:28,616 INFO  [it.uni.reti2.HeartbeatGenerator] (executor-thread-1) 💓 [HEARTBEAT] Invio heartbeat: {"stazioneId":"Padova","stato":"ONLINE","timestamp":"2026-08-15T17:14:28.616968138Z","tipoEvento":"HEARTBEAT","bufferSize":0}
2026-08-15 19:14:38,617 INFO  [it.uni.reti2.HeartbeatGenerator] (executor-thread-1) 💓 [HEARTBEAT] Invio heartbeat: {"stazioneId":"Padova","stato":"ONLINE","timestamp":"2026-08-15T17:14:38.617033033Z","tipoEvento":"HEARTBEAT","bufferSize":0}
2026-08-15 19:14:48,617 INFO  [it.uni.reti2.HeartbeatGenerator] (executor-thread-1) 💓 [HEARTBEAT] Invio heartbeat: {"stazioneId":"Padova","stato":"ONLINE","timestamp":"2026-08-15T17:14:48.617458903Z","tipoEvento":"HEARTBEAT","bufferSize":0}
2026-08-15 19:14:58,617 INFO  [it.uni.reti2.HeartbeatGenerator] (executor-thread-1) 💓 [HEARTBEAT] Invio heartbeat: {"stazioneId":"Padova","stato":"ONLINE","timestamp":"2026-08-15T17:14:58.616991372Z","tipoEvento":"HEARTBEAT","bufferSize":0}
2026-08-15 19:15:08,617 INFO  [it.uni.reti2.HeartbeatGenerator] (executor-thread-1) 💓 [HEARTBEAT] Invio heartbeat: {"stazioneId":"Padova","stato":"ONLINE","timestamp":"2026-08-15T17:15:08.617025477Z","tipoEvento":"HEARTBEAT","bufferSize":0}
2026-08-15 19:15:18,617 INFO  [it.uni.reti2.HeartbeatGenerator] (executor-thread-1) 💓 [HEARTBEAT] Invio heartbeat: {"stazioneId":"Padova","stato":"ONLINE","timestamp":"2026-08-15T17:15:18.617519831Z","tipoEvento":"HEARTBEAT","bufferSize":0}
2026-08-15 19:15:28,617 INFO  [it.uni.reti2.HeartbeatGenerator] (executor-thread-1) 💓 [HEARTBEAT] Invio heartbeat: {"stazioneId":"Padova","stato":"ONLINE","timestamp":"2026-08-15T17:15:28.617069007Z","tipoEvento":"HEARTBEAT","bufferSize":0}
2026-08-15 19:15:38,617 INFO  [it.uni.reti2.HeartbeatGenerator] (executor-thread-1) 💓 [HEARTBEAT] Invio heartbeat: {"stazioneId":"Padova","stato":"ONLINE","timestamp":"2026-08-15T17:15:38.616972380Z","tipoEvento":"HEARTBEAT","bufferSize":0}
2026-08-15 19:15:48,617 INFO  [it.uni.reti2.HeartbeatGenerator] (executor-thread-1) 💓 [HEARTBEAT] Invio heartbeat: {"stazioneId":"Padova","stato":"ONLINE","timestamp":"2026-08-15T17:15:48.617677283Z","tipoEvento":"HEARTBEAT","bufferSize":0}
2026-08-15 19:15:58,617 INFO  [it.uni.reti2.HeartbeatGenerator] (executor-thread-1) 💓 [HEARTBEAT] Invio heartbeat: {"stazioneId":"Padova","stato":"ONLINE","timestamp":"2026-08-15T17:15:58.617471625Z","tipoEvento":"HEARTBEAT","bufferSize":0}
2026-08-15 19:16:08,617 INFO  [it.uni.reti2.HeartbeatGenerator] (executor-thread-1) 💓 [HEARTBEAT] Invio heartbeat: {"stazioneId":"Padova","stato":"ONLINE","timestamp":"2026-08-15T17:16:08.617090920Z","tipoEvento":"HEARTBEAT","bufferSize":0}
2026-08-15 19:16:18,617 INFO  [it.uni.reti2.HeartbeatGenerator] (executor-thread-1) 💓 [HEARTBEAT] Invio heartbeat: {"stazioneId":"Padova","stato":"ONLINE","timestamp":"2026-08-15T17:16:18.616972327Z","tipoEvento":"HEARTBEAT","bufferSize":0}
2026-08-15 19:16:28,617 INFO  [it.uni.reti2.HeartbeatGenerator] (executor-thread-1) 💓 [HEARTBEAT] Invio heartbeat: {"stazioneId":"Padova","stato":"ONLINE","timestamp":"2026-08-15T17:16:28.617327486Z","tipoEvento":"HEARTBEAT","bufferSize":0}
2026-08-15 19:16:38,617 INFO  [it.uni.reti2.HeartbeatGenerator] (executor-thread-1) 💓 [HEARTBEAT] Invio heartbeat: {"stazioneId":"Padova","stato":"ONLINE","timestamp":"2026-08-15T17:16:38.617049756Z","tipoEvento":"HEARTBEAT","bufferSize":0}
2026-08-15 19:16:48,617 INFO  [it.uni.reti2.HeartbeatGenerator] (executor-thread-1) 💓 [HEARTBEAT] Invio heartbeat: {"stazioneId":"Padova","stato":"ONLINE","timestamp":"2026-08-15T17:16:48.617600213Z","tipoEvento":"HEARTBEAT","bufferSize":0}
2026-08-15 19:16:58,617 INFO  [it.uni.reti2.HeartbeatGenerator] (executor-thread-1) 💓 [HEARTBEAT] Invio heartbeat: {"stazioneId":"Padova","stato":"ONLINE","timestamp":"2026-08-15T17:16:58.617118597Z","tipoEvento":"HEARTBEAT","bufferSize":0}
2026-08-15 19:17:08,617 INFO  [it.uni.reti2.HeartbeatGenerator] (executor-thread-1) 💓 [HEARTBEAT] Invio heartbeat: {"stazioneId":"Padova","stato":"ONLINE","timestamp":"2026-08-15T17:17:08.617356560Z","tipoEvento":"HEARTBEAT","bufferSize":0}
2026-08-15 19:17:18,617 INFO  [it.uni.reti2.HeartbeatGenerator] (executor-thread-1) 💓 [HEARTBEAT] Invio heartbeat: {"stazioneId":"Padova","stato":"ONLINE","timestamp":"2026-08-15T17:17:18.617014262Z","tipoEvento":"HEARTBEAT","bufferSize":0}
2026-08-15 19:17:28,616 INFO  [it.uni.reti2.HeartbeatGenerator] (executor-thread-1) 💓 [HEARTBEAT] Invio heartbeat: {"stazioneId":"Padova","stato":"ONLINE","timestamp":"2026-08-15T17:17:28.616953331Z","tipoEvento":"HEARTBEAT","bufferSize":0}
2026-08-15 19:17:38,617 INFO  [it.uni.reti2.HeartbeatGenerator] (executor-thread-1) 💓 [HEARTBEAT] Invio heartbeat: {"stazioneId":"Padova","stato":"ONLINE","timestamp":"2026-08-15T17:17:38.617490008Z","tipoEvento":"HEARTBEAT","bufferSize":0}
2026-08-15 19:17:48,617 INFO  [it.uni.reti2.HeartbeatGenerator] (executor-thread-1) 💓 [HEARTBEAT] Invio heartbeat: {"stazioneId":"Padova","stato":"ONLINE","timestamp":"2026-08-15T17:17:48.617043488Z","tipoEvento":"HEARTBEAT","bufferSize":0}
2026-08-15 19:17:58,617 INFO  [it.uni.reti2.HeartbeatGenerator] (executor-thread-1) 💓 [HEARTBEAT] Invio heartbeat: {"stazioneId":"Padova","stato":"ONLINE","timestamp":"2026-08-15T17:17:58.617030090Z","tipoEvento":"HEARTBEAT","bufferSize":0}
2026-08-15 19:18:08,617 INFO  [it.uni.reti2.HeartbeatGenerator] (executor-thread-1) 💓 [HEARTBEAT] Invio heartbeat: {"stazioneId":"Padova","stato":"ONLINE","timestamp":"2026-08-15T17:18:08.616957123Z","tipoEvento":"HEARTBEAT","bufferSize":0}
2026-08-15 19:18:18,617 INFO  [it.uni.reti2.HeartbeatGenerator] (executor-thread-1) 💓 [HEARTBEAT] Invio heartbeat: {"stazioneId":"Padova","stato":"ONLINE","timestamp":"2026-08-15T17:18:18.617226017Z","tipoEvento":"HEARTBEAT","bufferSize":0}
2026-08-15 19:18:28,617 INFO  [it.uni.reti2.HeartbeatGenerator] (executor-thread-1) 💓 [HEARTBEAT] Invio heartbeat: {"stazioneId":"Padova","stato":"ONLINE","timestamp":"2026-08-15T17:18:28.616972325Z","tipoEvento":"HEARTBEAT","bufferSize":0}
2026-08-15 19:18:38,617 INFO  [it.uni.reti2.HeartbeatGenerator] (executor-thread-1) 💓 [HEARTBEAT] Invio heartbeat: {"stazioneId":"Padova","stato":"ONLINE","timestamp":"2026-08-15T17:18:38.617122231Z","tipoEvento":"HEARTBEAT","bufferSize":0}
2026-08-15 19:18:48,617 INFO  [it.uni.reti2.HeartbeatGenerator] (executor-thread-1) 💓 [HEARTBEAT] Invio heartbeat: {"stazioneId":"Padova","stato":"ONLINE","timestamp":"2026-08-15T17:18:48.617062050Z","tipoEvento":"HEARTBEAT","bufferSize":0}
2026-08-15 19:18:58,617 INFO  [it.uni.reti2.HeartbeatGenerator] (executor-thread-1) 💓 [HEARTBEAT] Invio heartbeat: {"stazioneId":"Padova","stato":"ONLINE","timestamp":"2026-08-15T17:18:58.617418705Z","tipoEvento":"HEARTBEAT","bufferSize":0}
2026-08-15 19:19:08,617 INFO  [it.uni.reti2.HeartbeatGenerator] (executor-thread-1) 💓 [HEARTBEAT] Invio heartbeat: {"stazioneId":"Padova","stato":"ONLINE","timestamp":"2026-08-15T17:19:08.616995477Z","tipoEvento":"HEARTBEAT","bufferSize":0}
2026-08-15 19:19:18,616 INFO  [it.uni.reti2.HeartbeatGenerator] (executor-thread-1) 💓 [HEARTBEAT] Invio heartbeat: {"stazioneId":"Padova","stato":"ONLINE","timestamp":"2026-08-15T17:19:18.616923605Z","tipoEvento":"HEARTBEAT","bufferSize":0}
2026-08-15 19:19:28,617 INFO  [it.uni.reti2.HeartbeatGenerator] (executor-thread-1) 💓 [HEARTBEAT] Invio heartbeat: {"stazioneId":"Padova","stato":"ONLINE","timestamp":"2026-08-15T17:19:28.616985019Z","tipoEvento":"HEARTBEAT","bufferSize":0}
2026-08-15 19:19:38,617 INFO  [it.uni.reti2.HeartbeatGenerator] (executor-thread-1) 💓 [HEARTBEAT] Invio heartbeat: {"stazioneId":"Padova","stato":"ONLINE","timestamp":"2026-08-15T17:19:38.617284388Z","tipoEvento":"HEARTBEAT","bufferSize":0}
2026-08-15 19:19:48,617 INFO  [it.uni.reti2.HeartbeatGenerator] (executor-thread-1) 💓 [HEARTBEAT] Invio heartbeat: {"stazioneId":"Padova","stato":"ONLINE","timestamp":"2026-08-15T17:19:48.617054021Z","tipoEvento":"HEARTBEAT","bufferSize":0}
2026-08-15 19:19:58,617 INFO  [it.uni.reti2.HeartbeatGenerator] (executor-thread-1) 💓 [HEARTBEAT] Invio heartbeat: {"stazioneId":"Padova","stato":"ONLINE","timestamp":"2026-08-15T17:19:58.617384776Z","tipoEvento":"HEARTBEAT","bufferSize":0}
2026-08-15 19:20:08,617 INFO  [it.uni.reti2.HeartbeatGenerator] (executor-thread-1) 💓 [HEARTBEAT] Invio heartbeat: {"stazioneId":"Padova","stato":"ONLINE","timestamp":"2026-08-15T17:20:08.617112173Z","tipoEvento":"HEARTBEAT","bufferSize":0}
2026-08-15 19:20:18,617 INFO  [it.uni.reti2.HeartbeatGenerator] (executor-thread-1) 💓 [HEARTBEAT] Invio heartbeat: {"stazioneId":"Padova","stato":"ONLINE","timestamp":"2026-08-15T17:20:18.617065916Z","tipoEvento":"HEARTBEAT","bufferSize":0}
2026-08-15 19:20:28,617 INFO  [it.uni.reti2.HeartbeatGenerator] (executor-thread-1) 💓 [HEARTBEAT] Invio heartbeat: {"stazioneId":"Padova","stato":"ONLINE","timestamp":"2026-08-15T17:20:28.617559133Z","tipoEvento":"HEARTBEAT","bufferSize":0}
2026-08-15 19:20:38,617 INFO  [it.uni.reti2.HeartbeatGenerator] (executor-thread-1) 💓 [HEARTBEAT] Invio heartbeat: {"stazioneId":"Padova","stato":"ONLINE","timestamp":"2026-08-15T17:20:38.616997135Z","tipoEvento":"HEARTBEAT","bufferSize":0}
2026-08-15 19:20:48,617 INFO  [it.uni.reti2.HeartbeatGenerator] (executor-thread-1) 💓 [HEARTBEAT] Invio heartbeat: {"stazioneId":"Padova","stato":"ONLINE","timestamp":"2026-08-15T17:20:48.617032983Z","tipoEvento":"HEARTBEAT","bufferSize":0}
2026-08-15 19:20:58,617 INFO  [it.uni.reti2.HeartbeatGenerator] (executor-thread-1) 💓 [HEARTBEAT] Invio heartbeat: {"stazioneId":"Padova","stato":"ONLINE","timestamp":"2026-08-15T17:20:58.617247507Z","tipoEvento":"HEARTBEAT","bufferSize":0}
2026-08-15 19:21:08,617 INFO  [it.uni.reti2.HeartbeatGenerator] (executor-thread-1) 💓 [HEARTBEAT] Invio heartbeat: {"stazioneId":"Padova","stato":"ONLINE","timestamp":"2026-08-15T17:21:08.617497140Z","tipoEvento":"HEARTBEAT","bufferSize":0}
2026-08-15 19:21:18,617 INFO  [it.uni.reti2.HeartbeatGenerator] (executor-thread-1) 💓 [HEARTBEAT] Invio heartbeat: {"stazioneId":"Padova","stato":"ONLINE","timestamp":"2026-08-15T17:21:18.617056769Z","tipoEvento":"HEARTBEAT","bufferSize":0}
2026-08-15 19:21:28,617 INFO  [it.uni.reti2.HeartbeatGenerator] (executor-thread-1) 💓 [HEARTBEAT] Invio heartbeat: {"stazioneId":"Padova","stato":"ONLINE","timestamp":"2026-08-15T17:21:28.617453607Z","tipoEvento":"HEARTBEAT","bufferSize":0}
2026-08-15 19:21:38,617 INFO  [it.uni.reti2.HeartbeatGenerator] (executor-thread-1) 💓 [HEARTBEAT] Invio heartbeat: {"stazioneId":"Padova","stato":"ONLINE","timestamp":"2026-08-15T17:21:38.617117762Z","tipoEvento":"HEARTBEAT","bufferSize":0}
2026-08-15 19:21:48,617 INFO  [it.uni.reti2.HeartbeatGenerator] (executor-thread-1) 💓 [HEARTBEAT] Invio heartbeat: {"stazioneId":"Padova","stato":"ONLINE","timestamp":"2026-08-15T17:21:48.617442324Z","tipoEvento":"HEARTBEAT","bufferSize":0}
2026-08-15 19:21:58,617 INFO  [it.uni.reti2.HeartbeatGenerator] (executor-thread-1) 💓 [HEARTBEAT] Invio heartbeat: {"stazioneId":"Padova","stato":"ONLINE","timestamp":"2026-08-15T17:21:58.617103696Z","tipoEvento":"HEARTBEAT","bufferSize":0}
2026-08-15 19:22:08,617 INFO  [it.uni.reti2.HeartbeatGenerator] (executor-thread-1) 💓 [HEARTBEAT] Invio heartbeat: {"stazioneId":"Padova","stato":"ONLINE","timestamp":"2026-08-15T17:22:08.617031393Z","tipoEvento":"HEARTBEAT","bufferSize":0}
2026-08-15 19:22:18,617 INFO  [it.uni.reti2.HeartbeatGenerator] (executor-thread-1) 💓 [HEARTBEAT] Invio heartbeat: {"stazioneId":"Padova","stato":"ONLINE","timestamp":"2026-08-15T17:22:18.617031582Z","tipoEvento":"HEARTBEAT","bufferSize":0}
2026-08-15 19:22:28,617 INFO  [it.uni.reti2.HeartbeatGenerator] (executor-thread-1) 💓 [HEARTBEAT] Invio heartbeat: {"stazioneId":"Padova","stato":"ONLINE","timestamp":"2026-08-15T17:22:28.617063042Z","tipoEvento":"HEARTBEAT","bufferSize":0}
2026-08-15 19:22:38,617 INFO  [it.uni.reti2.HeartbeatGenerator] (executor-thread-1) 💓 [HEARTBEAT] Invio heartbeat: {"stazioneId":"Padova","stato":"ONLINE","timestamp":"2026-08-15T17:22:38.617062494Z","tipoEvento":"HEARTBEAT","bufferSize":0}
2026-08-15 19:22:48,617 INFO  [it.uni.reti2.HeartbeatGenerator] (executor-thread-1) 💓 [HEARTBEAT] Invio heartbeat: {"stazioneId":"Padova","stato":"ONLINE","timestamp":"2026-08-15T17:22:48.617129894Z","tipoEvento":"HEARTBEAT","bufferSize":0}
2026-08-15 19:22:58,617 INFO  [it.uni.reti2.HeartbeatGenerator] (executor-thread-1) 💓 [HEARTBEAT] Invio heartbeat: {"stazioneId":"Padova","stato":"ONLINE","timestamp":"2026-08-15T17:22:58.617554921Z","tipoEvento":"HEARTBEAT","bufferSize":0}
2026-08-15 19:23:08,617 INFO  [it.uni.reti2.HeartbeatGenerator] (executor-thread-1) 💓 [HEARTBEAT] Invio heartbeat: {"stazioneId":"Padova","stato":"ONLINE","timestamp":"2026-08-15T17:23:08.617080150Z","tipoEvento":"HEARTBEAT","bufferSize":0}
2026-08-15 19:23:18,617 INFO  [it.uni.reti2.HeartbeatGenerator] (executor-thread-1) 💓 [HEARTBEAT] Invio heartbeat: {"stazioneId":"Padova","stato":"ONLINE","timestamp":"2026-08-15T17:23:18.617499469Z","tipoEvento":"HEARTBEAT","bufferSize":0}
2026-08-15 19:23:28,617 INFO  [it.uni.reti2.HeartbeatGenerator] (executor-thread-1) 💓 [HEARTBEAT] Invio heartbeat: {"stazioneId":"Padova","stato":"ONLINE","timestamp":"2026-08-15T17:23:28.617020733Z","tipoEvento":"HEARTBEAT","bufferSize":0}
2026-08-15 19:23:38,617 INFO  [it.uni.reti2.HeartbeatGenerator] (executor-thread-1) 💓 [HEARTBEAT] Invio heartbeat: {"stazioneId":"Padova","stato":"ONLINE","timestamp":"2026-08-15T17:23:38.617060299Z","tipoEvento":"HEARTBEAT","bufferSize":0}
2026-08-15 19:23:48,617 INFO  [it.uni.reti2.HeartbeatGenerator] (executor-thread-1) 💓 [HEARTBEAT] Invio heartbeat: {"stazioneId":"Padova","stato":"ONLINE","timestamp":"2026-08-15T17:23:48.616993044Z","tipoEvento":"HEARTBEAT","bufferSize":0}
2026-08-15 19:23:58,617 INFO  [it.uni.reti2.HeartbeatGenerator] (executor-thread-1) 💓 [HEARTBEAT] Invio heartbeat: {"stazioneId":"Padova","stato":"ONLINE","timestamp":"2026-08-15T17:23:58.617000641Z","tipoEvento":"HEARTBEAT","bufferSize":0}
2026-08-15 19:24:08,617 INFO  [it.uni.reti2.HeartbeatGenerator] (executor-thread-1) 💓 [HEARTBEAT] Invio heartbeat: {"stazioneId":"Padova","stato":"ONLINE","timestamp":"2026-08-15T17:24:08.617050954Z","tipoEvento":"HEARTBEAT","bufferSize":0}
2026-08-15 19:24:18,617 INFO  [it.uni.reti2.HeartbeatGenerator] (executor-thread-1) 💓 [HEARTBEAT] Invio heartbeat: {"stazioneId":"Padova","stato":"ONLINE","timestamp":"2026-08-15T17:24:18.617033728Z","tipoEvento":"HEARTBEAT","bufferSize":0}
2026-08-15 19:24:28,617 INFO  [it.uni.reti2.HeartbeatGenerator] (executor-thread-1) 💓 [HEARTBEAT] Invio heartbeat: {"stazioneId":"Padova","stato":"ONLINE","timestamp":"2026-08-15T17:24:28.617656479Z","tipoEvento":"HEARTBEAT","bufferSize":0}
2026-08-15 19:24:38,617 INFO  [it.uni.reti2.HeartbeatGenerator] (executor-thread-1) 💓 [HEARTBEAT] Invio heartbeat: {"stazioneId":"Padova","stato":"ONLINE","timestamp":"2026-08-15T17:24:38.617037896Z","tipoEvento":"HEARTBEAT","bufferSize":0}
2026-08-15 19:24:48,617 INFO  [it.uni.reti2.HeartbeatGenerator] (executor-thread-1) 💓 [HEARTBEAT] Invio heartbeat: {"stazioneId":"Padova","stato":"ONLINE","timestamp":"2026-08-15T17:24:48.617068339Z","tipoEvento":"HEARTBEAT","bufferSize":0}
2026-08-15 19:24:58,617 INFO  [it.uni.reti2.HeartbeatGenerator] (executor-thread-1) 💓 [HEARTBEAT] Invio heartbeat: {"stazioneId":"Padova","stato":"ONLINE","timestamp":"2026-08-15T17:24:58.617066891Z","tipoEvento":"HEARTBEAT","bufferSize":0}
2026-08-15 19:25:08,617 INFO  [it.uni.reti2.HeartbeatGenerator] (executor-thread-1) 💓 [HEARTBEAT] Invio heartbeat: {"stazioneId":"Padova","stato":"ONLINE","timestamp":"2026-08-15T17:25:08.617486129Z","tipoEvento":"HEARTBEAT","bufferSize":0}
2026-08-15 19:25:18,617 INFO  [it.uni.reti2.HeartbeatGenerator] (executor-thread-1) 💓 [HEARTBEAT] Invio heartbeat: {"stazioneId":"Padova","stato":"ONLINE","timestamp":"2026-08-15T17:25:18.617031406Z","tipoEvento":"HEARTBEAT","bufferSize":0}
2026-08-15 19:25:28,617 INFO  [it.uni.reti2.HeartbeatGenerator] (executor-thread-1) 💓 [HEARTBEAT] Invio heartbeat: {"stazioneId":"Padova","stato":"ONLINE","timestamp":"2026-08-15T17:25:28.617211087Z","tipoEvento":"HEARTBEAT","bufferSize":0}
2026-08-15 19:25:38,617 INFO  [it.uni.reti2.HeartbeatGenerator] (executor-thread-1) 💓 [HEARTBEAT] Invio heartbeat: {"stazioneId":"Padova","stato":"ONLINE","timestamp":"2026-08-15T17:25:38.617175026Z","tipoEvento":"HEARTBEAT","bufferSize":0}
2026-08-15 19:25:48,617 INFO  [it.uni.reti2.HeartbeatGenerator] (executor-thread-1) 💓 [HEARTBEAT] Invio heartbeat: {"stazioneId":"Padova","stato":"ONLINE","timestamp":"2026-08-15T17:25:48.617139635Z","tipoEvento":"HEARTBEAT","bufferSize":0}
2026-08-15 19:25:58,617 INFO  [it.uni.reti2.HeartbeatGenerator] (executor-thread-1) 💓 [HEARTBEAT] Invio heartbeat: {"stazioneId":"Padova","stato":"ONLINE","timestamp":"2026-08-15T17:25:58.617056446Z","tipoEvento":"HEARTBEAT","bufferSize":0}
2026-08-15 19:26:08,617 INFO  [it.uni.reti2.HeartbeatGenerator] (executor-thread-1) 💓 [HEARTBEAT] Invio heartbeat: {"stazioneId":"Padova","stato":"ONLINE","timestamp":"2026-08-15T17:26:08.616983435Z","tipoEvento":"HEARTBEAT","bufferSize":0}
2026-08-15 19:26:18,617 INFO  [it.uni.reti2.HeartbeatGenerator] (executor-thread-1) 💓 [HEARTBEAT] Invio heartbeat: {"stazioneId":"Padova","stato":"ONLINE","timestamp":"2026-08-15T17:26:18.617073209Z","tipoEvento":"HEARTBEAT","bufferSize":0}
2026-08-15 19:26:28,617 INFO  [it.uni.reti2.HeartbeatGenerator] (executor-thread-1) 💓 [HEARTBEAT] Invio heartbeat: {"stazioneId":"Padova","stato":"ONLINE","timestamp":"2026-08-15T17:26:28.617036590Z","tipoEvento":"HEARTBEAT","bufferSize":0}
2026-08-15 19:26:38,617 INFO  [it.uni.reti2.HeartbeatGenerator] (executor-thread-1) 💓 [HEARTBEAT] Invio heartbeat: {"stazioneId":"Padova","stato":"ONLINE","timestamp":"2026-08-15T17:26:38.617070076Z","tipoEvento":"HEARTBEAT","bufferSize":0}
2026-08-15 19:26:48,617 INFO  [it.uni.reti2.HeartbeatGenerator] (executor-thread-1) 💓 [HEARTBEAT] Invio heartbeat: {"stazioneId":"Padova","stato":"ONLINE","timestamp":"2026-08-15T17:26:48.617485249Z","tipoEvento":"HEARTBEAT","bufferSize":0}
2026-08-15 19:26:58,617 INFO  [it.uni.reti2.HeartbeatGenerator] (executor-thread-1) 💓 [HEARTBEAT] Invio heartbeat: {"stazioneId":"Padova","stato":"ONLINE","timestamp":"2026-08-15T17:26:58.617387840Z","tipoEvento":"HEARTBEAT","bufferSize":0}
2026-08-15 19:27:08,617 INFO  [it.uni.reti2.HeartbeatGenerator] (executor-thread-1) 💓 [HEARTBEAT] Invio heartbeat: {"stazioneId":"Padova","stato":"ONLINE","timestamp":"2026-08-15T17:27:08.616998936Z","tipoEvento":"HEARTBEAT","bufferSize":0}
2026-08-15 19:27:18,617 INFO  [it.uni.reti2.HeartbeatGenerator] (executor-thread-1) 💓 [HEARTBEAT] Invio heartbeat: {"stazioneId":"Padova","stato":"ONLINE","timestamp":"2026-08-15T17:27:18.617330270Z","tipoEvento":"HEARTBEAT","bufferSize":0}
2026-08-15 19:27:28,617 INFO  [it.uni.reti2.HeartbeatGenerator] (executor-thread-1) 💓 [HEARTBEAT] Invio heartbeat: {"stazioneId":"Padova","stato":"ONLINE","timestamp":"2026-08-15T17:27:28.617313880Z","tipoEvento":"HEARTBEAT","bufferSize":0}
2026-08-15 19:27:38,617 INFO  [it.uni.reti2.HeartbeatGenerator] (executor-thread-1) 💓 [HEARTBEAT] Invio heartbeat: {"stazioneId":"Padova","stato":"ONLINE","timestamp":"2026-08-15T17:27:38.617042611Z","tipoEvento":"HEARTBEAT","bufferSize":0}
2026-08-15 19:27:48,617 INFO  [it.uni.reti2.HeartbeatGenerator] (executor-thread-1) 💓 [HEARTBEAT] Invio heartbeat: {"stazioneId":"Padova","stato":"ONLINE","timestamp":"2026-08-15T17:27:48.617458221Z","tipoEvento":"HEARTBEAT","bufferSize":0}
2026-08-15 19:27:58,617 INFO  [it.uni.reti2.HeartbeatGenerator] (executor-thread-1) 💓 [HEARTBEAT] Invio heartbeat: {"stazioneId":"Padova","stato":"ONLINE","timestamp":"2026-08-15T17:27:58.617095228Z","tipoEvento":"HEARTBEAT","bufferSize":0}
2026-08-15 19:28:08,617 INFO  [it.uni.reti2.HeartbeatGenerator] (executor-thread-1) 💓 [HEARTBEAT] Invio heartbeat: {"stazioneId":"Padova","stato":"ONLINE","timestamp":"2026-08-15T17:28:08.617163379Z","tipoEvento":"HEARTBEAT","bufferSize":0}
2026-08-15 19:28:18,617 INFO  [it.uni.reti2.HeartbeatGenerator] (executor-thread-1) 💓 [HEARTBEAT] Invio heartbeat: {"stazioneId":"Padova","stato":"ONLINE","timestamp":"2026-08-15T17:28:18.617091122Z","tipoEvento":"HEARTBEAT","bufferSize":0}
2026-08-15 19:28:28,617 INFO  [it.uni.reti2.HeartbeatGenerator] (executor-thread-1) 💓 [HEARTBEAT] Invio heartbeat: {"stazioneId":"Padova","stato":"ONLINE","timestamp":"2026-08-15T17:28:28.617074044Z","tipoEvento":"HEARTBEAT","bufferSize":0}
2026-08-15 19:28:38,617 INFO  [it.uni.reti2.HeartbeatGenerator] (executor-thread-1) 💓 [HEARTBEAT] Invio heartbeat: {"stazioneId":"Padova","stato":"ONLINE","timestamp":"2026-08-15T17:28:38.617042037Z","tipoEvento":"HEARTBEAT","bufferSize":0}
2026-08-15 19:28:48,617 INFO  [it.uni.reti2.HeartbeatGenerator] (executor-thread-1) 💓 [HEARTBEAT] Invio heartbeat: {"stazioneId":"Padova","stato":"ONLINE","timestamp":"2026-08-15T17:28:48.617016383Z","tipoEvento":"HEARTBEAT","bufferSize":0}
2026-08-15 19:28:58,617 INFO  [it.uni.reti2.HeartbeatGenerator] (executor-thread-1) 💓 [HEARTBEAT] Invio heartbeat: {"stazioneId":"Padova","stato":"ONLINE","timestamp":"2026-08-15T17:28:58.617038385Z","tipoEvento":"HEARTBEAT","bufferSize":0}
2026-08-15 19:29:08,617 INFO  [it.uni.reti2.HeartbeatGenerator] (executor-thread-1) 💓 [HEARTBEAT] Invio heartbeat: {"stazioneId":"Padova","stato":"ONLINE","timestamp":"2026-08-15T17:29:08.617052383Z","tipoEvento":"HEARTBEAT","bufferSize":0}
2026-08-15 19:29:18,617 INFO  [it.uni.reti2.HeartbeatGenerator] (executor-thread-1) 💓 [HEARTBEAT] Invio heartbeat: {"stazioneId":"Padova","stato":"ONLINE","timestamp":"2026-08-15T17:29:18.617589168Z","tipoEvento":"HEARTBEAT","bufferSize":0}
2026-08-15 19:29:28,617 INFO  [it.uni.reti2.HeartbeatGenerator] (executor-thread-1) 💓 [HEARTBEAT] Invio heartbeat: {"stazioneId":"Padova","stato":"ONLINE","timestamp":"2026-08-15T17:29:28.617317679Z","tipoEvento":"HEARTBEAT","bufferSize":0}
2026-08-15 19:29:38,617 INFO  [it.uni.reti2.HeartbeatGenerator] (executor-thread-1) 💓 [HEARTBEAT] Invio heartbeat: {"stazioneId":"Padova","stato":"ONLINE","timestamp":"2026-08-15T17:29:38.617548545Z","tipoEvento":"HEARTBEAT","bufferSize":0}
2026-08-15 19:29:48,617 INFO  [it.uni.reti2.HeartbeatGenerator] (executor-thread-1) 💓 [HEARTBEAT] Invio heartbeat: {"stazioneId":"Padova","stato":"ONLINE","timestamp":"2026-08-15T17:29:48.617498855Z","tipoEvento":"HEARTBEAT","bufferSize":0}
2026-08-15 19:29:58,617 INFO  [it.uni.reti2.HeartbeatGenerator] (executor-thread-1) 💓 [HEARTBEAT] Invio heartbeat: {"stazioneId":"Padova","stato":"ONLINE","timestamp":"2026-08-15T17:29:58.617052225Z","tipoEvento":"HEARTBEAT","bufferSize":0}
2026-08-15 19:30:08,617 INFO  [it.uni.reti2.HeartbeatGenerator] (executor-thread-1) 💓 [HEARTBEAT] Invio heartbeat: {"stazioneId":"Padova","stato":"ONLINE","timestamp":"2026-08-15T17:30:08.617558876Z","tipoEvento":"HEARTBEAT","bufferSize":0}
2026-08-15 19:30:18,617 INFO  [it.uni.reti2.HeartbeatGenerator] (executor-thread-1) 💓 [HEARTBEAT] Invio heartbeat: {"stazioneId":"Padova","stato":"ONLINE","timestamp":"2026-08-15T17:30:18.616996601Z","tipoEvento":"HEARTBEAT","bufferSize":0}
2026-08-15 19:30:28,617 INFO  [it.uni.reti2.HeartbeatGenerator] (executor-thread-1) 💓 [HEARTBEAT] Invio heartbeat: {"stazioneId":"Padova","stato":"ONLINE","timestamp":"2026-08-15T17:30:28.617066198Z","tipoEvento":"HEARTBEAT","bufferSize":0}
2026-08-15 19:30:38,617 INFO  [it.uni.reti2.HeartbeatGenerator] (executor-thread-1) 💓 [HEARTBEAT] Invio heartbeat: {"stazioneId":"Padova","stato":"ONLINE","timestamp":"2026-08-15T17:30:38.617487407Z","tipoEvento":"HEARTBEAT","bufferSize":0}
2026-08-15 19:30:48,617 INFO  [it.uni.reti2.HeartbeatGenerator] (executor-thread-1) 💓 [HEARTBEAT] Invio heartbeat: {"stazioneId":"Padova","stato":"ONLINE","timestamp":"2026-08-15T17:30:48.617559310Z","tipoEvento":"HEARTBEAT","bufferSize":0}
2026-08-15 19:30:58,617 INFO  [it.uni.reti2.HeartbeatGenerator] (executor-thread-1) 💓 [HEARTBEAT] Invio heartbeat: {"stazioneId":"Padova","stato":"ONLINE","timestamp":"2026-08-15T17:30:58.616991072Z","tipoEvento":"HEARTBEAT","bufferSize":0}
2026-08-15 19:31:08,617 INFO  [it.uni.reti2.HeartbeatGenerator] (executor-thread-1) 💓 [HEARTBEAT] Invio heartbeat: {"stazioneId":"Padova","stato":"ONLINE","timestamp":"2026-08-15T17:31:08.617046738Z","tipoEvento":"HEARTBEAT","bufferSize":0}
2026-08-15 19:31:18,617 INFO  [it.uni.reti2.HeartbeatGenerator] (executor-thread-1) 💓 [HEARTBEAT] Invio heartbeat: {"stazioneId":"Padova","stato":"ONLINE","timestamp":"2026-08-15T17:31:18.617093400Z","tipoEvento":"HEARTBEAT","bufferSize":0}
2026-08-15 19:31:28,617 INFO  [it.uni.reti2.HeartbeatGenerator] (executor-thread-1) 💓 [HEARTBEAT] Invio heartbeat: {"stazioneId":"Padova","stato":"ONLINE","timestamp":"2026-08-15T17:31:28.617039087Z","tipoEvento":"HEARTBEAT","bufferSize":0}
2026-08-15 19:31:38,617 INFO  [it.uni.reti2.HeartbeatGenerator] (executor-thread-1) 💓 [HEARTBEAT] Invio heartbeat: {"stazioneId":"Padova","stato":"ONLINE","timestamp":"2026-08-15T17:31:38.617188199Z","tipoEvento":"HEARTBEAT","bufferSize":0}
2026-08-15 19:31:48,617 INFO  [it.uni.reti2.HeartbeatGenerator] (executor-thread-1) 💓 [HEARTBEAT] Invio heartbeat: {"stazioneId":"Padova","stato":"ONLINE","timestamp":"2026-08-15T17:31:48.617017993Z","tipoEvento":"HEARTBEAT","bufferSize":0}
2026-08-15 19:31:58,617 INFO  [it.uni.reti2.HeartbeatGenerator] (executor-thread-1) 💓 [HEARTBEAT] Invio heartbeat: {"stazioneId":"Padova","stato":"ONLINE","timestamp":"2026-08-15T17:31:58.617076429Z","tipoEvento":"HEARTBEAT","bufferSize":0}
2026-08-15 19:32:08,617 INFO  [it.uni.reti2.HeartbeatGenerator] (executor-thread-1) 💓 [HEARTBEAT] Invio heartbeat: {"stazioneId":"Padova","stato":"ONLINE","timestamp":"2026-08-15T17:32:08.617019275Z","tipoEvento":"HEARTBEAT","bufferSize":0}
2026-08-15 19:32:18,617 INFO  [it.uni.reti2.HeartbeatGenerator] (executor-thread-1) 💓 [HEARTBEAT] Invio heartbeat: {"stazioneId":"Padova","stato":"ONLINE","timestamp":"2026-08-15T17:32:18.617145031Z","tipoEvento":"HEARTBEAT","bufferSize":0}
2026-08-15 19:32:28,617 INFO  [it.uni.reti2.HeartbeatGenerator] (executor-thread-1) 💓 [HEARTBEAT] Invio heartbeat: {"stazioneId":"Padova","stato":"ONLINE","timestamp":"2026-08-15T17:32:28.617055397Z","tipoEvento":"HEARTBEAT","bufferSize":0}
2026-08-15 19:32:38,617 INFO  [it.uni.reti2.HeartbeatGenerator] (executor-thread-1) 💓 [HEARTBEAT] Invio heartbeat: {"stazioneId":"Padova","stato":"ONLINE","timestamp":"2026-08-15T17:32:38.617059842Z","tipoEvento":"HEARTBEAT","bufferSize":0}
2026-08-15 19:32:48,617 INFO  [it.uni.reti2.HeartbeatGenerator] (executor-thread-1) 💓 [HEARTBEAT] Invio heartbeat: {"stazioneId":"Padova","stato":"ONLINE","timestamp":"2026-08-15T17:32:48.617022488Z","tipoEvento":"HEARTBEAT","bufferSize":0}
2026-08-15 19:32:58,617 INFO  [it.uni.reti2.HeartbeatGenerator] (executor-thread-1) 💓 [HEARTBEAT] Invio heartbeat: {"stazioneId":"Padova","stato":"ONLINE","timestamp":"2026-08-15T17:32:58.617231380Z","tipoEvento":"HEARTBEAT","bufferSize":0}
2026-08-15 19:33:08,617 INFO  [it.uni.reti2.HeartbeatGenerator] (executor-thread-1) 💓 [HEARTBEAT] Invio heartbeat: {"stazioneId":"Padova","stato":"ONLINE","timestamp":"2026-08-15T17:33:08.617079483Z","tipoEvento":"HEARTBEAT","bufferSize":0}
2026-08-15 19:33:18,617 INFO  [it.uni.reti2.HeartbeatGenerator] (executor-thread-1) 💓 [HEARTBEAT] Invio heartbeat: {"stazioneId":"Padova","stato":"ONLINE","timestamp":"2026-08-15T17:33:18.617067711Z","tipoEvento":"HEARTBEAT","bufferSize":0}
2026-08-15 19:33:28,617 INFO  [it.uni.reti2.HeartbeatGenerator] (executor-thread-1) 💓 [HEARTBEAT] Invio heartbeat: {"stazioneId":"Padova","stato":"ONLINE","timestamp":"2026-08-15T17:33:28.617034588Z","tipoEvento":"HEARTBEAT","bufferSize":0}
2026-08-15 19:33:38,617 INFO  [it.uni.reti2.HeartbeatGenerator] (executor-thread-1) 💓 [HEARTBEAT] Invio heartbeat: {"stazioneId":"Padova","stato":"ONLINE","timestamp":"2026-08-15T17:33:38.617397032Z","tipoEvento":"HEARTBEAT","bufferSize":0}
2026-08-15 19:33:48,617 INFO  [it.uni.reti2.HeartbeatGenerator] (executor-thread-1) 💓 [HEARTBEAT] Invio heartbeat: {"stazioneId":"Padova","stato":"ONLINE","timestamp":"2026-08-15T17:33:48.617192624Z","tipoEvento":"HEARTBEAT","bufferSize":0}
2026-08-15 19:33:58,617 INFO  [it.uni.reti2.HeartbeatGenerator] (executor-thread-1) 💓 [HEARTBEAT] Invio heartbeat: {"stazioneId":"Padova","stato":"ONLINE","timestamp":"2026-08-15T17:33:58.617010736Z","tipoEvento":"HEARTBEAT","bufferSize":0}
2026-08-15 19:34:08,616 INFO  [it.uni.reti2.HeartbeatGenerator] (executor-thread-1) 💓 [HEARTBEAT] Invio heartbeat: {"stazioneId":"Padova","stato":"ONLINE","timestamp":"2026-08-15T17:34:08.616962438Z","tipoEvento":"HEARTBEAT","bufferSize":0}
2026-08-15 19:34:18,617 INFO  [it.uni.reti2.HeartbeatGenerator] (executor-thread-1) 💓 [HEARTBEAT] Invio heartbeat: {"stazioneId":"Padova","stato":"ONLINE","timestamp":"2026-08-15T17:34:18.617027617Z","tipoEvento":"HEARTBEAT","bufferSize":0}
2026-08-15 19:34:28,617 INFO  [it.uni.reti2.HeartbeatGenerator] (executor-thread-1) 💓 [HEARTBEAT] Invio heartbeat: {"stazioneId":"Padova","stato":"ONLINE","timestamp":"2026-08-15T17:34:28.617043623Z","tipoEvento":"HEARTBEAT","bufferSize":0}
2026-08-15 19:34:38,617 INFO  [it.uni.reti2.HeartbeatGenerator] (executor-thread-1) 💓 [HEARTBEAT] Invio heartbeat: {"stazioneId":"Padova","stato":"ONLINE","timestamp":"2026-08-15T17:34:38.617042498Z","tipoEvento":"HEARTBEAT","bufferSize":0}
2026-08-15 19:34:48,617 INFO  [it.uni.reti2.HeartbeatGenerator] (executor-thread-1) 💓 [HEARTBEAT] Invio heartbeat: {"stazioneId":"Padova","stato":"ONLINE","timestamp":"2026-08-15T17:34:48.617028125Z","tipoEvento":"HEARTBEAT","bufferSize":0}
2026-08-15 19:34:58,617 INFO  [it.uni.reti2.HeartbeatGenerator] (executor-thread-1) 💓 [HEARTBEAT] Invio heartbeat: {"stazioneId":"Padova","stato":"ONLINE","timestamp":"2026-08-15T17:34:58.617064435Z","tipoEvento":"HEARTBEAT","bufferSize":0}
2026-08-15 19:35:08,617 INFO  [it.uni.reti2.HeartbeatGenerator] (executor-thread-1) 💓 [HEARTBEAT] Invio heartbeat: {"stazioneId":"Padova","stato":"ONLINE","timestamp":"2026-08-15T17:35:08.617015810Z","tipoEvento":"HEARTBEAT","bufferSize":0}
2026-08-15 19:35:18,617 INFO  [it.uni.reti2.HeartbeatGenerator] (executor-thread-1) 💓 [HEARTBEAT] Invio heartbeat: {"stazioneId":"Padova","stato":"ONLINE","timestamp":"2026-08-15T17:35:18.617021523Z","tipoEvento":"HEARTBEAT","bufferSize":0}
2026-08-15 19:35:28,617 INFO  [it.uni.reti2.HeartbeatGenerator] (executor-thread-1) 💓 [HEARTBEAT] Invio heartbeat: {"stazioneId":"Padova","stato":"ONLINE","timestamp":"2026-08-15T17:35:28.617046233Z","tipoEvento":"HEARTBEAT","bufferSize":0}
2026-08-15 19:35:38,617 INFO  [it.uni.reti2.HeartbeatGenerator] (executor-thread-1) 💓 [HEARTBEAT] Invio heartbeat: {"stazioneId":"Padova","stato":"ONLINE","timestamp":"2026-08-15T17:35:38.617020808Z","tipoEvento":"HEARTBEAT","bufferSize":0}
2026-08-15 19:35:48,617 INFO  [it.uni.reti2.HeartbeatGenerator] (executor-thread-1) 💓 [HEARTBEAT] Invio heartbeat: {"stazioneId":"Padova","stato":"ONLINE","timestamp":"2026-08-15T17:35:48.616974084Z","tipoEvento":"HEARTBEAT","bufferSize":0}
2026-08-15 19:35:58,617 INFO  [it.uni.reti2.HeartbeatGenerator] (executor-thread-1) 💓 [HEARTBEAT] Invio heartbeat: {"stazioneId":"Padova","stato":"ONLINE","timestamp":"2026-08-15T17:35:58.616964030Z","tipoEvento":"HEARTBEAT","bufferSize":0}
2026-08-15 19:36:08,617 INFO  [it.uni.reti2.HeartbeatGenerator] (executor-thread-1) 💓 [HEARTBEAT] Invio heartbeat: {"stazioneId":"Padova","stato":"ONLINE","timestamp":"2026-08-15T17:36:08.616959994Z","tipoEvento":"HEARTBEAT","bufferSize":0}
2026-08-15 19:36:18,617 INFO  [it.uni.reti2.HeartbeatGenerator] (executor-thread-1) 💓 [HEARTBEAT] Invio heartbeat: {"stazioneId":"Padova","stato":"ONLINE","timestamp":"2026-08-15T17:36:18.617379264Z","tipoEvento":"HEARTBEAT","bufferSize":0}
2026-08-15 19:36:28,617 INFO  [it.uni.reti2.HeartbeatGenerator] (executor-thread-1) 💓 [HEARTBEAT] Invio heartbeat: {"stazioneId":"Padova","stato":"ONLINE","timestamp":"2026-08-15T17:36:28.617104490Z","tipoEvento":"HEARTBEAT","bufferSize":0}
2026-08-15 19:36:38,617 INFO  [it.uni.reti2.HeartbeatGenerator] (executor-thread-1) 💓 [HEARTBEAT] Invio heartbeat: {"stazioneId":"Padova","stato":"ONLINE","timestamp":"2026-08-15T17:36:38.616982582Z","tipoEvento":"HEARTBEAT","bufferSize":0}
2026-08-15 19:36:48,617 INFO  [it.uni.reti2.HeartbeatGenerator] (executor-thread-1) 💓 [HEARTBEAT] Invio heartbeat: {"stazioneId":"Padova","stato":"ONLINE","timestamp":"2026-08-15T17:36:48.617124712Z","tipoEvento":"HEARTBEAT","bufferSize":0}
2026-08-15 19:36:58,617 INFO  [it.uni.reti2.HeartbeatGenerator] (executor-thread-1) 💓 [HEARTBEAT] Invio heartbeat: {"stazioneId":"Padova","stato":"ONLINE","timestamp":"2026-08-15T17:36:58.617140121Z","tipoEvento":"HEARTBEAT","bufferSize":0}
2026-08-15 19:37:08,617 INFO  [it.uni.reti2.HeartbeatGenerator] (executor-thread-1) 💓 [HEARTBEAT] Invio heartbeat: {"stazioneId":"Padova","stato":"ONLINE","timestamp":"2026-08-15T17:37:08.617019732Z","tipoEvento":"HEARTBEAT","bufferSize":0}
2026-08-15 19:37:18,617 INFO  [it.uni.reti2.HeartbeatGenerator] (executor-thread-1) 💓 [HEARTBEAT] Invio heartbeat: {"stazioneId":"Padova","stato":"ONLINE","timestamp":"2026-08-15T17:37:18.617022447Z","tipoEvento":"HEARTBEAT","bufferSize":0}
2026-08-15 19:37:28,617 INFO  [it.uni.reti2.HeartbeatGenerator] (executor-thread-1) 💓 [HEARTBEAT] Invio heartbeat: {"stazioneId":"Padova","stato":"ONLINE","timestamp":"2026-08-15T17:37:28.617067414Z","tipoEvento":"HEARTBEAT","bufferSize":0}
2026-08-15 19:37:38,617 INFO  [it.uni.reti2.HeartbeatGenerator] (executor-thread-1) 💓 [HEARTBEAT] Invio heartbeat: {"stazioneId":"Padova","stato":"ONLINE","timestamp":"2026-08-15T17:37:38.617059569Z","tipoEvento":"HEARTBEAT","bufferSize":0}
2026-08-15 19:37:48,617 INFO  [it.uni.reti2.HeartbeatGenerator] (executor-thread-1) 💓 [HEARTBEAT] Invio heartbeat: {"stazioneId":"Padova","stato":"ONLINE","timestamp":"2026-08-15T17:37:48.616971553Z","tipoEvento":"HEARTBEAT","bufferSize":0}
2026-08-15 19:37:58,617 INFO  [it.uni.reti2.HeartbeatGenerator] (executor-thread-1) 💓 [HEARTBEAT] Invio heartbeat: {"stazioneId":"Padova","stato":"ONLINE","timestamp":"2026-08-15T17:37:58.617077815Z","tipoEvento":"HEARTBEAT","bufferSize":0}
2026-08-15 19:38:08,617 INFO  [it.uni.reti2.HeartbeatGenerator] (executor-thread-1) 💓 [HEARTBEAT] Invio heartbeat: {"stazioneId":"Padova","stato":"ONLINE","timestamp":"2026-08-15T17:38:08.616945167Z","tipoEvento":"HEARTBEAT","bufferSize":0}
2026-08-15 19:38:18,617 INFO  [it.uni.reti2.HeartbeatGenerator] (executor-thread-1) 💓 [HEARTBEAT] Invio heartbeat: {"stazioneId":"Padova","stato":"ONLINE","timestamp":"2026-08-15T17:38:18.617255515Z","tipoEvento":"HEARTBEAT","bufferSize":0}
2026-08-15 19:38:28,617 INFO  [it.uni.reti2.HeartbeatGenerator] (executor-thread-1) 💓 [HEARTBEAT] Invio heartbeat: {"stazioneId":"Padova","stato":"ONLINE","timestamp":"2026-08-15T17:38:28.616984353Z","tipoEvento":"HEARTBEAT","bufferSize":0}
2026-08-15 19:38:38,617 INFO  [it.uni.reti2.HeartbeatGenerator] (executor-thread-1) 💓 [HEARTBEAT] Invio heartbeat: {"stazioneId":"Padova","stato":"ONLINE","timestamp":"2026-08-15T17:38:38.617046083Z","tipoEvento":"HEARTBEAT","bufferSize":0}
2026-08-15 19:38:48,617 INFO  [it.uni.reti2.HeartbeatGenerator] (executor-thread-1) 💓 [HEARTBEAT] Invio heartbeat: {"stazioneId":"Padova","stato":"ONLINE","timestamp":"2026-08-15T17:38:48.617117199Z","tipoEvento":"HEARTBEAT","bufferSize":0}
2026-08-15 19:38:58,617 INFO  [it.uni.reti2.HeartbeatGenerator] (executor-thread-1) 💓 [HEARTBEAT] Invio heartbeat: {"stazioneId":"Padova","stato":"ONLINE","timestamp":"2026-08-15T17:38:58.617047210Z","tipoEvento":"HEARTBEAT","bufferSize":0}
2026-08-15 19:39:08,617 INFO  [it.uni.reti2.HeartbeatGenerator] (executor-thread-1) 💓 [HEARTBEAT] Invio heartbeat: {"stazioneId":"Padova","stato":"ONLINE","timestamp":"2026-08-15T17:39:08.617042098Z","tipoEvento":"HEARTBEAT","bufferSize":0}
2026-08-15 19:39:18,617 INFO  [it.uni.reti2.HeartbeatGenerator] (executor-thread-1) 💓 [HEARTBEAT] Invio heartbeat: {"stazioneId":"Padova","stato":"ONLINE","timestamp":"2026-08-15T17:39:18.617034550Z","tipoEvento":"HEARTBEAT","bufferSize":0}
2026-08-15 19:39:28,617 INFO  [it.uni.reti2.HeartbeatGenerator] (executor-thread-1) 💓 [HEARTBEAT] Invio heartbeat: {"stazioneId":"Padova","stato":"ONLINE","timestamp":"2026-08-15T17:39:28.617061113Z","tipoEvento":"HEARTBEAT","bufferSize":0}
2026-08-15 19:39:38,617 INFO  [it.uni.reti2.HeartbeatGenerator] (executor-thread-1) 💓 [HEARTBEAT] Invio heartbeat: {"stazioneId":"Padova","stato":"ONLINE","timestamp":"2026-08-15T17:39:38.617037118Z","tipoEvento":"HEARTBEAT","bufferSize":0}
2026-08-15 19:39:48,617 INFO  [it.uni.reti2.HeartbeatGenerator] (executor-thread-1) 💓 [HEARTBEAT] Invio heartbeat: {"stazioneId":"Padova","stato":"ONLINE","timestamp":"2026-08-15T17:39:48.617089937Z","tipoEvento":"HEARTBEAT","bufferSize":0}
2026-08-15 19:39:58,617 INFO  [it.uni.reti2.HeartbeatGenerator] (executor-thread-1) 💓 [HEARTBEAT] Invio heartbeat: {"stazioneId":"Padova","stato":"ONLINE","timestamp":"2026-08-15T17:39:58.617292630Z","tipoEvento":"HEARTBEAT","bufferSize":0}
2026-08-15 19:40:08,617 INFO  [it.uni.reti2.HeartbeatGenerator] (executor-thread-1) 💓 [HEARTBEAT] Invio heartbeat: {"stazioneId":"Padova","stato":"ONLINE","timestamp":"2026-08-15T17:40:08.617108910Z","tipoEvento":"HEARTBEAT","bufferSize":0}
2026-08-15 19:40:18,617 INFO  [it.uni.reti2.HeartbeatGenerator] (executor-thread-1) 💓 [HEARTBEAT] Invio heartbeat: {"stazioneId":"Padova","stato":"ONLINE","timestamp":"2026-08-15T17:40:18.617011257Z","tipoEvento":"HEARTBEAT","bufferSize":0}
2026-08-15 19:40:28,617 INFO  [it.uni.reti2.HeartbeatGenerator] (executor-thread-1) 💓 [HEARTBEAT] Invio heartbeat: {"stazioneId":"Padova","stato":"ONLINE","timestamp":"2026-08-15T17:40:28.617056453Z","tipoEvento":"HEARTBEAT","bufferSize":0}
2026-08-15 19:40:38,617 INFO  [it.uni.reti2.HeartbeatGenerator] (executor-thread-1) 💓 [HEARTBEAT] Invio heartbeat: {"stazioneId":"Padova","stato":"ONLINE","timestamp":"2026-08-15T17:40:38.617023450Z","tipoEvento":"HEARTBEAT","bufferSize":0}
2026-08-15 19:40:48,617 INFO  [it.uni.reti2.HeartbeatGenerator] (executor-thread-1) 💓 [HEARTBEAT] Invio heartbeat: {"stazioneId":"Padova","stato":"ONLINE","timestamp":"2026-08-15T17:40:48.617068567Z","tipoEvento":"HEARTBEAT","bufferSize":0}
2026-08-15 19:40:58,617 INFO  [it.uni.reti2.HeartbeatGenerator] (executor-thread-1) 💓 [HEARTBEAT] Invio heartbeat: {"stazioneId":"Padova","stato":"ONLINE","timestamp":"2026-08-15T17:40:58.617137002Z","tipoEvento":"HEARTBEAT","bufferSize":0}
2026-08-15 19:41:08,617 INFO  [it.uni.reti2.HeartbeatGenerator] (executor-thread-1) 💓 [HEARTBEAT] Invio heartbeat: {"stazioneId":"Padova","stato":"ONLINE","timestamp":"2026-08-15T17:41:08.617063556Z","tipoEvento":"HEARTBEAT","bufferSize":0}
2026-08-15 19:41:18,617 INFO  [it.uni.reti2.HeartbeatGenerator] (executor-thread-1) 💓 [HEARTBEAT] Invio heartbeat: {"stazioneId":"Padova","stato":"ONLINE","timestamp":"2026-08-15T17:41:18.617313948Z","tipoEvento":"HEARTBEAT","bufferSize":0}
2026-08-15 19:41:28,617 INFO  [it.uni.reti2.HeartbeatGenerator] (executor-thread-1) 💓 [HEARTBEAT] Invio heartbeat: {"stazioneId":"Padova","stato":"ONLINE","timestamp":"2026-08-15T17:41:28.617120859Z","tipoEvento":"HEARTBEAT","bufferSize":0}
2026-08-15 19:41:38,617 INFO  [it.uni.reti2.HeartbeatGenerator] (executor-thread-1) 💓 [HEARTBEAT] Invio heartbeat: {"stazioneId":"Padova","stato":"ONLINE","timestamp":"2026-08-15T17:41:38.617061907Z","tipoEvento":"HEARTBEAT","bufferSize":0}
2026-08-15 19:41:48,617 INFO  [it.uni.reti2.HeartbeatGenerator] (executor-thread-1) 💓 [HEARTBEAT] Invio heartbeat: {"stazioneId":"Padova","stato":"ONLINE","timestamp":"2026-08-15T17:41:48.617008955Z","tipoEvento":"HEARTBEAT","bufferSize":0}
2026-08-15 19:41:58,617 INFO  [it.uni.reti2.HeartbeatGenerator] (executor-thread-1) 💓 [HEARTBEAT] Invio heartbeat: {"stazioneId":"Padova","stato":"ONLINE","timestamp":"2026-08-15T17:41:58.617056119Z","tipoEvento":"HEARTBEAT","bufferSize":0}
2026-08-15 19:42:08,617 INFO  [it.uni.reti2.HeartbeatGenerator] (executor-thread-1) 💓 [HEARTBEAT] Invio heartbeat: {"stazioneId":"Padova","stato":"ONLINE","timestamp":"2026-08-15T17:42:08.617061469Z","tipoEvento":"HEARTBEAT","bufferSize":0}
2026-08-15 19:42:18,617 INFO  [it.uni.reti2.HeartbeatGenerator] (executor-thread-1) 💓 [HEARTBEAT] Invio heartbeat: {"stazioneId":"Padova","stato":"ONLINE","timestamp":"2026-08-15T17:42:18.617071216Z","tipoEvento":"HEARTBEAT","bufferSize":0}
2026-08-15 19:42:28,617 INFO  [it.uni.reti2.HeartbeatGenerator] (executor-thread-1) 💓 [HEARTBEAT] Invio heartbeat: {"stazioneId":"Padova","stato":"ONLINE","timestamp":"2026-08-15T17:42:28.617025366Z","tipoEvento":"HEARTBEAT","bufferSize":0}
2026-08-15 19:42:38,617 INFO  [it.uni.reti2.HeartbeatGenerator] (executor-thread-1) 💓 [HEARTBEAT] Invio heartbeat: {"stazioneId":"Padova","stato":"ONLINE","timestamp":"2026-08-15T17:42:38.617015033Z","tipoEvento":"HEARTBEAT","bufferSize":0}
2026-08-15 19:42:48,617 INFO  [it.uni.reti2.HeartbeatGenerator] (executor-thread-1) 💓 [HEARTBEAT] Invio heartbeat: {"stazioneId":"Padova","stato":"ONLINE","timestamp":"2026-08-15T17:42:48.617133345Z","tipoEvento":"HEARTBEAT","bufferSize":0}
2026-08-15 19:42:58,617 INFO  [it.uni.reti2.HeartbeatGenerator] (executor-thread-1) 💓 [HEARTBEAT] Invio heartbeat: {"stazioneId":"Padova","stato":"ONLINE","timestamp":"2026-08-15T17:42:58.617048468Z","tipoEvento":"HEARTBEAT","bufferSize":0}
2026-08-15 19:43:08,617 INFO  [it.uni.reti2.HeartbeatGenerator] (executor-thread-1) 💓 [HEARTBEAT] Invio heartbeat: {"stazioneId":"Padova","stato":"ONLINE","timestamp":"2026-08-15T17:43:08.617146567Z","tipoEvento":"HEARTBEAT","bufferSize":0}
2026-08-15 19:43:18,617 INFO  [it.uni.reti2.HeartbeatGenerator] (executor-thread-1) 💓 [HEARTBEAT] Invio heartbeat: {"stazioneId":"Padova","stato":"ONLINE","timestamp":"2026-08-15T17:43:18.617043745Z","tipoEvento":"HEARTBEAT","bufferSize":0}
2026-08-15 19:43:28,617 INFO  [it.uni.reti2.HeartbeatGenerator] (executor-thread-1) 💓 [HEARTBEAT] Invio heartbeat: {"stazioneId":"Padova","stato":"ONLINE","timestamp":"2026-08-15T17:43:28.617009839Z","tipoEvento":"HEARTBEAT","bufferSize":0}
2026-08-15 19:43:38,616 INFO  [it.uni.reti2.HeartbeatGenerator] (executor-thread-1) 💓 [HEARTBEAT] Invio heartbeat: {"stazioneId":"Padova","stato":"ONLINE","timestamp":"2026-08-15T17:43:38.616909690Z","tipoEvento":"HEARTBEAT","bufferSize":0}
2026-08-15 19:43:48,617 INFO  [it.uni.reti2.HeartbeatGenerator] (executor-thread-1) 💓 [HEARTBEAT] Invio heartbeat: {"stazioneId":"Padova","stato":"ONLINE","timestamp":"2026-08-15T17:43:48.617088052Z","tipoEvento":"HEARTBEAT","bufferSize":0}
2026-08-15 19:43:58,617 INFO  [it.uni.reti2.HeartbeatGenerator] (executor-thread-1) 💓 [HEARTBEAT] Invio heartbeat: {"stazioneId":"Padova","stato":"ONLINE","timestamp":"2026-08-15T17:43:58.617045174Z","tipoEvento":"HEARTBEAT","bufferSize":0}
2026-08-15 19:44:08,617 INFO  [it.uni.reti2.HeartbeatGenerator] (executor-thread-1) 💓 [HEARTBEAT] Invio heartbeat: {"stazioneId":"Padova","stato":"ONLINE","timestamp":"2026-08-15T17:44:08.616986573Z","tipoEvento":"HEARTBEAT","bufferSize":0}
2026-08-15 19:44:18,617 INFO  [it.uni.reti2.HeartbeatGenerator] (executor-thread-1) 💓 [HEARTBEAT] Invio heartbeat: {"stazioneId":"Padova","stato":"ONLINE","timestamp":"2026-08-15T17:44:18.617071133Z","tipoEvento":"HEARTBEAT","bufferSize":0}
2026-08-15 19:44:28,617 INFO  [it.uni.reti2.HeartbeatGenerator] (executor-thread-1) 💓 [HEARTBEAT] Invio heartbeat: {"stazioneId":"Padova","stato":"ONLINE","timestamp":"2026-08-15T17:44:28.616991239Z","tipoEvento":"HEARTBEAT","bufferSize":0}
2026-08-15 19:44:38,617 INFO  [it.uni.reti2.HeartbeatGenerator] (executor-thread-1) 💓 [HEARTBEAT] Invio heartbeat: {"stazioneId":"Padova","stato":"ONLINE","timestamp":"2026-08-15T17:44:38.617005572Z","tipoEvento":"HEARTBEAT","bufferSize":0}
2026-08-15 19:44:48,617 INFO  [it.uni.reti2.HeartbeatGenerator] (executor-thread-1) 💓 [HEARTBEAT] Invio heartbeat: {"stazioneId":"Padova","stato":"ONLINE","timestamp":"2026-08-15T17:44:48.616958206Z","tipoEvento":"HEARTBEAT","bufferSize":0}
2026-08-15 19:44:58,617 INFO  [it.uni.reti2.HeartbeatGenerator] (executor-thread-1) 💓 [HEARTBEAT] Invio heartbeat: {"stazioneId":"Padova","stato":"ONLINE","timestamp":"2026-08-15T17:44:58.617051175Z","tipoEvento":"HEARTBEAT","bufferSize":0}
2026-08-15 19:45:08,617 INFO  [it.uni.reti2.HeartbeatGenerator] (executor-thread-1) 💓 [HEARTBEAT] Invio heartbeat: {"stazioneId":"Padova","stato":"ONLINE","timestamp":"2026-08-15T17:45:08.617064156Z","tipoEvento":"HEARTBEAT","bufferSize":0}
2026-08-15 19:45:18,617 INFO  [it.uni.reti2.HeartbeatGenerator] (executor-thread-1) 💓 [HEARTBEAT] Invio heartbeat: {"stazioneId":"Padova","stato":"ONLINE","timestamp":"2026-08-15T17:45:18.617092577Z","tipoEvento":"HEARTBEAT","bufferSize":0}
2026-08-15 19:45:28,617 INFO  [it.uni.reti2.HeartbeatGenerator] (executor-thread-1) 💓 [HEARTBEAT] Invio heartbeat: {"stazioneId":"Padova","stato":"ONLINE","timestamp":"2026-08-15T17:45:28.616997669Z","tipoEvento":"HEARTBEAT","bufferSize":0}
2026-08-15 19:45:38,617 INFO  [it.uni.reti2.HeartbeatGenerator] (executor-thread-1) 💓 [HEARTBEAT] Invio heartbeat: {"stazioneId":"Padova","stato":"ONLINE","timestamp":"2026-08-15T17:45:38.617077428Z","tipoEvento":"HEARTBEAT","bufferSize":0}
2026-08-15 19:45:48,617 INFO  [it.uni.reti2.HeartbeatGenerator] (executor-thread-1) 💓 [HEARTBEAT] Invio heartbeat: {"stazioneId":"Padova","stato":"ONLINE","timestamp":"2026-08-15T17:45:48.616994071Z","tipoEvento":"HEARTBEAT","bufferSize":0}
2026-08-15 19:45:58,617 INFO  [it.uni.reti2.HeartbeatGenerator] (executor-thread-1) 💓 [HEARTBEAT] Invio heartbeat: {"stazioneId":"Padova","stato":"ONLINE","timestamp":"2026-08-15T17:45:58.617252480Z","tipoEvento":"HEARTBEAT","bufferSize":0}
2026-08-15 19:46:08,617 INFO  [it.uni.reti2.HeartbeatGenerator] (executor-thread-1) 💓 [HEARTBEAT] Invio heartbeat: {"stazioneId":"Padova","stato":"ONLINE","timestamp":"2026-08-15T17:46:08.617065612Z","tipoEvento":"HEARTBEAT","bufferSize":0}
2026-08-15 19:46:18,617 INFO  [it.uni.reti2.HeartbeatGenerator] (executor-thread-1) 💓 [HEARTBEAT] Invio heartbeat: {"stazioneId":"Padova","stato":"ONLINE","timestamp":"2026-08-15T17:46:18.617113551Z","tipoEvento":"HEARTBEAT","bufferSize":0}
2026-08-15 19:46:28,617 INFO  [it.uni.reti2.HeartbeatGenerator] (executor-thread-1) 💓 [HEARTBEAT] Invio heartbeat: {"stazioneId":"Padova","stato":"ONLINE","timestamp":"2026-08-15T17:46:28.617087815Z","tipoEvento":"HEARTBEAT","bufferSize":0}
2026-08-15 19:46:38,617 INFO  [it.uni.reti2.HeartbeatGenerator] (executor-thread-1) 💓 [HEARTBEAT] Invio heartbeat: {"stazioneId":"Padova","stato":"ONLINE","timestamp":"2026-08-15T17:46:38.617046579Z","tipoEvento":"HEARTBEAT","bufferSize":0}
2026-08-15 19:46:48,617 INFO  [it.uni.reti2.HeartbeatGenerator] (executor-thread-1) 💓 [HEARTBEAT] Invio heartbeat: {"stazioneId":"Padova","stato":"ONLINE","timestamp":"2026-08-15T17:46:48.616996978Z","tipoEvento":"HEARTBEAT","bufferSize":0}
2026-08-15 19:46:58,617 INFO  [it.uni.reti2.HeartbeatGenerator] (executor-thread-1) 💓 [HEARTBEAT] Invio heartbeat: {"stazioneId":"Padova","stato":"ONLINE","timestamp":"2026-08-15T17:46:58.617134977Z","tipoEvento":"HEARTBEAT","bufferSize":0}
2026-08-15 19:47:08,617 INFO  [it.uni.reti2.HeartbeatGenerator] (executor-thread-1) 💓 [HEARTBEAT] Invio heartbeat: {"stazioneId":"Padova","stato":"ONLINE","timestamp":"2026-08-15T17:47:08.617090170Z","tipoEvento":"HEARTBEAT","bufferSize":0}
2026-08-15 19:47:18,617 INFO  [it.uni.reti2.HeartbeatGenerator] (executor-thread-1) 💓 [HEARTBEAT] Invio heartbeat: {"stazioneId":"Padova","stato":"ONLINE","timestamp":"2026-08-15T17:47:18.617100259Z","tipoEvento":"HEARTBEAT","bufferSize":0}
2026-08-15 19:47:28,617 INFO  [it.uni.reti2.HeartbeatGenerator] (executor-thread-1) 💓 [HEARTBEAT] Invio heartbeat: {"stazioneId":"Padova","stato":"ONLINE","timestamp":"2026-08-15T17:47:28.617022724Z","tipoEvento":"HEARTBEAT","bufferSize":0}
2026-08-15 19:47:38,617 INFO  [it.uni.reti2.HeartbeatGenerator] (executor-thread-1) 💓 [HEARTBEAT] Invio heartbeat: {"stazioneId":"Padova","stato":"ONLINE","timestamp":"2026-08-15T17:47:38.617098382Z","tipoEvento":"HEARTBEAT","bufferSize":0}
2026-08-15 19:47:48,617 INFO  [it.uni.reti2.HeartbeatGenerator] (executor-thread-1) 💓 [HEARTBEAT] Invio heartbeat: {"stazioneId":"Padova","stato":"ONLINE","timestamp":"2026-08-15T17:47:48.617085341Z","tipoEvento":"HEARTBEAT","bufferSize":0}
2026-08-15 19:47:58,617 INFO  [it.uni.reti2.HeartbeatGenerator] (executor-thread-1) 💓 [HEARTBEAT] Invio heartbeat: {"stazioneId":"Padova","stato":"ONLINE","timestamp":"2026-08-15T17:47:58.617025307Z","tipoEvento":"HEARTBEAT","bufferSize":0}
2026-08-15 19:48:08,617 INFO  [it.uni.reti2.HeartbeatGenerator] (executor-thread-1) 💓 [HEARTBEAT] Invio heartbeat: {"stazioneId":"Padova","stato":"ONLINE","timestamp":"2026-08-15T17:48:08.617212758Z","tipoEvento":"HEARTBEAT","bufferSize":0}
2026-08-15 19:48:18,617 INFO  [it.uni.reti2.HeartbeatGenerator] (executor-thread-1) 💓 [HEARTBEAT] Invio heartbeat: {"stazioneId":"Padova","stato":"ONLINE","timestamp":"2026-08-15T17:48:18.617018439Z","tipoEvento":"HEARTBEAT","bufferSize":0}
2026-08-15 19:48:28,617 INFO  [it.uni.reti2.HeartbeatGenerator] (executor-thread-1) 💓 [HEARTBEAT] Invio heartbeat: {"stazioneId":"Padova","stato":"ONLINE","timestamp":"2026-08-15T17:48:28.617132076Z","tipoEvento":"HEARTBEAT","bufferSize":0}
2026-08-15 19:48:38,617 INFO  [it.uni.reti2.HeartbeatGenerator] (executor-thread-1) 💓 [HEARTBEAT] Invio heartbeat: {"stazioneId":"Padova","stato":"ONLINE","timestamp":"2026-08-15T17:48:38.617074101Z","tipoEvento":"HEARTBEAT","bufferSize":0}
2026-08-15 19:48:48,617 INFO  [it.uni.reti2.HeartbeatGenerator] (executor-thread-1) 💓 [HEARTBEAT] Invio heartbeat: {"stazioneId":"Padova","stato":"ONLINE","timestamp":"2026-08-15T17:48:48.617025452Z","tipoEvento":"HEARTBEAT","bufferSize":0}
2026-08-15 19:48:58,617 INFO  [it.uni.reti2.HeartbeatGenerator] (executor-thread-1) 💓 [HEARTBEAT] Invio heartbeat: {"stazioneId":"Padova","stato":"ONLINE","timestamp":"2026-08-15T17:48:58.617053474Z","tipoEvento":"HEARTBEAT","bufferSize":0}
2026-08-15 19:49:08,617 INFO  [it.uni.reti2.HeartbeatGenerator] (executor-thread-1) 💓 [HEARTBEAT] Invio heartbeat: {"stazioneId":"Padova","stato":"ONLINE","timestamp":"2026-08-15T17:49:08.617043431Z","tipoEvento":"HEARTBEAT","bufferSize":0}
2026-08-15 19:49:18,617 INFO  [it.uni.reti2.HeartbeatGenerator] (executor-thread-1) 💓 [HEARTBEAT] Invio heartbeat: {"stazioneId":"Padova","stato":"ONLINE","timestamp":"2026-08-15T17:49:18.617059767Z","tipoEvento":"HEARTBEAT","bufferSize":0}
2026-08-15 19:49:28,617 INFO  [it.uni.reti2.HeartbeatGenerator] (executor-thread-1) 💓 [HEARTBEAT] Invio heartbeat: {"stazioneId":"Padova","stato":"ONLINE","timestamp":"2026-08-15T17:49:28.617108655Z","tipoEvento":"HEARTBEAT","bufferSize":0}
2026-08-15 19:49:38,617 INFO  [it.uni.reti2.HeartbeatGenerator] (executor-thread-1) 💓 [HEARTBEAT] Invio heartbeat: {"stazioneId":"Padova","stato":"ONLINE","timestamp":"2026-08-15T17:49:38.616979150Z","tipoEvento":"HEARTBEAT","bufferSize":0}
2026-08-15 19:49:48,617 INFO  [it.uni.reti2.HeartbeatGenerator] (executor-thread-1) 💓 [HEARTBEAT] Invio heartbeat: {"stazioneId":"Padova","stato":"ONLINE","timestamp":"2026-08-15T17:49:48.617101617Z","tipoEvento":"HEARTBEAT","bufferSize":0}
2026-08-15 19:49:58,617 INFO  [it.uni.reti2.HeartbeatGenerator] (executor-thread-1) 💓 [HEARTBEAT] Invio heartbeat: {"stazioneId":"Padova","stato":"ONLINE","timestamp":"2026-08-15T17:49:58.617051959Z","tipoEvento":"HEARTBEAT","bufferSize":0}
2026-08-15 19:50:08,617 INFO  [it.uni.reti2.HeartbeatGenerator] (executor-thread-1) 💓 [HEARTBEAT] Invio heartbeat: {"stazioneId":"Padova","stato":"ONLINE","timestamp":"2026-08-15T17:50:08.617085755Z","tipoEvento":"HEARTBEAT","bufferSize":0}
2026-08-15 19:50:18,617 INFO  [it.uni.reti2.HeartbeatGenerator] (executor-thread-1) 💓 [HEARTBEAT] Invio heartbeat: {"stazioneId":"Padova","stato":"ONLINE","timestamp":"2026-08-15T17:50:18.617033553Z","tipoEvento":"HEARTBEAT","bufferSize":0}
2026-08-15 19:50:28,617 INFO  [it.uni.reti2.HeartbeatGenerator] (executor-thread-1) 💓 [HEARTBEAT] Invio heartbeat: {"stazioneId":"Padova","stato":"ONLINE","timestamp":"2026-08-15T17:50:28.617019549Z","tipoEvento":"HEARTBEAT","bufferSize":0}
2026-08-15 19:50:38,617 INFO  [it.uni.reti2.HeartbeatGenerator] (executor-thread-1) 💓 [HEARTBEAT] Invio heartbeat: {"stazioneId":"Padova","stato":"ONLINE","timestamp":"2026-08-15T17:50:38.617677405Z","tipoEvento":"HEARTBEAT","bufferSize":0}
2026-08-15 19:50:48,616 INFO  [it.uni.reti2.HeartbeatGenerator] (executor-thread-1) 💓 [HEARTBEAT] Invio heartbeat: {"stazioneId":"Padova","stato":"ONLINE","timestamp":"2026-08-15T17:50:48.616949628Z","tipoEvento":"HEARTBEAT","bufferSize":0}
2026-08-15 19:50:58,617 INFO  [it.uni.reti2.HeartbeatGenerator] (executor-thread-1) 💓 [HEARTBEAT] Invio heartbeat: {"stazioneId":"Padova","stato":"ONLINE","timestamp":"2026-08-15T17:50:58.617003408Z","tipoEvento":"HEARTBEAT","bufferSize":0}
2026-08-15 19:51:08,617 INFO  [it.uni.reti2.HeartbeatGenerator] (executor-thread-1) 💓 [HEARTBEAT] Invio heartbeat: {"stazioneId":"Padova","stato":"ONLINE","timestamp":"2026-08-15T17:51:08.617481233Z","tipoEvento":"HEARTBEAT","bufferSize":0}
2026-08-15 19:51:18,617 INFO  [it.uni.reti2.HeartbeatGenerator] (executor-thread-1) 💓 [HEARTBEAT] Invio heartbeat: {"stazioneId":"Padova","stato":"ONLINE","timestamp":"2026-08-15T17:51:18.617052979Z","tipoEvento":"HEARTBEAT","bufferSize":0}
2026-08-15 19:51:28,617 INFO  [it.uni.reti2.HeartbeatGenerator] (executor-thread-1) 💓 [HEARTBEAT] Invio heartbeat: {"stazioneId":"Padova","stato":"ONLINE","timestamp":"2026-08-15T17:51:28.617002062Z","tipoEvento":"HEARTBEAT","bufferSize":0}
2026-08-15 19:51:38,617 INFO  [it.uni.reti2.HeartbeatGenerator] (executor-thread-1) 💓 [HEARTBEAT] Invio heartbeat: {"stazioneId":"Padova","stato":"ONLINE","timestamp":"2026-08-15T17:51:38.617144430Z","tipoEvento":"HEARTBEAT","bufferSize":0}
2026-08-15 19:51:48,617 INFO  [it.uni.reti2.HeartbeatGenerator] (executor-thread-1) 💓 [HEARTBEAT] Invio heartbeat: {"stazioneId":"Padova","stato":"ONLINE","timestamp":"2026-08-15T17:51:48.617067571Z","tipoEvento":"HEARTBEAT","bufferSize":0}
2026-08-15 19:51:58,617 INFO  [it.uni.reti2.HeartbeatGenerator] (executor-thread-1) 💓 [HEARTBEAT] Invio heartbeat: {"stazioneId":"Padova","stato":"ONLINE","timestamp":"2026-08-15T17:51:58.617036537Z","tipoEvento":"HEARTBEAT","bufferSize":0}
2026-08-15 19:52:08,617 INFO  [it.uni.reti2.HeartbeatGenerator] (executor-thread-1) 💓 [HEARTBEAT] Invio heartbeat: {"stazioneId":"Padova","stato":"ONLINE","timestamp":"2026-08-15T17:52:08.617119127Z","tipoEvento":"HEARTBEAT","bufferSize":0}
2026-08-15 19:52:18,617 INFO  [it.uni.reti2.HeartbeatGenerator] (executor-thread-1) 💓 [HEARTBEAT] Invio heartbeat: {"stazioneId":"Padova","stato":"ONLINE","timestamp":"2026-08-15T17:52:18.617176547Z","tipoEvento":"HEARTBEAT","bufferSize":0}
2026-08-15 19:52:28,617 INFO  [it.uni.reti2.HeartbeatGenerator] (executor-thread-1) 💓 [HEARTBEAT] Invio heartbeat: {"stazioneId":"Padova","stato":"ONLINE","timestamp":"2026-08-15T17:52:28.617091566Z","tipoEvento":"HEARTBEAT","bufferSize":0}
2026-08-15 19:52:38,617 INFO  [it.uni.reti2.HeartbeatGenerator] (executor-thread-1) 💓 [HEARTBEAT] Invio heartbeat: {"stazioneId":"Padova","stato":"ONLINE","timestamp":"2026-08-15T17:52:38.617314183Z","tipoEvento":"HEARTBEAT","bufferSize":0}
2026-08-15 19:52:48,617 INFO  [it.uni.reti2.HeartbeatGenerator] (executor-thread-1) 💓 [HEARTBEAT] Invio heartbeat: {"stazioneId":"Padova","stato":"ONLINE","timestamp":"2026-08-15T17:52:48.617299713Z","tipoEvento":"HEARTBEAT","bufferSize":0}
2026-08-15 19:52:58,617 INFO  [it.uni.reti2.HeartbeatGenerator] (executor-thread-1) 💓 [HEARTBEAT] Invio heartbeat: {"stazioneId":"Padova","stato":"ONLINE","timestamp":"2026-08-15T17:52:58.617432388Z","tipoEvento":"HEARTBEAT","bufferSize":0}
2026-08-15 19:53:08,617 INFO  [it.uni.reti2.HeartbeatGenerator] (executor-thread-1) 💓 [HEARTBEAT] Invio heartbeat: {"stazioneId":"Padova","stato":"ONLINE","timestamp":"2026-08-15T17:53:08.617018692Z","tipoEvento":"HEARTBEAT","bufferSize":0}
2026-08-15 19:53:18,617 INFO  [it.uni.reti2.HeartbeatGenerator] (executor-thread-1) 💓 [HEARTBEAT] Invio heartbeat: {"stazioneId":"Padova","stato":"ONLINE","timestamp":"2026-08-15T17:53:18.616973399Z","tipoEvento":"HEARTBEAT","bufferSize":0}
2026-08-15 19:53:28,617 INFO  [it.uni.reti2.HeartbeatGenerator] (executor-thread-1) 💓 [HEARTBEAT] Invio heartbeat: {"stazioneId":"Padova","stato":"ONLINE","timestamp":"2026-08-15T17:53:28.617153752Z","tipoEvento":"HEARTBEAT","bufferSize":0}
2026-08-15 19:53:38,616 INFO  [it.uni.reti2.HeartbeatGenerator] (executor-thread-1) 💓 [HEARTBEAT] Invio heartbeat: {"stazioneId":"Padova","stato":"ONLINE","timestamp":"2026-08-15T17:53:38.616919428Z","tipoEvento":"HEARTBEAT","bufferSize":0}
2026-08-15 19:53:48,617 INFO  [it.uni.reti2.HeartbeatGenerator] (executor-thread-1) 💓 [HEARTBEAT] Invio heartbeat: {"stazioneId":"Padova","stato":"ONLINE","timestamp":"2026-08-15T17:53:48.617032633Z","tipoEvento":"HEARTBEAT","bufferSize":0}
2026-08-15 19:53:58,617 INFO  [it.uni.reti2.HeartbeatGenerator] (executor-thread-1) 💓 [HEARTBEAT] Invio heartbeat: {"stazioneId":"Padova","stato":"ONLINE","timestamp":"2026-08-15T17:53:58.617072395Z","tipoEvento":"HEARTBEAT","bufferSize":0}
2026-08-15 19:54:08,617 INFO  [it.uni.reti2.HeartbeatGenerator] (executor-thread-1) 💓 [HEARTBEAT] Invio heartbeat: {"stazioneId":"Padova","stato":"ONLINE","timestamp":"2026-08-15T17:54:08.617033031Z","tipoEvento":"HEARTBEAT","bufferSize":0}
2026-08-15 19:54:18,617 INFO  [it.uni.reti2.HeartbeatGenerator] (executor-thread-1) 💓 [HEARTBEAT] Invio heartbeat: {"stazioneId":"Padova","stato":"ONLINE","timestamp":"2026-08-15T17:54:18.617074954Z","tipoEvento":"HEARTBEAT","bufferSize":0}
2026-08-15 19:54:28,617 INFO  [it.uni.reti2.HeartbeatGenerator] (executor-thread-1) 💓 [HEARTBEAT] Invio heartbeat: {"stazioneId":"Padova","stato":"ONLINE","timestamp":"2026-08-15T17:54:28.617011548Z","tipoEvento":"HEARTBEAT","bufferSize":0}
2026-08-15 19:54:38,617 INFO  [it.uni.reti2.HeartbeatGenerator] (executor-thread-1) 💓 [HEARTBEAT] Invio heartbeat: {"stazioneId":"Padova","stato":"ONLINE","timestamp":"2026-08-15T17:54:38.617093904Z","tipoEvento":"HEARTBEAT","bufferSize":0}
2026-08-15 19:54:48,617 INFO  [it.uni.reti2.HeartbeatGenerator] (executor-thread-1) 💓 [HEARTBEAT] Invio heartbeat: {"stazioneId":"Padova","stato":"ONLINE","timestamp":"2026-08-15T17:54:48.616976329Z","tipoEvento":"HEARTBEAT","bufferSize":0}
2026-08-15 19:54:58,617 INFO  [it.uni.reti2.HeartbeatGenerator] (executor-thread-1) 💓 [HEARTBEAT] Invio heartbeat: {"stazioneId":"Padova","stato":"ONLINE","timestamp":"2026-08-15T17:54:58.617075945Z","tipoEvento":"HEARTBEAT","bufferSize":0}
2026-08-15 19:55:08,617 INFO  [it.uni.reti2.HeartbeatGenerator] (executor-thread-1) 💓 [HEARTBEAT] Invio heartbeat: {"stazioneId":"Padova","stato":"ONLINE","timestamp":"2026-08-15T17:55:08.616969617Z","tipoEvento":"HEARTBEAT","bufferSize":0}
2026-08-15 19:55:18,617 INFO  [it.uni.reti2.HeartbeatGenerator] (executor-thread-1) 💓 [HEARTBEAT] Invio heartbeat: {"stazioneId":"Padova","stato":"ONLINE","timestamp":"2026-08-15T17:55:18.617027359Z","tipoEvento":"HEARTBEAT","bufferSize":0}
2026-08-15 19:55:28,617 INFO  [it.uni.reti2.HeartbeatGenerator] (executor-thread-1) 💓 [HEARTBEAT] Invio heartbeat: {"stazioneId":"Padova","stato":"ONLINE","timestamp":"2026-08-15T17:55:28.617011522Z","tipoEvento":"HEARTBEAT","bufferSize":0}
2026-08-15 19:55:38,617 INFO  [it.uni.reti2.HeartbeatGenerator] (executor-thread-1) 💓 [HEARTBEAT] Invio heartbeat: {"stazioneId":"Padova","stato":"ONLINE","timestamp":"2026-08-15T17:55:38.617092523Z","tipoEvento":"HEARTBEAT","bufferSize":0}
2026-08-15 19:55:48,617 INFO  [it.uni.reti2.HeartbeatGenerator] (executor-thread-1) 💓 [HEARTBEAT] Invio heartbeat: {"stazioneId":"Padova","stato":"ONLINE","timestamp":"2026-08-15T17:55:48.617123709Z","tipoEvento":"HEARTBEAT","bufferSize":0}
2026-08-15 19:55:58,617 INFO  [it.uni.reti2.HeartbeatGenerator] (executor-thread-1) 💓 [HEARTBEAT] Invio heartbeat: {"stazioneId":"Padova","stato":"ONLINE","timestamp":"2026-08-15T17:55:58.617069589Z","tipoEvento":"HEARTBEAT","bufferSize":0}
2026-08-15 19:56:08,617 INFO  [it.uni.reti2.HeartbeatGenerator] (executor-thread-1) 💓 [HEARTBEAT] Invio heartbeat: {"stazioneId":"Padova","stato":"ONLINE","timestamp":"2026-08-15T17:56:08.617072347Z","tipoEvento":"HEARTBEAT","bufferSize":0}
2026-08-15 19:56:18,617 INFO  [it.uni.reti2.HeartbeatGenerator] (executor-thread-1) 💓 [HEARTBEAT] Invio heartbeat: {"stazioneId":"Padova","stato":"ONLINE","timestamp":"2026-08-15T17:56:18.617037631Z","tipoEvento":"HEARTBEAT","bufferSize":0}
2026-08-15 19:56:28,617 INFO  [it.uni.reti2.HeartbeatGenerator] (executor-thread-1) 💓 [HEARTBEAT] Invio heartbeat: {"stazioneId":"Padova","stato":"ONLINE","timestamp":"2026-08-15T17:56:28.617091498Z","tipoEvento":"HEARTBEAT","bufferSize":0}
2026-08-15 19:56:38,617 INFO  [it.uni.reti2.HeartbeatGenerator] (executor-thread-1) 💓 [HEARTBEAT] Invio heartbeat: {"stazioneId":"Padova","stato":"ONLINE","timestamp":"2026-08-15T17:56:38.617046208Z","tipoEvento":"HEARTBEAT","bufferSize":0}
2026-08-15 19:56:48,617 INFO  [it.uni.reti2.HeartbeatGenerator] (executor-thread-1) 💓 [HEARTBEAT] Invio heartbeat: {"stazioneId":"Padova","stato":"ONLINE","timestamp":"2026-08-15T17:56:48.617747617Z","tipoEvento":"HEARTBEAT","bufferSize":0}
2026-08-15 19:56:58,617 INFO  [it.uni.reti2.HeartbeatGenerator] (executor-thread-1) 💓 [HEARTBEAT] Invio heartbeat: {"stazioneId":"Padova","stato":"ONLINE","timestamp":"2026-08-15T17:56:58.617054233Z","tipoEvento":"HEARTBEAT","bufferSize":0}
2026-08-15 19:57:08,617 INFO  [it.uni.reti2.HeartbeatGenerator] (executor-thread-1) 💓 [HEARTBEAT] Invio heartbeat: {"stazioneId":"Padova","stato":"ONLINE","timestamp":"2026-08-15T17:57:08.617290219Z","tipoEvento":"HEARTBEAT","bufferSize":0}
2026-08-15 19:57:18,617 INFO  [it.uni.reti2.HeartbeatGenerator] (executor-thread-1) 💓 [HEARTBEAT] Invio heartbeat: {"stazioneId":"Padova","stato":"ONLINE","timestamp":"2026-08-15T17:57:18.617005390Z","tipoEvento":"HEARTBEAT","bufferSize":0}
2026-08-15 19:57:28,617 INFO  [it.uni.reti2.HeartbeatGenerator] (executor-thread-1) 💓 [HEARTBEAT] Invio heartbeat: {"stazioneId":"Padova","stato":"ONLINE","timestamp":"2026-08-15T17:57:28.617150535Z","tipoEvento":"HEARTBEAT","bufferSize":0}
2026-08-15 19:57:38,617 INFO  [it.uni.reti2.HeartbeatGenerator] (executor-thread-1) 💓 [HEARTBEAT] Invio heartbeat: {"stazioneId":"Padova","stato":"ONLINE","timestamp":"2026-08-15T17:57:38.617062190Z","tipoEvento":"HEARTBEAT","bufferSize":0}
2026-08-15 19:57:48,617 INFO  [it.uni.reti2.HeartbeatGenerator] (executor-thread-1) 💓 [HEARTBEAT] Invio heartbeat: {"stazioneId":"Padova","stato":"ONLINE","timestamp":"2026-08-15T17:57:48.617295786Z","tipoEvento":"HEARTBEAT","bufferSize":0}
2026-08-15 19:57:58,617 INFO  [it.uni.reti2.HeartbeatGenerator] (executor-thread-1) 💓 [HEARTBEAT] Invio heartbeat: {"stazioneId":"Padova","stato":"ONLINE","timestamp":"2026-08-15T17:57:58.617135226Z","tipoEvento":"HEARTBEAT","bufferSize":0}
2026-08-15 19:58:08,617 INFO  [it.uni.reti2.HeartbeatGenerator] (executor-thread-1) 💓 [HEARTBEAT] Invio heartbeat: {"stazioneId":"Padova","stato":"ONLINE","timestamp":"2026-08-15T17:58:08.617582204Z","tipoEvento":"HEARTBEAT","bufferSize":0}
2026-08-15 19:58:18,617 INFO  [it.uni.reti2.HeartbeatGenerator] (executor-thread-1) 💓 [HEARTBEAT] Invio heartbeat: {"stazioneId":"Padova","stato":"ONLINE","timestamp":"2026-08-15T17:58:18.617099438Z","tipoEvento":"HEARTBEAT","bufferSize":0}
2026-08-15 19:58:28,617 INFO  [it.uni.reti2.HeartbeatGenerator] (executor-thread-1) 💓 [HEARTBEAT] Invio heartbeat: {"stazioneId":"Padova","stato":"ONLINE","timestamp":"2026-08-15T17:58:28.617574129Z","tipoEvento":"HEARTBEAT","bufferSize":0}
2026-08-15 19:58:38,617 INFO  [it.uni.reti2.HeartbeatGenerator] (executor-thread-1) 💓 [HEARTBEAT] Invio heartbeat: {"stazioneId":"Padova","stato":"ONLINE","timestamp":"2026-08-15T17:58:38.617140011Z","tipoEvento":"HEARTBEAT","bufferSize":0}
2026-08-15 19:58:48,617 INFO  [it.uni.reti2.HeartbeatGenerator] (executor-thread-1) 💓 [HEARTBEAT] Invio heartbeat: {"stazioneId":"Padova","stato":"ONLINE","timestamp":"2026-08-15T17:58:48.617421317Z","tipoEvento":"HEARTBEAT","bufferSize":0}
2026-08-15 19:58:58,617 INFO  [it.uni.reti2.HeartbeatGenerator] (executor-thread-1) 💓 [HEARTBEAT] Invio heartbeat: {"stazioneId":"Padova","stato":"ONLINE","timestamp":"2026-08-15T17:58:58.617511180Z","tipoEvento":"HEARTBEAT","bufferSize":0}
2026-08-15 19:59:08,617 INFO  [it.uni.reti2.HeartbeatGenerator] (executor-thread-1) 💓 [HEARTBEAT] Invio heartbeat: {"stazioneId":"Padova","stato":"ONLINE","timestamp":"2026-08-15T17:59:08.617217675Z","tipoEvento":"HEARTBEAT","bufferSize":0}
2026-08-15 19:59:18,617 INFO  [it.uni.reti2.HeartbeatGenerator] (executor-thread-1) 💓 [HEARTBEAT] Invio heartbeat: {"stazioneId":"Padova","stato":"ONLINE","timestamp":"2026-08-15T17:59:18.617150422Z","tipoEvento":"HEARTBEAT","bufferSize":0}
2026-08-15 19:59:28,617 INFO  [it.uni.reti2.HeartbeatGenerator] (executor-thread-1) 💓 [HEARTBEAT] Invio heartbeat: {"stazioneId":"Padova","stato":"ONLINE","timestamp":"2026-08-15T17:59:28.617077235Z","tipoEvento":"HEARTBEAT","bufferSize":0}
2026-08-15 19:59:38,617 INFO  [it.uni.reti2.HeartbeatGenerator] (executor-thread-1) 💓 [HEARTBEAT] Invio heartbeat: {"stazioneId":"Padova","stato":"ONLINE","timestamp":"2026-08-15T17:59:38.617494308Z","tipoEvento":"HEARTBEAT","bufferSize":0}
2026-08-15 19:59:48,617 INFO  [it.uni.reti2.HeartbeatGenerator] (executor-thread-1) 💓 [HEARTBEAT] Invio heartbeat: {"stazioneId":"Padova","stato":"ONLINE","timestamp":"2026-08-15T17:59:48.617489924Z","tipoEvento":"HEARTBEAT","bufferSize":0}
2026-08-15 19:59:58,617 INFO  [it.uni.reti2.HeartbeatGenerator] (executor-thread-1) 💓 [HEARTBEAT] Invio heartbeat: {"stazioneId":"Padova","stato":"ONLINE","timestamp":"2026-08-15T17:59:58.617553059Z","tipoEvento":"HEARTBEAT","bufferSize":0}
2026-08-15 20:00:08,617 INFO  [it.uni.reti2.HeartbeatGenerator] (executor-thread-1) 💓 [HEARTBEAT] Invio heartbeat: {"stazioneId":"Padova","stato":"ONLINE","timestamp":"2026-08-15T18:00:08.617637831Z","tipoEvento":"HEARTBEAT","bufferSize":0}
2026-08-15 20:00:18,617 INFO  [it.uni.reti2.HeartbeatGenerator] (executor-thread-1) 💓 [HEARTBEAT] Invio heartbeat: {"stazioneId":"Padova","stato":"ONLINE","timestamp":"2026-08-15T18:00:18.617522473Z","tipoEvento":"HEARTBEAT","bufferSize":0}
2026-08-15 20:00:28,617 INFO  [it.uni.reti2.HeartbeatGenerator] (executor-thread-1) 💓 [HEARTBEAT] Invio heartbeat: {"stazioneId":"Padova","stato":"ONLINE","timestamp":"2026-08-15T18:00:28.617328001Z","tipoEvento":"HEARTBEAT","bufferSize":0}
2026-08-15 20:00:38,617 INFO  [it.uni.reti2.HeartbeatGenerator] (executor-thread-1) 💓 [HEARTBEAT] Invio heartbeat: {"stazioneId":"Padova","stato":"ONLINE","timestamp":"2026-08-15T18:00:38.617321468Z","tipoEvento":"HEARTBEAT","bufferSize":0}
2026-08-15 20:00:48,617 INFO  [it.uni.reti2.HeartbeatGenerator] (executor-thread-1) 💓 [HEARTBEAT] Invio heartbeat: {"stazioneId":"Padova","stato":"ONLINE","timestamp":"2026-08-15T18:00:48.617106047Z","tipoEvento":"HEARTBEAT","bufferSize":0}
2026-08-15 20:00:58,617 INFO  [it.uni.reti2.HeartbeatGenerator] (executor-thread-1) 💓 [HEARTBEAT] Invio heartbeat: {"stazioneId":"Padova","stato":"ONLINE","timestamp":"2026-08-15T18:00:58.617279497Z","tipoEvento":"HEARTBEAT","bufferSize":0}
2026-08-15 20:01:08,617 INFO  [it.uni.reti2.HeartbeatGenerator] (executor-thread-1) 💓 [HEARTBEAT] Invio heartbeat: {"stazioneId":"Padova","stato":"ONLINE","timestamp":"2026-08-15T18:01:08.617078254Z","tipoEvento":"HEARTBEAT","bufferSize":0}
2026-08-15 20:01:18,617 INFO  [it.uni.reti2.HeartbeatGenerator] (executor-thread-1) 💓 [HEARTBEAT] Invio heartbeat: {"stazioneId":"Padova","stato":"ONLINE","timestamp":"2026-08-15T18:01:18.617072886Z","tipoEvento":"HEARTBEAT","bufferSize":0}
2026-08-15 20:01:28,617 INFO  [it.uni.reti2.HeartbeatGenerator] (executor-thread-1) 💓 [HEARTBEAT] Invio heartbeat: {"stazioneId":"Padova","stato":"ONLINE","timestamp":"2026-08-15T18:01:28.617065024Z","tipoEvento":"HEARTBEAT","bufferSize":0}
2026-08-15 20:01:38,617 INFO  [it.uni.reti2.HeartbeatGenerator] (executor-thread-1) 💓 [HEARTBEAT] Invio heartbeat: {"stazioneId":"Padova","stato":"ONLINE","timestamp":"2026-08-15T18:01:38.616947707Z","tipoEvento":"HEARTBEAT","bufferSize":0}
2026-08-15 20:01:48,617 INFO  [it.uni.reti2.HeartbeatGenerator] (executor-thread-1) 💓 [HEARTBEAT] Invio heartbeat: {"stazioneId":"Padova","stato":"ONLINE","timestamp":"2026-08-15T18:01:48.617073966Z","tipoEvento":"HEARTBEAT","bufferSize":0}
2026-08-15 20:01:58,617 INFO  [it.uni.reti2.HeartbeatGenerator] (executor-thread-1) 💓 [HEARTBEAT] Invio heartbeat: {"stazioneId":"Padova","stato":"ONLINE","timestamp":"2026-08-15T18:01:58.617534200Z","tipoEvento":"HEARTBEAT","bufferSize":0}
2026-08-15 20:02:08,617 INFO  [it.uni.reti2.HeartbeatGenerator] (executor-thread-1) 💓 [HEARTBEAT] Invio heartbeat: {"stazioneId":"Padova","stato":"ONLINE","timestamp":"2026-08-15T18:02:08.617201874Z","tipoEvento":"HEARTBEAT","bufferSize":0}
2026-08-15 20:02:18,617 INFO  [it.uni.reti2.HeartbeatGenerator] (executor-thread-1) 💓 [HEARTBEAT] Invio heartbeat: {"stazioneId":"Padova","stato":"ONLINE","timestamp":"2026-08-15T18:02:18.617066490Z","tipoEvento":"HEARTBEAT","bufferSize":0}
2026-08-15 20:02:28,617 INFO  [it.uni.reti2.HeartbeatGenerator] (executor-thread-1) 💓 [HEARTBEAT] Invio heartbeat: {"stazioneId":"Padova","stato":"ONLINE","timestamp":"2026-08-15T18:02:28.617554852Z","tipoEvento":"HEARTBEAT","bufferSize":0}
2026-08-15 20:02:38,617 INFO  [it.uni.reti2.HeartbeatGenerator] (executor-thread-1) 💓 [HEARTBEAT] Invio heartbeat: {"stazioneId":"Padova","stato":"ONLINE","timestamp":"2026-08-15T18:02:38.617374674Z","tipoEvento":"HEARTBEAT","bufferSize":0}
2026-08-15 20:02:48,617 INFO  [it.uni.reti2.HeartbeatGenerator] (executor-thread-1) 💓 [HEARTBEAT] Invio heartbeat: {"stazioneId":"Padova","stato":"ONLINE","timestamp":"2026-08-15T18:02:48.617673327Z","tipoEvento":"HEARTBEAT","bufferSize":0}
2026-08-15 20:02:58,617 INFO  [it.uni.reti2.HeartbeatGenerator] (executor-thread-1) 💓 [HEARTBEAT] Invio heartbeat: {"stazioneId":"Padova","stato":"ONLINE","timestamp":"2026-08-15T18:02:58.617092169Z","tipoEvento":"HEARTBEAT","bufferSize":0}
2026-08-15 20:03:08,617 INFO  [it.uni.reti2.HeartbeatGenerator] (executor-thread-1) 💓 [HEARTBEAT] Invio heartbeat: {"stazioneId":"Padova","stato":"ONLINE","timestamp":"2026-08-15T18:03:08.617076447Z","tipoEvento":"HEARTBEAT","bufferSize":0}
2026-08-15 20:03:18,617 INFO  [it.uni.reti2.HeartbeatGenerator] (executor-thread-1) 💓 [HEARTBEAT] Invio heartbeat: {"stazioneId":"Padova","stato":"ONLINE","timestamp":"2026-08-15T18:03:18.617094213Z","tipoEvento":"HEARTBEAT","bufferSize":0}
2026-08-15 20:03:28,617 INFO  [it.uni.reti2.HeartbeatGenerator] (executor-thread-1) 💓 [HEARTBEAT] Invio heartbeat: {"stazioneId":"Padova","stato":"ONLINE","timestamp":"2026-08-15T18:03:28.617037696Z","tipoEvento":"HEARTBEAT","bufferSize":0}
2026-08-15 20:03:38,617 INFO  [it.uni.reti2.HeartbeatGenerator] (executor-thread-1) 💓 [HEARTBEAT] Invio heartbeat: {"stazioneId":"Padova","stato":"ONLINE","timestamp":"2026-08-15T18:03:38.617786611Z","tipoEvento":"HEARTBEAT","bufferSize":0}
2026-08-15 20:03:48,617 INFO  [it.uni.reti2.HeartbeatGenerator] (executor-thread-1) 💓 [HEARTBEAT] Invio heartbeat: {"stazioneId":"Padova","stato":"ONLINE","timestamp":"2026-08-15T18:03:48.616990860Z","tipoEvento":"HEARTBEAT","bufferSize":0}
2026-08-15 20:03:58,617 INFO  [it.uni.reti2.HeartbeatGenerator] (executor-thread-1) 💓 [HEARTBEAT] Invio heartbeat: {"stazioneId":"Padova","stato":"ONLINE","timestamp":"2026-08-15T18:03:58.617316154Z","tipoEvento":"HEARTBEAT","bufferSize":0}
2026-08-15 20:04:08,617 INFO  [it.uni.reti2.HeartbeatGenerator] (executor-thread-1) 💓 [HEARTBEAT] Invio heartbeat: {"stazioneId":"Padova","stato":"ONLINE","timestamp":"2026-08-15T18:04:08.617321883Z","tipoEvento":"HEARTBEAT","bufferSize":0}
2026-08-15 20:04:18,617 INFO  [it.uni.reti2.HeartbeatGenerator] (executor-thread-1) 💓 [HEARTBEAT] Invio heartbeat: {"stazioneId":"Padova","stato":"ONLINE","timestamp":"2026-08-15T18:04:18.617192979Z","tipoEvento":"HEARTBEAT","bufferSize":0}
2026-08-15 20:04:28,617 INFO  [it.uni.reti2.HeartbeatGenerator] (executor-thread-1) 💓 [HEARTBEAT] Invio heartbeat: {"stazioneId":"Padova","stato":"ONLINE","timestamp":"2026-08-15T18:04:28.617296959Z","tipoEvento":"HEARTBEAT","bufferSize":0}
2026-08-15 20:04:38,617 INFO  [it.uni.reti2.HeartbeatGenerator] (executor-thread-1) 💓 [HEARTBEAT] Invio heartbeat: {"stazioneId":"Padova","stato":"ONLINE","timestamp":"2026-08-15T18:04:38.617517766Z","tipoEvento":"HEARTBEAT","bufferSize":0}
2026-08-15 20:04:48,617 INFO  [it.uni.reti2.HeartbeatGenerator] (executor-thread-1) 💓 [HEARTBEAT] Invio heartbeat: {"stazioneId":"Padova","stato":"ONLINE","timestamp":"2026-08-15T18:04:48.617679838Z","tipoEvento":"HEARTBEAT","bufferSize":0}
2026-08-15 20:04:58,617 INFO  [it.uni.reti2.HeartbeatGenerator] (executor-thread-1) 💓 [HEARTBEAT] Invio heartbeat: {"stazioneId":"Padova","stato":"ONLINE","timestamp":"2026-08-15T18:04:58.617051440Z","tipoEvento":"HEARTBEAT","bufferSize":0}
2026-08-15 20:05:08,617 INFO  [it.uni.reti2.HeartbeatGenerator] (executor-thread-1) 💓 [HEARTBEAT] Invio heartbeat: {"stazioneId":"Padova","stato":"ONLINE","timestamp":"2026-08-15T18:05:08.617063700Z","tipoEvento":"HEARTBEAT","bufferSize":0}
2026-08-15 20:05:18,617 INFO  [it.uni.reti2.HeartbeatGenerator] (executor-thread-1) 💓 [HEARTBEAT] Invio heartbeat: {"stazioneId":"Padova","stato":"ONLINE","timestamp":"2026-08-15T18:05:18.617044825Z","tipoEvento":"HEARTBEAT","bufferSize":0}
2026-08-15 20:05:28,617 INFO  [it.uni.reti2.HeartbeatGenerator] (executor-thread-1) 💓 [HEARTBEAT] Invio heartbeat: {"stazioneId":"Padova","stato":"ONLINE","timestamp":"2026-08-15T18:05:28.617370161Z","tipoEvento":"HEARTBEAT","bufferSize":0}
2026-08-15 20:05:38,617 INFO  [it.uni.reti2.HeartbeatGenerator] (executor-thread-1) 💓 [HEARTBEAT] Invio heartbeat: {"stazioneId":"Padova","stato":"ONLINE","timestamp":"2026-08-15T18:05:38.617069505Z","tipoEvento":"HEARTBEAT","bufferSize":0}
2026-08-15 20:05:48,617 INFO  [it.uni.reti2.HeartbeatGenerator] (executor-thread-1) 💓 [HEARTBEAT] Invio heartbeat: {"stazioneId":"Padova","stato":"ONLINE","timestamp":"2026-08-15T18:05:48.617115121Z","tipoEvento":"HEARTBEAT","bufferSize":0}
2026-08-15 20:05:58,617 INFO  [it.uni.reti2.HeartbeatGenerator] (executor-thread-1) 💓 [HEARTBEAT] Invio heartbeat: {"stazioneId":"Padova","stato":"ONLINE","timestamp":"2026-08-15T18:05:58.616982411Z","tipoEvento":"HEARTBEAT","bufferSize":0}
2026-08-15 20:06:08,617 INFO  [it.uni.reti2.HeartbeatGenerator] (executor-thread-1) 💓 [HEARTBEAT] Invio heartbeat: {"stazioneId":"Padova","stato":"ONLINE","timestamp":"2026-08-15T18:06:08.617045817Z","tipoEvento":"HEARTBEAT","bufferSize":0}
2026-08-15 20:06:18,617 INFO  [it.uni.reti2.HeartbeatGenerator] (executor-thread-1) 💓 [HEARTBEAT] Invio heartbeat: {"stazioneId":"Padova","stato":"ONLINE","timestamp":"2026-08-15T18:06:18.617395614Z","tipoEvento":"HEARTBEAT","bufferSize":0}
2026-08-15 20:06:28,617 INFO  [it.uni.reti2.HeartbeatGenerator] (executor-thread-1) 💓 [HEARTBEAT] Invio heartbeat: {"stazioneId":"Padova","stato":"ONLINE","timestamp":"2026-08-15T18:06:28.617695219Z","tipoEvento":"HEARTBEAT","bufferSize":0}
2026-08-15 20:06:38,617 INFO  [it.uni.reti2.HeartbeatGenerator] (executor-thread-1) 💓 [HEARTBEAT] Invio heartbeat: {"stazioneId":"Padova","stato":"ONLINE","timestamp":"2026-08-15T18:06:38.617477899Z","tipoEvento":"HEARTBEAT","bufferSize":0}
2026-08-15 20:06:48,617 INFO  [it.uni.reti2.HeartbeatGenerator] (executor-thread-1) 💓 [HEARTBEAT] Invio heartbeat: {"stazioneId":"Padova","stato":"ONLINE","timestamp":"2026-08-15T18:06:48.617235775Z","tipoEvento":"HEARTBEAT","bufferSize":0}
2026-08-15 20:06:58,617 INFO  [it.uni.reti2.HeartbeatGenerator] (executor-thread-1) 💓 [HEARTBEAT] Invio heartbeat: {"stazioneId":"Padova","stato":"ONLINE","timestamp":"2026-08-15T18:06:58.617330312Z","tipoEvento":"HEARTBEAT","bufferSize":0}
2026-08-15 20:07:08,617 INFO  [it.uni.reti2.HeartbeatGenerator] (executor-thread-1) 💓 [HEARTBEAT] Invio heartbeat: {"stazioneId":"Padova","stato":"ONLINE","timestamp":"2026-08-15T18:07:08.617019983Z","tipoEvento":"HEARTBEAT","bufferSize":0}
2026-08-15 20:07:18,616 INFO  [it.uni.reti2.HeartbeatGenerator] (executor-thread-1) 💓 [HEARTBEAT] Invio heartbeat: {"stazioneId":"Padova","stato":"ONLINE","timestamp":"2026-08-15T18:07:18.616962710Z","tipoEvento":"HEARTBEAT","bufferSize":0}
2026-08-15 20:07:28,617 INFO  [it.uni.reti2.HeartbeatGenerator] (executor-thread-1) 💓 [HEARTBEAT] Invio heartbeat: {"stazioneId":"Padova","stato":"ONLINE","timestamp":"2026-08-15T18:07:28.617027797Z","tipoEvento":"HEARTBEAT","bufferSize":0}
2026-08-15 20:07:38,617 INFO  [it.uni.reti2.HeartbeatGenerator] (executor-thread-1) 💓 [HEARTBEAT] Invio heartbeat: {"stazioneId":"Padova","stato":"ONLINE","timestamp":"2026-08-15T18:07:38.617548136Z","tipoEvento":"HEARTBEAT","bufferSize":0}
2026-08-15 20:07:48,617 INFO  [it.uni.reti2.HeartbeatGenerator] (executor-thread-1) 💓 [HEARTBEAT] Invio heartbeat: {"stazioneId":"Padova","stato":"ONLINE","timestamp":"2026-08-15T18:07:48.616998442Z","tipoEvento":"HEARTBEAT","bufferSize":0}
2026-08-15 20:07:58,617 INFO  [it.uni.reti2.HeartbeatGenerator] (executor-thread-1) 💓 [HEARTBEAT] Invio heartbeat: {"stazioneId":"Padova","stato":"ONLINE","timestamp":"2026-08-15T18:07:58.617088676Z","tipoEvento":"HEARTBEAT","bufferSize":0}
2026-08-15 20:08:08,617 INFO  [it.uni.reti2.HeartbeatGenerator] (executor-thread-1) 💓 [HEARTBEAT] Invio heartbeat: {"stazioneId":"Padova","stato":"ONLINE","timestamp":"2026-08-15T18:08:08.616987108Z","tipoEvento":"HEARTBEAT","bufferSize":0}
2026-08-15 20:08:18,617 INFO  [it.uni.reti2.HeartbeatGenerator] (executor-thread-1) 💓 [HEARTBEAT] Invio heartbeat: {"stazioneId":"Padova","stato":"ONLINE","timestamp":"2026-08-15T18:08:18.617023095Z","tipoEvento":"HEARTBEAT","bufferSize":0}
2026-08-15 20:08:28,617 INFO  [it.uni.reti2.HeartbeatGenerator] (executor-thread-1) 💓 [HEARTBEAT] Invio heartbeat: {"stazioneId":"Padova","stato":"ONLINE","timestamp":"2026-08-15T18:08:28.617278181Z","tipoEvento":"HEARTBEAT","bufferSize":0}
2026-08-15 20:08:38,617 INFO  [it.uni.reti2.HeartbeatGenerator] (executor-thread-1) 💓 [HEARTBEAT] Invio heartbeat: {"stazioneId":"Padova","stato":"ONLINE","timestamp":"2026-08-15T18:08:38.617586587Z","tipoEvento":"HEARTBEAT","bufferSize":0}
2026-08-15 20:08:48,617 INFO  [it.uni.reti2.HeartbeatGenerator] (executor-thread-1) 💓 [HEARTBEAT] Invio heartbeat: {"stazioneId":"Padova","stato":"ONLINE","timestamp":"2026-08-15T18:08:48.616992347Z","tipoEvento":"HEARTBEAT","bufferSize":0}
2026-08-15 20:08:58,617 INFO  [it.uni.reti2.HeartbeatGenerator] (executor-thread-1) 💓 [HEARTBEAT] Invio heartbeat: {"stazioneId":"Padova","stato":"ONLINE","timestamp":"2026-08-15T18:08:58.617006171Z","tipoEvento":"HEARTBEAT","bufferSize":0}
2026-08-15 20:09:08,617 INFO  [it.uni.reti2.HeartbeatGenerator] (executor-thread-1) 💓 [HEARTBEAT] Invio heartbeat: {"stazioneId":"Padova","stato":"ONLINE","timestamp":"2026-08-15T18:09:08.617377990Z","tipoEvento":"HEARTBEAT","bufferSize":0}
2026-08-15 20:09:18,618 INFO  [it.uni.reti2.HeartbeatGenerator] (executor-thread-1) 💓 [HEARTBEAT] Invio heartbeat: {"stazioneId":"Padova","stato":"ONLINE","timestamp":"2026-08-15T18:09:18.617840978Z","tipoEvento":"HEARTBEAT","bufferSize":0}
2026-08-15 20:09:28,617 INFO  [it.uni.reti2.HeartbeatGenerator] (executor-thread-1) 💓 [HEARTBEAT] Invio heartbeat: {"stazioneId":"Padova","stato":"ONLINE","timestamp":"2026-08-15T18:09:28.617043120Z","tipoEvento":"HEARTBEAT","bufferSize":0}
2026-08-15 20:09:38,617 INFO  [it.uni.reti2.HeartbeatGenerator] (executor-thread-1) 💓 [HEARTBEAT] Invio heartbeat: {"stazioneId":"Padova","stato":"ONLINE","timestamp":"2026-08-15T18:09:38.617115879Z","tipoEvento":"HEARTBEAT","bufferSize":0}
2026-08-15 20:09:48,617 INFO  [it.uni.reti2.HeartbeatGenerator] (executor-thread-1) 💓 [HEARTBEAT] Invio heartbeat: {"stazioneId":"Padova","stato":"ONLINE","timestamp":"2026-08-15T18:09:48.617301821Z","tipoEvento":"HEARTBEAT","bufferSize":0}
2026-08-15 20:09:58,617 INFO  [it.uni.reti2.HeartbeatGenerator] (executor-thread-1) 💓 [HEARTBEAT] Invio heartbeat: {"stazioneId":"Padova","stato":"ONLINE","timestamp":"2026-08-15T18:09:58.617044059Z","tipoEvento":"HEARTBEAT","bufferSize":0}
2026-08-15 20:10:08,617 INFO  [it.uni.reti2.HeartbeatGenerator] (executor-thread-1) 💓 [HEARTBEAT] Invio heartbeat: {"stazioneId":"Padova","stato":"ONLINE","timestamp":"2026-08-15T18:10:08.617265170Z","tipoEvento":"HEARTBEAT","bufferSize":0}
2026-08-15 20:10:18,617 INFO  [it.uni.reti2.HeartbeatGenerator] (executor-thread-1) 💓 [HEARTBEAT] Invio heartbeat: {"stazioneId":"Padova","stato":"ONLINE","timestamp":"2026-08-15T18:10:18.617103545Z","tipoEvento":"HEARTBEAT","bufferSize":0}
2026-08-15 20:10:28,617 INFO  [it.uni.reti2.HeartbeatGenerator] (executor-thread-1) 💓 [HEARTBEAT] Invio heartbeat: {"stazioneId":"Padova","stato":"ONLINE","timestamp":"2026-08-15T18:10:28.617388173Z","tipoEvento":"HEARTBEAT","bufferSize":0}
2026-08-15 20:10:38,617 INFO  [it.uni.reti2.HeartbeatGenerator] (executor-thread-1) 💓 [HEARTBEAT] Invio heartbeat: {"stazioneId":"Padova","stato":"ONLINE","timestamp":"2026-08-15T18:10:38.617295731Z","tipoEvento":"HEARTBEAT","bufferSize":0}
2026-08-15 20:10:48,617 INFO  [it.uni.reti2.HeartbeatGenerator] (executor-thread-1) 💓 [HEARTBEAT] Invio heartbeat: {"stazioneId":"Padova","stato":"ONLINE","timestamp":"2026-08-15T18:10:48.617245461Z","tipoEvento":"HEARTBEAT","bufferSize":0}
2026-08-15 20:10:58,617 INFO  [it.uni.reti2.HeartbeatGenerator] (executor-thread-1) 💓 [HEARTBEAT] Invio heartbeat: {"stazioneId":"Padova","stato":"ONLINE","timestamp":"2026-08-15T18:10:58.617371753Z","tipoEvento":"HEARTBEAT","bufferSize":0}
2026-08-15 20:11:08,617 INFO  [it.uni.reti2.HeartbeatGenerator] (executor-thread-1) 💓 [HEARTBEAT] Invio heartbeat: {"stazioneId":"Padova","stato":"ONLINE","timestamp":"2026-08-15T18:11:08.617266173Z","tipoEvento":"HEARTBEAT","bufferSize":0}
2026-08-15 20:11:18,617 INFO  [it.uni.reti2.HeartbeatGenerator] (executor-thread-1) 💓 [HEARTBEAT] Invio heartbeat: {"stazioneId":"Padova","stato":"ONLINE","timestamp":"2026-08-15T18:11:18.617262287Z","tipoEvento":"HEARTBEAT","bufferSize":0}
2026-08-15 20:11:28,617 INFO  [it.uni.reti2.HeartbeatGenerator] (executor-thread-1) 💓 [HEARTBEAT] Invio heartbeat: {"stazioneId":"Padova","stato":"ONLINE","timestamp":"2026-08-15T18:11:28.617323343Z","tipoEvento":"HEARTBEAT","bufferSize":0}
2026-08-15 20:11:38,617 INFO  [it.uni.reti2.HeartbeatGenerator] (executor-thread-1) 💓 [HEARTBEAT] Invio heartbeat: {"stazioneId":"Padova","stato":"ONLINE","timestamp":"2026-08-15T18:11:38.617011637Z","tipoEvento":"HEARTBEAT","bufferSize":0}
2026-08-15 20:11:48,617 INFO  [it.uni.reti2.HeartbeatGenerator] (executor-thread-1) 💓 [HEARTBEAT] Invio heartbeat: {"stazioneId":"Padova","stato":"ONLINE","timestamp":"2026-08-15T18:11:48.617563331Z","tipoEvento":"HEARTBEAT","bufferSize":0}
2026-08-15 20:11:58,617 INFO  [it.uni.reti2.HeartbeatGenerator] (executor-thread-1) 💓 [HEARTBEAT] Invio heartbeat: {"stazioneId":"Padova","stato":"ONLINE","timestamp":"2026-08-15T18:11:58.617268108Z","tipoEvento":"HEARTBEAT","bufferSize":0}
2026-08-15 20:12:08,618 INFO  [it.uni.reti2.HeartbeatGenerator] (executor-thread-1) 💓 [HEARTBEAT] Invio heartbeat: {"stazioneId":"Padova","stato":"ONLINE","timestamp":"2026-08-15T18:12:08.618220447Z","tipoEvento":"HEARTBEAT","bufferSize":0}
2026-08-15 20:12:18,617 INFO  [it.uni.reti2.HeartbeatGenerator] (executor-thread-1) 💓 [HEARTBEAT] Invio heartbeat: {"stazioneId":"Padova","stato":"ONLINE","timestamp":"2026-08-15T18:12:18.617147328Z","tipoEvento":"HEARTBEAT","bufferSize":0}
2026-08-15 20:12:28,617 INFO  [it.uni.reti2.HeartbeatGenerator] (executor-thread-1) 💓 [HEARTBEAT] Invio heartbeat: {"stazioneId":"Padova","stato":"ONLINE","timestamp":"2026-08-15T18:12:28.617060084Z","tipoEvento":"HEARTBEAT","bufferSize":0}
2026-08-15 20:12:38,617 INFO  [it.uni.reti2.HeartbeatGenerator] (executor-thread-1) 💓 [HEARTBEAT] Invio heartbeat: {"stazioneId":"Padova","stato":"ONLINE","timestamp":"2026-08-15T18:12:38.617041081Z","tipoEvento":"HEARTBEAT","bufferSize":0}
2026-08-15 20:12:48,617 INFO  [it.uni.reti2.HeartbeatGenerator] (executor-thread-1) 💓 [HEARTBEAT] Invio heartbeat: {"stazioneId":"Padova","stato":"ONLINE","timestamp":"2026-08-15T18:12:48.616998855Z","tipoEvento":"HEARTBEAT","bufferSize":0}
2026-08-15 20:12:58,617 INFO  [it.uni.reti2.HeartbeatGenerator] (executor-thread-1) 💓 [HEARTBEAT] Invio heartbeat: {"stazioneId":"Padova","stato":"ONLINE","timestamp":"2026-08-15T18:12:58.617277857Z","tipoEvento":"HEARTBEAT","bufferSize":0}
2026-08-15 20:13:08,617 INFO  [it.uni.reti2.HeartbeatGenerator] (executor-thread-1) 💓 [HEARTBEAT] Invio heartbeat: {"stazioneId":"Padova","stato":"ONLINE","timestamp":"2026-08-15T18:13:08.617284891Z","tipoEvento":"HEARTBEAT","bufferSize":0}
2026-08-15 20:13:18,616 INFO  [it.uni.reti2.HeartbeatGenerator] (executor-thread-1) 💓 [HEARTBEAT] Invio heartbeat: {"stazioneId":"Padova","stato":"ONLINE","timestamp":"2026-08-15T18:13:18.616890702Z","tipoEvento":"HEARTBEAT","bufferSize":0}
2026-08-15 20:13:28,617 INFO  [it.uni.reti2.HeartbeatGenerator] (executor-thread-1) 💓 [HEARTBEAT] Invio heartbeat: {"stazioneId":"Padova","stato":"ONLINE","timestamp":"2026-08-15T18:13:28.617049463Z","tipoEvento":"HEARTBEAT","bufferSize":0}
2026-08-15 20:13:38,617 INFO  [it.uni.reti2.HeartbeatGenerator] (executor-thread-1) 💓 [HEARTBEAT] Invio heartbeat: {"stazioneId":"Padova","stato":"ONLINE","timestamp":"2026-08-15T18:13:38.617014109Z","tipoEvento":"HEARTBEAT","bufferSize":0}
2026-08-15 20:13:48,617 INFO  [it.uni.reti2.HeartbeatGenerator] (executor-thread-1) 💓 [HEARTBEAT] Invio heartbeat: {"stazioneId":"Padova","stato":"ONLINE","timestamp":"2026-08-15T18:13:48.617045364Z","tipoEvento":"HEARTBEAT","bufferSize":0}
2026-08-15 20:13:58,617 INFO  [it.uni.reti2.HeartbeatGenerator] (executor-thread-1) 💓 [HEARTBEAT] Invio heartbeat: {"stazioneId":"Padova","stato":"ONLINE","timestamp":"2026-08-15T18:13:58.616989981Z","tipoEvento":"HEARTBEAT","bufferSize":0}
2026-08-15 20:14:08,617 INFO  [it.uni.reti2.HeartbeatGenerator] (executor-thread-1) 💓 [HEARTBEAT] Invio heartbeat: {"stazioneId":"Padova","stato":"ONLINE","timestamp":"2026-08-15T18:14:08.617329522Z","tipoEvento":"HEARTBEAT","bufferSize":0}
2026-08-15 20:14:18,617 INFO  [it.uni.reti2.HeartbeatGenerator] (executor-thread-1) 💓 [HEARTBEAT] Invio heartbeat: {"stazioneId":"Padova","stato":"ONLINE","timestamp":"2026-08-15T18:14:18.617407524Z","tipoEvento":"HEARTBEAT","bufferSize":0}
2026-08-15 20:14:28,617 INFO  [it.uni.reti2.HeartbeatGenerator] (executor-thread-1) 💓 [HEARTBEAT] Invio heartbeat: {"stazioneId":"Padova","stato":"ONLINE","timestamp":"2026-08-15T18:14:28.617025728Z","tipoEvento":"HEARTBEAT","bufferSize":0}
2026-08-15 20:14:38,617 INFO  [it.uni.reti2.HeartbeatGenerator] (executor-thread-1) 💓 [HEARTBEAT] Invio heartbeat: {"stazioneId":"Padova","stato":"ONLINE","timestamp":"2026-08-15T18:14:38.616976378Z","tipoEvento":"HEARTBEAT","bufferSize":0}
2026-08-15 20:14:48,617 INFO  [it.uni.reti2.HeartbeatGenerator] (executor-thread-1) 💓 [HEARTBEAT] Invio heartbeat: {"stazioneId":"Padova","stato":"ONLINE","timestamp":"2026-08-15T18:14:48.616952598Z","tipoEvento":"HEARTBEAT","bufferSize":0}
2026-08-15 20:14:58,616 INFO  [it.uni.reti2.HeartbeatGenerator] (executor-thread-1) 💓 [HEARTBEAT] Invio heartbeat: {"stazioneId":"Padova","stato":"ONLINE","timestamp":"2026-08-15T18:14:58.616914167Z","tipoEvento":"HEARTBEAT","bufferSize":0}
2026-08-15 20:15:08,616 INFO  [it.uni.reti2.HeartbeatGenerator] (executor-thread-1) 💓 [HEARTBEAT] Invio heartbeat: {"stazioneId":"Padova","stato":"ONLINE","timestamp":"2026-08-15T18:15:08.616934586Z","tipoEvento":"HEARTBEAT","bufferSize":0}
2026-08-15 20:15:18,617 INFO  [it.uni.reti2.HeartbeatGenerator] (executor-thread-1) 💓 [HEARTBEAT] Invio heartbeat: {"stazioneId":"Padova","stato":"ONLINE","timestamp":"2026-08-15T18:15:18.617052632Z","tipoEvento":"HEARTBEAT","bufferSize":0}
2026-08-15 20:15:28,617 INFO  [it.uni.reti2.HeartbeatGenerator] (executor-thread-1) 💓 [HEARTBEAT] Invio heartbeat: {"stazioneId":"Padova","stato":"ONLINE","timestamp":"2026-08-15T18:15:28.617529464Z","tipoEvento":"HEARTBEAT","bufferSize":0}
2026-08-15 20:15:38,617 INFO  [it.uni.reti2.HeartbeatGenerator] (executor-thread-1) 💓 [HEARTBEAT] Invio heartbeat: {"stazioneId":"Padova","stato":"ONLINE","timestamp":"2026-08-15T18:15:38.616952873Z","tipoEvento":"HEARTBEAT","bufferSize":0}
2026-08-15 20:15:48,617 INFO  [it.uni.reti2.HeartbeatGenerator] (executor-thread-1) 💓 [HEARTBEAT] Invio heartbeat: {"stazioneId":"Padova","stato":"ONLINE","timestamp":"2026-08-15T18:15:48.617048409Z","tipoEvento":"HEARTBEAT","bufferSize":0}
2026-08-15 20:15:58,617 INFO  [it.uni.reti2.HeartbeatGenerator] (executor-thread-1) 💓 [HEARTBEAT] Invio heartbeat: {"stazioneId":"Padova","stato":"ONLINE","timestamp":"2026-08-15T18:15:58.617099565Z","tipoEvento":"HEARTBEAT","bufferSize":0}
2026-08-15 20:16:08,617 INFO  [it.uni.reti2.HeartbeatGenerator] (executor-thread-1) 💓 [HEARTBEAT] Invio heartbeat: {"stazioneId":"Padova","stato":"ONLINE","timestamp":"2026-08-15T18:16:08.617367456Z","tipoEvento":"HEARTBEAT","bufferSize":0}
2026-08-15 20:16:18,616 INFO  [it.uni.reti2.HeartbeatGenerator] (executor-thread-1) 💓 [HEARTBEAT] Invio heartbeat: {"stazioneId":"Padova","stato":"ONLINE","timestamp":"2026-08-15T18:16:18.616961586Z","tipoEvento":"HEARTBEAT","bufferSize":0}
2026-08-15 20:16:28,617 INFO  [it.uni.reti2.HeartbeatGenerator] (executor-thread-1) 💓 [HEARTBEAT] Invio heartbeat: {"stazioneId":"Padova","stato":"ONLINE","timestamp":"2026-08-15T18:16:28.616965937Z","tipoEvento":"HEARTBEAT","bufferSize":0}
2026-08-15 20:16:38,617 INFO  [it.uni.reti2.HeartbeatGenerator] (executor-thread-1) 💓 [HEARTBEAT] Invio heartbeat: {"stazioneId":"Padova","stato":"ONLINE","timestamp":"2026-08-15T18:16:38.617352139Z","tipoEvento":"HEARTBEAT","bufferSize":0}
2026-08-15 20:16:48,617 INFO  [it.uni.reti2.HeartbeatGenerator] (executor-thread-1) 💓 [HEARTBEAT] Invio heartbeat: {"stazioneId":"Padova","stato":"ONLINE","timestamp":"2026-08-15T18:16:48.617446272Z","tipoEvento":"HEARTBEAT","bufferSize":0}
2026-08-15 20:16:58,617 INFO  [it.uni.reti2.HeartbeatGenerator] (executor-thread-1) 💓 [HEARTBEAT] Invio heartbeat: {"stazioneId":"Padova","stato":"ONLINE","timestamp":"2026-08-15T18:16:58.617316740Z","tipoEvento":"HEARTBEAT","bufferSize":0}
2026-08-15 20:17:08,617 INFO  [it.uni.reti2.HeartbeatGenerator] (executor-thread-1) 💓 [HEARTBEAT] Invio heartbeat: {"stazioneId":"Padova","stato":"ONLINE","timestamp":"2026-08-15T18:17:08.617232691Z","tipoEvento":"HEARTBEAT","bufferSize":0}
2026-08-15 20:17:18,617 INFO  [it.uni.reti2.HeartbeatGenerator] (executor-thread-1) 💓 [HEARTBEAT] Invio heartbeat: {"stazioneId":"Padova","stato":"ONLINE","timestamp":"2026-08-15T18:17:18.616939368Z","tipoEvento":"HEARTBEAT","bufferSize":0}
2026-08-15 20:17:28,617 INFO  [it.uni.reti2.HeartbeatGenerator] (executor-thread-1) 💓 [HEARTBEAT] Invio heartbeat: {"stazioneId":"Padova","stato":"ONLINE","timestamp":"2026-08-15T18:17:28.616974983Z","tipoEvento":"HEARTBEAT","bufferSize":0}
2026-08-15 20:17:38,617 INFO  [it.uni.reti2.HeartbeatGenerator] (executor-thread-1) 💓 [HEARTBEAT] Invio heartbeat: {"stazioneId":"Padova","stato":"ONLINE","timestamp":"2026-08-15T18:17:38.617091021Z","tipoEvento":"HEARTBEAT","bufferSize":0}
2026-08-15 20:17:48,617 INFO  [it.uni.reti2.HeartbeatGenerator] (executor-thread-1) 💓 [HEARTBEAT] Invio heartbeat: {"stazioneId":"Padova","stato":"ONLINE","timestamp":"2026-08-15T18:17:48.617007318Z","tipoEvento":"HEARTBEAT","bufferSize":0}
2026-08-15 20:17:58,617 INFO  [it.uni.reti2.HeartbeatGenerator] (executor-thread-1) 💓 [HEARTBEAT] Invio heartbeat: {"stazioneId":"Padova","stato":"ONLINE","timestamp":"2026-08-15T18:17:58.617275008Z","tipoEvento":"HEARTBEAT","bufferSize":0}
2026-08-15 20:18:08,617 INFO  [it.uni.reti2.HeartbeatGenerator] (executor-thread-1) 💓 [HEARTBEAT] Invio heartbeat: {"stazioneId":"Padova","stato":"ONLINE","timestamp":"2026-08-15T18:18:08.617343532Z","tipoEvento":"HEARTBEAT","bufferSize":0}
2026-08-15 20:18:18,617 INFO  [it.uni.reti2.HeartbeatGenerator] (executor-thread-1) 💓 [HEARTBEAT] Invio heartbeat: {"stazioneId":"Padova","stato":"ONLINE","timestamp":"2026-08-15T18:18:18.617800127Z","tipoEvento":"HEARTBEAT","bufferSize":0}
2026-08-15 20:18:28,617 INFO  [it.uni.reti2.HeartbeatGenerator] (executor-thread-1) 💓 [HEARTBEAT] Invio heartbeat: {"stazioneId":"Padova","stato":"ONLINE","timestamp":"2026-08-15T18:18:28.617066087Z","tipoEvento":"HEARTBEAT","bufferSize":0}
2026-08-15 20:18:38,617 INFO  [it.uni.reti2.HeartbeatGenerator] (executor-thread-1) 💓 [HEARTBEAT] Invio heartbeat: {"stazioneId":"Padova","stato":"ONLINE","timestamp":"2026-08-15T18:18:38.617410783Z","tipoEvento":"HEARTBEAT","bufferSize":0}
2026-08-15 20:18:48,617 INFO  [it.uni.reti2.HeartbeatGenerator] (executor-thread-1) 💓 [HEARTBEAT] Invio heartbeat: {"stazioneId":"Padova","stato":"ONLINE","timestamp":"2026-08-15T18:18:48.617286823Z","tipoEvento":"HEARTBEAT","bufferSize":0}
2026-08-15 20:18:58,617 INFO  [it.uni.reti2.HeartbeatGenerator] (executor-thread-1) 💓 [HEARTBEAT] Invio heartbeat: {"stazioneId":"Padova","stato":"ONLINE","timestamp":"2026-08-15T18:18:58.617031082Z","tipoEvento":"HEARTBEAT","bufferSize":0}
2026-08-15 20:19:08,617 INFO  [it.uni.reti2.HeartbeatGenerator] (executor-thread-1) 💓 [HEARTBEAT] Invio heartbeat: {"stazioneId":"Padova","stato":"ONLINE","timestamp":"2026-08-15T18:19:08.617028364Z","tipoEvento":"HEARTBEAT","bufferSize":0}
2026-08-15 20:19:18,617 INFO  [it.uni.reti2.HeartbeatGenerator] (executor-thread-1) 💓 [HEARTBEAT] Invio heartbeat: {"stazioneId":"Padova","stato":"ONLINE","timestamp":"2026-08-15T18:19:18.617187370Z","tipoEvento":"HEARTBEAT","bufferSize":0}
2026-08-15 20:19:28,617 INFO  [it.uni.reti2.HeartbeatGenerator] (executor-thread-1) 💓 [HEARTBEAT] Invio heartbeat: {"stazioneId":"Padova","stato":"ONLINE","timestamp":"2026-08-15T18:19:28.617339033Z","tipoEvento":"HEARTBEAT","bufferSize":0}
2026-08-15 20:19:38,617 INFO  [it.uni.reti2.HeartbeatGenerator] (executor-thread-1) 💓 [HEARTBEAT] Invio heartbeat: {"stazioneId":"Padova","stato":"ONLINE","timestamp":"2026-08-15T18:19:38.617030674Z","tipoEvento":"HEARTBEAT","bufferSize":0}
2026-08-15 20:19:48,617 INFO  [it.uni.reti2.HeartbeatGenerator] (executor-thread-1) 💓 [HEARTBEAT] Invio heartbeat: {"stazioneId":"Padova","stato":"ONLINE","timestamp":"2026-08-15T18:19:48.616967184Z","tipoEvento":"HEARTBEAT","bufferSize":0}
2026-08-15 20:19:58,617 INFO  [it.uni.reti2.HeartbeatGenerator] (executor-thread-1) 💓 [HEARTBEAT] Invio heartbeat: {"stazioneId":"Padova","stato":"ONLINE","timestamp":"2026-08-15T18:19:58.616962340Z","tipoEvento":"HEARTBEAT","bufferSize":0}
2026-08-15 20:20:08,617 INFO  [it.uni.reti2.HeartbeatGenerator] (executor-thread-1) 💓 [HEARTBEAT] Invio heartbeat: {"stazioneId":"Padova","stato":"ONLINE","timestamp":"2026-08-15T18:20:08.616984Z","tipoEvento":"HEARTBEAT","bufferSize":0}
2026-08-15 20:20:18,617 INFO  [it.uni.reti2.HeartbeatGenerator] (executor-thread-1) 💓 [HEARTBEAT] Invio heartbeat: {"stazioneId":"Padova","stato":"ONLINE","timestamp":"2026-08-15T18:20:18.617066134Z","tipoEvento":"HEARTBEAT","bufferSize":0}
2026-08-15 20:20:28,617 INFO  [it.uni.reti2.HeartbeatGenerator] (executor-thread-1) 💓 [HEARTBEAT] Invio heartbeat: {"stazioneId":"Padova","stato":"ONLINE","timestamp":"2026-08-15T18:20:28.617481486Z","tipoEvento":"HEARTBEAT","bufferSize":0}
2026-08-15 20:20:38,617 INFO  [it.uni.reti2.HeartbeatGenerator] (executor-thread-1) 💓 [HEARTBEAT] Invio heartbeat: {"stazioneId":"Padova","stato":"ONLINE","timestamp":"2026-08-15T18:20:38.617033028Z","tipoEvento":"HEARTBEAT","bufferSize":0}
2026-08-15 20:20:48,617 INFO  [it.uni.reti2.HeartbeatGenerator] (executor-thread-1) 💓 [HEARTBEAT] Invio heartbeat: {"stazioneId":"Padova","stato":"ONLINE","timestamp":"2026-08-15T18:20:48.617114307Z","tipoEvento":"HEARTBEAT","bufferSize":0}
2026-08-15 20:20:58,617 INFO  [it.uni.reti2.HeartbeatGenerator] (executor-thread-1) 💓 [HEARTBEAT] Invio heartbeat: {"stazioneId":"Padova","stato":"ONLINE","timestamp":"2026-08-15T18:20:58.617328987Z","tipoEvento":"HEARTBEAT","bufferSize":0}
2026-08-15 20:21:08,617 INFO  [it.uni.reti2.HeartbeatGenerator] (executor-thread-1) 💓 [HEARTBEAT] Invio heartbeat: {"stazioneId":"Padova","stato":"ONLINE","timestamp":"2026-08-15T18:21:08.617020875Z","tipoEvento":"HEARTBEAT","bufferSize":0}
2026-08-15 20:21:18,618 INFO  [it.uni.reti2.HeartbeatGenerator] (executor-thread-1) 💓 [HEARTBEAT] Invio heartbeat: {"stazioneId":"Padova","stato":"ONLINE","timestamp":"2026-08-15T18:21:18.618450009Z","tipoEvento":"HEARTBEAT","bufferSize":0}
2026-08-15 20:21:28,617 INFO  [it.uni.reti2.HeartbeatGenerator] (executor-thread-1) 💓 [HEARTBEAT] Invio heartbeat: {"stazioneId":"Padova","stato":"ONLINE","timestamp":"2026-08-15T18:21:28.617133245Z","tipoEvento":"HEARTBEAT","bufferSize":0}
2026-08-15 20:21:38,617 INFO  [it.uni.reti2.HeartbeatGenerator] (executor-thread-1) 💓 [HEARTBEAT] Invio heartbeat: {"stazioneId":"Padova","stato":"ONLINE","timestamp":"2026-08-15T18:21:38.617009753Z","tipoEvento":"HEARTBEAT","bufferSize":0}
2026-08-15 20:21:48,617 INFO  [it.uni.reti2.HeartbeatGenerator] (executor-thread-1) 💓 [HEARTBEAT] Invio heartbeat: {"stazioneId":"Padova","stato":"ONLINE","timestamp":"2026-08-15T18:21:48.617017510Z","tipoEvento":"HEARTBEAT","bufferSize":0}
2026-08-15 20:21:58,617 INFO  [it.uni.reti2.HeartbeatGenerator] (executor-thread-1) 💓 [HEARTBEAT] Invio heartbeat: {"stazioneId":"Padova","stato":"ONLINE","timestamp":"2026-08-15T18:21:58.617014285Z","tipoEvento":"HEARTBEAT","bufferSize":0}
2026-08-15 20:22:08,617 INFO  [it.uni.reti2.HeartbeatGenerator] (executor-thread-1) 💓 [HEARTBEAT] Invio heartbeat: {"stazioneId":"Padova","stato":"ONLINE","timestamp":"2026-08-15T18:22:08.617383198Z","tipoEvento":"HEARTBEAT","bufferSize":0}
2026-08-15 20:22:18,617 INFO  [it.uni.reti2.HeartbeatGenerator] (executor-thread-1) 💓 [HEARTBEAT] Invio heartbeat: {"stazioneId":"Padova","stato":"ONLINE","timestamp":"2026-08-15T18:22:18.617001772Z","tipoEvento":"HEARTBEAT","bufferSize":0}
2026-08-15 20:22:28,617 INFO  [it.uni.reti2.HeartbeatGenerator] (executor-thread-1) 💓 [HEARTBEAT] Invio heartbeat: {"stazioneId":"Padova","stato":"ONLINE","timestamp":"2026-08-15T18:22:28.617053023Z","tipoEvento":"HEARTBEAT","bufferSize":0}
2026-08-15 20:22:38,617 INFO  [it.uni.reti2.HeartbeatGenerator] (executor-thread-1) 💓 [HEARTBEAT] Invio heartbeat: {"stazioneId":"Padova","stato":"ONLINE","timestamp":"2026-08-15T18:22:38.617022231Z","tipoEvento":"HEARTBEAT","bufferSize":0}
2026-08-15 20:22:48,617 INFO  [it.uni.reti2.HeartbeatGenerator] (executor-thread-1) 💓 [HEARTBEAT] Invio heartbeat: {"stazioneId":"Padova","stato":"ONLINE","timestamp":"2026-08-15T18:22:48.617048122Z","tipoEvento":"HEARTBEAT","bufferSize":0}
2026-08-15 20:22:58,617 INFO  [it.uni.reti2.HeartbeatGenerator] (executor-thread-1) 💓 [HEARTBEAT] Invio heartbeat: {"stazioneId":"Padova","stato":"ONLINE","timestamp":"2026-08-15T18:22:58.617044305Z","tipoEvento":"HEARTBEAT","bufferSize":0}
2026-08-15 20:23:08,617 INFO  [it.uni.reti2.HeartbeatGenerator] (executor-thread-1) 💓 [HEARTBEAT] Invio heartbeat: {"stazioneId":"Padova","stato":"ONLINE","timestamp":"2026-08-15T18:23:08.617315547Z","tipoEvento":"HEARTBEAT","bufferSize":0}
2026-08-15 20:23:18,617 INFO  [it.uni.reti2.HeartbeatGenerator] (executor-thread-1) 💓 [HEARTBEAT] Invio heartbeat: {"stazioneId":"Padova","stato":"ONLINE","timestamp":"2026-08-15T18:23:18.617110980Z","tipoEvento":"HEARTBEAT","bufferSize":0}
2026-08-15 20:23:28,617 INFO  [it.uni.reti2.HeartbeatGenerator] (executor-thread-1) 💓 [HEARTBEAT] Invio heartbeat: {"stazioneId":"Padova","stato":"ONLINE","timestamp":"2026-08-15T18:23:28.617245164Z","tipoEvento":"HEARTBEAT","bufferSize":0}
2026-08-15 20:23:38,617 INFO  [it.uni.reti2.HeartbeatGenerator] (executor-thread-1) 💓 [HEARTBEAT] Invio heartbeat: {"stazioneId":"Padova","stato":"ONLINE","timestamp":"2026-08-15T18:23:38.617043450Z","tipoEvento":"HEARTBEAT","bufferSize":0}
2026-08-15 20:23:48,617 INFO  [it.uni.reti2.HeartbeatGenerator] (executor-thread-1) 💓 [HEARTBEAT] Invio heartbeat: {"stazioneId":"Padova","stato":"ONLINE","timestamp":"2026-08-15T18:23:48.617024186Z","tipoEvento":"HEARTBEAT","bufferSize":0}
2026-08-15 20:23:58,617 INFO  [it.uni.reti2.HeartbeatGenerator] (executor-thread-1) 💓 [HEARTBEAT] Invio heartbeat: {"stazioneId":"Padova","stato":"ONLINE","timestamp":"2026-08-15T18:23:58.617681742Z","tipoEvento":"HEARTBEAT","bufferSize":0}
2026-08-15 20:24:08,617 INFO  [it.uni.reti2.HeartbeatGenerator] (executor-thread-1) 💓 [HEARTBEAT] Invio heartbeat: {"stazioneId":"Padova","stato":"ONLINE","timestamp":"2026-08-15T18:24:08.617693072Z","tipoEvento":"HEARTBEAT","bufferSize":0}
2026-08-15 20:24:18,617 INFO  [it.uni.reti2.HeartbeatGenerator] (executor-thread-1) 💓 [HEARTBEAT] Invio heartbeat: {"stazioneId":"Padova","stato":"ONLINE","timestamp":"2026-08-15T18:24:18.617132092Z","tipoEvento":"HEARTBEAT","bufferSize":0}
2026-08-15 20:24:28,617 INFO  [it.uni.reti2.HeartbeatGenerator] (executor-thread-1) 💓 [HEARTBEAT] Invio heartbeat: {"stazioneId":"Padova","stato":"ONLINE","timestamp":"2026-08-15T18:24:28.617470580Z","tipoEvento":"HEARTBEAT","bufferSize":0}
2026-08-15 20:24:38,617 INFO  [it.uni.reti2.HeartbeatGenerator] (executor-thread-1) 💓 [HEARTBEAT] Invio heartbeat: {"stazioneId":"Padova","stato":"ONLINE","timestamp":"2026-08-15T18:24:38.617503883Z","tipoEvento":"HEARTBEAT","bufferSize":0}
2026-08-15 20:24:48,617 INFO  [it.uni.reti2.HeartbeatGenerator] (executor-thread-1) 💓 [HEARTBEAT] Invio heartbeat: {"stazioneId":"Padova","stato":"ONLINE","timestamp":"2026-08-15T18:24:48.617503783Z","tipoEvento":"HEARTBEAT","bufferSize":0}
2026-08-15 20:24:58,617 INFO  [it.uni.reti2.HeartbeatGenerator] (executor-thread-1) 💓 [HEARTBEAT] Invio heartbeat: {"stazioneId":"Padova","stato":"ONLINE","timestamp":"2026-08-15T18:24:58.617043841Z","tipoEvento":"HEARTBEAT","bufferSize":0}
2026-08-15 20:25:08,617 INFO  [it.uni.reti2.HeartbeatGenerator] (executor-thread-1) 💓 [HEARTBEAT] Invio heartbeat: {"stazioneId":"Padova","stato":"ONLINE","timestamp":"2026-08-15T18:25:08.617784893Z","tipoEvento":"HEARTBEAT","bufferSize":0}
2026-08-15 20:25:18,617 INFO  [it.uni.reti2.HeartbeatGenerator] (executor-thread-1) 💓 [HEARTBEAT] Invio heartbeat: {"stazioneId":"Padova","stato":"ONLINE","timestamp":"2026-08-15T18:25:18.617570248Z","tipoEvento":"HEARTBEAT","bufferSize":0}
2026-08-15 20:25:28,617 INFO  [it.uni.reti2.HeartbeatGenerator] (executor-thread-1) 💓 [HEARTBEAT] Invio heartbeat: {"stazioneId":"Padova","stato":"ONLINE","timestamp":"2026-08-15T18:25:28.617486297Z","tipoEvento":"HEARTBEAT","bufferSize":0}
2026-08-15 20:25:38,617 INFO  [it.uni.reti2.HeartbeatGenerator] (executor-thread-1) 💓 [HEARTBEAT] Invio heartbeat: {"stazioneId":"Padova","stato":"ONLINE","timestamp":"2026-08-15T18:25:38.617120434Z","tipoEvento":"HEARTBEAT","bufferSize":0}
2026-08-15 20:25:48,617 INFO  [it.uni.reti2.HeartbeatGenerator] (executor-thread-1) 💓 [HEARTBEAT] Invio heartbeat: {"stazioneId":"Padova","stato":"ONLINE","timestamp":"2026-08-15T18:25:48.617482492Z","tipoEvento":"HEARTBEAT","bufferSize":0}
2026-08-15 20:25:58,617 INFO  [it.uni.reti2.HeartbeatGenerator] (executor-thread-1) 💓 [HEARTBEAT] Invio heartbeat: {"stazioneId":"Padova","stato":"ONLINE","timestamp":"2026-08-15T18:25:58.617478746Z","tipoEvento":"HEARTBEAT","bufferSize":0}
2026-08-15 20:26:08,617 INFO  [it.uni.reti2.HeartbeatGenerator] (executor-thread-1) 💓 [HEARTBEAT] Invio heartbeat: {"stazioneId":"Padova","stato":"ONLINE","timestamp":"2026-08-15T18:26:08.617438747Z","tipoEvento":"HEARTBEAT","bufferSize":0}
2026-08-15 20:26:18,617 INFO  [it.uni.reti2.HeartbeatGenerator] (executor-thread-1) 💓 [HEARTBEAT] Invio heartbeat: {"stazioneId":"Padova","stato":"ONLINE","timestamp":"2026-08-15T18:26:18.617027910Z","tipoEvento":"HEARTBEAT","bufferSize":0}
2026-08-15 20:26:28,617 INFO  [it.uni.reti2.HeartbeatGenerator] (executor-thread-1) 💓 [HEARTBEAT] Invio heartbeat: {"stazioneId":"Padova","stato":"ONLINE","timestamp":"2026-08-15T18:26:28.617224089Z","tipoEvento":"HEARTBEAT","bufferSize":0}
2026-08-15 20:26:38,617 INFO  [it.uni.reti2.HeartbeatGenerator] (executor-thread-1) 💓 [HEARTBEAT] Invio heartbeat: {"stazioneId":"Padova","stato":"ONLINE","timestamp":"2026-08-15T18:26:38.617049260Z","tipoEvento":"HEARTBEAT","bufferSize":0}
2026-08-15 20:26:48,617 INFO  [it.uni.reti2.HeartbeatGenerator] (executor-thread-1) 💓 [HEARTBEAT] Invio heartbeat: {"stazioneId":"Padova","stato":"ONLINE","timestamp":"2026-08-15T18:26:48.617257930Z","tipoEvento":"HEARTBEAT","bufferSize":0}
2026-08-15 20:26:58,617 INFO  [it.uni.reti2.HeartbeatGenerator] (executor-thread-1) 💓 [HEARTBEAT] Invio heartbeat: {"stazioneId":"Padova","stato":"ONLINE","timestamp":"2026-08-15T18:26:58.617273716Z","tipoEvento":"HEARTBEAT","bufferSize":0}
2026-08-15 20:27:08,617 INFO  [it.uni.reti2.HeartbeatGenerator] (executor-thread-1) 💓 [HEARTBEAT] Invio heartbeat: {"stazioneId":"Padova","stato":"ONLINE","timestamp":"2026-08-15T18:27:08.617490207Z","tipoEvento":"HEARTBEAT","bufferSize":0}
2026-08-15 20:27:18,617 INFO  [it.uni.reti2.HeartbeatGenerator] (executor-thread-1) 💓 [HEARTBEAT] Invio heartbeat: {"stazioneId":"Padova","stato":"ONLINE","timestamp":"2026-08-15T18:27:18.617124717Z","tipoEvento":"HEARTBEAT","bufferSize":0}
2026-08-15 20:27:28,617 INFO  [it.uni.reti2.HeartbeatGenerator] (executor-thread-1) 💓 [HEARTBEAT] Invio heartbeat: {"stazioneId":"Padova","stato":"ONLINE","timestamp":"2026-08-15T18:27:28.617488224Z","tipoEvento":"HEARTBEAT","bufferSize":0}
2026-08-15 20:27:38,617 INFO  [it.uni.reti2.HeartbeatGenerator] (executor-thread-1) 💓 [HEARTBEAT] Invio heartbeat: {"stazioneId":"Padova","stato":"ONLINE","timestamp":"2026-08-15T18:27:38.617512218Z","tipoEvento":"HEARTBEAT","bufferSize":0}
2026-08-15 20:27:48,617 INFO  [it.uni.reti2.HeartbeatGenerator] (executor-thread-1) 💓 [HEARTBEAT] Invio heartbeat: {"stazioneId":"Padova","stato":"ONLINE","timestamp":"2026-08-15T18:27:48.617475140Z","tipoEvento":"HEARTBEAT","bufferSize":0}
2026-08-15 20:27:58,617 INFO  [it.uni.reti2.HeartbeatGenerator] (executor-thread-1) 💓 [HEARTBEAT] Invio heartbeat: {"stazioneId":"Padova","stato":"ONLINE","timestamp":"2026-08-15T18:27:58.617508424Z","tipoEvento":"HEARTBEAT","bufferSize":0}
2026-08-15 20:28:08,617 INFO  [it.uni.reti2.HeartbeatGenerator] (executor-thread-1) 💓 [HEARTBEAT] Invio heartbeat: {"stazioneId":"Padova","stato":"ONLINE","timestamp":"2026-08-15T18:28:08.617310185Z","tipoEvento":"HEARTBEAT","bufferSize":0}
2026-08-15 20:28:18,617 INFO  [it.uni.reti2.HeartbeatGenerator] (executor-thread-1) 💓 [HEARTBEAT] Invio heartbeat: {"stazioneId":"Padova","stato":"ONLINE","timestamp":"2026-08-15T18:28:18.617405907Z","tipoEvento":"HEARTBEAT","bufferSize":0}
2026-08-15 20:28:28,617 INFO  [it.uni.reti2.HeartbeatGenerator] (executor-thread-1) 💓 [HEARTBEAT] Invio heartbeat: {"stazioneId":"Padova","stato":"ONLINE","timestamp":"2026-08-15T18:28:28.617668911Z","tipoEvento":"HEARTBEAT","bufferSize":0}
2026-08-15 20:28:38,617 INFO  [it.uni.reti2.HeartbeatGenerator] (executor-thread-1) 💓 [HEARTBEAT] Invio heartbeat: {"stazioneId":"Padova","stato":"ONLINE","timestamp":"2026-08-15T18:28:38.617046896Z","tipoEvento":"HEARTBEAT","bufferSize":0}
2026-08-15 20:28:48,617 INFO  [it.uni.reti2.HeartbeatGenerator] (executor-thread-1) 💓 [HEARTBEAT] Invio heartbeat: {"stazioneId":"Padova","stato":"ONLINE","timestamp":"2026-08-15T18:28:48.617594177Z","tipoEvento":"HEARTBEAT","bufferSize":0}
2026-08-15 20:28:58,617 INFO  [it.uni.reti2.HeartbeatGenerator] (executor-thread-1) 💓 [HEARTBEAT] Invio heartbeat: {"stazioneId":"Padova","stato":"ONLINE","timestamp":"2026-08-15T18:28:58.617517954Z","tipoEvento":"HEARTBEAT","bufferSize":0}
2026-08-15 20:29:08,618 INFO  [it.uni.reti2.HeartbeatGenerator] (executor-thread-1) 💓 [HEARTBEAT] Invio heartbeat: {"stazioneId":"Padova","stato":"ONLINE","timestamp":"2026-08-15T18:29:08.617905863Z","tipoEvento":"HEARTBEAT","bufferSize":0}
2026-08-15 20:29:18,617 INFO  [it.uni.reti2.HeartbeatGenerator] (executor-thread-1) 💓 [HEARTBEAT] Invio heartbeat: {"stazioneId":"Padova","stato":"ONLINE","timestamp":"2026-08-15T18:29:18.617082069Z","tipoEvento":"HEARTBEAT","bufferSize":0}
2026-08-15 20:29:28,617 INFO  [it.uni.reti2.HeartbeatGenerator] (executor-thread-1) 💓 [HEARTBEAT] Invio heartbeat: {"stazioneId":"Padova","stato":"ONLINE","timestamp":"2026-08-15T18:29:28.617098699Z","tipoEvento":"HEARTBEAT","bufferSize":0}
2026-08-15 20:29:38,617 INFO  [it.uni.reti2.HeartbeatGenerator] (executor-thread-1) 💓 [HEARTBEAT] Invio heartbeat: {"stazioneId":"Padova","stato":"ONLINE","timestamp":"2026-08-15T18:29:38.617140098Z","tipoEvento":"HEARTBEAT","bufferSize":0}
2026-08-15 20:29:48,617 INFO  [it.uni.reti2.HeartbeatGenerator] (executor-thread-1) 💓 [HEARTBEAT] Invio heartbeat: {"stazioneId":"Padova","stato":"ONLINE","timestamp":"2026-08-15T18:29:48.617559483Z","tipoEvento":"HEARTBEAT","bufferSize":0}
2026-08-15 20:29:58,617 INFO  [it.uni.reti2.HeartbeatGenerator] (executor-thread-1) 💓 [HEARTBEAT] Invio heartbeat: {"stazioneId":"Padova","stato":"ONLINE","timestamp":"2026-08-15T18:29:58.617555174Z","tipoEvento":"HEARTBEAT","bufferSize":0}
2026-08-15 20:30:08,617 INFO  [it.uni.reti2.HeartbeatGenerator] (executor-thread-1) 💓 [HEARTBEAT] Invio heartbeat: {"stazioneId":"Padova","stato":"ONLINE","timestamp":"2026-08-15T18:30:08.617102492Z","tipoEvento":"HEARTBEAT","bufferSize":0}
2026-08-15 20:30:18,617 INFO  [it.uni.reti2.HeartbeatGenerator] (executor-thread-1) 💓 [HEARTBEAT] Invio heartbeat: {"stazioneId":"Padova","stato":"ONLINE","timestamp":"2026-08-15T18:30:18.617675254Z","tipoEvento":"HEARTBEAT","bufferSize":0}
2026-08-15 20:30:28,617 INFO  [it.uni.reti2.HeartbeatGenerator] (executor-thread-1) 💓 [HEARTBEAT] Invio heartbeat: {"stazioneId":"Padova","stato":"ONLINE","timestamp":"2026-08-15T18:30:28.617090511Z","tipoEvento":"HEARTBEAT","bufferSize":0}
2026-08-15 20:30:38,617 INFO  [it.uni.reti2.HeartbeatGenerator] (executor-thread-1) 💓 [HEARTBEAT] Invio heartbeat: {"stazioneId":"Padova","stato":"ONLINE","timestamp":"2026-08-15T18:30:38.617058253Z","tipoEvento":"HEARTBEAT","bufferSize":0}
2026-08-15 20:30:48,617 INFO  [it.uni.reti2.HeartbeatGenerator] (executor-thread-1) 💓 [HEARTBEAT] Invio heartbeat: {"stazioneId":"Padova","stato":"ONLINE","timestamp":"2026-08-15T18:30:48.617113505Z","tipoEvento":"HEARTBEAT","bufferSize":0}
2026-08-15 20:30:58,617 INFO  [it.uni.reti2.HeartbeatGenerator] (executor-thread-1) 💓 [HEARTBEAT] Invio heartbeat: {"stazioneId":"Padova","stato":"ONLINE","timestamp":"2026-08-15T18:30:58.617369226Z","tipoEvento":"HEARTBEAT","bufferSize":0}
2026-08-15 20:31:08,617 INFO  [it.uni.reti2.HeartbeatGenerator] (executor-thread-1) 💓 [HEARTBEAT] Invio heartbeat: {"stazioneId":"Padova","stato":"ONLINE","timestamp":"2026-08-15T18:31:08.617118468Z","tipoEvento":"HEARTBEAT","bufferSize":0}
2026-08-15 20:31:18,617 INFO  [it.uni.reti2.HeartbeatGenerator] (executor-thread-1) 💓 [HEARTBEAT] Invio heartbeat: {"stazioneId":"Padova","stato":"ONLINE","timestamp":"2026-08-15T18:31:18.617557208Z","tipoEvento":"HEARTBEAT","bufferSize":0}
2026-08-15 20:31:28,617 INFO  [it.uni.reti2.HeartbeatGenerator] (executor-thread-1) 💓 [HEARTBEAT] Invio heartbeat: {"stazioneId":"Padova","stato":"ONLINE","timestamp":"2026-08-15T18:31:28.617074008Z","tipoEvento":"HEARTBEAT","bufferSize":0}
2026-08-15 20:31:38,617 INFO  [it.uni.reti2.HeartbeatGenerator] (executor-thread-1) 💓 [HEARTBEAT] Invio heartbeat: {"stazioneId":"Padova","stato":"ONLINE","timestamp":"2026-08-15T18:31:38.617163240Z","tipoEvento":"HEARTBEAT","bufferSize":0}
2026-08-15 20:31:48,617 INFO  [it.uni.reti2.HeartbeatGenerator] (executor-thread-1) 💓 [HEARTBEAT] Invio heartbeat: {"stazioneId":"Padova","stato":"ONLINE","timestamp":"2026-08-15T18:31:48.617068616Z","tipoEvento":"HEARTBEAT","bufferSize":0}
2026-08-15 20:31:58,617 INFO  [it.uni.reti2.HeartbeatGenerator] (executor-thread-1) 💓 [HEARTBEAT] Invio heartbeat: {"stazioneId":"Padova","stato":"ONLINE","timestamp":"2026-08-15T18:31:58.617543673Z","tipoEvento":"HEARTBEAT","bufferSize":0}
2026-08-15 20:32:08,617 INFO  [it.uni.reti2.HeartbeatGenerator] (executor-thread-1) 💓 [HEARTBEAT] Invio heartbeat: {"stazioneId":"Padova","stato":"ONLINE","timestamp":"2026-08-15T18:32:08.617083252Z","tipoEvento":"HEARTBEAT","bufferSize":0}
2026-08-15 20:32:18,617 INFO  [it.uni.reti2.HeartbeatGenerator] (executor-thread-1) 💓 [HEARTBEAT] Invio heartbeat: {"stazioneId":"Padova","stato":"ONLINE","timestamp":"2026-08-15T18:32:18.617514522Z","tipoEvento":"HEARTBEAT","bufferSize":0}
2026-08-15 20:32:28,617 INFO  [it.uni.reti2.HeartbeatGenerator] (executor-thread-1) 💓 [HEARTBEAT] Invio heartbeat: {"stazioneId":"Padova","stato":"ONLINE","timestamp":"2026-08-15T18:32:28.617352267Z","tipoEvento":"HEARTBEAT","bufferSize":0}
2026-08-15 20:32:38,617 INFO  [it.uni.reti2.HeartbeatGenerator] (executor-thread-1) 💓 [HEARTBEAT] Invio heartbeat: {"stazioneId":"Padova","stato":"ONLINE","timestamp":"2026-08-15T18:32:38.617082253Z","tipoEvento":"HEARTBEAT","bufferSize":0}
2026-08-15 20:32:48,617 INFO  [it.uni.reti2.HeartbeatGenerator] (executor-thread-1) 💓 [HEARTBEAT] Invio heartbeat: {"stazioneId":"Padova","stato":"ONLINE","timestamp":"2026-08-15T18:32:48.617358272Z","tipoEvento":"HEARTBEAT","bufferSize":0}
2026-08-15 20:32:58,617 INFO  [it.uni.reti2.HeartbeatGenerator] (executor-thread-1) 💓 [HEARTBEAT] Invio heartbeat: {"stazioneId":"Padova","stato":"ONLINE","timestamp":"2026-08-15T18:32:58.617036709Z","tipoEvento":"HEARTBEAT","bufferSize":0}
2026-08-15 20:33:08,617 INFO  [it.uni.reti2.HeartbeatGenerator] (executor-thread-1) 💓 [HEARTBEAT] Invio heartbeat: {"stazioneId":"Padova","stato":"ONLINE","timestamp":"2026-08-15T18:33:08.617374196Z","tipoEvento":"HEARTBEAT","bufferSize":0}
2026-08-15 20:33:18,617 INFO  [it.uni.reti2.HeartbeatGenerator] (executor-thread-1) 💓 [HEARTBEAT] Invio heartbeat: {"stazioneId":"Padova","stato":"ONLINE","timestamp":"2026-08-15T18:33:18.617496047Z","tipoEvento":"HEARTBEAT","bufferSize":0}
2026-08-15 20:33:28,617 INFO  [it.uni.reti2.HeartbeatGenerator] (executor-thread-1) 💓 [HEARTBEAT] Invio heartbeat: {"stazioneId":"Padova","stato":"ONLINE","timestamp":"2026-08-15T18:33:28.617254797Z","tipoEvento":"HEARTBEAT","bufferSize":0}
2026-08-15 20:33:38,617 INFO  [it.uni.reti2.HeartbeatGenerator] (executor-thread-1) 💓 [HEARTBEAT] Invio heartbeat: {"stazioneId":"Padova","stato":"ONLINE","timestamp":"2026-08-15T18:33:38.617756443Z","tipoEvento":"HEARTBEAT","bufferSize":0}
2026-08-15 20:33:48,617 INFO  [it.uni.reti2.HeartbeatGenerator] (executor-thread-1) 💓 [HEARTBEAT] Invio heartbeat: {"stazioneId":"Padova","stato":"ONLINE","timestamp":"2026-08-15T18:33:48.617045227Z","tipoEvento":"HEARTBEAT","bufferSize":0}
2026-08-15 20:33:58,617 INFO  [it.uni.reti2.HeartbeatGenerator] (executor-thread-1) 💓 [HEARTBEAT] Invio heartbeat: {"stazioneId":"Padova","stato":"ONLINE","timestamp":"2026-08-15T18:33:58.617797522Z","tipoEvento":"HEARTBEAT","bufferSize":0}
2026-08-15 20:34:08,617 INFO  [it.uni.reti2.HeartbeatGenerator] (executor-thread-1) 💓 [HEARTBEAT] Invio heartbeat: {"stazioneId":"Padova","stato":"ONLINE","timestamp":"2026-08-15T18:34:08.617491769Z","tipoEvento":"HEARTBEAT","bufferSize":0}
2026-08-15 20:34:18,617 INFO  [it.uni.reti2.HeartbeatGenerator] (executor-thread-1) 💓 [HEARTBEAT] Invio heartbeat: {"stazioneId":"Padova","stato":"ONLINE","timestamp":"2026-08-15T18:34:18.617071592Z","tipoEvento":"HEARTBEAT","bufferSize":0}
2026-08-15 20:34:28,617 INFO  [it.uni.reti2.HeartbeatGenerator] (executor-thread-1) 💓 [HEARTBEAT] Invio heartbeat: {"stazioneId":"Padova","stato":"ONLINE","timestamp":"2026-08-15T18:34:28.617033361Z","tipoEvento":"HEARTBEAT","bufferSize":0}
2026-08-15 20:34:38,617 INFO  [it.uni.reti2.HeartbeatGenerator] (executor-thread-1) 💓 [HEARTBEAT] Invio heartbeat: {"stazioneId":"Padova","stato":"ONLINE","timestamp":"2026-08-15T18:34:38.617238833Z","tipoEvento":"HEARTBEAT","bufferSize":0}
2026-08-15 20:34:48,617 INFO  [it.uni.reti2.HeartbeatGenerator] (executor-thread-1) 💓 [HEARTBEAT] Invio heartbeat: {"stazioneId":"Padova","stato":"ONLINE","timestamp":"2026-08-15T18:34:48.617191518Z","tipoEvento":"HEARTBEAT","bufferSize":0}
2026-08-15 20:34:58,617 INFO  [it.uni.reti2.HeartbeatGenerator] (executor-thread-1) 💓 [HEARTBEAT] Invio heartbeat: {"stazioneId":"Padova","stato":"ONLINE","timestamp":"2026-08-15T18:34:58.616988770Z","tipoEvento":"HEARTBEAT","bufferSize":0}
2026-08-15 20:35:08,617 INFO  [it.uni.reti2.HeartbeatGenerator] (executor-thread-1) 💓 [HEARTBEAT] Invio heartbeat: {"stazioneId":"Padova","stato":"ONLINE","timestamp":"2026-08-15T18:35:08.617594058Z","tipoEvento":"HEARTBEAT","bufferSize":0}
2026-08-15 20:35:18,617 INFO  [it.uni.reti2.HeartbeatGenerator] (executor-thread-1) 💓 [HEARTBEAT] Invio heartbeat: {"stazioneId":"Padova","stato":"ONLINE","timestamp":"2026-08-15T18:35:18.617562767Z","tipoEvento":"HEARTBEAT","bufferSize":0}
2026-08-15 20:35:28,617 INFO  [it.uni.reti2.HeartbeatGenerator] (executor-thread-1) 💓 [HEARTBEAT] Invio heartbeat: {"stazioneId":"Padova","stato":"ONLINE","timestamp":"2026-08-15T18:35:28.617400190Z","tipoEvento":"HEARTBEAT","bufferSize":0}
2026-08-15 20:35:38,617 INFO  [it.uni.reti2.HeartbeatGenerator] (executor-thread-1) 💓 [HEARTBEAT] Invio heartbeat: {"stazioneId":"Padova","stato":"ONLINE","timestamp":"2026-08-15T18:35:38.617608471Z","tipoEvento":"HEARTBEAT","bufferSize":0}
2026-08-15 20:35:48,617 INFO  [it.uni.reti2.HeartbeatGenerator] (executor-thread-1) 💓 [HEARTBEAT] Invio heartbeat: {"stazioneId":"Padova","stato":"ONLINE","timestamp":"2026-08-15T18:35:48.617318676Z","tipoEvento":"HEARTBEAT","bufferSize":0}
2026-08-15 20:35:58,617 INFO  [it.uni.reti2.HeartbeatGenerator] (executor-thread-1) 💓 [HEARTBEAT] Invio heartbeat: {"stazioneId":"Padova","stato":"ONLINE","timestamp":"2026-08-15T18:35:58.617026160Z","tipoEvento":"HEARTBEAT","bufferSize":0}
2026-08-15 20:36:08,617 INFO  [it.uni.reti2.HeartbeatGenerator] (executor-thread-1) 💓 [HEARTBEAT] Invio heartbeat: {"stazioneId":"Padova","stato":"ONLINE","timestamp":"2026-08-15T18:36:08.617723263Z","tipoEvento":"HEARTBEAT","bufferSize":0}
2026-08-15 20:36:18,617 INFO  [it.uni.reti2.HeartbeatGenerator] (executor-thread-1) 💓 [HEARTBEAT] Invio heartbeat: {"stazioneId":"Padova","stato":"ONLINE","timestamp":"2026-08-15T18:36:18.617010473Z","tipoEvento":"HEARTBEAT","bufferSize":0}
2026-08-15 20:36:28,617 INFO  [it.uni.reti2.HeartbeatGenerator] (executor-thread-1) 💓 [HEARTBEAT] Invio heartbeat: {"stazioneId":"Padova","stato":"ONLINE","timestamp":"2026-08-15T18:36:28.617153986Z","tipoEvento":"HEARTBEAT","bufferSize":0}
2026-08-15 20:36:38,617 INFO  [it.uni.reti2.HeartbeatGenerator] (executor-thread-1) 💓 [HEARTBEAT] Invio heartbeat: {"stazioneId":"Padova","stato":"ONLINE","timestamp":"2026-08-15T18:36:38.617386580Z","tipoEvento":"HEARTBEAT","bufferSize":0}
2026-08-15 20:36:48,617 INFO  [it.uni.reti2.HeartbeatGenerator] (executor-thread-1) 💓 [HEARTBEAT] Invio heartbeat: {"stazioneId":"Padova","stato":"ONLINE","timestamp":"2026-08-15T18:36:48.617518089Z","tipoEvento":"HEARTBEAT","bufferSize":0}
2026-08-15 20:36:58,617 INFO  [it.uni.reti2.HeartbeatGenerator] (executor-thread-1) 💓 [HEARTBEAT] Invio heartbeat: {"stazioneId":"Padova","stato":"ONLINE","timestamp":"2026-08-15T18:36:58.617031960Z","tipoEvento":"HEARTBEAT","bufferSize":0}
2026-08-15 20:37:08,617 INFO  [it.uni.reti2.HeartbeatGenerator] (executor-thread-1) 💓 [HEARTBEAT] Invio heartbeat: {"stazioneId":"Padova","stato":"ONLINE","timestamp":"2026-08-15T18:37:08.617058989Z","tipoEvento":"HEARTBEAT","bufferSize":0}
2026-08-15 20:37:18,617 INFO  [it.uni.reti2.HeartbeatGenerator] (executor-thread-1) 💓 [HEARTBEAT] Invio heartbeat: {"stazioneId":"Padova","stato":"ONLINE","timestamp":"2026-08-15T18:37:18.617049467Z","tipoEvento":"HEARTBEAT","bufferSize":0}
2026-08-15 20:37:28,617 INFO  [it.uni.reti2.HeartbeatGenerator] (executor-thread-1) 💓 [HEARTBEAT] Invio heartbeat: {"stazioneId":"Padova","stato":"ONLINE","timestamp":"2026-08-15T18:37:28.617403241Z","tipoEvento":"HEARTBEAT","bufferSize":0}
2026-08-15 20:37:38,617 INFO  [it.uni.reti2.HeartbeatGenerator] (executor-thread-1) 💓 [HEARTBEAT] Invio heartbeat: {"stazioneId":"Padova","stato":"ONLINE","timestamp":"2026-08-15T18:37:38.617613477Z","tipoEvento":"HEARTBEAT","bufferSize":0}
2026-08-15 20:37:48,617 INFO  [it.uni.reti2.HeartbeatGenerator] (executor-thread-1) 💓 [HEARTBEAT] Invio heartbeat: {"stazioneId":"Padova","stato":"ONLINE","timestamp":"2026-08-15T18:37:48.617055861Z","tipoEvento":"HEARTBEAT","bufferSize":0}
2026-08-15 20:37:58,617 INFO  [it.uni.reti2.HeartbeatGenerator] (executor-thread-1) 💓 [HEARTBEAT] Invio heartbeat: {"stazioneId":"Padova","stato":"ONLINE","timestamp":"2026-08-15T18:37:58.617513515Z","tipoEvento":"HEARTBEAT","bufferSize":0}
2026-08-15 20:38:08,617 INFO  [it.uni.reti2.HeartbeatGenerator] (executor-thread-1) 💓 [HEARTBEAT] Invio heartbeat: {"stazioneId":"Padova","stato":"ONLINE","timestamp":"2026-08-15T18:38:08.617102243Z","tipoEvento":"HEARTBEAT","bufferSize":0}
2026-08-15 20:38:18,617 INFO  [it.uni.reti2.HeartbeatGenerator] (executor-thread-1) 💓 [HEARTBEAT] Invio heartbeat: {"stazioneId":"Padova","stato":"ONLINE","timestamp":"2026-08-15T18:38:18.616999532Z","tipoEvento":"HEARTBEAT","bufferSize":0}
2026-08-15 20:38:28,617 INFO  [it.uni.reti2.HeartbeatGenerator] (executor-thread-1) 💓 [HEARTBEAT] Invio heartbeat: {"stazioneId":"Padova","stato":"ONLINE","timestamp":"2026-08-15T18:38:28.617432116Z","tipoEvento":"HEARTBEAT","bufferSize":0}
2026-08-15 20:38:38,617 INFO  [it.uni.reti2.HeartbeatGenerator] (executor-thread-1) 💓 [HEARTBEAT] Invio heartbeat: {"stazioneId":"Padova","stato":"ONLINE","timestamp":"2026-08-15T18:38:38.617467857Z","tipoEvento":"HEARTBEAT","bufferSize":0}
2026-08-15 20:38:48,617 INFO  [it.uni.reti2.HeartbeatGenerator] (executor-thread-1) 💓 [HEARTBEAT] Invio heartbeat: {"stazioneId":"Padova","stato":"ONLINE","timestamp":"2026-08-15T18:38:48.617073253Z","tipoEvento":"HEARTBEAT","bufferSize":0}
2026-08-15 20:38:58,617 INFO  [it.uni.reti2.HeartbeatGenerator] (executor-thread-1) 💓 [HEARTBEAT] Invio heartbeat: {"stazioneId":"Padova","stato":"ONLINE","timestamp":"2026-08-15T18:38:58.617194535Z","tipoEvento":"HEARTBEAT","bufferSize":0}
2026-08-15 20:39:08,617 INFO  [it.uni.reti2.HeartbeatGenerator] (executor-thread-1) 💓 [HEARTBEAT] Invio heartbeat: {"stazioneId":"Padova","stato":"ONLINE","timestamp":"2026-08-15T18:39:08.617222081Z","tipoEvento":"HEARTBEAT","bufferSize":0}
2026-08-15 20:39:18,617 INFO  [it.uni.reti2.HeartbeatGenerator] (executor-thread-1) 💓 [HEARTBEAT] Invio heartbeat: {"stazioneId":"Padova","stato":"ONLINE","timestamp":"2026-08-15T18:39:18.617057146Z","tipoEvento":"HEARTBEAT","bufferSize":0}
2026-08-15 20:39:28,617 INFO  [it.uni.reti2.HeartbeatGenerator] (executor-thread-1) 💓 [HEARTBEAT] Invio heartbeat: {"stazioneId":"Padova","stato":"ONLINE","timestamp":"2026-08-15T18:39:28.617094786Z","tipoEvento":"HEARTBEAT","bufferSize":0}
2026-08-15 20:39:38,617 INFO  [it.uni.reti2.HeartbeatGenerator] (executor-thread-1) 💓 [HEARTBEAT] Invio heartbeat: {"stazioneId":"Padova","stato":"ONLINE","timestamp":"2026-08-15T18:39:38.617017968Z","tipoEvento":"HEARTBEAT","bufferSize":0}
2026-08-15 20:39:48,617 INFO  [it.uni.reti2.HeartbeatGenerator] (executor-thread-1) 💓 [HEARTBEAT] Invio heartbeat: {"stazioneId":"Padova","stato":"ONLINE","timestamp":"2026-08-15T18:39:48.617398785Z","tipoEvento":"HEARTBEAT","bufferSize":0}
2026-08-15 20:39:58,617 INFO  [it.uni.reti2.HeartbeatGenerator] (executor-thread-1) 💓 [HEARTBEAT] Invio heartbeat: {"stazioneId":"Padova","stato":"ONLINE","timestamp":"2026-08-15T18:39:58.617023679Z","tipoEvento":"HEARTBEAT","bufferSize":0}
2026-08-15 20:40:08,617 INFO  [it.uni.reti2.HeartbeatGenerator] (executor-thread-1) 💓 [HEARTBEAT] Invio heartbeat: {"stazioneId":"Padova","stato":"ONLINE","timestamp":"2026-08-15T18:40:08.617462775Z","tipoEvento":"HEARTBEAT","bufferSize":0}
2026-08-15 20:40:18,617 INFO  [it.uni.reti2.HeartbeatGenerator] (executor-thread-1) 💓 [HEARTBEAT] Invio heartbeat: {"stazioneId":"Padova","stato":"ONLINE","timestamp":"2026-08-15T18:40:18.617040751Z","tipoEvento":"HEARTBEAT","bufferSize":0}
2026-08-15 20:40:28,617 INFO  [it.uni.reti2.HeartbeatGenerator] (executor-thread-1) 💓 [HEARTBEAT] Invio heartbeat: {"stazioneId":"Padova","stato":"ONLINE","timestamp":"2026-08-15T18:40:28.617033725Z","tipoEvento":"HEARTBEAT","bufferSize":0}
2026-08-15 20:40:38,617 INFO  [it.uni.reti2.HeartbeatGenerator] (executor-thread-1) 💓 [HEARTBEAT] Invio heartbeat: {"stazioneId":"Padova","stato":"ONLINE","timestamp":"2026-08-15T18:40:38.617043063Z","tipoEvento":"HEARTBEAT","bufferSize":0}
2026-08-15 20:40:48,617 INFO  [it.uni.reti2.HeartbeatGenerator] (executor-thread-1) 💓 [HEARTBEAT] Invio heartbeat: {"stazioneId":"Padova","stato":"ONLINE","timestamp":"2026-08-15T18:40:48.617342467Z","tipoEvento":"HEARTBEAT","bufferSize":0}
2026-08-15 20:40:58,617 INFO  [it.uni.reti2.HeartbeatGenerator] (executor-thread-1) 💓 [HEARTBEAT] Invio heartbeat: {"stazioneId":"Padova","stato":"ONLINE","timestamp":"2026-08-15T18:40:58.617070504Z","tipoEvento":"HEARTBEAT","bufferSize":0}
2026-08-15 20:41:08,617 INFO  [it.uni.reti2.HeartbeatGenerator] (executor-thread-1) 💓 [HEARTBEAT] Invio heartbeat: {"stazioneId":"Padova","stato":"ONLINE","timestamp":"2026-08-15T18:41:08.617207745Z","tipoEvento":"HEARTBEAT","bufferSize":0}
2026-08-15 20:41:18,617 INFO  [it.uni.reti2.HeartbeatGenerator] (executor-thread-1) 💓 [HEARTBEAT] Invio heartbeat: {"stazioneId":"Padova","stato":"ONLINE","timestamp":"2026-08-15T18:41:18.617013584Z","tipoEvento":"HEARTBEAT","bufferSize":0}
2026-08-15 20:41:28,617 INFO  [it.uni.reti2.HeartbeatGenerator] (executor-thread-1) 💓 [HEARTBEAT] Invio heartbeat: {"stazioneId":"Padova","stato":"ONLINE","timestamp":"2026-08-15T18:41:28.617426541Z","tipoEvento":"HEARTBEAT","bufferSize":0}
2026-08-15 20:41:38,617 INFO  [it.uni.reti2.HeartbeatGenerator] (executor-thread-1) 💓 [HEARTBEAT] Invio heartbeat: {"stazioneId":"Padova","stato":"ONLINE","timestamp":"2026-08-15T18:41:38.617003730Z","tipoEvento":"HEARTBEAT","bufferSize":0}
2026-08-15 20:41:48,617 INFO  [it.uni.reti2.HeartbeatGenerator] (executor-thread-1) 💓 [HEARTBEAT] Invio heartbeat: {"stazioneId":"Padova","stato":"ONLINE","timestamp":"2026-08-15T18:41:48.617451081Z","tipoEvento":"HEARTBEAT","bufferSize":0}
2026-08-15 20:41:58,617 INFO  [it.uni.reti2.HeartbeatGenerator] (executor-thread-1) 💓 [HEARTBEAT] Invio heartbeat: {"stazioneId":"Padova","stato":"ONLINE","timestamp":"2026-08-15T18:41:58.617710255Z","tipoEvento":"HEARTBEAT","bufferSize":0}
2026-08-15 20:42:08,617 INFO  [it.uni.reti2.HeartbeatGenerator] (executor-thread-1) 💓 [HEARTBEAT] Invio heartbeat: {"stazioneId":"Padova","stato":"ONLINE","timestamp":"2026-08-15T18:42:08.617421877Z","tipoEvento":"HEARTBEAT","bufferSize":0}
2026-08-15 20:42:18,617 INFO  [it.uni.reti2.HeartbeatGenerator] (executor-thread-1) 💓 [HEARTBEAT] Invio heartbeat: {"stazioneId":"Padova","stato":"ONLINE","timestamp":"2026-08-15T18:42:18.617134775Z","tipoEvento":"HEARTBEAT","bufferSize":0}
2026-08-15 20:42:28,617 INFO  [it.uni.reti2.HeartbeatGenerator] (executor-thread-1) 💓 [HEARTBEAT] Invio heartbeat: {"stazioneId":"Padova","stato":"ONLINE","timestamp":"2026-08-15T18:42:28.617475591Z","tipoEvento":"HEARTBEAT","bufferSize":0}
2026-08-15 20:42:38,617 INFO  [it.uni.reti2.HeartbeatGenerator] (executor-thread-1) 💓 [HEARTBEAT] Invio heartbeat: {"stazioneId":"Padova","stato":"ONLINE","timestamp":"2026-08-15T18:42:38.617073487Z","tipoEvento":"HEARTBEAT","bufferSize":0}
2026-08-15 20:42:48,617 INFO  [it.uni.reti2.HeartbeatGenerator] (executor-thread-1) 💓 [HEARTBEAT] Invio heartbeat: {"stazioneId":"Padova","stato":"ONLINE","timestamp":"2026-08-15T18:42:48.617494032Z","tipoEvento":"HEARTBEAT","bufferSize":0}
2026-08-15 20:42:58,617 INFO  [it.uni.reti2.HeartbeatGenerator] (executor-thread-1) 💓 [HEARTBEAT] Invio heartbeat: {"stazioneId":"Padova","stato":"ONLINE","timestamp":"2026-08-15T18:42:58.617515814Z","tipoEvento":"HEARTBEAT","bufferSize":0}
2026-08-15 20:43:08,617 INFO  [it.uni.reti2.HeartbeatGenerator] (executor-thread-1) 💓 [HEARTBEAT] Invio heartbeat: {"stazioneId":"Padova","stato":"ONLINE","timestamp":"2026-08-15T18:43:08.617198141Z","tipoEvento":"HEARTBEAT","bufferSize":0}
2026-08-15 20:43:18,617 INFO  [it.uni.reti2.HeartbeatGenerator] (executor-thread-1) 💓 [HEARTBEAT] Invio heartbeat: {"stazioneId":"Padova","stato":"ONLINE","timestamp":"2026-08-15T18:43:18.617946038Z","tipoEvento":"HEARTBEAT","bufferSize":0}
2026-08-15 20:43:28,617 INFO  [it.uni.reti2.HeartbeatGenerator] (executor-thread-1) 💓 [HEARTBEAT] Invio heartbeat: {"stazioneId":"Padova","stato":"ONLINE","timestamp":"2026-08-15T18:43:28.617508873Z","tipoEvento":"HEARTBEAT","bufferSize":0}
2026-08-15 20:43:38,617 INFO  [it.uni.reti2.HeartbeatGenerator] (executor-thread-1) 💓 [HEARTBEAT] Invio heartbeat: {"stazioneId":"Padova","stato":"ONLINE","timestamp":"2026-08-15T18:43:38.617037797Z","tipoEvento":"HEARTBEAT","bufferSize":0}
2026-08-15 20:43:48,617 INFO  [it.uni.reti2.HeartbeatGenerator] (executor-thread-1) 💓 [HEARTBEAT] Invio heartbeat: {"stazioneId":"Padova","stato":"ONLINE","timestamp":"2026-08-15T18:43:48.617441158Z","tipoEvento":"HEARTBEAT","bufferSize":0}
2026-08-15 20:43:58,617 INFO  [it.uni.reti2.HeartbeatGenerator] (executor-thread-1) 💓 [HEARTBEAT] Invio heartbeat: {"stazioneId":"Padova","stato":"ONLINE","timestamp":"2026-08-15T18:43:58.617043528Z","tipoEvento":"HEARTBEAT","bufferSize":0}
2026-08-15 20:44:08,617 INFO  [it.uni.reti2.HeartbeatGenerator] (executor-thread-1) 💓 [HEARTBEAT] Invio heartbeat: {"stazioneId":"Padova","stato":"ONLINE","timestamp":"2026-08-15T18:44:08.617493154Z","tipoEvento":"HEARTBEAT","bufferSize":0}
2026-08-15 20:44:18,617 INFO  [it.uni.reti2.HeartbeatGenerator] (executor-thread-1) 💓 [HEARTBEAT] Invio heartbeat: {"stazioneId":"Padova","stato":"ONLINE","timestamp":"2026-08-15T18:44:18.616929806Z","tipoEvento":"HEARTBEAT","bufferSize":0}
2026-08-15 20:44:28,617 INFO  [it.uni.reti2.HeartbeatGenerator] (executor-thread-1) 💓 [HEARTBEAT] Invio heartbeat: {"stazioneId":"Padova","stato":"ONLINE","timestamp":"2026-08-15T18:44:28.617522660Z","tipoEvento":"HEARTBEAT","bufferSize":0}
2026-08-15 20:44:38,617 INFO  [it.uni.reti2.HeartbeatGenerator] (executor-thread-1) 💓 [HEARTBEAT] Invio heartbeat: {"stazioneId":"Padova","stato":"ONLINE","timestamp":"2026-08-15T18:44:38.617528598Z","tipoEvento":"HEARTBEAT","bufferSize":0}
2026-08-15 20:44:48,617 INFO  [it.uni.reti2.HeartbeatGenerator] (executor-thread-1) 💓 [HEARTBEAT] Invio heartbeat: {"stazioneId":"Padova","stato":"ONLINE","timestamp":"2026-08-15T18:44:48.617392231Z","tipoEvento":"HEARTBEAT","bufferSize":0}
2026-08-15 20:44:58,617 INFO  [it.uni.reti2.HeartbeatGenerator] (executor-thread-1) 💓 [HEARTBEAT] Invio heartbeat: {"stazioneId":"Padova","stato":"ONLINE","timestamp":"2026-08-15T18:44:58.617305715Z","tipoEvento":"HEARTBEAT","bufferSize":0}
2026-08-15 20:45:08,617 INFO  [it.uni.reti2.HeartbeatGenerator] (executor-thread-1) 💓 [HEARTBEAT] Invio heartbeat: {"stazioneId":"Padova","stato":"ONLINE","timestamp":"2026-08-15T18:45:08.617516837Z","tipoEvento":"HEARTBEAT","bufferSize":0}
2026-08-15 20:45:18,617 INFO  [it.uni.reti2.HeartbeatGenerator] (executor-thread-1) 💓 [HEARTBEAT] Invio heartbeat: {"stazioneId":"Padova","stato":"ONLINE","timestamp":"2026-08-15T18:45:18.617120430Z","tipoEvento":"HEARTBEAT","bufferSize":0}
2026-08-15 20:45:28,617 INFO  [it.uni.reti2.HeartbeatGenerator] (executor-thread-1) 💓 [HEARTBEAT] Invio heartbeat: {"stazioneId":"Padova","stato":"ONLINE","timestamp":"2026-08-15T18:45:28.617464779Z","tipoEvento":"HEARTBEAT","bufferSize":0}
2026-08-15 20:45:38,617 INFO  [it.uni.reti2.HeartbeatGenerator] (executor-thread-1) 💓 [HEARTBEAT] Invio heartbeat: {"stazioneId":"Padova","stato":"ONLINE","timestamp":"2026-08-15T18:45:38.617129232Z","tipoEvento":"HEARTBEAT","bufferSize":0}
2026-08-15 20:45:48,617 INFO  [it.uni.reti2.HeartbeatGenerator] (executor-thread-1) 💓 [HEARTBEAT] Invio heartbeat: {"stazioneId":"Padova","stato":"ONLINE","timestamp":"2026-08-15T18:45:48.617376696Z","tipoEvento":"HEARTBEAT","bufferSize":0}
2026-08-15 20:45:58,617 INFO  [it.uni.reti2.HeartbeatGenerator] (executor-thread-1) 💓 [HEARTBEAT] Invio heartbeat: {"stazioneId":"Padova","stato":"ONLINE","timestamp":"2026-08-15T18:45:58.617450153Z","tipoEvento":"HEARTBEAT","bufferSize":0}
2026-08-15 20:46:08,617 INFO  [it.uni.reti2.HeartbeatGenerator] (executor-thread-1) 💓 [HEARTBEAT] Invio heartbeat: {"stazioneId":"Padova","stato":"ONLINE","timestamp":"2026-08-15T18:46:08.617460435Z","tipoEvento":"HEARTBEAT","bufferSize":0}
2026-08-15 20:46:18,617 INFO  [it.uni.reti2.HeartbeatGenerator] (executor-thread-1) 💓 [HEARTBEAT] Invio heartbeat: {"stazioneId":"Padova","stato":"ONLINE","timestamp":"2026-08-15T18:46:18.617128453Z","tipoEvento":"HEARTBEAT","bufferSize":0}
2026-08-15 20:46:28,617 INFO  [it.uni.reti2.HeartbeatGenerator] (executor-thread-1) 💓 [HEARTBEAT] Invio heartbeat: {"stazioneId":"Padova","stato":"ONLINE","timestamp":"2026-08-15T18:46:28.617073062Z","tipoEvento":"HEARTBEAT","bufferSize":0}
2026-08-15 20:46:38,617 INFO  [it.uni.reti2.HeartbeatGenerator] (executor-thread-1) 💓 [HEARTBEAT] Invio heartbeat: {"stazioneId":"Padova","stato":"ONLINE","timestamp":"2026-08-15T18:46:38.617015852Z","tipoEvento":"HEARTBEAT","bufferSize":0}
2026-08-15 20:46:48,617 INFO  [it.uni.reti2.HeartbeatGenerator] (executor-thread-1) 💓 [HEARTBEAT] Invio heartbeat: {"stazioneId":"Padova","stato":"ONLINE","timestamp":"2026-08-15T18:46:48.617045435Z","tipoEvento":"HEARTBEAT","bufferSize":0}
2026-08-15 20:46:58,617 INFO  [it.uni.reti2.HeartbeatGenerator] (executor-thread-1) 💓 [HEARTBEAT] Invio heartbeat: {"stazioneId":"Padova","stato":"ONLINE","timestamp":"2026-08-15T18:46:58.617032187Z","tipoEvento":"HEARTBEAT","bufferSize":0}
2026-08-15 20:47:08,617 INFO  [it.uni.reti2.HeartbeatGenerator] (executor-thread-1) 💓 [HEARTBEAT] Invio heartbeat: {"stazioneId":"Padova","stato":"ONLINE","timestamp":"2026-08-15T18:47:08.617311341Z","tipoEvento":"HEARTBEAT","bufferSize":0}
2026-08-15 20:47:18,617 INFO  [it.uni.reti2.HeartbeatGenerator] (executor-thread-1) 💓 [HEARTBEAT] Invio heartbeat: {"stazioneId":"Padova","stato":"ONLINE","timestamp":"2026-08-15T18:47:18.617249063Z","tipoEvento":"HEARTBEAT","bufferSize":0}
2026-08-15 20:47:28,617 INFO  [it.uni.reti2.HeartbeatGenerator] (executor-thread-1) 💓 [HEARTBEAT] Invio heartbeat: {"stazioneId":"Padova","stato":"ONLINE","timestamp":"2026-08-15T18:47:28.617380608Z","tipoEvento":"HEARTBEAT","bufferSize":0}
2026-08-15 20:47:38,617 INFO  [it.uni.reti2.HeartbeatGenerator] (executor-thread-1) 💓 [HEARTBEAT] Invio heartbeat: {"stazioneId":"Padova","stato":"ONLINE","timestamp":"2026-08-15T18:47:38.617307921Z","tipoEvento":"HEARTBEAT","bufferSize":0}
2026-08-15 20:47:48,617 INFO  [it.uni.reti2.HeartbeatGenerator] (executor-thread-1) 💓 [HEARTBEAT] Invio heartbeat: {"stazioneId":"Padova","stato":"ONLINE","timestamp":"2026-08-15T18:47:48.617052483Z","tipoEvento":"HEARTBEAT","bufferSize":0}
2026-08-15 20:47:58,617 INFO  [it.uni.reti2.HeartbeatGenerator] (executor-thread-1) 💓 [HEARTBEAT] Invio heartbeat: {"stazioneId":"Padova","stato":"ONLINE","timestamp":"2026-08-15T18:47:58.617448753Z","tipoEvento":"HEARTBEAT","bufferSize":0}
2026-08-15 20:48:08,617 INFO  [it.uni.reti2.HeartbeatGenerator] (executor-thread-1) 💓 [HEARTBEAT] Invio heartbeat: {"stazioneId":"Padova","stato":"ONLINE","timestamp":"2026-08-15T18:48:08.617076749Z","tipoEvento":"HEARTBEAT","bufferSize":0}
2026-08-15 20:48:18,617 INFO  [it.uni.reti2.HeartbeatGenerator] (executor-thread-1) 💓 [HEARTBEAT] Invio heartbeat: {"stazioneId":"Padova","stato":"ONLINE","timestamp":"2026-08-15T18:48:18.617051007Z","tipoEvento":"HEARTBEAT","bufferSize":0}
2026-08-15 20:48:28,617 INFO  [it.uni.reti2.HeartbeatGenerator] (executor-thread-1) 💓 [HEARTBEAT] Invio heartbeat: {"stazioneId":"Padova","stato":"ONLINE","timestamp":"2026-08-15T18:48:28.617349311Z","tipoEvento":"HEARTBEAT","bufferSize":0}
2026-08-15 20:48:38,617 INFO  [it.uni.reti2.HeartbeatGenerator] (executor-thread-1) 💓 [HEARTBEAT] Invio heartbeat: {"stazioneId":"Padova","stato":"ONLINE","timestamp":"2026-08-15T18:48:38.617330597Z","tipoEvento":"HEARTBEAT","bufferSize":0}
2026-08-15 20:48:48,617 INFO  [it.uni.reti2.HeartbeatGenerator] (executor-thread-1) 💓 [HEARTBEAT] Invio heartbeat: {"stazioneId":"Padova","stato":"ONLINE","timestamp":"2026-08-15T18:48:48.617037275Z","tipoEvento":"HEARTBEAT","bufferSize":0}
2026-08-15 20:48:58,617 INFO  [it.uni.reti2.HeartbeatGenerator] (executor-thread-1) 💓 [HEARTBEAT] Invio heartbeat: {"stazioneId":"Padova","stato":"ONLINE","timestamp":"2026-08-15T18:48:58.617169443Z","tipoEvento":"HEARTBEAT","bufferSize":0}
2026-08-15 20:49:08,617 INFO  [it.uni.reti2.HeartbeatGenerator] (executor-thread-1) 💓 [HEARTBEAT] Invio heartbeat: {"stazioneId":"Padova","stato":"ONLINE","timestamp":"2026-08-15T18:49:08.617305679Z","tipoEvento":"HEARTBEAT","bufferSize":0}
2026-08-15 20:49:18,617 INFO  [it.uni.reti2.HeartbeatGenerator] (executor-thread-1) 💓 [HEARTBEAT] Invio heartbeat: {"stazioneId":"Padova","stato":"ONLINE","timestamp":"2026-08-15T18:49:18.617323804Z","tipoEvento":"HEARTBEAT","bufferSize":0}
2026-08-15 20:49:28,617 INFO  [it.uni.reti2.HeartbeatGenerator] (executor-thread-1) 💓 [HEARTBEAT] Invio heartbeat: {"stazioneId":"Padova","stato":"ONLINE","timestamp":"2026-08-15T18:49:28.616987053Z","tipoEvento":"HEARTBEAT","bufferSize":0}
2026-08-15 20:49:38,616 INFO  [it.uni.reti2.HeartbeatGenerator] (executor-thread-1) 💓 [HEARTBEAT] Invio heartbeat: {"stazioneId":"Padova","stato":"ONLINE","timestamp":"2026-08-15T18:49:38.616894342Z","tipoEvento":"HEARTBEAT","bufferSize":0}
2026-08-15 20:49:48,617 INFO  [it.uni.reti2.HeartbeatGenerator] (executor-thread-1) 💓 [HEARTBEAT] Invio heartbeat: {"stazioneId":"Padova","stato":"ONLINE","timestamp":"2026-08-15T18:49:48.617090303Z","tipoEvento":"HEARTBEAT","bufferSize":0}
2026-08-15 20:49:58,616 INFO  [it.uni.reti2.HeartbeatGenerator] (executor-thread-1) 💓 [HEARTBEAT] Invio heartbeat: {"stazioneId":"Padova","stato":"ONLINE","timestamp":"2026-08-15T18:49:58.616888789Z","tipoEvento":"HEARTBEAT","bufferSize":0}
2026-08-15 20:50:08,616 INFO  [it.uni.reti2.HeartbeatGenerator] (executor-thread-1) 💓 [HEARTBEAT] Invio heartbeat: {"stazioneId":"Padova","stato":"ONLINE","timestamp":"2026-08-15T18:50:08.616872550Z","tipoEvento":"HEARTBEAT","bufferSize":0}
2026-08-15 20:50:18,617 INFO  [it.uni.reti2.HeartbeatGenerator] (executor-thread-1) 💓 [HEARTBEAT] Invio heartbeat: {"stazioneId":"Padova","stato":"ONLINE","timestamp":"2026-08-15T18:50:18.617122052Z","tipoEvento":"HEARTBEAT","bufferSize":0}
2026-08-15 20:50:28,617 INFO  [it.uni.reti2.HeartbeatGenerator] (executor-thread-1) 💓 [HEARTBEAT] Invio heartbeat: {"stazioneId":"Padova","stato":"ONLINE","timestamp":"2026-08-15T18:50:28.617040312Z","tipoEvento":"HEARTBEAT","bufferSize":0}
2026-08-15 20:50:38,617 INFO  [it.uni.reti2.HeartbeatGenerator] (executor-thread-1) 💓 [HEARTBEAT] Invio heartbeat: {"stazioneId":"Padova","stato":"ONLINE","timestamp":"2026-08-15T18:50:38.617057511Z","tipoEvento":"HEARTBEAT","bufferSize":0}
2026-08-15 20:50:48,617 INFO  [it.uni.reti2.HeartbeatGenerator] (executor-thread-1) 💓 [HEARTBEAT] Invio heartbeat: {"stazioneId":"Padova","stato":"ONLINE","timestamp":"2026-08-15T18:50:48.617403281Z","tipoEvento":"HEARTBEAT","bufferSize":0}
2026-08-15 20:50:58,617 INFO  [it.uni.reti2.HeartbeatGenerator] (executor-thread-1) 💓 [HEARTBEAT] Invio heartbeat: {"stazioneId":"Padova","stato":"ONLINE","timestamp":"2026-08-15T18:50:58.617588307Z","tipoEvento":"HEARTBEAT","bufferSize":0}
2026-08-15 20:51:08,617 INFO  [it.uni.reti2.HeartbeatGenerator] (executor-thread-1) 💓 [HEARTBEAT] Invio heartbeat: {"stazioneId":"Padova","stato":"ONLINE","timestamp":"2026-08-15T18:51:08.617232380Z","tipoEvento":"HEARTBEAT","bufferSize":0}
2026-08-15 20:51:18,617 INFO  [it.uni.reti2.HeartbeatGenerator] (executor-thread-1) 💓 [HEARTBEAT] Invio heartbeat: {"stazioneId":"Padova","stato":"ONLINE","timestamp":"2026-08-15T18:51:18.617299203Z","tipoEvento":"HEARTBEAT","bufferSize":0}
2026-08-15 20:51:28,616 INFO  [it.uni.reti2.HeartbeatGenerator] (executor-thread-1) 💓 [HEARTBEAT] Invio heartbeat: {"stazioneId":"Padova","stato":"ONLINE","timestamp":"2026-08-15T18:51:28.616889827Z","tipoEvento":"HEARTBEAT","bufferSize":0}
2026-08-15 20:51:38,617 INFO  [it.uni.reti2.HeartbeatGenerator] (executor-thread-1) 💓 [HEARTBEAT] Invio heartbeat: {"stazioneId":"Padova","stato":"ONLINE","timestamp":"2026-08-15T18:51:38.617023259Z","tipoEvento":"HEARTBEAT","bufferSize":0}
2026-08-15 20:51:48,617 INFO  [it.uni.reti2.HeartbeatGenerator] (executor-thread-1) 💓 [HEARTBEAT] Invio heartbeat: {"stazioneId":"Padova","stato":"ONLINE","timestamp":"2026-08-15T18:51:48.617332128Z","tipoEvento":"HEARTBEAT","bufferSize":0}
2026-08-15 20:51:58,617 INFO  [it.uni.reti2.HeartbeatGenerator] (executor-thread-1) 💓 [HEARTBEAT] Invio heartbeat: {"stazioneId":"Padova","stato":"ONLINE","timestamp":"2026-08-15T18:51:58.617293922Z","tipoEvento":"HEARTBEAT","bufferSize":0}
2026-08-15 20:52:08,616 INFO  [it.uni.reti2.HeartbeatGenerator] (executor-thread-1) 💓 [HEARTBEAT] Invio heartbeat: {"stazioneId":"Padova","stato":"ONLINE","timestamp":"2026-08-15T18:52:08.616965454Z","tipoEvento":"HEARTBEAT","bufferSize":0}
2026-08-15 20:52:18,617 INFO  [it.uni.reti2.HeartbeatGenerator] (executor-thread-1) 💓 [HEARTBEAT] Invio heartbeat: {"stazioneId":"Padova","stato":"ONLINE","timestamp":"2026-08-15T18:52:18.617559996Z","tipoEvento":"HEARTBEAT","bufferSize":0}
2026-08-15 20:52:28,617 INFO  [it.uni.reti2.HeartbeatGenerator] (executor-thread-1) 💓 [HEARTBEAT] Invio heartbeat: {"stazioneId":"Padova","stato":"ONLINE","timestamp":"2026-08-15T18:52:28.617021853Z","tipoEvento":"HEARTBEAT","bufferSize":0}
2026-08-15 20:52:38,617 INFO  [it.uni.reti2.HeartbeatGenerator] (executor-thread-1) 💓 [HEARTBEAT] Invio heartbeat: {"stazioneId":"Padova","stato":"ONLINE","timestamp":"2026-08-15T18:52:38.617125228Z","tipoEvento":"HEARTBEAT","bufferSize":0}
2026-08-15 20:52:48,616 INFO  [it.uni.reti2.HeartbeatGenerator] (executor-thread-1) 💓 [HEARTBEAT] Invio heartbeat: {"stazioneId":"Padova","stato":"ONLINE","timestamp":"2026-08-15T18:52:48.616923231Z","tipoEvento":"HEARTBEAT","bufferSize":0}
2026-08-15 20:52:58,616 INFO  [it.uni.reti2.HeartbeatGenerator] (executor-thread-1) 💓 [HEARTBEAT] Invio heartbeat: {"stazioneId":"Padova","stato":"ONLINE","timestamp":"2026-08-15T18:52:58.616923079Z","tipoEvento":"HEARTBEAT","bufferSize":0}
2026-08-15 20:53:08,617 INFO  [it.uni.reti2.HeartbeatGenerator] (executor-thread-1) 💓 [HEARTBEAT] Invio heartbeat: {"stazioneId":"Padova","stato":"ONLINE","timestamp":"2026-08-15T18:53:08.617053936Z","tipoEvento":"HEARTBEAT","bufferSize":0}
2026-08-15 20:53:18,617 INFO  [it.uni.reti2.HeartbeatGenerator] (executor-thread-1) 💓 [HEARTBEAT] Invio heartbeat: {"stazioneId":"Padova","stato":"ONLINE","timestamp":"2026-08-15T18:53:18.616930627Z","tipoEvento":"HEARTBEAT","bufferSize":0}
2026-08-15 20:53:28,617 INFO  [it.uni.reti2.HeartbeatGenerator] (executor-thread-1) 💓 [HEARTBEAT] Invio heartbeat: {"stazioneId":"Padova","stato":"ONLINE","timestamp":"2026-08-15T18:53:28.617022294Z","tipoEvento":"HEARTBEAT","bufferSize":0}
2026-08-15 20:53:38,617 INFO  [it.uni.reti2.HeartbeatGenerator] (executor-thread-1) 💓 [HEARTBEAT] Invio heartbeat: {"stazioneId":"Padova","stato":"ONLINE","timestamp":"2026-08-15T18:53:38.616985707Z","tipoEvento":"HEARTBEAT","bufferSize":0}
2026-08-15 20:53:48,617 INFO  [it.uni.reti2.HeartbeatGenerator] (executor-thread-1) 💓 [HEARTBEAT] Invio heartbeat: {"stazioneId":"Padova","stato":"ONLINE","timestamp":"2026-08-15T18:53:48.616970871Z","tipoEvento":"HEARTBEAT","bufferSize":0}
2026-08-15 20:53:58,617 INFO  [it.uni.reti2.HeartbeatGenerator] (executor-thread-1) 💓 [HEARTBEAT] Invio heartbeat: {"stazioneId":"Padova","stato":"ONLINE","timestamp":"2026-08-15T18:53:58.616926311Z","tipoEvento":"HEARTBEAT","bufferSize":0}
2026-08-15 20:54:08,616 INFO  [it.uni.reti2.HeartbeatGenerator] (executor-thread-1) 💓 [HEARTBEAT] Invio heartbeat: {"stazioneId":"Padova","stato":"ONLINE","timestamp":"2026-08-15T18:54:08.616918204Z","tipoEvento":"HEARTBEAT","bufferSize":0}
2026-08-15 20:54:18,617 INFO  [it.uni.reti2.HeartbeatGenerator] (executor-thread-1) 💓 [HEARTBEAT] Invio heartbeat: {"stazioneId":"Padova","stato":"ONLINE","timestamp":"2026-08-15T18:54:18.617166745Z","tipoEvento":"HEARTBEAT","bufferSize":0}
2026-08-15 20:54:28,616 INFO  [it.uni.reti2.HeartbeatGenerator] (executor-thread-1) 💓 [HEARTBEAT] Invio heartbeat: {"stazioneId":"Padova","stato":"ONLINE","timestamp":"2026-08-15T18:54:28.616876597Z","tipoEvento":"HEARTBEAT","bufferSize":0}
2026-08-15 20:54:38,617 INFO  [it.uni.reti2.HeartbeatGenerator] (executor-thread-1) 💓 [HEARTBEAT] Invio heartbeat: {"stazioneId":"Padova","stato":"ONLINE","timestamp":"2026-08-15T18:54:38.617026710Z","tipoEvento":"HEARTBEAT","bufferSize":0}
2026-08-15 20:54:48,617 INFO  [it.uni.reti2.HeartbeatGenerator] (executor-thread-1) 💓 [HEARTBEAT] Invio heartbeat: {"stazioneId":"Padova","stato":"ONLINE","timestamp":"2026-08-15T18:54:48.616971043Z","tipoEvento":"HEARTBEAT","bufferSize":0}
2026-08-15 20:54:58,616 INFO  [it.uni.reti2.HeartbeatGenerator] (executor-thread-1) 💓 [HEARTBEAT] Invio heartbeat: {"stazioneId":"Padova","stato":"ONLINE","timestamp":"2026-08-15T18:54:58.616881868Z","tipoEvento":"HEARTBEAT","bufferSize":0}
2026-08-15 20:55:08,617 INFO  [it.uni.reti2.HeartbeatGenerator] (executor-thread-1) 💓 [HEARTBEAT] Invio heartbeat: {"stazioneId":"Padova","stato":"ONLINE","timestamp":"2026-08-15T18:55:08.616931096Z","tipoEvento":"HEARTBEAT","bufferSize":0}
2026-08-15 20:55:18,617 INFO  [it.uni.reti2.HeartbeatGenerator] (executor-thread-1) 💓 [HEARTBEAT] Invio heartbeat: {"stazioneId":"Padova","stato":"ONLINE","timestamp":"2026-08-15T18:55:18.617029555Z","tipoEvento":"HEARTBEAT","bufferSize":0}
2026-08-15 20:55:28,617 INFO  [it.uni.reti2.HeartbeatGenerator] (executor-thread-1) 💓 [HEARTBEAT] Invio heartbeat: {"stazioneId":"Padova","stato":"ONLINE","timestamp":"2026-08-15T18:55:28.616979026Z","tipoEvento":"HEARTBEAT","bufferSize":0}
2026-08-15 20:55:38,617 INFO  [it.uni.reti2.HeartbeatGenerator] (executor-thread-1) 💓 [HEARTBEAT] Invio heartbeat: {"stazioneId":"Padova","stato":"ONLINE","timestamp":"2026-08-15T18:55:38.617352510Z","tipoEvento":"HEARTBEAT","bufferSize":0}
2026-08-15 20:55:48,617 INFO  [it.uni.reti2.HeartbeatGenerator] (executor-thread-1) 💓 [HEARTBEAT] Invio heartbeat: {"stazioneId":"Padova","stato":"ONLINE","timestamp":"2026-08-15T18:55:48.617447116Z","tipoEvento":"HEARTBEAT","bufferSize":0}
2026-08-15 20:55:58,617 INFO  [it.uni.reti2.HeartbeatGenerator] (executor-thread-1) 💓 [HEARTBEAT] Invio heartbeat: {"stazioneId":"Padova","stato":"ONLINE","timestamp":"2026-08-15T18:55:58.617016113Z","tipoEvento":"HEARTBEAT","bufferSize":0}
2026-08-15 20:56:08,616 INFO  [it.uni.reti2.HeartbeatGenerator] (executor-thread-1) 💓 [HEARTBEAT] Invio heartbeat: {"stazioneId":"Padova","stato":"ONLINE","timestamp":"2026-08-15T18:56:08.616922742Z","tipoEvento":"HEARTBEAT","bufferSize":0}
2026-08-15 20:56:18,617 INFO  [it.uni.reti2.HeartbeatGenerator] (executor-thread-1) 💓 [HEARTBEAT] Invio heartbeat: {"stazioneId":"Padova","stato":"ONLINE","timestamp":"2026-08-15T18:56:18.617382367Z","tipoEvento":"HEARTBEAT","bufferSize":0}
2026-08-15 20:56:28,617 INFO  [it.uni.reti2.HeartbeatGenerator] (executor-thread-1) 💓 [HEARTBEAT] Invio heartbeat: {"stazioneId":"Padova","stato":"ONLINE","timestamp":"2026-08-15T18:56:28.617256045Z","tipoEvento":"HEARTBEAT","bufferSize":0}
2026-08-15 20:56:38,617 INFO  [it.uni.reti2.HeartbeatGenerator] (executor-thread-1) 💓 [HEARTBEAT] Invio heartbeat: {"stazioneId":"Padova","stato":"ONLINE","timestamp":"2026-08-15T18:56:38.617339498Z","tipoEvento":"HEARTBEAT","bufferSize":0}
2026-08-15 20:56:48,617 INFO  [it.uni.reti2.HeartbeatGenerator] (executor-thread-1) 💓 [HEARTBEAT] Invio heartbeat: {"stazioneId":"Padova","stato":"ONLINE","timestamp":"2026-08-15T18:56:48.617008851Z","tipoEvento":"HEARTBEAT","bufferSize":0}
2026-08-15 20:56:58,617 INFO  [it.uni.reti2.HeartbeatGenerator] (executor-thread-1) 💓 [HEARTBEAT] Invio heartbeat: {"stazioneId":"Padova","stato":"ONLINE","timestamp":"2026-08-15T18:56:58.617055839Z","tipoEvento":"HEARTBEAT","bufferSize":0}
2026-08-15 20:57:08,616 INFO  [it.uni.reti2.HeartbeatGenerator] (executor-thread-1) 💓 [HEARTBEAT] Invio heartbeat: {"stazioneId":"Padova","stato":"ONLINE","timestamp":"2026-08-15T18:57:08.616937879Z","tipoEvento":"HEARTBEAT","bufferSize":0}
2026-08-15 20:57:18,617 INFO  [it.uni.reti2.HeartbeatGenerator] (executor-thread-1) 💓 [HEARTBEAT] Invio heartbeat: {"stazioneId":"Padova","stato":"ONLINE","timestamp":"2026-08-15T18:57:18.616978222Z","tipoEvento":"HEARTBEAT","bufferSize":0}
2026-08-15 20:57:28,617 INFO  [it.uni.reti2.HeartbeatGenerator] (executor-thread-1) 💓 [HEARTBEAT] Invio heartbeat: {"stazioneId":"Padova","stato":"ONLINE","timestamp":"2026-08-15T18:57:28.617025140Z","tipoEvento":"HEARTBEAT","bufferSize":0}
2026-08-15 20:57:38,616 INFO  [it.uni.reti2.HeartbeatGenerator] (executor-thread-1) 💓 [HEARTBEAT] Invio heartbeat: {"stazioneId":"Padova","stato":"ONLINE","timestamp":"2026-08-15T18:57:38.616903522Z","tipoEvento":"HEARTBEAT","bufferSize":0}
2026-08-15 20:57:48,617 INFO  [it.uni.reti2.HeartbeatGenerator] (executor-thread-1) 💓 [HEARTBEAT] Invio heartbeat: {"stazioneId":"Padova","stato":"ONLINE","timestamp":"2026-08-15T18:57:48.617050083Z","tipoEvento":"HEARTBEAT","bufferSize":0}
2026-08-15 20:57:58,616 INFO  [it.uni.reti2.HeartbeatGenerator] (executor-thread-1) 💓 [HEARTBEAT] Invio heartbeat: {"stazioneId":"Padova","stato":"ONLINE","timestamp":"2026-08-15T18:57:58.616960681Z","tipoEvento":"HEARTBEAT","bufferSize":0}
2026-08-15 20:58:08,617 INFO  [it.uni.reti2.HeartbeatGenerator] (executor-thread-1) 💓 [HEARTBEAT] Invio heartbeat: {"stazioneId":"Padova","stato":"ONLINE","timestamp":"2026-08-15T18:58:08.616983212Z","tipoEvento":"HEARTBEAT","bufferSize":0}
2026-08-15 20:58:18,617 INFO  [it.uni.reti2.HeartbeatGenerator] (executor-thread-1) 💓 [HEARTBEAT] Invio heartbeat: {"stazioneId":"Padova","stato":"ONLINE","timestamp":"2026-08-15T18:58:18.617047622Z","tipoEvento":"HEARTBEAT","bufferSize":0}
2026-08-15 20:58:28,617 INFO  [it.uni.reti2.HeartbeatGenerator] (executor-thread-1) 💓 [HEARTBEAT] Invio heartbeat: {"stazioneId":"Padova","stato":"ONLINE","timestamp":"2026-08-15T18:58:28.617021875Z","tipoEvento":"HEARTBEAT","bufferSize":0}
2026-08-15 20:58:38,617 INFO  [it.uni.reti2.HeartbeatGenerator] (executor-thread-1) 💓 [HEARTBEAT] Invio heartbeat: {"stazioneId":"Padova","stato":"ONLINE","timestamp":"2026-08-15T18:58:38.616991392Z","tipoEvento":"HEARTBEAT","bufferSize":0}
2026-08-15 20:58:48,617 INFO  [it.uni.reti2.HeartbeatGenerator] (executor-thread-1) 💓 [HEARTBEAT] Invio heartbeat: {"stazioneId":"Padova","stato":"ONLINE","timestamp":"2026-08-15T18:58:48.617027736Z","tipoEvento":"HEARTBEAT","bufferSize":0}
2026-08-15 20:58:58,617 INFO  [it.uni.reti2.HeartbeatGenerator] (executor-thread-1) 💓 [HEARTBEAT] Invio heartbeat: {"stazioneId":"Padova","stato":"ONLINE","timestamp":"2026-08-15T18:58:58.617022513Z","tipoEvento":"HEARTBEAT","bufferSize":0}
2026-08-15 20:59:08,617 INFO  [it.uni.reti2.HeartbeatGenerator] (executor-thread-1) 💓 [HEARTBEAT] Invio heartbeat: {"stazioneId":"Padova","stato":"ONLINE","timestamp":"2026-08-15T18:59:08.617004046Z","tipoEvento":"HEARTBEAT","bufferSize":0}
2026-08-15 20:59:18,617 INFO  [it.uni.reti2.HeartbeatGenerator] (executor-thread-1) 💓 [HEARTBEAT] Invio heartbeat: {"stazioneId":"Padova","stato":"ONLINE","timestamp":"2026-08-15T18:59:18.616961663Z","tipoEvento":"HEARTBEAT","bufferSize":0}
2026-08-15 20:59:28,617 INFO  [it.uni.reti2.HeartbeatGenerator] (executor-thread-1) 💓 [HEARTBEAT] Invio heartbeat: {"stazioneId":"Padova","stato":"ONLINE","timestamp":"2026-08-15T18:59:28.616982372Z","tipoEvento":"HEARTBEAT","bufferSize":0}
2026-08-15 20:59:38,616 INFO  [it.uni.reti2.HeartbeatGenerator] (executor-thread-1) 💓 [HEARTBEAT] Invio heartbeat: {"stazioneId":"Padova","stato":"ONLINE","timestamp":"2026-08-15T18:59:38.616960558Z","tipoEvento":"HEARTBEAT","bufferSize":0}
2026-08-15 20:59:48,617 INFO  [it.uni.reti2.HeartbeatGenerator] (executor-thread-1) 💓 [HEARTBEAT] Invio heartbeat: {"stazioneId":"Padova","stato":"ONLINE","timestamp":"2026-08-15T18:59:48.617657935Z","tipoEvento":"HEARTBEAT","bufferSize":0}
2026-08-15 20:59:58,616 INFO  [it.uni.reti2.HeartbeatGenerator] (executor-thread-1) 💓 [HEARTBEAT] Invio heartbeat: {"stazioneId":"Padova","stato":"ONLINE","timestamp":"2026-08-15T18:59:58.616963348Z","tipoEvento":"HEARTBEAT","bufferSize":0}
2026-08-15 21:00:08,617 INFO  [it.uni.reti2.HeartbeatGenerator] (executor-thread-1) 💓 [HEARTBEAT] Invio heartbeat: {"stazioneId":"Padova","stato":"ONLINE","timestamp":"2026-08-15T19:00:08.616938487Z","tipoEvento":"HEARTBEAT","bufferSize":0}
2026-08-15 21:00:18,617 INFO  [it.uni.reti2.HeartbeatGenerator] (executor-thread-1) 💓 [HEARTBEAT] Invio heartbeat: {"stazioneId":"Padova","stato":"ONLINE","timestamp":"2026-08-15T19:00:18.617473947Z","tipoEvento":"HEARTBEAT","bufferSize":0}
2026-08-15 21:00:28,617 INFO  [it.uni.reti2.HeartbeatGenerator] (executor-thread-1) 💓 [HEARTBEAT] Invio heartbeat: {"stazioneId":"Padova","stato":"ONLINE","timestamp":"2026-08-15T19:00:28.617056051Z","tipoEvento":"HEARTBEAT","bufferSize":0}
2026-08-15 21:00:38,617 INFO  [it.uni.reti2.HeartbeatGenerator] (executor-thread-1) 💓 [HEARTBEAT] Invio heartbeat: {"stazioneId":"Padova","stato":"ONLINE","timestamp":"2026-08-15T19:00:38.617385214Z","tipoEvento":"HEARTBEAT","bufferSize":0}
2026-08-15 21:00:48,617 INFO  [it.uni.reti2.HeartbeatGenerator] (executor-thread-1) 💓 [HEARTBEAT] Invio heartbeat: {"stazioneId":"Padova","stato":"ONLINE","timestamp":"2026-08-15T19:00:48.617010832Z","tipoEvento":"HEARTBEAT","bufferSize":0}
2026-08-15 21:00:58,617 INFO  [it.uni.reti2.HeartbeatGenerator] (executor-thread-1) 💓 [HEARTBEAT] Invio heartbeat: {"stazioneId":"Padova","stato":"ONLINE","timestamp":"2026-08-15T19:00:58.617034854Z","tipoEvento":"HEARTBEAT","bufferSize":0}
2026-08-15 21:01:08,617 INFO  [it.uni.reti2.HeartbeatGenerator] (executor-thread-1) 💓 [HEARTBEAT] Invio heartbeat: {"stazioneId":"Padova","stato":"ONLINE","timestamp":"2026-08-15T19:01:08.616965089Z","tipoEvento":"HEARTBEAT","bufferSize":0}
2026-08-15 21:01:18,616 INFO  [it.uni.reti2.HeartbeatGenerator] (executor-thread-1) 💓 [HEARTBEAT] Invio heartbeat: {"stazioneId":"Padova","stato":"ONLINE","timestamp":"2026-08-15T19:01:18.616882249Z","tipoEvento":"HEARTBEAT","bufferSize":0}
2026-08-15 21:01:28,617 INFO  [it.uni.reti2.HeartbeatGenerator] (executor-thread-1) 💓 [HEARTBEAT] Invio heartbeat: {"stazioneId":"Padova","stato":"ONLINE","timestamp":"2026-08-15T19:01:28.617498972Z","tipoEvento":"HEARTBEAT","bufferSize":0}
2026-08-15 21:01:38,617 INFO  [it.uni.reti2.HeartbeatGenerator] (executor-thread-1) 💓 [HEARTBEAT] Invio heartbeat: {"stazioneId":"Padova","stato":"ONLINE","timestamp":"2026-08-15T19:01:38.617411865Z","tipoEvento":"HEARTBEAT","bufferSize":0}
2026-08-15 21:01:48,618 INFO  [it.uni.reti2.HeartbeatGenerator] (executor-thread-1) 💓 [HEARTBEAT] Invio heartbeat: {"stazioneId":"Padova","stato":"ONLINE","timestamp":"2026-08-15T19:01:48.618156151Z","tipoEvento":"HEARTBEAT","bufferSize":0}
2026-08-15 21:01:58,617 INFO  [it.uni.reti2.HeartbeatGenerator] (executor-thread-1) 💓 [HEARTBEAT] Invio heartbeat: {"stazioneId":"Padova","stato":"ONLINE","timestamp":"2026-08-15T19:01:58.617311076Z","tipoEvento":"HEARTBEAT","bufferSize":0}
2026-08-15 21:02:08,617 INFO  [it.uni.reti2.HeartbeatGenerator] (executor-thread-1) 💓 [HEARTBEAT] Invio heartbeat: {"stazioneId":"Padova","stato":"ONLINE","timestamp":"2026-08-15T19:02:08.616995912Z","tipoEvento":"HEARTBEAT","bufferSize":0}
2026-08-15 21:02:18,617 INFO  [it.uni.reti2.HeartbeatGenerator] (executor-thread-1) 💓 [HEARTBEAT] Invio heartbeat: {"stazioneId":"Padova","stato":"ONLINE","timestamp":"2026-08-15T19:02:18.617440080Z","tipoEvento":"HEARTBEAT","bufferSize":0}
2026-08-15 21:02:28,616 INFO  [it.uni.reti2.HeartbeatGenerator] (executor-thread-1) 💓 [HEARTBEAT] Invio heartbeat: {"stazioneId":"Padova","stato":"ONLINE","timestamp":"2026-08-15T19:02:28.616917468Z","tipoEvento":"HEARTBEAT","bufferSize":0}
2026-08-15 21:02:38,617 INFO  [it.uni.reti2.HeartbeatGenerator] (executor-thread-1) 💓 [HEARTBEAT] Invio heartbeat: {"stazioneId":"Padova","stato":"ONLINE","timestamp":"2026-08-15T19:02:38.617265887Z","tipoEvento":"HEARTBEAT","bufferSize":0}
2026-08-15 21:02:48,617 INFO  [it.uni.reti2.HeartbeatGenerator] (executor-thread-1) 💓 [HEARTBEAT] Invio heartbeat: {"stazioneId":"Padova","stato":"ONLINE","timestamp":"2026-08-15T19:02:48.617297951Z","tipoEvento":"HEARTBEAT","bufferSize":0}
2026-08-15 21:02:58,617 INFO  [it.uni.reti2.HeartbeatGenerator] (executor-thread-1) 💓 [HEARTBEAT] Invio heartbeat: {"stazioneId":"Padova","stato":"ONLINE","timestamp":"2026-08-15T19:02:58.617020124Z","tipoEvento":"HEARTBEAT","bufferSize":0}
2026-08-15 21:03:08,617 INFO  [it.uni.reti2.HeartbeatGenerator] (executor-thread-1) 💓 [HEARTBEAT] Invio heartbeat: {"stazioneId":"Padova","stato":"ONLINE","timestamp":"2026-08-15T19:03:08.617265265Z","tipoEvento":"HEARTBEAT","bufferSize":0}
2026-08-15 21:03:18,616 INFO  [it.uni.reti2.HeartbeatGenerator] (executor-thread-1) 💓 [HEARTBEAT] Invio heartbeat: {"stazioneId":"Padova","stato":"ONLINE","timestamp":"2026-08-15T19:03:18.616941728Z","tipoEvento":"HEARTBEAT","bufferSize":0}
2026-08-15 21:03:28,617 INFO  [it.uni.reti2.HeartbeatGenerator] (executor-thread-1) 💓 [HEARTBEAT] Invio heartbeat: {"stazioneId":"Padova","stato":"ONLINE","timestamp":"2026-08-15T19:03:28.617018425Z","tipoEvento":"HEARTBEAT","bufferSize":0}
2026-08-15 21:03:38,617 INFO  [it.uni.reti2.HeartbeatGenerator] (executor-thread-1) 💓 [HEARTBEAT] Invio heartbeat: {"stazioneId":"Padova","stato":"ONLINE","timestamp":"2026-08-15T19:03:38.617269577Z","tipoEvento":"HEARTBEAT","bufferSize":0}
2026-08-15 21:03:48,617 INFO  [it.uni.reti2.HeartbeatGenerator] (executor-thread-1) 💓 [HEARTBEAT] Invio heartbeat: {"stazioneId":"Padova","stato":"ONLINE","timestamp":"2026-08-15T19:03:48.617004723Z","tipoEvento":"HEARTBEAT","bufferSize":0}
2026-08-15 21:03:58,617 INFO  [it.uni.reti2.HeartbeatGenerator] (executor-thread-1) 💓 [HEARTBEAT] Invio heartbeat: {"stazioneId":"Padova","stato":"ONLINE","timestamp":"2026-08-15T19:03:58.617015293Z","tipoEvento":"HEARTBEAT","bufferSize":0}
2026-08-15 21:04:08,617 INFO  [it.uni.reti2.HeartbeatGenerator] (executor-thread-1) 💓 [HEARTBEAT] Invio heartbeat: {"stazioneId":"Padova","stato":"ONLINE","timestamp":"2026-08-15T19:04:08.617025021Z","tipoEvento":"HEARTBEAT","bufferSize":0}
2026-08-15 21:04:18,617 INFO  [it.uni.reti2.HeartbeatGenerator] (executor-thread-1) 💓 [HEARTBEAT] Invio heartbeat: {"stazioneId":"Padova","stato":"ONLINE","timestamp":"2026-08-15T19:04:18.617313487Z","tipoEvento":"HEARTBEAT","bufferSize":0}
2026-08-15 21:04:28,616 INFO  [it.uni.reti2.HeartbeatGenerator] (executor-thread-1) 💓 [HEARTBEAT] Invio heartbeat: {"stazioneId":"Padova","stato":"ONLINE","timestamp":"2026-08-15T19:04:28.616964256Z","tipoEvento":"HEARTBEAT","bufferSize":0}
2026-08-15 21:04:38,616 INFO  [it.uni.reti2.HeartbeatGenerator] (executor-thread-1) 💓 [HEARTBEAT] Invio heartbeat: {"stazioneId":"Padova","stato":"ONLINE","timestamp":"2026-08-15T19:04:38.616903055Z","tipoEvento":"HEARTBEAT","bufferSize":0}
2026-08-15 21:04:48,617 INFO  [it.uni.reti2.HeartbeatGenerator] (executor-thread-1) 💓 [HEARTBEAT] Invio heartbeat: {"stazioneId":"Padova","stato":"ONLINE","timestamp":"2026-08-15T19:04:48.616983523Z","tipoEvento":"HEARTBEAT","bufferSize":0}
2026-08-15 21:04:58,616 INFO  [it.uni.reti2.HeartbeatGenerator] (executor-thread-1) 💓 [HEARTBEAT] Invio heartbeat: {"stazioneId":"Padova","stato":"ONLINE","timestamp":"2026-08-15T19:04:58.616907457Z","tipoEvento":"HEARTBEAT","bufferSize":0}
2026-08-15 21:05:08,616 INFO  [it.uni.reti2.HeartbeatGenerator] (executor-thread-1) 💓 [HEARTBEAT] Invio heartbeat: {"stazioneId":"Padova","stato":"ONLINE","timestamp":"2026-08-15T19:05:08.616941661Z","tipoEvento":"HEARTBEAT","bufferSize":0}
2026-08-15 21:05:18,616 INFO  [it.uni.reti2.HeartbeatGenerator] (executor-thread-1) 💓 [HEARTBEAT] Invio heartbeat: {"stazioneId":"Padova","stato":"ONLINE","timestamp":"2026-08-15T19:05:18.616951769Z","tipoEvento":"HEARTBEAT","bufferSize":0}
2026-08-15 21:05:28,617 INFO  [it.uni.reti2.HeartbeatGenerator] (executor-thread-1) 💓 [HEARTBEAT] Invio heartbeat: {"stazioneId":"Padova","stato":"ONLINE","timestamp":"2026-08-15T19:05:28.617006052Z","tipoEvento":"HEARTBEAT","bufferSize":0}
2026-08-15 21:05:38,617 INFO  [it.uni.reti2.HeartbeatGenerator] (executor-thread-1) 💓 [HEARTBEAT] Invio heartbeat: {"stazioneId":"Padova","stato":"ONLINE","timestamp":"2026-08-15T19:05:38.617005567Z","tipoEvento":"HEARTBEAT","bufferSize":0}
2026-08-15 21:05:48,616 INFO  [it.uni.reti2.HeartbeatGenerator] (executor-thread-1) 💓 [HEARTBEAT] Invio heartbeat: {"stazioneId":"Padova","stato":"ONLINE","timestamp":"2026-08-15T19:05:48.616887825Z","tipoEvento":"HEARTBEAT","bufferSize":0}
2026-08-15 21:05:58,617 INFO  [it.uni.reti2.HeartbeatGenerator] (executor-thread-1) 💓 [HEARTBEAT] Invio heartbeat: {"stazioneId":"Padova","stato":"ONLINE","timestamp":"2026-08-15T19:05:58.617039025Z","tipoEvento":"HEARTBEAT","bufferSize":0}
2026-08-15 21:06:08,617 INFO  [it.uni.reti2.HeartbeatGenerator] (executor-thread-1) 💓 [HEARTBEAT] Invio heartbeat: {"stazioneId":"Padova","stato":"ONLINE","timestamp":"2026-08-15T19:06:08.617231104Z","tipoEvento":"HEARTBEAT","bufferSize":0}
2026-08-15 21:06:18,617 INFO  [it.uni.reti2.HeartbeatGenerator] (executor-thread-1) 💓 [HEARTBEAT] Invio heartbeat: {"stazioneId":"Padova","stato":"ONLINE","timestamp":"2026-08-15T19:06:18.616974868Z","tipoEvento":"HEARTBEAT","bufferSize":0}
2026-08-15 21:06:28,617 INFO  [it.uni.reti2.HeartbeatGenerator] (executor-thread-1) 💓 [HEARTBEAT] Invio heartbeat: {"stazioneId":"Padova","stato":"ONLINE","timestamp":"2026-08-15T19:06:28.617103298Z","tipoEvento":"HEARTBEAT","bufferSize":0}
2026-08-15 21:06:38,617 INFO  [it.uni.reti2.HeartbeatGenerator] (executor-thread-1) 💓 [HEARTBEAT] Invio heartbeat: {"stazioneId":"Padova","stato":"ONLINE","timestamp":"2026-08-15T19:06:38.617015086Z","tipoEvento":"HEARTBEAT","bufferSize":0}
2026-08-15 21:06:48,617 INFO  [it.uni.reti2.HeartbeatGenerator] (executor-thread-1) 💓 [HEARTBEAT] Invio heartbeat: {"stazioneId":"Padova","stato":"ONLINE","timestamp":"2026-08-15T19:06:48.617031780Z","tipoEvento":"HEARTBEAT","bufferSize":0}
2026-08-15 21:06:58,617 INFO  [it.uni.reti2.HeartbeatGenerator] (executor-thread-1) 💓 [HEARTBEAT] Invio heartbeat: {"stazioneId":"Padova","stato":"ONLINE","timestamp":"2026-08-15T19:06:58.617063424Z","tipoEvento":"HEARTBEAT","bufferSize":0}
2026-08-15 21:07:08,617 INFO  [it.uni.reti2.HeartbeatGenerator] (executor-thread-1) 💓 [HEARTBEAT] Invio heartbeat: {"stazioneId":"Padova","stato":"ONLINE","timestamp":"2026-08-15T19:07:08.617081683Z","tipoEvento":"HEARTBEAT","bufferSize":0}
2026-08-15 21:07:18,617 INFO  [it.uni.reti2.HeartbeatGenerator] (executor-thread-1) 💓 [HEARTBEAT] Invio heartbeat: {"stazioneId":"Padova","stato":"ONLINE","timestamp":"2026-08-15T19:07:18.617033564Z","tipoEvento":"HEARTBEAT","bufferSize":0}
2026-08-15 21:07:28,617 INFO  [it.uni.reti2.HeartbeatGenerator] (executor-thread-1) 💓 [HEARTBEAT] Invio heartbeat: {"stazioneId":"Padova","stato":"ONLINE","timestamp":"2026-08-15T19:07:28.617680684Z","tipoEvento":"HEARTBEAT","bufferSize":0}
2026-08-15 21:07:38,617 INFO  [it.uni.reti2.HeartbeatGenerator] (executor-thread-1) 💓 [HEARTBEAT] Invio heartbeat: {"stazioneId":"Padova","stato":"ONLINE","timestamp":"2026-08-15T19:07:38.617000231Z","tipoEvento":"HEARTBEAT","bufferSize":0}
2026-08-15 21:07:48,617 INFO  [it.uni.reti2.HeartbeatGenerator] (executor-thread-1) 💓 [HEARTBEAT] Invio heartbeat: {"stazioneId":"Padova","stato":"ONLINE","timestamp":"2026-08-15T19:07:48.617010682Z","tipoEvento":"HEARTBEAT","bufferSize":0}
2026-08-15 21:07:58,616 INFO  [it.uni.reti2.HeartbeatGenerator] (executor-thread-1) 💓 [HEARTBEAT] Invio heartbeat: {"stazioneId":"Padova","stato":"ONLINE","timestamp":"2026-08-15T19:07:58.616898660Z","tipoEvento":"HEARTBEAT","bufferSize":0}
2026-08-15 21:08:08,617 INFO  [it.uni.reti2.HeartbeatGenerator] (executor-thread-1) 💓 [HEARTBEAT] Invio heartbeat: {"stazioneId":"Padova","stato":"ONLINE","timestamp":"2026-08-15T19:08:08.616996437Z","tipoEvento":"HEARTBEAT","bufferSize":0}
2026-08-15 21:08:18,617 INFO  [it.uni.reti2.HeartbeatGenerator] (executor-thread-1) 💓 [HEARTBEAT] Invio heartbeat: {"stazioneId":"Padova","stato":"ONLINE","timestamp":"2026-08-15T19:08:18.617049845Z","tipoEvento":"HEARTBEAT","bufferSize":0}
2026-08-15 21:08:28,617 INFO  [it.uni.reti2.HeartbeatGenerator] (executor-thread-1) 💓 [HEARTBEAT] Invio heartbeat: {"stazioneId":"Padova","stato":"ONLINE","timestamp":"2026-08-15T19:08:28.616986814Z","tipoEvento":"HEARTBEAT","bufferSize":0}
2026-08-15 21:08:38,617 INFO  [it.uni.reti2.HeartbeatGenerator] (executor-thread-1) 💓 [HEARTBEAT] Invio heartbeat: {"stazioneId":"Padova","stato":"ONLINE","timestamp":"2026-08-15T19:08:38.616955140Z","tipoEvento":"HEARTBEAT","bufferSize":0}
2026-08-15 21:08:48,617 INFO  [it.uni.reti2.HeartbeatGenerator] (executor-thread-1) 💓 [HEARTBEAT] Invio heartbeat: {"stazioneId":"Padova","stato":"ONLINE","timestamp":"2026-08-15T19:08:48.617027381Z","tipoEvento":"HEARTBEAT","bufferSize":0}
2026-08-15 21:08:58,617 INFO  [it.uni.reti2.HeartbeatGenerator] (executor-thread-1) 💓 [HEARTBEAT] Invio heartbeat: {"stazioneId":"Padova","stato":"ONLINE","timestamp":"2026-08-15T19:08:58.616995487Z","tipoEvento":"HEARTBEAT","bufferSize":0}
2026-08-15 21:09:08,617 INFO  [it.uni.reti2.HeartbeatGenerator] (executor-thread-1) 💓 [HEARTBEAT] Invio heartbeat: {"stazioneId":"Padova","stato":"ONLINE","timestamp":"2026-08-15T19:09:08.617055254Z","tipoEvento":"HEARTBEAT","bufferSize":0}
2026-08-15 21:09:18,616 INFO  [it.uni.reti2.HeartbeatGenerator] (executor-thread-1) 💓 [HEARTBEAT] Invio heartbeat: {"stazioneId":"Padova","stato":"ONLINE","timestamp":"2026-08-15T19:09:18.616882528Z","tipoEvento":"HEARTBEAT","bufferSize":0}
2026-08-15 21:09:28,617 INFO  [it.uni.reti2.HeartbeatGenerator] (executor-thread-1) 💓 [HEARTBEAT] Invio heartbeat: {"stazioneId":"Padova","stato":"ONLINE","timestamp":"2026-08-15T19:09:28.616989458Z","tipoEvento":"HEARTBEAT","bufferSize":0}
2026-08-15 21:09:38,617 INFO  [it.uni.reti2.HeartbeatGenerator] (executor-thread-1) 💓 [HEARTBEAT] Invio heartbeat: {"stazioneId":"Padova","stato":"ONLINE","timestamp":"2026-08-15T19:09:38.617063734Z","tipoEvento":"HEARTBEAT","bufferSize":0}
2026-08-15 21:09:48,617 INFO  [it.uni.reti2.HeartbeatGenerator] (executor-thread-1) 💓 [HEARTBEAT] Invio heartbeat: {"stazioneId":"Padova","stato":"ONLINE","timestamp":"2026-08-15T19:09:48.616991203Z","tipoEvento":"HEARTBEAT","bufferSize":0}
2026-08-15 21:09:58,617 INFO  [it.uni.reti2.HeartbeatGenerator] (executor-thread-1) 💓 [HEARTBEAT] Invio heartbeat: {"stazioneId":"Padova","stato":"ONLINE","timestamp":"2026-08-15T19:09:58.616984663Z","tipoEvento":"HEARTBEAT","bufferSize":0}
2026-08-15 21:10:08,617 INFO  [it.uni.reti2.HeartbeatGenerator] (executor-thread-1) 💓 [HEARTBEAT] Invio heartbeat: {"stazioneId":"Padova","stato":"ONLINE","timestamp":"2026-08-15T19:10:08.617013450Z","tipoEvento":"HEARTBEAT","bufferSize":0}
2026-08-15 21:10:18,617 INFO  [it.uni.reti2.HeartbeatGenerator] (executor-thread-1) 💓 [HEARTBEAT] Invio heartbeat: {"stazioneId":"Padova","stato":"ONLINE","timestamp":"2026-08-15T19:10:18.616990356Z","tipoEvento":"HEARTBEAT","bufferSize":0}
2026-08-15 21:10:28,617 INFO  [it.uni.reti2.HeartbeatGenerator] (executor-thread-1) 💓 [HEARTBEAT] Invio heartbeat: {"stazioneId":"Padova","stato":"ONLINE","timestamp":"2026-08-15T19:10:28.617012707Z","tipoEvento":"HEARTBEAT","bufferSize":0}
2026-08-15 21:10:38,617 INFO  [it.uni.reti2.HeartbeatGenerator] (executor-thread-1) 💓 [HEARTBEAT] Invio heartbeat: {"stazioneId":"Padova","stato":"ONLINE","timestamp":"2026-08-15T19:10:38.617099481Z","tipoEvento":"HEARTBEAT","bufferSize":0}
2026-08-15 21:10:48,616 INFO  [it.uni.reti2.HeartbeatGenerator] (executor-thread-1) 💓 [HEARTBEAT] Invio heartbeat: {"stazioneId":"Padova","stato":"ONLINE","timestamp":"2026-08-15T19:10:48.616937594Z","tipoEvento":"HEARTBEAT","bufferSize":0}
2026-08-15 21:10:58,616 INFO  [it.uni.reti2.HeartbeatGenerator] (executor-thread-1) 💓 [HEARTBEAT] Invio heartbeat: {"stazioneId":"Padova","stato":"ONLINE","timestamp":"2026-08-15T19:10:58.616936701Z","tipoEvento":"HEARTBEAT","bufferSize":0}
2026-08-15 21:11:08,616 INFO  [it.uni.reti2.HeartbeatGenerator] (executor-thread-1) 💓 [HEARTBEAT] Invio heartbeat: {"stazioneId":"Padova","stato":"ONLINE","timestamp":"2026-08-15T19:11:08.616909082Z","tipoEvento":"HEARTBEAT","bufferSize":0}
2026-08-15 21:11:18,617 INFO  [it.uni.reti2.HeartbeatGenerator] (executor-thread-1) 💓 [HEARTBEAT] Invio heartbeat: {"stazioneId":"Padova","stato":"ONLINE","timestamp":"2026-08-15T19:11:18.617045368Z","tipoEvento":"HEARTBEAT","bufferSize":0}
2026-08-15 21:11:28,617 INFO  [it.uni.reti2.HeartbeatGenerator] (executor-thread-1) 💓 [HEARTBEAT] Invio heartbeat: {"stazioneId":"Padova","stato":"ONLINE","timestamp":"2026-08-15T19:11:28.616926327Z","tipoEvento":"HEARTBEAT","bufferSize":0}
2026-08-15 21:11:38,617 INFO  [it.uni.reti2.HeartbeatGenerator] (executor-thread-1) 💓 [HEARTBEAT] Invio heartbeat: {"stazioneId":"Padova","stato":"ONLINE","timestamp":"2026-08-15T19:11:38.617026122Z","tipoEvento":"HEARTBEAT","bufferSize":0}
2026-08-15 21:11:48,616 INFO  [it.uni.reti2.HeartbeatGenerator] (executor-thread-1) 💓 [HEARTBEAT] Invio heartbeat: {"stazioneId":"Padova","stato":"ONLINE","timestamp":"2026-08-15T19:11:48.616954261Z","tipoEvento":"HEARTBEAT","bufferSize":0}
2026-08-15 21:11:58,617 INFO  [it.uni.reti2.HeartbeatGenerator] (executor-thread-1) 💓 [HEARTBEAT] Invio heartbeat: {"stazioneId":"Padova","stato":"ONLINE","timestamp":"2026-08-15T19:11:58.617150897Z","tipoEvento":"HEARTBEAT","bufferSize":0}
2026-08-15 21:12:08,617 INFO  [it.uni.reti2.HeartbeatGenerator] (executor-thread-1) 💓 [HEARTBEAT] Invio heartbeat: {"stazioneId":"Padova","stato":"ONLINE","timestamp":"2026-08-15T19:12:08.617351045Z","tipoEvento":"HEARTBEAT","bufferSize":0}
2026-08-15 21:12:18,616 INFO  [it.uni.reti2.HeartbeatGenerator] (executor-thread-1) 💓 [HEARTBEAT] Invio heartbeat: {"stazioneId":"Padova","stato":"ONLINE","timestamp":"2026-08-15T19:12:18.616905890Z","tipoEvento":"HEARTBEAT","bufferSize":0}
2026-08-15 21:12:28,617 INFO  [it.uni.reti2.HeartbeatGenerator] (executor-thread-1) 💓 [HEARTBEAT] Invio heartbeat: {"stazioneId":"Padova","stato":"ONLINE","timestamp":"2026-08-15T19:12:28.617007850Z","tipoEvento":"HEARTBEAT","bufferSize":0}
2026-08-15 21:12:38,616 INFO  [it.uni.reti2.HeartbeatGenerator] (executor-thread-1) 💓 [HEARTBEAT] Invio heartbeat: {"stazioneId":"Padova","stato":"ONLINE","timestamp":"2026-08-15T19:12:38.616935109Z","tipoEvento":"HEARTBEAT","bufferSize":0}
2026-08-15 21:12:48,616 INFO  [it.uni.reti2.HeartbeatGenerator] (executor-thread-1) 💓 [HEARTBEAT] Invio heartbeat: {"stazioneId":"Padova","stato":"ONLINE","timestamp":"2026-08-15T19:12:48.616914333Z","tipoEvento":"HEARTBEAT","bufferSize":0}
2026-08-15 21:12:58,617 INFO  [it.uni.reti2.HeartbeatGenerator] (executor-thread-1) 💓 [HEARTBEAT] Invio heartbeat: {"stazioneId":"Padova","stato":"ONLINE","timestamp":"2026-08-15T19:12:58.617010442Z","tipoEvento":"HEARTBEAT","bufferSize":0}
2026-08-15 21:13:08,617 INFO  [it.uni.reti2.HeartbeatGenerator] (executor-thread-1) 💓 [HEARTBEAT] Invio heartbeat: {"stazioneId":"Padova","stato":"ONLINE","timestamp":"2026-08-15T19:13:08.617047428Z","tipoEvento":"HEARTBEAT","bufferSize":0}
2026-08-15 21:13:18,616 INFO  [it.uni.reti2.HeartbeatGenerator] (executor-thread-1) 💓 [HEARTBEAT] Invio heartbeat: {"stazioneId":"Padova","stato":"ONLINE","timestamp":"2026-08-15T19:13:18.616884246Z","tipoEvento":"HEARTBEAT","bufferSize":0}
2026-08-15 21:13:28,617 INFO  [it.uni.reti2.HeartbeatGenerator] (executor-thread-1) 💓 [HEARTBEAT] Invio heartbeat: {"stazioneId":"Padova","stato":"ONLINE","timestamp":"2026-08-15T19:13:28.616990286Z","tipoEvento":"HEARTBEAT","bufferSize":0}
2026-08-15 21:13:38,617 INFO  [it.uni.reti2.HeartbeatGenerator] (executor-thread-1) 💓 [HEARTBEAT] Invio heartbeat: {"stazioneId":"Padova","stato":"ONLINE","timestamp":"2026-08-15T19:13:38.616985668Z","tipoEvento":"HEARTBEAT","bufferSize":0}
2026-08-15 21:13:48,617 INFO  [it.uni.reti2.HeartbeatGenerator] (executor-thread-1) 💓 [HEARTBEAT] Invio heartbeat: {"stazioneId":"Padova","stato":"ONLINE","timestamp":"2026-08-15T19:13:48.616988967Z","tipoEvento":"HEARTBEAT","bufferSize":0}
2026-08-15 21:13:58,617 INFO  [it.uni.reti2.HeartbeatGenerator] (executor-thread-1) 💓 [HEARTBEAT] Invio heartbeat: {"stazioneId":"Padova","stato":"ONLINE","timestamp":"2026-08-15T19:13:58.617522218Z","tipoEvento":"HEARTBEAT","bufferSize":0}
2026-08-15 21:14:08,617 INFO  [it.uni.reti2.HeartbeatGenerator] (executor-thread-1) 💓 [HEARTBEAT] Invio heartbeat: {"stazioneId":"Padova","stato":"ONLINE","timestamp":"2026-08-15T19:14:08.617501859Z","tipoEvento":"HEARTBEAT","bufferSize":0}
2026-08-15 21:14:18,616 INFO  [it.uni.reti2.HeartbeatGenerator] (executor-thread-1) 💓 [HEARTBEAT] Invio heartbeat: {"stazioneId":"Padova","stato":"ONLINE","timestamp":"2026-08-15T19:14:18.616898669Z","tipoEvento":"HEARTBEAT","bufferSize":0}
2026-08-15 21:14:28,617 INFO  [it.uni.reti2.HeartbeatGenerator] (executor-thread-1) 💓 [HEARTBEAT] Invio heartbeat: {"stazioneId":"Padova","stato":"ONLINE","timestamp":"2026-08-15T19:14:28.617448580Z","tipoEvento":"HEARTBEAT","bufferSize":0}
2026-08-15 21:14:38,616 INFO  [it.uni.reti2.HeartbeatGenerator] (executor-thread-1) 💓 [HEARTBEAT] Invio heartbeat: {"stazioneId":"Padova","stato":"ONLINE","timestamp":"2026-08-15T19:14:38.616895144Z","tipoEvento":"HEARTBEAT","bufferSize":0}
2026-08-15 21:14:48,616 INFO  [it.uni.reti2.HeartbeatGenerator] (executor-thread-1) 💓 [HEARTBEAT] Invio heartbeat: {"stazioneId":"Padova","stato":"ONLINE","timestamp":"2026-08-15T19:14:48.616899751Z","tipoEvento":"HEARTBEAT","bufferSize":0}
2026-08-15 21:14:58,618 INFO  [it.uni.reti2.HeartbeatGenerator] (executor-thread-1) 💓 [HEARTBEAT] Invio heartbeat: {"stazioneId":"Padova","stato":"ONLINE","timestamp":"2026-08-15T19:14:58.618011480Z","tipoEvento":"HEARTBEAT","bufferSize":0}
2026-08-15 21:15:08,617 INFO  [it.uni.reti2.HeartbeatGenerator] (executor-thread-1) 💓 [HEARTBEAT] Invio heartbeat: {"stazioneId":"Padova","stato":"ONLINE","timestamp":"2026-08-15T19:15:08.617018090Z","tipoEvento":"HEARTBEAT","bufferSize":0}
2026-08-15 21:15:18,616 INFO  [it.uni.reti2.HeartbeatGenerator] (executor-thread-1) 💓 [HEARTBEAT] Invio heartbeat: {"stazioneId":"Padova","stato":"ONLINE","timestamp":"2026-08-15T19:15:18.616880685Z","tipoEvento":"HEARTBEAT","bufferSize":0}
2026-08-15 21:15:28,616 INFO  [it.uni.reti2.HeartbeatGenerator] (executor-thread-1) 💓 [HEARTBEAT] Invio heartbeat: {"stazioneId":"Padova","stato":"ONLINE","timestamp":"2026-08-15T19:15:28.616950132Z","tipoEvento":"HEARTBEAT","bufferSize":0}
2026-08-15 21:15:38,617 INFO  [it.uni.reti2.HeartbeatGenerator] (executor-thread-1) 💓 [HEARTBEAT] Invio heartbeat: {"stazioneId":"Padova","stato":"ONLINE","timestamp":"2026-08-15T19:15:38.617005866Z","tipoEvento":"HEARTBEAT","bufferSize":0}
2026-08-15 21:15:48,617 INFO  [it.uni.reti2.HeartbeatGenerator] (executor-thread-1) 💓 [HEARTBEAT] Invio heartbeat: {"stazioneId":"Padova","stato":"ONLINE","timestamp":"2026-08-15T19:15:48.616989633Z","tipoEvento":"HEARTBEAT","bufferSize":0}
2026-08-15 21:15:58,616 INFO  [it.uni.reti2.HeartbeatGenerator] (executor-thread-1) 💓 [HEARTBEAT] Invio heartbeat: {"stazioneId":"Padova","stato":"ONLINE","timestamp":"2026-08-15T19:15:58.616876766Z","tipoEvento":"HEARTBEAT","bufferSize":0}
2026-08-15 21:16:08,617 INFO  [it.uni.reti2.HeartbeatGenerator] (executor-thread-1) 💓 [HEARTBEAT] Invio heartbeat: {"stazioneId":"Padova","stato":"ONLINE","timestamp":"2026-08-15T19:16:08.617012542Z","tipoEvento":"HEARTBEAT","bufferSize":0}
2026-08-15 21:16:18,617 INFO  [it.uni.reti2.HeartbeatGenerator] (executor-thread-1) 💓 [HEARTBEAT] Invio heartbeat: {"stazioneId":"Padova","stato":"ONLINE","timestamp":"2026-08-15T19:16:18.617020159Z","tipoEvento":"HEARTBEAT","bufferSize":0}
2026-08-15 21:16:28,617 INFO  [it.uni.reti2.HeartbeatGenerator] (executor-thread-1) 💓 [HEARTBEAT] Invio heartbeat: {"stazioneId":"Padova","stato":"ONLINE","timestamp":"2026-08-15T19:16:28.617010548Z","tipoEvento":"HEARTBEAT","bufferSize":0}
2026-08-15 21:16:38,616 INFO  [it.uni.reti2.HeartbeatGenerator] (executor-thread-1) 💓 [HEARTBEAT] Invio heartbeat: {"stazioneId":"Padova","stato":"ONLINE","timestamp":"2026-08-15T19:16:38.616872252Z","tipoEvento":"HEARTBEAT","bufferSize":0}
2026-08-15 21:16:48,617 INFO  [it.uni.reti2.HeartbeatGenerator] (executor-thread-1) 💓 [HEARTBEAT] Invio heartbeat: {"stazioneId":"Padova","stato":"ONLINE","timestamp":"2026-08-15T19:16:48.617245423Z","tipoEvento":"HEARTBEAT","bufferSize":0}
2026-08-15 21:16:58,616 INFO  [it.uni.reti2.HeartbeatGenerator] (executor-thread-1) 💓 [HEARTBEAT] Invio heartbeat: {"stazioneId":"Padova","stato":"ONLINE","timestamp":"2026-08-15T19:16:58.616936206Z","tipoEvento":"HEARTBEAT","bufferSize":0}
2026-08-15 21:17:08,617 INFO  [it.uni.reti2.HeartbeatGenerator] (executor-thread-1) 💓 [HEARTBEAT] Invio heartbeat: {"stazioneId":"Padova","stato":"ONLINE","timestamp":"2026-08-15T19:17:08.617046378Z","tipoEvento":"HEARTBEAT","bufferSize":0}
2026-08-15 21:17:18,616 INFO  [it.uni.reti2.HeartbeatGenerator] (executor-thread-1) 💓 [HEARTBEAT] Invio heartbeat: {"stazioneId":"Padova","stato":"ONLINE","timestamp":"2026-08-15T19:17:18.616952427Z","tipoEvento":"HEARTBEAT","bufferSize":0}
2026-08-15 21:17:28,617 INFO  [it.uni.reti2.HeartbeatGenerator] (executor-thread-1) 💓 [HEARTBEAT] Invio heartbeat: {"stazioneId":"Padova","stato":"ONLINE","timestamp":"2026-08-15T19:17:28.616998079Z","tipoEvento":"HEARTBEAT","bufferSize":0}
2026-08-15 21:17:38,616 INFO  [it.uni.reti2.HeartbeatGenerator] (executor-thread-1) 💓 [HEARTBEAT] Invio heartbeat: {"stazioneId":"Padova","stato":"ONLINE","timestamp":"2026-08-15T19:17:38.616865762Z","tipoEvento":"HEARTBEAT","bufferSize":0}
2026-08-15 21:17:48,616 INFO  [it.uni.reti2.HeartbeatGenerator] (executor-thread-1) 💓 [HEARTBEAT] Invio heartbeat: {"stazioneId":"Padova","stato":"ONLINE","timestamp":"2026-08-15T19:17:48.616971354Z","tipoEvento":"HEARTBEAT","bufferSize":0}
2026-08-15 21:17:58,617 INFO  [it.uni.reti2.HeartbeatGenerator] (executor-thread-1) 💓 [HEARTBEAT] Invio heartbeat: {"stazioneId":"Padova","stato":"ONLINE","timestamp":"2026-08-15T19:17:58.617536700Z","tipoEvento":"HEARTBEAT","bufferSize":0}
2026-08-15 21:18:08,617 INFO  [it.uni.reti2.HeartbeatGenerator] (executor-thread-1) 💓 [HEARTBEAT] Invio heartbeat: {"stazioneId":"Padova","stato":"ONLINE","timestamp":"2026-08-15T19:18:08.616994071Z","tipoEvento":"HEARTBEAT","bufferSize":0}
2026-08-15 21:18:18,617 INFO  [it.uni.reti2.HeartbeatGenerator] (executor-thread-1) 💓 [HEARTBEAT] Invio heartbeat: {"stazioneId":"Padova","stato":"ONLINE","timestamp":"2026-08-15T19:18:18.617214522Z","tipoEvento":"HEARTBEAT","bufferSize":0}
2026-08-15 21:18:28,616 INFO  [it.uni.reti2.HeartbeatGenerator] (executor-thread-1) 💓 [HEARTBEAT] Invio heartbeat: {"stazioneId":"Padova","stato":"ONLINE","timestamp":"2026-08-15T19:18:28.616878591Z","tipoEvento":"HEARTBEAT","bufferSize":0}
2026-08-15 21:18:38,617 INFO  [it.uni.reti2.HeartbeatGenerator] (executor-thread-1) 💓 [HEARTBEAT] Invio heartbeat: {"stazioneId":"Padova","stato":"ONLINE","timestamp":"2026-08-15T19:18:38.616971654Z","tipoEvento":"HEARTBEAT","bufferSize":0}
2026-08-15 21:18:48,617 INFO  [it.uni.reti2.HeartbeatGenerator] (executor-thread-1) 💓 [HEARTBEAT] Invio heartbeat: {"stazioneId":"Padova","stato":"ONLINE","timestamp":"2026-08-15T19:18:48.617140785Z","tipoEvento":"HEARTBEAT","bufferSize":0}
2026-08-15 21:18:58,617 INFO  [it.uni.reti2.HeartbeatGenerator] (executor-thread-1) 💓 [HEARTBEAT] Invio heartbeat: {"stazioneId":"Padova","stato":"ONLINE","timestamp":"2026-08-15T19:18:58.616987641Z","tipoEvento":"HEARTBEAT","bufferSize":0}
2026-08-15 21:19:08,617 INFO  [it.uni.reti2.HeartbeatGenerator] (executor-thread-1) 💓 [HEARTBEAT] Invio heartbeat: {"stazioneId":"Padova","stato":"ONLINE","timestamp":"2026-08-15T19:19:08.617043984Z","tipoEvento":"HEARTBEAT","bufferSize":0}
2026-08-15 21:19:18,616 INFO  [it.uni.reti2.HeartbeatGenerator] (executor-thread-1) 💓 [HEARTBEAT] Invio heartbeat: {"stazioneId":"Padova","stato":"ONLINE","timestamp":"2026-08-15T19:19:18.616893417Z","tipoEvento":"HEARTBEAT","bufferSize":0}
2026-08-15 21:19:28,617 INFO  [it.uni.reti2.HeartbeatGenerator] (executor-thread-1) 💓 [HEARTBEAT] Invio heartbeat: {"stazioneId":"Padova","stato":"ONLINE","timestamp":"2026-08-15T19:19:28.616965558Z","tipoEvento":"HEARTBEAT","bufferSize":0}
2026-08-15 21:19:38,617 INFO  [it.uni.reti2.HeartbeatGenerator] (executor-thread-1) 💓 [HEARTBEAT] Invio heartbeat: {"stazioneId":"Padova","stato":"ONLINE","timestamp":"2026-08-15T19:19:38.617489588Z","tipoEvento":"HEARTBEAT","bufferSize":0}
2026-08-15 21:19:48,617 INFO  [it.uni.reti2.HeartbeatGenerator] (executor-thread-1) 💓 [HEARTBEAT] Invio heartbeat: {"stazioneId":"Padova","stato":"ONLINE","timestamp":"2026-08-15T19:19:48.616992039Z","tipoEvento":"HEARTBEAT","bufferSize":0}
2026-08-15 21:19:58,617 INFO  [it.uni.reti2.HeartbeatGenerator] (executor-thread-1) 💓 [HEARTBEAT] Invio heartbeat: {"stazioneId":"Padova","stato":"ONLINE","timestamp":"2026-08-15T19:19:58.617138637Z","tipoEvento":"HEARTBEAT","bufferSize":0}
2026-08-15 21:20:08,617 INFO  [it.uni.reti2.HeartbeatGenerator] (executor-thread-1) 💓 [HEARTBEAT] Invio heartbeat: {"stazioneId":"Padova","stato":"ONLINE","timestamp":"2026-08-15T19:20:08.617016054Z","tipoEvento":"HEARTBEAT","bufferSize":0}
2026-08-15 21:20:18,617 INFO  [it.uni.reti2.HeartbeatGenerator] (executor-thread-1) 💓 [HEARTBEAT] Invio heartbeat: {"stazioneId":"Padova","stato":"ONLINE","timestamp":"2026-08-15T19:20:18.617033447Z","tipoEvento":"HEARTBEAT","bufferSize":0}
2026-08-15 21:20:28,617 INFO  [it.uni.reti2.HeartbeatGenerator] (executor-thread-1) 💓 [HEARTBEAT] Invio heartbeat: {"stazioneId":"Padova","stato":"ONLINE","timestamp":"2026-08-15T19:20:28.616991775Z","tipoEvento":"HEARTBEAT","bufferSize":0}
2026-08-15 21:20:38,617 INFO  [it.uni.reti2.HeartbeatGenerator] (executor-thread-1) 💓 [HEARTBEAT] Invio heartbeat: {"stazioneId":"Padova","stato":"ONLINE","timestamp":"2026-08-15T19:20:38.617058057Z","tipoEvento":"HEARTBEAT","bufferSize":0}
2026-08-15 21:20:48,617 INFO  [it.uni.reti2.HeartbeatGenerator] (executor-thread-1) 💓 [HEARTBEAT] Invio heartbeat: {"stazioneId":"Padova","stato":"ONLINE","timestamp":"2026-08-15T19:20:48.617031386Z","tipoEvento":"HEARTBEAT","bufferSize":0}
2026-08-15 21:20:58,617 INFO  [it.uni.reti2.HeartbeatGenerator] (executor-thread-1) 💓 [HEARTBEAT] Invio heartbeat: {"stazioneId":"Padova","stato":"ONLINE","timestamp":"2026-08-15T19:20:58.616977497Z","tipoEvento":"HEARTBEAT","bufferSize":0}
2026-08-15 21:21:08,617 INFO  [it.uni.reti2.HeartbeatGenerator] (executor-thread-1) 💓 [HEARTBEAT] Invio heartbeat: {"stazioneId":"Padova","stato":"ONLINE","timestamp":"2026-08-15T19:21:08.617007795Z","tipoEvento":"HEARTBEAT","bufferSize":0}
2026-08-15 21:21:18,617 INFO  [it.uni.reti2.HeartbeatGenerator] (executor-thread-1) 💓 [HEARTBEAT] Invio heartbeat: {"stazioneId":"Padova","stato":"ONLINE","timestamp":"2026-08-15T19:21:18.616983859Z","tipoEvento":"HEARTBEAT","bufferSize":0}
2026-08-15 21:21:28,617 INFO  [it.uni.reti2.HeartbeatGenerator] (executor-thread-1) 💓 [HEARTBEAT] Invio heartbeat: {"stazioneId":"Padova","stato":"ONLINE","timestamp":"2026-08-15T19:21:28.616966041Z","tipoEvento":"HEARTBEAT","bufferSize":0}
2026-08-15 21:21:38,617 INFO  [it.uni.reti2.HeartbeatGenerator] (executor-thread-1) 💓 [HEARTBEAT] Invio heartbeat: {"stazioneId":"Padova","stato":"ONLINE","timestamp":"2026-08-15T19:21:38.617043030Z","tipoEvento":"HEARTBEAT","bufferSize":0}
2026-08-15 21:21:48,616 INFO  [it.uni.reti2.HeartbeatGenerator] (executor-thread-1) 💓 [HEARTBEAT] Invio heartbeat: {"stazioneId":"Padova","stato":"ONLINE","timestamp":"2026-08-15T19:21:48.616925989Z","tipoEvento":"HEARTBEAT","bufferSize":0}
2026-08-15 21:21:58,616 INFO  [it.uni.reti2.HeartbeatGenerator] (executor-thread-1) 💓 [HEARTBEAT] Invio heartbeat: {"stazioneId":"Padova","stato":"ONLINE","timestamp":"2026-08-15T19:21:58.616933082Z","tipoEvento":"HEARTBEAT","bufferSize":0}
2026-08-15 21:22:08,617 INFO  [it.uni.reti2.HeartbeatGenerator] (executor-thread-1) 💓 [HEARTBEAT] Invio heartbeat: {"stazioneId":"Padova","stato":"ONLINE","timestamp":"2026-08-15T19:22:08.617282499Z","tipoEvento":"HEARTBEAT","bufferSize":0}
2026-08-15 21:22:18,616 INFO  [it.uni.reti2.HeartbeatGenerator] (executor-thread-1) 💓 [HEARTBEAT] Invio heartbeat: {"stazioneId":"Padova","stato":"ONLINE","timestamp":"2026-08-15T19:22:18.616961420Z","tipoEvento":"HEARTBEAT","bufferSize":0}
2026-08-15 21:22:28,617 INFO  [it.uni.reti2.HeartbeatGenerator] (executor-thread-1) 💓 [HEARTBEAT] Invio heartbeat: {"stazioneId":"Padova","stato":"ONLINE","timestamp":"2026-08-15T19:22:28.616976538Z","tipoEvento":"HEARTBEAT","bufferSize":0}
2026-08-15 21:22:38,617 INFO  [it.uni.reti2.HeartbeatGenerator] (executor-thread-1) 💓 [HEARTBEAT] Invio heartbeat: {"stazioneId":"Padova","stato":"ONLINE","timestamp":"2026-08-15T19:22:38.617260375Z","tipoEvento":"HEARTBEAT","bufferSize":0}
2026-08-15 21:22:48,617 INFO  [it.uni.reti2.HeartbeatGenerator] (executor-thread-1) 💓 [HEARTBEAT] Invio heartbeat: {"stazioneId":"Padova","stato":"ONLINE","timestamp":"2026-08-15T19:22:48.617015616Z","tipoEvento":"HEARTBEAT","bufferSize":0}
2026-08-15 21:22:58,616 INFO  [it.uni.reti2.HeartbeatGenerator] (executor-thread-1) 💓 [HEARTBEAT] Invio heartbeat: {"stazioneId":"Padova","stato":"ONLINE","timestamp":"2026-08-15T19:22:58.616917714Z","tipoEvento":"HEARTBEAT","bufferSize":0}
2026-08-15 21:23:08,617 INFO  [it.uni.reti2.HeartbeatGenerator] (executor-thread-1) 💓 [HEARTBEAT] Invio heartbeat: {"stazioneId":"Padova","stato":"ONLINE","timestamp":"2026-08-15T19:23:08.617562074Z","tipoEvento":"HEARTBEAT","bufferSize":0}
2026-08-15 21:23:18,617 INFO  [it.uni.reti2.HeartbeatGenerator] (executor-thread-1) 💓 [HEARTBEAT] Invio heartbeat: {"stazioneId":"Padova","stato":"ONLINE","timestamp":"2026-08-15T19:23:18.617095454Z","tipoEvento":"HEARTBEAT","bufferSize":0}
2026-08-15 21:23:28,617 INFO  [it.uni.reti2.HeartbeatGenerator] (executor-thread-1) 💓 [HEARTBEAT] Invio heartbeat: {"stazioneId":"Padova","stato":"ONLINE","timestamp":"2026-08-15T19:23:28.617004372Z","tipoEvento":"HEARTBEAT","bufferSize":0}
2026-08-15 21:23:38,617 INFO  [it.uni.reti2.HeartbeatGenerator] (executor-thread-1) 💓 [HEARTBEAT] Invio heartbeat: {"stazioneId":"Padova","stato":"ONLINE","timestamp":"2026-08-15T19:23:38.617053083Z","tipoEvento":"HEARTBEAT","bufferSize":0}
2026-08-15 21:23:48,617 INFO  [it.uni.reti2.HeartbeatGenerator] (executor-thread-1) 💓 [HEARTBEAT] Invio heartbeat: {"stazioneId":"Padova","stato":"ONLINE","timestamp":"2026-08-15T19:23:48.617056291Z","tipoEvento":"HEARTBEAT","bufferSize":0}
2026-08-15 21:23:58,617 INFO  [it.uni.reti2.HeartbeatGenerator] (executor-thread-1) 💓 [HEARTBEAT] Invio heartbeat: {"stazioneId":"Padova","stato":"ONLINE","timestamp":"2026-08-15T19:23:58.616988388Z","tipoEvento":"HEARTBEAT","bufferSize":0}
2026-08-15 21:24:08,617 INFO  [it.uni.reti2.HeartbeatGenerator] (executor-thread-1) 💓 [HEARTBEAT] Invio heartbeat: {"stazioneId":"Padova","stato":"ONLINE","timestamp":"2026-08-15T19:24:08.617015375Z","tipoEvento":"HEARTBEAT","bufferSize":0}
2026-08-15 21:24:18,617 INFO  [it.uni.reti2.HeartbeatGenerator] (executor-thread-1) 💓 [HEARTBEAT] Invio heartbeat: {"stazioneId":"Padova","stato":"ONLINE","timestamp":"2026-08-15T19:24:18.617264103Z","tipoEvento":"HEARTBEAT","bufferSize":0}
2026-08-15 21:24:28,617 INFO  [it.uni.reti2.HeartbeatGenerator] (executor-thread-1) 💓 [HEARTBEAT] Invio heartbeat: {"stazioneId":"Padova","stato":"ONLINE","timestamp":"2026-08-15T19:24:28.617022519Z","tipoEvento":"HEARTBEAT","bufferSize":0}
2026-08-15 21:24:38,617 INFO  [it.uni.reti2.HeartbeatGenerator] (executor-thread-1) 💓 [HEARTBEAT] Invio heartbeat: {"stazioneId":"Padova","stato":"ONLINE","timestamp":"2026-08-15T19:24:38.617613226Z","tipoEvento":"HEARTBEAT","bufferSize":0}
2026-08-15 21:24:48,617 INFO  [it.uni.reti2.HeartbeatGenerator] (executor-thread-1) 💓 [HEARTBEAT] Invio heartbeat: {"stazioneId":"Padova","stato":"ONLINE","timestamp":"2026-08-15T19:24:48.617085428Z","tipoEvento":"HEARTBEAT","bufferSize":0}
2026-08-15 21:24:58,616 INFO  [it.uni.reti2.HeartbeatGenerator] (executor-thread-1) 💓 [HEARTBEAT] Invio heartbeat: {"stazioneId":"Padova","stato":"ONLINE","timestamp":"2026-08-15T19:24:58.616944523Z","tipoEvento":"HEARTBEAT","bufferSize":0}
2026-08-15 21:25:08,616 INFO  [it.uni.reti2.HeartbeatGenerator] (executor-thread-1) 💓 [HEARTBEAT] Invio heartbeat: {"stazioneId":"Padova","stato":"ONLINE","timestamp":"2026-08-15T19:25:08.616931450Z","tipoEvento":"HEARTBEAT","bufferSize":0}
2026-08-15 21:25:18,616 INFO  [it.uni.reti2.HeartbeatGenerator] (executor-thread-1) 💓 [HEARTBEAT] Invio heartbeat: {"stazioneId":"Padova","stato":"ONLINE","timestamp":"2026-08-15T19:25:18.616905927Z","tipoEvento":"HEARTBEAT","bufferSize":0}
2026-08-15 21:25:28,616 INFO  [it.uni.reti2.HeartbeatGenerator] (executor-thread-1) 💓 [HEARTBEAT] Invio heartbeat: {"stazioneId":"Padova","stato":"ONLINE","timestamp":"2026-08-15T19:25:28.616884988Z","tipoEvento":"HEARTBEAT","bufferSize":0}
2026-08-15 21:25:38,617 INFO  [it.uni.reti2.HeartbeatGenerator] (executor-thread-1) 💓 [HEARTBEAT] Invio heartbeat: {"stazioneId":"Padova","stato":"ONLINE","timestamp":"2026-08-15T19:25:38.616977923Z","tipoEvento":"HEARTBEAT","bufferSize":0}
2026-08-15 21:25:48,617 INFO  [it.uni.reti2.HeartbeatGenerator] (executor-thread-1) 💓 [HEARTBEAT] Invio heartbeat: {"stazioneId":"Padova","stato":"ONLINE","timestamp":"2026-08-15T19:25:48.616990257Z","tipoEvento":"HEARTBEAT","bufferSize":0}
2026-08-15 21:25:58,616 INFO  [it.uni.reti2.HeartbeatGenerator] (executor-thread-1) 💓 [HEARTBEAT] Invio heartbeat: {"stazioneId":"Padova","stato":"ONLINE","timestamp":"2026-08-15T19:25:58.616880024Z","tipoEvento":"HEARTBEAT","bufferSize":0}
2026-08-15 21:26:08,617 INFO  [it.uni.reti2.HeartbeatGenerator] (executor-thread-1) 💓 [HEARTBEAT] Invio heartbeat: {"stazioneId":"Padova","stato":"ONLINE","timestamp":"2026-08-15T19:26:08.617033517Z","tipoEvento":"HEARTBEAT","bufferSize":0}
2026-08-15 21:26:18,617 INFO  [it.uni.reti2.HeartbeatGenerator] (executor-thread-1) 💓 [HEARTBEAT] Invio heartbeat: {"stazioneId":"Padova","stato":"ONLINE","timestamp":"2026-08-15T19:26:18.617018211Z","tipoEvento":"HEARTBEAT","bufferSize":0}
2026-08-15 21:26:28,617 INFO  [it.uni.reti2.HeartbeatGenerator] (executor-thread-1) 💓 [HEARTBEAT] Invio heartbeat: {"stazioneId":"Padova","stato":"ONLINE","timestamp":"2026-08-15T19:26:28.617022037Z","tipoEvento":"HEARTBEAT","bufferSize":0}
2026-08-15 21:26:38,617 INFO  [it.uni.reti2.HeartbeatGenerator] (executor-thread-1) 💓 [HEARTBEAT] Invio heartbeat: {"stazioneId":"Padova","stato":"ONLINE","timestamp":"2026-08-15T19:26:38.617001015Z","tipoEvento":"HEARTBEAT","bufferSize":0}
2026-08-15 21:26:48,617 INFO  [it.uni.reti2.HeartbeatGenerator] (executor-thread-1) 💓 [HEARTBEAT] Invio heartbeat: {"stazioneId":"Padova","stato":"ONLINE","timestamp":"2026-08-15T19:26:48.616979591Z","tipoEvento":"HEARTBEAT","bufferSize":0}
2026-08-15 21:26:58,617 INFO  [it.uni.reti2.HeartbeatGenerator] (executor-thread-1) 💓 [HEARTBEAT] Invio heartbeat: {"stazioneId":"Padova","stato":"ONLINE","timestamp":"2026-08-15T19:26:58.616995020Z","tipoEvento":"HEARTBEAT","bufferSize":0}
2026-08-15 21:27:08,616 INFO  [it.uni.reti2.HeartbeatGenerator] (executor-thread-1) 💓 [HEARTBEAT] Invio heartbeat: {"stazioneId":"Padova","stato":"ONLINE","timestamp":"2026-08-15T19:27:08.616925479Z","tipoEvento":"HEARTBEAT","bufferSize":0}
2026-08-15 21:27:18,617 INFO  [it.uni.reti2.HeartbeatGenerator] (executor-thread-1) 💓 [HEARTBEAT] Invio heartbeat: {"stazioneId":"Padova","stato":"ONLINE","timestamp":"2026-08-15T19:27:18.617005372Z","tipoEvento":"HEARTBEAT","bufferSize":0}
2026-08-15 21:27:28,616 INFO  [it.uni.reti2.HeartbeatGenerator] (executor-thread-1) 💓 [HEARTBEAT] Invio heartbeat: {"stazioneId":"Padova","stato":"ONLINE","timestamp":"2026-08-15T19:27:28.616901051Z","tipoEvento":"HEARTBEAT","bufferSize":0}
2026-08-15 21:27:38,617 INFO  [it.uni.reti2.HeartbeatGenerator] (executor-thread-1) 💓 [HEARTBEAT] Invio heartbeat: {"stazioneId":"Padova","stato":"ONLINE","timestamp":"2026-08-15T19:27:38.616928587Z","tipoEvento":"HEARTBEAT","bufferSize":0}
2026-08-15 21:27:48,617 INFO  [it.uni.reti2.HeartbeatGenerator] (executor-thread-1) 💓 [HEARTBEAT] Invio heartbeat: {"stazioneId":"Padova","stato":"ONLINE","timestamp":"2026-08-15T19:27:48.616961879Z","tipoEvento":"HEARTBEAT","bufferSize":0}
2026-08-15 21:27:58,617 INFO  [it.uni.reti2.HeartbeatGenerator] (executor-thread-1) 💓 [HEARTBEAT] Invio heartbeat: {"stazioneId":"Padova","stato":"ONLINE","timestamp":"2026-08-15T19:27:58.617022353Z","tipoEvento":"HEARTBEAT","bufferSize":0}
2026-08-15 21:28:08,617 INFO  [it.uni.reti2.HeartbeatGenerator] (executor-thread-1) 💓 [HEARTBEAT] Invio heartbeat: {"stazioneId":"Padova","stato":"ONLINE","timestamp":"2026-08-15T19:28:08.617541749Z","tipoEvento":"HEARTBEAT","bufferSize":0}
2026-08-15 21:28:18,617 INFO  [it.uni.reti2.HeartbeatGenerator] (executor-thread-1) 💓 [HEARTBEAT] Invio heartbeat: {"stazioneId":"Padova","stato":"ONLINE","timestamp":"2026-08-15T19:28:18.616989512Z","tipoEvento":"HEARTBEAT","bufferSize":0}
2026-08-15 21:28:28,616 INFO  [it.uni.reti2.HeartbeatGenerator] (executor-thread-1) 💓 [HEARTBEAT] Invio heartbeat: {"stazioneId":"Padova","stato":"ONLINE","timestamp":"2026-08-15T19:28:28.616880611Z","tipoEvento":"HEARTBEAT","bufferSize":0}
2026-08-15 21:28:38,617 INFO  [it.uni.reti2.HeartbeatGenerator] (executor-thread-1) 💓 [HEARTBEAT] Invio heartbeat: {"stazioneId":"Padova","stato":"ONLINE","timestamp":"2026-08-15T19:28:38.616955832Z","tipoEvento":"HEARTBEAT","bufferSize":0}
2026-08-15 21:28:48,616 INFO  [it.uni.reti2.HeartbeatGenerator] (executor-thread-1) 💓 [HEARTBEAT] Invio heartbeat: {"stazioneId":"Padova","stato":"ONLINE","timestamp":"2026-08-15T19:28:48.616924037Z","tipoEvento":"HEARTBEAT","bufferSize":0}
2026-08-15 21:28:58,617 INFO  [it.uni.reti2.HeartbeatGenerator] (executor-thread-1) 💓 [HEARTBEAT] Invio heartbeat: {"stazioneId":"Padova","stato":"ONLINE","timestamp":"2026-08-15T19:28:58.617052057Z","tipoEvento":"HEARTBEAT","bufferSize":0}
2026-08-15 21:29:08,617 INFO  [it.uni.reti2.HeartbeatGenerator] (executor-thread-1) 💓 [HEARTBEAT] Invio heartbeat: {"stazioneId":"Padova","stato":"ONLINE","timestamp":"2026-08-15T19:29:08.617335015Z","tipoEvento":"HEARTBEAT","bufferSize":0}
2026-08-15 21:29:18,617 INFO  [it.uni.reti2.HeartbeatGenerator] (executor-thread-1) 💓 [HEARTBEAT] Invio heartbeat: {"stazioneId":"Padova","stato":"ONLINE","timestamp":"2026-08-15T19:29:18.617038284Z","tipoEvento":"HEARTBEAT","bufferSize":0}
2026-08-15 21:29:28,616 INFO  [it.uni.reti2.HeartbeatGenerator] (executor-thread-1) 💓 [HEARTBEAT] Invio heartbeat: {"stazioneId":"Padova","stato":"ONLINE","timestamp":"2026-08-15T19:29:28.616934614Z","tipoEvento":"HEARTBEAT","bufferSize":0}
2026-08-15 21:29:38,617 INFO  [it.uni.reti2.HeartbeatGenerator] (executor-thread-1) 💓 [HEARTBEAT] Invio heartbeat: {"stazioneId":"Padova","stato":"ONLINE","timestamp":"2026-08-15T19:29:38.617394759Z","tipoEvento":"HEARTBEAT","bufferSize":0}
2026-08-15 21:29:48,616 INFO  [it.uni.reti2.HeartbeatGenerator] (executor-thread-1) 💓 [HEARTBEAT] Invio heartbeat: {"stazioneId":"Padova","stato":"ONLINE","timestamp":"2026-08-15T19:29:48.616955315Z","tipoEvento":"HEARTBEAT","bufferSize":0}
2026-08-15 21:29:58,617 INFO  [it.uni.reti2.HeartbeatGenerator] (executor-thread-1) 💓 [HEARTBEAT] Invio heartbeat: {"stazioneId":"Padova","stato":"ONLINE","timestamp":"2026-08-15T19:29:58.617008405Z","tipoEvento":"HEARTBEAT","bufferSize":0}
2026-08-15 21:30:08,617 INFO  [it.uni.reti2.HeartbeatGenerator] (executor-thread-1) 💓 [HEARTBEAT] Invio heartbeat: {"stazioneId":"Padova","stato":"ONLINE","timestamp":"2026-08-15T19:30:08.617018014Z","tipoEvento":"HEARTBEAT","bufferSize":0}
2026-08-15 21:30:18,617 INFO  [it.uni.reti2.HeartbeatGenerator] (executor-thread-1) 💓 [HEARTBEAT] Invio heartbeat: {"stazioneId":"Padova","stato":"ONLINE","timestamp":"2026-08-15T19:30:18.616964459Z","tipoEvento":"HEARTBEAT","bufferSize":0}
2026-08-15 21:30:28,616 INFO  [it.uni.reti2.HeartbeatGenerator] (executor-thread-1) 💓 [HEARTBEAT] Invio heartbeat: {"stazioneId":"Padova","stato":"ONLINE","timestamp":"2026-08-15T19:30:28.616894314Z","tipoEvento":"HEARTBEAT","bufferSize":0}
2026-08-15 21:30:38,616 INFO  [it.uni.reti2.HeartbeatGenerator] (executor-thread-1) 💓 [HEARTBEAT] Invio heartbeat: {"stazioneId":"Padova","stato":"ONLINE","timestamp":"2026-08-15T19:30:38.616938898Z","tipoEvento":"HEARTBEAT","bufferSize":0}
2026-08-15 21:30:48,616 INFO  [it.uni.reti2.HeartbeatGenerator] (executor-thread-1) 💓 [HEARTBEAT] Invio heartbeat: {"stazioneId":"Padova","stato":"ONLINE","timestamp":"2026-08-15T19:30:48.616949635Z","tipoEvento":"HEARTBEAT","bufferSize":0}
2026-08-15 21:30:58,617 INFO  [it.uni.reti2.HeartbeatGenerator] (executor-thread-1) 💓 [HEARTBEAT] Invio heartbeat: {"stazioneId":"Padova","stato":"ONLINE","timestamp":"2026-08-15T19:30:58.617015663Z","tipoEvento":"HEARTBEAT","bufferSize":0}
2026-08-15 21:31:08,618 INFO  [it.uni.reti2.HeartbeatGenerator] (executor-thread-1) 💓 [HEARTBEAT] Invio heartbeat: {"stazioneId":"Padova","stato":"ONLINE","timestamp":"2026-08-15T19:31:08.617946974Z","tipoEvento":"HEARTBEAT","bufferSize":0}
2026-08-15 21:31:18,616 INFO  [it.uni.reti2.HeartbeatGenerator] (executor-thread-1) 💓 [HEARTBEAT] Invio heartbeat: {"stazioneId":"Padova","stato":"ONLINE","timestamp":"2026-08-15T19:31:18.616922737Z","tipoEvento":"HEARTBEAT","bufferSize":0}
2026-08-15 21:31:28,616 INFO  [it.uni.reti2.HeartbeatGenerator] (executor-thread-1) 💓 [HEARTBEAT] Invio heartbeat: {"stazioneId":"Padova","stato":"ONLINE","timestamp":"2026-08-15T19:31:28.616888656Z","tipoEvento":"HEARTBEAT","bufferSize":0}
2026-08-15 21:31:38,617 INFO  [it.uni.reti2.HeartbeatGenerator] (executor-thread-1) 💓 [HEARTBEAT] Invio heartbeat: {"stazioneId":"Padova","stato":"ONLINE","timestamp":"2026-08-15T19:31:38.617114812Z","tipoEvento":"HEARTBEAT","bufferSize":0}
2026-08-15 21:31:48,617 INFO  [it.uni.reti2.HeartbeatGenerator] (executor-thread-1) 💓 [HEARTBEAT] Invio heartbeat: {"stazioneId":"Padova","stato":"ONLINE","timestamp":"2026-08-15T19:31:48.617330267Z","tipoEvento":"HEARTBEAT","bufferSize":0}
2026-08-15 21:31:58,617 INFO  [it.uni.reti2.HeartbeatGenerator] (executor-thread-1) 💓 [HEARTBEAT] Invio heartbeat: {"stazioneId":"Padova","stato":"ONLINE","timestamp":"2026-08-15T19:31:58.617316502Z","tipoEvento":"HEARTBEAT","bufferSize":0}
2026-08-15 21:32:08,617 INFO  [it.uni.reti2.HeartbeatGenerator] (executor-thread-1) 💓 [HEARTBEAT] Invio heartbeat: {"stazioneId":"Padova","stato":"ONLINE","timestamp":"2026-08-15T19:32:08.616999465Z","tipoEvento":"HEARTBEAT","bufferSize":0}
2026-08-15 21:32:18,617 INFO  [it.uni.reti2.HeartbeatGenerator] (executor-thread-1) 💓 [HEARTBEAT] Invio heartbeat: {"stazioneId":"Padova","stato":"ONLINE","timestamp":"2026-08-15T19:32:18.617026812Z","tipoEvento":"HEARTBEAT","bufferSize":0}
2026-08-15 21:32:28,617 INFO  [it.uni.reti2.HeartbeatGenerator] (executor-thread-1) 💓 [HEARTBEAT] Invio heartbeat: {"stazioneId":"Padova","stato":"ONLINE","timestamp":"2026-08-15T19:32:28.617047626Z","tipoEvento":"HEARTBEAT","bufferSize":0}
2026-08-15 21:32:38,617 INFO  [it.uni.reti2.HeartbeatGenerator] (executor-thread-1) 💓 [HEARTBEAT] Invio heartbeat: {"stazioneId":"Padova","stato":"ONLINE","timestamp":"2026-08-15T19:32:38.617300593Z","tipoEvento":"HEARTBEAT","bufferSize":0}
2026-08-15 21:32:48,617 INFO  [it.uni.reti2.HeartbeatGenerator] (executor-thread-1) 💓 [HEARTBEAT] Invio heartbeat: {"stazioneId":"Padova","stato":"ONLINE","timestamp":"2026-08-15T19:32:48.616996183Z","tipoEvento":"HEARTBEAT","bufferSize":0}
2026-08-15 21:32:58,617 INFO  [it.uni.reti2.HeartbeatGenerator] (executor-thread-1) 💓 [HEARTBEAT] Invio heartbeat: {"stazioneId":"Padova","stato":"ONLINE","timestamp":"2026-08-15T19:32:58.617152628Z","tipoEvento":"HEARTBEAT","bufferSize":0}
2026-08-15 21:33:08,617 INFO  [it.uni.reti2.HeartbeatGenerator] (executor-thread-1) 💓 [HEARTBEAT] Invio heartbeat: {"stazioneId":"Padova","stato":"ONLINE","timestamp":"2026-08-15T19:33:08.617064336Z","tipoEvento":"HEARTBEAT","bufferSize":0}
2026-08-15 21:33:18,617 INFO  [it.uni.reti2.HeartbeatGenerator] (executor-thread-1) 💓 [HEARTBEAT] Invio heartbeat: {"stazioneId":"Padova","stato":"ONLINE","timestamp":"2026-08-15T19:33:18.617209170Z","tipoEvento":"HEARTBEAT","bufferSize":0}
2026-08-15 21:33:28,617 INFO  [it.uni.reti2.HeartbeatGenerator] (executor-thread-1) 💓 [HEARTBEAT] Invio heartbeat: {"stazioneId":"Padova","stato":"ONLINE","timestamp":"2026-08-15T19:33:28.617123437Z","tipoEvento":"HEARTBEAT","bufferSize":0}
2026-08-15 21:33:38,617 INFO  [it.uni.reti2.HeartbeatGenerator] (executor-thread-1) 💓 [HEARTBEAT] Invio heartbeat: {"stazioneId":"Padova","stato":"ONLINE","timestamp":"2026-08-15T19:33:38.617205868Z","tipoEvento":"HEARTBEAT","bufferSize":0}
2026-08-15 21:33:48,617 INFO  [it.uni.reti2.HeartbeatGenerator] (executor-thread-1) 💓 [HEARTBEAT] Invio heartbeat: {"stazioneId":"Padova","stato":"ONLINE","timestamp":"2026-08-15T19:33:48.616910476Z","tipoEvento":"HEARTBEAT","bufferSize":0}
2026-08-15 21:33:58,617 INFO  [it.uni.reti2.HeartbeatGenerator] (executor-thread-1) 💓 [HEARTBEAT] Invio heartbeat: {"stazioneId":"Padova","stato":"ONLINE","timestamp":"2026-08-15T19:33:58.616972479Z","tipoEvento":"HEARTBEAT","bufferSize":0}
2026-08-15 21:34:08,616 INFO  [it.uni.reti2.HeartbeatGenerator] (executor-thread-1) 💓 [HEARTBEAT] Invio heartbeat: {"stazioneId":"Padova","stato":"ONLINE","timestamp":"2026-08-15T19:34:08.616892301Z","tipoEvento":"HEARTBEAT","bufferSize":0}
2026-08-15 21:34:18,617 INFO  [it.uni.reti2.HeartbeatGenerator] (executor-thread-1) 💓 [HEARTBEAT] Invio heartbeat: {"stazioneId":"Padova","stato":"ONLINE","timestamp":"2026-08-15T19:34:18.617355747Z","tipoEvento":"HEARTBEAT","bufferSize":0}
2026-08-15 21:34:28,617 INFO  [it.uni.reti2.HeartbeatGenerator] (executor-thread-1) 💓 [HEARTBEAT] Invio heartbeat: {"stazioneId":"Padova","stato":"ONLINE","timestamp":"2026-08-15T19:34:28.617043508Z","tipoEvento":"HEARTBEAT","bufferSize":0}
2026-08-15 21:34:38,617 INFO  [it.uni.reti2.HeartbeatGenerator] (executor-thread-1) 💓 [HEARTBEAT] Invio heartbeat: {"stazioneId":"Padova","stato":"ONLINE","timestamp":"2026-08-15T19:34:38.617054137Z","tipoEvento":"HEARTBEAT","bufferSize":0}
2026-08-15 21:34:48,617 INFO  [it.uni.reti2.HeartbeatGenerator] (executor-thread-1) 💓 [HEARTBEAT] Invio heartbeat: {"stazioneId":"Padova","stato":"ONLINE","timestamp":"2026-08-15T19:34:48.617014094Z","tipoEvento":"HEARTBEAT","bufferSize":0}
2026-08-15 21:34:58,617 INFO  [it.uni.reti2.HeartbeatGenerator] (executor-thread-1) 💓 [HEARTBEAT] Invio heartbeat: {"stazioneId":"Padova","stato":"ONLINE","timestamp":"2026-08-15T19:34:58.617404057Z","tipoEvento":"HEARTBEAT","bufferSize":0}
2026-08-15 21:35:08,617 INFO  [it.uni.reti2.HeartbeatGenerator] (executor-thread-1) 💓 [HEARTBEAT] Invio heartbeat: {"stazioneId":"Padova","stato":"ONLINE","timestamp":"2026-08-15T19:35:08.617266911Z","tipoEvento":"HEARTBEAT","bufferSize":0}
2026-08-15 21:35:18,617 INFO  [it.uni.reti2.HeartbeatGenerator] (executor-thread-1) 💓 [HEARTBEAT] Invio heartbeat: {"stazioneId":"Padova","stato":"ONLINE","timestamp":"2026-08-15T19:35:18.616969908Z","tipoEvento":"HEARTBEAT","bufferSize":0}
2026-08-15 21:35:28,617 INFO  [it.uni.reti2.HeartbeatGenerator] (executor-thread-1) 💓 [HEARTBEAT] Invio heartbeat: {"stazioneId":"Padova","stato":"ONLINE","timestamp":"2026-08-15T19:35:28.617239322Z","tipoEvento":"HEARTBEAT","bufferSize":0}
2026-08-15 21:35:38,616 INFO  [it.uni.reti2.HeartbeatGenerator] (executor-thread-1) 💓 [HEARTBEAT] Invio heartbeat: {"stazioneId":"Padova","stato":"ONLINE","timestamp":"2026-08-15T19:35:38.616871783Z","tipoEvento":"HEARTBEAT","bufferSize":0}
2026-08-15 21:35:48,617 INFO  [it.uni.reti2.HeartbeatGenerator] (executor-thread-1) 💓 [HEARTBEAT] Invio heartbeat: {"stazioneId":"Padova","stato":"ONLINE","timestamp":"2026-08-15T19:35:48.617291075Z","tipoEvento":"HEARTBEAT","bufferSize":0}
2026-08-15 21:35:58,617 INFO  [it.uni.reti2.HeartbeatGenerator] (executor-thread-1) 💓 [HEARTBEAT] Invio heartbeat: {"stazioneId":"Padova","stato":"ONLINE","timestamp":"2026-08-15T19:35:58.617558545Z","tipoEvento":"HEARTBEAT","bufferSize":0}
2026-08-15 21:36:08,617 INFO  [it.uni.reti2.HeartbeatGenerator] (executor-thread-1) 💓 [HEARTBEAT] Invio heartbeat: {"stazioneId":"Padova","stato":"ONLINE","timestamp":"2026-08-15T19:36:08.617253409Z","tipoEvento":"HEARTBEAT","bufferSize":0}
2026-08-15 21:36:18,617 INFO  [it.uni.reti2.HeartbeatGenerator] (executor-thread-1) 💓 [HEARTBEAT] Invio heartbeat: {"stazioneId":"Padova","stato":"ONLINE","timestamp":"2026-08-15T19:36:18.617408041Z","tipoEvento":"HEARTBEAT","bufferSize":0}
2026-08-15 21:36:28,617 INFO  [it.uni.reti2.HeartbeatGenerator] (executor-thread-1) 💓 [HEARTBEAT] Invio heartbeat: {"stazioneId":"Padova","stato":"ONLINE","timestamp":"2026-08-15T19:36:28.617061294Z","tipoEvento":"HEARTBEAT","bufferSize":0}
2026-08-15 21:36:38,617 INFO  [it.uni.reti2.HeartbeatGenerator] (executor-thread-1) 💓 [HEARTBEAT] Invio heartbeat: {"stazioneId":"Padova","stato":"ONLINE","timestamp":"2026-08-15T19:36:38.616968998Z","tipoEvento":"HEARTBEAT","bufferSize":0}
2026-08-15 21:36:48,616 INFO  [it.uni.reti2.HeartbeatGenerator] (executor-thread-1) 💓 [HEARTBEAT] Invio heartbeat: {"stazioneId":"Padova","stato":"ONLINE","timestamp":"2026-08-15T19:36:48.616905517Z","tipoEvento":"HEARTBEAT","bufferSize":0}
2026-08-15 21:36:58,616 INFO  [it.uni.reti2.HeartbeatGenerator] (executor-thread-1) 💓 [HEARTBEAT] Invio heartbeat: {"stazioneId":"Padova","stato":"ONLINE","timestamp":"2026-08-15T19:36:58.616946083Z","tipoEvento":"HEARTBEAT","bufferSize":0}
2026-08-15 21:37:08,617 INFO  [it.uni.reti2.HeartbeatGenerator] (executor-thread-1) 💓 [HEARTBEAT] Invio heartbeat: {"stazioneId":"Padova","stato":"ONLINE","timestamp":"2026-08-15T19:37:08.617433225Z","tipoEvento":"HEARTBEAT","bufferSize":0}
2026-08-15 21:37:18,616 INFO  [it.uni.reti2.HeartbeatGenerator] (executor-thread-1) 💓 [HEARTBEAT] Invio heartbeat: {"stazioneId":"Padova","stato":"ONLINE","timestamp":"2026-08-15T19:37:18.616907529Z","tipoEvento":"HEARTBEAT","bufferSize":0}
2026-08-15 21:37:28,617 INFO  [it.uni.reti2.HeartbeatGenerator] (executor-thread-1) 💓 [HEARTBEAT] Invio heartbeat: {"stazioneId":"Padova","stato":"ONLINE","timestamp":"2026-08-15T19:37:28.617007556Z","tipoEvento":"HEARTBEAT","bufferSize":0}
2026-08-15 21:37:38,616 INFO  [it.uni.reti2.HeartbeatGenerator] (executor-thread-1) 💓 [HEARTBEAT] Invio heartbeat: {"stazioneId":"Padova","stato":"ONLINE","timestamp":"2026-08-15T19:37:38.616911585Z","tipoEvento":"HEARTBEAT","bufferSize":0}
2026-08-15 21:37:48,617 INFO  [it.uni.reti2.HeartbeatGenerator] (executor-thread-1) 💓 [HEARTBEAT] Invio heartbeat: {"stazioneId":"Padova","stato":"ONLINE","timestamp":"2026-08-15T19:37:48.617617554Z","tipoEvento":"HEARTBEAT","bufferSize":0}
2026-08-15 21:37:58,616 INFO  [it.uni.reti2.HeartbeatGenerator] (executor-thread-1) 💓 [HEARTBEAT] Invio heartbeat: {"stazioneId":"Padova","stato":"ONLINE","timestamp":"2026-08-15T19:37:58.616947806Z","tipoEvento":"HEARTBEAT","bufferSize":0}
2026-08-15 21:38:08,617 INFO  [it.uni.reti2.HeartbeatGenerator] (executor-thread-1) 💓 [HEARTBEAT] Invio heartbeat: {"stazioneId":"Padova","stato":"ONLINE","timestamp":"2026-08-15T19:38:08.617621189Z","tipoEvento":"HEARTBEAT","bufferSize":0}
2026-08-15 21:38:18,617 INFO  [it.uni.reti2.HeartbeatGenerator] (executor-thread-1) 💓 [HEARTBEAT] Invio heartbeat: {"stazioneId":"Padova","stato":"ONLINE","timestamp":"2026-08-15T19:38:18.617053455Z","tipoEvento":"HEARTBEAT","bufferSize":0}
2026-08-15 21:38:28,618 INFO  [it.uni.reti2.HeartbeatGenerator] (executor-thread-1) 💓 [HEARTBEAT] Invio heartbeat: {"stazioneId":"Padova","stato":"ONLINE","timestamp":"2026-08-15T19:38:28.618691394Z","tipoEvento":"HEARTBEAT","bufferSize":0}
2026-08-15 21:38:38,616 INFO  [it.uni.reti2.HeartbeatGenerator] (executor-thread-1) 💓 [HEARTBEAT] Invio heartbeat: {"stazioneId":"Padova","stato":"ONLINE","timestamp":"2026-08-15T19:38:38.616917114Z","tipoEvento":"HEARTBEAT","bufferSize":0}
2026-08-15 21:38:48,616 INFO  [it.uni.reti2.HeartbeatGenerator] (executor-thread-1) 💓 [HEARTBEAT] Invio heartbeat: {"stazioneId":"Padova","stato":"ONLINE","timestamp":"2026-08-15T19:38:48.616870739Z","tipoEvento":"HEARTBEAT","bufferSize":0}
2026-08-15 21:38:58,617 INFO  [it.uni.reti2.HeartbeatGenerator] (executor-thread-1) 💓 [HEARTBEAT] Invio heartbeat: {"stazioneId":"Padova","stato":"ONLINE","timestamp":"2026-08-15T19:38:58.617083221Z","tipoEvento":"HEARTBEAT","bufferSize":0}
2026-08-15 21:39:08,617 INFO  [it.uni.reti2.HeartbeatGenerator] (executor-thread-1) 💓 [HEARTBEAT] Invio heartbeat: {"stazioneId":"Padova","stato":"ONLINE","timestamp":"2026-08-15T19:39:08.617275299Z","tipoEvento":"HEARTBEAT","bufferSize":0}
2026-08-15 21:39:18,617 INFO  [it.uni.reti2.HeartbeatGenerator] (executor-thread-1) 💓 [HEARTBEAT] Invio heartbeat: {"stazioneId":"Padova","stato":"ONLINE","timestamp":"2026-08-15T19:39:18.617008595Z","tipoEvento":"HEARTBEAT","bufferSize":0}
2026-08-15 21:39:28,617 INFO  [it.uni.reti2.HeartbeatGenerator] (executor-thread-1) 💓 [HEARTBEAT] Invio heartbeat: {"stazioneId":"Padova","stato":"ONLINE","timestamp":"2026-08-15T19:39:28.617773658Z","tipoEvento":"HEARTBEAT","bufferSize":0}
2026-08-15 21:39:38,617 INFO  [it.uni.reti2.HeartbeatGenerator] (executor-thread-1) 💓 [HEARTBEAT] Invio heartbeat: {"stazioneId":"Padova","stato":"ONLINE","timestamp":"2026-08-15T19:39:38.617127222Z","tipoEvento":"HEARTBEAT","bufferSize":0}
2026-08-15 21:39:48,616 INFO  [it.uni.reti2.HeartbeatGenerator] (executor-thread-1) 💓 [HEARTBEAT] Invio heartbeat: {"stazioneId":"Padova","stato":"ONLINE","timestamp":"2026-08-15T19:39:48.616965492Z","tipoEvento":"HEARTBEAT","bufferSize":0}
2026-08-15 21:39:58,616 INFO  [it.uni.reti2.HeartbeatGenerator] (executor-thread-1) 💓 [HEARTBEAT] Invio heartbeat: {"stazioneId":"Padova","stato":"ONLINE","timestamp":"2026-08-15T19:39:58.616944562Z","tipoEvento":"HEARTBEAT","bufferSize":0}
2026-08-15 21:40:08,617 INFO  [it.uni.reti2.HeartbeatGenerator] (executor-thread-1) 💓 [HEARTBEAT] Invio heartbeat: {"stazioneId":"Padova","stato":"ONLINE","timestamp":"2026-08-15T19:40:08.617335524Z","tipoEvento":"HEARTBEAT","bufferSize":0}
2026-08-15 21:40:18,617 INFO  [it.uni.reti2.HeartbeatGenerator] (executor-thread-1) 💓 [HEARTBEAT] Invio heartbeat: {"stazioneId":"Padova","stato":"ONLINE","timestamp":"2026-08-15T19:40:18.617345865Z","tipoEvento":"HEARTBEAT","bufferSize":0}
2026-08-15 21:40:28,617 INFO  [it.uni.reti2.HeartbeatGenerator] (executor-thread-1) 💓 [HEARTBEAT] Invio heartbeat: {"stazioneId":"Padova","stato":"ONLINE","timestamp":"2026-08-15T19:40:28.617320530Z","tipoEvento":"HEARTBEAT","bufferSize":0}
2026-08-15 21:40:38,617 INFO  [it.uni.reti2.HeartbeatGenerator] (executor-thread-1) 💓 [HEARTBEAT] Invio heartbeat: {"stazioneId":"Padova","stato":"ONLINE","timestamp":"2026-08-15T19:40:38.617015373Z","tipoEvento":"HEARTBEAT","bufferSize":0}
2026-08-15 21:40:48,617 INFO  [it.uni.reti2.HeartbeatGenerator] (executor-thread-1) 💓 [HEARTBEAT] Invio heartbeat: {"stazioneId":"Padova","stato":"ONLINE","timestamp":"2026-08-15T19:40:48.617008378Z","tipoEvento":"HEARTBEAT","bufferSize":0}
2026-08-15 21:40:58,616 INFO  [it.uni.reti2.HeartbeatGenerator] (executor-thread-1) 💓 [HEARTBEAT] Invio heartbeat: {"stazioneId":"Padova","stato":"ONLINE","timestamp":"2026-08-15T19:40:58.616896146Z","tipoEvento":"HEARTBEAT","bufferSize":0}
2026-08-15 21:41:08,617 INFO  [it.uni.reti2.HeartbeatGenerator] (executor-thread-1) 💓 [HEARTBEAT] Invio heartbeat: {"stazioneId":"Padova","stato":"ONLINE","timestamp":"2026-08-15T19:41:08.617321080Z","tipoEvento":"HEARTBEAT","bufferSize":0}
2026-08-15 21:41:18,617 INFO  [it.uni.reti2.HeartbeatGenerator] (executor-thread-1) 💓 [HEARTBEAT] Invio heartbeat: {"stazioneId":"Padova","stato":"ONLINE","timestamp":"2026-08-15T19:41:18.617094721Z","tipoEvento":"HEARTBEAT","bufferSize":0}
2026-08-15 21:41:28,617 INFO  [it.uni.reti2.HeartbeatGenerator] (executor-thread-1) 💓 [HEARTBEAT] Invio heartbeat: {"stazioneId":"Padova","stato":"ONLINE","timestamp":"2026-08-15T19:41:28.617016306Z","tipoEvento":"HEARTBEAT","bufferSize":0}
2026-08-15 21:41:38,616 INFO  [it.uni.reti2.HeartbeatGenerator] (executor-thread-1) 💓 [HEARTBEAT] Invio heartbeat: {"stazioneId":"Padova","stato":"ONLINE","timestamp":"2026-08-15T19:41:38.616967078Z","tipoEvento":"HEARTBEAT","bufferSize":0}
2026-08-15 21:41:48,617 INFO  [it.uni.reti2.HeartbeatGenerator] (executor-thread-1) 💓 [HEARTBEAT] Invio heartbeat: {"stazioneId":"Padova","stato":"ONLINE","timestamp":"2026-08-15T19:41:48.616993810Z","tipoEvento":"HEARTBEAT","bufferSize":0}
2026-08-15 21:41:58,617 INFO  [it.uni.reti2.HeartbeatGenerator] (executor-thread-1) 💓 [HEARTBEAT] Invio heartbeat: {"stazioneId":"Padova","stato":"ONLINE","timestamp":"2026-08-15T19:41:58.617268468Z","tipoEvento":"HEARTBEAT","bufferSize":0}
2026-08-15 21:42:08,617 INFO  [it.uni.reti2.HeartbeatGenerator] (executor-thread-1) 💓 [HEARTBEAT] Invio heartbeat: {"stazioneId":"Padova","stato":"ONLINE","timestamp":"2026-08-15T19:42:08.616997530Z","tipoEvento":"HEARTBEAT","bufferSize":0}
2026-08-15 21:42:18,617 INFO  [it.uni.reti2.HeartbeatGenerator] (executor-thread-1) 💓 [HEARTBEAT] Invio heartbeat: {"stazioneId":"Padova","stato":"ONLINE","timestamp":"2026-08-15T19:42:18.617553312Z","tipoEvento":"HEARTBEAT","bufferSize":0}
2026-08-15 21:42:28,617 INFO  [it.uni.reti2.HeartbeatGenerator] (executor-thread-1) 💓 [HEARTBEAT] Invio heartbeat: {"stazioneId":"Padova","stato":"ONLINE","timestamp":"2026-08-15T19:42:28.617244496Z","tipoEvento":"HEARTBEAT","bufferSize":0}
2026-08-15 21:42:38,616 INFO  [it.uni.reti2.HeartbeatGenerator] (executor-thread-1) 💓 [HEARTBEAT] Invio heartbeat: {"stazioneId":"Padova","stato":"ONLINE","timestamp":"2026-08-15T19:42:38.616958426Z","tipoEvento":"HEARTBEAT","bufferSize":0}
2026-08-15 21:42:48,617 INFO  [it.uni.reti2.HeartbeatGenerator] (executor-thread-1) 💓 [HEARTBEAT] Invio heartbeat: {"stazioneId":"Padova","stato":"ONLINE","timestamp":"2026-08-15T19:42:48.617170210Z","tipoEvento":"HEARTBEAT","bufferSize":0}
2026-08-15 21:42:58,617 INFO  [it.uni.reti2.HeartbeatGenerator] (executor-thread-1) 💓 [HEARTBEAT] Invio heartbeat: {"stazioneId":"Padova","stato":"ONLINE","timestamp":"2026-08-15T19:42:58.617027551Z","tipoEvento":"HEARTBEAT","bufferSize":0}
2026-08-15 21:43:08,617 INFO  [it.uni.reti2.HeartbeatGenerator] (executor-thread-1) 💓 [HEARTBEAT] Invio heartbeat: {"stazioneId":"Padova","stato":"ONLINE","timestamp":"2026-08-15T19:43:08.617268811Z","tipoEvento":"HEARTBEAT","bufferSize":0}
2026-08-15 21:43:18,617 INFO  [it.uni.reti2.HeartbeatGenerator] (executor-thread-1) 💓 [HEARTBEAT] Invio heartbeat: {"stazioneId":"Padova","stato":"ONLINE","timestamp":"2026-08-15T19:43:18.617835774Z","tipoEvento":"HEARTBEAT","bufferSize":0}
2026-08-15 21:43:28,617 INFO  [it.uni.reti2.HeartbeatGenerator] (executor-thread-1) 💓 [HEARTBEAT] Invio heartbeat: {"stazioneId":"Padova","stato":"ONLINE","timestamp":"2026-08-15T19:43:28.617281606Z","tipoEvento":"HEARTBEAT","bufferSize":0}
2026-08-15 21:43:38,617 INFO  [it.uni.reti2.HeartbeatGenerator] (executor-thread-1) 💓 [HEARTBEAT] Invio heartbeat: {"stazioneId":"Padova","stato":"ONLINE","timestamp":"2026-08-15T19:43:38.617698948Z","tipoEvento":"HEARTBEAT","bufferSize":0}
2026-08-15 21:43:48,617 INFO  [it.uni.reti2.HeartbeatGenerator] (executor-thread-1) 💓 [HEARTBEAT] Invio heartbeat: {"stazioneId":"Padova","stato":"ONLINE","timestamp":"2026-08-15T19:43:48.617000335Z","tipoEvento":"HEARTBEAT","bufferSize":0}
2026-08-15 21:43:58,617 INFO  [it.uni.reti2.HeartbeatGenerator] (executor-thread-1) 💓 [HEARTBEAT] Invio heartbeat: {"stazioneId":"Padova","stato":"ONLINE","timestamp":"2026-08-15T19:43:58.617070573Z","tipoEvento":"HEARTBEAT","bufferSize":0}
2026-08-15 21:44:08,617 INFO  [it.uni.reti2.HeartbeatGenerator] (executor-thread-1) 💓 [HEARTBEAT] Invio heartbeat: {"stazioneId":"Padova","stato":"ONLINE","timestamp":"2026-08-15T19:44:08.617270929Z","tipoEvento":"HEARTBEAT","bufferSize":0}
2026-08-15 21:44:18,616 INFO  [it.uni.reti2.HeartbeatGenerator] (executor-thread-1) 💓 [HEARTBEAT] Invio heartbeat: {"stazioneId":"Padova","stato":"ONLINE","timestamp":"2026-08-15T19:44:18.616911305Z","tipoEvento":"HEARTBEAT","bufferSize":0}
2026-08-15 21:44:28,617 INFO  [it.uni.reti2.HeartbeatGenerator] (executor-thread-1) 💓 [HEARTBEAT] Invio heartbeat: {"stazioneId":"Padova","stato":"ONLINE","timestamp":"2026-08-15T19:44:28.617557683Z","tipoEvento":"HEARTBEAT","bufferSize":0}
2026-08-15 21:44:38,617 INFO  [it.uni.reti2.HeartbeatGenerator] (executor-thread-1) 💓 [HEARTBEAT] Invio heartbeat: {"stazioneId":"Padova","stato":"ONLINE","timestamp":"2026-08-15T19:44:38.616997830Z","tipoEvento":"HEARTBEAT","bufferSize":0}
2026-08-15 21:44:48,616 INFO  [it.uni.reti2.HeartbeatGenerator] (executor-thread-1) 💓 [HEARTBEAT] Invio heartbeat: {"stazioneId":"Padova","stato":"ONLINE","timestamp":"2026-08-15T19:44:48.616882210Z","tipoEvento":"HEARTBEAT","bufferSize":0}
2026-08-15 21:44:58,617 INFO  [it.uni.reti2.HeartbeatGenerator] (executor-thread-1) 💓 [HEARTBEAT] Invio heartbeat: {"stazioneId":"Padova","stato":"ONLINE","timestamp":"2026-08-15T19:44:58.617235460Z","tipoEvento":"HEARTBEAT","bufferSize":0}
2026-08-15 21:45:08,617 INFO  [it.uni.reti2.HeartbeatGenerator] (executor-thread-1) 💓 [HEARTBEAT] Invio heartbeat: {"stazioneId":"Padova","stato":"ONLINE","timestamp":"2026-08-15T19:45:08.617205548Z","tipoEvento":"HEARTBEAT","bufferSize":0}
2026-08-15 21:45:18,616 INFO  [it.uni.reti2.HeartbeatGenerator] (executor-thread-1) 💓 [HEARTBEAT] Invio heartbeat: {"stazioneId":"Padova","stato":"ONLINE","timestamp":"2026-08-15T19:45:18.616885971Z","tipoEvento":"HEARTBEAT","bufferSize":0}
2026-08-15 21:45:28,617 INFO  [it.uni.reti2.HeartbeatGenerator] (executor-thread-1) 💓 [HEARTBEAT] Invio heartbeat: {"stazioneId":"Padova","stato":"ONLINE","timestamp":"2026-08-15T19:45:28.617011782Z","tipoEvento":"HEARTBEAT","bufferSize":0}
2026-08-15 21:45:38,617 INFO  [it.uni.reti2.HeartbeatGenerator] (executor-thread-1) 💓 [HEARTBEAT] Invio heartbeat: {"stazioneId":"Padova","stato":"ONLINE","timestamp":"2026-08-15T19:45:38.617007379Z","tipoEvento":"HEARTBEAT","bufferSize":0}
2026-08-15 21:45:48,617 INFO  [it.uni.reti2.HeartbeatGenerator] (executor-thread-1) 💓 [HEARTBEAT] Invio heartbeat: {"stazioneId":"Padova","stato":"ONLINE","timestamp":"2026-08-15T19:45:48.617128810Z","tipoEvento":"HEARTBEAT","bufferSize":0}
2026-08-15 21:45:58,616 INFO  [it.uni.reti2.HeartbeatGenerator] (executor-thread-1) 💓 [HEARTBEAT] Invio heartbeat: {"stazioneId":"Padova","stato":"ONLINE","timestamp":"2026-08-15T19:45:58.616958231Z","tipoEvento":"HEARTBEAT","bufferSize":0}
2026-08-15 21:46:08,617 INFO  [it.uni.reti2.HeartbeatGenerator] (executor-thread-1) 💓 [HEARTBEAT] Invio heartbeat: {"stazioneId":"Padova","stato":"ONLINE","timestamp":"2026-08-15T19:46:08.617385308Z","tipoEvento":"HEARTBEAT","bufferSize":0}
2026-08-15 21:46:18,616 INFO  [it.uni.reti2.HeartbeatGenerator] (executor-thread-1) 💓 [HEARTBEAT] Invio heartbeat: {"stazioneId":"Padova","stato":"ONLINE","timestamp":"2026-08-15T19:46:18.616878256Z","tipoEvento":"HEARTBEAT","bufferSize":0}
2026-08-15 21:46:28,617 INFO  [it.uni.reti2.HeartbeatGenerator] (executor-thread-1) 💓 [HEARTBEAT] Invio heartbeat: {"stazioneId":"Padova","stato":"ONLINE","timestamp":"2026-08-15T19:46:28.617022608Z","tipoEvento":"HEARTBEAT","bufferSize":0}
2026-08-15 21:46:38,617 INFO  [it.uni.reti2.HeartbeatGenerator] (executor-thread-1) 💓 [HEARTBEAT] Invio heartbeat: {"stazioneId":"Padova","stato":"ONLINE","timestamp":"2026-08-15T19:46:38.617037796Z","tipoEvento":"HEARTBEAT","bufferSize":0}
2026-08-15 21:46:48,616 INFO  [it.uni.reti2.HeartbeatGenerator] (executor-thread-1) 💓 [HEARTBEAT] Invio heartbeat: {"stazioneId":"Padova","stato":"ONLINE","timestamp":"2026-08-15T19:46:48.616896544Z","tipoEvento":"HEARTBEAT","bufferSize":0}
2026-08-15 21:46:58,617 INFO  [it.uni.reti2.HeartbeatGenerator] (executor-thread-1) 💓 [HEARTBEAT] Invio heartbeat: {"stazioneId":"Padova","stato":"ONLINE","timestamp":"2026-08-15T19:46:58.616990644Z","tipoEvento":"HEARTBEAT","bufferSize":0}
2026-08-15 21:47:08,617 INFO  [it.uni.reti2.HeartbeatGenerator] (executor-thread-1) 💓 [HEARTBEAT] Invio heartbeat: {"stazioneId":"Padova","stato":"ONLINE","timestamp":"2026-08-15T19:47:08.617105993Z","tipoEvento":"HEARTBEAT","bufferSize":0}
2026-08-15 21:47:18,617 INFO  [it.uni.reti2.HeartbeatGenerator] (executor-thread-1) 💓 [HEARTBEAT] Invio heartbeat: {"stazioneId":"Padova","stato":"ONLINE","timestamp":"2026-08-15T19:47:18.617433204Z","tipoEvento":"HEARTBEAT","bufferSize":0}
2026-08-15 21:47:28,617 INFO  [it.uni.reti2.HeartbeatGenerator] (executor-thread-1) 💓 [HEARTBEAT] Invio heartbeat: {"stazioneId":"Padova","stato":"ONLINE","timestamp":"2026-08-15T19:47:28.617532339Z","tipoEvento":"HEARTBEAT","bufferSize":0}
2026-08-15 21:47:38,617 INFO  [it.uni.reti2.HeartbeatGenerator] (executor-thread-1) 💓 [HEARTBEAT] Invio heartbeat: {"stazioneId":"Padova","stato":"ONLINE","timestamp":"2026-08-15T19:47:38.617365667Z","tipoEvento":"HEARTBEAT","bufferSize":0}
2026-08-15 21:47:48,617 INFO  [it.uni.reti2.HeartbeatGenerator] (executor-thread-1) 💓 [HEARTBEAT] Invio heartbeat: {"stazioneId":"Padova","stato":"ONLINE","timestamp":"2026-08-15T19:47:48.617016975Z","tipoEvento":"HEARTBEAT","bufferSize":0}
2026-08-15 21:47:58,617 INFO  [it.uni.reti2.HeartbeatGenerator] (executor-thread-1) 💓 [HEARTBEAT] Invio heartbeat: {"stazioneId":"Padova","stato":"ONLINE","timestamp":"2026-08-15T19:47:58.617010315Z","tipoEvento":"HEARTBEAT","bufferSize":0}
2026-08-15 21:48:08,617 INFO  [it.uni.reti2.HeartbeatGenerator] (executor-thread-1) 💓 [HEARTBEAT] Invio heartbeat: {"stazioneId":"Padova","stato":"ONLINE","timestamp":"2026-08-15T19:48:08.617868917Z","tipoEvento":"HEARTBEAT","bufferSize":0}
2026-08-15 21:48:18,617 INFO  [it.uni.reti2.HeartbeatGenerator] (executor-thread-1) 💓 [HEARTBEAT] Invio heartbeat: {"stazioneId":"Padova","stato":"ONLINE","timestamp":"2026-08-15T19:48:18.616968252Z","tipoEvento":"HEARTBEAT","bufferSize":0}
2026-08-15 21:48:28,617 INFO  [it.uni.reti2.HeartbeatGenerator] (executor-thread-1) 💓 [HEARTBEAT] Invio heartbeat: {"stazioneId":"Padova","stato":"ONLINE","timestamp":"2026-08-15T19:48:28.617564495Z","tipoEvento":"HEARTBEAT","bufferSize":0}
2026-08-15 21:48:38,617 INFO  [it.uni.reti2.HeartbeatGenerator] (executor-thread-1) 💓 [HEARTBEAT] Invio heartbeat: {"stazioneId":"Padova","stato":"ONLINE","timestamp":"2026-08-15T19:48:38.617329250Z","tipoEvento":"HEARTBEAT","bufferSize":0}
2026-08-15 21:48:48,617 INFO  [it.uni.reti2.HeartbeatGenerator] (executor-thread-1) 💓 [HEARTBEAT] Invio heartbeat: {"stazioneId":"Padova","stato":"ONLINE","timestamp":"2026-08-15T19:48:48.617057459Z","tipoEvento":"HEARTBEAT","bufferSize":0}
2026-08-15 21:48:58,617 INFO  [it.uni.reti2.HeartbeatGenerator] (executor-thread-1) 💓 [HEARTBEAT] Invio heartbeat: {"stazioneId":"Padova","stato":"ONLINE","timestamp":"2026-08-15T19:48:58.617000083Z","tipoEvento":"HEARTBEAT","bufferSize":0}
2026-08-15 21:49:08,617 INFO  [it.uni.reti2.HeartbeatGenerator] (executor-thread-1) 💓 [HEARTBEAT] Invio heartbeat: {"stazioneId":"Padova","stato":"ONLINE","timestamp":"2026-08-15T19:49:08.617083734Z","tipoEvento":"HEARTBEAT","bufferSize":0}
2026-08-15 21:49:18,617 INFO  [it.uni.reti2.HeartbeatGenerator] (executor-thread-1) 💓 [HEARTBEAT] Invio heartbeat: {"stazioneId":"Padova","stato":"ONLINE","timestamp":"2026-08-15T19:49:18.617031765Z","tipoEvento":"HEARTBEAT","bufferSize":0}
2026-08-15 21:49:28,617 INFO  [it.uni.reti2.HeartbeatGenerator] (executor-thread-1) 💓 [HEARTBEAT] Invio heartbeat: {"stazioneId":"Padova","stato":"ONLINE","timestamp":"2026-08-15T19:49:28.617150411Z","tipoEvento":"HEARTBEAT","bufferSize":0}
2026-08-15 21:49:38,617 INFO  [it.uni.reti2.HeartbeatGenerator] (executor-thread-1) 💓 [HEARTBEAT] Invio heartbeat: {"stazioneId":"Padova","stato":"ONLINE","timestamp":"2026-08-15T19:49:38.617133110Z","tipoEvento":"HEARTBEAT","bufferSize":0}
2026-08-15 21:49:48,617 INFO  [it.uni.reti2.HeartbeatGenerator] (executor-thread-1) 💓 [HEARTBEAT] Invio heartbeat: {"stazioneId":"Padova","stato":"ONLINE","timestamp":"2026-08-15T19:49:48.617337807Z","tipoEvento":"HEARTBEAT","bufferSize":0}
2026-08-15 21:49:58,617 INFO  [it.uni.reti2.HeartbeatGenerator] (executor-thread-1) 💓 [HEARTBEAT] Invio heartbeat: {"stazioneId":"Padova","stato":"ONLINE","timestamp":"2026-08-15T19:49:58.617239008Z","tipoEvento":"HEARTBEAT","bufferSize":0}
2026-08-15 21:50:08,617 INFO  [it.uni.reti2.HeartbeatGenerator] (executor-thread-1) 💓 [HEARTBEAT] Invio heartbeat: {"stazioneId":"Padova","stato":"ONLINE","timestamp":"2026-08-15T19:50:08.617000170Z","tipoEvento":"HEARTBEAT","bufferSize":0}
2026-08-15 21:50:18,617 INFO  [it.uni.reti2.HeartbeatGenerator] (executor-thread-1) 💓 [HEARTBEAT] Invio heartbeat: {"stazioneId":"Padova","stato":"ONLINE","timestamp":"2026-08-15T19:50:18.617406323Z","tipoEvento":"HEARTBEAT","bufferSize":0}
2026-08-15 21:50:28,617 INFO  [it.uni.reti2.HeartbeatGenerator] (executor-thread-1) 💓 [HEARTBEAT] Invio heartbeat: {"stazioneId":"Padova","stato":"ONLINE","timestamp":"2026-08-15T19:50:28.617361542Z","tipoEvento":"HEARTBEAT","bufferSize":0}
2026-08-15 21:50:38,617 INFO  [it.uni.reti2.HeartbeatGenerator] (executor-thread-1) 💓 [HEARTBEAT] Invio heartbeat: {"stazioneId":"Padova","stato":"ONLINE","timestamp":"2026-08-15T19:50:38.617010221Z","tipoEvento":"HEARTBEAT","bufferSize":0}
2026-08-15 21:50:48,617 INFO  [it.uni.reti2.HeartbeatGenerator] (executor-thread-1) 💓 [HEARTBEAT] Invio heartbeat: {"stazioneId":"Padova","stato":"ONLINE","timestamp":"2026-08-15T19:50:48.617477920Z","tipoEvento":"HEARTBEAT","bufferSize":0}
2026-08-15 21:50:58,616 INFO  [it.uni.reti2.HeartbeatGenerator] (executor-thread-1) 💓 [HEARTBEAT] Invio heartbeat: {"stazioneId":"Padova","stato":"ONLINE","timestamp":"2026-08-15T19:50:58.616942504Z","tipoEvento":"HEARTBEAT","bufferSize":0}
2026-08-15 21:51:08,617 INFO  [it.uni.reti2.HeartbeatGenerator] (executor-thread-1) 💓 [HEARTBEAT] Invio heartbeat: {"stazioneId":"Padova","stato":"ONLINE","timestamp":"2026-08-15T19:51:08.617306424Z","tipoEvento":"HEARTBEAT","bufferSize":0}
2026-08-15 21:51:18,617 INFO  [it.uni.reti2.HeartbeatGenerator] (executor-thread-1) 💓 [HEARTBEAT] Invio heartbeat: {"stazioneId":"Padova","stato":"ONLINE","timestamp":"2026-08-15T19:51:18.617308256Z","tipoEvento":"HEARTBEAT","bufferSize":0}
2026-08-15 21:51:28,617 INFO  [it.uni.reti2.HeartbeatGenerator] (executor-thread-1) 💓 [HEARTBEAT] Invio heartbeat: {"stazioneId":"Padova","stato":"ONLINE","timestamp":"2026-08-15T19:51:28.617029157Z","tipoEvento":"HEARTBEAT","bufferSize":0}
2026-08-15 21:51:38,616 INFO  [it.uni.reti2.HeartbeatGenerator] (executor-thread-1) 💓 [HEARTBEAT] Invio heartbeat: {"stazioneId":"Padova","stato":"ONLINE","timestamp":"2026-08-15T19:51:38.616978445Z","tipoEvento":"HEARTBEAT","bufferSize":0}
2026-08-15 21:51:48,617 INFO  [it.uni.reti2.HeartbeatGenerator] (executor-thread-1) 💓 [HEARTBEAT] Invio heartbeat: {"stazioneId":"Padova","stato":"ONLINE","timestamp":"2026-08-15T19:51:48.617107421Z","tipoEvento":"HEARTBEAT","bufferSize":0}
2026-08-15 21:51:58,617 INFO  [it.uni.reti2.HeartbeatGenerator] (executor-thread-1) 💓 [HEARTBEAT] Invio heartbeat: {"stazioneId":"Padova","stato":"ONLINE","timestamp":"2026-08-15T19:51:58.616977042Z","tipoEvento":"HEARTBEAT","bufferSize":0}
2026-08-15 21:52:08,617 INFO  [it.uni.reti2.HeartbeatGenerator] (executor-thread-1) 💓 [HEARTBEAT] Invio heartbeat: {"stazioneId":"Padova","stato":"ONLINE","timestamp":"2026-08-15T19:52:08.617520442Z","tipoEvento":"HEARTBEAT","bufferSize":0}
2026-08-15 21:52:18,617 INFO  [it.uni.reti2.HeartbeatGenerator] (executor-thread-1) 💓 [HEARTBEAT] Invio heartbeat: {"stazioneId":"Padova","stato":"ONLINE","timestamp":"2026-08-15T19:52:18.617121116Z","tipoEvento":"HEARTBEAT","bufferSize":0}
2026-08-15 21:52:28,617 INFO  [it.uni.reti2.HeartbeatGenerator] (executor-thread-1) 💓 [HEARTBEAT] Invio heartbeat: {"stazioneId":"Padova","stato":"ONLINE","timestamp":"2026-08-15T19:52:28.617304980Z","tipoEvento":"HEARTBEAT","bufferSize":0}
2026-08-15 21:52:38,617 INFO  [it.uni.reti2.HeartbeatGenerator] (executor-thread-1) 💓 [HEARTBEAT] Invio heartbeat: {"stazioneId":"Padova","stato":"ONLINE","timestamp":"2026-08-15T19:52:38.617128917Z","tipoEvento":"HEARTBEAT","bufferSize":0}
2026-08-15 21:52:48,617 INFO  [it.uni.reti2.HeartbeatGenerator] (executor-thread-1) 💓 [HEARTBEAT] Invio heartbeat: {"stazioneId":"Padova","stato":"ONLINE","timestamp":"2026-08-15T19:52:48.617319960Z","tipoEvento":"HEARTBEAT","bufferSize":0}
2026-08-15 21:52:58,617 INFO  [it.uni.reti2.HeartbeatGenerator] (executor-thread-1) 💓 [HEARTBEAT] Invio heartbeat: {"stazioneId":"Padova","stato":"ONLINE","timestamp":"2026-08-15T19:52:58.616968159Z","tipoEvento":"HEARTBEAT","bufferSize":0}
2026-08-15 21:53:08,617 INFO  [it.uni.reti2.HeartbeatGenerator] (executor-thread-1) 💓 [HEARTBEAT] Invio heartbeat: {"stazioneId":"Padova","stato":"ONLINE","timestamp":"2026-08-15T19:53:08.617009755Z","tipoEvento":"HEARTBEAT","bufferSize":0}
2026-08-15 21:53:18,616 INFO  [it.uni.reti2.HeartbeatGenerator] (executor-thread-1) 💓 [HEARTBEAT] Invio heartbeat: {"stazioneId":"Padova","stato":"ONLINE","timestamp":"2026-08-15T19:53:18.616906494Z","tipoEvento":"HEARTBEAT","bufferSize":0}
2026-08-15 21:53:28,617 INFO  [it.uni.reti2.HeartbeatGenerator] (executor-thread-1) 💓 [HEARTBEAT] Invio heartbeat: {"stazioneId":"Padova","stato":"ONLINE","timestamp":"2026-08-15T19:53:28.617010901Z","tipoEvento":"HEARTBEAT","bufferSize":0}
2026-08-15 21:53:38,617 INFO  [it.uni.reti2.HeartbeatGenerator] (executor-thread-1) 💓 [HEARTBEAT] Invio heartbeat: {"stazioneId":"Padova","stato":"ONLINE","timestamp":"2026-08-15T19:53:38.617301649Z","tipoEvento":"HEARTBEAT","bufferSize":0}
2026-08-15 21:53:48,616 INFO  [it.uni.reti2.HeartbeatGenerator] (executor-thread-1) 💓 [HEARTBEAT] Invio heartbeat: {"stazioneId":"Padova","stato":"ONLINE","timestamp":"2026-08-15T19:53:48.616905770Z","tipoEvento":"HEARTBEAT","bufferSize":0}
2026-08-15 21:53:58,617 INFO  [it.uni.reti2.HeartbeatGenerator] (executor-thread-1) 💓 [HEARTBEAT] Invio heartbeat: {"stazioneId":"Padova","stato":"ONLINE","timestamp":"2026-08-15T19:53:58.617181561Z","tipoEvento":"HEARTBEAT","bufferSize":0}
2026-08-15 21:54:08,617 INFO  [it.uni.reti2.HeartbeatGenerator] (executor-thread-1) 💓 [HEARTBEAT] Invio heartbeat: {"stazioneId":"Padova","stato":"ONLINE","timestamp":"2026-08-15T19:54:08.617328046Z","tipoEvento":"HEARTBEAT","bufferSize":0}
2026-08-15 21:54:18,616 INFO  [it.uni.reti2.HeartbeatGenerator] (executor-thread-1) 💓 [HEARTBEAT] Invio heartbeat: {"stazioneId":"Padova","stato":"ONLINE","timestamp":"2026-08-15T19:54:18.616923458Z","tipoEvento":"HEARTBEAT","bufferSize":0}
2026-08-15 21:54:28,617 INFO  [it.uni.reti2.HeartbeatGenerator] (executor-thread-1) 💓 [HEARTBEAT] Invio heartbeat: {"stazioneId":"Padova","stato":"ONLINE","timestamp":"2026-08-15T19:54:28.617189796Z","tipoEvento":"HEARTBEAT","bufferSize":0}
2026-08-15 21:54:38,617 INFO  [it.uni.reti2.HeartbeatGenerator] (executor-thread-1) 💓 [HEARTBEAT] Invio heartbeat: {"stazioneId":"Padova","stato":"ONLINE","timestamp":"2026-08-15T19:54:38.616983804Z","tipoEvento":"HEARTBEAT","bufferSize":0}
2026-08-15 21:54:48,616 INFO  [it.uni.reti2.HeartbeatGenerator] (executor-thread-1) 💓 [HEARTBEAT] Invio heartbeat: {"stazioneId":"Padova","stato":"ONLINE","timestamp":"2026-08-15T19:54:48.616917084Z","tipoEvento":"HEARTBEAT","bufferSize":0}
2026-08-15 21:54:58,616 INFO  [it.uni.reti2.HeartbeatGenerator] (executor-thread-1) 💓 [HEARTBEAT] Invio heartbeat: {"stazioneId":"Padova","stato":"ONLINE","timestamp":"2026-08-15T19:54:58.616960547Z","tipoEvento":"HEARTBEAT","bufferSize":0}
2026-08-15 21:55:08,617 INFO  [it.uni.reti2.HeartbeatGenerator] (executor-thread-1) 💓 [HEARTBEAT] Invio heartbeat: {"stazioneId":"Padova","stato":"ONLINE","timestamp":"2026-08-15T19:55:08.617013609Z","tipoEvento":"HEARTBEAT","bufferSize":0}
2026-08-15 21:55:18,617 INFO  [it.uni.reti2.HeartbeatGenerator] (executor-thread-1) 💓 [HEARTBEAT] Invio heartbeat: {"stazioneId":"Padova","stato":"ONLINE","timestamp":"2026-08-15T19:55:18.617189950Z","tipoEvento":"HEARTBEAT","bufferSize":0}
2026-08-15 21:55:28,617 INFO  [it.uni.reti2.HeartbeatGenerator] (executor-thread-1) 💓 [HEARTBEAT] Invio heartbeat: {"stazioneId":"Padova","stato":"ONLINE","timestamp":"2026-08-15T19:55:28.617192854Z","tipoEvento":"HEARTBEAT","bufferSize":0}
2026-08-15 21:55:38,617 INFO  [it.uni.reti2.HeartbeatGenerator] (executor-thread-1) 💓 [HEARTBEAT] Invio heartbeat: {"stazioneId":"Padova","stato":"ONLINE","timestamp":"2026-08-15T19:55:38.617678244Z","tipoEvento":"HEARTBEAT","bufferSize":0}
2026-08-15 21:55:48,617 INFO  [it.uni.reti2.HeartbeatGenerator] (executor-thread-1) 💓 [HEARTBEAT] Invio heartbeat: {"stazioneId":"Padova","stato":"ONLINE","timestamp":"2026-08-15T19:55:48.617119988Z","tipoEvento":"HEARTBEAT","bufferSize":0}
2026-08-15 21:55:58,617 INFO  [it.uni.reti2.HeartbeatGenerator] (executor-thread-1) 💓 [HEARTBEAT] Invio heartbeat: {"stazioneId":"Padova","stato":"ONLINE","timestamp":"2026-08-15T19:55:58.617254036Z","tipoEvento":"HEARTBEAT","bufferSize":0}
2026-08-15 21:56:08,617 INFO  [it.uni.reti2.HeartbeatGenerator] (executor-thread-1) 💓 [HEARTBEAT] Invio heartbeat: {"stazioneId":"Padova","stato":"ONLINE","timestamp":"2026-08-15T19:56:08.617385458Z","tipoEvento":"HEARTBEAT","bufferSize":0}
2026-08-15 21:56:18,616 INFO  [it.uni.reti2.HeartbeatGenerator] (executor-thread-1) 💓 [HEARTBEAT] Invio heartbeat: {"stazioneId":"Padova","stato":"ONLINE","timestamp":"2026-08-15T19:56:18.616930713Z","tipoEvento":"HEARTBEAT","bufferSize":0}
2026-08-15 21:56:28,617 INFO  [it.uni.reti2.HeartbeatGenerator] (executor-thread-1) 💓 [HEARTBEAT] Invio heartbeat: {"stazioneId":"Padova","stato":"ONLINE","timestamp":"2026-08-15T19:56:28.617476923Z","tipoEvento":"HEARTBEAT","bufferSize":0}
2026-08-15 21:56:38,616 INFO  [it.uni.reti2.HeartbeatGenerator] (executor-thread-1) 💓 [HEARTBEAT] Invio heartbeat: {"stazioneId":"Padova","stato":"ONLINE","timestamp":"2026-08-15T19:56:38.616900981Z","tipoEvento":"HEARTBEAT","bufferSize":0}
2026-08-15 21:56:48,617 INFO  [it.uni.reti2.HeartbeatGenerator] (executor-thread-1) 💓 [HEARTBEAT] Invio heartbeat: {"stazioneId":"Padova","stato":"ONLINE","timestamp":"2026-08-15T19:56:48.616960862Z","tipoEvento":"HEARTBEAT","bufferSize":0}
2026-08-15 21:56:58,616 INFO  [it.uni.reti2.HeartbeatGenerator] (executor-thread-1) 💓 [HEARTBEAT] Invio heartbeat: {"stazioneId":"Padova","stato":"ONLINE","timestamp":"2026-08-15T19:56:58.616927745Z","tipoEvento":"HEARTBEAT","bufferSize":0}
2026-08-15 21:57:08,616 INFO  [it.uni.reti2.HeartbeatGenerator] (executor-thread-1) 💓 [HEARTBEAT] Invio heartbeat: {"stazioneId":"Padova","stato":"ONLINE","timestamp":"2026-08-15T19:57:08.616921790Z","tipoEvento":"HEARTBEAT","bufferSize":0}
2026-08-15 21:57:18,616 INFO  [it.uni.reti2.HeartbeatGenerator] (executor-thread-1) 💓 [HEARTBEAT] Invio heartbeat: {"stazioneId":"Padova","stato":"ONLINE","timestamp":"2026-08-15T19:57:18.616968659Z","tipoEvento":"HEARTBEAT","bufferSize":0}
2026-08-15 21:57:28,617 INFO  [it.uni.reti2.HeartbeatGenerator] (executor-thread-1) 💓 [HEARTBEAT] Invio heartbeat: {"stazioneId":"Padova","stato":"ONLINE","timestamp":"2026-08-15T19:57:28.616963763Z","tipoEvento":"HEARTBEAT","bufferSize":0}
2026-08-15 21:57:38,617 INFO  [it.uni.reti2.HeartbeatGenerator] (executor-thread-1) 💓 [HEARTBEAT] Invio heartbeat: {"stazioneId":"Padova","stato":"ONLINE","timestamp":"2026-08-15T19:57:38.617202485Z","tipoEvento":"HEARTBEAT","bufferSize":0}
2026-08-15 21:57:48,617 INFO  [it.uni.reti2.HeartbeatGenerator] (executor-thread-1) 💓 [HEARTBEAT] Invio heartbeat: {"stazioneId":"Padova","stato":"ONLINE","timestamp":"2026-08-15T19:57:48.617079866Z","tipoEvento":"HEARTBEAT","bufferSize":0}
2026-08-15 21:57:58,616 INFO  [it.uni.reti2.HeartbeatGenerator] (executor-thread-1) 💓 [HEARTBEAT] Invio heartbeat: {"stazioneId":"Padova","stato":"ONLINE","timestamp":"2026-08-15T19:57:58.616930487Z","tipoEvento":"HEARTBEAT","bufferSize":0}
2026-08-15 21:58:08,617 INFO  [it.uni.reti2.HeartbeatGenerator] (executor-thread-1) 💓 [HEARTBEAT] Invio heartbeat: {"stazioneId":"Padova","stato":"ONLINE","timestamp":"2026-08-15T19:58:08.617013682Z","tipoEvento":"HEARTBEAT","bufferSize":0}
2026-08-15 21:58:18,616 INFO  [it.uni.reti2.HeartbeatGenerator] (executor-thread-1) 💓 [HEARTBEAT] Invio heartbeat: {"stazioneId":"Padova","stato":"ONLINE","timestamp":"2026-08-15T19:58:18.616875553Z","tipoEvento":"HEARTBEAT","bufferSize":0}
2026-08-15 21:58:28,617 INFO  [it.uni.reti2.HeartbeatGenerator] (executor-thread-1) 💓 [HEARTBEAT] Invio heartbeat: {"stazioneId":"Padova","stato":"ONLINE","timestamp":"2026-08-15T19:58:28.616967153Z","tipoEvento":"HEARTBEAT","bufferSize":0}
2026-08-15 21:58:38,616 INFO  [it.uni.reti2.HeartbeatGenerator] (executor-thread-1) 💓 [HEARTBEAT] Invio heartbeat: {"stazioneId":"Padova","stato":"ONLINE","timestamp":"2026-08-15T19:58:38.616936108Z","tipoEvento":"HEARTBEAT","bufferSize":0}
2026-08-15 21:58:48,617 INFO  [it.uni.reti2.HeartbeatGenerator] (executor-thread-1) 💓 [HEARTBEAT] Invio heartbeat: {"stazioneId":"Padova","stato":"ONLINE","timestamp":"2026-08-15T19:58:48.617207979Z","tipoEvento":"HEARTBEAT","bufferSize":0}
2026-08-15 21:58:58,617 INFO  [it.uni.reti2.HeartbeatGenerator] (executor-thread-1) 💓 [HEARTBEAT] Invio heartbeat: {"stazioneId":"Padova","stato":"ONLINE","timestamp":"2026-08-15T19:58:58.617004313Z","tipoEvento":"HEARTBEAT","bufferSize":0}
2026-08-15 21:59:08,617 INFO  [it.uni.reti2.HeartbeatGenerator] (executor-thread-1) 💓 [HEARTBEAT] Invio heartbeat: {"stazioneId":"Padova","stato":"ONLINE","timestamp":"2026-08-15T19:59:08.617202154Z","tipoEvento":"HEARTBEAT","bufferSize":0}
2026-08-15 21:59:18,617 INFO  [it.uni.reti2.HeartbeatGenerator] (executor-thread-1) 💓 [HEARTBEAT] Invio heartbeat: {"stazioneId":"Padova","stato":"ONLINE","timestamp":"2026-08-15T19:59:18.617397206Z","tipoEvento":"HEARTBEAT","bufferSize":0}
2026-08-15 21:59:28,617 INFO  [it.uni.reti2.HeartbeatGenerator] (executor-thread-1) 💓 [HEARTBEAT] Invio heartbeat: {"stazioneId":"Padova","stato":"ONLINE","timestamp":"2026-08-15T19:59:28.617091805Z","tipoEvento":"HEARTBEAT","bufferSize":0}
2026-08-15 21:59:38,616 INFO  [it.uni.reti2.HeartbeatGenerator] (executor-thread-1) 💓 [HEARTBEAT] Invio heartbeat: {"stazioneId":"Padova","stato":"ONLINE","timestamp":"2026-08-15T19:59:38.616981989Z","tipoEvento":"HEARTBEAT","bufferSize":0}
2026-08-15 21:59:48,616 INFO  [it.uni.reti2.HeartbeatGenerator] (executor-thread-1) 💓 [HEARTBEAT] Invio heartbeat: {"stazioneId":"Padova","stato":"ONLINE","timestamp":"2026-08-15T19:59:48.616936542Z","tipoEvento":"HEARTBEAT","bufferSize":0}
2026-08-15 21:59:58,616 INFO  [it.uni.reti2.HeartbeatGenerator] (executor-thread-1) 💓 [HEARTBEAT] Invio heartbeat: {"stazioneId":"Padova","stato":"ONLINE","timestamp":"2026-08-15T19:59:58.616933757Z","tipoEvento":"HEARTBEAT","bufferSize":0}
2026-08-15 22:00:08,617 INFO  [it.uni.reti2.HeartbeatGenerator] (executor-thread-1) 💓 [HEARTBEAT] Invio heartbeat: {"stazioneId":"Padova","stato":"ONLINE","timestamp":"2026-08-15T20:00:08.617380918Z","tipoEvento":"HEARTBEAT","bufferSize":0}
2026-08-15 22:00:18,617 INFO  [it.uni.reti2.HeartbeatGenerator] (executor-thread-1) 💓 [HEARTBEAT] Invio heartbeat: {"stazioneId":"Padova","stato":"ONLINE","timestamp":"2026-08-15T20:00:18.617415161Z","tipoEvento":"HEARTBEAT","bufferSize":0}
2026-08-15 22:00:28,617 INFO  [it.uni.reti2.HeartbeatGenerator] (executor-thread-1) 💓 [HEARTBEAT] Invio heartbeat: {"stazioneId":"Padova","stato":"ONLINE","timestamp":"2026-08-15T20:00:28.617026833Z","tipoEvento":"HEARTBEAT","bufferSize":0}
2026-08-15 22:00:38,617 INFO  [it.uni.reti2.HeartbeatGenerator] (executor-thread-1) 💓 [HEARTBEAT] Invio heartbeat: {"stazioneId":"Padova","stato":"ONLINE","timestamp":"2026-08-15T20:00:38.617076260Z","tipoEvento":"HEARTBEAT","bufferSize":0}
2026-08-15 22:00:48,617 INFO  [it.uni.reti2.HeartbeatGenerator] (executor-thread-1) 💓 [HEARTBEAT] Invio heartbeat: {"stazioneId":"Padova","stato":"ONLINE","timestamp":"2026-08-15T20:00:48.617298813Z","tipoEvento":"HEARTBEAT","bufferSize":0}
2026-08-15 22:00:58,617 INFO  [it.uni.reti2.HeartbeatGenerator] (executor-thread-1) 💓 [HEARTBEAT] Invio heartbeat: {"stazioneId":"Padova","stato":"ONLINE","timestamp":"2026-08-15T20:00:58.617045555Z","tipoEvento":"HEARTBEAT","bufferSize":0}
2026-08-15 22:01:08,617 INFO  [it.uni.reti2.HeartbeatGenerator] (executor-thread-1) 💓 [HEARTBEAT] Invio heartbeat: {"stazioneId":"Padova","stato":"ONLINE","timestamp":"2026-08-15T20:01:08.617265392Z","tipoEvento":"HEARTBEAT","bufferSize":0}
2026-08-15 22:01:18,617 INFO  [it.uni.reti2.HeartbeatGenerator] (executor-thread-1) 💓 [HEARTBEAT] Invio heartbeat: {"stazioneId":"Padova","stato":"ONLINE","timestamp":"2026-08-15T20:01:18.617278734Z","tipoEvento":"HEARTBEAT","bufferSize":0}
2026-08-15 22:01:28,617 INFO  [it.uni.reti2.HeartbeatGenerator] (executor-thread-1) 💓 [HEARTBEAT] Invio heartbeat: {"stazioneId":"Padova","stato":"ONLINE","timestamp":"2026-08-15T20:01:28.617234943Z","tipoEvento":"HEARTBEAT","bufferSize":0}
2026-08-15 22:01:38,617 INFO  [it.uni.reti2.HeartbeatGenerator] (executor-thread-1) 💓 [HEARTBEAT] Invio heartbeat: {"stazioneId":"Padova","stato":"ONLINE","timestamp":"2026-08-15T20:01:38.617005479Z","tipoEvento":"HEARTBEAT","bufferSize":0}
2026-08-15 22:01:48,617 INFO  [it.uni.reti2.HeartbeatGenerator] (executor-thread-1) 💓 [HEARTBEAT] Invio heartbeat: {"stazioneId":"Padova","stato":"ONLINE","timestamp":"2026-08-15T20:01:48.617532355Z","tipoEvento":"HEARTBEAT","bufferSize":0}
2026-08-15 22:01:58,617 INFO  [it.uni.reti2.HeartbeatGenerator] (executor-thread-1) 💓 [HEARTBEAT] Invio heartbeat: {"stazioneId":"Padova","stato":"ONLINE","timestamp":"2026-08-15T20:01:58.617625857Z","tipoEvento":"HEARTBEAT","bufferSize":0}
2026-08-15 22:02:08,617 INFO  [it.uni.reti2.HeartbeatGenerator] (executor-thread-1) 💓 [HEARTBEAT] Invio heartbeat: {"stazioneId":"Padova","stato":"ONLINE","timestamp":"2026-08-15T20:02:08.617707342Z","tipoEvento":"HEARTBEAT","bufferSize":0}
2026-08-15 22:02:18,617 INFO  [it.uni.reti2.HeartbeatGenerator] (executor-thread-1) 💓 [HEARTBEAT] Invio heartbeat: {"stazioneId":"Padova","stato":"ONLINE","timestamp":"2026-08-15T20:02:18.616978665Z","tipoEvento":"HEARTBEAT","bufferSize":0}
2026-08-15 22:02:28,616 INFO  [it.uni.reti2.HeartbeatGenerator] (executor-thread-1) 💓 [HEARTBEAT] Invio heartbeat: {"stazioneId":"Padova","stato":"ONLINE","timestamp":"2026-08-15T20:02:28.616965019Z","tipoEvento":"HEARTBEAT","bufferSize":0}
2026-08-15 22:02:38,617 INFO  [it.uni.reti2.HeartbeatGenerator] (executor-thread-1) 💓 [HEARTBEAT] Invio heartbeat: {"stazioneId":"Padova","stato":"ONLINE","timestamp":"2026-08-15T20:02:38.617005165Z","tipoEvento":"HEARTBEAT","bufferSize":0}
2026-08-15 22:02:48,617 INFO  [it.uni.reti2.HeartbeatGenerator] (executor-thread-1) 💓 [HEARTBEAT] Invio heartbeat: {"stazioneId":"Padova","stato":"ONLINE","timestamp":"2026-08-15T20:02:48.617227519Z","tipoEvento":"HEARTBEAT","bufferSize":0}
2026-08-15 22:02:58,617 INFO  [it.uni.reti2.HeartbeatGenerator] (executor-thread-1) 💓 [HEARTBEAT] Invio heartbeat: {"stazioneId":"Padova","stato":"ONLINE","timestamp":"2026-08-15T20:02:58.616951624Z","tipoEvento":"HEARTBEAT","bufferSize":0}
2026-08-15 22:03:08,617 INFO  [it.uni.reti2.HeartbeatGenerator] (executor-thread-1) 💓 [HEARTBEAT] Invio heartbeat: {"stazioneId":"Padova","stato":"ONLINE","timestamp":"2026-08-15T20:03:08.617689749Z","tipoEvento":"HEARTBEAT","bufferSize":0}
2026-08-15 22:03:18,616 INFO  [it.uni.reti2.HeartbeatGenerator] (executor-thread-1) 💓 [HEARTBEAT] Invio heartbeat: {"stazioneId":"Padova","stato":"ONLINE","timestamp":"2026-08-15T20:03:18.616969629Z","tipoEvento":"HEARTBEAT","bufferSize":0}
2026-08-15 22:03:28,617 INFO  [it.uni.reti2.HeartbeatGenerator] (executor-thread-1) 💓 [HEARTBEAT] Invio heartbeat: {"stazioneId":"Padova","stato":"ONLINE","timestamp":"2026-08-15T20:03:28.617419642Z","tipoEvento":"HEARTBEAT","bufferSize":0}
2026-08-15 22:03:38,617 INFO  [it.uni.reti2.HeartbeatGenerator] (executor-thread-1) 💓 [HEARTBEAT] Invio heartbeat: {"stazioneId":"Padova","stato":"ONLINE","timestamp":"2026-08-15T20:03:38.617393533Z","tipoEvento":"HEARTBEAT","bufferSize":0}
2026-08-15 22:03:48,617 INFO  [it.uni.reti2.HeartbeatGenerator] (executor-thread-1) 💓 [HEARTBEAT] Invio heartbeat: {"stazioneId":"Padova","stato":"ONLINE","timestamp":"2026-08-15T20:03:48.617090941Z","tipoEvento":"HEARTBEAT","bufferSize":0}
2026-08-15 22:03:58,617 INFO  [it.uni.reti2.HeartbeatGenerator] (executor-thread-1) 💓 [HEARTBEAT] Invio heartbeat: {"stazioneId":"Padova","stato":"ONLINE","timestamp":"2026-08-15T20:03:58.617041910Z","tipoEvento":"HEARTBEAT","bufferSize":0}
2026-08-15 22:04:08,617 INFO  [it.uni.reti2.HeartbeatGenerator] (executor-thread-1) 💓 [HEARTBEAT] Invio heartbeat: {"stazioneId":"Padova","stato":"ONLINE","timestamp":"2026-08-15T20:04:08.617298107Z","tipoEvento":"HEARTBEAT","bufferSize":0}
2026-08-15 22:04:18,617 INFO  [it.uni.reti2.HeartbeatGenerator] (executor-thread-1) 💓 [HEARTBEAT] Invio heartbeat: {"stazioneId":"Padova","stato":"ONLINE","timestamp":"2026-08-15T20:04:18.616945525Z","tipoEvento":"HEARTBEAT","bufferSize":0}
2026-08-15 22:04:28,617 INFO  [it.uni.reti2.HeartbeatGenerator] (executor-thread-1) 💓 [HEARTBEAT] Invio heartbeat: {"stazioneId":"Padova","stato":"ONLINE","timestamp":"2026-08-15T20:04:28.617318774Z","tipoEvento":"HEARTBEAT","bufferSize":0}
2026-08-15 22:04:38,617 INFO  [it.uni.reti2.HeartbeatGenerator] (executor-thread-1) 💓 [HEARTBEAT] Invio heartbeat: {"stazioneId":"Padova","stato":"ONLINE","timestamp":"2026-08-15T20:04:38.617327986Z","tipoEvento":"HEARTBEAT","bufferSize":0}
2026-08-15 22:04:48,616 INFO  [it.uni.reti2.HeartbeatGenerator] (executor-thread-1) 💓 [HEARTBEAT] Invio heartbeat: {"stazioneId":"Padova","stato":"ONLINE","timestamp":"2026-08-15T20:04:48.616885786Z","tipoEvento":"HEARTBEAT","bufferSize":0}
2026-08-15 22:04:58,617 INFO  [it.uni.reti2.HeartbeatGenerator] (executor-thread-1) 💓 [HEARTBEAT] Invio heartbeat: {"stazioneId":"Padova","stato":"ONLINE","timestamp":"2026-08-15T20:04:58.617032056Z","tipoEvento":"HEARTBEAT","bufferSize":0}
2026-08-15 22:05:08,617 INFO  [it.uni.reti2.HeartbeatGenerator] (executor-thread-1) 💓 [HEARTBEAT] Invio heartbeat: {"stazioneId":"Padova","stato":"ONLINE","timestamp":"2026-08-15T20:05:08.617567341Z","tipoEvento":"HEARTBEAT","bufferSize":0}
2026-08-15 22:05:18,616 INFO  [it.uni.reti2.HeartbeatGenerator] (executor-thread-1) 💓 [HEARTBEAT] Invio heartbeat: {"stazioneId":"Padova","stato":"ONLINE","timestamp":"2026-08-15T20:05:18.616916263Z","tipoEvento":"HEARTBEAT","bufferSize":0}
2026-08-15 22:05:28,617 INFO  [it.uni.reti2.HeartbeatGenerator] (executor-thread-1) 💓 [HEARTBEAT] Invio heartbeat: {"stazioneId":"Padova","stato":"ONLINE","timestamp":"2026-08-15T20:05:28.617059515Z","tipoEvento":"HEARTBEAT","bufferSize":0}
2026-08-15 22:05:38,617 INFO  [it.uni.reti2.HeartbeatGenerator] (executor-thread-1) 💓 [HEARTBEAT] Invio heartbeat: {"stazioneId":"Padova","stato":"ONLINE","timestamp":"2026-08-15T20:05:38.617336088Z","tipoEvento":"HEARTBEAT","bufferSize":0}
2026-08-15 22:05:48,616 INFO  [it.uni.reti2.HeartbeatGenerator] (executor-thread-1) 💓 [HEARTBEAT] Invio heartbeat: {"stazioneId":"Padova","stato":"ONLINE","timestamp":"2026-08-15T20:05:48.616885096Z","tipoEvento":"HEARTBEAT","bufferSize":0}
2026-08-15 22:05:58,617 INFO  [it.uni.reti2.HeartbeatGenerator] (executor-thread-1) 💓 [HEARTBEAT] Invio heartbeat: {"stazioneId":"Padova","stato":"ONLINE","timestamp":"2026-08-15T20:05:58.617650614Z","tipoEvento":"HEARTBEAT","bufferSize":0}
2026-08-15 22:06:08,617 INFO  [it.uni.reti2.HeartbeatGenerator] (executor-thread-1) 💓 [HEARTBEAT] Invio heartbeat: {"stazioneId":"Padova","stato":"ONLINE","timestamp":"2026-08-15T20:06:08.617586908Z","tipoEvento":"HEARTBEAT","bufferSize":0}
2026-08-15 22:06:18,616 INFO  [it.uni.reti2.HeartbeatGenerator] (executor-thread-1) 💓 [HEARTBEAT] Invio heartbeat: {"stazioneId":"Padova","stato":"ONLINE","timestamp":"2026-08-15T20:06:18.616875224Z","tipoEvento":"HEARTBEAT","bufferSize":0}
2026-08-15 22:06:28,616 INFO  [it.uni.reti2.HeartbeatGenerator] (executor-thread-1) 💓 [HEARTBEAT] Invio heartbeat: {"stazioneId":"Padova","stato":"ONLINE","timestamp":"2026-08-15T20:06:28.616962223Z","tipoEvento":"HEARTBEAT","bufferSize":0}
2026-08-15 22:06:38,617 INFO  [it.uni.reti2.HeartbeatGenerator] (executor-thread-1) 💓 [HEARTBEAT] Invio heartbeat: {"stazioneId":"Padova","stato":"ONLINE","timestamp":"2026-08-15T20:06:38.617022411Z","tipoEvento":"HEARTBEAT","bufferSize":0}
2026-08-15 22:06:48,616 INFO  [it.uni.reti2.HeartbeatGenerator] (executor-thread-1) 💓 [HEARTBEAT] Invio heartbeat: {"stazioneId":"Padova","stato":"ONLINE","timestamp":"2026-08-15T20:06:48.616920650Z","tipoEvento":"HEARTBEAT","bufferSize":0}
2026-08-15 22:06:58,617 INFO  [it.uni.reti2.HeartbeatGenerator] (executor-thread-1) 💓 [HEARTBEAT] Invio heartbeat: {"stazioneId":"Padova","stato":"ONLINE","timestamp":"2026-08-15T20:06:58.617280541Z","tipoEvento":"HEARTBEAT","bufferSize":0}
2026-08-15 22:07:08,617 INFO  [it.uni.reti2.HeartbeatGenerator] (executor-thread-1) 💓 [HEARTBEAT] Invio heartbeat: {"stazioneId":"Padova","stato":"ONLINE","timestamp":"2026-08-15T20:07:08.617490782Z","tipoEvento":"HEARTBEAT","bufferSize":0}
2026-08-15 22:07:18,616 INFO  [it.uni.reti2.HeartbeatGenerator] (executor-thread-1) 💓 [HEARTBEAT] Invio heartbeat: {"stazioneId":"Padova","stato":"ONLINE","timestamp":"2026-08-15T20:07:18.616969422Z","tipoEvento":"HEARTBEAT","bufferSize":0}
2026-08-15 22:07:28,617 INFO  [it.uni.reti2.HeartbeatGenerator] (executor-thread-1) 💓 [HEARTBEAT] Invio heartbeat: {"stazioneId":"Padova","stato":"ONLINE","timestamp":"2026-08-15T20:07:28.617045557Z","tipoEvento":"HEARTBEAT","bufferSize":0}
2026-08-15 22:07:38,617 INFO  [it.uni.reti2.HeartbeatGenerator] (executor-thread-1) 💓 [HEARTBEAT] Invio heartbeat: {"stazioneId":"Padova","stato":"ONLINE","timestamp":"2026-08-15T20:07:38.617206669Z","tipoEvento":"HEARTBEAT","bufferSize":0}
2026-08-15 22:07:48,617 INFO  [it.uni.reti2.HeartbeatGenerator] (executor-thread-1) 💓 [HEARTBEAT] Invio heartbeat: {"stazioneId":"Padova","stato":"ONLINE","timestamp":"2026-08-15T20:07:48.617021272Z","tipoEvento":"HEARTBEAT","bufferSize":0}
2026-08-15 22:07:58,617 INFO  [it.uni.reti2.HeartbeatGenerator] (executor-thread-1) 💓 [HEARTBEAT] Invio heartbeat: {"stazioneId":"Padova","stato":"ONLINE","timestamp":"2026-08-15T20:07:58.617383476Z","tipoEvento":"HEARTBEAT","bufferSize":0}
2026-08-15 22:08:08,617 INFO  [it.uni.reti2.HeartbeatGenerator] (executor-thread-1) 💓 [HEARTBEAT] Invio heartbeat: {"stazioneId":"Padova","stato":"ONLINE","timestamp":"2026-08-15T20:08:08.616974269Z","tipoEvento":"HEARTBEAT","bufferSize":0}
2026-08-15 22:08:18,617 INFO  [it.uni.reti2.HeartbeatGenerator] (executor-thread-1) 💓 [HEARTBEAT] Invio heartbeat: {"stazioneId":"Padova","stato":"ONLINE","timestamp":"2026-08-15T20:08:18.617310336Z","tipoEvento":"HEARTBEAT","bufferSize":0}
2026-08-15 22:08:28,617 INFO  [it.uni.reti2.HeartbeatGenerator] (executor-thread-1) 💓 [HEARTBEAT] Invio heartbeat: {"stazioneId":"Padova","stato":"ONLINE","timestamp":"2026-08-15T20:08:28.617676918Z","tipoEvento":"HEARTBEAT","bufferSize":0}
2026-08-15 22:08:38,617 INFO  [it.uni.reti2.HeartbeatGenerator] (executor-thread-1) 💓 [HEARTBEAT] Invio heartbeat: {"stazioneId":"Padova","stato":"ONLINE","timestamp":"2026-08-15T20:08:38.617530105Z","tipoEvento":"HEARTBEAT","bufferSize":0}
2026-08-15 22:08:48,617 INFO  [it.uni.reti2.HeartbeatGenerator] (executor-thread-1) 💓 [HEARTBEAT] Invio heartbeat: {"stazioneId":"Padova","stato":"ONLINE","timestamp":"2026-08-15T20:08:48.617584944Z","tipoEvento":"HEARTBEAT","bufferSize":0}
2026-08-15 22:08:58,616 INFO  [it.uni.reti2.HeartbeatGenerator] (executor-thread-1) 💓 [HEARTBEAT] Invio heartbeat: {"stazioneId":"Padova","stato":"ONLINE","timestamp":"2026-08-15T20:08:58.616930488Z","tipoEvento":"HEARTBEAT","bufferSize":0}
2026-08-15 22:09:08,617 INFO  [it.uni.reti2.HeartbeatGenerator] (executor-thread-1) 💓 [HEARTBEAT] Invio heartbeat: {"stazioneId":"Padova","stato":"ONLINE","timestamp":"2026-08-15T20:09:08.617200582Z","tipoEvento":"HEARTBEAT","bufferSize":0}
2026-08-15 22:09:18,618 INFO  [it.uni.reti2.HeartbeatGenerator] (executor-thread-1) 💓 [HEARTBEAT] Invio heartbeat: {"stazioneId":"Padova","stato":"ONLINE","timestamp":"2026-08-15T20:09:18.618782858Z","tipoEvento":"HEARTBEAT","bufferSize":0}
2026-08-15 22:09:28,617 INFO  [it.uni.reti2.HeartbeatGenerator] (executor-thread-1) 💓 [HEARTBEAT] Invio heartbeat: {"stazioneId":"Padova","stato":"ONLINE","timestamp":"2026-08-15T20:09:28.617102789Z","tipoEvento":"HEARTBEAT","bufferSize":0}
2026-08-15 22:09:38,617 INFO  [it.uni.reti2.HeartbeatGenerator] (executor-thread-1) 💓 [HEARTBEAT] Invio heartbeat: {"stazioneId":"Padova","stato":"ONLINE","timestamp":"2026-08-15T20:09:38.617028855Z","tipoEvento":"HEARTBEAT","bufferSize":0}
2026-08-15 22:09:48,617 INFO  [it.uni.reti2.HeartbeatGenerator] (executor-thread-1) 💓 [HEARTBEAT] Invio heartbeat: {"stazioneId":"Padova","stato":"ONLINE","timestamp":"2026-08-15T20:09:48.617016382Z","tipoEvento":"HEARTBEAT","bufferSize":0}
2026-08-15 22:09:58,616 INFO  [it.uni.reti2.HeartbeatGenerator] (executor-thread-1) 💓 [HEARTBEAT] Invio heartbeat: {"stazioneId":"Padova","stato":"ONLINE","timestamp":"2026-08-15T20:09:58.616919314Z","tipoEvento":"HEARTBEAT","bufferSize":0}
2026-08-15 22:10:08,617 INFO  [it.uni.reti2.HeartbeatGenerator] (executor-thread-1) 💓 [HEARTBEAT] Invio heartbeat: {"stazioneId":"Padova","stato":"ONLINE","timestamp":"2026-08-15T20:10:08.617007299Z","tipoEvento":"HEARTBEAT","bufferSize":0}
2026-08-15 22:10:18,617 INFO  [it.uni.reti2.HeartbeatGenerator] (executor-thread-1) 💓 [HEARTBEAT] Invio heartbeat: {"stazioneId":"Padova","stato":"ONLINE","timestamp":"2026-08-15T20:10:18.617836563Z","tipoEvento":"HEARTBEAT","bufferSize":0}
2026-08-15 22:10:28,617 INFO  [it.uni.reti2.HeartbeatGenerator] (executor-thread-1) 💓 [HEARTBEAT] Invio heartbeat: {"stazioneId":"Padova","stato":"ONLINE","timestamp":"2026-08-15T20:10:28.617634774Z","tipoEvento":"HEARTBEAT","bufferSize":0}
2026-08-15 22:10:38,617 INFO  [it.uni.reti2.HeartbeatGenerator] (executor-thread-1) 💓 [HEARTBEAT] Invio heartbeat: {"stazioneId":"Padova","stato":"ONLINE","timestamp":"2026-08-15T20:10:38.617779965Z","tipoEvento":"HEARTBEAT","bufferSize":0}
2026-08-15 22:10:48,617 INFO  [it.uni.reti2.HeartbeatGenerator] (executor-thread-1) 💓 [HEARTBEAT] Invio heartbeat: {"stazioneId":"Padova","stato":"ONLINE","timestamp":"2026-08-15T20:10:48.617011917Z","tipoEvento":"HEARTBEAT","bufferSize":0}
2026-08-15 22:10:58,617 INFO  [it.uni.reti2.HeartbeatGenerator] (executor-thread-1) 💓 [HEARTBEAT] Invio heartbeat: {"stazioneId":"Padova","stato":"ONLINE","timestamp":"2026-08-15T20:10:58.617272537Z","tipoEvento":"HEARTBEAT","bufferSize":0}
2026-08-15 22:11:08,617 INFO  [it.uni.reti2.HeartbeatGenerator] (executor-thread-1) 💓 [HEARTBEAT] Invio heartbeat: {"stazioneId":"Padova","stato":"ONLINE","timestamp":"2026-08-15T20:11:08.617299910Z","tipoEvento":"HEARTBEAT","bufferSize":0}
2026-08-15 22:11:18,616 INFO  [it.uni.reti2.HeartbeatGenerator] (executor-thread-1) 💓 [HEARTBEAT] Invio heartbeat: {"stazioneId":"Padova","stato":"ONLINE","timestamp":"2026-08-15T20:11:18.616910930Z","tipoEvento":"HEARTBEAT","bufferSize":0}
2026-08-15 22:11:28,617 INFO  [it.uni.reti2.HeartbeatGenerator] (executor-thread-1) 💓 [HEARTBEAT] Invio heartbeat: {"stazioneId":"Padova","stato":"ONLINE","timestamp":"2026-08-15T20:11:28.617418493Z","tipoEvento":"HEARTBEAT","bufferSize":0}
2026-08-15 22:11:38,617 INFO  [it.uni.reti2.HeartbeatGenerator] (executor-thread-1) 💓 [HEARTBEAT] Invio heartbeat: {"stazioneId":"Padova","stato":"ONLINE","timestamp":"2026-08-15T20:11:38.617315635Z","tipoEvento":"HEARTBEAT","bufferSize":0}
2026-08-15 22:11:48,617 INFO  [it.uni.reti2.HeartbeatGenerator] (executor-thread-1) 💓 [HEARTBEAT] Invio heartbeat: {"stazioneId":"Padova","stato":"ONLINE","timestamp":"2026-08-15T20:11:48.617055826Z","tipoEvento":"HEARTBEAT","bufferSize":0}
2026-08-15 22:11:58,617 INFO  [it.uni.reti2.HeartbeatGenerator] (executor-thread-1) 💓 [HEARTBEAT] Invio heartbeat: {"stazioneId":"Padova","stato":"ONLINE","timestamp":"2026-08-15T20:11:58.616952255Z","tipoEvento":"HEARTBEAT","bufferSize":0}
2026-08-15 22:12:08,616 INFO  [it.uni.reti2.HeartbeatGenerator] (executor-thread-1) 💓 [HEARTBEAT] Invio heartbeat: {"stazioneId":"Padova","stato":"ONLINE","timestamp":"2026-08-15T20:12:08.616885438Z","tipoEvento":"HEARTBEAT","bufferSize":0}
2026-08-15 22:12:18,616 INFO  [it.uni.reti2.HeartbeatGenerator] (executor-thread-1) 💓 [HEARTBEAT] Invio heartbeat: {"stazioneId":"Padova","stato":"ONLINE","timestamp":"2026-08-15T20:12:18.616862092Z","tipoEvento":"HEARTBEAT","bufferSize":0}
2026-08-15 22:12:28,617 INFO  [it.uni.reti2.HeartbeatGenerator] (executor-thread-1) 💓 [HEARTBEAT] Invio heartbeat: {"stazioneId":"Padova","stato":"ONLINE","timestamp":"2026-08-15T20:12:28.617063393Z","tipoEvento":"HEARTBEAT","bufferSize":0}
2026-08-15 22:12:38,617 INFO  [it.uni.reti2.HeartbeatGenerator] (executor-thread-1) 💓 [HEARTBEAT] Invio heartbeat: {"stazioneId":"Padova","stato":"ONLINE","timestamp":"2026-08-15T20:12:38.617321978Z","tipoEvento":"HEARTBEAT","bufferSize":0}
2026-08-15 22:12:48,617 INFO  [it.uni.reti2.HeartbeatGenerator] (executor-thread-1) 💓 [HEARTBEAT] Invio heartbeat: {"stazioneId":"Padova","stato":"ONLINE","timestamp":"2026-08-15T20:12:48.616990111Z","tipoEvento":"HEARTBEAT","bufferSize":0}
2026-08-15 22:12:58,616 INFO  [it.uni.reti2.HeartbeatGenerator] (executor-thread-1) 💓 [HEARTBEAT] Invio heartbeat: {"stazioneId":"Padova","stato":"ONLINE","timestamp":"2026-08-15T20:12:58.616876708Z","tipoEvento":"HEARTBEAT","bufferSize":0}
2026-08-15 22:13:08,617 INFO  [it.uni.reti2.HeartbeatGenerator] (executor-thread-1) 💓 [HEARTBEAT] Invio heartbeat: {"stazioneId":"Padova","stato":"ONLINE","timestamp":"2026-08-15T20:13:08.617590719Z","tipoEvento":"HEARTBEAT","bufferSize":0}
2026-08-15 22:13:18,617 INFO  [it.uni.reti2.HeartbeatGenerator] (executor-thread-1) 💓 [HEARTBEAT] Invio heartbeat: {"stazioneId":"Padova","stato":"ONLINE","timestamp":"2026-08-15T20:13:18.617182120Z","tipoEvento":"HEARTBEAT","bufferSize":0}
2026-08-15 22:13:28,617 INFO  [it.uni.reti2.HeartbeatGenerator] (executor-thread-1) 💓 [HEARTBEAT] Invio heartbeat: {"stazioneId":"Padova","stato":"ONLINE","timestamp":"2026-08-15T20:13:28.617016913Z","tipoEvento":"HEARTBEAT","bufferSize":0}
2026-08-15 22:13:38,616 INFO  [it.uni.reti2.HeartbeatGenerator] (executor-thread-1) 💓 [HEARTBEAT] Invio heartbeat: {"stazioneId":"Padova","stato":"ONLINE","timestamp":"2026-08-15T20:13:38.616949963Z","tipoEvento":"HEARTBEAT","bufferSize":0}
2026-08-15 22:13:48,617 INFO  [it.uni.reti2.HeartbeatGenerator] (executor-thread-1) 💓 [HEARTBEAT] Invio heartbeat: {"stazioneId":"Padova","stato":"ONLINE","timestamp":"2026-08-15T20:13:48.617006275Z","tipoEvento":"HEARTBEAT","bufferSize":0}
2026-08-15 22:13:58,617 INFO  [it.uni.reti2.HeartbeatGenerator] (executor-thread-1) 💓 [HEARTBEAT] Invio heartbeat: {"stazioneId":"Padova","stato":"ONLINE","timestamp":"2026-08-15T20:13:58.616976072Z","tipoEvento":"HEARTBEAT","bufferSize":0}
2026-08-15 22:14:08,617 INFO  [it.uni.reti2.HeartbeatGenerator] (executor-thread-1) 💓 [HEARTBEAT] Invio heartbeat: {"stazioneId":"Padova","stato":"ONLINE","timestamp":"2026-08-15T20:14:08.617249418Z","tipoEvento":"HEARTBEAT","bufferSize":0}
2026-08-15 22:14:18,616 INFO  [it.uni.reti2.HeartbeatGenerator] (executor-thread-1) 💓 [HEARTBEAT] Invio heartbeat: {"stazioneId":"Padova","stato":"ONLINE","timestamp":"2026-08-15T20:14:18.616918171Z","tipoEvento":"HEARTBEAT","bufferSize":0}
2026-08-15 22:14:28,617 INFO  [it.uni.reti2.HeartbeatGenerator] (executor-thread-1) 💓 [HEARTBEAT] Invio heartbeat: {"stazioneId":"Padova","stato":"ONLINE","timestamp":"2026-08-15T20:14:28.617076295Z","tipoEvento":"HEARTBEAT","bufferSize":0}
2026-08-15 22:14:38,617 INFO  [it.uni.reti2.HeartbeatGenerator] (executor-thread-1) 💓 [HEARTBEAT] Invio heartbeat: {"stazioneId":"Padova","stato":"ONLINE","timestamp":"2026-08-15T20:14:38.617090340Z","tipoEvento":"HEARTBEAT","bufferSize":0}
2026-08-15 22:14:48,617 INFO  [it.uni.reti2.HeartbeatGenerator] (executor-thread-1) 💓 [HEARTBEAT] Invio heartbeat: {"stazioneId":"Padova","stato":"ONLINE","timestamp":"2026-08-15T20:14:48.617181060Z","tipoEvento":"HEARTBEAT","bufferSize":0}
2026-08-15 22:14:58,617 INFO  [it.uni.reti2.HeartbeatGenerator] (executor-thread-1) 💓 [HEARTBEAT] Invio heartbeat: {"stazioneId":"Padova","stato":"ONLINE","timestamp":"2026-08-15T20:14:58.616985243Z","tipoEvento":"HEARTBEAT","bufferSize":0}
2026-08-15 22:15:08,617 INFO  [it.uni.reti2.HeartbeatGenerator] (executor-thread-1) 💓 [HEARTBEAT] Invio heartbeat: {"stazioneId":"Padova","stato":"ONLINE","timestamp":"2026-08-15T20:15:08.617533858Z","tipoEvento":"HEARTBEAT","bufferSize":0}
2026-08-15 22:15:18,617 INFO  [it.uni.reti2.HeartbeatGenerator] (executor-thread-1) 💓 [HEARTBEAT] Invio heartbeat: {"stazioneId":"Padova","stato":"ONLINE","timestamp":"2026-08-15T20:15:18.617044163Z","tipoEvento":"HEARTBEAT","bufferSize":0}
2026-08-15 22:15:28,617 INFO  [it.uni.reti2.HeartbeatGenerator] (executor-thread-1) 💓 [HEARTBEAT] Invio heartbeat: {"stazioneId":"Padova","stato":"ONLINE","timestamp":"2026-08-15T20:15:28.617276586Z","tipoEvento":"HEARTBEAT","bufferSize":0}
2026-08-15 22:15:38,616 INFO  [it.uni.reti2.HeartbeatGenerator] (executor-thread-1) 💓 [HEARTBEAT] Invio heartbeat: {"stazioneId":"Padova","stato":"ONLINE","timestamp":"2026-08-15T20:15:38.616938973Z","tipoEvento":"HEARTBEAT","bufferSize":0}
2026-08-15 22:15:48,617 INFO  [it.uni.reti2.HeartbeatGenerator] (executor-thread-1) 💓 [HEARTBEAT] Invio heartbeat: {"stazioneId":"Padova","stato":"ONLINE","timestamp":"2026-08-15T20:15:48.617017079Z","tipoEvento":"HEARTBEAT","bufferSize":0}
2026-08-15 22:15:58,617 INFO  [it.uni.reti2.HeartbeatGenerator] (executor-thread-1) 💓 [HEARTBEAT] Invio heartbeat: {"stazioneId":"Padova","stato":"ONLINE","timestamp":"2026-08-15T20:15:58.616970619Z","tipoEvento":"HEARTBEAT","bufferSize":0}
2026-08-15 22:16:08,616 INFO  [it.uni.reti2.HeartbeatGenerator] (executor-thread-1) 💓 [HEARTBEAT] Invio heartbeat: {"stazioneId":"Padova","stato":"ONLINE","timestamp":"2026-08-15T20:16:08.616943750Z","tipoEvento":"HEARTBEAT","bufferSize":0}
2026-08-15 22:16:18,617 INFO  [it.uni.reti2.HeartbeatGenerator] (executor-thread-1) 💓 [HEARTBEAT] Invio heartbeat: {"stazioneId":"Padova","stato":"ONLINE","timestamp":"2026-08-15T20:16:18.617293312Z","tipoEvento":"HEARTBEAT","bufferSize":0}
2026-08-15 22:16:28,617 INFO  [it.uni.reti2.HeartbeatGenerator] (executor-thread-1) 💓 [HEARTBEAT] Invio heartbeat: {"stazioneId":"Padova","stato":"ONLINE","timestamp":"2026-08-15T20:16:28.617303993Z","tipoEvento":"HEARTBEAT","bufferSize":0}
2026-08-15 22:16:38,617 INFO  [it.uni.reti2.HeartbeatGenerator] (executor-thread-1) 💓 [HEARTBEAT] Invio heartbeat: {"stazioneId":"Padova","stato":"ONLINE","timestamp":"2026-08-15T20:16:38.617320385Z","tipoEvento":"HEARTBEAT","bufferSize":0}
2026-08-15 22:16:48,617 INFO  [it.uni.reti2.HeartbeatGenerator] (executor-thread-1) 💓 [HEARTBEAT] Invio heartbeat: {"stazioneId":"Padova","stato":"ONLINE","timestamp":"2026-08-15T20:16:48.617325891Z","tipoEvento":"HEARTBEAT","bufferSize":0}
2026-08-15 22:16:58,617 INFO  [it.uni.reti2.HeartbeatGenerator] (executor-thread-1) 💓 [HEARTBEAT] Invio heartbeat: {"stazioneId":"Padova","stato":"ONLINE","timestamp":"2026-08-15T20:16:58.616978128Z","tipoEvento":"HEARTBEAT","bufferSize":0}
2026-08-15 22:17:08,617 INFO  [it.uni.reti2.HeartbeatGenerator] (executor-thread-1) 💓 [HEARTBEAT] Invio heartbeat: {"stazioneId":"Padova","stato":"ONLINE","timestamp":"2026-08-15T20:17:08.617422108Z","tipoEvento":"HEARTBEAT","bufferSize":0}
2026-08-15 22:17:18,617 INFO  [it.uni.reti2.HeartbeatGenerator] (executor-thread-1) 💓 [HEARTBEAT] Invio heartbeat: {"stazioneId":"Padova","stato":"ONLINE","timestamp":"2026-08-15T20:17:18.617301850Z","tipoEvento":"HEARTBEAT","bufferSize":0}
2026-08-15 22:17:28,617 INFO  [it.uni.reti2.HeartbeatGenerator] (executor-thread-1) 💓 [HEARTBEAT] Invio heartbeat: {"stazioneId":"Padova","stato":"ONLINE","timestamp":"2026-08-15T20:17:28.616991218Z","tipoEvento":"HEARTBEAT","bufferSize":0}
2026-08-15 22:17:38,616 INFO  [it.uni.reti2.HeartbeatGenerator] (executor-thread-1) 💓 [HEARTBEAT] Invio heartbeat: {"stazioneId":"Padova","stato":"ONLINE","timestamp":"2026-08-15T20:17:38.616905731Z","tipoEvento":"HEARTBEAT","bufferSize":0}
2026-08-15 22:17:48,618 INFO  [it.uni.reti2.HeartbeatGenerator] (executor-thread-1) 💓 [HEARTBEAT] Invio heartbeat: {"stazioneId":"Padova","stato":"ONLINE","timestamp":"2026-08-15T20:17:48.618229809Z","tipoEvento":"HEARTBEAT","bufferSize":0}
2026-08-15 22:17:58,617 INFO  [it.uni.reti2.HeartbeatGenerator] (executor-thread-1) 💓 [HEARTBEAT] Invio heartbeat: {"stazioneId":"Padova","stato":"ONLINE","timestamp":"2026-08-15T20:17:58.617244573Z","tipoEvento":"HEARTBEAT","bufferSize":0}
2026-08-15 22:18:08,617 INFO  [it.uni.reti2.HeartbeatGenerator] (executor-thread-1) 💓 [HEARTBEAT] Invio heartbeat: {"stazioneId":"Padova","stato":"ONLINE","timestamp":"2026-08-15T20:18:08.616964441Z","tipoEvento":"HEARTBEAT","bufferSize":0}
2026-08-15 22:18:18,617 INFO  [it.uni.reti2.HeartbeatGenerator] (executor-thread-1) 💓 [HEARTBEAT] Invio heartbeat: {"stazioneId":"Padova","stato":"ONLINE","timestamp":"2026-08-15T20:18:18.617205295Z","tipoEvento":"HEARTBEAT","bufferSize":0}
2026-08-15 22:18:28,617 INFO  [it.uni.reti2.HeartbeatGenerator] (executor-thread-1) 💓 [HEARTBEAT] Invio heartbeat: {"stazioneId":"Padova","stato":"ONLINE","timestamp":"2026-08-15T20:18:28.617306320Z","tipoEvento":"HEARTBEAT","bufferSize":0}
2026-08-15 22:18:38,616 INFO  [it.uni.reti2.HeartbeatGenerator] (executor-thread-1) 💓 [HEARTBEAT] Invio heartbeat: {"stazioneId":"Padova","stato":"ONLINE","timestamp":"2026-08-15T20:18:38.616947269Z","tipoEvento":"HEARTBEAT","bufferSize":0}
2026-08-15 22:18:48,617 INFO  [it.uni.reti2.HeartbeatGenerator] (executor-thread-1) 💓 [HEARTBEAT] Invio heartbeat: {"stazioneId":"Padova","stato":"ONLINE","timestamp":"2026-08-15T20:18:48.617759040Z","tipoEvento":"HEARTBEAT","bufferSize":0}
2026-08-15 22:18:58,617 INFO  [it.uni.reti2.HeartbeatGenerator] (executor-thread-1) 💓 [HEARTBEAT] Invio heartbeat: {"stazioneId":"Padova","stato":"ONLINE","timestamp":"2026-08-15T20:18:58.617425331Z","tipoEvento":"HEARTBEAT","bufferSize":0}
2026-08-15 22:19:08,617 INFO  [it.uni.reti2.HeartbeatGenerator] (executor-thread-1) 💓 [HEARTBEAT] Invio heartbeat: {"stazioneId":"Padova","stato":"ONLINE","timestamp":"2026-08-15T20:19:08.617028931Z","tipoEvento":"HEARTBEAT","bufferSize":0}
2026-08-15 22:19:18,617 INFO  [it.uni.reti2.HeartbeatGenerator] (executor-thread-1) 💓 [HEARTBEAT] Invio heartbeat: {"stazioneId":"Padova","stato":"ONLINE","timestamp":"2026-08-15T20:19:18.616983693Z","tipoEvento":"HEARTBEAT","bufferSize":0}
2026-08-15 22:19:28,616 INFO  [it.uni.reti2.HeartbeatGenerator] (executor-thread-1) 💓 [HEARTBEAT] Invio heartbeat: {"stazioneId":"Padova","stato":"ONLINE","timestamp":"2026-08-15T20:19:28.616937730Z","tipoEvento":"HEARTBEAT","bufferSize":0}
2026-08-15 22:19:38,617 INFO  [it.uni.reti2.HeartbeatGenerator] (executor-thread-1) 💓 [HEARTBEAT] Invio heartbeat: {"stazioneId":"Padova","stato":"ONLINE","timestamp":"2026-08-15T20:19:38.617394036Z","tipoEvento":"HEARTBEAT","bufferSize":0}
2026-08-15 22:19:48,617 INFO  [it.uni.reti2.HeartbeatGenerator] (executor-thread-1) 💓 [HEARTBEAT] Invio heartbeat: {"stazioneId":"Padova","stato":"ONLINE","timestamp":"2026-08-15T20:19:48.617281809Z","tipoEvento":"HEARTBEAT","bufferSize":0}
2026-08-15 22:19:58,617 INFO  [it.uni.reti2.HeartbeatGenerator] (executor-thread-1) 💓 [HEARTBEAT] Invio heartbeat: {"stazioneId":"Padova","stato":"ONLINE","timestamp":"2026-08-15T20:19:58.617326088Z","tipoEvento":"HEARTBEAT","bufferSize":0}
2026-08-15 22:20:08,617 INFO  [it.uni.reti2.HeartbeatGenerator] (executor-thread-1) 💓 [HEARTBEAT] Invio heartbeat: {"stazioneId":"Padova","stato":"ONLINE","timestamp":"2026-08-15T20:20:08.617707109Z","tipoEvento":"HEARTBEAT","bufferSize":0}
2026-08-15 22:20:18,617 INFO  [it.uni.reti2.HeartbeatGenerator] (executor-thread-1) 💓 [HEARTBEAT] Invio heartbeat: {"stazioneId":"Padova","stato":"ONLINE","timestamp":"2026-08-15T20:20:18.617386176Z","tipoEvento":"HEARTBEAT","bufferSize":0}
2026-08-15 22:20:28,617 INFO  [it.uni.reti2.HeartbeatGenerator] (executor-thread-1) 💓 [HEARTBEAT] Invio heartbeat: {"stazioneId":"Padova","stato":"ONLINE","timestamp":"2026-08-15T20:20:28.617340824Z","tipoEvento":"HEARTBEAT","bufferSize":0}
2026-08-15 22:20:38,617 INFO  [it.uni.reti2.HeartbeatGenerator] (executor-thread-1) 💓 [HEARTBEAT] Invio heartbeat: {"stazioneId":"Padova","stato":"ONLINE","timestamp":"2026-08-15T20:20:38.617280269Z","tipoEvento":"HEARTBEAT","bufferSize":0}
2026-08-15 22:20:48,617 INFO  [it.uni.reti2.HeartbeatGenerator] (executor-thread-1) 💓 [HEARTBEAT] Invio heartbeat: {"stazioneId":"Padova","stato":"ONLINE","timestamp":"2026-08-15T20:20:48.617060556Z","tipoEvento":"HEARTBEAT","bufferSize":0}
2026-08-15 22:20:58,617 INFO  [it.uni.reti2.HeartbeatGenerator] (executor-thread-1) 💓 [HEARTBEAT] Invio heartbeat: {"stazioneId":"Padova","stato":"ONLINE","timestamp":"2026-08-15T20:20:58.616975918Z","tipoEvento":"HEARTBEAT","bufferSize":0}
2026-08-15 22:21:08,617 INFO  [it.uni.reti2.HeartbeatGenerator] (executor-thread-1) 💓 [HEARTBEAT] Invio heartbeat: {"stazioneId":"Padova","stato":"ONLINE","timestamp":"2026-08-15T20:21:08.617373951Z","tipoEvento":"HEARTBEAT","bufferSize":0}
2026-08-15 22:21:18,617 INFO  [it.uni.reti2.HeartbeatGenerator] (executor-thread-1) 💓 [HEARTBEAT] Invio heartbeat: {"stazioneId":"Padova","stato":"ONLINE","timestamp":"2026-08-15T20:21:18.617284155Z","tipoEvento":"HEARTBEAT","bufferSize":0}
2026-08-15 22:21:28,617 INFO  [it.uni.reti2.HeartbeatGenerator] (executor-thread-1) 💓 [HEARTBEAT] Invio heartbeat: {"stazioneId":"Padova","stato":"ONLINE","timestamp":"2026-08-15T20:21:28.617232329Z","tipoEvento":"HEARTBEAT","bufferSize":0}
2026-08-15 22:21:38,617 INFO  [it.uni.reti2.HeartbeatGenerator] (executor-thread-1) 💓 [HEARTBEAT] Invio heartbeat: {"stazioneId":"Padova","stato":"ONLINE","timestamp":"2026-08-15T20:21:38.617151439Z","tipoEvento":"HEARTBEAT","bufferSize":0}
2026-08-15 22:21:48,617 INFO  [it.uni.reti2.HeartbeatGenerator] (executor-thread-1) 💓 [HEARTBEAT] Invio heartbeat: {"stazioneId":"Padova","stato":"ONLINE","timestamp":"2026-08-15T20:21:48.617099367Z","tipoEvento":"HEARTBEAT","bufferSize":0}
2026-08-15 22:21:58,617 INFO  [it.uni.reti2.HeartbeatGenerator] (executor-thread-1) 💓 [HEARTBEAT] Invio heartbeat: {"stazioneId":"Padova","stato":"ONLINE","timestamp":"2026-08-15T20:21:58.617207275Z","tipoEvento":"HEARTBEAT","bufferSize":0}
2026-08-15 22:22:08,617 INFO  [it.uni.reti2.HeartbeatGenerator] (executor-thread-1) 💓 [HEARTBEAT] Invio heartbeat: {"stazioneId":"Padova","stato":"ONLINE","timestamp":"2026-08-15T20:22:08.617004582Z","tipoEvento":"HEARTBEAT","bufferSize":0}
2026-08-15 22:22:18,617 INFO  [it.uni.reti2.HeartbeatGenerator] (executor-thread-1) 💓 [HEARTBEAT] Invio heartbeat: {"stazioneId":"Padova","stato":"ONLINE","timestamp":"2026-08-15T20:22:18.616991414Z","tipoEvento":"HEARTBEAT","bufferSize":0}
2026-08-15 22:22:28,617 INFO  [it.uni.reti2.HeartbeatGenerator] (executor-thread-1) 💓 [HEARTBEAT] Invio heartbeat: {"stazioneId":"Padova","stato":"ONLINE","timestamp":"2026-08-15T20:22:28.617719826Z","tipoEvento":"HEARTBEAT","bufferSize":0}
2026-08-15 22:22:38,617 INFO  [it.uni.reti2.HeartbeatGenerator] (executor-thread-1) 💓 [HEARTBEAT] Invio heartbeat: {"stazioneId":"Padova","stato":"ONLINE","timestamp":"2026-08-15T20:22:38.616978063Z","tipoEvento":"HEARTBEAT","bufferSize":0}
2026-08-15 22:22:48,617 INFO  [it.uni.reti2.HeartbeatGenerator] (executor-thread-1) 💓 [HEARTBEAT] Invio heartbeat: {"stazioneId":"Padova","stato":"ONLINE","timestamp":"2026-08-15T20:22:48.617304332Z","tipoEvento":"HEARTBEAT","bufferSize":0}
2026-08-15 22:22:58,617 INFO  [it.uni.reti2.HeartbeatGenerator] (executor-thread-1) 💓 [HEARTBEAT] Invio heartbeat: {"stazioneId":"Padova","stato":"ONLINE","timestamp":"2026-08-15T20:22:58.617008529Z","tipoEvento":"HEARTBEAT","bufferSize":0}
2026-08-15 22:23:08,617 INFO  [it.uni.reti2.HeartbeatGenerator] (executor-thread-1) 💓 [HEARTBEAT] Invio heartbeat: {"stazioneId":"Padova","stato":"ONLINE","timestamp":"2026-08-15T20:23:08.617094746Z","tipoEvento":"HEARTBEAT","bufferSize":0}
2026-08-15 22:23:18,617 INFO  [it.uni.reti2.HeartbeatGenerator] (executor-thread-1) 💓 [HEARTBEAT] Invio heartbeat: {"stazioneId":"Padova","stato":"ONLINE","timestamp":"2026-08-15T20:23:18.617054668Z","tipoEvento":"HEARTBEAT","bufferSize":0}
2026-08-15 22:23:28,617 INFO  [it.uni.reti2.HeartbeatGenerator] (executor-thread-1) 💓 [HEARTBEAT] Invio heartbeat: {"stazioneId":"Padova","stato":"ONLINE","timestamp":"2026-08-15T20:23:28.617056001Z","tipoEvento":"HEARTBEAT","bufferSize":0}
2026-08-15 22:23:38,617 INFO  [it.uni.reti2.HeartbeatGenerator] (executor-thread-1) 💓 [HEARTBEAT] Invio heartbeat: {"stazioneId":"Padova","stato":"ONLINE","timestamp":"2026-08-15T20:23:38.617010152Z","tipoEvento":"HEARTBEAT","bufferSize":0}
2026-08-15 22:23:48,617 INFO  [it.uni.reti2.HeartbeatGenerator] (executor-thread-1) 💓 [HEARTBEAT] Invio heartbeat: {"stazioneId":"Padova","stato":"ONLINE","timestamp":"2026-08-15T20:23:48.617262601Z","tipoEvento":"HEARTBEAT","bufferSize":0}
2026-08-15 22:23:58,617 INFO  [it.uni.reti2.HeartbeatGenerator] (executor-thread-1) 💓 [HEARTBEAT] Invio heartbeat: {"stazioneId":"Padova","stato":"ONLINE","timestamp":"2026-08-15T20:23:58.617372651Z","tipoEvento":"HEARTBEAT","bufferSize":0}
2026-08-15 22:24:08,617 INFO  [it.uni.reti2.HeartbeatGenerator] (executor-thread-1) 💓 [HEARTBEAT] Invio heartbeat: {"stazioneId":"Padova","stato":"ONLINE","timestamp":"2026-08-15T20:24:08.617431026Z","tipoEvento":"HEARTBEAT","bufferSize":0}
2026-08-15 22:24:18,617 INFO  [it.uni.reti2.HeartbeatGenerator] (executor-thread-1) 💓 [HEARTBEAT] Invio heartbeat: {"stazioneId":"Padova","stato":"ONLINE","timestamp":"2026-08-15T20:24:18.617369289Z","tipoEvento":"HEARTBEAT","bufferSize":0}
2026-08-15 22:24:28,617 INFO  [it.uni.reti2.HeartbeatGenerator] (executor-thread-1) 💓 [HEARTBEAT] Invio heartbeat: {"stazioneId":"Padova","stato":"ONLINE","timestamp":"2026-08-15T20:24:28.617266058Z","tipoEvento":"HEARTBEAT","bufferSize":0}
2026-08-15 22:24:38,617 INFO  [it.uni.reti2.HeartbeatGenerator] (executor-thread-1) 💓 [HEARTBEAT] Invio heartbeat: {"stazioneId":"Padova","stato":"ONLINE","timestamp":"2026-08-15T20:24:38.617316069Z","tipoEvento":"HEARTBEAT","bufferSize":0}
2026-08-15 22:24:48,617 INFO  [it.uni.reti2.HeartbeatGenerator] (executor-thread-1) 💓 [HEARTBEAT] Invio heartbeat: {"stazioneId":"Padova","stato":"ONLINE","timestamp":"2026-08-15T20:24:48.616990285Z","tipoEvento":"HEARTBEAT","bufferSize":0}
2026-08-15 22:24:58,617 INFO  [it.uni.reti2.HeartbeatGenerator] (executor-thread-1) 💓 [HEARTBEAT] Invio heartbeat: {"stazioneId":"Padova","stato":"ONLINE","timestamp":"2026-08-15T20:24:58.616950895Z","tipoEvento":"HEARTBEAT","bufferSize":0}
2026-08-15 22:25:08,617 INFO  [it.uni.reti2.HeartbeatGenerator] (executor-thread-1) 💓 [HEARTBEAT] Invio heartbeat: {"stazioneId":"Padova","stato":"ONLINE","timestamp":"2026-08-15T20:25:08.617008146Z","tipoEvento":"HEARTBEAT","bufferSize":0}
2026-08-15 22:25:18,617 INFO  [it.uni.reti2.HeartbeatGenerator] (executor-thread-1) 💓 [HEARTBEAT] Invio heartbeat: {"stazioneId":"Padova","stato":"ONLINE","timestamp":"2026-08-15T20:25:18.617264126Z","tipoEvento":"HEARTBEAT","bufferSize":0}
2026-08-15 22:25:28,617 INFO  [it.uni.reti2.HeartbeatGenerator] (executor-thread-1) 💓 [HEARTBEAT] Invio heartbeat: {"stazioneId":"Padova","stato":"ONLINE","timestamp":"2026-08-15T20:25:28.616980254Z","tipoEvento":"HEARTBEAT","bufferSize":0}
2026-08-15 22:25:38,616 INFO  [it.uni.reti2.HeartbeatGenerator] (executor-thread-1) 💓 [HEARTBEAT] Invio heartbeat: {"stazioneId":"Padova","stato":"ONLINE","timestamp":"2026-08-15T20:25:38.616890053Z","tipoEvento":"HEARTBEAT","bufferSize":0}
2026-08-15 22:25:48,617 INFO  [it.uni.reti2.HeartbeatGenerator] (executor-thread-1) 💓 [HEARTBEAT] Invio heartbeat: {"stazioneId":"Padova","stato":"ONLINE","timestamp":"2026-08-15T20:25:48.616965812Z","tipoEvento":"HEARTBEAT","bufferSize":0}
2026-08-15 22:25:58,617 INFO  [it.uni.reti2.HeartbeatGenerator] (executor-thread-1) 💓 [HEARTBEAT] Invio heartbeat: {"stazioneId":"Padova","stato":"ONLINE","timestamp":"2026-08-15T20:25:58.616999940Z","tipoEvento":"HEARTBEAT","bufferSize":0}
2026-08-15 22:26:08,617 INFO  [it.uni.reti2.HeartbeatGenerator] (executor-thread-1) 💓 [HEARTBEAT] Invio heartbeat: {"stazioneId":"Padova","stato":"ONLINE","timestamp":"2026-08-15T20:26:08.617339746Z","tipoEvento":"HEARTBEAT","bufferSize":0}
2026-08-15 22:26:18,616 INFO  [it.uni.reti2.HeartbeatGenerator] (executor-thread-1) 💓 [HEARTBEAT] Invio heartbeat: {"stazioneId":"Padova","stato":"ONLINE","timestamp":"2026-08-15T20:26:18.616953991Z","tipoEvento":"HEARTBEAT","bufferSize":0}
2026-08-15 22:26:28,617 INFO  [it.uni.reti2.HeartbeatGenerator] (executor-thread-1) 💓 [HEARTBEAT] Invio heartbeat: {"stazioneId":"Padova","stato":"ONLINE","timestamp":"2026-08-15T20:26:28.617231712Z","tipoEvento":"HEARTBEAT","bufferSize":0}
2026-08-15 22:26:38,617 INFO  [it.uni.reti2.HeartbeatGenerator] (executor-thread-1) 💓 [HEARTBEAT] Invio heartbeat: {"stazioneId":"Padova","stato":"ONLINE","timestamp":"2026-08-15T20:26:38.617410411Z","tipoEvento":"HEARTBEAT","bufferSize":0}
2026-08-15 22:26:48,617 INFO  [it.uni.reti2.HeartbeatGenerator] (executor-thread-1) 💓 [HEARTBEAT] Invio heartbeat: {"stazioneId":"Padova","stato":"ONLINE","timestamp":"2026-08-15T20:26:48.617088509Z","tipoEvento":"HEARTBEAT","bufferSize":0}
2026-08-15 22:26:58,617 INFO  [it.uni.reti2.HeartbeatGenerator] (executor-thread-1) 💓 [HEARTBEAT] Invio heartbeat: {"stazioneId":"Padova","stato":"ONLINE","timestamp":"2026-08-15T20:26:58.617237603Z","tipoEvento":"HEARTBEAT","bufferSize":0}
2026-08-15 22:27:08,617 INFO  [it.uni.reti2.HeartbeatGenerator] (executor-thread-1) 💓 [HEARTBEAT] Invio heartbeat: {"stazioneId":"Padova","stato":"ONLINE","timestamp":"2026-08-15T20:27:08.616988437Z","tipoEvento":"HEARTBEAT","bufferSize":0}
2026-08-15 22:27:18,617 INFO  [it.uni.reti2.HeartbeatGenerator] (executor-thread-1) 💓 [HEARTBEAT] Invio heartbeat: {"stazioneId":"Padova","stato":"ONLINE","timestamp":"2026-08-15T20:27:18.617166919Z","tipoEvento":"HEARTBEAT","bufferSize":0}
2026-08-15 22:27:28,616 INFO  [it.uni.reti2.HeartbeatGenerator] (executor-thread-1) 💓 [HEARTBEAT] Invio heartbeat: {"stazioneId":"Padova","stato":"ONLINE","timestamp":"2026-08-15T20:27:28.616879498Z","tipoEvento":"HEARTBEAT","bufferSize":0}
2026-08-15 22:27:38,617 INFO  [it.uni.reti2.HeartbeatGenerator] (executor-thread-1) 💓 [HEARTBEAT] Invio heartbeat: {"stazioneId":"Padova","stato":"ONLINE","timestamp":"2026-08-15T20:27:38.617005743Z","tipoEvento":"HEARTBEAT","bufferSize":0}
2026-08-15 22:27:48,617 INFO  [it.uni.reti2.HeartbeatGenerator] (executor-thread-1) 💓 [HEARTBEAT] Invio heartbeat: {"stazioneId":"Padova","stato":"ONLINE","timestamp":"2026-08-15T20:27:48.617622130Z","tipoEvento":"HEARTBEAT","bufferSize":0}
2026-08-15 22:27:58,617 INFO  [it.uni.reti2.HeartbeatGenerator] (executor-thread-1) 💓 [HEARTBEAT] Invio heartbeat: {"stazioneId":"Padova","stato":"ONLINE","timestamp":"2026-08-15T20:27:58.617043382Z","tipoEvento":"HEARTBEAT","bufferSize":0}
2026-08-15 22:28:08,617 INFO  [it.uni.reti2.HeartbeatGenerator] (executor-thread-1) 💓 [HEARTBEAT] Invio heartbeat: {"stazioneId":"Padova","stato":"ONLINE","timestamp":"2026-08-15T20:28:08.617315274Z","tipoEvento":"HEARTBEAT","bufferSize":0}
2026-08-15 22:28:18,617 INFO  [it.uni.reti2.HeartbeatGenerator] (executor-thread-1) 💓 [HEARTBEAT] Invio heartbeat: {"stazioneId":"Padova","stato":"ONLINE","timestamp":"2026-08-15T20:28:18.617194418Z","tipoEvento":"HEARTBEAT","bufferSize":0}
2026-08-15 22:28:28,617 INFO  [it.uni.reti2.HeartbeatGenerator] (executor-thread-1) 💓 [HEARTBEAT] Invio heartbeat: {"stazioneId":"Padova","stato":"ONLINE","timestamp":"2026-08-15T20:28:28.617094269Z","tipoEvento":"HEARTBEAT","bufferSize":0}
2026-08-15 22:28:38,617 INFO  [it.uni.reti2.HeartbeatGenerator] (executor-thread-1) 💓 [HEARTBEAT] Invio heartbeat: {"stazioneId":"Padova","stato":"ONLINE","timestamp":"2026-08-15T20:28:38.617009814Z","tipoEvento":"HEARTBEAT","bufferSize":0}
2026-08-15 22:28:48,617 INFO  [it.uni.reti2.HeartbeatGenerator] (executor-thread-1) 💓 [HEARTBEAT] Invio heartbeat: {"stazioneId":"Padova","stato":"ONLINE","timestamp":"2026-08-15T20:28:48.617180957Z","tipoEvento":"HEARTBEAT","bufferSize":0}
2026-08-15 22:28:58,617 INFO  [it.uni.reti2.HeartbeatGenerator] (executor-thread-1) 💓 [HEARTBEAT] Invio heartbeat: {"stazioneId":"Padova","stato":"ONLINE","timestamp":"2026-08-15T20:28:58.617509950Z","tipoEvento":"HEARTBEAT","bufferSize":0}
2026-08-15 22:29:08,617 INFO  [it.uni.reti2.HeartbeatGenerator] (executor-thread-1) 💓 [HEARTBEAT] Invio heartbeat: {"stazioneId":"Padova","stato":"ONLINE","timestamp":"2026-08-15T20:29:08.616972927Z","tipoEvento":"HEARTBEAT","bufferSize":0}
2026-08-15 22:29:18,617 INFO  [it.uni.reti2.HeartbeatGenerator] (executor-thread-1) 💓 [HEARTBEAT] Invio heartbeat: {"stazioneId":"Padova","stato":"ONLINE","timestamp":"2026-08-15T20:29:18.617168296Z","tipoEvento":"HEARTBEAT","bufferSize":0}
2026-08-15 22:29:27,857 INFO  [io.smallrye.reactive.messaging.mqtt.session.impl.MqttClientSessionImpl] (vert.x-eventloop-thread-0) Connection closed: Connection closed
2026-08-15 22:29:28,617 INFO  [it.uni.reti2.HeartbeatGenerator] (executor-thread-1) 💓 [HEARTBEAT] Invio heartbeat: {"stazioneId":"Padova","stato":"ONLINE","timestamp":"2026-08-15T20:29:28.617006910Z","tipoEvento":"HEARTBEAT","bufferSize":0}
2026-08-15 22:29:28,871 INFO  [io.vertx.mqtt.impl.MqttClientImpl] (vert.x-eventloop-thread-0) Connection with localhost:1883 established successfully
2026-08-15 22:29:38,617 INFO  [it.uni.reti2.HeartbeatGenerator] (executor-thread-1) 💓 [HEARTBEAT] Invio heartbeat: {"stazioneId":"Padova","stato":"ONLINE","timestamp":"2026-08-15T20:29:38.617104856Z","tipoEvento":"HEARTBEAT","bufferSize":0}
2026-08-15 22:29:48,617 INFO  [it.uni.reti2.HeartbeatGenerator] (executor-thread-1) 💓 [HEARTBEAT] Invio heartbeat: {"stazioneId":"Padova","stato":"ONLINE","timestamp":"2026-08-15T20:29:48.616983391Z","tipoEvento":"HEARTBEAT","bufferSize":0}
2026-08-15 22:29:58,617 INFO  [it.uni.reti2.HeartbeatGenerator] (executor-thread-1) 💓 [HEARTBEAT] Invio heartbeat: {"stazioneId":"Padova","stato":"ONLINE","timestamp":"2026-08-15T20:29:58.617273932Z","tipoEvento":"HEARTBEAT","bufferSize":0}
2026-08-15 22:30:08,617 INFO  [it.uni.reti2.HeartbeatGenerator] (executor-thread-1) 💓 [HEARTBEAT] Invio heartbeat: {"stazioneId":"Padova","stato":"ONLINE","timestamp":"2026-08-15T20:30:08.616976831Z","tipoEvento":"HEARTBEAT","bufferSize":0}
2026-08-15 22:30:18,617 INFO  [it.uni.reti2.HeartbeatGenerator] (executor-thread-1) 💓 [HEARTBEAT] Invio heartbeat: {"stazioneId":"Padova","stato":"ONLINE","timestamp":"2026-08-15T20:30:18.617327160Z","tipoEvento":"HEARTBEAT","bufferSize":0}
2026-08-15 22:30:28,617 INFO  [it.uni.reti2.HeartbeatGenerator] (executor-thread-1) 💓 [HEARTBEAT] Invio heartbeat: {"stazioneId":"Padova","stato":"ONLINE","timestamp":"2026-08-15T20:30:28.616972102Z","tipoEvento":"HEARTBEAT","bufferSize":0}
2026-08-15 22:30:38,617 INFO  [it.uni.reti2.HeartbeatGenerator] (executor-thread-1) 💓 [HEARTBEAT] Invio heartbeat: {"stazioneId":"Padova","stato":"ONLINE","timestamp":"2026-08-15T20:30:38.616970093Z","tipoEvento":"HEARTBEAT","bufferSize":0}
2026-08-15 22:30:48,617 INFO  [it.uni.reti2.HeartbeatGenerator] (executor-thread-1) 💓 [HEARTBEAT] Invio heartbeat: {"stazioneId":"Padova","stato":"ONLINE","timestamp":"2026-08-15T20:30:48.617701128Z","tipoEvento":"HEARTBEAT","bufferSize":0}
2026-08-15 22:30:58,617 INFO  [it.uni.reti2.HeartbeatGenerator] (executor-thread-1) 💓 [HEARTBEAT] Invio heartbeat: {"stazioneId":"Padova","stato":"ONLINE","timestamp":"2026-08-15T20:30:58.617231891Z","tipoEvento":"HEARTBEAT","bufferSize":0}
2026-08-15 22:31:08,617 INFO  [it.uni.reti2.HeartbeatGenerator] (executor-thread-1) 💓 [HEARTBEAT] Invio heartbeat: {"stazioneId":"Padova","stato":"ONLINE","timestamp":"2026-08-15T20:31:08.617614962Z","tipoEvento":"HEARTBEAT","bufferSize":0}
2026-08-15 22:31:18,617 INFO  [it.uni.reti2.HeartbeatGenerator] (executor-thread-1) 💓 [HEARTBEAT] Invio heartbeat: {"stazioneId":"Padova","stato":"ONLINE","timestamp":"2026-08-15T20:31:18.617043467Z","tipoEvento":"HEARTBEAT","bufferSize":0}
2026-08-15 22:31:28,617 INFO  [it.uni.reti2.HeartbeatGenerator] (executor-thread-1) 💓 [HEARTBEAT] Invio heartbeat: {"stazioneId":"Padova","stato":"ONLINE","timestamp":"2026-08-15T20:31:28.616962142Z","tipoEvento":"HEARTBEAT","bufferSize":0}
2026-08-15 22:31:38,617 INFO  [it.uni.reti2.HeartbeatGenerator] (executor-thread-1) 💓 [HEARTBEAT] Invio heartbeat: {"stazioneId":"Padova","stato":"ONLINE","timestamp":"2026-08-15T20:31:38.617304563Z","tipoEvento":"HEARTBEAT","bufferSize":0}
2026-08-15 22:31:48,617 INFO  [it.uni.reti2.HeartbeatGenerator] (executor-thread-1) 💓 [HEARTBEAT] Invio heartbeat: {"stazioneId":"Padova","stato":"ONLINE","timestamp":"2026-08-15T20:31:48.617071972Z","tipoEvento":"HEARTBEAT","bufferSize":0}
2026-08-15 22:31:58,617 INFO  [it.uni.reti2.HeartbeatGenerator] (executor-thread-1) 💓 [HEARTBEAT] Invio heartbeat: {"stazioneId":"Padova","stato":"ONLINE","timestamp":"2026-08-15T20:31:58.617014531Z","tipoEvento":"HEARTBEAT","bufferSize":0}
2026-08-15 22:32:08,617 INFO  [it.uni.reti2.HeartbeatGenerator] (executor-thread-1) 💓 [HEARTBEAT] Invio heartbeat: {"stazioneId":"Padova","stato":"ONLINE","timestamp":"2026-08-15T20:32:08.617017106Z","tipoEvento":"HEARTBEAT","bufferSize":0}
2026-08-15 22:32:18,617 INFO  [it.uni.reti2.HeartbeatGenerator] (executor-thread-1) 💓 [HEARTBEAT] Invio heartbeat: {"stazioneId":"Padova","stato":"ONLINE","timestamp":"2026-08-15T20:32:18.616987524Z","tipoEvento":"HEARTBEAT","bufferSize":0}
2026-08-15 22:32:18,787 WARN  [it.uni.reti2.StationGateway] (vert.x-eventloop-thread-1) 🚨 [ALERT RICEVUTO] La Centrale dice: {"tipoEvento":"TEST_PERSISTENZA","nota":"pubblicato mentre il nodo era spento"}
2026-08-15 22:32:28,617 INFO  [it.uni.reti2.HeartbeatGenerator] (executor-thread-1) 💓 [HEARTBEAT] Invio heartbeat: {"stazioneId":"Padova","stato":"ONLINE","timestamp":"2026-08-15T20:32:28.617376852Z","tipoEvento":"HEARTBEAT","bufferSize":0}
2026-08-15 22:32:38,617 INFO  [it.uni.reti2.HeartbeatGenerator] (executor-thread-1) 💓 [HEARTBEAT] Invio heartbeat: {"stazioneId":"Padova","stato":"ONLINE","timestamp":"2026-08-15T20:32:38.617119723Z","tipoEvento":"HEARTBEAT","bufferSize":0}
2026-08-15 22:32:48,617 INFO  [it.uni.reti2.HeartbeatGenerator] (executor-thread-1) 💓 [HEARTBEAT] Invio heartbeat: {"stazioneId":"Padova","stato":"ONLINE","timestamp":"2026-08-15T20:32:48.617711359Z","tipoEvento":"HEARTBEAT","bufferSize":0}
2026-08-15 22:32:58,616 INFO  [it.uni.reti2.HeartbeatGenerator] (executor-thread-1) 💓 [HEARTBEAT] Invio heartbeat: {"stazioneId":"Padova","stato":"ONLINE","timestamp":"2026-08-15T20:32:58.616953173Z","tipoEvento":"HEARTBEAT","bufferSize":0}
2026-08-15 22:33:08,617 INFO  [it.uni.reti2.HeartbeatGenerator] (executor-thread-1) 💓 [HEARTBEAT] Invio heartbeat: {"stazioneId":"Padova","stato":"ONLINE","timestamp":"2026-08-15T20:33:08.617005077Z","tipoEvento":"HEARTBEAT","bufferSize":0}
2026-08-15 22:33:18,617 INFO  [it.uni.reti2.HeartbeatGenerator] (executor-thread-1) 💓 [HEARTBEAT] Invio heartbeat: {"stazioneId":"Padova","stato":"ONLINE","timestamp":"2026-08-15T20:33:18.616938412Z","tipoEvento":"HEARTBEAT","bufferSize":0}
2026-08-15 22:33:28,617 INFO  [it.uni.reti2.HeartbeatGenerator] (executor-thread-1) 💓 [HEARTBEAT] Invio heartbeat: {"stazioneId":"Padova","stato":"ONLINE","timestamp":"2026-08-15T20:33:28.617009496Z","tipoEvento":"HEARTBEAT","bufferSize":0}
2026-08-15 22:33:38,617 INFO  [it.uni.reti2.HeartbeatGenerator] (executor-thread-1) 💓 [HEARTBEAT] Invio heartbeat: {"stazioneId":"Padova","stato":"ONLINE","timestamp":"2026-08-15T20:33:38.616975804Z","tipoEvento":"HEARTBEAT","bufferSize":0}
2026-08-15 22:33:48,616 INFO  [it.uni.reti2.HeartbeatGenerator] (executor-thread-1) 💓 [HEARTBEAT] Invio heartbeat: {"stazioneId":"Padova","stato":"ONLINE","timestamp":"2026-08-15T20:33:48.616919177Z","tipoEvento":"HEARTBEAT","bufferSize":0}
2026-08-15 22:33:48,838 WARN  [it.uni.reti2.StationGateway] (vert.x-eventloop-thread-1) 🚨 [ALERT RICEVUTO] La Centrale dice: {"tipoEvento":"TEST_PERSISTENZA"}
2026-08-15 22:33:58,616 INFO  [it.uni.reti2.HeartbeatGenerator] (executor-thread-1) 💓 [HEARTBEAT] Invio heartbeat: {"stazioneId":"Padova","stato":"ONLINE","timestamp":"2026-08-15T20:33:58.616944384Z","tipoEvento":"HEARTBEAT","bufferSize":0}
2026-08-15 22:34:08,616 INFO  [it.uni.reti2.HeartbeatGenerator] (executor-thread-1) 💓 [HEARTBEAT] Invio heartbeat: {"stazioneId":"Padova","stato":"ONLINE","timestamp":"2026-08-15T20:34:08.616925344Z","tipoEvento":"HEARTBEAT","bufferSize":0}
2026-08-15 22:34:18,617 INFO  [it.uni.reti2.HeartbeatGenerator] (executor-thread-1) 💓 [HEARTBEAT] Invio heartbeat: {"stazioneId":"Padova","stato":"ONLINE","timestamp":"2026-08-15T20:34:18.617036238Z","tipoEvento":"HEARTBEAT","bufferSize":0}
2026-08-15 22:34:28,617 INFO  [it.uni.reti2.HeartbeatGenerator] (executor-thread-1) 💓 [HEARTBEAT] Invio heartbeat: {"stazioneId":"Padova","stato":"ONLINE","timestamp":"2026-08-15T20:34:28.616959635Z","tipoEvento":"HEARTBEAT","bufferSize":0}
2026-08-15 22:34:38,617 INFO  [it.uni.reti2.HeartbeatGenerator] (executor-thread-1) 💓 [HEARTBEAT] Invio heartbeat: {"stazioneId":"Padova","stato":"ONLINE","timestamp":"2026-08-15T20:34:38.617032481Z","tipoEvento":"HEARTBEAT","bufferSize":0}
2026-08-15 22:34:48,617 INFO  [it.uni.reti2.HeartbeatGenerator] (executor-thread-1) 💓 [HEARTBEAT] Invio heartbeat: {"stazioneId":"Padova","stato":"ONLINE","timestamp":"2026-08-15T20:34:48.617006620Z","tipoEvento":"HEARTBEAT","bufferSize":0}
2026-08-15 22:34:58,616 INFO  [it.uni.reti2.HeartbeatGenerator] (executor-thread-1) 💓 [HEARTBEAT] Invio heartbeat: {"stazioneId":"Padova","stato":"ONLINE","timestamp":"2026-08-15T20:34:58.616878812Z","tipoEvento":"HEARTBEAT","bufferSize":0}
2026-08-15 22:35:08,617 INFO  [it.uni.reti2.HeartbeatGenerator] (executor-thread-1) 💓 [HEARTBEAT] Invio heartbeat: {"stazioneId":"Padova","stato":"ONLINE","timestamp":"2026-08-15T20:35:08.617242234Z","tipoEvento":"HEARTBEAT","bufferSize":0}
2026-08-15 22:35:18,617 INFO  [it.uni.reti2.HeartbeatGenerator] (executor-thread-1) 💓 [HEARTBEAT] Invio heartbeat: {"stazioneId":"Padova","stato":"ONLINE","timestamp":"2026-08-15T20:35:18.616999834Z","tipoEvento":"HEARTBEAT","bufferSize":0}
2026-08-15 22:35:28,617 INFO  [it.uni.reti2.HeartbeatGenerator] (executor-thread-1) 💓 [HEARTBEAT] Invio heartbeat: {"stazioneId":"Padova","stato":"ONLINE","timestamp":"2026-08-15T20:35:28.617127387Z","tipoEvento":"HEARTBEAT","bufferSize":0}
2026-08-15 22:35:38,617 INFO  [it.uni.reti2.HeartbeatGenerator] (executor-thread-1) 💓 [HEARTBEAT] Invio heartbeat: {"stazioneId":"Padova","stato":"ONLINE","timestamp":"2026-08-15T20:35:38.617007527Z","tipoEvento":"HEARTBEAT","bufferSize":0}
2026-08-15 22:35:48,617 INFO  [it.uni.reti2.HeartbeatGenerator] (executor-thread-1) 💓 [HEARTBEAT] Invio heartbeat: {"stazioneId":"Padova","stato":"ONLINE","timestamp":"2026-08-15T20:35:48.617004996Z","tipoEvento":"HEARTBEAT","bufferSize":0}
2026-08-15 22:35:58,617 INFO  [it.uni.reti2.HeartbeatGenerator] (executor-thread-1) 💓 [HEARTBEAT] Invio heartbeat: {"stazioneId":"Padova","stato":"ONLINE","timestamp":"2026-08-15T20:35:58.617015053Z","tipoEvento":"HEARTBEAT","bufferSize":0}
2026-08-15 22:36:08,617 INFO  [it.uni.reti2.HeartbeatGenerator] (executor-thread-1) 💓 [HEARTBEAT] Invio heartbeat: {"stazioneId":"Padova","stato":"ONLINE","timestamp":"2026-08-15T20:36:08.617035361Z","tipoEvento":"HEARTBEAT","bufferSize":0}
2026-08-15 22:36:18,617 INFO  [it.uni.reti2.HeartbeatGenerator] (executor-thread-1) 💓 [HEARTBEAT] Invio heartbeat: {"stazioneId":"Padova","stato":"ONLINE","timestamp":"2026-08-15T20:36:18.617627200Z","tipoEvento":"HEARTBEAT","bufferSize":0}
2026-08-15 22:36:28,616 INFO  [it.uni.reti2.HeartbeatGenerator] (executor-thread-1) 💓 [HEARTBEAT] Invio heartbeat: {"stazioneId":"Padova","stato":"ONLINE","timestamp":"2026-08-15T20:36:28.616973185Z","tipoEvento":"HEARTBEAT","bufferSize":0}
2026-08-15 22:36:38,616 INFO  [it.uni.reti2.HeartbeatGenerator] (executor-thread-1) 💓 [HEARTBEAT] Invio heartbeat: {"stazioneId":"Padova","stato":"ONLINE","timestamp":"2026-08-15T20:36:38.616878862Z","tipoEvento":"HEARTBEAT","bufferSize":0}
2026-08-15 22:36:48,617 INFO  [it.uni.reti2.HeartbeatGenerator] (executor-thread-1) 💓 [HEARTBEAT] Invio heartbeat: {"stazioneId":"Padova","stato":"ONLINE","timestamp":"2026-08-15T20:36:48.617186607Z","tipoEvento":"HEARTBEAT","bufferSize":0}
2026-08-15 22:36:58,617 INFO  [it.uni.reti2.HeartbeatGenerator] (executor-thread-1) 💓 [HEARTBEAT] Invio heartbeat: {"stazioneId":"Padova","stato":"ONLINE","timestamp":"2026-08-15T20:36:58.617299785Z","tipoEvento":"HEARTBEAT","bufferSize":0}
2026-08-15 22:37:08,617 INFO  [it.uni.reti2.HeartbeatGenerator] (executor-thread-1) 💓 [HEARTBEAT] Invio heartbeat: {"stazioneId":"Padova","stato":"ONLINE","timestamp":"2026-08-15T20:37:08.617315540Z","tipoEvento":"HEARTBEAT","bufferSize":0}
2026-08-15 22:37:18,617 INFO  [it.uni.reti2.HeartbeatGenerator] (executor-thread-1) 💓 [HEARTBEAT] Invio heartbeat: {"stazioneId":"Padova","stato":"ONLINE","timestamp":"2026-08-15T20:37:18.617103244Z","tipoEvento":"HEARTBEAT","bufferSize":0}
2026-08-15 22:37:28,617 INFO  [it.uni.reti2.HeartbeatGenerator] (executor-thread-1) 💓 [HEARTBEAT] Invio heartbeat: {"stazioneId":"Padova","stato":"ONLINE","timestamp":"2026-08-15T20:37:28.617044818Z","tipoEvento":"HEARTBEAT","bufferSize":0}
2026-08-15 22:37:38,617 INFO  [it.uni.reti2.HeartbeatGenerator] (executor-thread-1) 💓 [HEARTBEAT] Invio heartbeat: {"stazioneId":"Padova","stato":"ONLINE","timestamp":"2026-08-15T20:37:38.616973038Z","tipoEvento":"HEARTBEAT","bufferSize":0}
2026-08-15 22:37:48,617 INFO  [it.uni.reti2.HeartbeatGenerator] (executor-thread-1) 💓 [HEARTBEAT] Invio heartbeat: {"stazioneId":"Padova","stato":"ONLINE","timestamp":"2026-08-15T20:37:48.617701922Z","tipoEvento":"HEARTBEAT","bufferSize":0}
2026-08-15 22:37:58,617 INFO  [it.uni.reti2.HeartbeatGenerator] (executor-thread-1) 💓 [HEARTBEAT] Invio heartbeat: {"stazioneId":"Padova","stato":"ONLINE","timestamp":"2026-08-15T20:37:58.617244996Z","tipoEvento":"HEARTBEAT","bufferSize":0}
2026-08-15 22:38:08,617 INFO  [it.uni.reti2.HeartbeatGenerator] (executor-thread-1) 💓 [HEARTBEAT] Invio heartbeat: {"stazioneId":"Padova","stato":"ONLINE","timestamp":"2026-08-15T20:38:08.617125738Z","tipoEvento":"HEARTBEAT","bufferSize":0}
2026-08-15 22:38:18,618 INFO  [it.uni.reti2.HeartbeatGenerator] (executor-thread-1) 💓 [HEARTBEAT] Invio heartbeat: {"stazioneId":"Padova","stato":"ONLINE","timestamp":"2026-08-15T20:38:18.617988087Z","tipoEvento":"HEARTBEAT","bufferSize":0}
2026-08-15 22:38:28,617 INFO  [it.uni.reti2.HeartbeatGenerator] (executor-thread-1) 💓 [HEARTBEAT] Invio heartbeat: {"stazioneId":"Padova","stato":"ONLINE","timestamp":"2026-08-15T20:38:28.617069654Z","tipoEvento":"HEARTBEAT","bufferSize":0}
2026-08-15 22:38:38,617 INFO  [it.uni.reti2.HeartbeatGenerator] (executor-thread-1) 💓 [HEARTBEAT] Invio heartbeat: {"stazioneId":"Padova","stato":"ONLINE","timestamp":"2026-08-15T20:38:38.617031206Z","tipoEvento":"HEARTBEAT","bufferSize":0}
2026-08-15 22:38:48,617 INFO  [it.uni.reti2.HeartbeatGenerator] (executor-thread-1) 💓 [HEARTBEAT] Invio heartbeat: {"stazioneId":"Padova","stato":"ONLINE","timestamp":"2026-08-15T20:38:48.616978229Z","tipoEvento":"HEARTBEAT","bufferSize":0}
2026-08-15 22:38:58,617 INFO  [it.uni.reti2.HeartbeatGenerator] (executor-thread-1) 💓 [HEARTBEAT] Invio heartbeat: {"stazioneId":"Padova","stato":"ONLINE","timestamp":"2026-08-15T20:38:58.616961916Z","tipoEvento":"HEARTBEAT","bufferSize":0}
2026-08-15 22:39:08,617 INFO  [it.uni.reti2.HeartbeatGenerator] (executor-thread-1) 💓 [HEARTBEAT] Invio heartbeat: {"stazioneId":"Padova","stato":"ONLINE","timestamp":"2026-08-15T20:39:08.617372915Z","tipoEvento":"HEARTBEAT","bufferSize":0}
2026-08-15 22:39:18,616 INFO  [it.uni.reti2.HeartbeatGenerator] (executor-thread-1) 💓 [HEARTBEAT] Invio heartbeat: {"stazioneId":"Padova","stato":"ONLINE","timestamp":"2026-08-15T20:39:18.616919824Z","tipoEvento":"HEARTBEAT","bufferSize":0}
2026-08-15 22:39:28,617 INFO  [it.uni.reti2.HeartbeatGenerator] (executor-thread-1) 💓 [HEARTBEAT] Invio heartbeat: {"stazioneId":"Padova","stato":"ONLINE","timestamp":"2026-08-15T20:39:28.617015473Z","tipoEvento":"HEARTBEAT","bufferSize":0}
2026-08-15 22:39:38,617 INFO  [it.uni.reti2.HeartbeatGenerator] (executor-thread-1) 💓 [HEARTBEAT] Invio heartbeat: {"stazioneId":"Padova","stato":"ONLINE","timestamp":"2026-08-15T20:39:38.617334255Z","tipoEvento":"HEARTBEAT","bufferSize":0}
2026-08-15 22:39:48,617 INFO  [it.uni.reti2.HeartbeatGenerator] (executor-thread-1) 💓 [HEARTBEAT] Invio heartbeat: {"stazioneId":"Padova","stato":"ONLINE","timestamp":"2026-08-15T20:39:48.617156683Z","tipoEvento":"HEARTBEAT","bufferSize":0}
2026-08-15 22:39:58,617 INFO  [it.uni.reti2.HeartbeatGenerator] (executor-thread-1) 💓 [HEARTBEAT] Invio heartbeat: {"stazioneId":"Padova","stato":"ONLINE","timestamp":"2026-08-15T20:39:58.617263778Z","tipoEvento":"HEARTBEAT","bufferSize":0}
2026-08-15 22:40:08,617 INFO  [it.uni.reti2.HeartbeatGenerator] (executor-thread-1) 💓 [HEARTBEAT] Invio heartbeat: {"stazioneId":"Padova","stato":"ONLINE","timestamp":"2026-08-15T20:40:08.617037686Z","tipoEvento":"HEARTBEAT","bufferSize":0}
2026-08-15 22:40:18,617 INFO  [it.uni.reti2.HeartbeatGenerator] (executor-thread-1) 💓 [HEARTBEAT] Invio heartbeat: {"stazioneId":"Padova","stato":"ONLINE","timestamp":"2026-08-15T20:40:18.617023754Z","tipoEvento":"HEARTBEAT","bufferSize":0}
2026-08-15 22:40:28,616 INFO  [it.uni.reti2.HeartbeatGenerator] (executor-thread-1) 💓 [HEARTBEAT] Invio heartbeat: {"stazioneId":"Padova","stato":"ONLINE","timestamp":"2026-08-15T20:40:28.616899039Z","tipoEvento":"HEARTBEAT","bufferSize":0}
2026-08-15 22:40:38,617 INFO  [it.uni.reti2.HeartbeatGenerator] (executor-thread-1) 💓 [HEARTBEAT] Invio heartbeat: {"stazioneId":"Padova","stato":"ONLINE","timestamp":"2026-08-15T20:40:38.617025602Z","tipoEvento":"HEARTBEAT","bufferSize":0}
2026-08-15 22:40:48,617 INFO  [it.uni.reti2.HeartbeatGenerator] (executor-thread-1) 💓 [HEARTBEAT] Invio heartbeat: {"stazioneId":"Padova","stato":"ONLINE","timestamp":"2026-08-15T20:40:48.617022228Z","tipoEvento":"HEARTBEAT","bufferSize":0}
2026-08-15 22:40:58,617 INFO  [it.uni.reti2.HeartbeatGenerator] (executor-thread-1) 💓 [HEARTBEAT] Invio heartbeat: {"stazioneId":"Padova","stato":"ONLINE","timestamp":"2026-08-15T20:40:58.617020230Z","tipoEvento":"HEARTBEAT","bufferSize":0}
2026-08-15 22:41:08,617 INFO  [it.uni.reti2.HeartbeatGenerator] (executor-thread-1) 💓 [HEARTBEAT] Invio heartbeat: {"stazioneId":"Padova","stato":"ONLINE","timestamp":"2026-08-15T20:41:08.616926656Z","tipoEvento":"HEARTBEAT","bufferSize":0}
2026-08-15 22:41:18,616 INFO  [it.uni.reti2.HeartbeatGenerator] (executor-thread-1) 💓 [HEARTBEAT] Invio heartbeat: {"stazioneId":"Padova","stato":"ONLINE","timestamp":"2026-08-15T20:41:18.616871277Z","tipoEvento":"HEARTBEAT","bufferSize":0}
2026-08-15 22:41:28,617 INFO  [it.uni.reti2.HeartbeatGenerator] (executor-thread-1) 💓 [HEARTBEAT] Invio heartbeat: {"stazioneId":"Padova","stato":"ONLINE","timestamp":"2026-08-15T20:41:28.617185020Z","tipoEvento":"HEARTBEAT","bufferSize":0}
2026-08-15 22:41:38,616 INFO  [it.uni.reti2.HeartbeatGenerator] (executor-thread-1) 💓 [HEARTBEAT] Invio heartbeat: {"stazioneId":"Padova","stato":"ONLINE","timestamp":"2026-08-15T20:41:38.616931619Z","tipoEvento":"HEARTBEAT","bufferSize":0}
2026-08-15 22:41:48,617 INFO  [it.uni.reti2.HeartbeatGenerator] (executor-thread-1) 💓 [HEARTBEAT] Invio heartbeat: {"stazioneId":"Padova","stato":"ONLINE","timestamp":"2026-08-15T20:41:48.616971683Z","tipoEvento":"HEARTBEAT","bufferSize":0}
2026-08-15 22:41:58,617 INFO  [it.uni.reti2.HeartbeatGenerator] (executor-thread-1) 💓 [HEARTBEAT] Invio heartbeat: {"stazioneId":"Padova","stato":"ONLINE","timestamp":"2026-08-15T20:41:58.617023109Z","tipoEvento":"HEARTBEAT","bufferSize":0}
2026-08-15 22:42:08,617 INFO  [it.uni.reti2.HeartbeatGenerator] (executor-thread-1) 💓 [HEARTBEAT] Invio heartbeat: {"stazioneId":"Padova","stato":"ONLINE","timestamp":"2026-08-15T20:42:08.616907927Z","tipoEvento":"HEARTBEAT","bufferSize":0}
2026-08-15 22:42:18,617 INFO  [it.uni.reti2.HeartbeatGenerator] (executor-thread-1) 💓 [HEARTBEAT] Invio heartbeat: {"stazioneId":"Padova","stato":"ONLINE","timestamp":"2026-08-15T20:42:18.616955180Z","tipoEvento":"HEARTBEAT","bufferSize":0}
2026-08-15 22:42:28,617 INFO  [it.uni.reti2.HeartbeatGenerator] (executor-thread-1) 💓 [HEARTBEAT] Invio heartbeat: {"stazioneId":"Padova","stato":"ONLINE","timestamp":"2026-08-15T20:42:28.617332766Z","tipoEvento":"HEARTBEAT","bufferSize":0}
2026-08-15 22:42:38,617 INFO  [it.uni.reti2.HeartbeatGenerator] (executor-thread-1) 💓 [HEARTBEAT] Invio heartbeat: {"stazioneId":"Padova","stato":"ONLINE","timestamp":"2026-08-15T20:42:38.616916634Z","tipoEvento":"HEARTBEAT","bufferSize":0}
2026-08-15 22:42:48,617 INFO  [it.uni.reti2.HeartbeatGenerator] (executor-thread-1) 💓 [HEARTBEAT] Invio heartbeat: {"stazioneId":"Padova","stato":"ONLINE","timestamp":"2026-08-15T20:42:48.617243898Z","tipoEvento":"HEARTBEAT","bufferSize":0}
2026-08-15 22:42:58,617 INFO  [it.uni.reti2.HeartbeatGenerator] (executor-thread-1) 💓 [HEARTBEAT] Invio heartbeat: {"stazioneId":"Padova","stato":"ONLINE","timestamp":"2026-08-15T20:42:58.617059897Z","tipoEvento":"HEARTBEAT","bufferSize":0}
2026-08-15 22:43:08,617 INFO  [it.uni.reti2.HeartbeatGenerator] (executor-thread-1) 💓 [HEARTBEAT] Invio heartbeat: {"stazioneId":"Padova","stato":"ONLINE","timestamp":"2026-08-15T20:43:08.617655384Z","tipoEvento":"HEARTBEAT","bufferSize":0}
2026-08-15 22:43:18,617 INFO  [it.uni.reti2.HeartbeatGenerator] (executor-thread-1) 💓 [HEARTBEAT] Invio heartbeat: {"stazioneId":"Padova","stato":"ONLINE","timestamp":"2026-08-15T20:43:18.617012056Z","tipoEvento":"HEARTBEAT","bufferSize":0}
2026-08-15 22:43:28,617 INFO  [it.uni.reti2.HeartbeatGenerator] (executor-thread-1) 💓 [HEARTBEAT] Invio heartbeat: {"stazioneId":"Padova","stato":"ONLINE","timestamp":"2026-08-15T20:43:28.616981726Z","tipoEvento":"HEARTBEAT","bufferSize":0}
2026-08-15 22:43:38,617 INFO  [it.uni.reti2.HeartbeatGenerator] (executor-thread-1) 💓 [HEARTBEAT] Invio heartbeat: {"stazioneId":"Padova","stato":"ONLINE","timestamp":"2026-08-15T20:43:38.617053311Z","tipoEvento":"HEARTBEAT","bufferSize":0}
2026-08-15 22:43:48,617 INFO  [it.uni.reti2.HeartbeatGenerator] (executor-thread-1) 💓 [HEARTBEAT] Invio heartbeat: {"stazioneId":"Padova","stato":"ONLINE","timestamp":"2026-08-15T20:43:48.617022692Z","tipoEvento":"HEARTBEAT","bufferSize":0}
2026-08-15 22:43:58,617 INFO  [it.uni.reti2.HeartbeatGenerator] (executor-thread-1) 💓 [HEARTBEAT] Invio heartbeat: {"stazioneId":"Padova","stato":"ONLINE","timestamp":"2026-08-15T20:43:58.617055656Z","tipoEvento":"HEARTBEAT","bufferSize":0}
2026-08-15 22:44:08,616 INFO  [it.uni.reti2.HeartbeatGenerator] (executor-thread-1) 💓 [HEARTBEAT] Invio heartbeat: {"stazioneId":"Padova","stato":"ONLINE","timestamp":"2026-08-15T20:44:08.616924576Z","tipoEvento":"HEARTBEAT","bufferSize":0}
2026-08-15 22:44:18,617 INFO  [it.uni.reti2.HeartbeatGenerator] (executor-thread-1) 💓 [HEARTBEAT] Invio heartbeat: {"stazioneId":"Padova","stato":"ONLINE","timestamp":"2026-08-15T20:44:18.617004424Z","tipoEvento":"HEARTBEAT","bufferSize":0}
2026-08-15 22:44:28,617 INFO  [it.uni.reti2.HeartbeatGenerator] (executor-thread-1) 💓 [HEARTBEAT] Invio heartbeat: {"stazioneId":"Padova","stato":"ONLINE","timestamp":"2026-08-15T20:44:28.617615028Z","tipoEvento":"HEARTBEAT","bufferSize":0}
2026-08-15 22:44:38,617 INFO  [it.uni.reti2.HeartbeatGenerator] (executor-thread-1) 💓 [HEARTBEAT] Invio heartbeat: {"stazioneId":"Padova","stato":"ONLINE","timestamp":"2026-08-15T20:44:38.617390120Z","tipoEvento":"HEARTBEAT","bufferSize":0}
2026-08-15 22:44:48,617 INFO  [it.uni.reti2.HeartbeatGenerator] (executor-thread-1) 💓 [HEARTBEAT] Invio heartbeat: {"stazioneId":"Padova","stato":"ONLINE","timestamp":"2026-08-15T20:44:48.617702506Z","tipoEvento":"HEARTBEAT","bufferSize":0}
2026-08-15 22:44:58,617 INFO  [it.uni.reti2.HeartbeatGenerator] (executor-thread-1) 💓 [HEARTBEAT] Invio heartbeat: {"stazioneId":"Padova","stato":"ONLINE","timestamp":"2026-08-15T20:44:58.617651099Z","tipoEvento":"HEARTBEAT","bufferSize":0}
2026-08-15 22:45:08,617 INFO  [it.uni.reti2.HeartbeatGenerator] (executor-thread-1) 💓 [HEARTBEAT] Invio heartbeat: {"stazioneId":"Padova","stato":"ONLINE","timestamp":"2026-08-15T20:45:08.617480035Z","tipoEvento":"HEARTBEAT","bufferSize":0}
2026-08-15 22:45:18,617 INFO  [it.uni.reti2.HeartbeatGenerator] (executor-thread-1) 💓 [HEARTBEAT] Invio heartbeat: {"stazioneId":"Padova","stato":"ONLINE","timestamp":"2026-08-15T20:45:18.617051058Z","tipoEvento":"HEARTBEAT","bufferSize":0}
2026-08-15 22:45:28,617 INFO  [it.uni.reti2.HeartbeatGenerator] (executor-thread-1) 💓 [HEARTBEAT] Invio heartbeat: {"stazioneId":"Padova","stato":"ONLINE","timestamp":"2026-08-15T20:45:28.617018516Z","tipoEvento":"HEARTBEAT","bufferSize":0}
2026-08-15 22:45:38,616 INFO  [it.uni.reti2.HeartbeatGenerator] (executor-thread-1) 💓 [HEARTBEAT] Invio heartbeat: {"stazioneId":"Padova","stato":"ONLINE","timestamp":"2026-08-15T20:45:38.616919088Z","tipoEvento":"HEARTBEAT","bufferSize":0}
2026-08-15 22:45:48,617 INFO  [it.uni.reti2.HeartbeatGenerator] (executor-thread-1) 💓 [HEARTBEAT] Invio heartbeat: {"stazioneId":"Padova","stato":"ONLINE","timestamp":"2026-08-15T20:45:48.617624262Z","tipoEvento":"HEARTBEAT","bufferSize":0}
2026-08-15 22:45:58,617 INFO  [it.uni.reti2.HeartbeatGenerator] (executor-thread-1) 💓 [HEARTBEAT] Invio heartbeat: {"stazioneId":"Padova","stato":"ONLINE","timestamp":"2026-08-15T20:45:58.617261656Z","tipoEvento":"HEARTBEAT","bufferSize":0}
2026-08-15 22:46:08,617 INFO  [it.uni.reti2.HeartbeatGenerator] (executor-thread-1) 💓 [HEARTBEAT] Invio heartbeat: {"stazioneId":"Padova","stato":"ONLINE","timestamp":"2026-08-15T20:46:08.617257210Z","tipoEvento":"HEARTBEAT","bufferSize":0}
2026-08-15 22:46:18,617 INFO  [it.uni.reti2.HeartbeatGenerator] (executor-thread-1) 💓 [HEARTBEAT] Invio heartbeat: {"stazioneId":"Padova","stato":"ONLINE","timestamp":"2026-08-15T20:46:18.617058929Z","tipoEvento":"HEARTBEAT","bufferSize":0}
2026-08-15 22:46:28,617 INFO  [it.uni.reti2.HeartbeatGenerator] (executor-thread-1) 💓 [HEARTBEAT] Invio heartbeat: {"stazioneId":"Padova","stato":"ONLINE","timestamp":"2026-08-15T20:46:28.617076791Z","tipoEvento":"HEARTBEAT","bufferSize":0}
2026-08-15 22:46:38,617 INFO  [it.uni.reti2.HeartbeatGenerator] (executor-thread-1) 💓 [HEARTBEAT] Invio heartbeat: {"stazioneId":"Padova","stato":"ONLINE","timestamp":"2026-08-15T20:46:38.617268570Z","tipoEvento":"HEARTBEAT","bufferSize":0}
2026-08-15 22:46:48,616 INFO  [it.uni.reti2.HeartbeatGenerator] (executor-thread-1) 💓 [HEARTBEAT] Invio heartbeat: {"stazioneId":"Padova","stato":"ONLINE","timestamp":"2026-08-15T20:46:48.616893141Z","tipoEvento":"HEARTBEAT","bufferSize":0}
2026-08-15 22:46:58,617 INFO  [it.uni.reti2.HeartbeatGenerator] (executor-thread-1) 💓 [HEARTBEAT] Invio heartbeat: {"stazioneId":"Padova","stato":"ONLINE","timestamp":"2026-08-15T20:46:58.617195831Z","tipoEvento":"HEARTBEAT","bufferSize":0}
2026-08-15 22:47:08,617 INFO  [it.uni.reti2.HeartbeatGenerator] (executor-thread-1) 💓 [HEARTBEAT] Invio heartbeat: {"stazioneId":"Padova","stato":"ONLINE","timestamp":"2026-08-15T20:47:08.617317613Z","tipoEvento":"HEARTBEAT","bufferSize":0}
2026-08-15 22:47:18,617 INFO  [it.uni.reti2.HeartbeatGenerator] (executor-thread-1) 💓 [HEARTBEAT] Invio heartbeat: {"stazioneId":"Padova","stato":"ONLINE","timestamp":"2026-08-15T20:47:18.617357375Z","tipoEvento":"HEARTBEAT","bufferSize":0}
2026-08-15 22:47:28,617 INFO  [it.uni.reti2.HeartbeatGenerator] (executor-thread-1) 💓 [HEARTBEAT] Invio heartbeat: {"stazioneId":"Padova","stato":"ONLINE","timestamp":"2026-08-15T20:47:28.617044118Z","tipoEvento":"HEARTBEAT","bufferSize":0}
2026-08-15 22:47:38,617 INFO  [it.uni.reti2.HeartbeatGenerator] (executor-thread-1) 💓 [HEARTBEAT] Invio heartbeat: {"stazioneId":"Padova","stato":"ONLINE","timestamp":"2026-08-15T20:47:38.617579086Z","tipoEvento":"HEARTBEAT","bufferSize":0}
2026-08-15 22:47:48,618 INFO  [it.uni.reti2.HeartbeatGenerator] (executor-thread-1) 💓 [HEARTBEAT] Invio heartbeat: {"stazioneId":"Padova","stato":"ONLINE","timestamp":"2026-08-15T20:47:48.618153584Z","tipoEvento":"HEARTBEAT","bufferSize":0}
2026-08-15 22:47:58,617 INFO  [it.uni.reti2.HeartbeatGenerator] (executor-thread-1) 💓 [HEARTBEAT] Invio heartbeat: {"stazioneId":"Padova","stato":"ONLINE","timestamp":"2026-08-15T20:47:58.617616926Z","tipoEvento":"HEARTBEAT","bufferSize":0}
2026-08-15 22:48:08,617 INFO  [it.uni.reti2.HeartbeatGenerator] (executor-thread-1) 💓 [HEARTBEAT] Invio heartbeat: {"stazioneId":"Padova","stato":"ONLINE","timestamp":"2026-08-15T20:48:08.617011870Z","tipoEvento":"HEARTBEAT","bufferSize":0}
2026-08-15 22:48:18,616 INFO  [it.uni.reti2.HeartbeatGenerator] (executor-thread-1) 💓 [HEARTBEAT] Invio heartbeat: {"stazioneId":"Padova","stato":"ONLINE","timestamp":"2026-08-15T20:48:18.616884285Z","tipoEvento":"HEARTBEAT","bufferSize":0}
2026-08-15 22:48:28,616 INFO  [it.uni.reti2.HeartbeatGenerator] (executor-thread-1) 💓 [HEARTBEAT] Invio heartbeat: {"stazioneId":"Padova","stato":"ONLINE","timestamp":"2026-08-15T20:48:28.616916274Z","tipoEvento":"HEARTBEAT","bufferSize":0}
2026-08-15 22:48:38,617 INFO  [it.uni.reti2.HeartbeatGenerator] (executor-thread-1) 💓 [HEARTBEAT] Invio heartbeat: {"stazioneId":"Padova","stato":"ONLINE","timestamp":"2026-08-15T20:48:38.617019104Z","tipoEvento":"HEARTBEAT","bufferSize":0}
2026-08-15 22:48:48,616 INFO  [it.uni.reti2.HeartbeatGenerator] (executor-thread-1) 💓 [HEARTBEAT] Invio heartbeat: {"stazioneId":"Padova","stato":"ONLINE","timestamp":"2026-08-15T20:48:48.616909154Z","tipoEvento":"HEARTBEAT","bufferSize":0}
2026-08-15 22:48:58,617 INFO  [it.uni.reti2.HeartbeatGenerator] (executor-thread-1) 💓 [HEARTBEAT] Invio heartbeat: {"stazioneId":"Padova","stato":"ONLINE","timestamp":"2026-08-15T20:48:58.617154473Z","tipoEvento":"HEARTBEAT","bufferSize":0}
2026-08-15 22:49:08,617 INFO  [it.uni.reti2.HeartbeatGenerator] (executor-thread-1) 💓 [HEARTBEAT] Invio heartbeat: {"stazioneId":"Padova","stato":"ONLINE","timestamp":"2026-08-15T20:49:08.617029326Z","tipoEvento":"HEARTBEAT","bufferSize":0}
2026-08-15 22:49:18,617 INFO  [it.uni.reti2.HeartbeatGenerator] (executor-thread-1) 💓 [HEARTBEAT] Invio heartbeat: {"stazioneId":"Padova","stato":"ONLINE","timestamp":"2026-08-15T20:49:18.617182330Z","tipoEvento":"HEARTBEAT","bufferSize":0}
2026-08-15 22:49:28,617 INFO  [it.uni.reti2.HeartbeatGenerator] (executor-thread-1) 💓 [HEARTBEAT] Invio heartbeat: {"stazioneId":"Padova","stato":"ONLINE","timestamp":"2026-08-15T20:49:28.617190557Z","tipoEvento":"HEARTBEAT","bufferSize":0}
2026-08-15 22:49:38,617 INFO  [it.uni.reti2.HeartbeatGenerator] (executor-thread-1) 💓 [HEARTBEAT] Invio heartbeat: {"stazioneId":"Padova","stato":"ONLINE","timestamp":"2026-08-15T20:49:38.617290680Z","tipoEvento":"HEARTBEAT","bufferSize":0}
2026-08-15 22:49:48,617 INFO  [it.uni.reti2.HeartbeatGenerator] (executor-thread-1) 💓 [HEARTBEAT] Invio heartbeat: {"stazioneId":"Padova","stato":"ONLINE","timestamp":"2026-08-15T20:49:48.617062277Z","tipoEvento":"HEARTBEAT","bufferSize":0}
2026-08-15 22:49:58,617 INFO  [it.uni.reti2.HeartbeatGenerator] (executor-thread-1) 💓 [HEARTBEAT] Invio heartbeat: {"stazioneId":"Padova","stato":"ONLINE","timestamp":"2026-08-15T20:49:58.617202474Z","tipoEvento":"HEARTBEAT","bufferSize":0}
2026-08-15 22:50:08,617 INFO  [it.uni.reti2.HeartbeatGenerator] (executor-thread-1) 💓 [HEARTBEAT] Invio heartbeat: {"stazioneId":"Padova","stato":"ONLINE","timestamp":"2026-08-15T20:50:08.616984964Z","tipoEvento":"HEARTBEAT","bufferSize":0}
2026-08-15 22:50:18,617 INFO  [it.uni.reti2.HeartbeatGenerator] (executor-thread-1) 💓 [HEARTBEAT] Invio heartbeat: {"stazioneId":"Padova","stato":"ONLINE","timestamp":"2026-08-15T20:50:18.617003493Z","tipoEvento":"HEARTBEAT","bufferSize":0}
2026-08-15 22:50:28,617 INFO  [it.uni.reti2.HeartbeatGenerator] (executor-thread-1) 💓 [HEARTBEAT] Invio heartbeat: {"stazioneId":"Padova","stato":"ONLINE","timestamp":"2026-08-15T20:50:28.617210425Z","tipoEvento":"HEARTBEAT","bufferSize":0}
2026-08-15 22:50:38,617 INFO  [it.uni.reti2.HeartbeatGenerator] (executor-thread-1) 💓 [HEARTBEAT] Invio heartbeat: {"stazioneId":"Padova","stato":"ONLINE","timestamp":"2026-08-15T20:50:38.617863096Z","tipoEvento":"HEARTBEAT","bufferSize":0}
2026-08-15 22:50:48,617 INFO  [it.uni.reti2.HeartbeatGenerator] (executor-thread-1) 💓 [HEARTBEAT] Invio heartbeat: {"stazioneId":"Padova","stato":"ONLINE","timestamp":"2026-08-15T20:50:48.616998803Z","tipoEvento":"HEARTBEAT","bufferSize":0}
2026-08-15 22:50:58,617 INFO  [it.uni.reti2.HeartbeatGenerator] (executor-thread-1) 💓 [HEARTBEAT] Invio heartbeat: {"stazioneId":"Padova","stato":"ONLINE","timestamp":"2026-08-15T20:50:58.617001435Z","tipoEvento":"HEARTBEAT","bufferSize":0}
2026-08-15 22:51:08,617 INFO  [it.uni.reti2.HeartbeatGenerator] (executor-thread-1) 💓 [HEARTBEAT] Invio heartbeat: {"stazioneId":"Padova","stato":"ONLINE","timestamp":"2026-08-15T20:51:08.617444676Z","tipoEvento":"HEARTBEAT","bufferSize":0}
2026-08-15 22:51:18,617 INFO  [it.uni.reti2.HeartbeatGenerator] (executor-thread-1) 💓 [HEARTBEAT] Invio heartbeat: {"stazioneId":"Padova","stato":"ONLINE","timestamp":"2026-08-15T20:51:18.616987391Z","tipoEvento":"HEARTBEAT","bufferSize":0}
2026-08-15 22:51:28,617 INFO  [it.uni.reti2.HeartbeatGenerator] (executor-thread-1) 💓 [HEARTBEAT] Invio heartbeat: {"stazioneId":"Padova","stato":"ONLINE","timestamp":"2026-08-15T20:51:28.617053037Z","tipoEvento":"HEARTBEAT","bufferSize":0}
2026-08-15 22:51:38,617 INFO  [it.uni.reti2.HeartbeatGenerator] (executor-thread-1) 💓 [HEARTBEAT] Invio heartbeat: {"stazioneId":"Padova","stato":"ONLINE","timestamp":"2026-08-15T20:51:38.616979373Z","tipoEvento":"HEARTBEAT","bufferSize":0}
2026-08-15 22:51:48,616 INFO  [it.uni.reti2.HeartbeatGenerator] (executor-thread-1) 💓 [HEARTBEAT] Invio heartbeat: {"stazioneId":"Padova","stato":"ONLINE","timestamp":"2026-08-15T20:51:48.616918057Z","tipoEvento":"HEARTBEAT","bufferSize":0}
2026-08-15 22:51:58,617 INFO  [it.uni.reti2.HeartbeatGenerator] (executor-thread-1) 💓 [HEARTBEAT] Invio heartbeat: {"stazioneId":"Padova","stato":"ONLINE","timestamp":"2026-08-15T20:51:58.617009590Z","tipoEvento":"HEARTBEAT","bufferSize":0}
2026-08-15 22:52:08,617 INFO  [it.uni.reti2.HeartbeatGenerator] (executor-thread-1) 💓 [HEARTBEAT] Invio heartbeat: {"stazioneId":"Padova","stato":"ONLINE","timestamp":"2026-08-15T20:52:08.617435746Z","tipoEvento":"HEARTBEAT","bufferSize":0}
2026-08-15 22:52:18,616 INFO  [it.uni.reti2.HeartbeatGenerator] (executor-thread-1) 💓 [HEARTBEAT] Invio heartbeat: {"stazioneId":"Padova","stato":"ONLINE","timestamp":"2026-08-15T20:52:18.616961693Z","tipoEvento":"HEARTBEAT","bufferSize":0}
2026-08-15 22:52:28,617 INFO  [it.uni.reti2.HeartbeatGenerator] (executor-thread-1) 💓 [HEARTBEAT] Invio heartbeat: {"stazioneId":"Padova","stato":"ONLINE","timestamp":"2026-08-15T20:52:28.617545661Z","tipoEvento":"HEARTBEAT","bufferSize":0}
2026-08-15 22:52:38,617 INFO  [it.uni.reti2.HeartbeatGenerator] (executor-thread-1) 💓 [HEARTBEAT] Invio heartbeat: {"stazioneId":"Padova","stato":"ONLINE","timestamp":"2026-08-15T20:52:38.617018318Z","tipoEvento":"HEARTBEAT","bufferSize":0}
2026-08-15 22:52:48,616 INFO  [it.uni.reti2.HeartbeatGenerator] (executor-thread-1) 💓 [HEARTBEAT] Invio heartbeat: {"stazioneId":"Padova","stato":"ONLINE","timestamp":"2026-08-15T20:52:48.616887680Z","tipoEvento":"HEARTBEAT","bufferSize":0}
2026-08-15 22:52:58,616 INFO  [it.uni.reti2.HeartbeatGenerator] (executor-thread-1) 💓 [HEARTBEAT] Invio heartbeat: {"stazioneId":"Padova","stato":"ONLINE","timestamp":"2026-08-15T20:52:58.616971050Z","tipoEvento":"HEARTBEAT","bufferSize":0}
2026-08-15 22:53:08,617 INFO  [it.uni.reti2.HeartbeatGenerator] (executor-thread-1) 💓 [HEARTBEAT] Invio heartbeat: {"stazioneId":"Padova","stato":"ONLINE","timestamp":"2026-08-15T20:53:08.617328267Z","tipoEvento":"HEARTBEAT","bufferSize":0}
2026-08-15 22:53:18,617 INFO  [it.uni.reti2.HeartbeatGenerator] (executor-thread-1) 💓 [HEARTBEAT] Invio heartbeat: {"stazioneId":"Padova","stato":"ONLINE","timestamp":"2026-08-15T20:53:18.617134466Z","tipoEvento":"HEARTBEAT","bufferSize":0}
2026-08-15 22:53:28,617 INFO  [it.uni.reti2.HeartbeatGenerator] (executor-thread-1) 💓 [HEARTBEAT] Invio heartbeat: {"stazioneId":"Padova","stato":"ONLINE","timestamp":"2026-08-15T20:53:28.617210149Z","tipoEvento":"HEARTBEAT","bufferSize":0}
2026-08-15 22:53:38,617 INFO  [it.uni.reti2.HeartbeatGenerator] (executor-thread-1) 💓 [HEARTBEAT] Invio heartbeat: {"stazioneId":"Padova","stato":"ONLINE","timestamp":"2026-08-15T20:53:38.617008075Z","tipoEvento":"HEARTBEAT","bufferSize":0}
2026-08-15 22:53:48,617 INFO  [it.uni.reti2.HeartbeatGenerator] (executor-thread-1) 💓 [HEARTBEAT] Invio heartbeat: {"stazioneId":"Padova","stato":"ONLINE","timestamp":"2026-08-15T20:53:48.617012726Z","tipoEvento":"HEARTBEAT","bufferSize":0}
2026-08-15 22:53:58,617 INFO  [it.uni.reti2.HeartbeatGenerator] (executor-thread-1) 💓 [HEARTBEAT] Invio heartbeat: {"stazioneId":"Padova","stato":"ONLINE","timestamp":"2026-08-15T20:53:58.617320701Z","tipoEvento":"HEARTBEAT","bufferSize":0}
2026-08-15 22:54:08,617 INFO  [it.uni.reti2.HeartbeatGenerator] (executor-thread-1) 💓 [HEARTBEAT] Invio heartbeat: {"stazioneId":"Padova","stato":"ONLINE","timestamp":"2026-08-15T20:54:08.617016207Z","tipoEvento":"HEARTBEAT","bufferSize":0}
2026-08-15 22:54:18,616 INFO  [it.uni.reti2.HeartbeatGenerator] (executor-thread-1) 💓 [HEARTBEAT] Invio heartbeat: {"stazioneId":"Padova","stato":"ONLINE","timestamp":"2026-08-15T20:54:18.616894481Z","tipoEvento":"HEARTBEAT","bufferSize":0}
2026-08-15 22:54:28,617 INFO  [it.uni.reti2.HeartbeatGenerator] (executor-thread-1) 💓 [HEARTBEAT] Invio heartbeat: {"stazioneId":"Padova","stato":"ONLINE","timestamp":"2026-08-15T20:54:28.617248589Z","tipoEvento":"HEARTBEAT","bufferSize":0}
2026-08-15 22:54:38,617 INFO  [it.uni.reti2.HeartbeatGenerator] (executor-thread-1) 💓 [HEARTBEAT] Invio heartbeat: {"stazioneId":"Padova","stato":"ONLINE","timestamp":"2026-08-15T20:54:38.617795055Z","tipoEvento":"HEARTBEAT","bufferSize":0}
2026-08-15 22:54:48,617 INFO  [it.uni.reti2.HeartbeatGenerator] (executor-thread-1) 💓 [HEARTBEAT] Invio heartbeat: {"stazioneId":"Padova","stato":"ONLINE","timestamp":"2026-08-15T20:54:48.617842675Z","tipoEvento":"HEARTBEAT","bufferSize":0}
2026-08-15 22:54:58,616 INFO  [it.uni.reti2.HeartbeatGenerator] (executor-thread-1) 💓 [HEARTBEAT] Invio heartbeat: {"stazioneId":"Padova","stato":"ONLINE","timestamp":"2026-08-15T20:54:58.616889328Z","tipoEvento":"HEARTBEAT","bufferSize":0}
2026-08-15 22:55:08,617 INFO  [it.uni.reti2.HeartbeatGenerator] (executor-thread-1) 💓 [HEARTBEAT] Invio heartbeat: {"stazioneId":"Padova","stato":"ONLINE","timestamp":"2026-08-15T20:55:08.617343619Z","tipoEvento":"HEARTBEAT","bufferSize":0}
2026-08-15 22:55:18,617 INFO  [it.uni.reti2.HeartbeatGenerator] (executor-thread-1) 💓 [HEARTBEAT] Invio heartbeat: {"stazioneId":"Padova","stato":"ONLINE","timestamp":"2026-08-15T20:55:18.617659765Z","tipoEvento":"HEARTBEAT","bufferSize":0}
2026-08-15 22:55:28,616 INFO  [it.uni.reti2.HeartbeatGenerator] (executor-thread-1) 💓 [HEARTBEAT] Invio heartbeat: {"stazioneId":"Padova","stato":"ONLINE","timestamp":"2026-08-15T20:55:28.616942136Z","tipoEvento":"HEARTBEAT","bufferSize":0}
2026-08-15 22:55:38,617 INFO  [it.uni.reti2.HeartbeatGenerator] (executor-thread-1) 💓 [HEARTBEAT] Invio heartbeat: {"stazioneId":"Padova","stato":"ONLINE","timestamp":"2026-08-15T20:55:38.617629619Z","tipoEvento":"HEARTBEAT","bufferSize":0}
2026-08-15 22:55:48,617 INFO  [it.uni.reti2.HeartbeatGenerator] (executor-thread-1) 💓 [HEARTBEAT] Invio heartbeat: {"stazioneId":"Padova","stato":"ONLINE","timestamp":"2026-08-15T20:55:48.617162725Z","tipoEvento":"HEARTBEAT","bufferSize":0}
2026-08-15 22:55:58,616 INFO  [it.uni.reti2.HeartbeatGenerator] (executor-thread-1) 💓 [HEARTBEAT] Invio heartbeat: {"stazioneId":"Padova","stato":"ONLINE","timestamp":"2026-08-15T20:55:58.616873593Z","tipoEvento":"HEARTBEAT","bufferSize":0}
2026-08-15 22:56:08,617 INFO  [it.uni.reti2.HeartbeatGenerator] (executor-thread-1) 💓 [HEARTBEAT] Invio heartbeat: {"stazioneId":"Padova","stato":"ONLINE","timestamp":"2026-08-15T20:56:08.617307468Z","tipoEvento":"HEARTBEAT","bufferSize":0}
2026-08-15 22:56:18,617 INFO  [it.uni.reti2.HeartbeatGenerator] (executor-thread-1) 💓 [HEARTBEAT] Invio heartbeat: {"stazioneId":"Padova","stato":"ONLINE","timestamp":"2026-08-15T20:56:18.617479473Z","tipoEvento":"HEARTBEAT","bufferSize":0}
2026-08-15 22:56:28,617 INFO  [it.uni.reti2.HeartbeatGenerator] (executor-thread-1) 💓 [HEARTBEAT] Invio heartbeat: {"stazioneId":"Padova","stato":"ONLINE","timestamp":"2026-08-15T20:56:28.617460106Z","tipoEvento":"HEARTBEAT","bufferSize":0}
2026-08-15 22:56:38,617 INFO  [it.uni.reti2.HeartbeatGenerator] (executor-thread-1) 💓 [HEARTBEAT] Invio heartbeat: {"stazioneId":"Padova","stato":"ONLINE","timestamp":"2026-08-15T20:56:38.617093029Z","tipoEvento":"HEARTBEAT","bufferSize":0}
2026-08-15 22:56:48,616 INFO  [it.uni.reti2.HeartbeatGenerator] (executor-thread-1) 💓 [HEARTBEAT] Invio heartbeat: {"stazioneId":"Padova","stato":"ONLINE","timestamp":"2026-08-15T20:56:48.616949517Z","tipoEvento":"HEARTBEAT","bufferSize":0}
2026-08-15 22:56:58,617 INFO  [it.uni.reti2.HeartbeatGenerator] (executor-thread-1) 💓 [HEARTBEAT] Invio heartbeat: {"stazioneId":"Padova","stato":"ONLINE","timestamp":"2026-08-15T20:56:58.616914945Z","tipoEvento":"HEARTBEAT","bufferSize":0}
2026-08-15 22:57:08,617 INFO  [it.uni.reti2.HeartbeatGenerator] (executor-thread-1) 💓 [HEARTBEAT] Invio heartbeat: {"stazioneId":"Padova","stato":"ONLINE","timestamp":"2026-08-15T20:57:08.617730058Z","tipoEvento":"HEARTBEAT","bufferSize":0}
2026-08-15 22:57:18,616 INFO  [it.uni.reti2.HeartbeatGenerator] (executor-thread-1) 💓 [HEARTBEAT] Invio heartbeat: {"stazioneId":"Padova","stato":"ONLINE","timestamp":"2026-08-15T20:57:18.616954564Z","tipoEvento":"HEARTBEAT","bufferSize":0}
2026-08-15 22:57:28,616 INFO  [it.uni.reti2.HeartbeatGenerator] (executor-thread-1) 💓 [HEARTBEAT] Invio heartbeat: {"stazioneId":"Padova","stato":"ONLINE","timestamp":"2026-08-15T20:57:28.616949314Z","tipoEvento":"HEARTBEAT","bufferSize":0}
2026-08-15 22:57:38,617 INFO  [it.uni.reti2.HeartbeatGenerator] (executor-thread-1) 💓 [HEARTBEAT] Invio heartbeat: {"stazioneId":"Padova","stato":"ONLINE","timestamp":"2026-08-15T20:57:38.617578032Z","tipoEvento":"HEARTBEAT","bufferSize":0}
2026-08-15 22:57:48,617 INFO  [it.uni.reti2.HeartbeatGenerator] (executor-thread-1) 💓 [HEARTBEAT] Invio heartbeat: {"stazioneId":"Padova","stato":"ONLINE","timestamp":"2026-08-15T20:57:48.617006622Z","tipoEvento":"HEARTBEAT","bufferSize":0}
2026-08-15 22:57:58,617 INFO  [it.uni.reti2.HeartbeatGenerator] (executor-thread-1) 💓 [HEARTBEAT] Invio heartbeat: {"stazioneId":"Padova","stato":"ONLINE","timestamp":"2026-08-15T20:57:58.617297085Z","tipoEvento":"HEARTBEAT","bufferSize":0}
2026-08-15 22:58:08,617 INFO  [it.uni.reti2.HeartbeatGenerator] (executor-thread-1) 💓 [HEARTBEAT] Invio heartbeat: {"stazioneId":"Padova","stato":"ONLINE","timestamp":"2026-08-15T20:58:08.617276997Z","tipoEvento":"HEARTBEAT","bufferSize":0}
2026-08-15 22:58:18,617 INFO  [it.uni.reti2.HeartbeatGenerator] (executor-thread-1) 💓 [HEARTBEAT] Invio heartbeat: {"stazioneId":"Padova","stato":"ONLINE","timestamp":"2026-08-15T20:58:18.617368682Z","tipoEvento":"HEARTBEAT","bufferSize":0}
2026-08-15 22:58:28,617 INFO  [it.uni.reti2.HeartbeatGenerator] (executor-thread-1) 💓 [HEARTBEAT] Invio heartbeat: {"stazioneId":"Padova","stato":"ONLINE","timestamp":"2026-08-15T20:58:28.617328073Z","tipoEvento":"HEARTBEAT","bufferSize":0}
2026-08-15 22:58:38,617 INFO  [it.uni.reti2.HeartbeatGenerator] (executor-thread-1) 💓 [HEARTBEAT] Invio heartbeat: {"stazioneId":"Padova","stato":"ONLINE","timestamp":"2026-08-15T20:58:38.617005249Z","tipoEvento":"HEARTBEAT","bufferSize":0}
2026-08-15 22:58:48,617 INFO  [it.uni.reti2.HeartbeatGenerator] (executor-thread-1) 💓 [HEARTBEAT] Invio heartbeat: {"stazioneId":"Padova","stato":"ONLINE","timestamp":"2026-08-15T20:58:48.617322155Z","tipoEvento":"HEARTBEAT","bufferSize":0}
2026-08-15 22:58:58,617 INFO  [it.uni.reti2.HeartbeatGenerator] (executor-thread-1) 💓 [HEARTBEAT] Invio heartbeat: {"stazioneId":"Padova","stato":"ONLINE","timestamp":"2026-08-15T20:58:58.616932012Z","tipoEvento":"HEARTBEAT","bufferSize":0}
2026-08-15 22:59:08,617 INFO  [it.uni.reti2.HeartbeatGenerator] (executor-thread-1) 💓 [HEARTBEAT] Invio heartbeat: {"stazioneId":"Padova","stato":"ONLINE","timestamp":"2026-08-15T20:59:08.617097800Z","tipoEvento":"HEARTBEAT","bufferSize":0}
2026-08-15 22:59:18,616 INFO  [it.uni.reti2.HeartbeatGenerator] (executor-thread-1) 💓 [HEARTBEAT] Invio heartbeat: {"stazioneId":"Padova","stato":"ONLINE","timestamp":"2026-08-15T20:59:18.616954869Z","tipoEvento":"HEARTBEAT","bufferSize":0}
2026-08-15 22:59:28,617 INFO  [it.uni.reti2.HeartbeatGenerator] (executor-thread-1) 💓 [HEARTBEAT] Invio heartbeat: {"stazioneId":"Padova","stato":"ONLINE","timestamp":"2026-08-15T20:59:28.617651148Z","tipoEvento":"HEARTBEAT","bufferSize":0}
2026-08-15 22:59:38,617 INFO  [it.uni.reti2.HeartbeatGenerator] (executor-thread-1) 💓 [HEARTBEAT] Invio heartbeat: {"stazioneId":"Padova","stato":"ONLINE","timestamp":"2026-08-15T20:59:38.617230106Z","tipoEvento":"HEARTBEAT","bufferSize":0}
2026-08-15 22:59:48,617 INFO  [it.uni.reti2.HeartbeatGenerator] (executor-thread-1) 💓 [HEARTBEAT] Invio heartbeat: {"stazioneId":"Padova","stato":"ONLINE","timestamp":"2026-08-15T20:59:48.616981027Z","tipoEvento":"HEARTBEAT","bufferSize":0}
2026-08-15 22:59:58,617 INFO  [it.uni.reti2.HeartbeatGenerator] (executor-thread-1) 💓 [HEARTBEAT] Invio heartbeat: {"stazioneId":"Padova","stato":"ONLINE","timestamp":"2026-08-15T20:59:58.617306719Z","tipoEvento":"HEARTBEAT","bufferSize":0}
2026-08-15 23:00:08,616 INFO  [it.uni.reti2.HeartbeatGenerator] (executor-thread-1) 💓 [HEARTBEAT] Invio heartbeat: {"stazioneId":"Padova","stato":"ONLINE","timestamp":"2026-08-15T21:00:08.616959420Z","tipoEvento":"HEARTBEAT","bufferSize":0}
2026-08-15 23:00:18,616 INFO  [it.uni.reti2.HeartbeatGenerator] (executor-thread-1) 💓 [HEARTBEAT] Invio heartbeat: {"stazioneId":"Padova","stato":"ONLINE","timestamp":"2026-08-15T21:00:18.616942857Z","tipoEvento":"HEARTBEAT","bufferSize":0}
2026-08-15 23:00:28,616 INFO  [it.uni.reti2.HeartbeatGenerator] (executor-thread-1) 💓 [HEARTBEAT] Invio heartbeat: {"stazioneId":"Padova","stato":"ONLINE","timestamp":"2026-08-15T21:00:28.616959284Z","tipoEvento":"HEARTBEAT","bufferSize":0}
2026-08-15 23:00:38,617 INFO  [it.uni.reti2.HeartbeatGenerator] (executor-thread-1) 💓 [HEARTBEAT] Invio heartbeat: {"stazioneId":"Padova","stato":"ONLINE","timestamp":"2026-08-15T21:00:38.616999784Z","tipoEvento":"HEARTBEAT","bufferSize":0}
2026-08-15 23:00:48,617 INFO  [it.uni.reti2.HeartbeatGenerator] (executor-thread-1) 💓 [HEARTBEAT] Invio heartbeat: {"stazioneId":"Padova","stato":"ONLINE","timestamp":"2026-08-15T21:00:48.617066050Z","tipoEvento":"HEARTBEAT","bufferSize":0}
2026-08-15 23:00:58,616 INFO  [it.uni.reti2.HeartbeatGenerator] (executor-thread-1) 💓 [HEARTBEAT] Invio heartbeat: {"stazioneId":"Padova","stato":"ONLINE","timestamp":"2026-08-15T21:00:58.616954725Z","tipoEvento":"HEARTBEAT","bufferSize":0}
2026-08-15 23:01:08,617 INFO  [it.uni.reti2.HeartbeatGenerator] (executor-thread-1) 💓 [HEARTBEAT] Invio heartbeat: {"stazioneId":"Padova","stato":"ONLINE","timestamp":"2026-08-15T21:01:08.617048437Z","tipoEvento":"HEARTBEAT","bufferSize":0}
2026-08-15 23:01:18,616 INFO  [it.uni.reti2.HeartbeatGenerator] (executor-thread-1) 💓 [HEARTBEAT] Invio heartbeat: {"stazioneId":"Padova","stato":"ONLINE","timestamp":"2026-08-15T21:01:18.616933136Z","tipoEvento":"HEARTBEAT","bufferSize":0}
2026-08-15 23:01:28,617 INFO  [it.uni.reti2.HeartbeatGenerator] (executor-thread-1) 💓 [HEARTBEAT] Invio heartbeat: {"stazioneId":"Padova","stato":"ONLINE","timestamp":"2026-08-15T21:01:28.617046232Z","tipoEvento":"HEARTBEAT","bufferSize":0}
2026-08-15 23:01:38,617 INFO  [it.uni.reti2.HeartbeatGenerator] (executor-thread-1) 💓 [HEARTBEAT] Invio heartbeat: {"stazioneId":"Padova","stato":"ONLINE","timestamp":"2026-08-15T21:01:38.617134420Z","tipoEvento":"HEARTBEAT","bufferSize":0}
2026-08-15 23:01:48,617 INFO  [it.uni.reti2.HeartbeatGenerator] (executor-thread-1) 💓 [HEARTBEAT] Invio heartbeat: {"stazioneId":"Padova","stato":"ONLINE","timestamp":"2026-08-15T21:01:48.617046023Z","tipoEvento":"HEARTBEAT","bufferSize":0}
2026-08-15 23:01:58,617 INFO  [it.uni.reti2.HeartbeatGenerator] (executor-thread-1) 💓 [HEARTBEAT] Invio heartbeat: {"stazioneId":"Padova","stato":"ONLINE","timestamp":"2026-08-15T21:01:58.617053515Z","tipoEvento":"HEARTBEAT","bufferSize":0}
2026-08-15 23:02:08,617 INFO  [it.uni.reti2.HeartbeatGenerator] (executor-thread-1) 💓 [HEARTBEAT] Invio heartbeat: {"stazioneId":"Padova","stato":"ONLINE","timestamp":"2026-08-15T21:02:08.617269469Z","tipoEvento":"HEARTBEAT","bufferSize":0}
2026-08-15 23:02:18,617 INFO  [it.uni.reti2.HeartbeatGenerator] (executor-thread-1) 💓 [HEARTBEAT] Invio heartbeat: {"stazioneId":"Padova","stato":"ONLINE","timestamp":"2026-08-15T21:02:18.617077275Z","tipoEvento":"HEARTBEAT","bufferSize":0}
2026-08-15 23:02:28,617 INFO  [it.uni.reti2.HeartbeatGenerator] (executor-thread-1) 💓 [HEARTBEAT] Invio heartbeat: {"stazioneId":"Padova","stato":"ONLINE","timestamp":"2026-08-15T21:02:28.617169879Z","tipoEvento":"HEARTBEAT","bufferSize":0}
2026-08-15 23:02:38,617 INFO  [it.uni.reti2.HeartbeatGenerator] (executor-thread-1) 💓 [HEARTBEAT] Invio heartbeat: {"stazioneId":"Padova","stato":"ONLINE","timestamp":"2026-08-15T21:02:38.617389415Z","tipoEvento":"HEARTBEAT","bufferSize":0}
2026-08-15 23:02:48,617 INFO  [it.uni.reti2.HeartbeatGenerator] (executor-thread-1) 💓 [HEARTBEAT] Invio heartbeat: {"stazioneId":"Padova","stato":"ONLINE","timestamp":"2026-08-15T21:02:48.617732489Z","tipoEvento":"HEARTBEAT","bufferSize":0}
2026-08-15 23:02:58,617 INFO  [it.uni.reti2.HeartbeatGenerator] (executor-thread-1) 💓 [HEARTBEAT] Invio heartbeat: {"stazioneId":"Padova","stato":"ONLINE","timestamp":"2026-08-15T21:02:58.617293954Z","tipoEvento":"HEARTBEAT","bufferSize":0}
2026-08-15 23:03:08,617 INFO  [it.uni.reti2.HeartbeatGenerator] (executor-thread-1) 💓 [HEARTBEAT] Invio heartbeat: {"stazioneId":"Padova","stato":"ONLINE","timestamp":"2026-08-15T21:03:08.617036153Z","tipoEvento":"HEARTBEAT","bufferSize":0}
2026-08-15 23:03:18,617 INFO  [it.uni.reti2.HeartbeatGenerator] (executor-thread-1) 💓 [HEARTBEAT] Invio heartbeat: {"stazioneId":"Padova","stato":"ONLINE","timestamp":"2026-08-15T21:03:18.616939088Z","tipoEvento":"HEARTBEAT","bufferSize":0}
2026-08-15 23:03:28,617 INFO  [it.uni.reti2.HeartbeatGenerator] (executor-thread-1) 💓 [HEARTBEAT] Invio heartbeat: {"stazioneId":"Padova","stato":"ONLINE","timestamp":"2026-08-15T21:03:28.617091206Z","tipoEvento":"HEARTBEAT","bufferSize":0}
2026-08-15 23:03:38,616 INFO  [it.uni.reti2.HeartbeatGenerator] (executor-thread-1) 💓 [HEARTBEAT] Invio heartbeat: {"stazioneId":"Padova","stato":"ONLINE","timestamp":"2026-08-15T21:03:38.616921685Z","tipoEvento":"HEARTBEAT","bufferSize":0}
2026-08-15 23:03:48,617 INFO  [it.uni.reti2.HeartbeatGenerator] (executor-thread-1) 💓 [HEARTBEAT] Invio heartbeat: {"stazioneId":"Padova","stato":"ONLINE","timestamp":"2026-08-15T21:03:48.617687138Z","tipoEvento":"HEARTBEAT","bufferSize":0}
2026-08-15 23:03:58,617 INFO  [it.uni.reti2.HeartbeatGenerator] (executor-thread-1) 💓 [HEARTBEAT] Invio heartbeat: {"stazioneId":"Padova","stato":"ONLINE","timestamp":"2026-08-15T21:03:58.616997307Z","tipoEvento":"HEARTBEAT","bufferSize":0}
2026-08-15 23:04:08,617 INFO  [it.uni.reti2.HeartbeatGenerator] (executor-thread-1) 💓 [HEARTBEAT] Invio heartbeat: {"stazioneId":"Padova","stato":"ONLINE","timestamp":"2026-08-15T21:04:08.617364694Z","tipoEvento":"HEARTBEAT","bufferSize":0}
2026-08-15 23:04:18,617 INFO  [it.uni.reti2.HeartbeatGenerator] (executor-thread-1) 💓 [HEARTBEAT] Invio heartbeat: {"stazioneId":"Padova","stato":"ONLINE","timestamp":"2026-08-15T21:04:18.617042040Z","tipoEvento":"HEARTBEAT","bufferSize":0}
2026-08-15 23:04:28,617 INFO  [it.uni.reti2.HeartbeatGenerator] (executor-thread-1) 💓 [HEARTBEAT] Invio heartbeat: {"stazioneId":"Padova","stato":"ONLINE","timestamp":"2026-08-15T21:04:28.617410943Z","tipoEvento":"HEARTBEAT","bufferSize":0}
2026-08-15 23:04:38,617 INFO  [it.uni.reti2.HeartbeatGenerator] (executor-thread-1) 💓 [HEARTBEAT] Invio heartbeat: {"stazioneId":"Padova","stato":"ONLINE","timestamp":"2026-08-15T21:04:38.617395174Z","tipoEvento":"HEARTBEAT","bufferSize":0}
2026-08-15 23:04:48,617 INFO  [it.uni.reti2.HeartbeatGenerator] (executor-thread-1) 💓 [HEARTBEAT] Invio heartbeat: {"stazioneId":"Padova","stato":"ONLINE","timestamp":"2026-08-15T21:04:48.617359570Z","tipoEvento":"HEARTBEAT","bufferSize":0}
2026-08-15 23:04:58,617 INFO  [it.uni.reti2.HeartbeatGenerator] (executor-thread-1) 💓 [HEARTBEAT] Invio heartbeat: {"stazioneId":"Padova","stato":"ONLINE","timestamp":"2026-08-15T21:04:58.616971198Z","tipoEvento":"HEARTBEAT","bufferSize":0}
2026-08-15 23:05:08,617 INFO  [it.uni.reti2.HeartbeatGenerator] (executor-thread-1) 💓 [HEARTBEAT] Invio heartbeat: {"stazioneId":"Padova","stato":"ONLINE","timestamp":"2026-08-15T21:05:08.617244997Z","tipoEvento":"HEARTBEAT","bufferSize":0}
2026-08-15 23:05:18,617 INFO  [it.uni.reti2.HeartbeatGenerator] (executor-thread-1) 💓 [HEARTBEAT] Invio heartbeat: {"stazioneId":"Padova","stato":"ONLINE","timestamp":"2026-08-15T21:05:18.616981524Z","tipoEvento":"HEARTBEAT","bufferSize":0}
2026-08-15 23:05:28,617 INFO  [it.uni.reti2.HeartbeatGenerator] (executor-thread-1) 💓 [HEARTBEAT] Invio heartbeat: {"stazioneId":"Padova","stato":"ONLINE","timestamp":"2026-08-15T21:05:28.617336253Z","tipoEvento":"HEARTBEAT","bufferSize":0}
2026-08-15 23:05:38,617 INFO  [it.uni.reti2.HeartbeatGenerator] (executor-thread-1) 💓 [HEARTBEAT] Invio heartbeat: {"stazioneId":"Padova","stato":"ONLINE","timestamp":"2026-08-15T21:05:38.617221624Z","tipoEvento":"HEARTBEAT","bufferSize":0}
2026-08-15 23:05:48,617 INFO  [it.uni.reti2.HeartbeatGenerator] (executor-thread-1) 💓 [HEARTBEAT] Invio heartbeat: {"stazioneId":"Padova","stato":"ONLINE","timestamp":"2026-08-15T21:05:48.617228198Z","tipoEvento":"HEARTBEAT","bufferSize":0}
2026-08-15 23:05:58,617 INFO  [it.uni.reti2.HeartbeatGenerator] (executor-thread-1) 💓 [HEARTBEAT] Invio heartbeat: {"stazioneId":"Padova","stato":"ONLINE","timestamp":"2026-08-15T21:05:58.617111587Z","tipoEvento":"HEARTBEAT","bufferSize":0}
2026-08-15 23:06:08,617 INFO  [it.uni.reti2.HeartbeatGenerator] (executor-thread-1) 💓 [HEARTBEAT] Invio heartbeat: {"stazioneId":"Padova","stato":"ONLINE","timestamp":"2026-08-15T21:06:08.617151031Z","tipoEvento":"HEARTBEAT","bufferSize":0}
2026-08-15 23:06:18,617 INFO  [it.uni.reti2.HeartbeatGenerator] (executor-thread-1) 💓 [HEARTBEAT] Invio heartbeat: {"stazioneId":"Padova","stato":"ONLINE","timestamp":"2026-08-15T21:06:18.617110839Z","tipoEvento":"HEARTBEAT","bufferSize":0}
2026-08-15 23:06:28,617 INFO  [it.uni.reti2.HeartbeatGenerator] (executor-thread-1) 💓 [HEARTBEAT] Invio heartbeat: {"stazioneId":"Padova","stato":"ONLINE","timestamp":"2026-08-15T21:06:28.617377230Z","tipoEvento":"HEARTBEAT","bufferSize":0}
2026-08-15 23:06:38,617 INFO  [it.uni.reti2.HeartbeatGenerator] (executor-thread-1) 💓 [HEARTBEAT] Invio heartbeat: {"stazioneId":"Padova","stato":"ONLINE","timestamp":"2026-08-15T21:06:38.617381820Z","tipoEvento":"HEARTBEAT","bufferSize":0}
2026-08-15 23:06:48,617 INFO  [it.uni.reti2.HeartbeatGenerator] (executor-thread-1) 💓 [HEARTBEAT] Invio heartbeat: {"stazioneId":"Padova","stato":"ONLINE","timestamp":"2026-08-15T21:06:48.617014232Z","tipoEvento":"HEARTBEAT","bufferSize":0}
2026-08-15 23:06:58,617 INFO  [it.uni.reti2.HeartbeatGenerator] (executor-thread-1) 💓 [HEARTBEAT] Invio heartbeat: {"stazioneId":"Padova","stato":"ONLINE","timestamp":"2026-08-15T21:06:58.616994630Z","tipoEvento":"HEARTBEAT","bufferSize":0}
2026-08-15 23:07:08,616 INFO  [it.uni.reti2.HeartbeatGenerator] (executor-thread-1) 💓 [HEARTBEAT] Invio heartbeat: {"stazioneId":"Padova","stato":"ONLINE","timestamp":"2026-08-15T21:07:08.616915994Z","tipoEvento":"HEARTBEAT","bufferSize":0}
2026-08-15 23:07:18,616 INFO  [it.uni.reti2.HeartbeatGenerator] (executor-thread-1) 💓 [HEARTBEAT] Invio heartbeat: {"stazioneId":"Padova","stato":"ONLINE","timestamp":"2026-08-15T21:07:18.616929149Z","tipoEvento":"HEARTBEAT","bufferSize":0}
2026-08-15 23:07:28,616 INFO  [it.uni.reti2.HeartbeatGenerator] (executor-thread-1) 💓 [HEARTBEAT] Invio heartbeat: {"stazioneId":"Padova","stato":"ONLINE","timestamp":"2026-08-15T21:07:28.616891163Z","tipoEvento":"HEARTBEAT","bufferSize":0}
2026-08-15 23:07:38,616 INFO  [it.uni.reti2.HeartbeatGenerator] (executor-thread-1) 💓 [HEARTBEAT] Invio heartbeat: {"stazioneId":"Padova","stato":"ONLINE","timestamp":"2026-08-15T21:07:38.616907911Z","tipoEvento":"HEARTBEAT","bufferSize":0}
2026-08-15 23:07:48,617 INFO  [it.uni.reti2.HeartbeatGenerator] (executor-thread-1) 💓 [HEARTBEAT] Invio heartbeat: {"stazioneId":"Padova","stato":"ONLINE","timestamp":"2026-08-15T21:07:48.616975262Z","tipoEvento":"HEARTBEAT","bufferSize":0}
2026-08-15 23:07:58,616 INFO  [it.uni.reti2.HeartbeatGenerator] (executor-thread-1) 💓 [HEARTBEAT] Invio heartbeat: {"stazioneId":"Padova","stato":"ONLINE","timestamp":"2026-08-15T21:07:58.616913752Z","tipoEvento":"HEARTBEAT","bufferSize":0}
2026-08-15 23:08:08,616 INFO  [it.uni.reti2.HeartbeatGenerator] (executor-thread-1) 💓 [HEARTBEAT] Invio heartbeat: {"stazioneId":"Padova","stato":"ONLINE","timestamp":"2026-08-15T21:08:08.616917856Z","tipoEvento":"HEARTBEAT","bufferSize":0}
2026-08-15 23:08:18,617 INFO  [it.uni.reti2.HeartbeatGenerator] (executor-thread-1) 💓 [HEARTBEAT] Invio heartbeat: {"stazioneId":"Padova","stato":"ONLINE","timestamp":"2026-08-15T21:08:18.616999234Z","tipoEvento":"HEARTBEAT","bufferSize":0}
2026-08-15 23:08:28,616 INFO  [it.uni.reti2.HeartbeatGenerator] (executor-thread-1) 💓 [HEARTBEAT] Invio heartbeat: {"stazioneId":"Padova","stato":"ONLINE","timestamp":"2026-08-15T21:08:28.616910114Z","tipoEvento":"HEARTBEAT","bufferSize":0}
2026-08-15 23:08:38,616 INFO  [it.uni.reti2.HeartbeatGenerator] (executor-thread-1) 💓 [HEARTBEAT] Invio heartbeat: {"stazioneId":"Padova","stato":"ONLINE","timestamp":"2026-08-15T21:08:38.616876081Z","tipoEvento":"HEARTBEAT","bufferSize":0}
2026-08-15 23:08:48,617 INFO  [it.uni.reti2.HeartbeatGenerator] (executor-thread-1) 💓 [HEARTBEAT] Invio heartbeat: {"stazioneId":"Padova","stato":"ONLINE","timestamp":"2026-08-15T21:08:48.617006646Z","tipoEvento":"HEARTBEAT","bufferSize":0}
2026-08-15 23:08:58,617 INFO  [it.uni.reti2.HeartbeatGenerator] (executor-thread-1) 💓 [HEARTBEAT] Invio heartbeat: {"stazioneId":"Padova","stato":"ONLINE","timestamp":"2026-08-15T21:08:58.617372682Z","tipoEvento":"HEARTBEAT","bufferSize":0}
2026-08-15 23:09:08,616 INFO  [it.uni.reti2.HeartbeatGenerator] (executor-thread-1) 💓 [HEARTBEAT] Invio heartbeat: {"stazioneId":"Padova","stato":"ONLINE","timestamp":"2026-08-15T21:09:08.616870880Z","tipoEvento":"HEARTBEAT","bufferSize":0}
2026-08-15 23:09:18,616 INFO  [it.uni.reti2.HeartbeatGenerator] (executor-thread-1) 💓 [HEARTBEAT] Invio heartbeat: {"stazioneId":"Padova","stato":"ONLINE","timestamp":"2026-08-15T21:09:18.616878654Z","tipoEvento":"HEARTBEAT","bufferSize":0}
2026-08-15 23:09:28,616 INFO  [it.uni.reti2.HeartbeatGenerator] (executor-thread-1) 💓 [HEARTBEAT] Invio heartbeat: {"stazioneId":"Padova","stato":"ONLINE","timestamp":"2026-08-15T21:09:28.616950382Z","tipoEvento":"HEARTBEAT","bufferSize":0}
2026-08-15 23:09:38,617 INFO  [it.uni.reti2.HeartbeatGenerator] (executor-thread-1) 💓 [HEARTBEAT] Invio heartbeat: {"stazioneId":"Padova","stato":"ONLINE","timestamp":"2026-08-15T21:09:38.617025720Z","tipoEvento":"HEARTBEAT","bufferSize":0}
2026-08-15 23:09:48,617 INFO  [it.uni.reti2.HeartbeatGenerator] (executor-thread-1) 💓 [HEARTBEAT] Invio heartbeat: {"stazioneId":"Padova","stato":"ONLINE","timestamp":"2026-08-15T21:09:48.617112972Z","tipoEvento":"HEARTBEAT","bufferSize":0}
2026-08-15 23:09:58,617 INFO  [it.uni.reti2.HeartbeatGenerator] (executor-thread-1) 💓 [HEARTBEAT] Invio heartbeat: {"stazioneId":"Padova","stato":"ONLINE","timestamp":"2026-08-15T21:09:58.617763370Z","tipoEvento":"HEARTBEAT","bufferSize":0}
2026-08-15 23:10:08,616 INFO  [it.uni.reti2.HeartbeatGenerator] (executor-thread-1) 💓 [HEARTBEAT] Invio heartbeat: {"stazioneId":"Padova","stato":"ONLINE","timestamp":"2026-08-15T21:10:08.616938316Z","tipoEvento":"HEARTBEAT","bufferSize":0}
2026-08-15 23:10:18,617 INFO  [it.uni.reti2.HeartbeatGenerator] (executor-thread-1) 💓 [HEARTBEAT] Invio heartbeat: {"stazioneId":"Padova","stato":"ONLINE","timestamp":"2026-08-15T21:10:18.616951145Z","tipoEvento":"HEARTBEAT","bufferSize":0}
2026-08-15 23:10:28,617 INFO  [it.uni.reti2.HeartbeatGenerator] (executor-thread-1) 💓 [HEARTBEAT] Invio heartbeat: {"stazioneId":"Padova","stato":"ONLINE","timestamp":"2026-08-15T21:10:28.617046056Z","tipoEvento":"HEARTBEAT","bufferSize":0}
2026-08-15 23:10:38,617 INFO  [it.uni.reti2.HeartbeatGenerator] (executor-thread-1) 💓 [HEARTBEAT] Invio heartbeat: {"stazioneId":"Padova","stato":"ONLINE","timestamp":"2026-08-15T21:10:38.617008849Z","tipoEvento":"HEARTBEAT","bufferSize":0}
2026-08-15 23:10:48,616 INFO  [it.uni.reti2.HeartbeatGenerator] (executor-thread-1) 💓 [HEARTBEAT] Invio heartbeat: {"stazioneId":"Padova","stato":"ONLINE","timestamp":"2026-08-15T21:10:48.616924827Z","tipoEvento":"HEARTBEAT","bufferSize":0}
2026-08-15 23:10:58,617 INFO  [it.uni.reti2.HeartbeatGenerator] (executor-thread-1) 💓 [HEARTBEAT] Invio heartbeat: {"stazioneId":"Padova","stato":"ONLINE","timestamp":"2026-08-15T21:10:58.617039318Z","tipoEvento":"HEARTBEAT","bufferSize":0}
2026-08-15 23:11:08,617 INFO  [it.uni.reti2.HeartbeatGenerator] (executor-thread-1) 💓 [HEARTBEAT] Invio heartbeat: {"stazioneId":"Padova","stato":"ONLINE","timestamp":"2026-08-15T21:11:08.617382346Z","tipoEvento":"HEARTBEAT","bufferSize":0}
2026-08-15 23:11:18,617 INFO  [it.uni.reti2.HeartbeatGenerator] (executor-thread-1) 💓 [HEARTBEAT] Invio heartbeat: {"stazioneId":"Padova","stato":"ONLINE","timestamp":"2026-08-15T21:11:18.616981554Z","tipoEvento":"HEARTBEAT","bufferSize":0}
2026-08-15 23:11:28,616 INFO  [it.uni.reti2.HeartbeatGenerator] (executor-thread-1) 💓 [HEARTBEAT] Invio heartbeat: {"stazioneId":"Padova","stato":"ONLINE","timestamp":"2026-08-15T21:11:28.616881450Z","tipoEvento":"HEARTBEAT","bufferSize":0}
2026-08-15 23:11:38,617 INFO  [it.uni.reti2.HeartbeatGenerator] (executor-thread-1) 💓 [HEARTBEAT] Invio heartbeat: {"stazioneId":"Padova","stato":"ONLINE","timestamp":"2026-08-15T21:11:38.617061857Z","tipoEvento":"HEARTBEAT","bufferSize":0}
2026-08-15 23:11:48,616 INFO  [it.uni.reti2.HeartbeatGenerator] (executor-thread-1) 💓 [HEARTBEAT] Invio heartbeat: {"stazioneId":"Padova","stato":"ONLINE","timestamp":"2026-08-15T21:11:48.616941664Z","tipoEvento":"HEARTBEAT","bufferSize":0}
2026-08-15 23:11:58,616 INFO  [it.uni.reti2.HeartbeatGenerator] (executor-thread-1) 💓 [HEARTBEAT] Invio heartbeat: {"stazioneId":"Padova","stato":"ONLINE","timestamp":"2026-08-15T21:11:58.616876727Z","tipoEvento":"HEARTBEAT","bufferSize":0}
2026-08-15 23:12:08,617 INFO  [it.uni.reti2.HeartbeatGenerator] (executor-thread-1) 💓 [HEARTBEAT] Invio heartbeat: {"stazioneId":"Padova","stato":"ONLINE","timestamp":"2026-08-15T21:12:08.617437947Z","tipoEvento":"HEARTBEAT","bufferSize":0}
2026-08-15 23:12:18,617 INFO  [it.uni.reti2.HeartbeatGenerator] (executor-thread-1) 💓 [HEARTBEAT] Invio heartbeat: {"stazioneId":"Padova","stato":"ONLINE","timestamp":"2026-08-15T21:12:18.616966186Z","tipoEvento":"HEARTBEAT","bufferSize":0}
2026-08-15 23:12:28,617 INFO  [it.uni.reti2.HeartbeatGenerator] (executor-thread-1) 💓 [HEARTBEAT] Invio heartbeat: {"stazioneId":"Padova","stato":"ONLINE","timestamp":"2026-08-15T21:12:28.617575900Z","tipoEvento":"HEARTBEAT","bufferSize":0}
2026-08-15 23:12:38,617 INFO  [it.uni.reti2.HeartbeatGenerator] (executor-thread-1) 💓 [HEARTBEAT] Invio heartbeat: {"stazioneId":"Padova","stato":"ONLINE","timestamp":"2026-08-15T21:12:38.616969549Z","tipoEvento":"HEARTBEAT","bufferSize":0}
2026-08-15 23:12:48,617 INFO  [it.uni.reti2.HeartbeatGenerator] (executor-thread-1) 💓 [HEARTBEAT] Invio heartbeat: {"stazioneId":"Padova","stato":"ONLINE","timestamp":"2026-08-15T21:12:48.616989398Z","tipoEvento":"HEARTBEAT","bufferSize":0}
2026-08-15 23:12:58,617 INFO  [it.uni.reti2.HeartbeatGenerator] (executor-thread-1) 💓 [HEARTBEAT] Invio heartbeat: {"stazioneId":"Padova","stato":"ONLINE","timestamp":"2026-08-15T21:12:58.616997950Z","tipoEvento":"HEARTBEAT","bufferSize":0}
2026-08-15 23:13:08,654 INFO  [it.uni.reti2.HeartbeatGenerator] (executor-thread-1) 💓 [HEARTBEAT] Invio heartbeat: {"stazioneId":"Padova","stato":"ONLINE","timestamp":"2026-08-15T21:13:08.616983663Z","tipoEvento":"HEARTBEAT","bufferSize":0}
2026-08-15 23:13:18,617 INFO  [it.uni.reti2.HeartbeatGenerator] (executor-thread-1) 💓 [HEARTBEAT] Invio heartbeat: {"stazioneId":"Padova","stato":"ONLINE","timestamp":"2026-08-15T21:13:18.617040641Z","tipoEvento":"HEARTBEAT","bufferSize":0}
2026-08-15 23:13:28,616 INFO  [it.uni.reti2.HeartbeatGenerator] (executor-thread-1) 💓 [HEARTBEAT] Invio heartbeat: {"stazioneId":"Padova","stato":"ONLINE","timestamp":"2026-08-15T21:13:28.616878860Z","tipoEvento":"HEARTBEAT","bufferSize":0}
2026-08-15 23:13:38,617 INFO  [it.uni.reti2.HeartbeatGenerator] (executor-thread-1) 💓 [HEARTBEAT] Invio heartbeat: {"stazioneId":"Padova","stato":"ONLINE","timestamp":"2026-08-15T21:13:38.617011839Z","tipoEvento":"HEARTBEAT","bufferSize":0}
2026-08-15 23:13:48,621 INFO  [it.uni.reti2.HeartbeatGenerator] (executor-thread-1) 💓 [HEARTBEAT] Invio heartbeat: {"stazioneId":"Padova","stato":"ONLINE","timestamp":"2026-08-15T21:13:48.617302758Z","tipoEvento":"HEARTBEAT","bufferSize":0}
2026-08-15 23:13:58,616 INFO  [it.uni.reti2.HeartbeatGenerator] (executor-thread-1) 💓 [HEARTBEAT] Invio heartbeat: {"stazioneId":"Padova","stato":"ONLINE","timestamp":"2026-08-15T21:13:58.616898197Z","tipoEvento":"HEARTBEAT","bufferSize":0}
2026-08-15 23:14:08,617 INFO  [it.uni.reti2.HeartbeatGenerator] (executor-thread-1) 💓 [HEARTBEAT] Invio heartbeat: {"stazioneId":"Padova","stato":"ONLINE","timestamp":"2026-08-15T21:14:08.617020449Z","tipoEvento":"HEARTBEAT","bufferSize":0}
2026-08-15 23:14:18,617 INFO  [it.uni.reti2.HeartbeatGenerator] (executor-thread-1) 💓 [HEARTBEAT] Invio heartbeat: {"stazioneId":"Padova","stato":"ONLINE","timestamp":"2026-08-15T21:14:18.617267741Z","tipoEvento":"HEARTBEAT","bufferSize":0}
2026-08-15 23:14:28,616 INFO  [it.uni.reti2.HeartbeatGenerator] (executor-thread-1) 💓 [HEARTBEAT] Invio heartbeat: {"stazioneId":"Padova","stato":"ONLINE","timestamp":"2026-08-15T21:14:28.616878406Z","tipoEvento":"HEARTBEAT","bufferSize":0}
2026-08-15 23:14:38,617 INFO  [it.uni.reti2.HeartbeatGenerator] (executor-thread-1) 💓 [HEARTBEAT] Invio heartbeat: {"stazioneId":"Padova","stato":"ONLINE","timestamp":"2026-08-15T21:14:38.617358910Z","tipoEvento":"HEARTBEAT","bufferSize":0}
2026-08-15 23:14:48,617 INFO  [it.uni.reti2.HeartbeatGenerator] (executor-thread-1) 💓 [HEARTBEAT] Invio heartbeat: {"stazioneId":"Padova","stato":"ONLINE","timestamp":"2026-08-15T21:14:48.617488391Z","tipoEvento":"HEARTBEAT","bufferSize":0}
2026-08-15 23:14:58,616 INFO  [it.uni.reti2.HeartbeatGenerator] (executor-thread-1) 💓 [HEARTBEAT] Invio heartbeat: {"stazioneId":"Padova","stato":"ONLINE","timestamp":"2026-08-15T21:14:58.616902422Z","tipoEvento":"HEARTBEAT","bufferSize":0}
2026-08-15 23:15:08,617 INFO  [it.uni.reti2.HeartbeatGenerator] (executor-thread-1) 💓 [HEARTBEAT] Invio heartbeat: {"stazioneId":"Padova","stato":"ONLINE","timestamp":"2026-08-15T21:15:08.617064631Z","tipoEvento":"HEARTBEAT","bufferSize":0}
2026-08-15 23:15:18,617 INFO  [it.uni.reti2.HeartbeatGenerator] (executor-thread-1) 💓 [HEARTBEAT] Invio heartbeat: {"stazioneId":"Padova","stato":"ONLINE","timestamp":"2026-08-15T21:15:18.617287905Z","tipoEvento":"HEARTBEAT","bufferSize":0}
2026-08-15 23:15:28,617 INFO  [it.uni.reti2.HeartbeatGenerator] (executor-thread-1) 💓 [HEARTBEAT] Invio heartbeat: {"stazioneId":"Padova","stato":"ONLINE","timestamp":"2026-08-15T21:15:28.617011609Z","tipoEvento":"HEARTBEAT","bufferSize":0}
2026-08-15 23:15:38,617 INFO  [it.uni.reti2.HeartbeatGenerator] (executor-thread-1) 💓 [HEARTBEAT] Invio heartbeat: {"stazioneId":"Padova","stato":"ONLINE","timestamp":"2026-08-15T21:15:38.617648633Z","tipoEvento":"HEARTBEAT","bufferSize":0}
2026-08-15 23:15:48,617 INFO  [it.uni.reti2.HeartbeatGenerator] (executor-thread-1) 💓 [HEARTBEAT] Invio heartbeat: {"stazioneId":"Padova","stato":"ONLINE","timestamp":"2026-08-15T21:15:48.617002569Z","tipoEvento":"HEARTBEAT","bufferSize":0}
2026-08-15 23:15:58,617 INFO  [it.uni.reti2.HeartbeatGenerator] (executor-thread-1) 💓 [HEARTBEAT] Invio heartbeat: {"stazioneId":"Padova","stato":"ONLINE","timestamp":"2026-08-15T21:15:58.617021629Z","tipoEvento":"HEARTBEAT","bufferSize":0}
2026-08-15 23:16:08,616 INFO  [it.uni.reti2.HeartbeatGenerator] (executor-thread-1) 💓 [HEARTBEAT] Invio heartbeat: {"stazioneId":"Padova","stato":"ONLINE","timestamp":"2026-08-15T21:16:08.616956263Z","tipoEvento":"HEARTBEAT","bufferSize":0}
2026-08-15 23:16:18,616 INFO  [it.uni.reti2.HeartbeatGenerator] (executor-thread-1) 💓 [HEARTBEAT] Invio heartbeat: {"stazioneId":"Padova","stato":"ONLINE","timestamp":"2026-08-15T21:16:18.616904866Z","tipoEvento":"HEARTBEAT","bufferSize":0}
2026-08-15 23:16:28,617 INFO  [it.uni.reti2.HeartbeatGenerator] (executor-thread-1) 💓 [HEARTBEAT] Invio heartbeat: {"stazioneId":"Padova","stato":"ONLINE","timestamp":"2026-08-15T21:16:28.617311334Z","tipoEvento":"HEARTBEAT","bufferSize":0}
2026-08-15 23:16:38,617 INFO  [it.uni.reti2.HeartbeatGenerator] (executor-thread-1) 💓 [HEARTBEAT] Invio heartbeat: {"stazioneId":"Padova","stato":"ONLINE","timestamp":"2026-08-15T21:16:38.617108994Z","tipoEvento":"HEARTBEAT","bufferSize":0}
2026-08-15 23:16:48,617 INFO  [it.uni.reti2.HeartbeatGenerator] (executor-thread-1) 💓 [HEARTBEAT] Invio heartbeat: {"stazioneId":"Padova","stato":"ONLINE","timestamp":"2026-08-15T21:16:48.617075678Z","tipoEvento":"HEARTBEAT","bufferSize":0}
2026-08-15 23:16:58,617 INFO  [it.uni.reti2.HeartbeatGenerator] (executor-thread-1) 💓 [HEARTBEAT] Invio heartbeat: {"stazioneId":"Padova","stato":"ONLINE","timestamp":"2026-08-15T21:16:58.617361954Z","tipoEvento":"HEARTBEAT","bufferSize":0}
2026-08-15 23:17:08,617 INFO  [it.uni.reti2.HeartbeatGenerator] (executor-thread-1) 💓 [HEARTBEAT] Invio heartbeat: {"stazioneId":"Padova","stato":"ONLINE","timestamp":"2026-08-15T21:17:08.617098910Z","tipoEvento":"HEARTBEAT","bufferSize":0}
2026-08-15 23:17:18,617 INFO  [it.uni.reti2.HeartbeatGenerator] (executor-thread-1) 💓 [HEARTBEAT] Invio heartbeat: {"stazioneId":"Padova","stato":"ONLINE","timestamp":"2026-08-15T21:17:18.617035134Z","tipoEvento":"HEARTBEAT","bufferSize":0}
2026-08-15 23:17:28,616 INFO  [it.uni.reti2.HeartbeatGenerator] (executor-thread-1) 💓 [HEARTBEAT] Invio heartbeat: {"stazioneId":"Padova","stato":"ONLINE","timestamp":"2026-08-15T21:17:28.616958873Z","tipoEvento":"HEARTBEAT","bufferSize":0}
2026-08-15 23:17:38,617 INFO  [it.uni.reti2.HeartbeatGenerator] (executor-thread-1) 💓 [HEARTBEAT] Invio heartbeat: {"stazioneId":"Padova","stato":"ONLINE","timestamp":"2026-08-15T21:17:38.617017078Z","tipoEvento":"HEARTBEAT","bufferSize":0}
2026-08-15 23:17:48,617 INFO  [it.uni.reti2.HeartbeatGenerator] (executor-thread-1) 💓 [HEARTBEAT] Invio heartbeat: {"stazioneId":"Padova","stato":"ONLINE","timestamp":"2026-08-15T21:17:48.617185176Z","tipoEvento":"HEARTBEAT","bufferSize":0}
2026-08-15 23:17:58,617 INFO  [it.uni.reti2.HeartbeatGenerator] (executor-thread-1) 💓 [HEARTBEAT] Invio heartbeat: {"stazioneId":"Padova","stato":"ONLINE","timestamp":"2026-08-15T21:17:58.616948455Z","tipoEvento":"HEARTBEAT","bufferSize":0}
2026-08-15 23:18:08,617 INFO  [it.uni.reti2.HeartbeatGenerator] (executor-thread-1) 💓 [HEARTBEAT] Invio heartbeat: {"stazioneId":"Padova","stato":"ONLINE","timestamp":"2026-08-15T21:18:08.617504148Z","tipoEvento":"HEARTBEAT","bufferSize":0}
2026-08-15 23:18:18,617 INFO  [it.uni.reti2.HeartbeatGenerator] (executor-thread-1) 💓 [HEARTBEAT] Invio heartbeat: {"stazioneId":"Padova","stato":"ONLINE","timestamp":"2026-08-15T21:18:18.617406045Z","tipoEvento":"HEARTBEAT","bufferSize":0}
2026-08-15 23:18:28,616 INFO  [it.uni.reti2.HeartbeatGenerator] (executor-thread-1) 💓 [HEARTBEAT] Invio heartbeat: {"stazioneId":"Padova","stato":"ONLINE","timestamp":"2026-08-15T21:18:28.616975179Z","tipoEvento":"HEARTBEAT","bufferSize":0}
2026-08-15 23:18:38,617 INFO  [it.uni.reti2.HeartbeatGenerator] (executor-thread-1) 💓 [HEARTBEAT] Invio heartbeat: {"stazioneId":"Padova","stato":"ONLINE","timestamp":"2026-08-15T21:18:38.617000164Z","tipoEvento":"HEARTBEAT","bufferSize":0}
2026-08-15 23:18:48,617 INFO  [it.uni.reti2.HeartbeatGenerator] (executor-thread-1) 💓 [HEARTBEAT] Invio heartbeat: {"stazioneId":"Padova","stato":"ONLINE","timestamp":"2026-08-15T21:18:48.617304657Z","tipoEvento":"HEARTBEAT","bufferSize":0}
2026-08-15 23:18:58,617 INFO  [it.uni.reti2.HeartbeatGenerator] (executor-thread-1) 💓 [HEARTBEAT] Invio heartbeat: {"stazioneId":"Padova","stato":"ONLINE","timestamp":"2026-08-15T21:18:58.616999618Z","tipoEvento":"HEARTBEAT","bufferSize":0}
2026-08-15 23:19:08,617 INFO  [it.uni.reti2.HeartbeatGenerator] (executor-thread-1) 💓 [HEARTBEAT] Invio heartbeat: {"stazioneId":"Padova","stato":"ONLINE","timestamp":"2026-08-15T21:19:08.617034099Z","tipoEvento":"HEARTBEAT","bufferSize":0}
2026-08-15 23:19:18,616 INFO  [it.uni.reti2.HeartbeatGenerator] (executor-thread-1) 💓 [HEARTBEAT] Invio heartbeat: {"stazioneId":"Padova","stato":"ONLINE","timestamp":"2026-08-15T21:19:18.616958331Z","tipoEvento":"HEARTBEAT","bufferSize":0}
2026-08-15 23:19:28,617 INFO  [it.uni.reti2.HeartbeatGenerator] (executor-thread-1) 💓 [HEARTBEAT] Invio heartbeat: {"stazioneId":"Padova","stato":"ONLINE","timestamp":"2026-08-15T21:19:28.617095857Z","tipoEvento":"HEARTBEAT","bufferSize":0}
2026-08-15 23:19:38,617 INFO  [it.uni.reti2.HeartbeatGenerator] (executor-thread-1) 💓 [HEARTBEAT] Invio heartbeat: {"stazioneId":"Padova","stato":"ONLINE","timestamp":"2026-08-15T21:19:38.617001209Z","tipoEvento":"HEARTBEAT","bufferSize":0}
2026-08-15 23:19:48,617 INFO  [it.uni.reti2.HeartbeatGenerator] (executor-thread-1) 💓 [HEARTBEAT] Invio heartbeat: {"stazioneId":"Padova","stato":"ONLINE","timestamp":"2026-08-15T21:19:48.617020044Z","tipoEvento":"HEARTBEAT","bufferSize":0}
2026-08-15 23:19:58,617 INFO  [it.uni.reti2.HeartbeatGenerator] (executor-thread-1) 💓 [HEARTBEAT] Invio heartbeat: {"stazioneId":"Padova","stato":"ONLINE","timestamp":"2026-08-15T21:19:58.617020077Z","tipoEvento":"HEARTBEAT","bufferSize":0}
2026-08-15 23:20:08,617 INFO  [it.uni.reti2.HeartbeatGenerator] (executor-thread-1) 💓 [HEARTBEAT] Invio heartbeat: {"stazioneId":"Padova","stato":"ONLINE","timestamp":"2026-08-15T21:20:08.617144113Z","tipoEvento":"HEARTBEAT","bufferSize":0}
2026-08-15 23:20:18,617 INFO  [it.uni.reti2.HeartbeatGenerator] (executor-thread-1) 💓 [HEARTBEAT] Invio heartbeat: {"stazioneId":"Padova","stato":"ONLINE","timestamp":"2026-08-15T21:20:18.617344984Z","tipoEvento":"HEARTBEAT","bufferSize":0}
2026-08-15 23:20:28,617 INFO  [it.uni.reti2.HeartbeatGenerator] (executor-thread-1) 💓 [HEARTBEAT] Invio heartbeat: {"stazioneId":"Padova","stato":"ONLINE","timestamp":"2026-08-15T21:20:28.617018033Z","tipoEvento":"HEARTBEAT","bufferSize":0}
2026-08-15 23:20:38,616 INFO  [it.uni.reti2.HeartbeatGenerator] (executor-thread-1) 💓 [HEARTBEAT] Invio heartbeat: {"stazioneId":"Padova","stato":"ONLINE","timestamp":"2026-08-15T21:20:38.616942153Z","tipoEvento":"HEARTBEAT","bufferSize":0}
2026-08-15 23:20:48,616 INFO  [it.uni.reti2.HeartbeatGenerator] (executor-thread-1) 💓 [HEARTBEAT] Invio heartbeat: {"stazioneId":"Padova","stato":"ONLINE","timestamp":"2026-08-15T21:20:48.616919346Z","tipoEvento":"HEARTBEAT","bufferSize":0}
2026-08-15 23:20:58,617 INFO  [it.uni.reti2.HeartbeatGenerator] (executor-thread-1) 💓 [HEARTBEAT] Invio heartbeat: {"stazioneId":"Padova","stato":"ONLINE","timestamp":"2026-08-15T21:20:58.617061738Z","tipoEvento":"HEARTBEAT","bufferSize":0}
2026-08-15 23:21:08,617 INFO  [it.uni.reti2.HeartbeatGenerator] (executor-thread-1) 💓 [HEARTBEAT] Invio heartbeat: {"stazioneId":"Padova","stato":"ONLINE","timestamp":"2026-08-15T21:21:08.616915898Z","tipoEvento":"HEARTBEAT","bufferSize":0}
2026-08-15 23:21:18,617 INFO  [it.uni.reti2.HeartbeatGenerator] (executor-thread-1) 💓 [HEARTBEAT] Invio heartbeat: {"stazioneId":"Padova","stato":"ONLINE","timestamp":"2026-08-15T21:21:18.617725317Z","tipoEvento":"HEARTBEAT","bufferSize":0}
2026-08-15 23:21:28,617 INFO  [it.uni.reti2.HeartbeatGenerator] (executor-thread-1) 💓 [HEARTBEAT] Invio heartbeat: {"stazioneId":"Padova","stato":"ONLINE","timestamp":"2026-08-15T21:21:28.617423571Z","tipoEvento":"HEARTBEAT","bufferSize":0}
2026-08-15 23:21:38,617 INFO  [it.uni.reti2.HeartbeatGenerator] (executor-thread-1) 💓 [HEARTBEAT] Invio heartbeat: {"stazioneId":"Padova","stato":"ONLINE","timestamp":"2026-08-15T21:21:38.617337193Z","tipoEvento":"HEARTBEAT","bufferSize":0}
2026-08-15 23:21:48,616 INFO  [it.uni.reti2.HeartbeatGenerator] (executor-thread-1) 💓 [HEARTBEAT] Invio heartbeat: {"stazioneId":"Padova","stato":"ONLINE","timestamp":"2026-08-15T21:21:48.616977010Z","tipoEvento":"HEARTBEAT","bufferSize":0}
2026-08-15 23:21:58,617 INFO  [it.uni.reti2.HeartbeatGenerator] (executor-thread-1) 💓 [HEARTBEAT] Invio heartbeat: {"stazioneId":"Padova","stato":"ONLINE","timestamp":"2026-08-15T21:21:58.616949852Z","tipoEvento":"HEARTBEAT","bufferSize":0}
2026-08-15 23:22:08,616 INFO  [it.uni.reti2.HeartbeatGenerator] (executor-thread-1) 💓 [HEARTBEAT] Invio heartbeat: {"stazioneId":"Padova","stato":"ONLINE","timestamp":"2026-08-15T21:22:08.616913511Z","tipoEvento":"HEARTBEAT","bufferSize":0}
2026-08-15 23:22:18,617 INFO  [it.uni.reti2.HeartbeatGenerator] (executor-thread-1) 💓 [HEARTBEAT] Invio heartbeat: {"stazioneId":"Padova","stato":"ONLINE","timestamp":"2026-08-15T21:22:18.617103508Z","tipoEvento":"HEARTBEAT","bufferSize":0}
2026-08-15 23:22:28,617 INFO  [it.uni.reti2.HeartbeatGenerator] (executor-thread-1) 💓 [HEARTBEAT] Invio heartbeat: {"stazioneId":"Padova","stato":"ONLINE","timestamp":"2026-08-15T21:22:28.617000349Z","tipoEvento":"HEARTBEAT","bufferSize":0}
2026-08-15 23:22:38,617 INFO  [it.uni.reti2.HeartbeatGenerator] (executor-thread-1) 💓 [HEARTBEAT] Invio heartbeat: {"stazioneId":"Padova","stato":"ONLINE","timestamp":"2026-08-15T21:22:38.617248606Z","tipoEvento":"HEARTBEAT","bufferSize":0}
2026-08-15 23:22:48,617 INFO  [it.uni.reti2.HeartbeatGenerator] (executor-thread-1) 💓 [HEARTBEAT] Invio heartbeat: {"stazioneId":"Padova","stato":"ONLINE","timestamp":"2026-08-15T21:22:48.617135780Z","tipoEvento":"HEARTBEAT","bufferSize":0}
2026-08-15 23:22:58,617 INFO  [it.uni.reti2.HeartbeatGenerator] (executor-thread-1) 💓 [HEARTBEAT] Invio heartbeat: {"stazioneId":"Padova","stato":"ONLINE","timestamp":"2026-08-15T21:22:58.617212078Z","tipoEvento":"HEARTBEAT","bufferSize":0}
2026-08-15 23:23:08,617 INFO  [it.uni.reti2.HeartbeatGenerator] (executor-thread-1) 💓 [HEARTBEAT] Invio heartbeat: {"stazioneId":"Padova","stato":"ONLINE","timestamp":"2026-08-15T21:23:08.617615660Z","tipoEvento":"HEARTBEAT","bufferSize":0}
2026-08-15 23:23:18,616 INFO  [it.uni.reti2.HeartbeatGenerator] (executor-thread-1) 💓 [HEARTBEAT] Invio heartbeat: {"stazioneId":"Padova","stato":"ONLINE","timestamp":"2026-08-15T21:23:18.616961712Z","tipoEvento":"HEARTBEAT","bufferSize":0}
2026-08-15 23:23:28,616 INFO  [it.uni.reti2.HeartbeatGenerator] (executor-thread-1) 💓 [HEARTBEAT] Invio heartbeat: {"stazioneId":"Padova","stato":"ONLINE","timestamp":"2026-08-15T21:23:28.616948078Z","tipoEvento":"HEARTBEAT","bufferSize":0}
2026-08-15 23:23:38,617 INFO  [it.uni.reti2.HeartbeatGenerator] (executor-thread-1) 💓 [HEARTBEAT] Invio heartbeat: {"stazioneId":"Padova","stato":"ONLINE","timestamp":"2026-08-15T21:23:38.617178438Z","tipoEvento":"HEARTBEAT","bufferSize":0}
2026-08-15 23:23:48,617 INFO  [it.uni.reti2.HeartbeatGenerator] (executor-thread-1) 💓 [HEARTBEAT] Invio heartbeat: {"stazioneId":"Padova","stato":"ONLINE","timestamp":"2026-08-15T21:23:48.617005226Z","tipoEvento":"HEARTBEAT","bufferSize":0}
2026-08-15 23:23:58,617 INFO  [it.uni.reti2.HeartbeatGenerator] (executor-thread-1) 💓 [HEARTBEAT] Invio heartbeat: {"stazioneId":"Padova","stato":"ONLINE","timestamp":"2026-08-15T21:23:58.617052522Z","tipoEvento":"HEARTBEAT","bufferSize":0}
2026-08-15 23:24:08,617 INFO  [it.uni.reti2.HeartbeatGenerator] (executor-thread-1) 💓 [HEARTBEAT] Invio heartbeat: {"stazioneId":"Padova","stato":"ONLINE","timestamp":"2026-08-15T21:24:08.617009049Z","tipoEvento":"HEARTBEAT","bufferSize":0}
2026-08-15 23:24:18,617 INFO  [it.uni.reti2.HeartbeatGenerator] (executor-thread-1) 💓 [HEARTBEAT] Invio heartbeat: {"stazioneId":"Padova","stato":"ONLINE","timestamp":"2026-08-15T21:24:18.616991388Z","tipoEvento":"HEARTBEAT","bufferSize":0}
2026-08-15 23:24:28,617 INFO  [it.uni.reti2.HeartbeatGenerator] (executor-thread-1) 💓 [HEARTBEAT] Invio heartbeat: {"stazioneId":"Padova","stato":"ONLINE","timestamp":"2026-08-15T21:24:28.617062499Z","tipoEvento":"HEARTBEAT","bufferSize":0}
2026-08-15 23:24:38,616 INFO  [it.uni.reti2.HeartbeatGenerator] (executor-thread-1) 💓 [HEARTBEAT] Invio heartbeat: {"stazioneId":"Padova","stato":"ONLINE","timestamp":"2026-08-15T21:24:38.616960341Z","tipoEvento":"HEARTBEAT","bufferSize":0}
2026-08-15 23:24:48,617 INFO  [it.uni.reti2.HeartbeatGenerator] (executor-thread-1) 💓 [HEARTBEAT] Invio heartbeat: {"stazioneId":"Padova","stato":"ONLINE","timestamp":"2026-08-15T21:24:48.617004488Z","tipoEvento":"HEARTBEAT","bufferSize":0}
2026-08-15 23:24:58,617 INFO  [it.uni.reti2.HeartbeatGenerator] (executor-thread-1) 💓 [HEARTBEAT] Invio heartbeat: {"stazioneId":"Padova","stato":"ONLINE","timestamp":"2026-08-15T21:24:58.617100016Z","tipoEvento":"HEARTBEAT","bufferSize":0}
2026-08-15 23:25:08,617 INFO  [it.uni.reti2.HeartbeatGenerator] (executor-thread-1) 💓 [HEARTBEAT] Invio heartbeat: {"stazioneId":"Padova","stato":"ONLINE","timestamp":"2026-08-15T21:25:08.616976495Z","tipoEvento":"HEARTBEAT","bufferSize":0}
2026-08-15 23:25:18,617 INFO  [it.uni.reti2.HeartbeatGenerator] (executor-thread-1) 💓 [HEARTBEAT] Invio heartbeat: {"stazioneId":"Padova","stato":"ONLINE","timestamp":"2026-08-15T21:25:18.617078949Z","tipoEvento":"HEARTBEAT","bufferSize":0}
2026-08-15 23:25:28,617 INFO  [it.uni.reti2.HeartbeatGenerator] (executor-thread-1) 💓 [HEARTBEAT] Invio heartbeat: {"stazioneId":"Padova","stato":"ONLINE","timestamp":"2026-08-15T21:25:28.617009900Z","tipoEvento":"HEARTBEAT","bufferSize":0}
2026-08-15 23:25:38,617 INFO  [it.uni.reti2.HeartbeatGenerator] (executor-thread-1) 💓 [HEARTBEAT] Invio heartbeat: {"stazioneId":"Padova","stato":"ONLINE","timestamp":"2026-08-15T21:25:38.617310318Z","tipoEvento":"HEARTBEAT","bufferSize":0}
2026-08-15 23:25:48,617 INFO  [it.uni.reti2.HeartbeatGenerator] (executor-thread-1) 💓 [HEARTBEAT] Invio heartbeat: {"stazioneId":"Padova","stato":"ONLINE","timestamp":"2026-08-15T21:25:48.617043936Z","tipoEvento":"HEARTBEAT","bufferSize":0}
2026-08-15 23:25:58,617 INFO  [it.uni.reti2.HeartbeatGenerator] (executor-thread-1) 💓 [HEARTBEAT] Invio heartbeat: {"stazioneId":"Padova","stato":"ONLINE","timestamp":"2026-08-15T21:25:58.617010053Z","tipoEvento":"HEARTBEAT","bufferSize":0}
2026-08-15 23:26:08,617 INFO  [it.uni.reti2.HeartbeatGenerator] (executor-thread-1) 💓 [HEARTBEAT] Invio heartbeat: {"stazioneId":"Padova","stato":"ONLINE","timestamp":"2026-08-15T21:26:08.617441781Z","tipoEvento":"HEARTBEAT","bufferSize":0}
2026-08-15 23:26:18,617 INFO  [it.uni.reti2.HeartbeatGenerator] (executor-thread-1) 💓 [HEARTBEAT] Invio heartbeat: {"stazioneId":"Padova","stato":"ONLINE","timestamp":"2026-08-15T21:26:18.616947506Z","tipoEvento":"HEARTBEAT","bufferSize":0}
2026-08-15 23:26:28,617 INFO  [it.uni.reti2.HeartbeatGenerator] (executor-thread-1) 💓 [HEARTBEAT] Invio heartbeat: {"stazioneId":"Padova","stato":"ONLINE","timestamp":"2026-08-15T21:26:28.616981152Z","tipoEvento":"HEARTBEAT","bufferSize":0}
2026-08-15 23:26:38,617 INFO  [it.uni.reti2.HeartbeatGenerator] (executor-thread-1) 💓 [HEARTBEAT] Invio heartbeat: {"stazioneId":"Padova","stato":"ONLINE","timestamp":"2026-08-15T21:26:38.617002241Z","tipoEvento":"HEARTBEAT","bufferSize":0}
2026-08-15 23:26:48,616 INFO  [it.uni.reti2.HeartbeatGenerator] (executor-thread-1) 💓 [HEARTBEAT] Invio heartbeat: {"stazioneId":"Padova","stato":"ONLINE","timestamp":"2026-08-15T21:26:48.616911941Z","tipoEvento":"HEARTBEAT","bufferSize":0}
2026-08-15 23:26:58,616 INFO  [it.uni.reti2.HeartbeatGenerator] (executor-thread-1) 💓 [HEARTBEAT] Invio heartbeat: {"stazioneId":"Padova","stato":"ONLINE","timestamp":"2026-08-15T21:26:58.616965721Z","tipoEvento":"HEARTBEAT","bufferSize":0}
2026-08-15 23:27:08,617 INFO  [it.uni.reti2.HeartbeatGenerator] (executor-thread-1) 💓 [HEARTBEAT] Invio heartbeat: {"stazioneId":"Padova","stato":"ONLINE","timestamp":"2026-08-15T21:27:08.617130042Z","tipoEvento":"HEARTBEAT","bufferSize":0}
2026-08-15 23:27:18,617 INFO  [it.uni.reti2.HeartbeatGenerator] (executor-thread-1) 💓 [HEARTBEAT] Invio heartbeat: {"stazioneId":"Padova","stato":"ONLINE","timestamp":"2026-08-15T21:27:18.616990263Z","tipoEvento":"HEARTBEAT","bufferSize":0}
2026-08-15 23:27:28,617 INFO  [it.uni.reti2.HeartbeatGenerator] (executor-thread-1) 💓 [HEARTBEAT] Invio heartbeat: {"stazioneId":"Padova","stato":"ONLINE","timestamp":"2026-08-15T21:27:28.617092504Z","tipoEvento":"HEARTBEAT","bufferSize":0}
2026-08-15 23:27:38,616 INFO  [it.uni.reti2.HeartbeatGenerator] (executor-thread-1) 💓 [HEARTBEAT] Invio heartbeat: {"stazioneId":"Padova","stato":"ONLINE","timestamp":"2026-08-15T21:27:38.616914425Z","tipoEvento":"HEARTBEAT","bufferSize":0}
2026-08-15 23:27:48,617 INFO  [it.uni.reti2.HeartbeatGenerator] (executor-thread-1) 💓 [HEARTBEAT] Invio heartbeat: {"stazioneId":"Padova","stato":"ONLINE","timestamp":"2026-08-15T21:27:48.617182981Z","tipoEvento":"HEARTBEAT","bufferSize":0}
2026-08-15 23:27:58,617 INFO  [it.uni.reti2.HeartbeatGenerator] (executor-thread-1) 💓 [HEARTBEAT] Invio heartbeat: {"stazioneId":"Padova","stato":"ONLINE","timestamp":"2026-08-15T21:27:58.617235551Z","tipoEvento":"HEARTBEAT","bufferSize":0}
2026-08-15 23:28:08,617 INFO  [it.uni.reti2.HeartbeatGenerator] (executor-thread-1) 💓 [HEARTBEAT] Invio heartbeat: {"stazioneId":"Padova","stato":"ONLINE","timestamp":"2026-08-15T21:28:08.616997112Z","tipoEvento":"HEARTBEAT","bufferSize":0}
2026-08-15 23:28:18,616 INFO  [it.uni.reti2.HeartbeatGenerator] (executor-thread-1) 💓 [HEARTBEAT] Invio heartbeat: {"stazioneId":"Padova","stato":"ONLINE","timestamp":"2026-08-15T21:28:18.616953186Z","tipoEvento":"HEARTBEAT","bufferSize":0}
2026-08-15 23:28:28,617 INFO  [it.uni.reti2.HeartbeatGenerator] (executor-thread-1) 💓 [HEARTBEAT] Invio heartbeat: {"stazioneId":"Padova","stato":"ONLINE","timestamp":"2026-08-15T21:28:28.617545675Z","tipoEvento":"HEARTBEAT","bufferSize":0}
2026-08-15 23:28:38,617 INFO  [it.uni.reti2.HeartbeatGenerator] (executor-thread-1) 💓 [HEARTBEAT] Invio heartbeat: {"stazioneId":"Padova","stato":"ONLINE","timestamp":"2026-08-15T21:28:38.617299504Z","tipoEvento":"HEARTBEAT","bufferSize":0}
2026-08-15 23:28:48,617 INFO  [it.uni.reti2.HeartbeatGenerator] (executor-thread-1) 💓 [HEARTBEAT] Invio heartbeat: {"stazioneId":"Padova","stato":"ONLINE","timestamp":"2026-08-15T21:28:48.617012998Z","tipoEvento":"HEARTBEAT","bufferSize":0}
2026-08-15 23:28:58,617 INFO  [it.uni.reti2.HeartbeatGenerator] (executor-thread-1) 💓 [HEARTBEAT] Invio heartbeat: {"stazioneId":"Padova","stato":"ONLINE","timestamp":"2026-08-15T21:28:58.617008263Z","tipoEvento":"HEARTBEAT","bufferSize":0}
2026-08-15 23:29:08,617 INFO  [it.uni.reti2.HeartbeatGenerator] (executor-thread-1) 💓 [HEARTBEAT] Invio heartbeat: {"stazioneId":"Padova","stato":"ONLINE","timestamp":"2026-08-15T21:29:08.617522891Z","tipoEvento":"HEARTBEAT","bufferSize":0}
2026-08-15 23:29:18,617 INFO  [it.uni.reti2.HeartbeatGenerator] (executor-thread-1) 💓 [HEARTBEAT] Invio heartbeat: {"stazioneId":"Padova","stato":"ONLINE","timestamp":"2026-08-15T21:29:18.617007771Z","tipoEvento":"HEARTBEAT","bufferSize":0}
2026-08-15 23:29:28,616 INFO  [it.uni.reti2.HeartbeatGenerator] (executor-thread-1) 💓 [HEARTBEAT] Invio heartbeat: {"stazioneId":"Padova","stato":"ONLINE","timestamp":"2026-08-15T21:29:28.616936049Z","tipoEvento":"HEARTBEAT","bufferSize":0}
2026-08-15 23:29:38,617 INFO  [it.uni.reti2.HeartbeatGenerator] (executor-thread-1) 💓 [HEARTBEAT] Invio heartbeat: {"stazioneId":"Padova","stato":"ONLINE","timestamp":"2026-08-15T21:29:38.617281931Z","tipoEvento":"HEARTBEAT","bufferSize":0}
2026-08-15 23:29:48,617 INFO  [it.uni.reti2.HeartbeatGenerator] (executor-thread-1) 💓 [HEARTBEAT] Invio heartbeat: {"stazioneId":"Padova","stato":"ONLINE","timestamp":"2026-08-15T21:29:48.617021157Z","tipoEvento":"HEARTBEAT","bufferSize":0}
2026-08-15 23:29:58,617 INFO  [it.uni.reti2.HeartbeatGenerator] (executor-thread-1) 💓 [HEARTBEAT] Invio heartbeat: {"stazioneId":"Padova","stato":"ONLINE","timestamp":"2026-08-15T21:29:58.617042769Z","tipoEvento":"HEARTBEAT","bufferSize":0}
2026-08-15 23:30:08,617 INFO  [it.uni.reti2.HeartbeatGenerator] (executor-thread-1) 💓 [HEARTBEAT] Invio heartbeat: {"stazioneId":"Padova","stato":"ONLINE","timestamp":"2026-08-15T21:30:08.616986782Z","tipoEvento":"HEARTBEAT","bufferSize":0}
2026-08-15 23:30:18,616 INFO  [it.uni.reti2.HeartbeatGenerator] (executor-thread-1) 💓 [HEARTBEAT] Invio heartbeat: {"stazioneId":"Padova","stato":"ONLINE","timestamp":"2026-08-15T21:30:18.616944583Z","tipoEvento":"HEARTBEAT","bufferSize":0}
2026-08-15 23:30:28,617 INFO  [it.uni.reti2.HeartbeatGenerator] (executor-thread-1) 💓 [HEARTBEAT] Invio heartbeat: {"stazioneId":"Padova","stato":"ONLINE","timestamp":"2026-08-15T21:30:28.616986431Z","tipoEvento":"HEARTBEAT","bufferSize":0}
2026-08-15 23:30:38,617 INFO  [it.uni.reti2.HeartbeatGenerator] (executor-thread-1) 💓 [HEARTBEAT] Invio heartbeat: {"stazioneId":"Padova","stato":"ONLINE","timestamp":"2026-08-15T21:30:38.617053796Z","tipoEvento":"HEARTBEAT","bufferSize":0}
2026-08-15 23:30:48,617 INFO  [it.uni.reti2.HeartbeatGenerator] (executor-thread-1) 💓 [HEARTBEAT] Invio heartbeat: {"stazioneId":"Padova","stato":"ONLINE","timestamp":"2026-08-15T21:30:48.617013461Z","tipoEvento":"HEARTBEAT","bufferSize":0}
2026-08-15 23:30:58,617 INFO  [it.uni.reti2.HeartbeatGenerator] (executor-thread-1) 💓 [HEARTBEAT] Invio heartbeat: {"stazioneId":"Padova","stato":"ONLINE","timestamp":"2026-08-15T21:30:58.617240896Z","tipoEvento":"HEARTBEAT","bufferSize":0}
2026-08-15 23:31:08,617 INFO  [it.uni.reti2.HeartbeatGenerator] (executor-thread-1) 💓 [HEARTBEAT] Invio heartbeat: {"stazioneId":"Padova","stato":"ONLINE","timestamp":"2026-08-15T21:31:08.617318959Z","tipoEvento":"HEARTBEAT","bufferSize":0}
2026-08-15 23:31:18,617 INFO  [it.uni.reti2.HeartbeatGenerator] (executor-thread-1) 💓 [HEARTBEAT] Invio heartbeat: {"stazioneId":"Padova","stato":"ONLINE","timestamp":"2026-08-15T21:31:18.617333388Z","tipoEvento":"HEARTBEAT","bufferSize":0}
2026-08-15 23:31:28,617 INFO  [it.uni.reti2.HeartbeatGenerator] (executor-thread-1) 💓 [HEARTBEAT] Invio heartbeat: {"stazioneId":"Padova","stato":"ONLINE","timestamp":"2026-08-15T21:31:28.616988296Z","tipoEvento":"HEARTBEAT","bufferSize":0}
2026-08-15 23:31:38,617 INFO  [it.uni.reti2.HeartbeatGenerator] (executor-thread-1) 💓 [HEARTBEAT] Invio heartbeat: {"stazioneId":"Padova","stato":"ONLINE","timestamp":"2026-08-15T21:31:38.617054775Z","tipoEvento":"HEARTBEAT","bufferSize":0}
2026-08-15 23:31:48,616 INFO  [it.uni.reti2.HeartbeatGenerator] (executor-thread-1) 💓 [HEARTBEAT] Invio heartbeat: {"stazioneId":"Padova","stato":"ONLINE","timestamp":"2026-08-15T21:31:48.616912689Z","tipoEvento":"HEARTBEAT","bufferSize":0}
2026-08-15 23:31:58,617 INFO  [it.uni.reti2.HeartbeatGenerator] (executor-thread-1) 💓 [HEARTBEAT] Invio heartbeat: {"stazioneId":"Padova","stato":"ONLINE","timestamp":"2026-08-15T21:31:58.617284755Z","tipoEvento":"HEARTBEAT","bufferSize":0}
2026-08-15 23:32:08,617 INFO  [it.uni.reti2.HeartbeatGenerator] (executor-thread-1) 💓 [HEARTBEAT] Invio heartbeat: {"stazioneId":"Padova","stato":"ONLINE","timestamp":"2026-08-15T21:32:08.616998908Z","tipoEvento":"HEARTBEAT","bufferSize":0}
2026-08-15 23:32:18,616 INFO  [it.uni.reti2.HeartbeatGenerator] (executor-thread-1) 💓 [HEARTBEAT] Invio heartbeat: {"stazioneId":"Padova","stato":"ONLINE","timestamp":"2026-08-15T21:32:18.616955933Z","tipoEvento":"HEARTBEAT","bufferSize":0}
2026-08-15 23:32:28,616 INFO  [it.uni.reti2.HeartbeatGenerator] (executor-thread-1) 💓 [HEARTBEAT] Invio heartbeat: {"stazioneId":"Padova","stato":"ONLINE","timestamp":"2026-08-15T21:32:28.616943394Z","tipoEvento":"HEARTBEAT","bufferSize":0}
2026-08-15 23:32:38,617 INFO  [it.uni.reti2.HeartbeatGenerator] (executor-thread-1) 💓 [HEARTBEAT] Invio heartbeat: {"stazioneId":"Padova","stato":"ONLINE","timestamp":"2026-08-15T21:32:38.616986990Z","tipoEvento":"HEARTBEAT","bufferSize":0}
2026-08-15 23:32:48,617 INFO  [it.uni.reti2.HeartbeatGenerator] (executor-thread-1) 💓 [HEARTBEAT] Invio heartbeat: {"stazioneId":"Padova","stato":"ONLINE","timestamp":"2026-08-15T21:32:48.616965260Z","tipoEvento":"HEARTBEAT","bufferSize":0}
2026-08-15 23:32:58,616 INFO  [it.uni.reti2.HeartbeatGenerator] (executor-thread-1) 💓 [HEARTBEAT] Invio heartbeat: {"stazioneId":"Padova","stato":"ONLINE","timestamp":"2026-08-15T21:32:58.616948877Z","tipoEvento":"HEARTBEAT","bufferSize":0}
2026-08-15 23:33:08,617 INFO  [it.uni.reti2.HeartbeatGenerator] (executor-thread-1) 💓 [HEARTBEAT] Invio heartbeat: {"stazioneId":"Padova","stato":"ONLINE","timestamp":"2026-08-15T21:33:08.617051734Z","tipoEvento":"HEARTBEAT","bufferSize":0}
2026-08-15 23:33:18,617 INFO  [it.uni.reti2.HeartbeatGenerator] (executor-thread-1) 💓 [HEARTBEAT] Invio heartbeat: {"stazioneId":"Padova","stato":"ONLINE","timestamp":"2026-08-15T21:33:18.617499469Z","tipoEvento":"HEARTBEAT","bufferSize":0}
2026-08-15 23:33:28,617 INFO  [it.uni.reti2.HeartbeatGenerator] (executor-thread-1) 💓 [HEARTBEAT] Invio heartbeat: {"stazioneId":"Padova","stato":"ONLINE","timestamp":"2026-08-15T21:33:28.617268881Z","tipoEvento":"HEARTBEAT","bufferSize":0}
2026-08-15 23:33:38,617 INFO  [it.uni.reti2.HeartbeatGenerator] (executor-thread-1) 💓 [HEARTBEAT] Invio heartbeat: {"stazioneId":"Padova","stato":"ONLINE","timestamp":"2026-08-15T21:33:38.616984466Z","tipoEvento":"HEARTBEAT","bufferSize":0}
2026-08-15 23:33:48,617 INFO  [it.uni.reti2.HeartbeatGenerator] (executor-thread-1) 💓 [HEARTBEAT] Invio heartbeat: {"stazioneId":"Padova","stato":"ONLINE","timestamp":"2026-08-15T21:33:48.617243606Z","tipoEvento":"HEARTBEAT","bufferSize":0}
2026-08-15 23:33:58,617 INFO  [it.uni.reti2.HeartbeatGenerator] (executor-thread-1) 💓 [HEARTBEAT] Invio heartbeat: {"stazioneId":"Padova","stato":"ONLINE","timestamp":"2026-08-15T21:33:58.617490144Z","tipoEvento":"HEARTBEAT","bufferSize":0}
2026-08-15 23:34:08,617 INFO  [it.uni.reti2.HeartbeatGenerator] (executor-thread-1) 💓 [HEARTBEAT] Invio heartbeat: {"stazioneId":"Padova","stato":"ONLINE","timestamp":"2026-08-15T21:34:08.617086353Z","tipoEvento":"HEARTBEAT","bufferSize":0}
2026-08-15 23:34:18,616 INFO  [it.uni.reti2.HeartbeatGenerator] (executor-thread-1) 💓 [HEARTBEAT] Invio heartbeat: {"stazioneId":"Padova","stato":"ONLINE","timestamp":"2026-08-15T21:34:18.616947157Z","tipoEvento":"HEARTBEAT","bufferSize":0}
2026-08-15 23:34:28,617 INFO  [it.uni.reti2.HeartbeatGenerator] (executor-thread-1) 💓 [HEARTBEAT] Invio heartbeat: {"stazioneId":"Padova","stato":"ONLINE","timestamp":"2026-08-15T21:34:28.616977072Z","tipoEvento":"HEARTBEAT","bufferSize":0}
2026-08-15 23:34:38,617 INFO  [it.uni.reti2.HeartbeatGenerator] (executor-thread-1) 💓 [HEARTBEAT] Invio heartbeat: {"stazioneId":"Padova","stato":"ONLINE","timestamp":"2026-08-15T21:34:38.616980419Z","tipoEvento":"HEARTBEAT","bufferSize":0}
2026-08-15 23:34:48,617 INFO  [it.uni.reti2.HeartbeatGenerator] (executor-thread-1) 💓 [HEARTBEAT] Invio heartbeat: {"stazioneId":"Padova","stato":"ONLINE","timestamp":"2026-08-15T21:34:48.617026717Z","tipoEvento":"HEARTBEAT","bufferSize":0}
2026-08-15 23:34:58,616 INFO  [it.uni.reti2.HeartbeatGenerator] (executor-thread-1) 💓 [HEARTBEAT] Invio heartbeat: {"stazioneId":"Padova","stato":"ONLINE","timestamp":"2026-08-15T21:34:58.616868087Z","tipoEvento":"HEARTBEAT","bufferSize":0}
2026-08-15 23:35:08,617 INFO  [it.uni.reti2.HeartbeatGenerator] (executor-thread-1) 💓 [HEARTBEAT] Invio heartbeat: {"stazioneId":"Padova","stato":"ONLINE","timestamp":"2026-08-15T21:35:08.617080340Z","tipoEvento":"HEARTBEAT","bufferSize":0}
2026-08-15 23:35:18,616 INFO  [it.uni.reti2.HeartbeatGenerator] (executor-thread-1) 💓 [HEARTBEAT] Invio heartbeat: {"stazioneId":"Padova","stato":"ONLINE","timestamp":"2026-08-15T21:35:18.616954490Z","tipoEvento":"HEARTBEAT","bufferSize":0}
2026-08-15 23:35:28,617 INFO  [it.uni.reti2.HeartbeatGenerator] (executor-thread-1) 💓 [HEARTBEAT] Invio heartbeat: {"stazioneId":"Padova","stato":"ONLINE","timestamp":"2026-08-15T21:35:28.617345970Z","tipoEvento":"HEARTBEAT","bufferSize":0}
2026-08-15 23:35:38,617 INFO  [it.uni.reti2.HeartbeatGenerator] (executor-thread-1) 💓 [HEARTBEAT] Invio heartbeat: {"stazioneId":"Padova","stato":"ONLINE","timestamp":"2026-08-15T21:35:38.616987481Z","tipoEvento":"HEARTBEAT","bufferSize":0}
2026-08-15 23:35:48,617 INFO  [it.uni.reti2.HeartbeatGenerator] (executor-thread-1) 💓 [HEARTBEAT] Invio heartbeat: {"stazioneId":"Padova","stato":"ONLINE","timestamp":"2026-08-15T21:35:48.617031670Z","tipoEvento":"HEARTBEAT","bufferSize":0}
2026-08-15 23:35:58,617 INFO  [it.uni.reti2.HeartbeatGenerator] (executor-thread-1) 💓 [HEARTBEAT] Invio heartbeat: {"stazioneId":"Padova","stato":"ONLINE","timestamp":"2026-08-15T21:35:58.617011568Z","tipoEvento":"HEARTBEAT","bufferSize":0}
2026-08-15 23:36:08,617 INFO  [it.uni.reti2.HeartbeatGenerator] (executor-thread-1) 💓 [HEARTBEAT] Invio heartbeat: {"stazioneId":"Padova","stato":"ONLINE","timestamp":"2026-08-15T21:36:08.617071454Z","tipoEvento":"HEARTBEAT","bufferSize":0}
2026-08-15 23:36:18,617 INFO  [it.uni.reti2.HeartbeatGenerator] (executor-thread-1) 💓 [HEARTBEAT] Invio heartbeat: {"stazioneId":"Padova","stato":"ONLINE","timestamp":"2026-08-15T21:36:18.617074776Z","tipoEvento":"HEARTBEAT","bufferSize":0}
2026-08-15 23:36:28,616 INFO  [it.uni.reti2.HeartbeatGenerator] (executor-thread-1) 💓 [HEARTBEAT] Invio heartbeat: {"stazioneId":"Padova","stato":"ONLINE","timestamp":"2026-08-15T21:36:28.616915969Z","tipoEvento":"HEARTBEAT","bufferSize":0}
2026-08-15 23:36:38,617 INFO  [it.uni.reti2.HeartbeatGenerator] (executor-thread-1) 💓 [HEARTBEAT] Invio heartbeat: {"stazioneId":"Padova","stato":"ONLINE","timestamp":"2026-08-15T21:36:38.617628677Z","tipoEvento":"HEARTBEAT","bufferSize":0}
2026-08-15 23:36:48,617 INFO  [it.uni.reti2.HeartbeatGenerator] (executor-thread-1) 💓 [HEARTBEAT] Invio heartbeat: {"stazioneId":"Padova","stato":"ONLINE","timestamp":"2026-08-15T21:36:48.617087212Z","tipoEvento":"HEARTBEAT","bufferSize":0}
2026-08-15 23:36:58,616 INFO  [it.uni.reti2.HeartbeatGenerator] (executor-thread-1) 💓 [HEARTBEAT] Invio heartbeat: {"stazioneId":"Padova","stato":"ONLINE","timestamp":"2026-08-15T21:36:58.616944873Z","tipoEvento":"HEARTBEAT","bufferSize":0}
2026-08-15 23:37:08,617 INFO  [it.uni.reti2.HeartbeatGenerator] (executor-thread-1) 💓 [HEARTBEAT] Invio heartbeat: {"stazioneId":"Padova","stato":"ONLINE","timestamp":"2026-08-15T21:37:08.617706613Z","tipoEvento":"HEARTBEAT","bufferSize":0}
2026-08-15 23:37:18,617 INFO  [it.uni.reti2.HeartbeatGenerator] (executor-thread-1) 💓 [HEARTBEAT] Invio heartbeat: {"stazioneId":"Padova","stato":"ONLINE","timestamp":"2026-08-15T21:37:18.617106079Z","tipoEvento":"HEARTBEAT","bufferSize":0}
2026-08-15 23:37:28,617 INFO  [it.uni.reti2.HeartbeatGenerator] (executor-thread-1) 💓 [HEARTBEAT] Invio heartbeat: {"stazioneId":"Padova","stato":"ONLINE","timestamp":"2026-08-15T21:37:28.617023399Z","tipoEvento":"HEARTBEAT","bufferSize":0}
2026-08-15 23:37:38,617 INFO  [it.uni.reti2.HeartbeatGenerator] (executor-thread-1) 💓 [HEARTBEAT] Invio heartbeat: {"stazioneId":"Padova","stato":"ONLINE","timestamp":"2026-08-15T21:37:38.617570200Z","tipoEvento":"HEARTBEAT","bufferSize":0}
2026-08-15 23:37:48,617 INFO  [it.uni.reti2.HeartbeatGenerator] (executor-thread-1) 💓 [HEARTBEAT] Invio heartbeat: {"stazioneId":"Padova","stato":"ONLINE","timestamp":"2026-08-15T21:37:48.617054814Z","tipoEvento":"HEARTBEAT","bufferSize":0}
2026-08-15 23:37:58,617 INFO  [it.uni.reti2.HeartbeatGenerator] (executor-thread-1) 💓 [HEARTBEAT] Invio heartbeat: {"stazioneId":"Padova","stato":"ONLINE","timestamp":"2026-08-15T21:37:58.616998660Z","tipoEvento":"HEARTBEAT","bufferSize":0}
2026-08-15 23:38:08,617 INFO  [it.uni.reti2.HeartbeatGenerator] (executor-thread-1) 💓 [HEARTBEAT] Invio heartbeat: {"stazioneId":"Padova","stato":"ONLINE","timestamp":"2026-08-15T21:38:08.617361020Z","tipoEvento":"HEARTBEAT","bufferSize":0}
2026-08-15 23:38:18,617 INFO  [it.uni.reti2.HeartbeatGenerator] (executor-thread-1) 💓 [HEARTBEAT] Invio heartbeat: {"stazioneId":"Padova","stato":"ONLINE","timestamp":"2026-08-15T21:38:18.617389812Z","tipoEvento":"HEARTBEAT","bufferSize":0}
2026-08-15 23:38:28,617 INFO  [it.uni.reti2.HeartbeatGenerator] (executor-thread-1) 💓 [HEARTBEAT] Invio heartbeat: {"stazioneId":"Padova","stato":"ONLINE","timestamp":"2026-08-15T21:38:28.617054082Z","tipoEvento":"HEARTBEAT","bufferSize":0}
2026-08-15 23:38:38,617 INFO  [it.uni.reti2.HeartbeatGenerator] (executor-thread-1) 💓 [HEARTBEAT] Invio heartbeat: {"stazioneId":"Padova","stato":"ONLINE","timestamp":"2026-08-15T21:38:38.617038728Z","tipoEvento":"HEARTBEAT","bufferSize":0}
2026-08-15 23:38:48,617 INFO  [it.uni.reti2.HeartbeatGenerator] (executor-thread-1) 💓 [HEARTBEAT] Invio heartbeat: {"stazioneId":"Padova","stato":"ONLINE","timestamp":"2026-08-15T21:38:48.617409725Z","tipoEvento":"HEARTBEAT","bufferSize":0}
2026-08-15 23:38:58,617 INFO  [it.uni.reti2.HeartbeatGenerator] (executor-thread-1) 💓 [HEARTBEAT] Invio heartbeat: {"stazioneId":"Padova","stato":"ONLINE","timestamp":"2026-08-15T21:38:58.616981887Z","tipoEvento":"HEARTBEAT","bufferSize":0}
2026-08-15 23:39:08,617 INFO  [it.uni.reti2.HeartbeatGenerator] (executor-thread-1) 💓 [HEARTBEAT] Invio heartbeat: {"stazioneId":"Padova","stato":"ONLINE","timestamp":"2026-08-15T21:39:08.617097848Z","tipoEvento":"HEARTBEAT","bufferSize":0}
2026-08-15 23:39:18,617 INFO  [it.uni.reti2.HeartbeatGenerator] (executor-thread-1) 💓 [HEARTBEAT] Invio heartbeat: {"stazioneId":"Padova","stato":"ONLINE","timestamp":"2026-08-15T21:39:18.617190983Z","tipoEvento":"HEARTBEAT","bufferSize":0}
2026-08-15 23:39:28,617 INFO  [it.uni.reti2.HeartbeatGenerator] (executor-thread-1) 💓 [HEARTBEAT] Invio heartbeat: {"stazioneId":"Padova","stato":"ONLINE","timestamp":"2026-08-15T21:39:28.617394829Z","tipoEvento":"HEARTBEAT","bufferSize":0}
2026-08-15 23:39:38,616 INFO  [it.uni.reti2.HeartbeatGenerator] (executor-thread-1) 💓 [HEARTBEAT] Invio heartbeat: {"stazioneId":"Padova","stato":"ONLINE","timestamp":"2026-08-15T21:39:38.616894789Z","tipoEvento":"HEARTBEAT","bufferSize":0}
2026-08-15 23:39:48,617 INFO  [it.uni.reti2.HeartbeatGenerator] (executor-thread-1) 💓 [HEARTBEAT] Invio heartbeat: {"stazioneId":"Padova","stato":"ONLINE","timestamp":"2026-08-15T21:39:48.617030279Z","tipoEvento":"HEARTBEAT","bufferSize":0}
2026-08-15 23:39:58,616 INFO  [it.uni.reti2.HeartbeatGenerator] (executor-thread-1) 💓 [HEARTBEAT] Invio heartbeat: {"stazioneId":"Padova","stato":"ONLINE","timestamp":"2026-08-15T21:39:58.616886736Z","tipoEvento":"HEARTBEAT","bufferSize":0}
2026-08-15 23:40:08,617 INFO  [it.uni.reti2.HeartbeatGenerator] (executor-thread-1) 💓 [HEARTBEAT] Invio heartbeat: {"stazioneId":"Padova","stato":"ONLINE","timestamp":"2026-08-15T21:40:08.616991843Z","tipoEvento":"HEARTBEAT","bufferSize":0}
2026-08-15 23:40:18,617 INFO  [it.uni.reti2.HeartbeatGenerator] (executor-thread-1) 💓 [HEARTBEAT] Invio heartbeat: {"stazioneId":"Padova","stato":"ONLINE","timestamp":"2026-08-15T21:40:18.617227404Z","tipoEvento":"HEARTBEAT","bufferSize":0}
2026-08-15 23:40:28,617 INFO  [it.uni.reti2.HeartbeatGenerator] (executor-thread-1) 💓 [HEARTBEAT] Invio heartbeat: {"stazioneId":"Padova","stato":"ONLINE","timestamp":"2026-08-15T21:40:28.617219525Z","tipoEvento":"HEARTBEAT","bufferSize":0}
2026-08-15 23:40:38,617 INFO  [it.uni.reti2.HeartbeatGenerator] (executor-thread-1) 💓 [HEARTBEAT] Invio heartbeat: {"stazioneId":"Padova","stato":"ONLINE","timestamp":"2026-08-15T21:40:38.617134267Z","tipoEvento":"HEARTBEAT","bufferSize":0}
2026-08-15 23:40:48,617 INFO  [it.uni.reti2.HeartbeatGenerator] (executor-thread-1) 💓 [HEARTBEAT] Invio heartbeat: {"stazioneId":"Padova","stato":"ONLINE","timestamp":"2026-08-15T21:40:48.617060265Z","tipoEvento":"HEARTBEAT","bufferSize":0}
2026-08-15 23:40:58,617 INFO  [it.uni.reti2.HeartbeatGenerator] (executor-thread-1) 💓 [HEARTBEAT] Invio heartbeat: {"stazioneId":"Padova","stato":"ONLINE","timestamp":"2026-08-15T21:40:58.617246142Z","tipoEvento":"HEARTBEAT","bufferSize":0}
2026-08-15 23:41:08,617 INFO  [it.uni.reti2.HeartbeatGenerator] (executor-thread-1) 💓 [HEARTBEAT] Invio heartbeat: {"stazioneId":"Padova","stato":"ONLINE","timestamp":"2026-08-15T21:41:08.617248880Z","tipoEvento":"HEARTBEAT","bufferSize":0}
2026-08-15 23:41:18,617 INFO  [it.uni.reti2.HeartbeatGenerator] (executor-thread-1) 💓 [HEARTBEAT] Invio heartbeat: {"stazioneId":"Padova","stato":"ONLINE","timestamp":"2026-08-15T21:41:18.617388474Z","tipoEvento":"HEARTBEAT","bufferSize":0}
2026-08-15 23:41:28,617 INFO  [it.uni.reti2.HeartbeatGenerator] (executor-thread-1) 💓 [HEARTBEAT] Invio heartbeat: {"stazioneId":"Padova","stato":"ONLINE","timestamp":"2026-08-15T21:41:28.617194837Z","tipoEvento":"HEARTBEAT","bufferSize":0}
2026-08-15 23:41:38,617 INFO  [it.uni.reti2.HeartbeatGenerator] (executor-thread-1) 💓 [HEARTBEAT] Invio heartbeat: {"stazioneId":"Padova","stato":"ONLINE","timestamp":"2026-08-15T21:41:38.617046885Z","tipoEvento":"HEARTBEAT","bufferSize":0}
2026-08-15 23:41:48,617 INFO  [it.uni.reti2.HeartbeatGenerator] (executor-thread-1) 💓 [HEARTBEAT] Invio heartbeat: {"stazioneId":"Padova","stato":"ONLINE","timestamp":"2026-08-15T21:41:48.617450275Z","tipoEvento":"HEARTBEAT","bufferSize":0}
2026-08-15 23:41:58,617 INFO  [it.uni.reti2.HeartbeatGenerator] (executor-thread-1) 💓 [HEARTBEAT] Invio heartbeat: {"stazioneId":"Padova","stato":"ONLINE","timestamp":"2026-08-15T21:41:58.617479689Z","tipoEvento":"HEARTBEAT","bufferSize":0}
2026-08-15 23:42:08,617 INFO  [it.uni.reti2.HeartbeatGenerator] (executor-thread-1) 💓 [HEARTBEAT] Invio heartbeat: {"stazioneId":"Padova","stato":"ONLINE","timestamp":"2026-08-15T21:42:08.617017248Z","tipoEvento":"HEARTBEAT","bufferSize":0}
2026-08-15 23:42:18,617 INFO  [it.uni.reti2.HeartbeatGenerator] (executor-thread-1) 💓 [HEARTBEAT] Invio heartbeat: {"stazioneId":"Padova","stato":"ONLINE","timestamp":"2026-08-15T21:42:18.617265211Z","tipoEvento":"HEARTBEAT","bufferSize":0}
2026-08-15 23:42:28,617 INFO  [it.uni.reti2.HeartbeatGenerator] (executor-thread-1) 💓 [HEARTBEAT] Invio heartbeat: {"stazioneId":"Padova","stato":"ONLINE","timestamp":"2026-08-15T21:42:28.617369630Z","tipoEvento":"HEARTBEAT","bufferSize":0}
2026-08-15 23:42:38,617 INFO  [it.uni.reti2.HeartbeatGenerator] (executor-thread-1) 💓 [HEARTBEAT] Invio heartbeat: {"stazioneId":"Padova","stato":"ONLINE","timestamp":"2026-08-15T21:42:38.617427963Z","tipoEvento":"HEARTBEAT","bufferSize":0}
2026-08-15 23:42:48,617 INFO  [it.uni.reti2.HeartbeatGenerator] (executor-thread-1) 💓 [HEARTBEAT] Invio heartbeat: {"stazioneId":"Padova","stato":"ONLINE","timestamp":"2026-08-15T21:42:48.617015801Z","tipoEvento":"HEARTBEAT","bufferSize":0}
2026-08-15 23:42:58,617 INFO  [it.uni.reti2.HeartbeatGenerator] (executor-thread-1) 💓 [HEARTBEAT] Invio heartbeat: {"stazioneId":"Padova","stato":"ONLINE","timestamp":"2026-08-15T21:42:58.616987891Z","tipoEvento":"HEARTBEAT","bufferSize":0}
2026-08-15 23:43:08,617 INFO  [it.uni.reti2.HeartbeatGenerator] (executor-thread-1) 💓 [HEARTBEAT] Invio heartbeat: {"stazioneId":"Padova","stato":"ONLINE","timestamp":"2026-08-15T21:43:08.617303346Z","tipoEvento":"HEARTBEAT","bufferSize":0}
2026-08-15 23:43:18,617 INFO  [it.uni.reti2.HeartbeatGenerator] (executor-thread-1) 💓 [HEARTBEAT] Invio heartbeat: {"stazioneId":"Padova","stato":"ONLINE","timestamp":"2026-08-15T21:43:18.616959610Z","tipoEvento":"HEARTBEAT","bufferSize":0}
2026-08-15 23:43:28,617 INFO  [it.uni.reti2.HeartbeatGenerator] (executor-thread-1) 💓 [HEARTBEAT] Invio heartbeat: {"stazioneId":"Padova","stato":"ONLINE","timestamp":"2026-08-15T21:43:28.617012326Z","tipoEvento":"HEARTBEAT","bufferSize":0}
2026-08-15 23:43:38,617 INFO  [it.uni.reti2.HeartbeatGenerator] (executor-thread-1) 💓 [HEARTBEAT] Invio heartbeat: {"stazioneId":"Padova","stato":"ONLINE","timestamp":"2026-08-15T21:43:38.617018498Z","tipoEvento":"HEARTBEAT","bufferSize":0}
2026-08-15 23:43:48,617 INFO  [it.uni.reti2.HeartbeatGenerator] (executor-thread-1) 💓 [HEARTBEAT] Invio heartbeat: {"stazioneId":"Padova","stato":"ONLINE","timestamp":"2026-08-15T21:43:48.617210431Z","tipoEvento":"HEARTBEAT","bufferSize":0}
2026-08-15 23:43:58,617 INFO  [it.uni.reti2.HeartbeatGenerator] (executor-thread-1) 💓 [HEARTBEAT] Invio heartbeat: {"stazioneId":"Padova","stato":"ONLINE","timestamp":"2026-08-15T21:43:58.617080946Z","tipoEvento":"HEARTBEAT","bufferSize":0}
2026-08-15 23:44:08,617 INFO  [it.uni.reti2.HeartbeatGenerator] (executor-thread-1) 💓 [HEARTBEAT] Invio heartbeat: {"stazioneId":"Padova","stato":"ONLINE","timestamp":"2026-08-15T21:44:08.617251512Z","tipoEvento":"HEARTBEAT","bufferSize":0}
2026-08-15 23:44:18,617 INFO  [it.uni.reti2.HeartbeatGenerator] (executor-thread-1) 💓 [HEARTBEAT] Invio heartbeat: {"stazioneId":"Padova","stato":"ONLINE","timestamp":"2026-08-15T21:44:18.617244473Z","tipoEvento":"HEARTBEAT","bufferSize":0}
2026-08-15 23:44:28,617 INFO  [it.uni.reti2.HeartbeatGenerator] (executor-thread-1) 💓 [HEARTBEAT] Invio heartbeat: {"stazioneId":"Padova","stato":"ONLINE","timestamp":"2026-08-15T21:44:28.617430712Z","tipoEvento":"HEARTBEAT","bufferSize":0}
2026-08-15 23:44:38,617 INFO  [it.uni.reti2.HeartbeatGenerator] (executor-thread-1) 💓 [HEARTBEAT] Invio heartbeat: {"stazioneId":"Padova","stato":"ONLINE","timestamp":"2026-08-15T21:44:38.616997723Z","tipoEvento":"HEARTBEAT","bufferSize":0}
2026-08-15 23:44:48,617 INFO  [it.uni.reti2.HeartbeatGenerator] (executor-thread-1) 💓 [HEARTBEAT] Invio heartbeat: {"stazioneId":"Padova","stato":"ONLINE","timestamp":"2026-08-15T21:44:48.617019285Z","tipoEvento":"HEARTBEAT","bufferSize":0}
2026-08-15 23:44:58,617 INFO  [it.uni.reti2.HeartbeatGenerator] (executor-thread-1) 💓 [HEARTBEAT] Invio heartbeat: {"stazioneId":"Padova","stato":"ONLINE","timestamp":"2026-08-15T21:44:58.616992439Z","tipoEvento":"HEARTBEAT","bufferSize":0}
2026-08-15 23:45:08,617 INFO  [it.uni.reti2.HeartbeatGenerator] (executor-thread-1) 💓 [HEARTBEAT] Invio heartbeat: {"stazioneId":"Padova","stato":"ONLINE","timestamp":"2026-08-15T21:45:08.616979143Z","tipoEvento":"HEARTBEAT","bufferSize":0}
2026-08-15 23:45:18,617 INFO  [it.uni.reti2.HeartbeatGenerator] (executor-thread-1) 💓 [HEARTBEAT] Invio heartbeat: {"stazioneId":"Padova","stato":"ONLINE","timestamp":"2026-08-15T21:45:18.617259004Z","tipoEvento":"HEARTBEAT","bufferSize":0}
2026-08-15 23:45:28,617 INFO  [it.uni.reti2.HeartbeatGenerator] (executor-thread-1) 💓 [HEARTBEAT] Invio heartbeat: {"stazioneId":"Padova","stato":"ONLINE","timestamp":"2026-08-15T21:45:28.617023236Z","tipoEvento":"HEARTBEAT","bufferSize":0}
2026-08-15 23:45:38,617 INFO  [it.uni.reti2.HeartbeatGenerator] (executor-thread-1) 💓 [HEARTBEAT] Invio heartbeat: {"stazioneId":"Padova","stato":"ONLINE","timestamp":"2026-08-15T21:45:38.617214390Z","tipoEvento":"HEARTBEAT","bufferSize":0}
2026-08-15 23:45:48,617 INFO  [it.uni.reti2.HeartbeatGenerator] (executor-thread-1) 💓 [HEARTBEAT] Invio heartbeat: {"stazioneId":"Padova","stato":"ONLINE","timestamp":"2026-08-15T21:45:48.617583906Z","tipoEvento":"HEARTBEAT","bufferSize":0}
2026-08-15 23:45:58,617 INFO  [it.uni.reti2.HeartbeatGenerator] (executor-thread-1) 💓 [HEARTBEAT] Invio heartbeat: {"stazioneId":"Padova","stato":"ONLINE","timestamp":"2026-08-15T21:45:58.617679129Z","tipoEvento":"HEARTBEAT","bufferSize":0}
2026-08-15 23:46:08,617 INFO  [it.uni.reti2.HeartbeatGenerator] (executor-thread-1) 💓 [HEARTBEAT] Invio heartbeat: {"stazioneId":"Padova","stato":"ONLINE","timestamp":"2026-08-15T21:46:08.617006921Z","tipoEvento":"HEARTBEAT","bufferSize":0}
2026-08-15 23:46:18,617 INFO  [it.uni.reti2.HeartbeatGenerator] (executor-thread-1) 💓 [HEARTBEAT] Invio heartbeat: {"stazioneId":"Padova","stato":"ONLINE","timestamp":"2026-08-15T21:46:18.617006308Z","tipoEvento":"HEARTBEAT","bufferSize":0}
2026-08-15 23:46:28,617 INFO  [it.uni.reti2.HeartbeatGenerator] (executor-thread-1) 💓 [HEARTBEAT] Invio heartbeat: {"stazioneId":"Padova","stato":"ONLINE","timestamp":"2026-08-15T21:46:28.617023517Z","tipoEvento":"HEARTBEAT","bufferSize":0}
2026-08-15 23:46:38,617 INFO  [it.uni.reti2.HeartbeatGenerator] (executor-thread-1) 💓 [HEARTBEAT] Invio heartbeat: {"stazioneId":"Padova","stato":"ONLINE","timestamp":"2026-08-15T21:46:38.617272346Z","tipoEvento":"HEARTBEAT","bufferSize":0}
2026-08-15 23:46:48,617 INFO  [it.uni.reti2.HeartbeatGenerator] (executor-thread-1) 💓 [HEARTBEAT] Invio heartbeat: {"stazioneId":"Padova","stato":"ONLINE","timestamp":"2026-08-15T21:46:48.617047768Z","tipoEvento":"HEARTBEAT","bufferSize":0}
2026-08-15 23:46:58,617 INFO  [it.uni.reti2.HeartbeatGenerator] (executor-thread-1) 💓 [HEARTBEAT] Invio heartbeat: {"stazioneId":"Padova","stato":"ONLINE","timestamp":"2026-08-15T21:46:58.617023419Z","tipoEvento":"HEARTBEAT","bufferSize":0}
2026-08-15 23:47:08,617 INFO  [it.uni.reti2.HeartbeatGenerator] (executor-thread-1) 💓 [HEARTBEAT] Invio heartbeat: {"stazioneId":"Padova","stato":"ONLINE","timestamp":"2026-08-15T21:47:08.617631277Z","tipoEvento":"HEARTBEAT","bufferSize":0}
2026-08-15 23:47:18,617 INFO  [it.uni.reti2.HeartbeatGenerator] (executor-thread-1) 💓 [HEARTBEAT] Invio heartbeat: {"stazioneId":"Padova","stato":"ONLINE","timestamp":"2026-08-15T21:47:18.616999677Z","tipoEvento":"HEARTBEAT","bufferSize":0}
2026-08-15 23:47:28,617 INFO  [it.uni.reti2.HeartbeatGenerator] (executor-thread-1) 💓 [HEARTBEAT] Invio heartbeat: {"stazioneId":"Padova","stato":"ONLINE","timestamp":"2026-08-15T21:47:28.617106606Z","tipoEvento":"HEARTBEAT","bufferSize":0}
2026-08-15 23:47:38,617 INFO  [it.uni.reti2.HeartbeatGenerator] (executor-thread-1) 💓 [HEARTBEAT] Invio heartbeat: {"stazioneId":"Padova","stato":"ONLINE","timestamp":"2026-08-15T21:47:38.617895422Z","tipoEvento":"HEARTBEAT","bufferSize":0}
2026-08-15 23:47:48,617 INFO  [it.uni.reti2.HeartbeatGenerator] (executor-thread-1) 💓 [HEARTBEAT] Invio heartbeat: {"stazioneId":"Padova","stato":"ONLINE","timestamp":"2026-08-15T21:47:48.617785070Z","tipoEvento":"HEARTBEAT","bufferSize":0}
2026-08-15 23:47:58,617 INFO  [it.uni.reti2.HeartbeatGenerator] (executor-thread-1) 💓 [HEARTBEAT] Invio heartbeat: {"stazioneId":"Padova","stato":"ONLINE","timestamp":"2026-08-15T21:47:58.617050234Z","tipoEvento":"HEARTBEAT","bufferSize":0}
2026-08-15 23:48:08,617 INFO  [it.uni.reti2.HeartbeatGenerator] (executor-thread-1) 💓 [HEARTBEAT] Invio heartbeat: {"stazioneId":"Padova","stato":"ONLINE","timestamp":"2026-08-15T21:48:08.617030410Z","tipoEvento":"HEARTBEAT","bufferSize":0}
2026-08-15 23:48:18,617 INFO  [it.uni.reti2.HeartbeatGenerator] (executor-thread-1) 💓 [HEARTBEAT] Invio heartbeat: {"stazioneId":"Padova","stato":"ONLINE","timestamp":"2026-08-15T21:48:18.617009685Z","tipoEvento":"HEARTBEAT","bufferSize":0}
2026-08-15 23:48:28,617 INFO  [it.uni.reti2.HeartbeatGenerator] (executor-thread-1) 💓 [HEARTBEAT] Invio heartbeat: {"stazioneId":"Padova","stato":"ONLINE","timestamp":"2026-08-15T21:48:28.617020041Z","tipoEvento":"HEARTBEAT","bufferSize":0}
2026-08-15 23:48:38,617 INFO  [it.uni.reti2.HeartbeatGenerator] (executor-thread-1) 💓 [HEARTBEAT] Invio heartbeat: {"stazioneId":"Padova","stato":"ONLINE","timestamp":"2026-08-15T21:48:38.616990333Z","tipoEvento":"HEARTBEAT","bufferSize":0}
2026-08-15 23:48:48,616 INFO  [it.uni.reti2.HeartbeatGenerator] (executor-thread-1) 💓 [HEARTBEAT] Invio heartbeat: {"stazioneId":"Padova","stato":"ONLINE","timestamp":"2026-08-15T21:48:48.616920690Z","tipoEvento":"HEARTBEAT","bufferSize":0}
2026-08-15 23:48:58,617 INFO  [it.uni.reti2.HeartbeatGenerator] (executor-thread-1) 💓 [HEARTBEAT] Invio heartbeat: {"stazioneId":"Padova","stato":"ONLINE","timestamp":"2026-08-15T21:48:58.617000526Z","tipoEvento":"HEARTBEAT","bufferSize":0}
2026-08-15 23:49:08,617 INFO  [it.uni.reti2.HeartbeatGenerator] (executor-thread-1) 💓 [HEARTBEAT] Invio heartbeat: {"stazioneId":"Padova","stato":"ONLINE","timestamp":"2026-08-15T21:49:08.617072302Z","tipoEvento":"HEARTBEAT","bufferSize":0}
2026-08-15 23:49:18,617 INFO  [it.uni.reti2.HeartbeatGenerator] (executor-thread-1) 💓 [HEARTBEAT] Invio heartbeat: {"stazioneId":"Padova","stato":"ONLINE","timestamp":"2026-08-15T21:49:18.617348020Z","tipoEvento":"HEARTBEAT","bufferSize":0}
2026-08-15 23:49:28,617 INFO  [it.uni.reti2.HeartbeatGenerator] (executor-thread-1) 💓 [HEARTBEAT] Invio heartbeat: {"stazioneId":"Padova","stato":"ONLINE","timestamp":"2026-08-15T21:49:28.617436517Z","tipoEvento":"HEARTBEAT","bufferSize":0}
2026-08-15 23:49:38,617 INFO  [it.uni.reti2.HeartbeatGenerator] (executor-thread-1) 💓 [HEARTBEAT] Invio heartbeat: {"stazioneId":"Padova","stato":"ONLINE","timestamp":"2026-08-15T21:49:38.617397517Z","tipoEvento":"HEARTBEAT","bufferSize":0}
2026-08-15 23:49:48,617 INFO  [it.uni.reti2.HeartbeatGenerator] (executor-thread-1) 💓 [HEARTBEAT] Invio heartbeat: {"stazioneId":"Padova","stato":"ONLINE","timestamp":"2026-08-15T21:49:48.617012711Z","tipoEvento":"HEARTBEAT","bufferSize":0}
2026-08-15 23:49:58,617 INFO  [it.uni.reti2.HeartbeatGenerator] (executor-thread-1) 💓 [HEARTBEAT] Invio heartbeat: {"stazioneId":"Padova","stato":"ONLINE","timestamp":"2026-08-15T21:49:58.617150743Z","tipoEvento":"HEARTBEAT","bufferSize":0}
2026-08-15 23:50:08,617 INFO  [it.uni.reti2.HeartbeatGenerator] (executor-thread-1) 💓 [HEARTBEAT] Invio heartbeat: {"stazioneId":"Padova","stato":"ONLINE","timestamp":"2026-08-15T21:50:08.617577064Z","tipoEvento":"HEARTBEAT","bufferSize":0}
2026-08-15 23:50:18,616 INFO  [it.uni.reti2.HeartbeatGenerator] (executor-thread-1) 💓 [HEARTBEAT] Invio heartbeat: {"stazioneId":"Padova","stato":"ONLINE","timestamp":"2026-08-15T21:50:18.616963458Z","tipoEvento":"HEARTBEAT","bufferSize":0}
2026-08-15 23:50:28,617 INFO  [it.uni.reti2.HeartbeatGenerator] (executor-thread-1) 💓 [HEARTBEAT] Invio heartbeat: {"stazioneId":"Padova","stato":"ONLINE","timestamp":"2026-08-15T21:50:28.617217100Z","tipoEvento":"HEARTBEAT","bufferSize":0}
2026-08-15 23:50:38,617 INFO  [it.uni.reti2.HeartbeatGenerator] (executor-thread-1) 💓 [HEARTBEAT] Invio heartbeat: {"stazioneId":"Padova","stato":"ONLINE","timestamp":"2026-08-15T21:50:38.617063617Z","tipoEvento":"HEARTBEAT","bufferSize":0}
2026-08-15 23:50:48,617 INFO  [it.uni.reti2.HeartbeatGenerator] (executor-thread-1) 💓 [HEARTBEAT] Invio heartbeat: {"stazioneId":"Padova","stato":"ONLINE","timestamp":"2026-08-15T21:50:48.616997715Z","tipoEvento":"HEARTBEAT","bufferSize":0}
2026-08-15 23:50:58,617 INFO  [it.uni.reti2.HeartbeatGenerator] (executor-thread-1) 💓 [HEARTBEAT] Invio heartbeat: {"stazioneId":"Padova","stato":"ONLINE","timestamp":"2026-08-15T21:50:58.616926214Z","tipoEvento":"HEARTBEAT","bufferSize":0}
2026-08-15 23:51:08,617 INFO  [it.uni.reti2.HeartbeatGenerator] (executor-thread-1) 💓 [HEARTBEAT] Invio heartbeat: {"stazioneId":"Padova","stato":"ONLINE","timestamp":"2026-08-15T21:51:08.617036518Z","tipoEvento":"HEARTBEAT","bufferSize":0}
2026-08-15 23:51:18,617 INFO  [it.uni.reti2.HeartbeatGenerator] (executor-thread-1) 💓 [HEARTBEAT] Invio heartbeat: {"stazioneId":"Padova","stato":"ONLINE","timestamp":"2026-08-15T21:51:18.617437906Z","tipoEvento":"HEARTBEAT","bufferSize":0}
2026-08-15 23:51:28,617 INFO  [it.uni.reti2.HeartbeatGenerator] (executor-thread-1) 💓 [HEARTBEAT] Invio heartbeat: {"stazioneId":"Padova","stato":"ONLINE","timestamp":"2026-08-15T21:51:28.616996207Z","tipoEvento":"HEARTBEAT","bufferSize":0}
2026-08-15 23:51:38,617 INFO  [it.uni.reti2.HeartbeatGenerator] (executor-thread-1) 💓 [HEARTBEAT] Invio heartbeat: {"stazioneId":"Padova","stato":"ONLINE","timestamp":"2026-08-15T21:51:38.617433378Z","tipoEvento":"HEARTBEAT","bufferSize":0}
2026-08-15 23:51:48,617 INFO  [it.uni.reti2.HeartbeatGenerator] (executor-thread-1) 💓 [HEARTBEAT] Invio heartbeat: {"stazioneId":"Padova","stato":"ONLINE","timestamp":"2026-08-15T21:51:48.617494620Z","tipoEvento":"HEARTBEAT","bufferSize":0}
