__  ____  __  _____   ___  __ ____  ______ 
 --/ __ \/ / / / _ | / _ \/ //_/ / / / __/ 
 -/ /_/ / /_/ / __ |/ , _/ ,< / /_/ /\ \   
--\___\_\____/_/ |_/_/|_/_/|_|\____/___/   
2026-08-13 23:00:47,708 INFO  [it.uni.reti2.main] (main) 🚉 Avvio processo Stazione con ID: stazzaDellaMadonnaTroia
2026-08-13 23:00:48,629 INFO  [io.smallrye.reactive.messaging.mqtt] (main) Create MQTT Client for null@localhost:1883<>-[]
2026-08-13 23:00:48,945 INFO  [io.vertx.mqtt.impl.MqttClientImpl] (vert.x-eventloop-thread-0) Connection with localhost:1883 established successfully
2026-08-13 23:00:49,144 INFO  [io.smallrye.reactive.messaging.mqtt] (vert.x-eventloop-thread-0) Subscription success on topic railway/station/+/validation-response, Max QoS 0.
2026-08-13 23:00:49,144 INFO  [io.smallrye.reactive.messaging.mqtt] (vert.x-eventloop-thread-0) Subscription success on topic railway/alerts, Max QoS 0.
2026-08-13 23:00:49,144 INFO  [io.smallrye.reactive.messaging.mqtt] (vert.x-eventloop-thread-0) Subscription success on topic railway/train/+/passaggio, Max QoS 0.
2026-08-13 23:00:49,181 WARN  [it.uni.reti2.HeartbeatGenerator] (executor-thread-1) ⏳ Stazione non ancora validata dalla Centrale: heartbeat sospeso.
2026-08-13 23:00:49,264 INFO  [io.quarkus] (main) stazione 1.0.0-SNAPSHOT on JVM (powered by Quarkus 3.37.3) started in 1.685s. Listening on: http://0.0.0.0:8083
2026-08-13 23:00:49,264 INFO  [io.quarkus] (main) Profile prod activated. 
2026-08-13 23:00:49,264 INFO  [io.quarkus] (main) Installed features: [cdi, messaging, messaging-mqtt, rest, rest-jackson, scheduler, smallrye-context-propagation, vertx]
2026-08-13 23:00:49,268 INFO  [it.uni.reti2.main] (main) 🔎 Verifica ID stazione 'stazzaDellaMadonnaTroia' nel database centrale...
2026-08-13 23:00:49,347 INFO  [it.uni.reti2.StationDatabaseValidator] (main) 📩 Richiesta di validazione inviata per la stazione: stazzaDellaMadonnaTroia
2026-08-13 23:00:49,348 WARN  [it.uni.reti2.main] (main) ID stazione non ancora valido o il database centrale non è raggiungibile; riprovo tra 5 secondi...
2026-08-13 23:00:49,487 INFO  [it.uni.reti2.StationDatabaseValidator] (vert.x-eventloop-thread-2) 🚉 Processo associato con successo alla chiave primaria del database: stazzaDellaMadonnaTroia
2026-08-13 23:00:54,348 INFO  [it.uni.reti2.main] (main) ✅ Processo Stazione AVVIATO CORRETTAMENTE
2026-08-13 23:00:54,349 INFO  [it.uni.reti2.main] (main) 🔄 Ingresso nel ciclo infinito di mantenimento del nodo Stazione...
2026-08-13 23:00:54,349 INFO  [it.uni.reti2.main] (main) 🌐 Server REST disponibile su http://localhost:8081/stazione/info
2026-08-13 23:00:59,181 INFO  [it.uni.reti2.HeartbeatGenerator] (executor-thread-1) 💓 [HEARTBEAT] Invio heartbeat: {"stazioneId":"stazzaDellaMadonnaTroia","stato":"ONLINE","timestamp":"2026-08-13T21:00:59.181517602Z","tipoEvento":"HEARTBEAT","bufferSize":0}
2026-08-13 23:01:09,181 INFO  [it.uni.reti2.HeartbeatGenerator] (executor-thread-1) 💓 [HEARTBEAT] Invio heartbeat: {"stazioneId":"stazzaDellaMadonnaTroia","stato":"ONLINE","timestamp":"2026-08-13T21:01:09.181524902Z","tipoEvento":"HEARTBEAT","bufferSize":0}
2026-08-13 23:01:19,181 INFO  [it.uni.reti2.HeartbeatGenerator] (executor-thread-1) 💓 [HEARTBEAT] Invio heartbeat: {"stazioneId":"stazzaDellaMadonnaTroia","stato":"ONLINE","timestamp":"2026-08-13T21:01:19.181517353Z","tipoEvento":"HEARTBEAT","bufferSize":0}
2026-08-13 23:01:29,182 INFO  [it.uni.reti2.HeartbeatGenerator] (executor-thread-1) 💓 [HEARTBEAT] Invio heartbeat: {"stazioneId":"stazzaDellaMadonnaTroia","stato":"ONLINE","timestamp":"2026-08-13T21:01:29.181787535Z","tipoEvento":"HEARTBEAT","bufferSize":0}
2026-08-13 23:01:39,181 INFO  [it.uni.reti2.HeartbeatGenerator] (executor-thread-1) 💓 [HEARTBEAT] Invio heartbeat: {"stazioneId":"stazzaDellaMadonnaTroia","stato":"ONLINE","timestamp":"2026-08-13T21:01:39.181493614Z","tipoEvento":"HEARTBEAT","bufferSize":0}
2026-08-13 23:01:49,181 INFO  [it.uni.reti2.HeartbeatGenerator] (executor-thread-1) 💓 [HEARTBEAT] Invio heartbeat: {"stazioneId":"stazzaDellaMadonnaTroia","stato":"ONLINE","timestamp":"2026-08-13T21:01:49.181270531Z","tipoEvento":"HEARTBEAT","bufferSize":0}
2026-08-13 23:01:59,181 INFO  [it.uni.reti2.HeartbeatGenerator] (executor-thread-1) 💓 [HEARTBEAT] Invio heartbeat: {"stazioneId":"stazzaDellaMadonnaTroia","stato":"ONLINE","timestamp":"2026-08-13T21:01:59.181343296Z","tipoEvento":"HEARTBEAT","bufferSize":0}
2026-08-13 23:02:09,181 INFO  [it.uni.reti2.HeartbeatGenerator] (executor-thread-1) 💓 [HEARTBEAT] Invio heartbeat: {"stazioneId":"stazzaDellaMadonnaTroia","stato":"ONLINE","timestamp":"2026-08-13T21:02:09.181353549Z","tipoEvento":"HEARTBEAT","bufferSize":0}
2026-08-13 23:02:19,181 INFO  [it.uni.reti2.HeartbeatGenerator] (executor-thread-1) 💓 [HEARTBEAT] Invio heartbeat: {"stazioneId":"stazzaDellaMadonnaTroia","stato":"ONLINE","timestamp":"2026-08-13T21:02:19.181428072Z","tipoEvento":"HEARTBEAT","bufferSize":0}
2026-08-13 23:02:29,181 INFO  [it.uni.reti2.HeartbeatGenerator] (executor-thread-1) 💓 [HEARTBEAT] Invio heartbeat: {"stazioneId":"stazzaDellaMadonnaTroia","stato":"ONLINE","timestamp":"2026-08-13T21:02:29.181244906Z","tipoEvento":"HEARTBEAT","bufferSize":0}
2026-08-13 23:02:39,182 INFO  [it.uni.reti2.HeartbeatGenerator] (executor-thread-1) 💓 [HEARTBEAT] Invio heartbeat: {"stazioneId":"stazzaDellaMadonnaTroia","stato":"ONLINE","timestamp":"2026-08-13T21:02:39.182165917Z","tipoEvento":"HEARTBEAT","bufferSize":0}
2026-08-13 23:02:49,181 INFO  [it.uni.reti2.HeartbeatGenerator] (executor-thread-1) 💓 [HEARTBEAT] Invio heartbeat: {"stazioneId":"stazzaDellaMadonnaTroia","stato":"ONLINE","timestamp":"2026-08-13T21:02:49.181497022Z","tipoEvento":"HEARTBEAT","bufferSize":0}
2026-08-13 23:02:59,181 INFO  [it.uni.reti2.HeartbeatGenerator] (executor-thread-1) 💓 [HEARTBEAT] Invio heartbeat: {"stazioneId":"stazzaDellaMadonnaTroia","stato":"ONLINE","timestamp":"2026-08-13T21:02:59.181235043Z","tipoEvento":"HEARTBEAT","bufferSize":0}
2026-08-13 23:03:09,181 INFO  [it.uni.reti2.HeartbeatGenerator] (executor-thread-1) 💓 [HEARTBEAT] Invio heartbeat: {"stazioneId":"stazzaDellaMadonnaTroia","stato":"ONLINE","timestamp":"2026-08-13T21:03:09.181751432Z","tipoEvento":"HEARTBEAT","bufferSize":0}
2026-08-13 23:03:19,181 INFO  [it.uni.reti2.HeartbeatGenerator] (executor-thread-1) 💓 [HEARTBEAT] Invio heartbeat: {"stazioneId":"stazzaDellaMadonnaTroia","stato":"ONLINE","timestamp":"2026-08-13T21:03:19.181247366Z","tipoEvento":"HEARTBEAT","bufferSize":0}
2026-08-13 23:03:25,073 INFO  [it.uni.reti2.StationGateway] (vert.x-eventloop-thread-3) 🚂 [PASSAGGIO] Treno Mario in ENTRATA dalla stazione stazzaDellaMadonnaTroia
2026-08-13 23:03:29,181 INFO  [it.uni.reti2.HeartbeatGenerator] (executor-thread-1) 💓 [HEARTBEAT] Invio heartbeat: {"stazioneId":"stazzaDellaMadonnaTroia","stato":"ONLINE","timestamp":"2026-08-13T21:03:29.181806440Z","tipoEvento":"HEARTBEAT","bufferSize":0}
2026-08-13 23:03:39,181 INFO  [it.uni.reti2.HeartbeatGenerator] (executor-thread-1) 💓 [HEARTBEAT] Invio heartbeat: {"stazioneId":"stazzaDellaMadonnaTroia","stato":"ONLINE","timestamp":"2026-08-13T21:03:39.181429964Z","tipoEvento":"HEARTBEAT","bufferSize":0}
2026-08-13 23:03:46,078 INFO  [it.uni.reti2.StationGateway] (vert.x-eventloop-thread-3) 🚂 [PASSAGGIO] Treno Mario in USCITA dalla stazione stazzaDellaMadonnaTroia
2026-08-13 23:03:49,181 INFO  [it.uni.reti2.HeartbeatGenerator] (executor-thread-1) 💓 [HEARTBEAT] Invio heartbeat: {"stazioneId":"stazzaDellaMadonnaTroia","stato":"ONLINE","timestamp":"2026-08-13T21:03:49.181373726Z","tipoEvento":"HEARTBEAT","bufferSize":0}
2026-08-13 23:03:59,181 INFO  [it.uni.reti2.HeartbeatGenerator] (executor-thread-1) 💓 [HEARTBEAT] Invio heartbeat: {"stazioneId":"stazzaDellaMadonnaTroia","stato":"ONLINE","timestamp":"2026-08-13T21:03:59.181416170Z","tipoEvento":"HEARTBEAT","bufferSize":0}
2026-08-13 23:04:09,181 INFO  [it.uni.reti2.HeartbeatGenerator] (executor-thread-1) 💓 [HEARTBEAT] Invio heartbeat: {"stazioneId":"stazzaDellaMadonnaTroia","stato":"ONLINE","timestamp":"2026-08-13T21:04:09.181663527Z","tipoEvento":"HEARTBEAT","bufferSize":0}
2026-08-13 23:04:19,181 INFO  [it.uni.reti2.HeartbeatGenerator] (executor-thread-1) 💓 [HEARTBEAT] Invio heartbeat: {"stazioneId":"stazzaDellaMadonnaTroia","stato":"ONLINE","timestamp":"2026-08-13T21:04:19.181607873Z","tipoEvento":"HEARTBEAT","bufferSize":0}
2026-08-13 23:04:29,181 INFO  [it.uni.reti2.HeartbeatGenerator] (executor-thread-1) 💓 [HEARTBEAT] Invio heartbeat: {"stazioneId":"stazzaDellaMadonnaTroia","stato":"ONLINE","timestamp":"2026-08-13T21:04:29.181599587Z","tipoEvento":"HEARTBEAT","bufferSize":0}
2026-08-13 23:04:39,181 INFO  [it.uni.reti2.HeartbeatGenerator] (executor-thread-1) 💓 [HEARTBEAT] Invio heartbeat: {"stazioneId":"stazzaDellaMadonnaTroia","stato":"ONLINE","timestamp":"2026-08-13T21:04:39.181379114Z","tipoEvento":"HEARTBEAT","bufferSize":0}
2026-08-13 23:04:49,181 INFO  [it.uni.reti2.HeartbeatGenerator] (executor-thread-1) 💓 [HEARTBEAT] Invio heartbeat: {"stazioneId":"stazzaDellaMadonnaTroia","stato":"ONLINE","timestamp":"2026-08-13T21:04:49.181407576Z","tipoEvento":"HEARTBEAT","bufferSize":0}
2026-08-13 23:04:59,181 INFO  [it.uni.reti2.HeartbeatGenerator] (executor-thread-1) 💓 [HEARTBEAT] Invio heartbeat: {"stazioneId":"stazzaDellaMadonnaTroia","stato":"ONLINE","timestamp":"2026-08-13T21:04:59.181715758Z","tipoEvento":"HEARTBEAT","bufferSize":0}
2026-08-13 23:05:09,181 INFO  [it.uni.reti2.HeartbeatGenerator] (executor-thread-1) 💓 [HEARTBEAT] Invio heartbeat: {"stazioneId":"stazzaDellaMadonnaTroia","stato":"ONLINE","timestamp":"2026-08-13T21:05:09.181674307Z","tipoEvento":"HEARTBEAT","bufferSize":0}
2026-08-13 23:05:19,181 INFO  [it.uni.reti2.HeartbeatGenerator] (executor-thread-1) 💓 [HEARTBEAT] Invio heartbeat: {"stazioneId":"stazzaDellaMadonnaTroia","stato":"ONLINE","timestamp":"2026-08-13T21:05:19.181597884Z","tipoEvento":"HEARTBEAT","bufferSize":0}
2026-08-13 23:05:29,181 INFO  [it.uni.reti2.HeartbeatGenerator] (executor-thread-1) 💓 [HEARTBEAT] Invio heartbeat: {"stazioneId":"stazzaDellaMadonnaTroia","stato":"ONLINE","timestamp":"2026-08-13T21:05:29.181721045Z","tipoEvento":"HEARTBEAT","bufferSize":0}
2026-08-13 23:05:39,181 INFO  [it.uni.reti2.HeartbeatGenerator] (executor-thread-1) 💓 [HEARTBEAT] Invio heartbeat: {"stazioneId":"stazzaDellaMadonnaTroia","stato":"ONLINE","timestamp":"2026-08-13T21:05:39.181701619Z","tipoEvento":"HEARTBEAT","bufferSize":0}
2026-08-13 23:05:49,181 INFO  [it.uni.reti2.HeartbeatGenerator] (executor-thread-1) 💓 [HEARTBEAT] Invio heartbeat: {"stazioneId":"stazzaDellaMadonnaTroia","stato":"ONLINE","timestamp":"2026-08-13T21:05:49.181465307Z","tipoEvento":"HEARTBEAT","bufferSize":0}
2026-08-13 23:05:59,181 INFO  [it.uni.reti2.HeartbeatGenerator] (executor-thread-1) 💓 [HEARTBEAT] Invio heartbeat: {"stazioneId":"stazzaDellaMadonnaTroia","stato":"ONLINE","timestamp":"2026-08-13T21:05:59.181748469Z","tipoEvento":"HEARTBEAT","bufferSize":0}
2026-08-13 23:06:09,181 INFO  [it.uni.reti2.HeartbeatGenerator] (executor-thread-1) 💓 [HEARTBEAT] Invio heartbeat: {"stazioneId":"stazzaDellaMadonnaTroia","stato":"ONLINE","timestamp":"2026-08-13T21:06:09.181374938Z","tipoEvento":"HEARTBEAT","bufferSize":0}
2026-08-13 23:06:19,181 INFO  [it.uni.reti2.HeartbeatGenerator] (executor-thread-1) 💓 [HEARTBEAT] Invio heartbeat: {"stazioneId":"stazzaDellaMadonnaTroia","stato":"ONLINE","timestamp":"2026-08-13T21:06:19.181438256Z","tipoEvento":"HEARTBEAT","bufferSize":0}
2026-08-13 23:06:29,181 INFO  [it.uni.reti2.HeartbeatGenerator] (executor-thread-1) 💓 [HEARTBEAT] Invio heartbeat: {"stazioneId":"stazzaDellaMadonnaTroia","stato":"ONLINE","timestamp":"2026-08-13T21:06:29.181248043Z","tipoEvento":"HEARTBEAT","bufferSize":0}
2026-08-13 23:06:39,181 INFO  [it.uni.reti2.HeartbeatGenerator] (executor-thread-1) 💓 [HEARTBEAT] Invio heartbeat: {"stazioneId":"stazzaDellaMadonnaTroia","stato":"ONLINE","timestamp":"2026-08-13T21:06:39.181562198Z","tipoEvento":"HEARTBEAT","bufferSize":0}
2026-08-13 23:06:49,181 INFO  [it.uni.reti2.HeartbeatGenerator] (executor-thread-1) 💓 [HEARTBEAT] Invio heartbeat: {"stazioneId":"stazzaDellaMadonnaTroia","stato":"ONLINE","timestamp":"2026-08-13T21:06:49.181657328Z","tipoEvento":"HEARTBEAT","bufferSize":0}
2026-08-13 23:06:59,181 INFO  [it.uni.reti2.HeartbeatGenerator] (executor-thread-1) 💓 [HEARTBEAT] Invio heartbeat: {"stazioneId":"stazzaDellaMadonnaTroia","stato":"ONLINE","timestamp":"2026-08-13T21:06:59.181502309Z","tipoEvento":"HEARTBEAT","bufferSize":0}
2026-08-13 23:07:09,071 INFO  [it.uni.reti2.StationGateway] (vert.x-eventloop-thread-3) 🚂 [PASSAGGIO] Treno tenoAmmazzaRicchi in ENTRATA dalla stazione stazzaDellaMadonnaTroia
2026-08-13 23:07:09,181 INFO  [it.uni.reti2.HeartbeatGenerator] (executor-thread-1) 💓 [HEARTBEAT] Invio heartbeat: {"stazioneId":"stazzaDellaMadonnaTroia","stato":"ONLINE","timestamp":"2026-08-13T21:07:09.181209844Z","tipoEvento":"HEARTBEAT","bufferSize":0}
2026-08-13 23:07:19,181 INFO  [it.uni.reti2.HeartbeatGenerator] (executor-thread-1) 💓 [HEARTBEAT] Invio heartbeat: {"stazioneId":"stazzaDellaMadonnaTroia","stato":"ONLINE","timestamp":"2026-08-13T21:07:19.181190323Z","tipoEvento":"HEARTBEAT","bufferSize":0}
2026-08-13 23:07:29,181 INFO  [it.uni.reti2.HeartbeatGenerator] (executor-thread-1) 💓 [HEARTBEAT] Invio heartbeat: {"stazioneId":"stazzaDellaMadonnaTroia","stato":"ONLINE","timestamp":"2026-08-13T21:07:29.181746171Z","tipoEvento":"HEARTBEAT","bufferSize":0}
2026-08-13 23:07:39,181 INFO  [it.uni.reti2.HeartbeatGenerator] (executor-thread-1) 💓 [HEARTBEAT] Invio heartbeat: {"stazioneId":"stazzaDellaMadonnaTroia","stato":"ONLINE","timestamp":"2026-08-13T21:07:39.181172959Z","tipoEvento":"HEARTBEAT","bufferSize":0}
2026-08-13 23:07:49,072 INFO  [it.uni.reti2.StationGateway] (vert.x-eventloop-thread-3) 🚂 [PASSAGGIO] Treno tenoAmmazzaRicchi in USCITA dalla stazione stazzaDellaMadonnaTroia
2026-08-13 23:07:49,181 INFO  [it.uni.reti2.HeartbeatGenerator] (executor-thread-1) 💓 [HEARTBEAT] Invio heartbeat: {"stazioneId":"stazzaDellaMadonnaTroia","stato":"ONLINE","timestamp":"2026-08-13T21:07:49.181630249Z","tipoEvento":"HEARTBEAT","bufferSize":0}
2026-08-13 23:07:59,181 INFO  [it.uni.reti2.HeartbeatGenerator] (executor-thread-1) 💓 [HEARTBEAT] Invio heartbeat: {"stazioneId":"stazzaDellaMadonnaTroia","stato":"ONLINE","timestamp":"2026-08-13T21:07:59.181275409Z","tipoEvento":"HEARTBEAT","bufferSize":0}
2026-08-13 23:08:09,181 INFO  [it.uni.reti2.HeartbeatGenerator] (executor-thread-1) 💓 [HEARTBEAT] Invio heartbeat: {"stazioneId":"stazzaDellaMadonnaTroia","stato":"ONLINE","timestamp":"2026-08-13T21:08:09.181302042Z","tipoEvento":"HEARTBEAT","bufferSize":0}
2026-08-13 23:08:19,181 INFO  [it.uni.reti2.HeartbeatGenerator] (executor-thread-1) 💓 [HEARTBEAT] Invio heartbeat: {"stazioneId":"stazzaDellaMadonnaTroia","stato":"ONLINE","timestamp":"2026-08-13T21:08:19.181810399Z","tipoEvento":"HEARTBEAT","bufferSize":0}
2026-08-13 23:08:29,181 INFO  [it.uni.reti2.HeartbeatGenerator] (executor-thread-1) 💓 [HEARTBEAT] Invio heartbeat: {"stazioneId":"stazzaDellaMadonnaTroia","stato":"ONLINE","timestamp":"2026-08-13T21:08:29.181412602Z","tipoEvento":"HEARTBEAT","bufferSize":0}
2026-08-13 23:08:39,181 INFO  [it.uni.reti2.HeartbeatGenerator] (executor-thread-1) 💓 [HEARTBEAT] Invio heartbeat: {"stazioneId":"stazzaDellaMadonnaTroia","stato":"ONLINE","timestamp":"2026-08-13T21:08:39.181690790Z","tipoEvento":"HEARTBEAT","bufferSize":0}
2026-08-13 23:08:49,181 INFO  [it.uni.reti2.HeartbeatGenerator] (executor-thread-1) 💓 [HEARTBEAT] Invio heartbeat: {"stazioneId":"stazzaDellaMadonnaTroia","stato":"ONLINE","timestamp":"2026-08-13T21:08:49.181694241Z","tipoEvento":"HEARTBEAT","bufferSize":0}
2026-08-13 23:08:59,181 INFO  [it.uni.reti2.HeartbeatGenerator] (executor-thread-1) 💓 [HEARTBEAT] Invio heartbeat: {"stazioneId":"stazzaDellaMadonnaTroia","stato":"ONLINE","timestamp":"2026-08-13T21:08:59.181718471Z","tipoEvento":"HEARTBEAT","bufferSize":0}
2026-08-13 23:09:09,181 INFO  [it.uni.reti2.HeartbeatGenerator] (executor-thread-1) 💓 [HEARTBEAT] Invio heartbeat: {"stazioneId":"stazzaDellaMadonnaTroia","stato":"ONLINE","timestamp":"2026-08-13T21:09:09.181363009Z","tipoEvento":"HEARTBEAT","bufferSize":0}
2026-08-13 23:09:19,181 INFO  [it.uni.reti2.HeartbeatGenerator] (executor-thread-1) 💓 [HEARTBEAT] Invio heartbeat: {"stazioneId":"stazzaDellaMadonnaTroia","stato":"ONLINE","timestamp":"2026-08-13T21:09:19.181631876Z","tipoEvento":"HEARTBEAT","bufferSize":0}
2026-08-13 23:09:29,181 INFO  [it.uni.reti2.HeartbeatGenerator] (executor-thread-1) 💓 [HEARTBEAT] Invio heartbeat: {"stazioneId":"stazzaDellaMadonnaTroia","stato":"ONLINE","timestamp":"2026-08-13T21:09:29.181693967Z","tipoEvento":"HEARTBEAT","bufferSize":0}
2026-08-13 23:09:39,181 INFO  [it.uni.reti2.HeartbeatGenerator] (executor-thread-1) 💓 [HEARTBEAT] Invio heartbeat: {"stazioneId":"stazzaDellaMadonnaTroia","stato":"ONLINE","timestamp":"2026-08-13T21:09:39.181616930Z","tipoEvento":"HEARTBEAT","bufferSize":0}
2026-08-13 23:09:49,181 INFO  [it.uni.reti2.HeartbeatGenerator] (executor-thread-1) 💓 [HEARTBEAT] Invio heartbeat: {"stazioneId":"stazzaDellaMadonnaTroia","stato":"ONLINE","timestamp":"2026-08-13T21:09:49.181493304Z","tipoEvento":"HEARTBEAT","bufferSize":0}
2026-08-13 23:09:59,181 INFO  [it.uni.reti2.HeartbeatGenerator] (executor-thread-1) 💓 [HEARTBEAT] Invio heartbeat: {"stazioneId":"stazzaDellaMadonnaTroia","stato":"ONLINE","timestamp":"2026-08-13T21:09:59.181371170Z","tipoEvento":"HEARTBEAT","bufferSize":0}
2026-08-13 23:10:09,181 INFO  [it.uni.reti2.HeartbeatGenerator] (executor-thread-1) 💓 [HEARTBEAT] Invio heartbeat: {"stazioneId":"stazzaDellaMadonnaTroia","stato":"ONLINE","timestamp":"2026-08-13T21:10:09.181364049Z","tipoEvento":"HEARTBEAT","bufferSize":0}
2026-08-13 23:10:19,181 INFO  [it.uni.reti2.HeartbeatGenerator] (executor-thread-1) 💓 [HEARTBEAT] Invio heartbeat: {"stazioneId":"stazzaDellaMadonnaTroia","stato":"ONLINE","timestamp":"2026-08-13T21:10:19.181314518Z","tipoEvento":"HEARTBEAT","bufferSize":0}
2026-08-13 23:10:29,181 INFO  [it.uni.reti2.HeartbeatGenerator] (executor-thread-1) 💓 [HEARTBEAT] Invio heartbeat: {"stazioneId":"stazzaDellaMadonnaTroia","stato":"ONLINE","timestamp":"2026-08-13T21:10:29.181320744Z","tipoEvento":"HEARTBEAT","bufferSize":0}
2026-08-13 23:10:39,181 INFO  [it.uni.reti2.HeartbeatGenerator] (executor-thread-1) 💓 [HEARTBEAT] Invio heartbeat: {"stazioneId":"stazzaDellaMadonnaTroia","stato":"ONLINE","timestamp":"2026-08-13T21:10:39.181300493Z","tipoEvento":"HEARTBEAT","bufferSize":0}
2026-08-13 23:10:49,181 INFO  [it.uni.reti2.HeartbeatGenerator] (executor-thread-1) 💓 [HEARTBEAT] Invio heartbeat: {"stazioneId":"stazzaDellaMadonnaTroia","stato":"ONLINE","timestamp":"2026-08-13T21:10:49.181365470Z","tipoEvento":"HEARTBEAT","bufferSize":0}
2026-08-13 23:10:59,181 INFO  [it.uni.reti2.HeartbeatGenerator] (executor-thread-1) 💓 [HEARTBEAT] Invio heartbeat: {"stazioneId":"stazzaDellaMadonnaTroia","stato":"ONLINE","timestamp":"2026-08-13T21:10:59.181479756Z","tipoEvento":"HEARTBEAT","bufferSize":0}
2026-08-13 23:11:09,181 INFO  [it.uni.reti2.HeartbeatGenerator] (executor-thread-1) 💓 [HEARTBEAT] Invio heartbeat: {"stazioneId":"stazzaDellaMadonnaTroia","stato":"ONLINE","timestamp":"2026-08-13T21:11:09.181478150Z","tipoEvento":"HEARTBEAT","bufferSize":0}
2026-08-13 23:11:19,181 INFO  [it.uni.reti2.HeartbeatGenerator] (executor-thread-1) 💓 [HEARTBEAT] Invio heartbeat: {"stazioneId":"stazzaDellaMadonnaTroia","stato":"ONLINE","timestamp":"2026-08-13T21:11:19.181314073Z","tipoEvento":"HEARTBEAT","bufferSize":0}
2026-08-13 23:11:29,181 INFO  [it.uni.reti2.HeartbeatGenerator] (executor-thread-1) 💓 [HEARTBEAT] Invio heartbeat: {"stazioneId":"stazzaDellaMadonnaTroia","stato":"ONLINE","timestamp":"2026-08-13T21:11:29.181348635Z","tipoEvento":"HEARTBEAT","bufferSize":0}
2026-08-13 23:11:39,181 INFO  [it.uni.reti2.HeartbeatGenerator] (executor-thread-1) 💓 [HEARTBEAT] Invio heartbeat: {"stazioneId":"stazzaDellaMadonnaTroia","stato":"ONLINE","timestamp":"2026-08-13T21:11:39.181277995Z","tipoEvento":"HEARTBEAT","bufferSize":0}
2026-08-13 23:11:49,181 INFO  [it.uni.reti2.HeartbeatGenerator] (executor-thread-1) 💓 [HEARTBEAT] Invio heartbeat: {"stazioneId":"stazzaDellaMadonnaTroia","stato":"ONLINE","timestamp":"2026-08-13T21:11:49.181307369Z","tipoEvento":"HEARTBEAT","bufferSize":0}
2026-08-13 23:11:59,181 INFO  [it.uni.reti2.HeartbeatGenerator] (executor-thread-1) 💓 [HEARTBEAT] Invio heartbeat: {"stazioneId":"stazzaDellaMadonnaTroia","stato":"ONLINE","timestamp":"2026-08-13T21:11:59.181217841Z","tipoEvento":"HEARTBEAT","bufferSize":0}
2026-08-13 23:12:09,181 INFO  [it.uni.reti2.HeartbeatGenerator] (executor-thread-1) 💓 [HEARTBEAT] Invio heartbeat: {"stazioneId":"stazzaDellaMadonnaTroia","stato":"ONLINE","timestamp":"2026-08-13T21:12:09.181297703Z","tipoEvento":"HEARTBEAT","bufferSize":0}
2026-08-13 23:12:19,181 INFO  [it.uni.reti2.HeartbeatGenerator] (executor-thread-1) 💓 [HEARTBEAT] Invio heartbeat: {"stazioneId":"stazzaDellaMadonnaTroia","stato":"ONLINE","timestamp":"2026-08-13T21:12:19.181294888Z","tipoEvento":"HEARTBEAT","bufferSize":0}
2026-08-13 23:12:29,181 INFO  [it.uni.reti2.HeartbeatGenerator] (executor-thread-1) 💓 [HEARTBEAT] Invio heartbeat: {"stazioneId":"stazzaDellaMadonnaTroia","stato":"ONLINE","timestamp":"2026-08-13T21:12:29.181518543Z","tipoEvento":"HEARTBEAT","bufferSize":0}
2026-08-13 23:12:39,181 INFO  [it.uni.reti2.HeartbeatGenerator] (executor-thread-1) 💓 [HEARTBEAT] Invio heartbeat: {"stazioneId":"stazzaDellaMadonnaTroia","stato":"ONLINE","timestamp":"2026-08-13T21:12:39.181342960Z","tipoEvento":"HEARTBEAT","bufferSize":0}
2026-08-13 23:12:49,181 INFO  [it.uni.reti2.HeartbeatGenerator] (executor-thread-1) 💓 [HEARTBEAT] Invio heartbeat: {"stazioneId":"stazzaDellaMadonnaTroia","stato":"ONLINE","timestamp":"2026-08-13T21:12:49.181322475Z","tipoEvento":"HEARTBEAT","bufferSize":0}
2026-08-13 23:12:59,181 INFO  [it.uni.reti2.HeartbeatGenerator] (executor-thread-1) 💓 [HEARTBEAT] Invio heartbeat: {"stazioneId":"stazzaDellaMadonnaTroia","stato":"ONLINE","timestamp":"2026-08-13T21:12:59.181316270Z","tipoEvento":"HEARTBEAT","bufferSize":0}
2026-08-13 23:13:09,181 INFO  [it.uni.reti2.HeartbeatGenerator] (executor-thread-1) 💓 [HEARTBEAT] Invio heartbeat: {"stazioneId":"stazzaDellaMadonnaTroia","stato":"ONLINE","timestamp":"2026-08-13T21:13:09.181320369Z","tipoEvento":"HEARTBEAT","bufferSize":0}
2026-08-13 23:13:19,181 INFO  [it.uni.reti2.HeartbeatGenerator] (executor-thread-1) 💓 [HEARTBEAT] Invio heartbeat: {"stazioneId":"stazzaDellaMadonnaTroia","stato":"ONLINE","timestamp":"2026-08-13T21:13:19.181550722Z","tipoEvento":"HEARTBEAT","bufferSize":0}
2026-08-13 23:13:29,181 INFO  [it.uni.reti2.HeartbeatGenerator] (executor-thread-1) 💓 [HEARTBEAT] Invio heartbeat: {"stazioneId":"stazzaDellaMadonnaTroia","stato":"ONLINE","timestamp":"2026-08-13T21:13:29.181304867Z","tipoEvento":"HEARTBEAT","bufferSize":0}
2026-08-13 23:13:39,181 INFO  [it.uni.reti2.HeartbeatGenerator] (executor-thread-1) 💓 [HEARTBEAT] Invio heartbeat: {"stazioneId":"stazzaDellaMadonnaTroia","stato":"ONLINE","timestamp":"2026-08-13T21:13:39.181356233Z","tipoEvento":"HEARTBEAT","bufferSize":0}
2026-08-13 23:13:49,181 INFO  [it.uni.reti2.HeartbeatGenerator] (executor-thread-1) 💓 [HEARTBEAT] Invio heartbeat: {"stazioneId":"stazzaDellaMadonnaTroia","stato":"ONLINE","timestamp":"2026-08-13T21:13:49.181497144Z","tipoEvento":"HEARTBEAT","bufferSize":0}
2026-08-13 23:13:59,181 INFO  [it.uni.reti2.HeartbeatGenerator] (executor-thread-1) 💓 [HEARTBEAT] Invio heartbeat: {"stazioneId":"stazzaDellaMadonnaTroia","stato":"ONLINE","timestamp":"2026-08-13T21:13:59.181487599Z","tipoEvento":"HEARTBEAT","bufferSize":0}
2026-08-13 23:14:09,181 INFO  [it.uni.reti2.HeartbeatGenerator] (executor-thread-1) 💓 [HEARTBEAT] Invio heartbeat: {"stazioneId":"stazzaDellaMadonnaTroia","stato":"ONLINE","timestamp":"2026-08-13T21:14:09.181315311Z","tipoEvento":"HEARTBEAT","bufferSize":0}
2026-08-13 23:14:19,181 INFO  [it.uni.reti2.HeartbeatGenerator] (executor-thread-1) 💓 [HEARTBEAT] Invio heartbeat: {"stazioneId":"stazzaDellaMadonnaTroia","stato":"ONLINE","timestamp":"2026-08-13T21:14:19.181368393Z","tipoEvento":"HEARTBEAT","bufferSize":0}
2026-08-13 23:14:29,181 INFO  [it.uni.reti2.HeartbeatGenerator] (executor-thread-1) 💓 [HEARTBEAT] Invio heartbeat: {"stazioneId":"stazzaDellaMadonnaTroia","stato":"ONLINE","timestamp":"2026-08-13T21:14:29.181375114Z","tipoEvento":"HEARTBEAT","bufferSize":0}
2026-08-13 23:14:39,181 INFO  [it.uni.reti2.HeartbeatGenerator] (executor-thread-1) 💓 [HEARTBEAT] Invio heartbeat: {"stazioneId":"stazzaDellaMadonnaTroia","stato":"ONLINE","timestamp":"2026-08-13T21:14:39.181236730Z","tipoEvento":"HEARTBEAT","bufferSize":0}
2026-08-13 23:14:49,181 INFO  [it.uni.reti2.HeartbeatGenerator] (executor-thread-1) 💓 [HEARTBEAT] Invio heartbeat: {"stazioneId":"stazzaDellaMadonnaTroia","stato":"ONLINE","timestamp":"2026-08-13T21:14:49.181567137Z","tipoEvento":"HEARTBEAT","bufferSize":0}
2026-08-13 23:14:56,071 INFO  [it.uni.reti2.StationGateway] (vert.x-eventloop-thread-3) 🚂 [PASSAGGIO] Treno Mario in ENTRATA dalla stazione stazzaDellaMadonnaTroia
2026-08-13 23:14:59,181 INFO  [it.uni.reti2.HeartbeatGenerator] (executor-thread-1) 💓 [HEARTBEAT] Invio heartbeat: {"stazioneId":"stazzaDellaMadonnaTroia","stato":"ONLINE","timestamp":"2026-08-13T21:14:59.181231893Z","tipoEvento":"HEARTBEAT","bufferSize":0}
2026-08-13 23:15:09,181 INFO  [it.uni.reti2.HeartbeatGenerator] (executor-thread-1) 💓 [HEARTBEAT] Invio heartbeat: {"stazioneId":"stazzaDellaMadonnaTroia","stato":"ONLINE","timestamp":"2026-08-13T21:15:09.181398584Z","tipoEvento":"HEARTBEAT","bufferSize":0}
2026-08-13 23:15:16,071 INFO  [it.uni.reti2.StationGateway] (vert.x-eventloop-thread-3) 🚂 [PASSAGGIO] Treno Mario in USCITA dalla stazione stazzaDellaMadonnaTroia
2026-08-13 23:15:19,181 INFO  [it.uni.reti2.HeartbeatGenerator] (executor-thread-1) 💓 [HEARTBEAT] Invio heartbeat: {"stazioneId":"stazzaDellaMadonnaTroia","stato":"ONLINE","timestamp":"2026-08-13T21:15:19.181281693Z","tipoEvento":"HEARTBEAT","bufferSize":0}
2026-08-13 23:15:29,181 INFO  [it.uni.reti2.HeartbeatGenerator] (executor-thread-1) 💓 [HEARTBEAT] Invio heartbeat: {"stazioneId":"stazzaDellaMadonnaTroia","stato":"ONLINE","timestamp":"2026-08-13T21:15:29.181236447Z","tipoEvento":"HEARTBEAT","bufferSize":0}
2026-08-13 23:15:39,181 INFO  [it.uni.reti2.HeartbeatGenerator] (executor-thread-1) 💓 [HEARTBEAT] Invio heartbeat: {"stazioneId":"stazzaDellaMadonnaTroia","stato":"ONLINE","timestamp":"2026-08-13T21:15:39.181231162Z","tipoEvento":"HEARTBEAT","bufferSize":0}
2026-08-13 23:15:49,181 INFO  [it.uni.reti2.HeartbeatGenerator] (executor-thread-1) 💓 [HEARTBEAT] Invio heartbeat: {"stazioneId":"stazzaDellaMadonnaTroia","stato":"ONLINE","timestamp":"2026-08-13T21:15:49.181285024Z","tipoEvento":"HEARTBEAT","bufferSize":0}
2026-08-13 23:15:59,181 INFO  [it.uni.reti2.HeartbeatGenerator] (executor-thread-1) 💓 [HEARTBEAT] Invio heartbeat: {"stazioneId":"stazzaDellaMadonnaTroia","stato":"ONLINE","timestamp":"2026-08-13T21:15:59.181282927Z","tipoEvento":"HEARTBEAT","bufferSize":0}
2026-08-13 23:16:09,181 INFO  [it.uni.reti2.HeartbeatGenerator] (executor-thread-1) 💓 [HEARTBEAT] Invio heartbeat: {"stazioneId":"stazzaDellaMadonnaTroia","stato":"ONLINE","timestamp":"2026-08-13T21:16:09.181364816Z","tipoEvento":"HEARTBEAT","bufferSize":0}
2026-08-13 23:16:19,181 INFO  [it.uni.reti2.HeartbeatGenerator] (executor-thread-1) 💓 [HEARTBEAT] Invio heartbeat: {"stazioneId":"stazzaDellaMadonnaTroia","stato":"ONLINE","timestamp":"2026-08-13T21:16:19.181294559Z","tipoEvento":"HEARTBEAT","bufferSize":0}
2026-08-13 23:16:29,181 INFO  [it.uni.reti2.HeartbeatGenerator] (executor-thread-1) 💓 [HEARTBEAT] Invio heartbeat: {"stazioneId":"stazzaDellaMadonnaTroia","stato":"ONLINE","timestamp":"2026-08-13T21:16:29.181164004Z","tipoEvento":"HEARTBEAT","bufferSize":0}
2026-08-13 23:16:39,181 INFO  [it.uni.reti2.HeartbeatGenerator] (executor-thread-1) 💓 [HEARTBEAT] Invio heartbeat: {"stazioneId":"stazzaDellaMadonnaTroia","stato":"ONLINE","timestamp":"2026-08-13T21:16:39.181173158Z","tipoEvento":"HEARTBEAT","bufferSize":0}
2026-08-13 23:16:49,181 INFO  [it.uni.reti2.HeartbeatGenerator] (executor-thread-1) 💓 [HEARTBEAT] Invio heartbeat: {"stazioneId":"stazzaDellaMadonnaTroia","stato":"ONLINE","timestamp":"2026-08-13T21:16:49.181582789Z","tipoEvento":"HEARTBEAT","bufferSize":0}
2026-08-13 23:16:59,181 INFO  [it.uni.reti2.HeartbeatGenerator] (executor-thread-1) 💓 [HEARTBEAT] Invio heartbeat: {"stazioneId":"stazzaDellaMadonnaTroia","stato":"ONLINE","timestamp":"2026-08-13T21:16:59.181418312Z","tipoEvento":"HEARTBEAT","bufferSize":0}
2026-08-13 23:17:09,181 INFO  [it.uni.reti2.HeartbeatGenerator] (executor-thread-1) 💓 [HEARTBEAT] Invio heartbeat: {"stazioneId":"stazzaDellaMadonnaTroia","stato":"ONLINE","timestamp":"2026-08-13T21:17:09.181218104Z","tipoEvento":"HEARTBEAT","bufferSize":0}
2026-08-13 23:17:19,181 INFO  [it.uni.reti2.HeartbeatGenerator] (executor-thread-1) 💓 [HEARTBEAT] Invio heartbeat: {"stazioneId":"stazzaDellaMadonnaTroia","stato":"ONLINE","timestamp":"2026-08-13T21:17:19.181323477Z","tipoEvento":"HEARTBEAT","bufferSize":0}
2026-08-13 23:17:29,181 INFO  [it.uni.reti2.HeartbeatGenerator] (executor-thread-1) 💓 [HEARTBEAT] Invio heartbeat: {"stazioneId":"stazzaDellaMadonnaTroia","stato":"ONLINE","timestamp":"2026-08-13T21:17:29.181774496Z","tipoEvento":"HEARTBEAT","bufferSize":0}
2026-08-13 23:17:39,181 INFO  [it.uni.reti2.HeartbeatGenerator] (executor-thread-1) 💓 [HEARTBEAT] Invio heartbeat: {"stazioneId":"stazzaDellaMadonnaTroia","stato":"ONLINE","timestamp":"2026-08-13T21:17:39.181446819Z","tipoEvento":"HEARTBEAT","bufferSize":0}
2026-08-13 23:17:49,181 INFO  [it.uni.reti2.HeartbeatGenerator] (executor-thread-1) 💓 [HEARTBEAT] Invio heartbeat: {"stazioneId":"stazzaDellaMadonnaTroia","stato":"ONLINE","timestamp":"2026-08-13T21:17:49.181296406Z","tipoEvento":"HEARTBEAT","bufferSize":0}
2026-08-13 23:17:59,181 INFO  [it.uni.reti2.HeartbeatGenerator] (executor-thread-1) 💓 [HEARTBEAT] Invio heartbeat: {"stazioneId":"stazzaDellaMadonnaTroia","stato":"ONLINE","timestamp":"2026-08-13T21:17:59.181423097Z","tipoEvento":"HEARTBEAT","bufferSize":0}
2026-08-13 23:18:09,181 INFO  [it.uni.reti2.HeartbeatGenerator] (executor-thread-1) 💓 [HEARTBEAT] Invio heartbeat: {"stazioneId":"stazzaDellaMadonnaTroia","stato":"ONLINE","timestamp":"2026-08-13T21:18:09.181348688Z","tipoEvento":"HEARTBEAT","bufferSize":0}
2026-08-13 23:18:19,181 INFO  [it.uni.reti2.HeartbeatGenerator] (executor-thread-1) 💓 [HEARTBEAT] Invio heartbeat: {"stazioneId":"stazzaDellaMadonnaTroia","stato":"ONLINE","timestamp":"2026-08-13T21:18:19.181310362Z","tipoEvento":"HEARTBEAT","bufferSize":0}
2026-08-13 23:18:29,181 INFO  [it.uni.reti2.HeartbeatGenerator] (executor-thread-1) 💓 [HEARTBEAT] Invio heartbeat: {"stazioneId":"stazzaDellaMadonnaTroia","stato":"ONLINE","timestamp":"2026-08-13T21:18:29.181336877Z","tipoEvento":"HEARTBEAT","bufferSize":0}
2026-08-13 23:18:39,181 INFO  [it.uni.reti2.HeartbeatGenerator] (executor-thread-1) 💓 [HEARTBEAT] Invio heartbeat: {"stazioneId":"stazzaDellaMadonnaTroia","stato":"ONLINE","timestamp":"2026-08-13T21:18:39.181538524Z","tipoEvento":"HEARTBEAT","bufferSize":0}
2026-08-13 23:18:49,181 INFO  [it.uni.reti2.HeartbeatGenerator] (executor-thread-1) 💓 [HEARTBEAT] Invio heartbeat: {"stazioneId":"stazzaDellaMadonnaTroia","stato":"ONLINE","timestamp":"2026-08-13T21:18:49.181294958Z","tipoEvento":"HEARTBEAT","bufferSize":0}
2026-08-13 23:18:57,072 INFO  [it.uni.reti2.StationGateway] (vert.x-eventloop-thread-3) 🚂 [PASSAGGIO] Treno tenoAmmazzaRicchi in ENTRATA dalla stazione stazzaDellaMadonnaTroia
2026-08-13 23:18:59,071 INFO  [it.uni.reti2.StationGateway] (vert.x-eventloop-thread-3) 🚂 [PASSAGGIO] Treno Mario in ENTRATA dalla stazione stazzaDellaMadonnaTroia
2026-08-13 23:18:59,181 INFO  [it.uni.reti2.HeartbeatGenerator] (executor-thread-1) 💓 [HEARTBEAT] Invio heartbeat: {"stazioneId":"stazzaDellaMadonnaTroia","stato":"ONLINE","timestamp":"2026-08-13T21:18:59.181235385Z","tipoEvento":"HEARTBEAT","bufferSize":0}
2026-08-13 23:19:09,181 INFO  [it.uni.reti2.HeartbeatGenerator] (executor-thread-1) 💓 [HEARTBEAT] Invio heartbeat: {"stazioneId":"stazzaDellaMadonnaTroia","stato":"ONLINE","timestamp":"2026-08-13T21:19:09.181317238Z","tipoEvento":"HEARTBEAT","bufferSize":0}
2026-08-13 23:19:19,181 INFO  [it.uni.reti2.HeartbeatGenerator] (executor-thread-1) 💓 [HEARTBEAT] Invio heartbeat: {"stazioneId":"stazzaDellaMadonnaTroia","stato":"ONLINE","timestamp":"2026-08-13T21:19:19.181210610Z","tipoEvento":"HEARTBEAT","bufferSize":0}
2026-08-13 23:19:20,071 INFO  [it.uni.reti2.StationGateway] (vert.x-eventloop-thread-3) 🚂 [PASSAGGIO] Treno Mario in USCITA dalla stazione stazzaDellaMadonnaTroia
2026-08-13 23:19:29,181 INFO  [it.uni.reti2.HeartbeatGenerator] (executor-thread-1) 💓 [HEARTBEAT] Invio heartbeat: {"stazioneId":"stazzaDellaMadonnaTroia","stato":"ONLINE","timestamp":"2026-08-13T21:19:29.181283326Z","tipoEvento":"HEARTBEAT","bufferSize":0}
2026-08-13 23:19:37,072 INFO  [it.uni.reti2.StationGateway] (vert.x-eventloop-thread-3) 🚂 [PASSAGGIO] Treno tenoAmmazzaRicchi in USCITA dalla stazione stazzaDellaMadonnaTroia
2026-08-13 23:19:39,181 INFO  [it.uni.reti2.HeartbeatGenerator] (executor-thread-1) 💓 [HEARTBEAT] Invio heartbeat: {"stazioneId":"stazzaDellaMadonnaTroia","stato":"ONLINE","timestamp":"2026-08-13T21:19:39.181169558Z","tipoEvento":"HEARTBEAT","bufferSize":0}
2026-08-13 23:19:49,181 INFO  [it.uni.reti2.HeartbeatGenerator] (executor-thread-1) 💓 [HEARTBEAT] Invio heartbeat: {"stazioneId":"stazzaDellaMadonnaTroia","stato":"ONLINE","timestamp":"2026-08-13T21:19:49.181268824Z","tipoEvento":"HEARTBEAT","bufferSize":0}
2026-08-13 23:19:59,181 INFO  [it.uni.reti2.HeartbeatGenerator] (executor-thread-1) 💓 [HEARTBEAT] Invio heartbeat: {"stazioneId":"stazzaDellaMadonnaTroia","stato":"ONLINE","timestamp":"2026-08-13T21:19:59.181334775Z","tipoEvento":"HEARTBEAT","bufferSize":0}
2026-08-13 23:20:09,181 INFO  [it.uni.reti2.HeartbeatGenerator] (executor-thread-1) 💓 [HEARTBEAT] Invio heartbeat: {"stazioneId":"stazzaDellaMadonnaTroia","stato":"ONLINE","timestamp":"2026-08-13T21:20:09.181320933Z","tipoEvento":"HEARTBEAT","bufferSize":0}
2026-08-13 23:20:19,181 INFO  [it.uni.reti2.HeartbeatGenerator] (executor-thread-1) 💓 [HEARTBEAT] Invio heartbeat: {"stazioneId":"stazzaDellaMadonnaTroia","stato":"ONLINE","timestamp":"2026-08-13T21:20:19.181588393Z","tipoEvento":"HEARTBEAT","bufferSize":0}
2026-08-13 23:20:29,181 INFO  [it.uni.reti2.HeartbeatGenerator] (executor-thread-1) 💓 [HEARTBEAT] Invio heartbeat: {"stazioneId":"stazzaDellaMadonnaTroia","stato":"ONLINE","timestamp":"2026-08-13T21:20:29.181756483Z","tipoEvento":"HEARTBEAT","bufferSize":0}
2026-08-13 23:20:39,181 INFO  [it.uni.reti2.HeartbeatGenerator] (executor-thread-1) 💓 [HEARTBEAT] Invio heartbeat: {"stazioneId":"stazzaDellaMadonnaTroia","stato":"ONLINE","timestamp":"2026-08-13T21:20:39.181681778Z","tipoEvento":"HEARTBEAT","bufferSize":0}
2026-08-13 23:20:49,181 INFO  [it.uni.reti2.HeartbeatGenerator] (executor-thread-1) 💓 [HEARTBEAT] Invio heartbeat: {"stazioneId":"stazzaDellaMadonnaTroia","stato":"ONLINE","timestamp":"2026-08-13T21:20:49.181179553Z","tipoEvento":"HEARTBEAT","bufferSize":0}
2026-08-13 23:20:59,181 INFO  [it.uni.reti2.HeartbeatGenerator] (executor-thread-1) 💓 [HEARTBEAT] Invio heartbeat: {"stazioneId":"stazzaDellaMadonnaTroia","stato":"ONLINE","timestamp":"2026-08-13T21:20:59.181302893Z","tipoEvento":"HEARTBEAT","bufferSize":0}
2026-08-13 23:21:09,181 INFO  [it.uni.reti2.HeartbeatGenerator] (executor-thread-1) 💓 [HEARTBEAT] Invio heartbeat: {"stazioneId":"stazzaDellaMadonnaTroia","stato":"ONLINE","timestamp":"2026-08-13T21:21:09.181193526Z","tipoEvento":"HEARTBEAT","bufferSize":0}
2026-08-13 23:21:19,181 INFO  [it.uni.reti2.HeartbeatGenerator] (executor-thread-1) 💓 [HEARTBEAT] Invio heartbeat: {"stazioneId":"stazzaDellaMadonnaTroia","stato":"ONLINE","timestamp":"2026-08-13T21:21:19.181183451Z","tipoEvento":"HEARTBEAT","bufferSize":0}
2026-08-13 23:21:29,181 INFO  [it.uni.reti2.HeartbeatGenerator] (executor-thread-1) 💓 [HEARTBEAT] Invio heartbeat: {"stazioneId":"stazzaDellaMadonnaTroia","stato":"ONLINE","timestamp":"2026-08-13T21:21:29.181295526Z","tipoEvento":"HEARTBEAT","bufferSize":0}
2026-08-13 23:21:39,181 INFO  [it.uni.reti2.HeartbeatGenerator] (executor-thread-1) 💓 [HEARTBEAT] Invio heartbeat: {"stazioneId":"stazzaDellaMadonnaTroia","stato":"ONLINE","timestamp":"2026-08-13T21:21:39.181195136Z","tipoEvento":"HEARTBEAT","bufferSize":0}
2026-08-13 23:21:49,181 INFO  [it.uni.reti2.HeartbeatGenerator] (executor-thread-1) 💓 [HEARTBEAT] Invio heartbeat: {"stazioneId":"stazzaDellaMadonnaTroia","stato":"ONLINE","timestamp":"2026-08-13T21:21:49.181291620Z","tipoEvento":"HEARTBEAT","bufferSize":0}
2026-08-13 23:21:59,181 INFO  [it.uni.reti2.HeartbeatGenerator] (executor-thread-1) 💓 [HEARTBEAT] Invio heartbeat: {"stazioneId":"stazzaDellaMadonnaTroia","stato":"ONLINE","timestamp":"2026-08-13T21:21:59.181703293Z","tipoEvento":"HEARTBEAT","bufferSize":0}
2026-08-13 23:22:09,181 INFO  [it.uni.reti2.HeartbeatGenerator] (executor-thread-1) 💓 [HEARTBEAT] Invio heartbeat: {"stazioneId":"stazzaDellaMadonnaTroia","stato":"ONLINE","timestamp":"2026-08-13T21:22:09.181483959Z","tipoEvento":"HEARTBEAT","bufferSize":0}
2026-08-13 23:22:19,181 INFO  [it.uni.reti2.HeartbeatGenerator] (executor-thread-1) 💓 [HEARTBEAT] Invio heartbeat: {"stazioneId":"stazzaDellaMadonnaTroia","stato":"ONLINE","timestamp":"2026-08-13T21:22:19.181210889Z","tipoEvento":"HEARTBEAT","bufferSize":0}
2026-08-13 23:22:29,181 INFO  [it.uni.reti2.HeartbeatGenerator] (executor-thread-1) 💓 [HEARTBEAT] Invio heartbeat: {"stazioneId":"stazzaDellaMadonnaTroia","stato":"ONLINE","timestamp":"2026-08-13T21:22:29.181276530Z","tipoEvento":"HEARTBEAT","bufferSize":0}
2026-08-13 23:22:39,181 INFO  [it.uni.reti2.HeartbeatGenerator] (executor-thread-1) 💓 [HEARTBEAT] Invio heartbeat: {"stazioneId":"stazzaDellaMadonnaTroia","stato":"ONLINE","timestamp":"2026-08-13T21:22:39.181214371Z","tipoEvento":"HEARTBEAT","bufferSize":0}
2026-08-13 23:22:49,181 INFO  [it.uni.reti2.HeartbeatGenerator] (executor-thread-1) 💓 [HEARTBEAT] Invio heartbeat: {"stazioneId":"stazzaDellaMadonnaTroia","stato":"ONLINE","timestamp":"2026-08-13T21:22:49.181279188Z","tipoEvento":"HEARTBEAT","bufferSize":0}
2026-08-13 23:22:59,181 INFO  [it.uni.reti2.HeartbeatGenerator] (executor-thread-1) 💓 [HEARTBEAT] Invio heartbeat: {"stazioneId":"stazzaDellaMadonnaTroia","stato":"ONLINE","timestamp":"2026-08-13T21:22:59.181254287Z","tipoEvento":"HEARTBEAT","bufferSize":0}
2026-08-13 23:23:09,181 INFO  [it.uni.reti2.HeartbeatGenerator] (executor-thread-1) 💓 [HEARTBEAT] Invio heartbeat: {"stazioneId":"stazzaDellaMadonnaTroia","stato":"ONLINE","timestamp":"2026-08-13T21:23:09.181526121Z","tipoEvento":"HEARTBEAT","bufferSize":0}
2026-08-13 23:23:19,181 INFO  [it.uni.reti2.HeartbeatGenerator] (executor-thread-1) 💓 [HEARTBEAT] Invio heartbeat: {"stazioneId":"stazzaDellaMadonnaTroia","stato":"ONLINE","timestamp":"2026-08-13T21:23:19.181630166Z","tipoEvento":"HEARTBEAT","bufferSize":0}
2026-08-13 23:23:29,181 INFO  [it.uni.reti2.HeartbeatGenerator] (executor-thread-1) 💓 [HEARTBEAT] Invio heartbeat: {"stazioneId":"stazzaDellaMadonnaTroia","stato":"ONLINE","timestamp":"2026-08-13T21:23:29.181289925Z","tipoEvento":"HEARTBEAT","bufferSize":0}
2026-08-13 23:23:39,181 INFO  [it.uni.reti2.HeartbeatGenerator] (executor-thread-1) 💓 [HEARTBEAT] Invio heartbeat: {"stazioneId":"stazzaDellaMadonnaTroia","stato":"ONLINE","timestamp":"2026-08-13T21:23:39.181225499Z","tipoEvento":"HEARTBEAT","bufferSize":0}
2026-08-13 23:23:49,181 INFO  [it.uni.reti2.HeartbeatGenerator] (executor-thread-1) 💓 [HEARTBEAT] Invio heartbeat: {"stazioneId":"stazzaDellaMadonnaTroia","stato":"ONLINE","timestamp":"2026-08-13T21:23:49.181387949Z","tipoEvento":"HEARTBEAT","bufferSize":0}
2026-08-13 23:23:59,181 INFO  [it.uni.reti2.HeartbeatGenerator] (executor-thread-1) 💓 [HEARTBEAT] Invio heartbeat: {"stazioneId":"stazzaDellaMadonnaTroia","stato":"ONLINE","timestamp":"2026-08-13T21:23:59.181341831Z","tipoEvento":"HEARTBEAT","bufferSize":0}
2026-08-13 23:24:09,181 INFO  [it.uni.reti2.HeartbeatGenerator] (executor-thread-1) 💓 [HEARTBEAT] Invio heartbeat: {"stazioneId":"stazzaDellaMadonnaTroia","stato":"ONLINE","timestamp":"2026-08-13T21:24:09.181249496Z","tipoEvento":"HEARTBEAT","bufferSize":0}
2026-08-13 23:24:19,181 INFO  [it.uni.reti2.HeartbeatGenerator] (executor-thread-1) 💓 [HEARTBEAT] Invio heartbeat: {"stazioneId":"stazzaDellaMadonnaTroia","stato":"ONLINE","timestamp":"2026-08-13T21:24:19.181254093Z","tipoEvento":"HEARTBEAT","bufferSize":0}
2026-08-13 23:24:29,181 INFO  [it.uni.reti2.HeartbeatGenerator] (executor-thread-1) 💓 [HEARTBEAT] Invio heartbeat: {"stazioneId":"stazzaDellaMadonnaTroia","stato":"ONLINE","timestamp":"2026-08-13T21:24:29.181199266Z","tipoEvento":"HEARTBEAT","bufferSize":0}
2026-08-13 23:24:39,181 INFO  [it.uni.reti2.HeartbeatGenerator] (executor-thread-1) 💓 [HEARTBEAT] Invio heartbeat: {"stazioneId":"stazzaDellaMadonnaTroia","stato":"ONLINE","timestamp":"2026-08-13T21:24:39.181462348Z","tipoEvento":"HEARTBEAT","bufferSize":0}
2026-08-13 23:24:49,181 INFO  [it.uni.reti2.HeartbeatGenerator] (executor-thread-1) 💓 [HEARTBEAT] Invio heartbeat: {"stazioneId":"stazzaDellaMadonnaTroia","stato":"ONLINE","timestamp":"2026-08-13T21:24:49.181488791Z","tipoEvento":"HEARTBEAT","bufferSize":0}
2026-08-13 23:24:59,181 INFO  [it.uni.reti2.HeartbeatGenerator] (executor-thread-1) 💓 [HEARTBEAT] Invio heartbeat: {"stazioneId":"stazzaDellaMadonnaTroia","stato":"ONLINE","timestamp":"2026-08-13T21:24:59.181311872Z","tipoEvento":"HEARTBEAT","bufferSize":0}
2026-08-13 23:25:09,181 INFO  [it.uni.reti2.HeartbeatGenerator] (executor-thread-1) 💓 [HEARTBEAT] Invio heartbeat: {"stazioneId":"stazzaDellaMadonnaTroia","stato":"ONLINE","timestamp":"2026-08-13T21:25:09.181205203Z","tipoEvento":"HEARTBEAT","bufferSize":0}
2026-08-13 23:25:19,181 INFO  [it.uni.reti2.HeartbeatGenerator] (executor-thread-1) 💓 [HEARTBEAT] Invio heartbeat: {"stazioneId":"stazzaDellaMadonnaTroia","stato":"ONLINE","timestamp":"2026-08-13T21:25:19.181208681Z","tipoEvento":"HEARTBEAT","bufferSize":0}
2026-08-13 23:25:29,181 INFO  [it.uni.reti2.HeartbeatGenerator] (executor-thread-1) 💓 [HEARTBEAT] Invio heartbeat: {"stazioneId":"stazzaDellaMadonnaTroia","stato":"ONLINE","timestamp":"2026-08-13T21:25:29.181494828Z","tipoEvento":"HEARTBEAT","bufferSize":0}
2026-08-13 23:25:39,181 INFO  [it.uni.reti2.HeartbeatGenerator] (executor-thread-1) 💓 [HEARTBEAT] Invio heartbeat: {"stazioneId":"stazzaDellaMadonnaTroia","stato":"ONLINE","timestamp":"2026-08-13T21:25:39.181261952Z","tipoEvento":"HEARTBEAT","bufferSize":0}
2026-08-13 23:25:49,181 INFO  [it.uni.reti2.HeartbeatGenerator] (executor-thread-1) 💓 [HEARTBEAT] Invio heartbeat: {"stazioneId":"stazzaDellaMadonnaTroia","stato":"ONLINE","timestamp":"2026-08-13T21:25:49.181202848Z","tipoEvento":"HEARTBEAT","bufferSize":0}
2026-08-13 23:25:59,181 INFO  [it.uni.reti2.HeartbeatGenerator] (executor-thread-1) 💓 [HEARTBEAT] Invio heartbeat: {"stazioneId":"stazzaDellaMadonnaTroia","stato":"ONLINE","timestamp":"2026-08-13T21:25:59.181567715Z","tipoEvento":"HEARTBEAT","bufferSize":0}
2026-08-13 23:26:09,181 INFO  [it.uni.reti2.HeartbeatGenerator] (executor-thread-1) 💓 [HEARTBEAT] Invio heartbeat: {"stazioneId":"stazzaDellaMadonnaTroia","stato":"ONLINE","timestamp":"2026-08-13T21:26:09.181557757Z","tipoEvento":"HEARTBEAT","bufferSize":0}
2026-08-13 23:26:19,181 INFO  [it.uni.reti2.HeartbeatGenerator] (executor-thread-1) 💓 [HEARTBEAT] Invio heartbeat: {"stazioneId":"stazzaDellaMadonnaTroia","stato":"ONLINE","timestamp":"2026-08-13T21:26:19.181184631Z","tipoEvento":"HEARTBEAT","bufferSize":0}
2026-08-13 23:26:29,181 INFO  [it.uni.reti2.HeartbeatGenerator] (executor-thread-1) 💓 [HEARTBEAT] Invio heartbeat: {"stazioneId":"stazzaDellaMadonnaTroia","stato":"ONLINE","timestamp":"2026-08-13T21:26:29.181284412Z","tipoEvento":"HEARTBEAT","bufferSize":0}
2026-08-13 23:26:39,181 INFO  [it.uni.reti2.HeartbeatGenerator] (executor-thread-1) 💓 [HEARTBEAT] Invio heartbeat: {"stazioneId":"stazzaDellaMadonnaTroia","stato":"ONLINE","timestamp":"2026-08-13T21:26:39.181128063Z","tipoEvento":"HEARTBEAT","bufferSize":0}
2026-08-13 23:26:49,181 INFO  [it.uni.reti2.HeartbeatGenerator] (executor-thread-1) 💓 [HEARTBEAT] Invio heartbeat: {"stazioneId":"stazzaDellaMadonnaTroia","stato":"ONLINE","timestamp":"2026-08-13T21:26:49.181176724Z","tipoEvento":"HEARTBEAT","bufferSize":0}
2026-08-13 23:26:59,181 INFO  [it.uni.reti2.HeartbeatGenerator] (executor-thread-1) 💓 [HEARTBEAT] Invio heartbeat: {"stazioneId":"stazzaDellaMadonnaTroia","stato":"ONLINE","timestamp":"2026-08-13T21:26:59.181157559Z","tipoEvento":"HEARTBEAT","bufferSize":0}
2026-08-13 23:27:09,181 INFO  [it.uni.reti2.HeartbeatGenerator] (executor-thread-1) 💓 [HEARTBEAT] Invio heartbeat: {"stazioneId":"stazzaDellaMadonnaTroia","stato":"ONLINE","timestamp":"2026-08-13T21:27:09.181181284Z","tipoEvento":"HEARTBEAT","bufferSize":0}
2026-08-13 23:27:19,181 INFO  [it.uni.reti2.HeartbeatGenerator] (executor-thread-1) 💓 [HEARTBEAT] Invio heartbeat: {"stazioneId":"stazzaDellaMadonnaTroia","stato":"ONLINE","timestamp":"2026-08-13T21:27:19.181167415Z","tipoEvento":"HEARTBEAT","bufferSize":0}
2026-08-13 23:27:29,181 INFO  [it.uni.reti2.HeartbeatGenerator] (executor-thread-1) 💓 [HEARTBEAT] Invio heartbeat: {"stazioneId":"stazzaDellaMadonnaTroia","stato":"ONLINE","timestamp":"2026-08-13T21:27:29.181212205Z","tipoEvento":"HEARTBEAT","bufferSize":0}
2026-08-13 23:27:39,181 INFO  [it.uni.reti2.HeartbeatGenerator] (executor-thread-1) 💓 [HEARTBEAT] Invio heartbeat: {"stazioneId":"stazzaDellaMadonnaTroia","stato":"ONLINE","timestamp":"2026-08-13T21:27:39.181224067Z","tipoEvento":"HEARTBEAT","bufferSize":0}
2026-08-13 23:27:49,181 INFO  [it.uni.reti2.HeartbeatGenerator] (executor-thread-1) 💓 [HEARTBEAT] Invio heartbeat: {"stazioneId":"stazzaDellaMadonnaTroia","stato":"ONLINE","timestamp":"2026-08-13T21:27:49.181162244Z","tipoEvento":"HEARTBEAT","bufferSize":0}
2026-08-13 23:27:59,181 INFO  [it.uni.reti2.HeartbeatGenerator] (executor-thread-1) 💓 [HEARTBEAT] Invio heartbeat: {"stazioneId":"stazzaDellaMadonnaTroia","stato":"ONLINE","timestamp":"2026-08-13T21:27:59.181347911Z","tipoEvento":"HEARTBEAT","bufferSize":0}
2026-08-13 23:28:09,181 INFO  [it.uni.reti2.HeartbeatGenerator] (executor-thread-1) 💓 [HEARTBEAT] Invio heartbeat: {"stazioneId":"stazzaDellaMadonnaTroia","stato":"ONLINE","timestamp":"2026-08-13T21:28:09.181534544Z","tipoEvento":"HEARTBEAT","bufferSize":0}
2026-08-13 23:28:19,181 INFO  [it.uni.reti2.HeartbeatGenerator] (executor-thread-1) 💓 [HEARTBEAT] Invio heartbeat: {"stazioneId":"stazzaDellaMadonnaTroia","stato":"ONLINE","timestamp":"2026-08-13T21:28:19.181396282Z","tipoEvento":"HEARTBEAT","bufferSize":0}
2026-08-13 23:28:29,181 INFO  [it.uni.reti2.HeartbeatGenerator] (executor-thread-1) 💓 [HEARTBEAT] Invio heartbeat: {"stazioneId":"stazzaDellaMadonnaTroia","stato":"ONLINE","timestamp":"2026-08-13T21:28:29.181323781Z","tipoEvento":"HEARTBEAT","bufferSize":0}
2026-08-13 23:28:39,181 INFO  [it.uni.reti2.HeartbeatGenerator] (executor-thread-1) 💓 [HEARTBEAT] Invio heartbeat: {"stazioneId":"stazzaDellaMadonnaTroia","stato":"ONLINE","timestamp":"2026-08-13T21:28:39.181309140Z","tipoEvento":"HEARTBEAT","bufferSize":0}
2026-08-13 23:28:49,181 INFO  [it.uni.reti2.HeartbeatGenerator] (executor-thread-1) 💓 [HEARTBEAT] Invio heartbeat: {"stazioneId":"stazzaDellaMadonnaTroia","stato":"ONLINE","timestamp":"2026-08-13T21:28:49.181210689Z","tipoEvento":"HEARTBEAT","bufferSize":0}
2026-08-13 23:28:59,181 INFO  [it.uni.reti2.HeartbeatGenerator] (executor-thread-1) 💓 [HEARTBEAT] Invio heartbeat: {"stazioneId":"stazzaDellaMadonnaTroia","stato":"ONLINE","timestamp":"2026-08-13T21:28:59.181321971Z","tipoEvento":"HEARTBEAT","bufferSize":0}
2026-08-13 23:29:09,181 INFO  [it.uni.reti2.HeartbeatGenerator] (executor-thread-1) 💓 [HEARTBEAT] Invio heartbeat: {"stazioneId":"stazzaDellaMadonnaTroia","stato":"ONLINE","timestamp":"2026-08-13T21:29:09.181348113Z","tipoEvento":"HEARTBEAT","bufferSize":0}
2026-08-13 23:29:19,181 INFO  [it.uni.reti2.HeartbeatGenerator] (executor-thread-1) 💓 [HEARTBEAT] Invio heartbeat: {"stazioneId":"stazzaDellaMadonnaTroia","stato":"ONLINE","timestamp":"2026-08-13T21:29:19.181314338Z","tipoEvento":"HEARTBEAT","bufferSize":0}
2026-08-13 23:29:29,181 INFO  [it.uni.reti2.HeartbeatGenerator] (executor-thread-1) 💓 [HEARTBEAT] Invio heartbeat: {"stazioneId":"stazzaDellaMadonnaTroia","stato":"ONLINE","timestamp":"2026-08-13T21:29:29.181327974Z","tipoEvento":"HEARTBEAT","bufferSize":0}
2026-08-13 23:29:39,181 INFO  [it.uni.reti2.HeartbeatGenerator] (executor-thread-1) 💓 [HEARTBEAT] Invio heartbeat: {"stazioneId":"stazzaDellaMadonnaTroia","stato":"ONLINE","timestamp":"2026-08-13T21:29:39.181254466Z","tipoEvento":"HEARTBEAT","bufferSize":0}
2026-08-13 23:29:49,181 INFO  [it.uni.reti2.HeartbeatGenerator] (executor-thread-1) 💓 [HEARTBEAT] Invio heartbeat: {"stazioneId":"stazzaDellaMadonnaTroia","stato":"ONLINE","timestamp":"2026-08-13T21:29:49.181496153Z","tipoEvento":"HEARTBEAT","bufferSize":0}
2026-08-13 23:29:59,181 INFO  [it.uni.reti2.HeartbeatGenerator] (executor-thread-1) 💓 [HEARTBEAT] Invio heartbeat: {"stazioneId":"stazzaDellaMadonnaTroia","stato":"ONLINE","timestamp":"2026-08-13T21:29:59.181320190Z","tipoEvento":"HEARTBEAT","bufferSize":0}
2026-08-13 23:30:09,181 INFO  [it.uni.reti2.HeartbeatGenerator] (executor-thread-1) 💓 [HEARTBEAT] Invio heartbeat: {"stazioneId":"stazzaDellaMadonnaTroia","stato":"ONLINE","timestamp":"2026-08-13T21:30:09.181168206Z","tipoEvento":"HEARTBEAT","bufferSize":0}
2026-08-13 23:30:19,181 INFO  [it.uni.reti2.HeartbeatGenerator] (executor-thread-1) 💓 [HEARTBEAT] Invio heartbeat: {"stazioneId":"stazzaDellaMadonnaTroia","stato":"ONLINE","timestamp":"2026-08-13T21:30:19.181194130Z","tipoEvento":"HEARTBEAT","bufferSize":0}
2026-08-13 23:30:27,072 INFO  [it.uni.reti2.StationGateway] (vert.x-eventloop-thread-3) 🚂 [PASSAGGIO] Treno Mario in ENTRATA dalla stazione stazzaDellaMadonnaTroia
2026-08-13 23:30:29,182 INFO  [it.uni.reti2.HeartbeatGenerator] (executor-thread-1) 💓 [HEARTBEAT] Invio heartbeat: {"stazioneId":"stazzaDellaMadonnaTroia","stato":"ONLINE","timestamp":"2026-08-13T21:30:29.181925112Z","tipoEvento":"HEARTBEAT","bufferSize":0}
2026-08-13 23:30:39,181 INFO  [it.uni.reti2.HeartbeatGenerator] (executor-thread-1) 💓 [HEARTBEAT] Invio heartbeat: {"stazioneId":"stazzaDellaMadonnaTroia","stato":"ONLINE","timestamp":"2026-08-13T21:30:39.181294424Z","tipoEvento":"HEARTBEAT","bufferSize":0}
2026-08-13 23:30:44,072 INFO  [it.uni.reti2.StationGateway] (vert.x-eventloop-thread-3) 🚂 [PASSAGGIO] Treno tenoAmmazzaRicchi in ENTRATA dalla stazione stazzaDellaMadonnaTroia
2026-08-13 23:30:48,071 INFO  [it.uni.reti2.StationGateway] (vert.x-eventloop-thread-3) 🚂 [PASSAGGIO] Treno Mario in USCITA dalla stazione stazzaDellaMadonnaTroia
2026-08-13 23:30:49,181 INFO  [it.uni.reti2.HeartbeatGenerator] (executor-thread-1) 💓 [HEARTBEAT] Invio heartbeat: {"stazioneId":"stazzaDellaMadonnaTroia","stato":"ONLINE","timestamp":"2026-08-13T21:30:49.181310110Z","tipoEvento":"HEARTBEAT","bufferSize":0}
2026-08-13 23:30:59,181 INFO  [it.uni.reti2.HeartbeatGenerator] (executor-thread-1) 💓 [HEARTBEAT] Invio heartbeat: {"stazioneId":"stazzaDellaMadonnaTroia","stato":"ONLINE","timestamp":"2026-08-13T21:30:59.181323330Z","tipoEvento":"HEARTBEAT","bufferSize":0}
2026-08-13 23:31:09,181 INFO  [it.uni.reti2.HeartbeatGenerator] (executor-thread-1) 💓 [HEARTBEAT] Invio heartbeat: {"stazioneId":"stazzaDellaMadonnaTroia","stato":"ONLINE","timestamp":"2026-08-13T21:31:09.181554105Z","tipoEvento":"HEARTBEAT","bufferSize":0}
2026-08-13 23:31:19,181 INFO  [it.uni.reti2.HeartbeatGenerator] (executor-thread-1) 💓 [HEARTBEAT] Invio heartbeat: {"stazioneId":"stazzaDellaMadonnaTroia","stato":"ONLINE","timestamp":"2026-08-13T21:31:19.181636684Z","tipoEvento":"HEARTBEAT","bufferSize":0}
2026-08-13 23:31:24,071 INFO  [it.uni.reti2.StationGateway] (vert.x-eventloop-thread-3) 🚂 [PASSAGGIO] Treno tenoAmmazzaRicchi in USCITA dalla stazione stazzaDellaMadonnaTroia
2026-08-13 23:31:29,181 INFO  [it.uni.reti2.HeartbeatGenerator] (executor-thread-1) 💓 [HEARTBEAT] Invio heartbeat: {"stazioneId":"stazzaDellaMadonnaTroia","stato":"ONLINE","timestamp":"2026-08-13T21:31:29.181410268Z","tipoEvento":"HEARTBEAT","bufferSize":0}
2026-08-13 23:31:39,181 INFO  [it.uni.reti2.HeartbeatGenerator] (executor-thread-1) 💓 [HEARTBEAT] Invio heartbeat: {"stazioneId":"stazzaDellaMadonnaTroia","stato":"ONLINE","timestamp":"2026-08-13T21:31:39.181535298Z","tipoEvento":"HEARTBEAT","bufferSize":0}
2026-08-13 23:31:49,181 INFO  [it.uni.reti2.HeartbeatGenerator] (executor-thread-1) 💓 [HEARTBEAT] Invio heartbeat: {"stazioneId":"stazzaDellaMadonnaTroia","stato":"ONLINE","timestamp":"2026-08-13T21:31:49.181334518Z","tipoEvento":"HEARTBEAT","bufferSize":0}
2026-08-13 23:31:59,181 INFO  [it.uni.reti2.HeartbeatGenerator] (executor-thread-1) 💓 [HEARTBEAT] Invio heartbeat: {"stazioneId":"stazzaDellaMadonnaTroia","stato":"ONLINE","timestamp":"2026-08-13T21:31:59.181231878Z","tipoEvento":"HEARTBEAT","bufferSize":0}
2026-08-13 23:32:09,181 INFO  [it.uni.reti2.HeartbeatGenerator] (executor-thread-1) 💓 [HEARTBEAT] Invio heartbeat: {"stazioneId":"stazzaDellaMadonnaTroia","stato":"ONLINE","timestamp":"2026-08-13T21:32:09.181554075Z","tipoEvento":"HEARTBEAT","bufferSize":0}
2026-08-13 23:32:19,181 INFO  [it.uni.reti2.HeartbeatGenerator] (executor-thread-1) 💓 [HEARTBEAT] Invio heartbeat: {"stazioneId":"stazzaDellaMadonnaTroia","stato":"ONLINE","timestamp":"2026-08-13T21:32:19.181283330Z","tipoEvento":"HEARTBEAT","bufferSize":0}
2026-08-13 23:32:29,181 INFO  [it.uni.reti2.HeartbeatGenerator] (executor-thread-1) 💓 [HEARTBEAT] Invio heartbeat: {"stazioneId":"stazzaDellaMadonnaTroia","stato":"ONLINE","timestamp":"2026-08-13T21:32:29.181254520Z","tipoEvento":"HEARTBEAT","bufferSize":0}
2026-08-13 23:32:39,181 INFO  [it.uni.reti2.HeartbeatGenerator] (executor-thread-1) 💓 [HEARTBEAT] Invio heartbeat: {"stazioneId":"stazzaDellaMadonnaTroia","stato":"ONLINE","timestamp":"2026-08-13T21:32:39.181330344Z","tipoEvento":"HEARTBEAT","bufferSize":0}
2026-08-13 23:32:49,181 INFO  [it.uni.reti2.HeartbeatGenerator] (executor-thread-1) 💓 [HEARTBEAT] Invio heartbeat: {"stazioneId":"stazzaDellaMadonnaTroia","stato":"ONLINE","timestamp":"2026-08-13T21:32:49.181317819Z","tipoEvento":"HEARTBEAT","bufferSize":0}
2026-08-13 23:32:59,181 INFO  [it.uni.reti2.HeartbeatGenerator] (executor-thread-1) 💓 [HEARTBEAT] Invio heartbeat: {"stazioneId":"stazzaDellaMadonnaTroia","stato":"ONLINE","timestamp":"2026-08-13T21:32:59.181174520Z","tipoEvento":"HEARTBEAT","bufferSize":0}
2026-08-13 23:33:09,181 INFO  [it.uni.reti2.HeartbeatGenerator] (executor-thread-1) 💓 [HEARTBEAT] Invio heartbeat: {"stazioneId":"stazzaDellaMadonnaTroia","stato":"ONLINE","timestamp":"2026-08-13T21:33:09.181653691Z","tipoEvento":"HEARTBEAT","bufferSize":0}
2026-08-13 23:33:19,181 INFO  [it.uni.reti2.HeartbeatGenerator] (executor-thread-1) 💓 [HEARTBEAT] Invio heartbeat: {"stazioneId":"stazzaDellaMadonnaTroia","stato":"ONLINE","timestamp":"2026-08-13T21:33:19.181492551Z","tipoEvento":"HEARTBEAT","bufferSize":0}
2026-08-13 23:33:29,181 INFO  [it.uni.reti2.HeartbeatGenerator] (executor-thread-1) 💓 [HEARTBEAT] Invio heartbeat: {"stazioneId":"stazzaDellaMadonnaTroia","stato":"ONLINE","timestamp":"2026-08-13T21:33:29.181247871Z","tipoEvento":"HEARTBEAT","bufferSize":0}
2026-08-13 23:33:39,181 INFO  [it.uni.reti2.HeartbeatGenerator] (executor-thread-1) 💓 [HEARTBEAT] Invio heartbeat: {"stazioneId":"stazzaDellaMadonnaTroia","stato":"ONLINE","timestamp":"2026-08-13T21:33:39.181211782Z","tipoEvento":"HEARTBEAT","bufferSize":0}
2026-08-13 23:33:49,181 INFO  [it.uni.reti2.HeartbeatGenerator] (executor-thread-1) 💓 [HEARTBEAT] Invio heartbeat: {"stazioneId":"stazzaDellaMadonnaTroia","stato":"ONLINE","timestamp":"2026-08-13T21:33:49.181363370Z","tipoEvento":"HEARTBEAT","bufferSize":0}
2026-08-13 23:33:59,181 INFO  [it.uni.reti2.HeartbeatGenerator] (executor-thread-1) 💓 [HEARTBEAT] Invio heartbeat: {"stazioneId":"stazzaDellaMadonnaTroia","stato":"ONLINE","timestamp":"2026-08-13T21:33:59.181360108Z","tipoEvento":"HEARTBEAT","bufferSize":0}
2026-08-13 23:34:09,181 INFO  [it.uni.reti2.HeartbeatGenerator] (executor-thread-1) 💓 [HEARTBEAT] Invio heartbeat: {"stazioneId":"stazzaDellaMadonnaTroia","stato":"ONLINE","timestamp":"2026-08-13T21:34:09.181370723Z","tipoEvento":"HEARTBEAT","bufferSize":0}
2026-08-13 23:34:19,181 INFO  [it.uni.reti2.HeartbeatGenerator] (executor-thread-1) 💓 [HEARTBEAT] Invio heartbeat: {"stazioneId":"stazzaDellaMadonnaTroia","stato":"ONLINE","timestamp":"2026-08-13T21:34:19.181190917Z","tipoEvento":"HEARTBEAT","bufferSize":0}
2026-08-13 23:34:29,181 INFO  [it.uni.reti2.HeartbeatGenerator] (executor-thread-1) 💓 [HEARTBEAT] Invio heartbeat: {"stazioneId":"stazzaDellaMadonnaTroia","stato":"ONLINE","timestamp":"2026-08-13T21:34:29.181298798Z","tipoEvento":"HEARTBEAT","bufferSize":0}
2026-08-13 23:34:30,070 INFO  [it.uni.reti2.StationGateway] (vert.x-eventloop-thread-3) 🚂 [PASSAGGIO] Treno Mario in ENTRATA dalla stazione stazzaDellaMadonnaTroia
2026-08-13 23:34:39,181 INFO  [it.uni.reti2.HeartbeatGenerator] (executor-thread-1) 💓 [HEARTBEAT] Invio heartbeat: {"stazioneId":"stazzaDellaMadonnaTroia","stato":"ONLINE","timestamp":"2026-08-13T21:34:39.181305011Z","tipoEvento":"HEARTBEAT","bufferSize":0}
2026-08-13 23:34:49,181 INFO  [it.uni.reti2.HeartbeatGenerator] (executor-thread-1) 💓 [HEARTBEAT] Invio heartbeat: {"stazioneId":"stazzaDellaMadonnaTroia","stato":"ONLINE","timestamp":"2026-08-13T21:34:49.181148657Z","tipoEvento":"HEARTBEAT","bufferSize":0}
2026-08-13 23:34:51,070 INFO  [it.uni.reti2.StationGateway] (vert.x-eventloop-thread-3) 🚂 [PASSAGGIO] Treno Mario in USCITA dalla stazione stazzaDellaMadonnaTroia
2026-08-13 23:34:59,181 INFO  [it.uni.reti2.HeartbeatGenerator] (executor-thread-1) 💓 [HEARTBEAT] Invio heartbeat: {"stazioneId":"stazzaDellaMadonnaTroia","stato":"ONLINE","timestamp":"2026-08-13T21:34:59.181155212Z","tipoEvento":"HEARTBEAT","bufferSize":0}
2026-08-13 23:35:09,181 INFO  [it.uni.reti2.HeartbeatGenerator] (executor-thread-1) 💓 [HEARTBEAT] Invio heartbeat: {"stazioneId":"stazzaDellaMadonnaTroia","stato":"ONLINE","timestamp":"2026-08-13T21:35:09.181471833Z","tipoEvento":"HEARTBEAT","bufferSize":0}
2026-08-13 23:35:19,181 INFO  [it.uni.reti2.HeartbeatGenerator] (executor-thread-1) 💓 [HEARTBEAT] Invio heartbeat: {"stazioneId":"stazzaDellaMadonnaTroia","stato":"ONLINE","timestamp":"2026-08-13T21:35:19.181251063Z","tipoEvento":"HEARTBEAT","bufferSize":0}
2026-08-13 23:35:29,181 INFO  [it.uni.reti2.HeartbeatGenerator] (executor-thread-1) 💓 [HEARTBEAT] Invio heartbeat: {"stazioneId":"stazzaDellaMadonnaTroia","stato":"ONLINE","timestamp":"2026-08-13T21:35:29.181203412Z","tipoEvento":"HEARTBEAT","bufferSize":0}
2026-08-13 23:35:39,181 INFO  [it.uni.reti2.HeartbeatGenerator] (executor-thread-1) 💓 [HEARTBEAT] Invio heartbeat: {"stazioneId":"stazzaDellaMadonnaTroia","stato":"ONLINE","timestamp":"2026-08-13T21:35:39.181140056Z","tipoEvento":"HEARTBEAT","bufferSize":0}
2026-08-13 23:35:49,181 INFO  [it.uni.reti2.HeartbeatGenerator] (executor-thread-1) 💓 [HEARTBEAT] Invio heartbeat: {"stazioneId":"stazzaDellaMadonnaTroia","stato":"ONLINE","timestamp":"2026-08-13T21:35:49.181179756Z","tipoEvento":"HEARTBEAT","bufferSize":0}
2026-08-13 23:35:59,181 INFO  [it.uni.reti2.HeartbeatGenerator] (executor-thread-1) 💓 [HEARTBEAT] Invio heartbeat: {"stazioneId":"stazzaDellaMadonnaTroia","stato":"ONLINE","timestamp":"2026-08-13T21:35:59.181376225Z","tipoEvento":"HEARTBEAT","bufferSize":0}
2026-08-13 23:36:09,181 INFO  [it.uni.reti2.HeartbeatGenerator] (executor-thread-1) 💓 [HEARTBEAT] Invio heartbeat: {"stazioneId":"stazzaDellaMadonnaTroia","stato":"ONLINE","timestamp":"2026-08-13T21:36:09.181304979Z","tipoEvento":"HEARTBEAT","bufferSize":0}
2026-08-13 23:36:19,181 INFO  [it.uni.reti2.HeartbeatGenerator] (executor-thread-1) 💓 [HEARTBEAT] Invio heartbeat: {"stazioneId":"stazzaDellaMadonnaTroia","stato":"ONLINE","timestamp":"2026-08-13T21:36:19.181266849Z","tipoEvento":"HEARTBEAT","bufferSize":0}
2026-08-13 23:36:29,181 INFO  [it.uni.reti2.HeartbeatGenerator] (executor-thread-1) 💓 [HEARTBEAT] Invio heartbeat: {"stazioneId":"stazzaDellaMadonnaTroia","stato":"ONLINE","timestamp":"2026-08-13T21:36:29.181176760Z","tipoEvento":"HEARTBEAT","bufferSize":0}
2026-08-13 23:36:39,182 INFO  [it.uni.reti2.HeartbeatGenerator] (executor-thread-1) 💓 [HEARTBEAT] Invio heartbeat: {"stazioneId":"stazzaDellaMadonnaTroia","stato":"ONLINE","timestamp":"2026-08-13T21:36:39.182061807Z","tipoEvento":"HEARTBEAT","bufferSize":0}
2026-08-13 23:36:49,181 INFO  [it.uni.reti2.HeartbeatGenerator] (executor-thread-1) 💓 [HEARTBEAT] Invio heartbeat: {"stazioneId":"stazzaDellaMadonnaTroia","stato":"ONLINE","timestamp":"2026-08-13T21:36:49.181573745Z","tipoEvento":"HEARTBEAT","bufferSize":0}
2026-08-13 23:36:59,181 INFO  [it.uni.reti2.HeartbeatGenerator] (executor-thread-1) 💓 [HEARTBEAT] Invio heartbeat: {"stazioneId":"stazzaDellaMadonnaTroia","stato":"ONLINE","timestamp":"2026-08-13T21:36:59.181308854Z","tipoEvento":"HEARTBEAT","bufferSize":0}
2026-08-13 23:37:09,181 INFO  [it.uni.reti2.HeartbeatGenerator] (executor-thread-1) 💓 [HEARTBEAT] Invio heartbeat: {"stazioneId":"stazzaDellaMadonnaTroia","stato":"ONLINE","timestamp":"2026-08-13T21:37:09.181387355Z","tipoEvento":"HEARTBEAT","bufferSize":0}
2026-08-13 23:37:19,181 INFO  [it.uni.reti2.HeartbeatGenerator] (executor-thread-1) 💓 [HEARTBEAT] Invio heartbeat: {"stazioneId":"stazzaDellaMadonnaTroia","stato":"ONLINE","timestamp":"2026-08-13T21:37:19.181282785Z","tipoEvento":"HEARTBEAT","bufferSize":0}
2026-08-13 23:37:29,181 INFO  [it.uni.reti2.HeartbeatGenerator] (executor-thread-1) 💓 [HEARTBEAT] Invio heartbeat: {"stazioneId":"stazzaDellaMadonnaTroia","stato":"ONLINE","timestamp":"2026-08-13T21:37:29.181459032Z","tipoEvento":"HEARTBEAT","bufferSize":0}
2026-08-13 23:37:39,181 INFO  [it.uni.reti2.HeartbeatGenerator] (executor-thread-1) 💓 [HEARTBEAT] Invio heartbeat: {"stazioneId":"stazzaDellaMadonnaTroia","stato":"ONLINE","timestamp":"2026-08-13T21:37:39.181430428Z","tipoEvento":"HEARTBEAT","bufferSize":0}
2026-08-13 23:37:49,181 INFO  [it.uni.reti2.HeartbeatGenerator] (executor-thread-1) 💓 [HEARTBEAT] Invio heartbeat: {"stazioneId":"stazzaDellaMadonnaTroia","stato":"ONLINE","timestamp":"2026-08-13T21:37:49.181316600Z","tipoEvento":"HEARTBEAT","bufferSize":0}
2026-08-13 23:37:59,181 INFO  [it.uni.reti2.HeartbeatGenerator] (executor-thread-1) 💓 [HEARTBEAT] Invio heartbeat: {"stazioneId":"stazzaDellaMadonnaTroia","stato":"ONLINE","timestamp":"2026-08-13T21:37:59.181291264Z","tipoEvento":"HEARTBEAT","bufferSize":0}
2026-08-13 23:38:09,181 INFO  [it.uni.reti2.HeartbeatGenerator] (executor-thread-1) 💓 [HEARTBEAT] Invio heartbeat: {"stazioneId":"stazzaDellaMadonnaTroia","stato":"ONLINE","timestamp":"2026-08-13T21:38:09.181363891Z","tipoEvento":"HEARTBEAT","bufferSize":0}
2026-08-13 23:38:19,181 INFO  [it.uni.reti2.HeartbeatGenerator] (executor-thread-1) 💓 [HEARTBEAT] Invio heartbeat: {"stazioneId":"stazzaDellaMadonnaTroia","stato":"ONLINE","timestamp":"2026-08-13T21:38:19.181418330Z","tipoEvento":"HEARTBEAT","bufferSize":0}
2026-08-13 23:38:29,181 INFO  [it.uni.reti2.HeartbeatGenerator] (executor-thread-1) 💓 [HEARTBEAT] Invio heartbeat: {"stazioneId":"stazzaDellaMadonnaTroia","stato":"ONLINE","timestamp":"2026-08-13T21:38:29.181571781Z","tipoEvento":"HEARTBEAT","bufferSize":0}
2026-08-13 23:38:39,181 INFO  [it.uni.reti2.HeartbeatGenerator] (executor-thread-1) 💓 [HEARTBEAT] Invio heartbeat: {"stazioneId":"stazzaDellaMadonnaTroia","stato":"ONLINE","timestamp":"2026-08-13T21:38:39.181176341Z","tipoEvento":"HEARTBEAT","bufferSize":0}
2026-08-13 23:38:49,181 INFO  [it.uni.reti2.HeartbeatGenerator] (executor-thread-1) 💓 [HEARTBEAT] Invio heartbeat: {"stazioneId":"stazzaDellaMadonnaTroia","stato":"ONLINE","timestamp":"2026-08-13T21:38:49.181277449Z","tipoEvento":"HEARTBEAT","bufferSize":0}
2026-08-13 23:38:59,181 INFO  [it.uni.reti2.HeartbeatGenerator] (executor-thread-1) 💓 [HEARTBEAT] Invio heartbeat: {"stazioneId":"stazzaDellaMadonnaTroia","stato":"ONLINE","timestamp":"2026-08-13T21:38:59.181294369Z","tipoEvento":"HEARTBEAT","bufferSize":0}
2026-08-13 23:39:09,181 INFO  [it.uni.reti2.HeartbeatGenerator] (executor-thread-1) 💓 [HEARTBEAT] Invio heartbeat: {"stazioneId":"stazzaDellaMadonnaTroia","stato":"ONLINE","timestamp":"2026-08-13T21:39:09.181297814Z","tipoEvento":"HEARTBEAT","bufferSize":0}
2026-08-13 23:39:19,181 INFO  [it.uni.reti2.HeartbeatGenerator] (executor-thread-1) 💓 [HEARTBEAT] Invio heartbeat: {"stazioneId":"stazzaDellaMadonnaTroia","stato":"ONLINE","timestamp":"2026-08-13T21:39:19.181177385Z","tipoEvento":"HEARTBEAT","bufferSize":0}
2026-08-13 23:39:29,181 INFO  [it.uni.reti2.HeartbeatGenerator] (executor-thread-1) 💓 [HEARTBEAT] Invio heartbeat: {"stazioneId":"stazzaDellaMadonnaTroia","stato":"ONLINE","timestamp":"2026-08-13T21:39:29.181224167Z","tipoEvento":"HEARTBEAT","bufferSize":0}
2026-08-13 23:39:39,181 INFO  [it.uni.reti2.HeartbeatGenerator] (executor-thread-1) 💓 [HEARTBEAT] Invio heartbeat: {"stazioneId":"stazzaDellaMadonnaTroia","stato":"ONLINE","timestamp":"2026-08-13T21:39:39.181194582Z","tipoEvento":"HEARTBEAT","bufferSize":0}
2026-08-13 23:39:49,181 INFO  [it.uni.reti2.HeartbeatGenerator] (executor-thread-1) 💓 [HEARTBEAT] Invio heartbeat: {"stazioneId":"stazzaDellaMadonnaTroia","stato":"ONLINE","timestamp":"2026-08-13T21:39:49.181283039Z","tipoEvento":"HEARTBEAT","bufferSize":0}
2026-08-13 23:39:59,181 INFO  [it.uni.reti2.HeartbeatGenerator] (executor-thread-1) 💓 [HEARTBEAT] Invio heartbeat: {"stazioneId":"stazzaDellaMadonnaTroia","stato":"ONLINE","timestamp":"2026-08-13T21:39:59.181300422Z","tipoEvento":"HEARTBEAT","bufferSize":0}
2026-08-13 23:40:09,181 INFO  [it.uni.reti2.HeartbeatGenerator] (executor-thread-1) 💓 [HEARTBEAT] Invio heartbeat: {"stazioneId":"stazzaDellaMadonnaTroia","stato":"ONLINE","timestamp":"2026-08-13T21:40:09.181424857Z","tipoEvento":"HEARTBEAT","bufferSize":0}
2026-08-13 23:40:19,181 INFO  [it.uni.reti2.HeartbeatGenerator] (executor-thread-1) 💓 [HEARTBEAT] Invio heartbeat: {"stazioneId":"stazzaDellaMadonnaTroia","stato":"ONLINE","timestamp":"2026-08-13T21:40:19.181566426Z","tipoEvento":"HEARTBEAT","bufferSize":0}
2026-08-13 23:40:29,181 INFO  [it.uni.reti2.HeartbeatGenerator] (executor-thread-1) 💓 [HEARTBEAT] Invio heartbeat: {"stazioneId":"stazzaDellaMadonnaTroia","stato":"ONLINE","timestamp":"2026-08-13T21:40:29.181358576Z","tipoEvento":"HEARTBEAT","bufferSize":0}
2026-08-13 23:40:39,181 INFO  [it.uni.reti2.HeartbeatGenerator] (executor-thread-1) 💓 [HEARTBEAT] Invio heartbeat: {"stazioneId":"stazzaDellaMadonnaTroia","stato":"ONLINE","timestamp":"2026-08-13T21:40:39.181814778Z","tipoEvento":"HEARTBEAT","bufferSize":0}
2026-08-13 23:40:49,181 INFO  [it.uni.reti2.HeartbeatGenerator] (executor-thread-1) 💓 [HEARTBEAT] Invio heartbeat: {"stazioneId":"stazzaDellaMadonnaTroia","stato":"ONLINE","timestamp":"2026-08-13T21:40:49.181291065Z","tipoEvento":"HEARTBEAT","bufferSize":0}
2026-08-13 23:40:59,181 INFO  [it.uni.reti2.HeartbeatGenerator] (executor-thread-1) 💓 [HEARTBEAT] Invio heartbeat: {"stazioneId":"stazzaDellaMadonnaTroia","stato":"ONLINE","timestamp":"2026-08-13T21:40:59.181395285Z","tipoEvento":"HEARTBEAT","bufferSize":0}
2026-08-13 23:41:09,181 INFO  [it.uni.reti2.HeartbeatGenerator] (executor-thread-1) 💓 [HEARTBEAT] Invio heartbeat: {"stazioneId":"stazzaDellaMadonnaTroia","stato":"ONLINE","timestamp":"2026-08-13T21:41:09.181131870Z","tipoEvento":"HEARTBEAT","bufferSize":0}
2026-08-13 23:41:19,181 INFO  [it.uni.reti2.HeartbeatGenerator] (executor-thread-1) 💓 [HEARTBEAT] Invio heartbeat: {"stazioneId":"stazzaDellaMadonnaTroia","stato":"ONLINE","timestamp":"2026-08-13T21:41:19.181185720Z","tipoEvento":"HEARTBEAT","bufferSize":0}
2026-08-13 23:41:29,181 INFO  [it.uni.reti2.HeartbeatGenerator] (executor-thread-1) 💓 [HEARTBEAT] Invio heartbeat: {"stazioneId":"stazzaDellaMadonnaTroia","stato":"ONLINE","timestamp":"2026-08-13T21:41:29.181139091Z","tipoEvento":"HEARTBEAT","bufferSize":0}
2026-08-13 23:41:39,181 INFO  [it.uni.reti2.HeartbeatGenerator] (executor-thread-1) 💓 [HEARTBEAT] Invio heartbeat: {"stazioneId":"stazzaDellaMadonnaTroia","stato":"ONLINE","timestamp":"2026-08-13T21:41:39.181156515Z","tipoEvento":"HEARTBEAT","bufferSize":0}
2026-08-13 23:41:49,181 INFO  [it.uni.reti2.HeartbeatGenerator] (executor-thread-1) 💓 [HEARTBEAT] Invio heartbeat: {"stazioneId":"stazzaDellaMadonnaTroia","stato":"ONLINE","timestamp":"2026-08-13T21:41:49.181178646Z","tipoEvento":"HEARTBEAT","bufferSize":0}
2026-08-13 23:41:59,181 INFO  [it.uni.reti2.HeartbeatGenerator] (executor-thread-1) 💓 [HEARTBEAT] Invio heartbeat: {"stazioneId":"stazzaDellaMadonnaTroia","stato":"ONLINE","timestamp":"2026-08-13T21:41:59.181225983Z","tipoEvento":"HEARTBEAT","bufferSize":0}
2026-08-13 23:42:09,181 INFO  [it.uni.reti2.HeartbeatGenerator] (executor-thread-1) 💓 [HEARTBEAT] Invio heartbeat: {"stazioneId":"stazzaDellaMadonnaTroia","stato":"ONLINE","timestamp":"2026-08-13T21:42:09.181170927Z","tipoEvento":"HEARTBEAT","bufferSize":0}
2026-08-13 23:42:19,181 INFO  [it.uni.reti2.HeartbeatGenerator] (executor-thread-1) 💓 [HEARTBEAT] Invio heartbeat: {"stazioneId":"stazzaDellaMadonnaTroia","stato":"ONLINE","timestamp":"2026-08-13T21:42:19.181191981Z","tipoEvento":"HEARTBEAT","bufferSize":0}
2026-08-13 23:42:29,181 INFO  [it.uni.reti2.HeartbeatGenerator] (executor-thread-1) 💓 [HEARTBEAT] Invio heartbeat: {"stazioneId":"stazzaDellaMadonnaTroia","stato":"ONLINE","timestamp":"2026-08-13T21:42:29.181212037Z","tipoEvento":"HEARTBEAT","bufferSize":0}
2026-08-13 23:42:32,071 INFO  [it.uni.reti2.StationGateway] (vert.x-eventloop-thread-3) 🚂 [PASSAGGIO] Treno tenoAmmazzaRicchi in ENTRATA dalla stazione stazzaDellaMadonnaTroia
2026-08-13 23:42:39,181 INFO  [it.uni.reti2.HeartbeatGenerator] (executor-thread-1) 💓 [HEARTBEAT] Invio heartbeat: {"stazioneId":"stazzaDellaMadonnaTroia","stato":"ONLINE","timestamp":"2026-08-13T21:42:39.181437612Z","tipoEvento":"HEARTBEAT","bufferSize":0}
2026-08-13 23:42:49,181 INFO  [it.uni.reti2.HeartbeatGenerator] (executor-thread-1) 💓 [HEARTBEAT] Invio heartbeat: {"stazioneId":"stazzaDellaMadonnaTroia","stato":"ONLINE","timestamp":"2026-08-13T21:42:49.181146536Z","tipoEvento":"HEARTBEAT","bufferSize":0}
2026-08-13 23:42:59,181 INFO  [it.uni.reti2.HeartbeatGenerator] (executor-thread-1) 💓 [HEARTBEAT] Invio heartbeat: {"stazioneId":"stazzaDellaMadonnaTroia","stato":"ONLINE","timestamp":"2026-08-13T21:42:59.181196560Z","tipoEvento":"HEARTBEAT","bufferSize":0}
2026-08-13 23:43:09,181 INFO  [it.uni.reti2.HeartbeatGenerator] (executor-thread-1) 💓 [HEARTBEAT] Invio heartbeat: {"stazioneId":"stazzaDellaMadonnaTroia","stato":"ONLINE","timestamp":"2026-08-13T21:43:09.181301261Z","tipoEvento":"HEARTBEAT","bufferSize":0}
2026-08-13 23:43:12,071 INFO  [it.uni.reti2.StationGateway] (vert.x-eventloop-thread-3) 🚂 [PASSAGGIO] Treno tenoAmmazzaRicchi in USCITA dalla stazione stazzaDellaMadonnaTroia
2026-08-13 23:43:19,181 INFO  [it.uni.reti2.HeartbeatGenerator] (executor-thread-1) 💓 [HEARTBEAT] Invio heartbeat: {"stazioneId":"stazzaDellaMadonnaTroia","stato":"ONLINE","timestamp":"2026-08-13T21:43:19.181384023Z","tipoEvento":"HEARTBEAT","bufferSize":0}
2026-08-13 23:43:29,181 INFO  [it.uni.reti2.HeartbeatGenerator] (executor-thread-1) 💓 [HEARTBEAT] Invio heartbeat: {"stazioneId":"stazzaDellaMadonnaTroia","stato":"ONLINE","timestamp":"2026-08-13T21:43:29.181620702Z","tipoEvento":"HEARTBEAT","bufferSize":0}
2026-08-13 23:43:39,181 INFO  [it.uni.reti2.HeartbeatGenerator] (executor-thread-1) 💓 [HEARTBEAT] Invio heartbeat: {"stazioneId":"stazzaDellaMadonnaTroia","stato":"ONLINE","timestamp":"2026-08-13T21:43:39.181650052Z","tipoEvento":"HEARTBEAT","bufferSize":0}
2026-08-13 23:43:49,181 INFO  [it.uni.reti2.HeartbeatGenerator] (executor-thread-1) 💓 [HEARTBEAT] Invio heartbeat: {"stazioneId":"stazzaDellaMadonnaTroia","stato":"ONLINE","timestamp":"2026-08-13T21:43:49.181392995Z","tipoEvento":"HEARTBEAT","bufferSize":0}
2026-08-13 23:43:59,181 INFO  [it.uni.reti2.HeartbeatGenerator] (executor-thread-1) 💓 [HEARTBEAT] Invio heartbeat: {"stazioneId":"stazzaDellaMadonnaTroia","stato":"ONLINE","timestamp":"2026-08-13T21:43:59.181264410Z","tipoEvento":"HEARTBEAT","bufferSize":0}
2026-08-13 23:44:09,181 INFO  [it.uni.reti2.HeartbeatGenerator] (executor-thread-1) 💓 [HEARTBEAT] Invio heartbeat: {"stazioneId":"stazzaDellaMadonnaTroia","stato":"ONLINE","timestamp":"2026-08-13T21:44:09.181327550Z","tipoEvento":"HEARTBEAT","bufferSize":0}
2026-08-13 23:44:19,181 INFO  [it.uni.reti2.HeartbeatGenerator] (executor-thread-1) 💓 [HEARTBEAT] Invio heartbeat: {"stazioneId":"stazzaDellaMadonnaTroia","stato":"ONLINE","timestamp":"2026-08-13T21:44:19.181473162Z","tipoEvento":"HEARTBEAT","bufferSize":0}
2026-08-13 23:44:29,181 INFO  [it.uni.reti2.HeartbeatGenerator] (executor-thread-1) 💓 [HEARTBEAT] Invio heartbeat: {"stazioneId":"stazzaDellaMadonnaTroia","stato":"ONLINE","timestamp":"2026-08-13T21:44:29.181321071Z","tipoEvento":"HEARTBEAT","bufferSize":0}
2026-08-13 23:44:39,181 INFO  [it.uni.reti2.HeartbeatGenerator] (executor-thread-1) 💓 [HEARTBEAT] Invio heartbeat: {"stazioneId":"stazzaDellaMadonnaTroia","stato":"ONLINE","timestamp":"2026-08-13T21:44:39.181238361Z","tipoEvento":"HEARTBEAT","bufferSize":0}
2026-08-13 23:44:49,181 INFO  [it.uni.reti2.HeartbeatGenerator] (executor-thread-1) 💓 [HEARTBEAT] Invio heartbeat: {"stazioneId":"stazzaDellaMadonnaTroia","stato":"ONLINE","timestamp":"2026-08-13T21:44:49.181540773Z","tipoEvento":"HEARTBEAT","bufferSize":0}
2026-08-13 23:44:59,181 INFO  [it.uni.reti2.HeartbeatGenerator] (executor-thread-1) 💓 [HEARTBEAT] Invio heartbeat: {"stazioneId":"stazzaDellaMadonnaTroia","stato":"ONLINE","timestamp":"2026-08-13T21:44:59.181169157Z","tipoEvento":"HEARTBEAT","bufferSize":0}
2026-08-13 23:45:09,181 INFO  [it.uni.reti2.HeartbeatGenerator] (executor-thread-1) 💓 [HEARTBEAT] Invio heartbeat: {"stazioneId":"stazzaDellaMadonnaTroia","stato":"ONLINE","timestamp":"2026-08-13T21:45:09.181297428Z","tipoEvento":"HEARTBEAT","bufferSize":0}
2026-08-13 23:45:19,181 INFO  [it.uni.reti2.HeartbeatGenerator] (executor-thread-1) 💓 [HEARTBEAT] Invio heartbeat: {"stazioneId":"stazzaDellaMadonnaTroia","stato":"ONLINE","timestamp":"2026-08-13T21:45:19.181218213Z","tipoEvento":"HEARTBEAT","bufferSize":0}
2026-08-13 23:45:29,181 INFO  [it.uni.reti2.HeartbeatGenerator] (executor-thread-1) 💓 [HEARTBEAT] Invio heartbeat: {"stazioneId":"stazzaDellaMadonnaTroia","stato":"ONLINE","timestamp":"2026-08-13T21:45:29.181218496Z","tipoEvento":"HEARTBEAT","bufferSize":0}
2026-08-13 23:45:39,181 INFO  [it.uni.reti2.HeartbeatGenerator] (executor-thread-1) 💓 [HEARTBEAT] Invio heartbeat: {"stazioneId":"stazzaDellaMadonnaTroia","stato":"ONLINE","timestamp":"2026-08-13T21:45:39.181251100Z","tipoEvento":"HEARTBEAT","bufferSize":0}
2026-08-13 23:45:49,181 INFO  [it.uni.reti2.HeartbeatGenerator] (executor-thread-1) 💓 [HEARTBEAT] Invio heartbeat: {"stazioneId":"stazzaDellaMadonnaTroia","stato":"ONLINE","timestamp":"2026-08-13T21:45:49.181176732Z","tipoEvento":"HEARTBEAT","bufferSize":0}
2026-08-13 23:45:59,181 INFO  [it.uni.reti2.HeartbeatGenerator] (executor-thread-1) 💓 [HEARTBEAT] Invio heartbeat: {"stazioneId":"stazzaDellaMadonnaTroia","stato":"ONLINE","timestamp":"2026-08-13T21:45:59.181135266Z","tipoEvento":"HEARTBEAT","bufferSize":0}
2026-08-13 23:46:00,070 INFO  [it.uni.reti2.StationGateway] (vert.x-eventloop-thread-3) 🚂 [PASSAGGIO] Treno Mario in ENTRATA dalla stazione stazzaDellaMadonnaTroia
2026-08-13 23:46:09,181 INFO  [it.uni.reti2.HeartbeatGenerator] (executor-thread-1) 💓 [HEARTBEAT] Invio heartbeat: {"stazioneId":"stazzaDellaMadonnaTroia","stato":"ONLINE","timestamp":"2026-08-13T21:46:09.181193713Z","tipoEvento":"HEARTBEAT","bufferSize":0}
2026-08-13 23:46:19,181 INFO  [it.uni.reti2.HeartbeatGenerator] (executor-thread-1) 💓 [HEARTBEAT] Invio heartbeat: {"stazioneId":"stazzaDellaMadonnaTroia","stato":"ONLINE","timestamp":"2026-08-13T21:46:19.181111678Z","tipoEvento":"HEARTBEAT","bufferSize":0}
2026-08-13 23:46:20,070 INFO  [it.uni.reti2.StationGateway] (vert.x-eventloop-thread-3) 🚂 [PASSAGGIO] Treno Mario in USCITA dalla stazione stazzaDellaMadonnaTroia
2026-08-13 23:46:29,181 INFO  [it.uni.reti2.HeartbeatGenerator] (executor-thread-1) 💓 [HEARTBEAT] Invio heartbeat: {"stazioneId":"stazzaDellaMadonnaTroia","stato":"ONLINE","timestamp":"2026-08-13T21:46:29.181171919Z","tipoEvento":"HEARTBEAT","bufferSize":0}
2026-08-13 23:46:39,181 INFO  [it.uni.reti2.HeartbeatGenerator] (executor-thread-1) 💓 [HEARTBEAT] Invio heartbeat: {"stazioneId":"stazzaDellaMadonnaTroia","stato":"ONLINE","timestamp":"2026-08-13T21:46:39.181118043Z","tipoEvento":"HEARTBEAT","bufferSize":0}
2026-08-13 23:46:49,181 INFO  [it.uni.reti2.HeartbeatGenerator] (executor-thread-1) 💓 [HEARTBEAT] Invio heartbeat: {"stazioneId":"stazzaDellaMadonnaTroia","stato":"ONLINE","timestamp":"2026-08-13T21:46:49.181496301Z","tipoEvento":"HEARTBEAT","bufferSize":0}
2026-08-13 23:46:59,181 INFO  [it.uni.reti2.HeartbeatGenerator] (executor-thread-1) 💓 [HEARTBEAT] Invio heartbeat: {"stazioneId":"stazzaDellaMadonnaTroia","stato":"ONLINE","timestamp":"2026-08-13T21:46:59.181261408Z","tipoEvento":"HEARTBEAT","bufferSize":0}
2026-08-13 23:47:09,181 INFO  [it.uni.reti2.HeartbeatGenerator] (executor-thread-1) 💓 [HEARTBEAT] Invio heartbeat: {"stazioneId":"stazzaDellaMadonnaTroia","stato":"ONLINE","timestamp":"2026-08-13T21:47:09.181199944Z","tipoEvento":"HEARTBEAT","bufferSize":0}
2026-08-13 23:47:19,181 INFO  [it.uni.reti2.HeartbeatGenerator] (executor-thread-1) 💓 [HEARTBEAT] Invio heartbeat: {"stazioneId":"stazzaDellaMadonnaTroia","stato":"ONLINE","timestamp":"2026-08-13T21:47:19.181259288Z","tipoEvento":"HEARTBEAT","bufferSize":0}
2026-08-13 23:47:29,181 INFO  [it.uni.reti2.HeartbeatGenerator] (executor-thread-1) 💓 [HEARTBEAT] Invio heartbeat: {"stazioneId":"stazzaDellaMadonnaTroia","stato":"ONLINE","timestamp":"2026-08-13T21:47:29.181127795Z","tipoEvento":"HEARTBEAT","bufferSize":0}
2026-08-13 23:47:39,181 INFO  [it.uni.reti2.HeartbeatGenerator] (executor-thread-1) 💓 [HEARTBEAT] Invio heartbeat: {"stazioneId":"stazzaDellaMadonnaTroia","stato":"ONLINE","timestamp":"2026-08-13T21:47:39.181310844Z","tipoEvento":"HEARTBEAT","bufferSize":0}
2026-08-13 23:47:49,181 INFO  [it.uni.reti2.HeartbeatGenerator] (executor-thread-1) 💓 [HEARTBEAT] Invio heartbeat: {"stazioneId":"stazzaDellaMadonnaTroia","stato":"ONLINE","timestamp":"2026-08-13T21:47:49.181229984Z","tipoEvento":"HEARTBEAT","bufferSize":0}
2026-08-13 23:47:59,181 INFO  [it.uni.reti2.HeartbeatGenerator] (executor-thread-1) 💓 [HEARTBEAT] Invio heartbeat: {"stazioneId":"stazzaDellaMadonnaTroia","stato":"ONLINE","timestamp":"2026-08-13T21:47:59.181291670Z","tipoEvento":"HEARTBEAT","bufferSize":0}
2026-08-13 23:48:09,181 INFO  [it.uni.reti2.HeartbeatGenerator] (executor-thread-1) 💓 [HEARTBEAT] Invio heartbeat: {"stazioneId":"stazzaDellaMadonnaTroia","stato":"ONLINE","timestamp":"2026-08-13T21:48:09.181268847Z","tipoEvento":"HEARTBEAT","bufferSize":0}
2026-08-13 23:48:19,181 INFO  [it.uni.reti2.HeartbeatGenerator] (executor-thread-1) 💓 [HEARTBEAT] Invio heartbeat: {"stazioneId":"stazzaDellaMadonnaTroia","stato":"ONLINE","timestamp":"2026-08-13T21:48:19.181135985Z","tipoEvento":"HEARTBEAT","bufferSize":0}
2026-08-13 23:48:29,181 INFO  [it.uni.reti2.HeartbeatGenerator] (executor-thread-1) 💓 [HEARTBEAT] Invio heartbeat: {"stazioneId":"stazzaDellaMadonnaTroia","stato":"ONLINE","timestamp":"2026-08-13T21:48:29.181214135Z","tipoEvento":"HEARTBEAT","bufferSize":0}
2026-08-13 23:48:39,181 INFO  [it.uni.reti2.HeartbeatGenerator] (executor-thread-1) 💓 [HEARTBEAT] Invio heartbeat: {"stazioneId":"stazzaDellaMadonnaTroia","stato":"ONLINE","timestamp":"2026-08-13T21:48:39.181198882Z","tipoEvento":"HEARTBEAT","bufferSize":0}
2026-08-13 23:48:49,181 INFO  [it.uni.reti2.HeartbeatGenerator] (executor-thread-1) 💓 [HEARTBEAT] Invio heartbeat: {"stazioneId":"stazzaDellaMadonnaTroia","stato":"ONLINE","timestamp":"2026-08-13T21:48:49.181163759Z","tipoEvento":"HEARTBEAT","bufferSize":0}
2026-08-13 23:48:59,181 INFO  [it.uni.reti2.HeartbeatGenerator] (executor-thread-1) 💓 [HEARTBEAT] Invio heartbeat: {"stazioneId":"stazzaDellaMadonnaTroia","stato":"ONLINE","timestamp":"2026-08-13T21:48:59.181183591Z","tipoEvento":"HEARTBEAT","bufferSize":0}
2026-08-13 23:49:09,181 INFO  [it.uni.reti2.HeartbeatGenerator] (executor-thread-1) 💓 [HEARTBEAT] Invio heartbeat: {"stazioneId":"stazzaDellaMadonnaTroia","stato":"ONLINE","timestamp":"2026-08-13T21:49:09.181305365Z","tipoEvento":"HEARTBEAT","bufferSize":0}
2026-08-13 23:49:19,181 INFO  [it.uni.reti2.HeartbeatGenerator] (executor-thread-1) 💓 [HEARTBEAT] Invio heartbeat: {"stazioneId":"stazzaDellaMadonnaTroia","stato":"ONLINE","timestamp":"2026-08-13T21:49:19.181282800Z","tipoEvento":"HEARTBEAT","bufferSize":0}
2026-08-13 23:49:29,181 INFO  [it.uni.reti2.HeartbeatGenerator] (executor-thread-1) 💓 [HEARTBEAT] Invio heartbeat: {"stazioneId":"stazzaDellaMadonnaTroia","stato":"ONLINE","timestamp":"2026-08-13T21:49:29.181306643Z","tipoEvento":"HEARTBEAT","bufferSize":0}
2026-08-13 23:49:39,181 INFO  [it.uni.reti2.HeartbeatGenerator] (executor-thread-1) 💓 [HEARTBEAT] Invio heartbeat: {"stazioneId":"stazzaDellaMadonnaTroia","stato":"ONLINE","timestamp":"2026-08-13T21:49:39.181278376Z","tipoEvento":"HEARTBEAT","bufferSize":0}
2026-08-13 23:49:49,181 INFO  [it.uni.reti2.HeartbeatGenerator] (executor-thread-1) 💓 [HEARTBEAT] Invio heartbeat: {"stazioneId":"stazzaDellaMadonnaTroia","stato":"ONLINE","timestamp":"2026-08-13T21:49:49.181179580Z","tipoEvento":"HEARTBEAT","bufferSize":0}
2026-08-13 23:49:59,181 INFO  [it.uni.reti2.HeartbeatGenerator] (executor-thread-1) 💓 [HEARTBEAT] Invio heartbeat: {"stazioneId":"stazzaDellaMadonnaTroia","stato":"ONLINE","timestamp":"2026-08-13T21:49:59.181132659Z","tipoEvento":"HEARTBEAT","bufferSize":0}
2026-08-13 23:50:03,070 INFO  [it.uni.reti2.StationGateway] (vert.x-eventloop-thread-3) 🚂 [PASSAGGIO] Treno Mario in ENTRATA dalla stazione stazzaDellaMadonnaTroia
2026-08-13 23:50:09,181 INFO  [it.uni.reti2.HeartbeatGenerator] (executor-thread-1) 💓 [HEARTBEAT] Invio heartbeat: {"stazioneId":"stazzaDellaMadonnaTroia","stato":"ONLINE","timestamp":"2026-08-13T21:50:09.181156828Z","tipoEvento":"HEARTBEAT","bufferSize":0}
2026-08-13 23:50:19,181 INFO  [it.uni.reti2.HeartbeatGenerator] (executor-thread-1) 💓 [HEARTBEAT] Invio heartbeat: {"stazioneId":"stazzaDellaMadonnaTroia","stato":"ONLINE","timestamp":"2026-08-13T21:50:19.181146410Z","tipoEvento":"HEARTBEAT","bufferSize":0}
2026-08-13 23:50:23,070 INFO  [it.uni.reti2.StationGateway] (vert.x-eventloop-thread-3) 🚂 [PASSAGGIO] Treno Mario in USCITA dalla stazione stazzaDellaMadonnaTroia
2026-08-13 23:50:29,181 INFO  [it.uni.reti2.HeartbeatGenerator] (executor-thread-1) 💓 [HEARTBEAT] Invio heartbeat: {"stazioneId":"stazzaDellaMadonnaTroia","stato":"ONLINE","timestamp":"2026-08-13T21:50:29.181140224Z","tipoEvento":"HEARTBEAT","bufferSize":0}
2026-08-13 23:50:39,181 INFO  [it.uni.reti2.HeartbeatGenerator] (executor-thread-1) 💓 [HEARTBEAT] Invio heartbeat: {"stazioneId":"stazzaDellaMadonnaTroia","stato":"ONLINE","timestamp":"2026-08-13T21:50:39.181190716Z","tipoEvento":"HEARTBEAT","bufferSize":0}
2026-08-13 23:50:49,181 INFO  [it.uni.reti2.HeartbeatGenerator] (executor-thread-1) 💓 [HEARTBEAT] Invio heartbeat: {"stazioneId":"stazzaDellaMadonnaTroia","stato":"ONLINE","timestamp":"2026-08-13T21:50:49.181132322Z","tipoEvento":"HEARTBEAT","bufferSize":0}
2026-08-13 23:50:59,181 INFO  [it.uni.reti2.HeartbeatGenerator] (executor-thread-1) 💓 [HEARTBEAT] Invio heartbeat: {"stazioneId":"stazzaDellaMadonnaTroia","stato":"ONLINE","timestamp":"2026-08-13T21:50:59.181273585Z","tipoEvento":"HEARTBEAT","bufferSize":0}
2026-08-13 23:51:09,181 INFO  [it.uni.reti2.HeartbeatGenerator] (executor-thread-1) 💓 [HEARTBEAT] Invio heartbeat: {"stazioneId":"stazzaDellaMadonnaTroia","stato":"ONLINE","timestamp":"2026-08-13T21:51:09.181301767Z","tipoEvento":"HEARTBEAT","bufferSize":0}
2026-08-13 23:51:19,181 INFO  [it.uni.reti2.HeartbeatGenerator] (executor-thread-1) 💓 [HEARTBEAT] Invio heartbeat: {"stazioneId":"stazzaDellaMadonnaTroia","stato":"ONLINE","timestamp":"2026-08-13T21:51:19.181263962Z","tipoEvento":"HEARTBEAT","bufferSize":0}
2026-08-13 23:51:29,181 INFO  [it.uni.reti2.HeartbeatGenerator] (executor-thread-1) 💓 [HEARTBEAT] Invio heartbeat: {"stazioneId":"stazzaDellaMadonnaTroia","stato":"ONLINE","timestamp":"2026-08-13T21:51:29.181211168Z","tipoEvento":"HEARTBEAT","bufferSize":0}
2026-08-13 23:51:39,181 INFO  [it.uni.reti2.HeartbeatGenerator] (executor-thread-1) 💓 [HEARTBEAT] Invio heartbeat: {"stazioneId":"stazzaDellaMadonnaTroia","stato":"ONLINE","timestamp":"2026-08-13T21:51:39.181337426Z","tipoEvento":"HEARTBEAT","bufferSize":0}
2026-08-13 23:51:49,181 INFO  [it.uni.reti2.HeartbeatGenerator] (executor-thread-1) 💓 [HEARTBEAT] Invio heartbeat: {"stazioneId":"stazzaDellaMadonnaTroia","stato":"ONLINE","timestamp":"2026-08-13T21:51:49.181533736Z","tipoEvento":"HEARTBEAT","bufferSize":0}
2026-08-13 23:51:59,181 INFO  [it.uni.reti2.HeartbeatGenerator] (executor-thread-1) 💓 [HEARTBEAT] Invio heartbeat: {"stazioneId":"stazzaDellaMadonnaTroia","stato":"ONLINE","timestamp":"2026-08-13T21:51:59.181275423Z","tipoEvento":"HEARTBEAT","bufferSize":0}
2026-08-13 23:52:09,182 INFO  [it.uni.reti2.HeartbeatGenerator] (executor-thread-1) 💓 [HEARTBEAT] Invio heartbeat: {"stazioneId":"stazzaDellaMadonnaTroia","stato":"ONLINE","timestamp":"2026-08-13T21:52:09.182005207Z","tipoEvento":"HEARTBEAT","bufferSize":0}
2026-08-13 23:52:19,181 INFO  [it.uni.reti2.HeartbeatGenerator] (executor-thread-1) 💓 [HEARTBEAT] Invio heartbeat: {"stazioneId":"stazzaDellaMadonnaTroia","stato":"ONLINE","timestamp":"2026-08-13T21:52:19.181218685Z","tipoEvento":"HEARTBEAT","bufferSize":0}
2026-08-13 23:52:29,181 INFO  [it.uni.reti2.HeartbeatGenerator] (executor-thread-1) 💓 [HEARTBEAT] Invio heartbeat: {"stazioneId":"stazzaDellaMadonnaTroia","stato":"ONLINE","timestamp":"2026-08-13T21:52:29.181623381Z","tipoEvento":"HEARTBEAT","bufferSize":0}
2026-08-13 23:52:39,181 INFO  [it.uni.reti2.HeartbeatGenerator] (executor-thread-1) 💓 [HEARTBEAT] Invio heartbeat: {"stazioneId":"stazzaDellaMadonnaTroia","stato":"ONLINE","timestamp":"2026-08-13T21:52:39.181653306Z","tipoEvento":"HEARTBEAT","bufferSize":0}
2026-08-13 23:52:49,181 INFO  [it.uni.reti2.HeartbeatGenerator] (executor-thread-1) 💓 [HEARTBEAT] Invio heartbeat: {"stazioneId":"stazzaDellaMadonnaTroia","stato":"ONLINE","timestamp":"2026-08-13T21:52:49.181265818Z","tipoEvento":"HEARTBEAT","bufferSize":0}
2026-08-13 23:52:59,181 INFO  [it.uni.reti2.HeartbeatGenerator] (executor-thread-1) 💓 [HEARTBEAT] Invio heartbeat: {"stazioneId":"stazzaDellaMadonnaTroia","stato":"ONLINE","timestamp":"2026-08-13T21:52:59.181468819Z","tipoEvento":"HEARTBEAT","bufferSize":0}
2026-08-13 23:53:09,181 INFO  [it.uni.reti2.HeartbeatGenerator] (executor-thread-1) 💓 [HEARTBEAT] Invio heartbeat: {"stazioneId":"stazzaDellaMadonnaTroia","stato":"ONLINE","timestamp":"2026-08-13T21:53:09.181525214Z","tipoEvento":"HEARTBEAT","bufferSize":0}
2026-08-13 23:53:19,181 INFO  [it.uni.reti2.HeartbeatGenerator] (executor-thread-1) 💓 [HEARTBEAT] Invio heartbeat: {"stazioneId":"stazzaDellaMadonnaTroia","stato":"ONLINE","timestamp":"2026-08-13T21:53:19.181129477Z","tipoEvento":"HEARTBEAT","bufferSize":0}
2026-08-13 23:53:29,181 INFO  [it.uni.reti2.HeartbeatGenerator] (executor-thread-1) 💓 [HEARTBEAT] Invio heartbeat: {"stazioneId":"stazzaDellaMadonnaTroia","stato":"ONLINE","timestamp":"2026-08-13T21:53:29.181219070Z","tipoEvento":"HEARTBEAT","bufferSize":0}
2026-08-13 23:53:39,181 INFO  [it.uni.reti2.HeartbeatGenerator] (executor-thread-1) 💓 [HEARTBEAT] Invio heartbeat: {"stazioneId":"stazzaDellaMadonnaTroia","stato":"ONLINE","timestamp":"2026-08-13T21:53:39.181272419Z","tipoEvento":"HEARTBEAT","bufferSize":0}
2026-08-13 23:53:49,181 INFO  [it.uni.reti2.HeartbeatGenerator] (executor-thread-1) 💓 [HEARTBEAT] Invio heartbeat: {"stazioneId":"stazzaDellaMadonnaTroia","stato":"ONLINE","timestamp":"2026-08-13T21:53:49.181202156Z","tipoEvento":"HEARTBEAT","bufferSize":0}
2026-08-13 23:53:59,181 INFO  [it.uni.reti2.HeartbeatGenerator] (executor-thread-1) 💓 [HEARTBEAT] Invio heartbeat: {"stazioneId":"stazzaDellaMadonnaTroia","stato":"ONLINE","timestamp":"2026-08-13T21:53:59.181487505Z","tipoEvento":"HEARTBEAT","bufferSize":0}
2026-08-13 23:54:09,181 INFO  [it.uni.reti2.HeartbeatGenerator] (executor-thread-1) 💓 [HEARTBEAT] Invio heartbeat: {"stazioneId":"stazzaDellaMadonnaTroia","stato":"ONLINE","timestamp":"2026-08-13T21:54:09.181152987Z","tipoEvento":"HEARTBEAT","bufferSize":0}
2026-08-13 23:54:19,181 INFO  [it.uni.reti2.HeartbeatGenerator] (executor-thread-1) 💓 [HEARTBEAT] Invio heartbeat: {"stazioneId":"stazzaDellaMadonnaTroia","stato":"ONLINE","timestamp":"2026-08-13T21:54:19.181316198Z","tipoEvento":"HEARTBEAT","bufferSize":0}
2026-08-13 23:54:21,071 INFO  [it.uni.reti2.StationGateway] (vert.x-eventloop-thread-3) 🚂 [PASSAGGIO] Treno tenoAmmazzaRicchi in ENTRATA dalla stazione stazzaDellaMadonnaTroia
2026-08-13 23:54:29,181 INFO  [it.uni.reti2.HeartbeatGenerator] (executor-thread-1) 💓 [HEARTBEAT] Invio heartbeat: {"stazioneId":"stazzaDellaMadonnaTroia","stato":"ONLINE","timestamp":"2026-08-13T21:54:29.181262635Z","tipoEvento":"HEARTBEAT","bufferSize":0}
2026-08-13 23:54:39,181 INFO  [it.uni.reti2.HeartbeatGenerator] (executor-thread-1) 💓 [HEARTBEAT] Invio heartbeat: {"stazioneId":"stazzaDellaMadonnaTroia","stato":"ONLINE","timestamp":"2026-08-13T21:54:39.181238609Z","tipoEvento":"HEARTBEAT","bufferSize":0}
2026-08-13 23:54:49,181 INFO  [it.uni.reti2.HeartbeatGenerator] (executor-thread-1) 💓 [HEARTBEAT] Invio heartbeat: {"stazioneId":"stazzaDellaMadonnaTroia","stato":"ONLINE","timestamp":"2026-08-13T21:54:49.181270319Z","tipoEvento":"HEARTBEAT","bufferSize":0}
2026-08-13 23:54:59,181 INFO  [it.uni.reti2.HeartbeatGenerator] (executor-thread-1) 💓 [HEARTBEAT] Invio heartbeat: {"stazioneId":"stazzaDellaMadonnaTroia","stato":"ONLINE","timestamp":"2026-08-13T21:54:59.181236972Z","tipoEvento":"HEARTBEAT","bufferSize":0}
2026-08-13 23:55:02,070 INFO  [it.uni.reti2.StationGateway] (vert.x-eventloop-thread-3) 🚂 [PASSAGGIO] Treno tenoAmmazzaRicchi in USCITA dalla stazione stazzaDellaMadonnaTroia
2026-08-13 23:55:09,181 INFO  [it.uni.reti2.HeartbeatGenerator] (executor-thread-1) 💓 [HEARTBEAT] Invio heartbeat: {"stazioneId":"stazzaDellaMadonnaTroia","stato":"ONLINE","timestamp":"2026-08-13T21:55:09.181227703Z","tipoEvento":"HEARTBEAT","bufferSize":0}
2026-08-13 23:55:19,181 INFO  [it.uni.reti2.HeartbeatGenerator] (executor-thread-1) 💓 [HEARTBEAT] Invio heartbeat: {"stazioneId":"stazzaDellaMadonnaTroia","stato":"ONLINE","timestamp":"2026-08-13T21:55:19.181272009Z","tipoEvento":"HEARTBEAT","bufferSize":0}
2026-08-13 23:55:29,181 INFO  [it.uni.reti2.HeartbeatGenerator] (executor-thread-1) 💓 [HEARTBEAT] Invio heartbeat: {"stazioneId":"stazzaDellaMadonnaTroia","stato":"ONLINE","timestamp":"2026-08-13T21:55:29.181152320Z","tipoEvento":"HEARTBEAT","bufferSize":0}
2026-08-13 23:55:39,181 INFO  [it.uni.reti2.HeartbeatGenerator] (executor-thread-1) 💓 [HEARTBEAT] Invio heartbeat: {"stazioneId":"stazzaDellaMadonnaTroia","stato":"ONLINE","timestamp":"2026-08-13T21:55:39.181437570Z","tipoEvento":"HEARTBEAT","bufferSize":0}
2026-08-13 23:55:49,181 INFO  [it.uni.reti2.HeartbeatGenerator] (executor-thread-1) 💓 [HEARTBEAT] Invio heartbeat: {"stazioneId":"stazzaDellaMadonnaTroia","stato":"ONLINE","timestamp":"2026-08-13T21:55:49.181243089Z","tipoEvento":"HEARTBEAT","bufferSize":0}
2026-08-13 23:55:59,181 INFO  [it.uni.reti2.HeartbeatGenerator] (executor-thread-1) 💓 [HEARTBEAT] Invio heartbeat: {"stazioneId":"stazzaDellaMadonnaTroia","stato":"ONLINE","timestamp":"2026-08-13T21:55:59.181804952Z","tipoEvento":"HEARTBEAT","bufferSize":0}
2026-08-13 23:56:09,181 INFO  [it.uni.reti2.HeartbeatGenerator] (executor-thread-1) 💓 [HEARTBEAT] Invio heartbeat: {"stazioneId":"stazzaDellaMadonnaTroia","stato":"ONLINE","timestamp":"2026-08-13T21:56:09.181498529Z","tipoEvento":"HEARTBEAT","bufferSize":0}
2026-08-13 23:56:19,181 INFO  [it.uni.reti2.HeartbeatGenerator] (executor-thread-1) 💓 [HEARTBEAT] Invio heartbeat: {"stazioneId":"stazzaDellaMadonnaTroia","stato":"ONLINE","timestamp":"2026-08-13T21:56:19.181236243Z","tipoEvento":"HEARTBEAT","bufferSize":0}
2026-08-13 23:56:29,181 INFO  [it.uni.reti2.HeartbeatGenerator] (executor-thread-1) 💓 [HEARTBEAT] Invio heartbeat: {"stazioneId":"stazzaDellaMadonnaTroia","stato":"ONLINE","timestamp":"2026-08-13T21:56:29.181552137Z","tipoEvento":"HEARTBEAT","bufferSize":0}
2026-08-13 23:56:39,181 INFO  [it.uni.reti2.HeartbeatGenerator] (executor-thread-1) 💓 [HEARTBEAT] Invio heartbeat: {"stazioneId":"stazzaDellaMadonnaTroia","stato":"ONLINE","timestamp":"2026-08-13T21:56:39.181271155Z","tipoEvento":"HEARTBEAT","bufferSize":0}
2026-08-13 23:56:49,181 INFO  [it.uni.reti2.HeartbeatGenerator] (executor-thread-1) 💓 [HEARTBEAT] Invio heartbeat: {"stazioneId":"stazzaDellaMadonnaTroia","stato":"ONLINE","timestamp":"2026-08-13T21:56:49.181237609Z","tipoEvento":"HEARTBEAT","bufferSize":0}
2026-08-13 23:56:59,181 INFO  [it.uni.reti2.HeartbeatGenerator] (executor-thread-1) 💓 [HEARTBEAT] Invio heartbeat: {"stazioneId":"stazzaDellaMadonnaTroia","stato":"ONLINE","timestamp":"2026-08-13T21:56:59.181108273Z","tipoEvento":"HEARTBEAT","bufferSize":0}
2026-08-13 23:57:09,181 INFO  [it.uni.reti2.HeartbeatGenerator] (executor-thread-1) 💓 [HEARTBEAT] Invio heartbeat: {"stazioneId":"stazzaDellaMadonnaTroia","stato":"ONLINE","timestamp":"2026-08-13T21:57:09.181141685Z","tipoEvento":"HEARTBEAT","bufferSize":0}
2026-08-13 23:57:19,181 INFO  [it.uni.reti2.HeartbeatGenerator] (executor-thread-1) 💓 [HEARTBEAT] Invio heartbeat: {"stazioneId":"stazzaDellaMadonnaTroia","stato":"ONLINE","timestamp":"2026-08-13T21:57:19.181168165Z","tipoEvento":"HEARTBEAT","bufferSize":0}
2026-08-13 23:57:29,181 INFO  [it.uni.reti2.HeartbeatGenerator] (executor-thread-1) 💓 [HEARTBEAT] Invio heartbeat: {"stazioneId":"stazzaDellaMadonnaTroia","stato":"ONLINE","timestamp":"2026-08-13T21:57:29.181157262Z","tipoEvento":"HEARTBEAT","bufferSize":0}
2026-08-13 23:57:39,181 INFO  [it.uni.reti2.HeartbeatGenerator] (executor-thread-1) 💓 [HEARTBEAT] Invio heartbeat: {"stazioneId":"stazzaDellaMadonnaTroia","stato":"ONLINE","timestamp":"2026-08-13T21:57:39.181110928Z","tipoEvento":"HEARTBEAT","bufferSize":0}
2026-08-13 23:57:49,181 INFO  [it.uni.reti2.HeartbeatGenerator] (executor-thread-1) 💓 [HEARTBEAT] Invio heartbeat: {"stazioneId":"stazzaDellaMadonnaTroia","stato":"ONLINE","timestamp":"2026-08-13T21:57:49.181220185Z","tipoEvento":"HEARTBEAT","bufferSize":0}
2026-08-13 23:57:59,181 INFO  [it.uni.reti2.HeartbeatGenerator] (executor-thread-1) 💓 [HEARTBEAT] Invio heartbeat: {"stazioneId":"stazzaDellaMadonnaTroia","stato":"ONLINE","timestamp":"2026-08-13T21:57:59.181167610Z","tipoEvento":"HEARTBEAT","bufferSize":0}
2026-08-13 23:58:09,181 INFO  [it.uni.reti2.HeartbeatGenerator] (executor-thread-1) 💓 [HEARTBEAT] Invio heartbeat: {"stazioneId":"stazzaDellaMadonnaTroia","stato":"ONLINE","timestamp":"2026-08-13T21:58:09.181204560Z","tipoEvento":"HEARTBEAT","bufferSize":0}
2026-08-13 23:58:19,181 INFO  [it.uni.reti2.HeartbeatGenerator] (executor-thread-1) 💓 [HEARTBEAT] Invio heartbeat: {"stazioneId":"stazzaDellaMadonnaTroia","stato":"ONLINE","timestamp":"2026-08-13T21:58:19.181252621Z","tipoEvento":"HEARTBEAT","bufferSize":0}
2026-08-13 23:58:29,181 INFO  [it.uni.reti2.HeartbeatGenerator] (executor-thread-1) 💓 [HEARTBEAT] Invio heartbeat: {"stazioneId":"stazzaDellaMadonnaTroia","stato":"ONLINE","timestamp":"2026-08-13T21:58:29.181325545Z","tipoEvento":"HEARTBEAT","bufferSize":0}
2026-08-13 23:58:39,181 INFO  [it.uni.reti2.HeartbeatGenerator] (executor-thread-1) 💓 [HEARTBEAT] Invio heartbeat: {"stazioneId":"stazzaDellaMadonnaTroia","stato":"ONLINE","timestamp":"2026-08-13T21:58:39.181297287Z","tipoEvento":"HEARTBEAT","bufferSize":0}
2026-08-13 23:58:49,181 INFO  [it.uni.reti2.HeartbeatGenerator] (executor-thread-1) 💓 [HEARTBEAT] Invio heartbeat: {"stazioneId":"stazzaDellaMadonnaTroia","stato":"ONLINE","timestamp":"2026-08-13T21:58:49.181285004Z","tipoEvento":"HEARTBEAT","bufferSize":0}
2026-08-13 23:58:59,181 INFO  [it.uni.reti2.HeartbeatGenerator] (executor-thread-1) 💓 [HEARTBEAT] Invio heartbeat: {"stazioneId":"stazzaDellaMadonnaTroia","stato":"ONLINE","timestamp":"2026-08-13T21:58:59.181180440Z","tipoEvento":"HEARTBEAT","bufferSize":0}
2026-08-13 23:59:09,181 INFO  [it.uni.reti2.HeartbeatGenerator] (executor-thread-1) 💓 [HEARTBEAT] Invio heartbeat: {"stazioneId":"stazzaDellaMadonnaTroia","stato":"ONLINE","timestamp":"2026-08-13T21:59:09.181285224Z","tipoEvento":"HEARTBEAT","bufferSize":0}
2026-08-13 23:59:19,181 INFO  [it.uni.reti2.HeartbeatGenerator] (executor-thread-1) 💓 [HEARTBEAT] Invio heartbeat: {"stazioneId":"stazzaDellaMadonnaTroia","stato":"ONLINE","timestamp":"2026-08-13T21:59:19.181827656Z","tipoEvento":"HEARTBEAT","bufferSize":0}
2026-08-13 23:59:29,182 INFO  [it.uni.reti2.HeartbeatGenerator] (executor-thread-1) 💓 [HEARTBEAT] Invio heartbeat: {"stazioneId":"stazzaDellaMadonnaTroia","stato":"ONLINE","timestamp":"2026-08-13T21:59:29.182021889Z","tipoEvento":"HEARTBEAT","bufferSize":0}
2026-08-13 23:59:39,181 INFO  [it.uni.reti2.HeartbeatGenerator] (executor-thread-1) 💓 [HEARTBEAT] Invio heartbeat: {"stazioneId":"stazzaDellaMadonnaTroia","stato":"ONLINE","timestamp":"2026-08-13T21:59:39.181322309Z","tipoEvento":"HEARTBEAT","bufferSize":0}
2026-08-13 23:59:49,181 INFO  [it.uni.reti2.HeartbeatGenerator] (executor-thread-1) 💓 [HEARTBEAT] Invio heartbeat: {"stazioneId":"stazzaDellaMadonnaTroia","stato":"ONLINE","timestamp":"2026-08-13T21:59:49.181174672Z","tipoEvento":"HEARTBEAT","bufferSize":0}
2026-08-13 23:59:59,181 INFO  [it.uni.reti2.HeartbeatGenerator] (executor-thread-1) 💓 [HEARTBEAT] Invio heartbeat: {"stazioneId":"stazzaDellaMadonnaTroia","stato":"ONLINE","timestamp":"2026-08-13T21:59:59.181206915Z","tipoEvento":"HEARTBEAT","bufferSize":0}
2026-08-14 00:00:09,181 INFO  [it.uni.reti2.HeartbeatGenerator] (executor-thread-1) 💓 [HEARTBEAT] Invio heartbeat: {"stazioneId":"stazzaDellaMadonnaTroia","stato":"ONLINE","timestamp":"2026-08-13T22:00:09.181137011Z","tipoEvento":"HEARTBEAT","bufferSize":0}
2026-08-14 00:00:19,181 INFO  [it.uni.reti2.HeartbeatGenerator] (executor-thread-1) 💓 [HEARTBEAT] Invio heartbeat: {"stazioneId":"stazzaDellaMadonnaTroia","stato":"ONLINE","timestamp":"2026-08-13T22:00:19.181452408Z","tipoEvento":"HEARTBEAT","bufferSize":0}
2026-08-14 00:00:29,181 INFO  [it.uni.reti2.HeartbeatGenerator] (executor-thread-1) 💓 [HEARTBEAT] Invio heartbeat: {"stazioneId":"stazzaDellaMadonnaTroia","stato":"ONLINE","timestamp":"2026-08-13T22:00:29.181332854Z","tipoEvento":"HEARTBEAT","bufferSize":0}
2026-08-14 00:00:39,181 INFO  [it.uni.reti2.HeartbeatGenerator] (executor-thread-1) 💓 [HEARTBEAT] Invio heartbeat: {"stazioneId":"stazzaDellaMadonnaTroia","stato":"ONLINE","timestamp":"2026-08-13T22:00:39.181787420Z","tipoEvento":"HEARTBEAT","bufferSize":0}
2026-08-14 00:00:49,181 INFO  [it.uni.reti2.HeartbeatGenerator] (executor-thread-1) 💓 [HEARTBEAT] Invio heartbeat: {"stazioneId":"stazzaDellaMadonnaTroia","stato":"ONLINE","timestamp":"2026-08-13T22:00:49.181317148Z","tipoEvento":"HEARTBEAT","bufferSize":0}
2026-08-14 00:00:59,181 INFO  [it.uni.reti2.HeartbeatGenerator] (executor-thread-1) 💓 [HEARTBEAT] Invio heartbeat: {"stazioneId":"stazzaDellaMadonnaTroia","stato":"ONLINE","timestamp":"2026-08-13T22:00:59.181187528Z","tipoEvento":"HEARTBEAT","bufferSize":0}
2026-08-14 00:01:09,181 INFO  [it.uni.reti2.HeartbeatGenerator] (executor-thread-1) 💓 [HEARTBEAT] Invio heartbeat: {"stazioneId":"stazzaDellaMadonnaTroia","stato":"ONLINE","timestamp":"2026-08-13T22:01:09.181332496Z","tipoEvento":"HEARTBEAT","bufferSize":0}
2026-08-14 00:01:19,181 INFO  [it.uni.reti2.HeartbeatGenerator] (executor-thread-1) 💓 [HEARTBEAT] Invio heartbeat: {"stazioneId":"stazzaDellaMadonnaTroia","stato":"ONLINE","timestamp":"2026-08-13T22:01:19.181197299Z","tipoEvento":"HEARTBEAT","bufferSize":0}
2026-08-14 00:01:29,071 INFO  [it.uni.reti2.StationGateway] (vert.x-eventloop-thread-3) 🚂 [PASSAGGIO] Treno Mario in ENTRATA dalla stazione stazzaDellaMadonnaTroia
2026-08-14 00:01:29,181 INFO  [it.uni.reti2.HeartbeatGenerator] (executor-thread-1) 💓 [HEARTBEAT] Invio heartbeat: {"stazioneId":"stazzaDellaMadonnaTroia","stato":"ONLINE","timestamp":"2026-08-13T22:01:29.181263178Z","tipoEvento":"HEARTBEAT","bufferSize":0}
2026-08-14 00:01:39,181 INFO  [it.uni.reti2.HeartbeatGenerator] (executor-thread-1) 💓 [HEARTBEAT] Invio heartbeat: {"stazioneId":"stazzaDellaMadonnaTroia","stato":"ONLINE","timestamp":"2026-08-13T22:01:39.181284021Z","tipoEvento":"HEARTBEAT","bufferSize":0}
2026-08-14 00:01:49,181 INFO  [it.uni.reti2.HeartbeatGenerator] (executor-thread-1) 💓 [HEARTBEAT] Invio heartbeat: {"stazioneId":"stazzaDellaMadonnaTroia","stato":"ONLINE","timestamp":"2026-08-13T22:01:49.181444560Z","tipoEvento":"HEARTBEAT","bufferSize":0}
2026-08-14 00:01:50,071 INFO  [it.uni.reti2.StationGateway] (vert.x-eventloop-thread-3) 🚂 [PASSAGGIO] Treno Mario in USCITA dalla stazione stazzaDellaMadonnaTroia
2026-08-14 00:01:59,181 INFO  [it.uni.reti2.HeartbeatGenerator] (executor-thread-1) 💓 [HEARTBEAT] Invio heartbeat: {"stazioneId":"stazzaDellaMadonnaTroia","stato":"ONLINE","timestamp":"2026-08-13T22:01:59.181232089Z","tipoEvento":"HEARTBEAT","bufferSize":0}
2026-08-14 00:02:09,181 INFO  [it.uni.reti2.HeartbeatGenerator] (executor-thread-1) 💓 [HEARTBEAT] Invio heartbeat: {"stazioneId":"stazzaDellaMadonnaTroia","stato":"ONLINE","timestamp":"2026-08-13T22:02:09.181210625Z","tipoEvento":"HEARTBEAT","bufferSize":0}
2026-08-14 00:02:19,181 INFO  [it.uni.reti2.HeartbeatGenerator] (executor-thread-1) 💓 [HEARTBEAT] Invio heartbeat: {"stazioneId":"stazzaDellaMadonnaTroia","stato":"ONLINE","timestamp":"2026-08-13T22:02:19.181574705Z","tipoEvento":"HEARTBEAT","bufferSize":0}
2026-08-14 00:02:29,181 INFO  [it.uni.reti2.HeartbeatGenerator] (executor-thread-1) 💓 [HEARTBEAT] Invio heartbeat: {"stazioneId":"stazzaDellaMadonnaTroia","stato":"ONLINE","timestamp":"2026-08-13T22:02:29.181318437Z","tipoEvento":"HEARTBEAT","bufferSize":0}
2026-08-14 00:02:39,181 INFO  [it.uni.reti2.HeartbeatGenerator] (executor-thread-1) 💓 [HEARTBEAT] Invio heartbeat: {"stazioneId":"stazzaDellaMadonnaTroia","stato":"ONLINE","timestamp":"2026-08-13T22:02:39.181705165Z","tipoEvento":"HEARTBEAT","bufferSize":0}
2026-08-14 00:02:49,181 INFO  [it.uni.reti2.HeartbeatGenerator] (executor-thread-1) 💓 [HEARTBEAT] Invio heartbeat: {"stazioneId":"stazzaDellaMadonnaTroia","stato":"ONLINE","timestamp":"2026-08-13T22:02:49.181263184Z","tipoEvento":"HEARTBEAT","bufferSize":0}
2026-08-14 00:02:59,181 INFO  [it.uni.reti2.HeartbeatGenerator] (executor-thread-1) 💓 [HEARTBEAT] Invio heartbeat: {"stazioneId":"stazzaDellaMadonnaTroia","stato":"ONLINE","timestamp":"2026-08-13T22:02:59.181264971Z","tipoEvento":"HEARTBEAT","bufferSize":0}
2026-08-14 00:03:09,181 INFO  [it.uni.reti2.HeartbeatGenerator] (executor-thread-1) 💓 [HEARTBEAT] Invio heartbeat: {"stazioneId":"stazzaDellaMadonnaTroia","stato":"ONLINE","timestamp":"2026-08-13T22:03:09.181279093Z","tipoEvento":"HEARTBEAT","bufferSize":0}
2026-08-14 00:03:19,181 INFO  [it.uni.reti2.HeartbeatGenerator] (executor-thread-1) 💓 [HEARTBEAT] Invio heartbeat: {"stazioneId":"stazzaDellaMadonnaTroia","stato":"ONLINE","timestamp":"2026-08-13T22:03:19.181443032Z","tipoEvento":"HEARTBEAT","bufferSize":0}
2026-08-14 00:03:29,181 INFO  [it.uni.reti2.HeartbeatGenerator] (executor-thread-1) 💓 [HEARTBEAT] Invio heartbeat: {"stazioneId":"stazzaDellaMadonnaTroia","stato":"ONLINE","timestamp":"2026-08-13T22:03:29.181226019Z","tipoEvento":"HEARTBEAT","bufferSize":0}
2026-08-14 00:03:39,181 INFO  [it.uni.reti2.HeartbeatGenerator] (executor-thread-1) 💓 [HEARTBEAT] Invio heartbeat: {"stazioneId":"stazzaDellaMadonnaTroia","stato":"ONLINE","timestamp":"2026-08-13T22:03:39.181200183Z","tipoEvento":"HEARTBEAT","bufferSize":0}
2026-08-14 00:03:49,181 INFO  [it.uni.reti2.HeartbeatGenerator] (executor-thread-1) 💓 [HEARTBEAT] Invio heartbeat: {"stazioneId":"stazzaDellaMadonnaTroia","stato":"ONLINE","timestamp":"2026-08-13T22:03:49.181525296Z","tipoEvento":"HEARTBEAT","bufferSize":0}
2026-08-14 00:03:59,181 INFO  [it.uni.reti2.HeartbeatGenerator] (executor-thread-1) 💓 [HEARTBEAT] Invio heartbeat: {"stazioneId":"stazzaDellaMadonnaTroia","stato":"ONLINE","timestamp":"2026-08-13T22:03:59.181219091Z","tipoEvento":"HEARTBEAT","bufferSize":0}
2026-08-14 00:04:09,181 INFO  [it.uni.reti2.HeartbeatGenerator] (executor-thread-1) 💓 [HEARTBEAT] Invio heartbeat: {"stazioneId":"stazzaDellaMadonnaTroia","stato":"ONLINE","timestamp":"2026-08-13T22:04:09.181281838Z","tipoEvento":"HEARTBEAT","bufferSize":0}
2026-08-14 00:04:19,181 INFO  [it.uni.reti2.HeartbeatGenerator] (executor-thread-1) 💓 [HEARTBEAT] Invio heartbeat: {"stazioneId":"stazzaDellaMadonnaTroia","stato":"ONLINE","timestamp":"2026-08-13T22:04:19.181723530Z","tipoEvento":"HEARTBEAT","bufferSize":0}
2026-08-14 00:04:29,181 INFO  [it.uni.reti2.HeartbeatGenerator] (executor-thread-1) 💓 [HEARTBEAT] Invio heartbeat: {"stazioneId":"stazzaDellaMadonnaTroia","stato":"ONLINE","timestamp":"2026-08-13T22:04:29.181240267Z","tipoEvento":"HEARTBEAT","bufferSize":0}
2026-08-14 00:04:39,181 INFO  [it.uni.reti2.HeartbeatGenerator] (executor-thread-1) 💓 [HEARTBEAT] Invio heartbeat: {"stazioneId":"stazzaDellaMadonnaTroia","stato":"ONLINE","timestamp":"2026-08-13T22:04:39.181260133Z","tipoEvento":"HEARTBEAT","bufferSize":0}
2026-08-14 00:04:49,181 INFO  [it.uni.reti2.HeartbeatGenerator] (executor-thread-1) 💓 [HEARTBEAT] Invio heartbeat: {"stazioneId":"stazzaDellaMadonnaTroia","stato":"ONLINE","timestamp":"2026-08-13T22:04:49.181208153Z","tipoEvento":"HEARTBEAT","bufferSize":0}
2026-08-14 00:04:59,181 INFO  [it.uni.reti2.HeartbeatGenerator] (executor-thread-1) 💓 [HEARTBEAT] Invio heartbeat: {"stazioneId":"stazzaDellaMadonnaTroia","stato":"ONLINE","timestamp":"2026-08-13T22:04:59.181286998Z","tipoEvento":"HEARTBEAT","bufferSize":0}
2026-08-14 00:05:09,181 INFO  [it.uni.reti2.HeartbeatGenerator] (executor-thread-1) 💓 [HEARTBEAT] Invio heartbeat: {"stazioneId":"stazzaDellaMadonnaTroia","stato":"ONLINE","timestamp":"2026-08-13T22:05:09.181295314Z","tipoEvento":"HEARTBEAT","bufferSize":0}
2026-08-14 00:05:19,181 INFO  [it.uni.reti2.HeartbeatGenerator] (executor-thread-1) 💓 [HEARTBEAT] Invio heartbeat: {"stazioneId":"stazzaDellaMadonnaTroia","stato":"ONLINE","timestamp":"2026-08-13T22:05:19.181280493Z","tipoEvento":"HEARTBEAT","bufferSize":0}
2026-08-14 00:05:29,181 INFO  [it.uni.reti2.HeartbeatGenerator] (executor-thread-1) 💓 [HEARTBEAT] Invio heartbeat: {"stazioneId":"stazzaDellaMadonnaTroia","stato":"ONLINE","timestamp":"2026-08-13T22:05:29.181431837Z","tipoEvento":"HEARTBEAT","bufferSize":0}
2026-08-14 00:05:33,070 INFO  [it.uni.reti2.StationGateway] (vert.x-eventloop-thread-3) 🚂 [PASSAGGIO] Treno Mario in ENTRATA dalla stazione stazzaDellaMadonnaTroia
2026-08-14 00:05:39,181 INFO  [it.uni.reti2.HeartbeatGenerator] (executor-thread-1) 💓 [HEARTBEAT] Invio heartbeat: {"stazioneId":"stazzaDellaMadonnaTroia","stato":"ONLINE","timestamp":"2026-08-13T22:05:39.181532537Z","tipoEvento":"HEARTBEAT","bufferSize":0}
2026-08-14 00:05:49,181 INFO  [it.uni.reti2.HeartbeatGenerator] (executor-thread-1) 💓 [HEARTBEAT] Invio heartbeat: {"stazioneId":"stazzaDellaMadonnaTroia","stato":"ONLINE","timestamp":"2026-08-13T22:05:49.181195810Z","tipoEvento":"HEARTBEAT","bufferSize":0}
2026-08-14 00:05:53,071 INFO  [it.uni.reti2.StationGateway] (vert.x-eventloop-thread-3) 🚂 [PASSAGGIO] Treno Mario in USCITA dalla stazione stazzaDellaMadonnaTroia
2026-08-14 00:05:59,181 INFO  [it.uni.reti2.HeartbeatGenerator] (executor-thread-1) 💓 [HEARTBEAT] Invio heartbeat: {"stazioneId":"stazzaDellaMadonnaTroia","stato":"ONLINE","timestamp":"2026-08-13T22:05:59.181242500Z","tipoEvento":"HEARTBEAT","bufferSize":0}
2026-08-14 00:06:09,181 INFO  [it.uni.reti2.HeartbeatGenerator] (executor-thread-1) 💓 [HEARTBEAT] Invio heartbeat: {"stazioneId":"stazzaDellaMadonnaTroia","stato":"ONLINE","timestamp":"2026-08-13T22:06:09.181524535Z","tipoEvento":"HEARTBEAT","bufferSize":0}
2026-08-14 00:06:10,071 INFO  [it.uni.reti2.StationGateway] (vert.x-eventloop-thread-3) 🚂 [PASSAGGIO] Treno tenoAmmazzaRicchi in ENTRATA dalla stazione stazzaDellaMadonnaTroia
2026-08-14 00:06:19,181 INFO  [it.uni.reti2.HeartbeatGenerator] (executor-thread-1) 💓 [HEARTBEAT] Invio heartbeat: {"stazioneId":"stazzaDellaMadonnaTroia","stato":"ONLINE","timestamp":"2026-08-13T22:06:19.181201004Z","tipoEvento":"HEARTBEAT","bufferSize":0}
2026-08-14 00:06:29,181 INFO  [it.uni.reti2.HeartbeatGenerator] (executor-thread-1) 💓 [HEARTBEAT] Invio heartbeat: {"stazioneId":"stazzaDellaMadonnaTroia","stato":"ONLINE","timestamp":"2026-08-13T22:06:29.181232982Z","tipoEvento":"HEARTBEAT","bufferSize":0}
2026-08-14 00:06:39,181 INFO  [it.uni.reti2.HeartbeatGenerator] (executor-thread-1) 💓 [HEARTBEAT] Invio heartbeat: {"stazioneId":"stazzaDellaMadonnaTroia","stato":"ONLINE","timestamp":"2026-08-13T22:06:39.181546137Z","tipoEvento":"HEARTBEAT","bufferSize":0}
2026-08-14 00:06:49,181 INFO  [it.uni.reti2.HeartbeatGenerator] (executor-thread-1) 💓 [HEARTBEAT] Invio heartbeat: {"stazioneId":"stazzaDellaMadonnaTroia","stato":"ONLINE","timestamp":"2026-08-13T22:06:49.181163379Z","tipoEvento":"HEARTBEAT","bufferSize":0}
2026-08-14 00:06:51,070 INFO  [it.uni.reti2.StationGateway] (vert.x-eventloop-thread-3) 🚂 [PASSAGGIO] Treno tenoAmmazzaRicchi in USCITA dalla stazione stazzaDellaMadonnaTroia
2026-08-14 00:06:59,181 INFO  [it.uni.reti2.HeartbeatGenerator] (executor-thread-1) 💓 [HEARTBEAT] Invio heartbeat: {"stazioneId":"stazzaDellaMadonnaTroia","stato":"ONLINE","timestamp":"2026-08-13T22:06:59.181202688Z","tipoEvento":"HEARTBEAT","bufferSize":0}
2026-08-14 00:07:09,181 INFO  [it.uni.reti2.HeartbeatGenerator] (executor-thread-1) 💓 [HEARTBEAT] Invio heartbeat: {"stazioneId":"stazzaDellaMadonnaTroia","stato":"ONLINE","timestamp":"2026-08-13T22:07:09.181208736Z","tipoEvento":"HEARTBEAT","bufferSize":0}
2026-08-14 00:07:19,181 INFO  [it.uni.reti2.HeartbeatGenerator] (executor-thread-1) 💓 [HEARTBEAT] Invio heartbeat: {"stazioneId":"stazzaDellaMadonnaTroia","stato":"ONLINE","timestamp":"2026-08-13T22:07:19.181661833Z","tipoEvento":"HEARTBEAT","bufferSize":0}
2026-08-14 00:07:29,181 INFO  [it.uni.reti2.HeartbeatGenerator] (executor-thread-1) 💓 [HEARTBEAT] Invio heartbeat: {"stazioneId":"stazzaDellaMadonnaTroia","stato":"ONLINE","timestamp":"2026-08-13T22:07:29.181250683Z","tipoEvento":"HEARTBEAT","bufferSize":0}
2026-08-14 00:07:39,181 INFO  [it.uni.reti2.HeartbeatGenerator] (executor-thread-1) 💓 [HEARTBEAT] Invio heartbeat: {"stazioneId":"stazzaDellaMadonnaTroia","stato":"ONLINE","timestamp":"2026-08-13T22:07:39.181251399Z","tipoEvento":"HEARTBEAT","bufferSize":0}
2026-08-14 00:07:49,181 INFO  [it.uni.reti2.HeartbeatGenerator] (executor-thread-1) 💓 [HEARTBEAT] Invio heartbeat: {"stazioneId":"stazzaDellaMadonnaTroia","stato":"ONLINE","timestamp":"2026-08-13T22:07:49.181268799Z","tipoEvento":"HEARTBEAT","bufferSize":0}
2026-08-14 00:07:59,181 INFO  [it.uni.reti2.HeartbeatGenerator] (executor-thread-1) 💓 [HEARTBEAT] Invio heartbeat: {"stazioneId":"stazzaDellaMadonnaTroia","stato":"ONLINE","timestamp":"2026-08-13T22:07:59.181251143Z","tipoEvento":"HEARTBEAT","bufferSize":0}
2026-08-14 00:08:09,181 INFO  [it.uni.reti2.HeartbeatGenerator] (executor-thread-1) 💓 [HEARTBEAT] Invio heartbeat: {"stazioneId":"stazzaDellaMadonnaTroia","stato":"ONLINE","timestamp":"2026-08-13T22:08:09.181284222Z","tipoEvento":"HEARTBEAT","bufferSize":0}
2026-08-14 00:08:19,181 INFO  [it.uni.reti2.HeartbeatGenerator] (executor-thread-1) 💓 [HEARTBEAT] Invio heartbeat: {"stazioneId":"stazzaDellaMadonnaTroia","stato":"ONLINE","timestamp":"2026-08-13T22:08:19.181158540Z","tipoEvento":"HEARTBEAT","bufferSize":0}
2026-08-14 00:08:29,181 INFO  [it.uni.reti2.HeartbeatGenerator] (executor-thread-1) 💓 [HEARTBEAT] Invio heartbeat: {"stazioneId":"stazzaDellaMadonnaTroia","stato":"ONLINE","timestamp":"2026-08-13T22:08:29.181462883Z","tipoEvento":"HEARTBEAT","bufferSize":0}
2026-08-14 00:08:39,181 INFO  [it.uni.reti2.HeartbeatGenerator] (executor-thread-1) 💓 [HEARTBEAT] Invio heartbeat: {"stazioneId":"stazzaDellaMadonnaTroia","stato":"ONLINE","timestamp":"2026-08-13T22:08:39.181523466Z","tipoEvento":"HEARTBEAT","bufferSize":0}
2026-08-14 00:08:49,181 INFO  [it.uni.reti2.HeartbeatGenerator] (executor-thread-1) 💓 [HEARTBEAT] Invio heartbeat: {"stazioneId":"stazzaDellaMadonnaTroia","stato":"ONLINE","timestamp":"2026-08-13T22:08:49.181354337Z","tipoEvento":"HEARTBEAT","bufferSize":0}
2026-08-14 00:08:59,181 INFO  [it.uni.reti2.HeartbeatGenerator] (executor-thread-1) 💓 [HEARTBEAT] Invio heartbeat: {"stazioneId":"stazzaDellaMadonnaTroia","stato":"ONLINE","timestamp":"2026-08-13T22:08:59.181160832Z","tipoEvento":"HEARTBEAT","bufferSize":0}
2026-08-14 00:09:09,181 INFO  [it.uni.reti2.HeartbeatGenerator] (executor-thread-1) 💓 [HEARTBEAT] Invio heartbeat: {"stazioneId":"stazzaDellaMadonnaTroia","stato":"ONLINE","timestamp":"2026-08-13T22:09:09.181236996Z","tipoEvento":"HEARTBEAT","bufferSize":0}
2026-08-14 00:09:19,181 INFO  [it.uni.reti2.HeartbeatGenerator] (executor-thread-1) 💓 [HEARTBEAT] Invio heartbeat: {"stazioneId":"stazzaDellaMadonnaTroia","stato":"ONLINE","timestamp":"2026-08-13T22:09:19.181205147Z","tipoEvento":"HEARTBEAT","bufferSize":0}
2026-08-14 00:09:29,181 INFO  [it.uni.reti2.HeartbeatGenerator] (executor-thread-1) 💓 [HEARTBEAT] Invio heartbeat: {"stazioneId":"stazzaDellaMadonnaTroia","stato":"ONLINE","timestamp":"2026-08-13T22:09:29.181160581Z","tipoEvento":"HEARTBEAT","bufferSize":0}
2026-08-14 00:09:39,181 INFO  [it.uni.reti2.HeartbeatGenerator] (executor-thread-1) 💓 [HEARTBEAT] Invio heartbeat: {"stazioneId":"stazzaDellaMadonnaTroia","stato":"ONLINE","timestamp":"2026-08-13T22:09:39.181125755Z","tipoEvento":"HEARTBEAT","bufferSize":0}
2026-08-14 00:09:49,181 INFO  [it.uni.reti2.HeartbeatGenerator] (executor-thread-1) 💓 [HEARTBEAT] Invio heartbeat: {"stazioneId":"stazzaDellaMadonnaTroia","stato":"ONLINE","timestamp":"2026-08-13T22:09:49.181827640Z","tipoEvento":"HEARTBEAT","bufferSize":0}
2026-08-14 00:09:59,181 INFO  [it.uni.reti2.HeartbeatGenerator] (executor-thread-1) 💓 [HEARTBEAT] Invio heartbeat: {"stazioneId":"stazzaDellaMadonnaTroia","stato":"ONLINE","timestamp":"2026-08-13T22:09:59.181174302Z","tipoEvento":"HEARTBEAT","bufferSize":0}
2026-08-14 00:10:09,181 INFO  [it.uni.reti2.HeartbeatGenerator] (executor-thread-1) 💓 [HEARTBEAT] Invio heartbeat: {"stazioneId":"stazzaDellaMadonnaTroia","stato":"ONLINE","timestamp":"2026-08-13T22:10:09.181558255Z","tipoEvento":"HEARTBEAT","bufferSize":0}
2026-08-14 00:10:19,181 INFO  [it.uni.reti2.HeartbeatGenerator] (executor-thread-1) 💓 [HEARTBEAT] Invio heartbeat: {"stazioneId":"stazzaDellaMadonnaTroia","stato":"ONLINE","timestamp":"2026-08-13T22:10:19.181258241Z","tipoEvento":"HEARTBEAT","bufferSize":0}
2026-08-14 00:10:29,181 INFO  [it.uni.reti2.HeartbeatGenerator] (executor-thread-1) 💓 [HEARTBEAT] Invio heartbeat: {"stazioneId":"stazzaDellaMadonnaTroia","stato":"ONLINE","timestamp":"2026-08-13T22:10:29.181173735Z","tipoEvento":"HEARTBEAT","bufferSize":0}
2026-08-14 00:10:39,181 INFO  [it.uni.reti2.HeartbeatGenerator] (executor-thread-1) 💓 [HEARTBEAT] Invio heartbeat: {"stazioneId":"stazzaDellaMadonnaTroia","stato":"ONLINE","timestamp":"2026-08-13T22:10:39.181838145Z","tipoEvento":"HEARTBEAT","bufferSize":0}
2026-08-14 00:10:49,181 INFO  [it.uni.reti2.HeartbeatGenerator] (executor-thread-1) 💓 [HEARTBEAT] Invio heartbeat: {"stazioneId":"stazzaDellaMadonnaTroia","stato":"ONLINE","timestamp":"2026-08-13T22:10:49.181167908Z","tipoEvento":"HEARTBEAT","bufferSize":0}
2026-08-14 00:10:59,181 INFO  [it.uni.reti2.HeartbeatGenerator] (executor-thread-1) 💓 [HEARTBEAT] Invio heartbeat: {"stazioneId":"stazzaDellaMadonnaTroia","stato":"ONLINE","timestamp":"2026-08-13T22:10:59.181196788Z","tipoEvento":"HEARTBEAT","bufferSize":0}
2026-08-14 00:11:09,181 INFO  [it.uni.reti2.HeartbeatGenerator] (executor-thread-1) 💓 [HEARTBEAT] Invio heartbeat: {"stazioneId":"stazzaDellaMadonnaTroia","stato":"ONLINE","timestamp":"2026-08-13T22:11:09.181154420Z","tipoEvento":"HEARTBEAT","bufferSize":0}
2026-08-14 00:11:19,181 INFO  [it.uni.reti2.HeartbeatGenerator] (executor-thread-1) 💓 [HEARTBEAT] Invio heartbeat: {"stazioneId":"stazzaDellaMadonnaTroia","stato":"ONLINE","timestamp":"2026-08-13T22:11:19.181523978Z","tipoEvento":"HEARTBEAT","bufferSize":0}
2026-08-14 00:11:29,181 INFO  [it.uni.reti2.HeartbeatGenerator] (executor-thread-1) 💓 [HEARTBEAT] Invio heartbeat: {"stazioneId":"stazzaDellaMadonnaTroia","stato":"ONLINE","timestamp":"2026-08-13T22:11:29.181497809Z","tipoEvento":"HEARTBEAT","bufferSize":0}
2026-08-14 00:11:39,181 INFO  [it.uni.reti2.HeartbeatGenerator] (executor-thread-1) 💓 [HEARTBEAT] Invio heartbeat: {"stazioneId":"stazzaDellaMadonnaTroia","stato":"ONLINE","timestamp":"2026-08-13T22:11:39.181301532Z","tipoEvento":"HEARTBEAT","bufferSize":0}
2026-08-14 00:11:49,181 INFO  [it.uni.reti2.HeartbeatGenerator] (executor-thread-1) 💓 [HEARTBEAT] Invio heartbeat: {"stazioneId":"stazzaDellaMadonnaTroia","stato":"ONLINE","timestamp":"2026-08-13T22:11:49.181201546Z","tipoEvento":"HEARTBEAT","bufferSize":0}
2026-08-14 00:11:59,181 INFO  [it.uni.reti2.HeartbeatGenerator] (executor-thread-1) 💓 [HEARTBEAT] Invio heartbeat: {"stazioneId":"stazzaDellaMadonnaTroia","stato":"ONLINE","timestamp":"2026-08-13T22:11:59.181216651Z","tipoEvento":"HEARTBEAT","bufferSize":0}
2026-08-14 00:12:09,181 INFO  [it.uni.reti2.HeartbeatGenerator] (executor-thread-1) 💓 [HEARTBEAT] Invio heartbeat: {"stazioneId":"stazzaDellaMadonnaTroia","stato":"ONLINE","timestamp":"2026-08-13T22:12:09.181193044Z","tipoEvento":"HEARTBEAT","bufferSize":0}
2026-08-14 00:12:19,181 INFO  [it.uni.reti2.HeartbeatGenerator] (executor-thread-1) 💓 [HEARTBEAT] Invio heartbeat: {"stazioneId":"stazzaDellaMadonnaTroia","stato":"ONLINE","timestamp":"2026-08-13T22:12:19.181306535Z","tipoEvento":"HEARTBEAT","bufferSize":0}
2026-08-14 00:12:29,181 INFO  [it.uni.reti2.HeartbeatGenerator] (executor-thread-1) 💓 [HEARTBEAT] Invio heartbeat: {"stazioneId":"stazzaDellaMadonnaTroia","stato":"ONLINE","timestamp":"2026-08-13T22:12:29.181286734Z","tipoEvento":"HEARTBEAT","bufferSize":0}
2026-08-14 00:12:39,181 INFO  [it.uni.reti2.HeartbeatGenerator] (executor-thread-1) 💓 [HEARTBEAT] Invio heartbeat: {"stazioneId":"stazzaDellaMadonnaTroia","stato":"ONLINE","timestamp":"2026-08-13T22:12:39.181507403Z","tipoEvento":"HEARTBEAT","bufferSize":0}
2026-08-14 00:12:49,181 INFO  [it.uni.reti2.HeartbeatGenerator] (executor-thread-1) 💓 [HEARTBEAT] Invio heartbeat: {"stazioneId":"stazzaDellaMadonnaTroia","stato":"ONLINE","timestamp":"2026-08-13T22:12:49.181376179Z","tipoEvento":"HEARTBEAT","bufferSize":0}
2026-08-14 00:12:59,181 INFO  [it.uni.reti2.HeartbeatGenerator] (executor-thread-1) 💓 [HEARTBEAT] Invio heartbeat: {"stazioneId":"stazzaDellaMadonnaTroia","stato":"ONLINE","timestamp":"2026-08-13T22:12:59.181629855Z","tipoEvento":"HEARTBEAT","bufferSize":0}
2026-08-14 00:13:09,181 INFO  [it.uni.reti2.HeartbeatGenerator] (executor-thread-1) 💓 [HEARTBEAT] Invio heartbeat: {"stazioneId":"stazzaDellaMadonnaTroia","stato":"ONLINE","timestamp":"2026-08-13T22:13:09.181232551Z","tipoEvento":"HEARTBEAT","bufferSize":0}
2026-08-14 00:13:19,181 INFO  [it.uni.reti2.HeartbeatGenerator] (executor-thread-1) 💓 [HEARTBEAT] Invio heartbeat: {"stazioneId":"stazzaDellaMadonnaTroia","stato":"ONLINE","timestamp":"2026-08-13T22:13:19.181148052Z","tipoEvento":"HEARTBEAT","bufferSize":0}
2026-08-14 00:13:29,181 INFO  [it.uni.reti2.HeartbeatGenerator] (executor-thread-1) 💓 [HEARTBEAT] Invio heartbeat: {"stazioneId":"stazzaDellaMadonnaTroia","stato":"ONLINE","timestamp":"2026-08-13T22:13:29.181105093Z","tipoEvento":"HEARTBEAT","bufferSize":0}
2026-08-14 00:13:39,181 INFO  [it.uni.reti2.HeartbeatGenerator] (executor-thread-1) 💓 [HEARTBEAT] Invio heartbeat: {"stazioneId":"stazzaDellaMadonnaTroia","stato":"ONLINE","timestamp":"2026-08-13T22:13:39.181104495Z","tipoEvento":"HEARTBEAT","bufferSize":0}
2026-08-14 00:13:49,181 INFO  [it.uni.reti2.HeartbeatGenerator] (executor-thread-1) 💓 [HEARTBEAT] Invio heartbeat: {"stazioneId":"stazzaDellaMadonnaTroia","stato":"ONLINE","timestamp":"2026-08-13T22:13:49.181125505Z","tipoEvento":"HEARTBEAT","bufferSize":0}
2026-08-14 00:13:59,181 INFO  [it.uni.reti2.HeartbeatGenerator] (executor-thread-1) 💓 [HEARTBEAT] Invio heartbeat: {"stazioneId":"stazzaDellaMadonnaTroia","stato":"ONLINE","timestamp":"2026-08-13T22:13:59.181113673Z","tipoEvento":"HEARTBEAT","bufferSize":0}
2026-08-14 00:14:09,181 INFO  [it.uni.reti2.HeartbeatGenerator] (executor-thread-1) 💓 [HEARTBEAT] Invio heartbeat: {"stazioneId":"stazzaDellaMadonnaTroia","stato":"ONLINE","timestamp":"2026-08-13T22:14:09.181121907Z","tipoEvento":"HEARTBEAT","bufferSize":0}
2026-08-14 00:14:19,181 INFO  [it.uni.reti2.HeartbeatGenerator] (executor-thread-1) 💓 [HEARTBEAT] Invio heartbeat: {"stazioneId":"stazzaDellaMadonnaTroia","stato":"ONLINE","timestamp":"2026-08-13T22:14:19.181104438Z","tipoEvento":"HEARTBEAT","bufferSize":0}
2026-08-14 00:14:29,181 INFO  [it.uni.reti2.HeartbeatGenerator] (executor-thread-1) 💓 [HEARTBEAT] Invio heartbeat: {"stazioneId":"stazzaDellaMadonnaTroia","stato":"ONLINE","timestamp":"2026-08-13T22:14:29.181258122Z","tipoEvento":"HEARTBEAT","bufferSize":0}
2026-08-14 00:14:39,181 INFO  [it.uni.reti2.HeartbeatGenerator] (executor-thread-1) 💓 [HEARTBEAT] Invio heartbeat: {"stazioneId":"stazzaDellaMadonnaTroia","stato":"ONLINE","timestamp":"2026-08-13T22:14:39.181223402Z","tipoEvento":"HEARTBEAT","bufferSize":0}
2026-08-14 00:14:49,181 INFO  [it.uni.reti2.HeartbeatGenerator] (executor-thread-1) 💓 [HEARTBEAT] Invio heartbeat: {"stazioneId":"stazzaDellaMadonnaTroia","stato":"ONLINE","timestamp":"2026-08-13T22:14:49.181274422Z","tipoEvento":"HEARTBEAT","bufferSize":0}
2026-08-14 00:14:59,181 INFO  [it.uni.reti2.HeartbeatGenerator] (executor-thread-1) 💓 [HEARTBEAT] Invio heartbeat: {"stazioneId":"stazzaDellaMadonnaTroia","stato":"ONLINE","timestamp":"2026-08-13T22:14:59.181233292Z","tipoEvento":"HEARTBEAT","bufferSize":0}
2026-08-14 00:15:09,181 INFO  [it.uni.reti2.HeartbeatGenerator] (executor-thread-1) 💓 [HEARTBEAT] Invio heartbeat: {"stazioneId":"stazzaDellaMadonnaTroia","stato":"ONLINE","timestamp":"2026-08-13T22:15:09.181295140Z","tipoEvento":"HEARTBEAT","bufferSize":0}
2026-08-14 00:15:19,181 INFO  [it.uni.reti2.HeartbeatGenerator] (executor-thread-1) 💓 [HEARTBEAT] Invio heartbeat: {"stazioneId":"stazzaDellaMadonnaTroia","stato":"ONLINE","timestamp":"2026-08-13T22:15:19.181893659Z","tipoEvento":"HEARTBEAT","bufferSize":0}
2026-08-14 00:15:29,181 INFO  [it.uni.reti2.HeartbeatGenerator] (executor-thread-1) 💓 [HEARTBEAT] Invio heartbeat: {"stazioneId":"stazzaDellaMadonnaTroia","stato":"ONLINE","timestamp":"2026-08-13T22:15:29.181302001Z","tipoEvento":"HEARTBEAT","bufferSize":0}
2026-08-14 00:15:39,181 INFO  [it.uni.reti2.HeartbeatGenerator] (executor-thread-1) 💓 [HEARTBEAT] Invio heartbeat: {"stazioneId":"stazzaDellaMadonnaTroia","stato":"ONLINE","timestamp":"2026-08-13T22:15:39.181582689Z","tipoEvento":"HEARTBEAT","bufferSize":0}
2026-08-14 00:15:49,181 INFO  [it.uni.reti2.HeartbeatGenerator] (executor-thread-1) 💓 [HEARTBEAT] Invio heartbeat: {"stazioneId":"stazzaDellaMadonnaTroia","stato":"ONLINE","timestamp":"2026-08-13T22:15:49.181270184Z","tipoEvento":"HEARTBEAT","bufferSize":0}
2026-08-14 00:15:59,181 INFO  [it.uni.reti2.HeartbeatGenerator] (executor-thread-1) 💓 [HEARTBEAT] Invio heartbeat: {"stazioneId":"stazzaDellaMadonnaTroia","stato":"ONLINE","timestamp":"2026-08-13T22:15:59.181167742Z","tipoEvento":"HEARTBEAT","bufferSize":0}
2026-08-14 00:16:09,181 INFO  [it.uni.reti2.HeartbeatGenerator] (executor-thread-1) 💓 [HEARTBEAT] Invio heartbeat: {"stazioneId":"stazzaDellaMadonnaTroia","stato":"ONLINE","timestamp":"2026-08-13T22:16:09.181170860Z","tipoEvento":"HEARTBEAT","bufferSize":0}
2026-08-14 00:16:19,181 INFO  [it.uni.reti2.HeartbeatGenerator] (executor-thread-1) 💓 [HEARTBEAT] Invio heartbeat: {"stazioneId":"stazzaDellaMadonnaTroia","stato":"ONLINE","timestamp":"2026-08-13T22:16:19.181186427Z","tipoEvento":"HEARTBEAT","bufferSize":0}
2026-08-14 00:16:29,181 INFO  [it.uni.reti2.HeartbeatGenerator] (executor-thread-1) 💓 [HEARTBEAT] Invio heartbeat: {"stazioneId":"stazzaDellaMadonnaTroia","stato":"ONLINE","timestamp":"2026-08-13T22:16:29.181543030Z","tipoEvento":"HEARTBEAT","bufferSize":0}
2026-08-14 00:16:39,181 INFO  [it.uni.reti2.HeartbeatGenerator] (executor-thread-1) 💓 [HEARTBEAT] Invio heartbeat: {"stazioneId":"stazzaDellaMadonnaTroia","stato":"ONLINE","timestamp":"2026-08-13T22:16:39.181237652Z","tipoEvento":"HEARTBEAT","bufferSize":0}
2026-08-14 00:16:49,181 INFO  [it.uni.reti2.HeartbeatGenerator] (executor-thread-1) 💓 [HEARTBEAT] Invio heartbeat: {"stazioneId":"stazzaDellaMadonnaTroia","stato":"ONLINE","timestamp":"2026-08-13T22:16:49.181139569Z","tipoEvento":"HEARTBEAT","bufferSize":0}
2026-08-14 00:16:59,181 INFO  [it.uni.reti2.HeartbeatGenerator] (executor-thread-1) 💓 [HEARTBEAT] Invio heartbeat: {"stazioneId":"stazzaDellaMadonnaTroia","stato":"ONLINE","timestamp":"2026-08-13T22:16:59.181666945Z","tipoEvento":"HEARTBEAT","bufferSize":0}
2026-08-14 00:17:02,070 INFO  [it.uni.reti2.StationGateway] (vert.x-eventloop-thread-3) 🚂 [PASSAGGIO] Treno Mario in ENTRATA dalla stazione stazzaDellaMadonnaTroia
2026-08-14 00:17:09,181 INFO  [it.uni.reti2.HeartbeatGenerator] (executor-thread-1) 💓 [HEARTBEAT] Invio heartbeat: {"stazioneId":"stazzaDellaMadonnaTroia","stato":"ONLINE","timestamp":"2026-08-13T22:17:09.181198194Z","tipoEvento":"HEARTBEAT","bufferSize":0}
2026-08-14 00:17:19,181 INFO  [it.uni.reti2.HeartbeatGenerator] (executor-thread-1) 💓 [HEARTBEAT] Invio heartbeat: {"stazioneId":"stazzaDellaMadonnaTroia","stato":"ONLINE","timestamp":"2026-08-13T22:17:19.181232284Z","tipoEvento":"HEARTBEAT","bufferSize":0}
2026-08-14 00:17:22,070 INFO  [it.uni.reti2.StationGateway] (vert.x-eventloop-thread-3) 🚂 [PASSAGGIO] Treno Mario in USCITA dalla stazione stazzaDellaMadonnaTroia
2026-08-14 00:17:29,181 INFO  [it.uni.reti2.HeartbeatGenerator] (executor-thread-1) 💓 [HEARTBEAT] Invio heartbeat: {"stazioneId":"stazzaDellaMadonnaTroia","stato":"ONLINE","timestamp":"2026-08-13T22:17:29.181240975Z","tipoEvento":"HEARTBEAT","bufferSize":0}
2026-08-14 00:17:39,181 INFO  [it.uni.reti2.HeartbeatGenerator] (executor-thread-1) 💓 [HEARTBEAT] Invio heartbeat: {"stazioneId":"stazzaDellaMadonnaTroia","stato":"ONLINE","timestamp":"2026-08-13T22:17:39.181429345Z","tipoEvento":"HEARTBEAT","bufferSize":0}
2026-08-14 00:17:49,181 INFO  [it.uni.reti2.HeartbeatGenerator] (executor-thread-1) 💓 [HEARTBEAT] Invio heartbeat: {"stazioneId":"stazzaDellaMadonnaTroia","stato":"ONLINE","timestamp":"2026-08-13T22:17:49.181197693Z","tipoEvento":"HEARTBEAT","bufferSize":0}
2026-08-14 00:17:59,092 INFO  [it.uni.reti2.StationGateway] (vert.x-eventloop-thread-3) 🚂 [PASSAGGIO] Treno tenoAmmazzaRicchi in ENTRATA dalla stazione stazzaDellaMadonnaTroia
2026-08-14 00:17:59,181 INFO  [it.uni.reti2.HeartbeatGenerator] (executor-thread-1) 💓 [HEARTBEAT] Invio heartbeat: {"stazioneId":"stazzaDellaMadonnaTroia","stato":"ONLINE","timestamp":"2026-08-13T22:17:59.181163326Z","tipoEvento":"HEARTBEAT","bufferSize":0}
2026-08-14 00:18:09,181 INFO  [it.uni.reti2.HeartbeatGenerator] (executor-thread-1) 💓 [HEARTBEAT] Invio heartbeat: {"stazioneId":"stazzaDellaMadonnaTroia","stato":"ONLINE","timestamp":"2026-08-13T22:18:09.181184070Z","tipoEvento":"HEARTBEAT","bufferSize":0}
2026-08-14 00:18:19,181 INFO  [it.uni.reti2.HeartbeatGenerator] (executor-thread-1) 💓 [HEARTBEAT] Invio heartbeat: {"stazioneId":"stazzaDellaMadonnaTroia","stato":"ONLINE","timestamp":"2026-08-13T22:18:19.181266523Z","tipoEvento":"HEARTBEAT","bufferSize":0}
2026-08-14 00:18:29,181 INFO  [it.uni.reti2.HeartbeatGenerator] (executor-thread-1) 💓 [HEARTBEAT] Invio heartbeat: {"stazioneId":"stazzaDellaMadonnaTroia","stato":"ONLINE","timestamp":"2026-08-13T22:18:29.181275246Z","tipoEvento":"HEARTBEAT","bufferSize":0}
2026-08-14 00:18:39,181 INFO  [it.uni.reti2.HeartbeatGenerator] (executor-thread-1) 💓 [HEARTBEAT] Invio heartbeat: {"stazioneId":"stazzaDellaMadonnaTroia","stato":"ONLINE","timestamp":"2026-08-13T22:18:39.181243048Z","tipoEvento":"HEARTBEAT","bufferSize":0}
2026-08-14 00:18:40,070 INFO  [it.uni.reti2.StationGateway] (vert.x-eventloop-thread-3) 🚂 [PASSAGGIO] Treno tenoAmmazzaRicchi in USCITA dalla stazione stazzaDellaMadonnaTroia
2026-08-14 00:18:49,181 INFO  [it.uni.reti2.HeartbeatGenerator] (executor-thread-1) 💓 [HEARTBEAT] Invio heartbeat: {"stazioneId":"stazzaDellaMadonnaTroia","stato":"ONLINE","timestamp":"2026-08-13T22:18:49.181152726Z","tipoEvento":"HEARTBEAT","bufferSize":0}
2026-08-14 00:18:59,181 INFO  [it.uni.reti2.HeartbeatGenerator] (executor-thread-1) 💓 [HEARTBEAT] Invio heartbeat: {"stazioneId":"stazzaDellaMadonnaTroia","stato":"ONLINE","timestamp":"2026-08-13T22:18:59.181477362Z","tipoEvento":"HEARTBEAT","bufferSize":0}
2026-08-14 00:19:09,181 INFO  [it.uni.reti2.HeartbeatGenerator] (executor-thread-1) 💓 [HEARTBEAT] Invio heartbeat: {"stazioneId":"stazzaDellaMadonnaTroia","stato":"ONLINE","timestamp":"2026-08-13T22:19:09.181534963Z","tipoEvento":"HEARTBEAT","bufferSize":0}
2026-08-14 00:19:19,181 INFO  [it.uni.reti2.HeartbeatGenerator] (executor-thread-1) 💓 [HEARTBEAT] Invio heartbeat: {"stazioneId":"stazzaDellaMadonnaTroia","stato":"ONLINE","timestamp":"2026-08-13T22:19:19.181616542Z","tipoEvento":"HEARTBEAT","bufferSize":0}
2026-08-14 00:19:29,181 INFO  [it.uni.reti2.HeartbeatGenerator] (executor-thread-1) 💓 [HEARTBEAT] Invio heartbeat: {"stazioneId":"stazzaDellaMadonnaTroia","stato":"ONLINE","timestamp":"2026-08-13T22:19:29.181243202Z","tipoEvento":"HEARTBEAT","bufferSize":0}
2026-08-14 00:19:39,181 INFO  [it.uni.reti2.HeartbeatGenerator] (executor-thread-1) 💓 [HEARTBEAT] Invio heartbeat: {"stazioneId":"stazzaDellaMadonnaTroia","stato":"ONLINE","timestamp":"2026-08-13T22:19:39.181126811Z","tipoEvento":"HEARTBEAT","bufferSize":0}
2026-08-14 00:19:49,181 INFO  [it.uni.reti2.HeartbeatGenerator] (executor-thread-1) 💓 [HEARTBEAT] Invio heartbeat: {"stazioneId":"stazzaDellaMadonnaTroia","stato":"ONLINE","timestamp":"2026-08-13T22:19:49.181126286Z","tipoEvento":"HEARTBEAT","bufferSize":0}
2026-08-14 00:19:59,181 INFO  [it.uni.reti2.HeartbeatGenerator] (executor-thread-1) 💓 [HEARTBEAT] Invio heartbeat: {"stazioneId":"stazzaDellaMadonnaTroia","stato":"ONLINE","timestamp":"2026-08-13T22:19:59.181109307Z","tipoEvento":"HEARTBEAT","bufferSize":0}
2026-08-14 00:20:09,181 INFO  [it.uni.reti2.HeartbeatGenerator] (executor-thread-1) 💓 [HEARTBEAT] Invio heartbeat: {"stazioneId":"stazzaDellaMadonnaTroia","stato":"ONLINE","timestamp":"2026-08-13T22:20:09.181119227Z","tipoEvento":"HEARTBEAT","bufferSize":0}
2026-08-14 00:20:19,181 INFO  [it.uni.reti2.HeartbeatGenerator] (executor-thread-1) 💓 [HEARTBEAT] Invio heartbeat: {"stazioneId":"stazzaDellaMadonnaTroia","stato":"ONLINE","timestamp":"2026-08-13T22:20:19.181166530Z","tipoEvento":"HEARTBEAT","bufferSize":0}
2026-08-14 00:20:29,181 INFO  [it.uni.reti2.HeartbeatGenerator] (executor-thread-1) 💓 [HEARTBEAT] Invio heartbeat: {"stazioneId":"stazzaDellaMadonnaTroia","stato":"ONLINE","timestamp":"2026-08-13T22:20:29.181166252Z","tipoEvento":"HEARTBEAT","bufferSize":0}
2026-08-14 00:20:39,181 INFO  [it.uni.reti2.HeartbeatGenerator] (executor-thread-1) 💓 [HEARTBEAT] Invio heartbeat: {"stazioneId":"stazzaDellaMadonnaTroia","stato":"ONLINE","timestamp":"2026-08-13T22:20:39.181160518Z","tipoEvento":"HEARTBEAT","bufferSize":0}
2026-08-14 00:20:49,181 INFO  [it.uni.reti2.HeartbeatGenerator] (executor-thread-1) 💓 [HEARTBEAT] Invio heartbeat: {"stazioneId":"stazzaDellaMadonnaTroia","stato":"ONLINE","timestamp":"2026-08-13T22:20:49.181476070Z","tipoEvento":"HEARTBEAT","bufferSize":0}
2026-08-14 00:20:59,181 INFO  [it.uni.reti2.HeartbeatGenerator] (executor-thread-1) 💓 [HEARTBEAT] Invio heartbeat: {"stazioneId":"stazzaDellaMadonnaTroia","stato":"ONLINE","timestamp":"2026-08-13T22:20:59.181186943Z","tipoEvento":"HEARTBEAT","bufferSize":0}
2026-08-14 00:21:04,071 INFO  [it.uni.reti2.StationGateway] (vert.x-eventloop-thread-3) 🚂 [PASSAGGIO] Treno Mario in ENTRATA dalla stazione stazzaDellaMadonnaTroia
2026-08-14 00:21:09,181 INFO  [it.uni.reti2.HeartbeatGenerator] (executor-thread-1) 💓 [HEARTBEAT] Invio heartbeat: {"stazioneId":"stazzaDellaMadonnaTroia","stato":"ONLINE","timestamp":"2026-08-13T22:21:09.181251613Z","tipoEvento":"HEARTBEAT","bufferSize":0}
2026-08-14 00:21:19,181 INFO  [it.uni.reti2.HeartbeatGenerator] (executor-thread-1) 💓 [HEARTBEAT] Invio heartbeat: {"stazioneId":"stazzaDellaMadonnaTroia","stato":"ONLINE","timestamp":"2026-08-13T22:21:19.181434925Z","tipoEvento":"HEARTBEAT","bufferSize":0}
2026-08-14 00:21:25,070 INFO  [it.uni.reti2.StationGateway] (vert.x-eventloop-thread-3) 🚂 [PASSAGGIO] Treno Mario in USCITA dalla stazione stazzaDellaMadonnaTroia
2026-08-14 00:21:29,181 INFO  [it.uni.reti2.HeartbeatGenerator] (executor-thread-1) 💓 [HEARTBEAT] Invio heartbeat: {"stazioneId":"stazzaDellaMadonnaTroia","stato":"ONLINE","timestamp":"2026-08-13T22:21:29.181485731Z","tipoEvento":"HEARTBEAT","bufferSize":0}
2026-08-14 00:21:39,181 INFO  [it.uni.reti2.HeartbeatGenerator] (executor-thread-1) 💓 [HEARTBEAT] Invio heartbeat: {"stazioneId":"stazzaDellaMadonnaTroia","stato":"ONLINE","timestamp":"2026-08-13T22:21:39.181473222Z","tipoEvento":"HEARTBEAT","bufferSize":0}
2026-08-14 00:21:49,181 INFO  [it.uni.reti2.HeartbeatGenerator] (executor-thread-1) 💓 [HEARTBEAT] Invio heartbeat: {"stazioneId":"stazzaDellaMadonnaTroia","stato":"ONLINE","timestamp":"2026-08-13T22:21:49.181418291Z","tipoEvento":"HEARTBEAT","bufferSize":0}
2026-08-14 00:21:59,181 INFO  [it.uni.reti2.HeartbeatGenerator] (executor-thread-1) 💓 [HEARTBEAT] Invio heartbeat: {"stazioneId":"stazzaDellaMadonnaTroia","stato":"ONLINE","timestamp":"2026-08-13T22:21:59.181747711Z","tipoEvento":"HEARTBEAT","bufferSize":0}
2026-08-14 00:22:09,181 INFO  [it.uni.reti2.HeartbeatGenerator] (executor-thread-1) 💓 [HEARTBEAT] Invio heartbeat: {"stazioneId":"stazzaDellaMadonnaTroia","stato":"ONLINE","timestamp":"2026-08-13T22:22:09.181564696Z","tipoEvento":"HEARTBEAT","bufferSize":0}
2026-08-14 00:22:19,181 INFO  [it.uni.reti2.HeartbeatGenerator] (executor-thread-1) 💓 [HEARTBEAT] Invio heartbeat: {"stazioneId":"stazzaDellaMadonnaTroia","stato":"ONLINE","timestamp":"2026-08-13T22:22:19.181497471Z","tipoEvento":"HEARTBEAT","bufferSize":0}
2026-08-14 00:22:29,181 INFO  [it.uni.reti2.HeartbeatGenerator] (executor-thread-1) 💓 [HEARTBEAT] Invio heartbeat: {"stazioneId":"stazzaDellaMadonnaTroia","stato":"ONLINE","timestamp":"2026-08-13T22:22:29.181280139Z","tipoEvento":"HEARTBEAT","bufferSize":0}
2026-08-14 00:22:39,181 INFO  [it.uni.reti2.HeartbeatGenerator] (executor-thread-1) 💓 [HEARTBEAT] Invio heartbeat: {"stazioneId":"stazzaDellaMadonnaTroia","stato":"ONLINE","timestamp":"2026-08-13T22:22:39.181453971Z","tipoEvento":"HEARTBEAT","bufferSize":0}
2026-08-14 00:22:49,181 INFO  [it.uni.reti2.HeartbeatGenerator] (executor-thread-1) 💓 [HEARTBEAT] Invio heartbeat: {"stazioneId":"stazzaDellaMadonnaTroia","stato":"ONLINE","timestamp":"2026-08-13T22:22:49.181811388Z","tipoEvento":"HEARTBEAT","bufferSize":0}
2026-08-14 00:22:59,181 INFO  [it.uni.reti2.HeartbeatGenerator] (executor-thread-1) 💓 [HEARTBEAT] Invio heartbeat: {"stazioneId":"stazzaDellaMadonnaTroia","stato":"ONLINE","timestamp":"2026-08-13T22:22:59.181309187Z","tipoEvento":"HEARTBEAT","bufferSize":0}
2026-08-14 00:23:09,181 INFO  [it.uni.reti2.HeartbeatGenerator] (executor-thread-1) 💓 [HEARTBEAT] Invio heartbeat: {"stazioneId":"stazzaDellaMadonnaTroia","stato":"ONLINE","timestamp":"2026-08-13T22:23:09.181565669Z","tipoEvento":"HEARTBEAT","bufferSize":0}
2026-08-14 00:23:19,181 INFO  [it.uni.reti2.HeartbeatGenerator] (executor-thread-1) 💓 [HEARTBEAT] Invio heartbeat: {"stazioneId":"stazzaDellaMadonnaTroia","stato":"ONLINE","timestamp":"2026-08-13T22:23:19.181427485Z","tipoEvento":"HEARTBEAT","bufferSize":0}
2026-08-14 00:23:29,181 INFO  [it.uni.reti2.HeartbeatGenerator] (executor-thread-1) 💓 [HEARTBEAT] Invio heartbeat: {"stazioneId":"stazzaDellaMadonnaTroia","stato":"ONLINE","timestamp":"2026-08-13T22:23:29.181250140Z","tipoEvento":"HEARTBEAT","bufferSize":0}
2026-08-14 00:23:39,181 INFO  [it.uni.reti2.HeartbeatGenerator] (executor-thread-1) 💓 [HEARTBEAT] Invio heartbeat: {"stazioneId":"stazzaDellaMadonnaTroia","stato":"ONLINE","timestamp":"2026-08-13T22:23:39.181222795Z","tipoEvento":"HEARTBEAT","bufferSize":0}
2026-08-14 00:23:49,181 INFO  [it.uni.reti2.HeartbeatGenerator] (executor-thread-1) 💓 [HEARTBEAT] Invio heartbeat: {"stazioneId":"stazzaDellaMadonnaTroia","stato":"ONLINE","timestamp":"2026-08-13T22:23:49.181536771Z","tipoEvento":"HEARTBEAT","bufferSize":0}
2026-08-14 00:23:59,181 INFO  [it.uni.reti2.HeartbeatGenerator] (executor-thread-1) 💓 [HEARTBEAT] Invio heartbeat: {"stazioneId":"stazzaDellaMadonnaTroia","stato":"ONLINE","timestamp":"2026-08-13T22:23:59.181242402Z","tipoEvento":"HEARTBEAT","bufferSize":0}
2026-08-14 00:24:09,181 INFO  [it.uni.reti2.HeartbeatGenerator] (executor-thread-1) 💓 [HEARTBEAT] Invio heartbeat: {"stazioneId":"stazzaDellaMadonnaTroia","stato":"ONLINE","timestamp":"2026-08-13T22:24:09.181266815Z","tipoEvento":"HEARTBEAT","bufferSize":0}
2026-08-14 00:24:19,181 INFO  [it.uni.reti2.HeartbeatGenerator] (executor-thread-1) 💓 [HEARTBEAT] Invio heartbeat: {"stazioneId":"stazzaDellaMadonnaTroia","stato":"ONLINE","timestamp":"2026-08-13T22:24:19.181231130Z","tipoEvento":"HEARTBEAT","bufferSize":0}
2026-08-14 00:24:29,181 INFO  [it.uni.reti2.HeartbeatGenerator] (executor-thread-1) 💓 [HEARTBEAT] Invio heartbeat: {"stazioneId":"stazzaDellaMadonnaTroia","stato":"ONLINE","timestamp":"2026-08-13T22:24:29.181237264Z","tipoEvento":"HEARTBEAT","bufferSize":0}
2026-08-14 00:24:39,181 INFO  [it.uni.reti2.HeartbeatGenerator] (executor-thread-1) 💓 [HEARTBEAT] Invio heartbeat: {"stazioneId":"stazzaDellaMadonnaTroia","stato":"ONLINE","timestamp":"2026-08-13T22:24:39.181173388Z","tipoEvento":"HEARTBEAT","bufferSize":0}
2026-08-14 00:24:49,181 INFO  [it.uni.reti2.HeartbeatGenerator] (executor-thread-1) 💓 [HEARTBEAT] Invio heartbeat: {"stazioneId":"stazzaDellaMadonnaTroia","stato":"ONLINE","timestamp":"2026-08-13T22:24:49.181441303Z","tipoEvento":"HEARTBEAT","bufferSize":0}
2026-08-14 00:24:59,181 INFO  [it.uni.reti2.HeartbeatGenerator] (executor-thread-1) 💓 [HEARTBEAT] Invio heartbeat: {"stazioneId":"stazzaDellaMadonnaTroia","stato":"ONLINE","timestamp":"2026-08-13T22:24:59.181387323Z","tipoEvento":"HEARTBEAT","bufferSize":0}
2026-08-14 00:25:09,181 INFO  [it.uni.reti2.HeartbeatGenerator] (executor-thread-1) 💓 [HEARTBEAT] Invio heartbeat: {"stazioneId":"stazzaDellaMadonnaTroia","stato":"ONLINE","timestamp":"2026-08-13T22:25:09.181270430Z","tipoEvento":"HEARTBEAT","bufferSize":0}
2026-08-14 00:25:19,181 INFO  [it.uni.reti2.HeartbeatGenerator] (executor-thread-1) 💓 [HEARTBEAT] Invio heartbeat: {"stazioneId":"stazzaDellaMadonnaTroia","stato":"ONLINE","timestamp":"2026-08-13T22:25:19.181103737Z","tipoEvento":"HEARTBEAT","bufferSize":0}
2026-08-14 00:25:29,181 INFO  [it.uni.reti2.HeartbeatGenerator] (executor-thread-1) 💓 [HEARTBEAT] Invio heartbeat: {"stazioneId":"stazzaDellaMadonnaTroia","stato":"ONLINE","timestamp":"2026-08-13T22:25:29.181275928Z","tipoEvento":"HEARTBEAT","bufferSize":0}
2026-08-14 00:25:39,181 INFO  [it.uni.reti2.HeartbeatGenerator] (executor-thread-1) 💓 [HEARTBEAT] Invio heartbeat: {"stazioneId":"stazzaDellaMadonnaTroia","stato":"ONLINE","timestamp":"2026-08-13T22:25:39.181543238Z","tipoEvento":"HEARTBEAT","bufferSize":0}
2026-08-14 00:25:49,181 INFO  [it.uni.reti2.HeartbeatGenerator] (executor-thread-1) 💓 [HEARTBEAT] Invio heartbeat: {"stazioneId":"stazzaDellaMadonnaTroia","stato":"ONLINE","timestamp":"2026-08-13T22:25:49.181191837Z","tipoEvento":"HEARTBEAT","bufferSize":0}
2026-08-14 00:25:59,181 INFO  [it.uni.reti2.HeartbeatGenerator] (executor-thread-1) 💓 [HEARTBEAT] Invio heartbeat: {"stazioneId":"stazzaDellaMadonnaTroia","stato":"ONLINE","timestamp":"2026-08-13T22:25:59.181284978Z","tipoEvento":"HEARTBEAT","bufferSize":0}
2026-08-14 00:26:09,181 INFO  [it.uni.reti2.HeartbeatGenerator] (executor-thread-1) 💓 [HEARTBEAT] Invio heartbeat: {"stazioneId":"stazzaDellaMadonnaTroia","stato":"ONLINE","timestamp":"2026-08-13T22:26:09.181200859Z","tipoEvento":"HEARTBEAT","bufferSize":0}
2026-08-14 00:26:19,181 INFO  [it.uni.reti2.HeartbeatGenerator] (executor-thread-1) 💓 [HEARTBEAT] Invio heartbeat: {"stazioneId":"stazzaDellaMadonnaTroia","stato":"ONLINE","timestamp":"2026-08-13T22:26:19.181203905Z","tipoEvento":"HEARTBEAT","bufferSize":0}
2026-08-14 00:26:29,181 INFO  [it.uni.reti2.HeartbeatGenerator] (executor-thread-1) 💓 [HEARTBEAT] Invio heartbeat: {"stazioneId":"stazzaDellaMadonnaTroia","stato":"ONLINE","timestamp":"2026-08-13T22:26:29.181110541Z","tipoEvento":"HEARTBEAT","bufferSize":0}
2026-08-14 00:26:39,181 INFO  [it.uni.reti2.HeartbeatGenerator] (executor-thread-1) 💓 [HEARTBEAT] Invio heartbeat: {"stazioneId":"stazzaDellaMadonnaTroia","stato":"ONLINE","timestamp":"2026-08-13T22:26:39.181106894Z","tipoEvento":"HEARTBEAT","bufferSize":0}
2026-08-14 00:26:49,181 INFO  [it.uni.reti2.HeartbeatGenerator] (executor-thread-1) 💓 [HEARTBEAT] Invio heartbeat: {"stazioneId":"stazzaDellaMadonnaTroia","stato":"ONLINE","timestamp":"2026-08-13T22:26:49.181129744Z","tipoEvento":"HEARTBEAT","bufferSize":0}
2026-08-14 00:26:59,181 INFO  [it.uni.reti2.HeartbeatGenerator] (executor-thread-1) 💓 [HEARTBEAT] Invio heartbeat: {"stazioneId":"stazzaDellaMadonnaTroia","stato":"ONLINE","timestamp":"2026-08-13T22:26:59.181462187Z","tipoEvento":"HEARTBEAT","bufferSize":0}
2026-08-14 00:27:09,181 INFO  [it.uni.reti2.HeartbeatGenerator] (executor-thread-1) 💓 [HEARTBEAT] Invio heartbeat: {"stazioneId":"stazzaDellaMadonnaTroia","stato":"ONLINE","timestamp":"2026-08-13T22:27:09.181210525Z","tipoEvento":"HEARTBEAT","bufferSize":0}
2026-08-14 00:27:19,181 INFO  [it.uni.reti2.HeartbeatGenerator] (executor-thread-1) 💓 [HEARTBEAT] Invio heartbeat: {"stazioneId":"stazzaDellaMadonnaTroia","stato":"ONLINE","timestamp":"2026-08-13T22:27:19.181242971Z","tipoEvento":"HEARTBEAT","bufferSize":0}
2026-08-14 00:27:29,181 INFO  [it.uni.reti2.HeartbeatGenerator] (executor-thread-1) 💓 [HEARTBEAT] Invio heartbeat: {"stazioneId":"stazzaDellaMadonnaTroia","stato":"ONLINE","timestamp":"2026-08-13T22:27:29.181230446Z","tipoEvento":"HEARTBEAT","bufferSize":0}
2026-08-14 00:27:39,181 INFO  [it.uni.reti2.HeartbeatGenerator] (executor-thread-1) 💓 [HEARTBEAT] Invio heartbeat: {"stazioneId":"stazzaDellaMadonnaTroia","stato":"ONLINE","timestamp":"2026-08-13T22:27:39.181212880Z","tipoEvento":"HEARTBEAT","bufferSize":0}
2026-08-14 00:27:49,181 INFO  [it.uni.reti2.HeartbeatGenerator] (executor-thread-1) 💓 [HEARTBEAT] Invio heartbeat: {"stazioneId":"stazzaDellaMadonnaTroia","stato":"ONLINE","timestamp":"2026-08-13T22:27:49.181280305Z","tipoEvento":"HEARTBEAT","bufferSize":0}
2026-08-14 00:27:59,181 INFO  [it.uni.reti2.HeartbeatGenerator] (executor-thread-1) 💓 [HEARTBEAT] Invio heartbeat: {"stazioneId":"stazzaDellaMadonnaTroia","stato":"ONLINE","timestamp":"2026-08-13T22:27:59.181320895Z","tipoEvento":"HEARTBEAT","bufferSize":0}
2026-08-14 00:28:09,181 INFO  [it.uni.reti2.HeartbeatGenerator] (executor-thread-1) 💓 [HEARTBEAT] Invio heartbeat: {"stazioneId":"stazzaDellaMadonnaTroia","stato":"ONLINE","timestamp":"2026-08-13T22:28:09.181269722Z","tipoEvento":"HEARTBEAT","bufferSize":0}
2026-08-14 00:28:19,181 INFO  [it.uni.reti2.HeartbeatGenerator] (executor-thread-1) 💓 [HEARTBEAT] Invio heartbeat: {"stazioneId":"stazzaDellaMadonnaTroia","stato":"ONLINE","timestamp":"2026-08-13T22:28:19.181801191Z","tipoEvento":"HEARTBEAT","bufferSize":0}
2026-08-14 00:28:29,181 INFO  [it.uni.reti2.HeartbeatGenerator] (executor-thread-1) 💓 [HEARTBEAT] Invio heartbeat: {"stazioneId":"stazzaDellaMadonnaTroia","stato":"ONLINE","timestamp":"2026-08-13T22:28:29.181194420Z","tipoEvento":"HEARTBEAT","bufferSize":0}
2026-08-14 00:28:39,181 INFO  [it.uni.reti2.HeartbeatGenerator] (executor-thread-1) 💓 [HEARTBEAT] Invio heartbeat: {"stazioneId":"stazzaDellaMadonnaTroia","stato":"ONLINE","timestamp":"2026-08-13T22:28:39.181453780Z","tipoEvento":"HEARTBEAT","bufferSize":0}
2026-08-14 00:28:49,181 INFO  [it.uni.reti2.HeartbeatGenerator] (executor-thread-1) 💓 [HEARTBEAT] Invio heartbeat: {"stazioneId":"stazzaDellaMadonnaTroia","stato":"ONLINE","timestamp":"2026-08-13T22:28:49.181278028Z","tipoEvento":"HEARTBEAT","bufferSize":0}
2026-08-14 00:28:59,181 INFO  [it.uni.reti2.HeartbeatGenerator] (executor-thread-1) 💓 [HEARTBEAT] Invio heartbeat: {"stazioneId":"stazzaDellaMadonnaTroia","stato":"ONLINE","timestamp":"2026-08-13T22:28:59.181235976Z","tipoEvento":"HEARTBEAT","bufferSize":0}
2026-08-14 00:29:09,181 INFO  [it.uni.reti2.HeartbeatGenerator] (executor-thread-1) 💓 [HEARTBEAT] Invio heartbeat: {"stazioneId":"stazzaDellaMadonnaTroia","stato":"ONLINE","timestamp":"2026-08-13T22:29:09.181230797Z","tipoEvento":"HEARTBEAT","bufferSize":0}
2026-08-14 00:29:19,181 INFO  [it.uni.reti2.HeartbeatGenerator] (executor-thread-1) 💓 [HEARTBEAT] Invio heartbeat: {"stazioneId":"stazzaDellaMadonnaTroia","stato":"ONLINE","timestamp":"2026-08-13T22:29:19.181711882Z","tipoEvento":"HEARTBEAT","bufferSize":0}
2026-08-14 00:29:29,181 INFO  [it.uni.reti2.HeartbeatGenerator] (executor-thread-1) 💓 [HEARTBEAT] Invio heartbeat: {"stazioneId":"stazzaDellaMadonnaTroia","stato":"ONLINE","timestamp":"2026-08-13T22:29:29.181160591Z","tipoEvento":"HEARTBEAT","bufferSize":0}
2026-08-14 00:29:39,181 INFO  [it.uni.reti2.HeartbeatGenerator] (executor-thread-1) 💓 [HEARTBEAT] Invio heartbeat: {"stazioneId":"stazzaDellaMadonnaTroia","stato":"ONLINE","timestamp":"2026-08-13T22:29:39.181225600Z","tipoEvento":"HEARTBEAT","bufferSize":0}
2026-08-14 00:29:47,072 INFO  [it.uni.reti2.StationGateway] (vert.x-eventloop-thread-3) 🚂 [PASSAGGIO] Treno tenoAmmazzaRicchi in ENTRATA dalla stazione stazzaDellaMadonnaTroia
2026-08-14 00:29:49,181 INFO  [it.uni.reti2.HeartbeatGenerator] (executor-thread-1) 💓 [HEARTBEAT] Invio heartbeat: {"stazioneId":"stazzaDellaMadonnaTroia","stato":"ONLINE","timestamp":"2026-08-13T22:29:49.181490197Z","tipoEvento":"HEARTBEAT","bufferSize":0}
2026-08-14 00:29:59,181 INFO  [it.uni.reti2.HeartbeatGenerator] (executor-thread-1) 💓 [HEARTBEAT] Invio heartbeat: {"stazioneId":"stazzaDellaMadonnaTroia","stato":"ONLINE","timestamp":"2026-08-13T22:29:59.181611615Z","tipoEvento":"HEARTBEAT","bufferSize":0}
2026-08-14 00:30:09,181 INFO  [it.uni.reti2.HeartbeatGenerator] (executor-thread-1) 💓 [HEARTBEAT] Invio heartbeat: {"stazioneId":"stazzaDellaMadonnaTroia","stato":"ONLINE","timestamp":"2026-08-13T22:30:09.181511738Z","tipoEvento":"HEARTBEAT","bufferSize":0}
2026-08-14 00:30:19,181 INFO  [it.uni.reti2.HeartbeatGenerator] (executor-thread-1) 💓 [HEARTBEAT] Invio heartbeat: {"stazioneId":"stazzaDellaMadonnaTroia","stato":"ONLINE","timestamp":"2026-08-13T22:30:19.181557075Z","tipoEvento":"HEARTBEAT","bufferSize":0}
2026-08-14 00:30:27,071 INFO  [it.uni.reti2.StationGateway] (vert.x-eventloop-thread-3) 🚂 [PASSAGGIO] Treno tenoAmmazzaRicchi in USCITA dalla stazione stazzaDellaMadonnaTroia
2026-08-14 00:30:29,181 INFO  [it.uni.reti2.HeartbeatGenerator] (executor-thread-1) 💓 [HEARTBEAT] Invio heartbeat: {"stazioneId":"stazzaDellaMadonnaTroia","stato":"ONLINE","timestamp":"2026-08-13T22:30:29.181549832Z","tipoEvento":"HEARTBEAT","bufferSize":0}
2026-08-14 00:30:39,181 INFO  [it.uni.reti2.HeartbeatGenerator] (executor-thread-1) 💓 [HEARTBEAT] Invio heartbeat: {"stazioneId":"stazzaDellaMadonnaTroia","stato":"ONLINE","timestamp":"2026-08-13T22:30:39.181573305Z","tipoEvento":"HEARTBEAT","bufferSize":0}
2026-08-14 00:30:49,181 INFO  [it.uni.reti2.HeartbeatGenerator] (executor-thread-1) 💓 [HEARTBEAT] Invio heartbeat: {"stazioneId":"stazzaDellaMadonnaTroia","stato":"ONLINE","timestamp":"2026-08-13T22:30:49.181270344Z","tipoEvento":"HEARTBEAT","bufferSize":0}
2026-08-14 00:30:59,181 INFO  [it.uni.reti2.HeartbeatGenerator] (executor-thread-1) 💓 [HEARTBEAT] Invio heartbeat: {"stazioneId":"stazzaDellaMadonnaTroia","stato":"ONLINE","timestamp":"2026-08-13T22:30:59.181160894Z","tipoEvento":"HEARTBEAT","bufferSize":0}
2026-08-14 00:31:09,181 INFO  [it.uni.reti2.HeartbeatGenerator] (executor-thread-1) 💓 [HEARTBEAT] Invio heartbeat: {"stazioneId":"stazzaDellaMadonnaTroia","stato":"ONLINE","timestamp":"2026-08-13T22:31:09.181752490Z","tipoEvento":"HEARTBEAT","bufferSize":0}
2026-08-14 00:31:19,181 INFO  [it.uni.reti2.HeartbeatGenerator] (executor-thread-1) 💓 [HEARTBEAT] Invio heartbeat: {"stazioneId":"stazzaDellaMadonnaTroia","stato":"ONLINE","timestamp":"2026-08-13T22:31:19.181193698Z","tipoEvento":"HEARTBEAT","bufferSize":0}
2026-08-14 00:31:29,181 INFO  [it.uni.reti2.HeartbeatGenerator] (executor-thread-1) 💓 [HEARTBEAT] Invio heartbeat: {"stazioneId":"stazzaDellaMadonnaTroia","stato":"ONLINE","timestamp":"2026-08-13T22:31:29.181366398Z","tipoEvento":"HEARTBEAT","bufferSize":0}
2026-08-14 00:31:39,181 INFO  [it.uni.reti2.HeartbeatGenerator] (executor-thread-1) 💓 [HEARTBEAT] Invio heartbeat: {"stazioneId":"stazzaDellaMadonnaTroia","stato":"ONLINE","timestamp":"2026-08-13T22:31:39.181565471Z","tipoEvento":"HEARTBEAT","bufferSize":0}
2026-08-14 00:31:49,181 INFO  [it.uni.reti2.HeartbeatGenerator] (executor-thread-1) 💓 [HEARTBEAT] Invio heartbeat: {"stazioneId":"stazzaDellaMadonnaTroia","stato":"ONLINE","timestamp":"2026-08-13T22:31:49.181524917Z","tipoEvento":"HEARTBEAT","bufferSize":0}
2026-08-14 00:31:59,181 INFO  [it.uni.reti2.HeartbeatGenerator] (executor-thread-1) 💓 [HEARTBEAT] Invio heartbeat: {"stazioneId":"stazzaDellaMadonnaTroia","stato":"ONLINE","timestamp":"2026-08-13T22:31:59.181243928Z","tipoEvento":"HEARTBEAT","bufferSize":0}
2026-08-14 00:32:09,181 INFO  [it.uni.reti2.HeartbeatGenerator] (executor-thread-1) 💓 [HEARTBEAT] Invio heartbeat: {"stazioneId":"stazzaDellaMadonnaTroia","stato":"ONLINE","timestamp":"2026-08-13T22:32:09.181560519Z","tipoEvento":"HEARTBEAT","bufferSize":0}
2026-08-14 00:32:19,181 INFO  [it.uni.reti2.HeartbeatGenerator] (executor-thread-1) 💓 [HEARTBEAT] Invio heartbeat: {"stazioneId":"stazzaDellaMadonnaTroia","stato":"ONLINE","timestamp":"2026-08-13T22:32:19.181559921Z","tipoEvento":"HEARTBEAT","bufferSize":0}
2026-08-14 00:32:29,181 INFO  [it.uni.reti2.HeartbeatGenerator] (executor-thread-1) 💓 [HEARTBEAT] Invio heartbeat: {"stazioneId":"stazzaDellaMadonnaTroia","stato":"ONLINE","timestamp":"2026-08-13T22:32:29.181578975Z","tipoEvento":"HEARTBEAT","bufferSize":0}
2026-08-14 00:32:34,071 INFO  [it.uni.reti2.StationGateway] (vert.x-eventloop-thread-3) 🚂 [PASSAGGIO] Treno Mario in ENTRATA dalla stazione stazzaDellaMadonnaTroia
2026-08-14 00:32:39,181 INFO  [it.uni.reti2.HeartbeatGenerator] (executor-thread-1) 💓 [HEARTBEAT] Invio heartbeat: {"stazioneId":"stazzaDellaMadonnaTroia","stato":"ONLINE","timestamp":"2026-08-13T22:32:39.181554966Z","tipoEvento":"HEARTBEAT","bufferSize":0}
2026-08-14 00:32:49,181 INFO  [it.uni.reti2.HeartbeatGenerator] (executor-thread-1) 💓 [HEARTBEAT] Invio heartbeat: {"stazioneId":"stazzaDellaMadonnaTroia","stato":"ONLINE","timestamp":"2026-08-13T22:32:49.181525725Z","tipoEvento":"HEARTBEAT","bufferSize":0}
2026-08-14 00:32:55,071 INFO  [it.uni.reti2.StationGateway] (vert.x-eventloop-thread-3) 🚂 [PASSAGGIO] Treno Mario in USCITA dalla stazione stazzaDellaMadonnaTroia
2026-08-14 00:32:59,181 INFO  [it.uni.reti2.HeartbeatGenerator] (executor-thread-1) 💓 [HEARTBEAT] Invio heartbeat: {"stazioneId":"stazzaDellaMadonnaTroia","stato":"ONLINE","timestamp":"2026-08-13T22:32:59.181659758Z","tipoEvento":"HEARTBEAT","bufferSize":0}
2026-08-14 00:33:09,181 INFO  [it.uni.reti2.HeartbeatGenerator] (executor-thread-1) 💓 [HEARTBEAT] Invio heartbeat: {"stazioneId":"stazzaDellaMadonnaTroia","stato":"ONLINE","timestamp":"2026-08-13T22:33:09.181297356Z","tipoEvento":"HEARTBEAT","bufferSize":0}
2026-08-14 00:33:19,181 INFO  [it.uni.reti2.HeartbeatGenerator] (executor-thread-1) 💓 [HEARTBEAT] Invio heartbeat: {"stazioneId":"stazzaDellaMadonnaTroia","stato":"ONLINE","timestamp":"2026-08-13T22:33:19.181393471Z","tipoEvento":"HEARTBEAT","bufferSize":0}
2026-08-14 00:33:29,181 INFO  [it.uni.reti2.HeartbeatGenerator] (executor-thread-1) 💓 [HEARTBEAT] Invio heartbeat: {"stazioneId":"stazzaDellaMadonnaTroia","stato":"ONLINE","timestamp":"2026-08-13T22:33:29.181575946Z","tipoEvento":"HEARTBEAT","bufferSize":0}
2026-08-14 00:33:39,181 INFO  [it.uni.reti2.HeartbeatGenerator] (executor-thread-1) 💓 [HEARTBEAT] Invio heartbeat: {"stazioneId":"stazzaDellaMadonnaTroia","stato":"ONLINE","timestamp":"2026-08-13T22:33:39.181259168Z","tipoEvento":"HEARTBEAT","bufferSize":0}
2026-08-14 00:33:49,181 INFO  [it.uni.reti2.HeartbeatGenerator] (executor-thread-1) 💓 [HEARTBEAT] Invio heartbeat: {"stazioneId":"stazzaDellaMadonnaTroia","stato":"ONLINE","timestamp":"2026-08-13T22:33:49.181499775Z","tipoEvento":"HEARTBEAT","bufferSize":0}
2026-08-14 00:33:59,181 INFO  [it.uni.reti2.HeartbeatGenerator] (executor-thread-1) 💓 [HEARTBEAT] Invio heartbeat: {"stazioneId":"stazzaDellaMadonnaTroia","stato":"ONLINE","timestamp":"2026-08-13T22:33:59.181469199Z","tipoEvento":"HEARTBEAT","bufferSize":0}
2026-08-14 00:34:09,181 INFO  [it.uni.reti2.HeartbeatGenerator] (executor-thread-1) 💓 [HEARTBEAT] Invio heartbeat: {"stazioneId":"stazzaDellaMadonnaTroia","stato":"ONLINE","timestamp":"2026-08-13T22:34:09.181546297Z","tipoEvento":"HEARTBEAT","bufferSize":0}
2026-08-14 00:34:19,181 INFO  [it.uni.reti2.HeartbeatGenerator] (executor-thread-1) 💓 [HEARTBEAT] Invio heartbeat: {"stazioneId":"stazzaDellaMadonnaTroia","stato":"ONLINE","timestamp":"2026-08-13T22:34:19.181531324Z","tipoEvento":"HEARTBEAT","bufferSize":0}
2026-08-14 00:34:29,181 INFO  [it.uni.reti2.HeartbeatGenerator] (executor-thread-1) 💓 [HEARTBEAT] Invio heartbeat: {"stazioneId":"stazzaDellaMadonnaTroia","stato":"ONLINE","timestamp":"2026-08-13T22:34:29.181478233Z","tipoEvento":"HEARTBEAT","bufferSize":0}
2026-08-14 00:34:39,181 INFO  [it.uni.reti2.HeartbeatGenerator] (executor-thread-1) 💓 [HEARTBEAT] Invio heartbeat: {"stazioneId":"stazzaDellaMadonnaTroia","stato":"ONLINE","timestamp":"2026-08-13T22:34:39.181468910Z","tipoEvento":"HEARTBEAT","bufferSize":0}
2026-08-14 00:34:49,181 INFO  [it.uni.reti2.HeartbeatGenerator] (executor-thread-1) 💓 [HEARTBEAT] Invio heartbeat: {"stazioneId":"stazzaDellaMadonnaTroia","stato":"ONLINE","timestamp":"2026-08-13T22:34:49.181580103Z","tipoEvento":"HEARTBEAT","bufferSize":0}
2026-08-14 00:34:59,181 INFO  [it.uni.reti2.HeartbeatGenerator] (executor-thread-1) 💓 [HEARTBEAT] Invio heartbeat: {"stazioneId":"stazzaDellaMadonnaTroia","stato":"ONLINE","timestamp":"2026-08-13T22:34:59.181564688Z","tipoEvento":"HEARTBEAT","bufferSize":0}
2026-08-14 00:35:09,181 INFO  [it.uni.reti2.HeartbeatGenerator] (executor-thread-1) 💓 [HEARTBEAT] Invio heartbeat: {"stazioneId":"stazzaDellaMadonnaTroia","stato":"ONLINE","timestamp":"2026-08-13T22:35:09.181856914Z","tipoEvento":"HEARTBEAT","bufferSize":0}
2026-08-14 00:35:19,181 INFO  [it.uni.reti2.HeartbeatGenerator] (executor-thread-1) 💓 [HEARTBEAT] Invio heartbeat: {"stazioneId":"stazzaDellaMadonnaTroia","stato":"ONLINE","timestamp":"2026-08-13T22:35:19.181607454Z","tipoEvento":"HEARTBEAT","bufferSize":0}
2026-08-14 00:35:29,181 INFO  [it.uni.reti2.HeartbeatGenerator] (executor-thread-1) 💓 [HEARTBEAT] Invio heartbeat: {"stazioneId":"stazzaDellaMadonnaTroia","stato":"ONLINE","timestamp":"2026-08-13T22:35:29.181595501Z","tipoEvento":"HEARTBEAT","bufferSize":0}
2026-08-14 00:35:39,181 INFO  [it.uni.reti2.HeartbeatGenerator] (executor-thread-1) 💓 [HEARTBEAT] Invio heartbeat: {"stazioneId":"stazzaDellaMadonnaTroia","stato":"ONLINE","timestamp":"2026-08-13T22:35:39.181330888Z","tipoEvento":"HEARTBEAT","bufferSize":0}
2026-08-14 00:35:49,181 INFO  [it.uni.reti2.HeartbeatGenerator] (executor-thread-1) 💓 [HEARTBEAT] Invio heartbeat: {"stazioneId":"stazzaDellaMadonnaTroia","stato":"ONLINE","timestamp":"2026-08-13T22:35:49.181526663Z","tipoEvento":"HEARTBEAT","bufferSize":0}
2026-08-14 00:35:59,181 INFO  [it.uni.reti2.HeartbeatGenerator] (executor-thread-1) 💓 [HEARTBEAT] Invio heartbeat: {"stazioneId":"stazzaDellaMadonnaTroia","stato":"ONLINE","timestamp":"2026-08-13T22:35:59.181644530Z","tipoEvento":"HEARTBEAT","bufferSize":0}
2026-08-14 00:36:09,181 INFO  [it.uni.reti2.HeartbeatGenerator] (executor-thread-1) 💓 [HEARTBEAT] Invio heartbeat: {"stazioneId":"stazzaDellaMadonnaTroia","stato":"ONLINE","timestamp":"2026-08-13T22:36:09.181342328Z","tipoEvento":"HEARTBEAT","bufferSize":0}
2026-08-14 00:36:19,181 INFO  [it.uni.reti2.HeartbeatGenerator] (executor-thread-1) 💓 [HEARTBEAT] Invio heartbeat: {"stazioneId":"stazzaDellaMadonnaTroia","stato":"ONLINE","timestamp":"2026-08-13T22:36:19.181737594Z","tipoEvento":"HEARTBEAT","bufferSize":0}
2026-08-14 00:36:29,181 INFO  [it.uni.reti2.HeartbeatGenerator] (executor-thread-1) 💓 [HEARTBEAT] Invio heartbeat: {"stazioneId":"stazzaDellaMadonnaTroia","stato":"ONLINE","timestamp":"2026-08-13T22:36:29.181431420Z","tipoEvento":"HEARTBEAT","bufferSize":0}
2026-08-14 00:36:38,070 INFO  [it.uni.reti2.StationGateway] (vert.x-eventloop-thread-3) 🚂 [PASSAGGIO] Treno Mario in ENTRATA dalla stazione stazzaDellaMadonnaTroia
2026-08-14 00:36:39,181 INFO  [it.uni.reti2.HeartbeatGenerator] (executor-thread-1) 💓 [HEARTBEAT] Invio heartbeat: {"stazioneId":"stazzaDellaMadonnaTroia","stato":"ONLINE","timestamp":"2026-08-13T22:36:39.181537723Z","tipoEvento":"HEARTBEAT","bufferSize":0}
2026-08-14 00:36:49,181 INFO  [it.uni.reti2.HeartbeatGenerator] (executor-thread-1) 💓 [HEARTBEAT] Invio heartbeat: {"stazioneId":"stazzaDellaMadonnaTroia","stato":"ONLINE","timestamp":"2026-08-13T22:36:49.181538202Z","tipoEvento":"HEARTBEAT","bufferSize":0}
2026-08-14 00:36:58,071 INFO  [it.uni.reti2.StationGateway] (vert.x-eventloop-thread-3) 🚂 [PASSAGGIO] Treno Mario in USCITA dalla stazione stazzaDellaMadonnaTroia
2026-08-14 00:36:59,181 INFO  [it.uni.reti2.HeartbeatGenerator] (executor-thread-1) 💓 [HEARTBEAT] Invio heartbeat: {"stazioneId":"stazzaDellaMadonnaTroia","stato":"ONLINE","timestamp":"2026-08-13T22:36:59.181674595Z","tipoEvento":"HEARTBEAT","bufferSize":0}
2026-08-14 00:37:09,181 INFO  [it.uni.reti2.HeartbeatGenerator] (executor-thread-1) 💓 [HEARTBEAT] Invio heartbeat: {"stazioneId":"stazzaDellaMadonnaTroia","stato":"ONLINE","timestamp":"2026-08-13T22:37:09.181919980Z","tipoEvento":"HEARTBEAT","bufferSize":0}
2026-08-14 00:37:19,181 INFO  [it.uni.reti2.HeartbeatGenerator] (executor-thread-1) 💓 [HEARTBEAT] Invio heartbeat: {"stazioneId":"stazzaDellaMadonnaTroia","stato":"ONLINE","timestamp":"2026-08-13T22:37:19.181527384Z","tipoEvento":"HEARTBEAT","bufferSize":0}
2026-08-14 00:37:29,181 INFO  [it.uni.reti2.HeartbeatGenerator] (executor-thread-1) 💓 [HEARTBEAT] Invio heartbeat: {"stazioneId":"stazzaDellaMadonnaTroia","stato":"ONLINE","timestamp":"2026-08-13T22:37:29.181576081Z","tipoEvento":"HEARTBEAT","bufferSize":0}
2026-08-14 00:37:39,181 INFO  [it.uni.reti2.HeartbeatGenerator] (executor-thread-1) 💓 [HEARTBEAT] Invio heartbeat: {"stazioneId":"stazzaDellaMadonnaTroia","stato":"ONLINE","timestamp":"2026-08-13T22:37:39.181605305Z","tipoEvento":"HEARTBEAT","bufferSize":0}
2026-08-14 00:37:49,181 INFO  [it.uni.reti2.HeartbeatGenerator] (executor-thread-1) 💓 [HEARTBEAT] Invio heartbeat: {"stazioneId":"stazzaDellaMadonnaTroia","stato":"ONLINE","timestamp":"2026-08-13T22:37:49.181552206Z","tipoEvento":"HEARTBEAT","bufferSize":0}
2026-08-14 00:37:59,181 INFO  [it.uni.reti2.HeartbeatGenerator] (executor-thread-1) 💓 [HEARTBEAT] Invio heartbeat: {"stazioneId":"stazzaDellaMadonnaTroia","stato":"ONLINE","timestamp":"2026-08-13T22:37:59.181268608Z","tipoEvento":"HEARTBEAT","bufferSize":0}
2026-08-14 00:38:09,181 INFO  [it.uni.reti2.HeartbeatGenerator] (executor-thread-1) 💓 [HEARTBEAT] Invio heartbeat: {"stazioneId":"stazzaDellaMadonnaTroia","stato":"ONLINE","timestamp":"2026-08-13T22:38:09.181274959Z","tipoEvento":"HEARTBEAT","bufferSize":0}
2026-08-14 00:38:19,181 INFO  [it.uni.reti2.HeartbeatGenerator] (executor-thread-1) 💓 [HEARTBEAT] Invio heartbeat: {"stazioneId":"stazzaDellaMadonnaTroia","stato":"ONLINE","timestamp":"2026-08-13T22:38:19.181957296Z","tipoEvento":"HEARTBEAT","bufferSize":0}
2026-08-14 00:38:29,181 INFO  [it.uni.reti2.HeartbeatGenerator] (executor-thread-1) 💓 [HEARTBEAT] Invio heartbeat: {"stazioneId":"stazzaDellaMadonnaTroia","stato":"ONLINE","timestamp":"2026-08-13T22:38:29.181327194Z","tipoEvento":"HEARTBEAT","bufferSize":0}
2026-08-14 00:38:39,181 INFO  [it.uni.reti2.HeartbeatGenerator] (executor-thread-1) 💓 [HEARTBEAT] Invio heartbeat: {"stazioneId":"stazzaDellaMadonnaTroia","stato":"ONLINE","timestamp":"2026-08-13T22:38:39.181577559Z","tipoEvento":"HEARTBEAT","bufferSize":0}
2026-08-14 00:38:49,181 INFO  [it.uni.reti2.HeartbeatGenerator] (executor-thread-1) 💓 [HEARTBEAT] Invio heartbeat: {"stazioneId":"stazzaDellaMadonnaTroia","stato":"ONLINE","timestamp":"2026-08-13T22:38:49.181530310Z","tipoEvento":"HEARTBEAT","bufferSize":0}
2026-08-14 00:38:59,181 INFO  [it.uni.reti2.HeartbeatGenerator] (executor-thread-1) 💓 [HEARTBEAT] Invio heartbeat: {"stazioneId":"stazzaDellaMadonnaTroia","stato":"ONLINE","timestamp":"2026-08-13T22:38:59.181328210Z","tipoEvento":"HEARTBEAT","bufferSize":0}
2026-08-14 00:39:09,181 INFO  [it.uni.reti2.HeartbeatGenerator] (executor-thread-1) 💓 [HEARTBEAT] Invio heartbeat: {"stazioneId":"stazzaDellaMadonnaTroia","stato":"ONLINE","timestamp":"2026-08-13T22:39:09.181128801Z","tipoEvento":"HEARTBEAT","bufferSize":0}
2026-08-14 00:39:19,181 INFO  [it.uni.reti2.HeartbeatGenerator] (executor-thread-1) 💓 [HEARTBEAT] Invio heartbeat: {"stazioneId":"stazzaDellaMadonnaTroia","stato":"ONLINE","timestamp":"2026-08-13T22:39:19.181547192Z","tipoEvento":"HEARTBEAT","bufferSize":0}
2026-08-14 00:39:29,181 INFO  [it.uni.reti2.HeartbeatGenerator] (executor-thread-1) 💓 [HEARTBEAT] Invio heartbeat: {"stazioneId":"stazzaDellaMadonnaTroia","stato":"ONLINE","timestamp":"2026-08-13T22:39:29.181134021Z","tipoEvento":"HEARTBEAT","bufferSize":0}
2026-08-14 00:39:39,181 INFO  [it.uni.reti2.HeartbeatGenerator] (executor-thread-1) 💓 [HEARTBEAT] Invio heartbeat: {"stazioneId":"stazzaDellaMadonnaTroia","stato":"ONLINE","timestamp":"2026-08-13T22:39:39.181529664Z","tipoEvento":"HEARTBEAT","bufferSize":0}
2026-08-14 00:39:49,181 INFO  [it.uni.reti2.HeartbeatGenerator] (executor-thread-1) 💓 [HEARTBEAT] Invio heartbeat: {"stazioneId":"stazzaDellaMadonnaTroia","stato":"ONLINE","timestamp":"2026-08-13T22:39:49.181540616Z","tipoEvento":"HEARTBEAT","bufferSize":0}
2026-08-14 00:39:59,181 INFO  [it.uni.reti2.HeartbeatGenerator] (executor-thread-1) 💓 [HEARTBEAT] Invio heartbeat: {"stazioneId":"stazzaDellaMadonnaTroia","stato":"ONLINE","timestamp":"2026-08-13T22:39:59.181559287Z","tipoEvento":"HEARTBEAT","bufferSize":0}
2026-08-14 00:40:09,182 INFO  [it.uni.reti2.HeartbeatGenerator] (executor-thread-1) 💓 [HEARTBEAT] Invio heartbeat: {"stazioneId":"stazzaDellaMadonnaTroia","stato":"ONLINE","timestamp":"2026-08-13T22:40:09.182113587Z","tipoEvento":"HEARTBEAT","bufferSize":0}
2026-08-14 00:40:19,181 INFO  [it.uni.reti2.HeartbeatGenerator] (executor-thread-1) 💓 [HEARTBEAT] Invio heartbeat: {"stazioneId":"stazzaDellaMadonnaTroia","stato":"ONLINE","timestamp":"2026-08-13T22:40:19.181283518Z","tipoEvento":"HEARTBEAT","bufferSize":0}
2026-08-14 00:40:29,181 INFO  [it.uni.reti2.HeartbeatGenerator] (executor-thread-1) 💓 [HEARTBEAT] Invio heartbeat: {"stazioneId":"stazzaDellaMadonnaTroia","stato":"ONLINE","timestamp":"2026-08-13T22:40:29.181584474Z","tipoEvento":"HEARTBEAT","bufferSize":0}
2026-08-14 00:40:39,181 INFO  [it.uni.reti2.HeartbeatGenerator] (executor-thread-1) 💓 [HEARTBEAT] Invio heartbeat: {"stazioneId":"stazzaDellaMadonnaTroia","stato":"ONLINE","timestamp":"2026-08-13T22:40:39.181506232Z","tipoEvento":"HEARTBEAT","bufferSize":0}
2026-08-14 00:40:49,181 INFO  [it.uni.reti2.HeartbeatGenerator] (executor-thread-1) 💓 [HEARTBEAT] Invio heartbeat: {"stazioneId":"stazzaDellaMadonnaTroia","stato":"ONLINE","timestamp":"2026-08-13T22:40:49.181390115Z","tipoEvento":"HEARTBEAT","bufferSize":0}
2026-08-14 00:40:59,181 INFO  [it.uni.reti2.HeartbeatGenerator] (executor-thread-1) 💓 [HEARTBEAT] Invio heartbeat: {"stazioneId":"stazzaDellaMadonnaTroia","stato":"ONLINE","timestamp":"2026-08-13T22:40:59.181580796Z","tipoEvento":"HEARTBEAT","bufferSize":0}
2026-08-14 00:41:09,181 INFO  [it.uni.reti2.HeartbeatGenerator] (executor-thread-1) 💓 [HEARTBEAT] Invio heartbeat: {"stazioneId":"stazzaDellaMadonnaTroia","stato":"ONLINE","timestamp":"2026-08-13T22:41:09.181148066Z","tipoEvento":"HEARTBEAT","bufferSize":0}
2026-08-14 00:41:19,181 INFO  [it.uni.reti2.HeartbeatGenerator] (executor-thread-1) 💓 [HEARTBEAT] Invio heartbeat: {"stazioneId":"stazzaDellaMadonnaTroia","stato":"ONLINE","timestamp":"2026-08-13T22:41:19.181637487Z","tipoEvento":"HEARTBEAT","bufferSize":0}
2026-08-14 00:41:29,181 INFO  [it.uni.reti2.HeartbeatGenerator] (executor-thread-1) 💓 [HEARTBEAT] Invio heartbeat: {"stazioneId":"stazzaDellaMadonnaTroia","stato":"ONLINE","timestamp":"2026-08-13T22:41:29.181551092Z","tipoEvento":"HEARTBEAT","bufferSize":0}
2026-08-14 00:41:36,072 INFO  [it.uni.reti2.StationGateway] (vert.x-eventloop-thread-3) 🚂 [PASSAGGIO] Treno tenoAmmazzaRicchi in ENTRATA dalla stazione stazzaDellaMadonnaTroia
2026-08-14 00:41:39,181 INFO  [it.uni.reti2.HeartbeatGenerator] (executor-thread-1) 💓 [HEARTBEAT] Invio heartbeat: {"stazioneId":"stazzaDellaMadonnaTroia","stato":"ONLINE","timestamp":"2026-08-13T22:41:39.181104871Z","tipoEvento":"HEARTBEAT","bufferSize":0}
2026-08-14 00:41:49,181 INFO  [it.uni.reti2.HeartbeatGenerator] (executor-thread-1) 💓 [HEARTBEAT] Invio heartbeat: {"stazioneId":"stazzaDellaMadonnaTroia","stato":"ONLINE","timestamp":"2026-08-13T22:41:49.181239287Z","tipoEvento":"HEARTBEAT","bufferSize":0}
2026-08-14 00:41:59,181 INFO  [it.uni.reti2.HeartbeatGenerator] (executor-thread-1) 💓 [HEARTBEAT] Invio heartbeat: {"stazioneId":"stazzaDellaMadonnaTroia","stato":"ONLINE","timestamp":"2026-08-13T22:41:59.181364385Z","tipoEvento":"HEARTBEAT","bufferSize":0}
2026-08-14 00:42:09,182 INFO  [it.uni.reti2.HeartbeatGenerator] (executor-thread-1) 💓 [HEARTBEAT] Invio heartbeat: {"stazioneId":"stazzaDellaMadonnaTroia","stato":"ONLINE","timestamp":"2026-08-13T22:42:09.182375394Z","tipoEvento":"HEARTBEAT","bufferSize":0}
2026-08-14 00:42:17,072 INFO  [it.uni.reti2.StationGateway] (vert.x-eventloop-thread-3) 🚂 [PASSAGGIO] Treno tenoAmmazzaRicchi in USCITA dalla stazione stazzaDellaMadonnaTroia
2026-08-14 00:42:19,181 INFO  [it.uni.reti2.HeartbeatGenerator] (executor-thread-1) 💓 [HEARTBEAT] Invio heartbeat: {"stazioneId":"stazzaDellaMadonnaTroia","stato":"ONLINE","timestamp":"2026-08-13T22:42:19.181143063Z","tipoEvento":"HEARTBEAT","bufferSize":0}
2026-08-14 00:42:29,181 INFO  [it.uni.reti2.HeartbeatGenerator] (executor-thread-1) 💓 [HEARTBEAT] Invio heartbeat: {"stazioneId":"stazzaDellaMadonnaTroia","stato":"ONLINE","timestamp":"2026-08-13T22:42:29.181241152Z","tipoEvento":"HEARTBEAT","bufferSize":0}
2026-08-14 00:42:39,181 INFO  [it.uni.reti2.HeartbeatGenerator] (executor-thread-1) 💓 [HEARTBEAT] Invio heartbeat: {"stazioneId":"stazzaDellaMadonnaTroia","stato":"ONLINE","timestamp":"2026-08-13T22:42:39.181557243Z","tipoEvento":"HEARTBEAT","bufferSize":0}
2026-08-14 00:42:49,181 INFO  [it.uni.reti2.HeartbeatGenerator] (executor-thread-1) 💓 [HEARTBEAT] Invio heartbeat: {"stazioneId":"stazzaDellaMadonnaTroia","stato":"ONLINE","timestamp":"2026-08-13T22:42:49.181513313Z","tipoEvento":"HEARTBEAT","bufferSize":0}
2026-08-14 00:42:59,181 INFO  [it.uni.reti2.HeartbeatGenerator] (executor-thread-1) 💓 [HEARTBEAT] Invio heartbeat: {"stazioneId":"stazzaDellaMadonnaTroia","stato":"ONLINE","timestamp":"2026-08-13T22:42:59.181536319Z","tipoEvento":"HEARTBEAT","bufferSize":0}
2026-08-14 00:43:09,181 INFO  [it.uni.reti2.HeartbeatGenerator] (executor-thread-1) 💓 [HEARTBEAT] Invio heartbeat: {"stazioneId":"stazzaDellaMadonnaTroia","stato":"ONLINE","timestamp":"2026-08-13T22:43:09.181483248Z","tipoEvento":"HEARTBEAT","bufferSize":0}
2026-08-14 00:43:19,181 INFO  [it.uni.reti2.HeartbeatGenerator] (executor-thread-1) 💓 [HEARTBEAT] Invio heartbeat: {"stazioneId":"stazzaDellaMadonnaTroia","stato":"ONLINE","timestamp":"2026-08-13T22:43:19.181571815Z","tipoEvento":"HEARTBEAT","bufferSize":0}
2026-08-14 00:43:29,181 INFO  [it.uni.reti2.HeartbeatGenerator] (executor-thread-1) 💓 [HEARTBEAT] Invio heartbeat: {"stazioneId":"stazzaDellaMadonnaTroia","stato":"ONLINE","timestamp":"2026-08-13T22:43:29.181232937Z","tipoEvento":"HEARTBEAT","bufferSize":0}
2026-08-14 00:43:39,181 INFO  [it.uni.reti2.HeartbeatGenerator] (executor-thread-1) 💓 [HEARTBEAT] Invio heartbeat: {"stazioneId":"stazzaDellaMadonnaTroia","stato":"ONLINE","timestamp":"2026-08-13T22:43:39.181357292Z","tipoEvento":"HEARTBEAT","bufferSize":0}
2026-08-14 00:43:49,181 INFO  [it.uni.reti2.HeartbeatGenerator] (executor-thread-1) 💓 [HEARTBEAT] Invio heartbeat: {"stazioneId":"stazzaDellaMadonnaTroia","stato":"ONLINE","timestamp":"2026-08-13T22:43:49.181688774Z","tipoEvento":"HEARTBEAT","bufferSize":0}
2026-08-14 00:43:59,181 INFO  [it.uni.reti2.HeartbeatGenerator] (executor-thread-1) 💓 [HEARTBEAT] Invio heartbeat: {"stazioneId":"stazzaDellaMadonnaTroia","stato":"ONLINE","timestamp":"2026-08-13T22:43:59.181498949Z","tipoEvento":"HEARTBEAT","bufferSize":0}
2026-08-14 00:44:09,181 INFO  [it.uni.reti2.HeartbeatGenerator] (executor-thread-1) 💓 [HEARTBEAT] Invio heartbeat: {"stazioneId":"stazzaDellaMadonnaTroia","stato":"ONLINE","timestamp":"2026-08-13T22:44:09.181516143Z","tipoEvento":"HEARTBEAT","bufferSize":0}
2026-08-14 00:44:19,181 INFO  [it.uni.reti2.HeartbeatGenerator] (executor-thread-1) 💓 [HEARTBEAT] Invio heartbeat: {"stazioneId":"stazzaDellaMadonnaTroia","stato":"ONLINE","timestamp":"2026-08-13T22:44:19.181587601Z","tipoEvento":"HEARTBEAT","bufferSize":0}
2026-08-14 00:44:29,181 INFO  [it.uni.reti2.HeartbeatGenerator] (executor-thread-1) 💓 [HEARTBEAT] Invio heartbeat: {"stazioneId":"stazzaDellaMadonnaTroia","stato":"ONLINE","timestamp":"2026-08-13T22:44:29.181579589Z","tipoEvento":"HEARTBEAT","bufferSize":0}
2026-08-14 00:44:39,181 INFO  [it.uni.reti2.HeartbeatGenerator] (executor-thread-1) 💓 [HEARTBEAT] Invio heartbeat: {"stazioneId":"stazzaDellaMadonnaTroia","stato":"ONLINE","timestamp":"2026-08-13T22:44:39.181629577Z","tipoEvento":"HEARTBEAT","bufferSize":0}
2026-08-14 00:44:49,181 INFO  [it.uni.reti2.HeartbeatGenerator] (executor-thread-1) 💓 [HEARTBEAT] Invio heartbeat: {"stazioneId":"stazzaDellaMadonnaTroia","stato":"ONLINE","timestamp":"2026-08-13T22:44:49.181576611Z","tipoEvento":"HEARTBEAT","bufferSize":0}
2026-08-14 00:44:59,181 INFO  [it.uni.reti2.HeartbeatGenerator] (executor-thread-1) 💓 [HEARTBEAT] Invio heartbeat: {"stazioneId":"stazzaDellaMadonnaTroia","stato":"ONLINE","timestamp":"2026-08-13T22:44:59.181482397Z","tipoEvento":"HEARTBEAT","bufferSize":0}
2026-08-14 00:45:09,181 INFO  [it.uni.reti2.HeartbeatGenerator] (executor-thread-1) 💓 [HEARTBEAT] Invio heartbeat: {"stazioneId":"stazzaDellaMadonnaTroia","stato":"ONLINE","timestamp":"2026-08-13T22:45:09.181234250Z","tipoEvento":"HEARTBEAT","bufferSize":0}
2026-08-14 00:45:19,181 INFO  [it.uni.reti2.HeartbeatGenerator] (executor-thread-1) 💓 [HEARTBEAT] Invio heartbeat: {"stazioneId":"stazzaDellaMadonnaTroia","stato":"ONLINE","timestamp":"2026-08-13T22:45:19.181430716Z","tipoEvento":"HEARTBEAT","bufferSize":0}
2026-08-14 00:45:29,181 INFO  [it.uni.reti2.HeartbeatGenerator] (executor-thread-1) 💓 [HEARTBEAT] Invio heartbeat: {"stazioneId":"stazzaDellaMadonnaTroia","stato":"ONLINE","timestamp":"2026-08-13T22:45:29.181413847Z","tipoEvento":"HEARTBEAT","bufferSize":0}
2026-08-14 00:45:39,181 INFO  [it.uni.reti2.HeartbeatGenerator] (executor-thread-1) 💓 [HEARTBEAT] Invio heartbeat: {"stazioneId":"stazzaDellaMadonnaTroia","stato":"ONLINE","timestamp":"2026-08-13T22:45:39.181279008Z","tipoEvento":"HEARTBEAT","bufferSize":0}
2026-08-14 00:45:49,182 INFO  [it.uni.reti2.HeartbeatGenerator] (executor-thread-1) 💓 [HEARTBEAT] Invio heartbeat: {"stazioneId":"stazzaDellaMadonnaTroia","stato":"ONLINE","timestamp":"2026-08-13T22:45:49.182033794Z","tipoEvento":"HEARTBEAT","bufferSize":0}
2026-08-14 00:45:59,181 INFO  [it.uni.reti2.HeartbeatGenerator] (executor-thread-1) 💓 [HEARTBEAT] Invio heartbeat: {"stazioneId":"stazzaDellaMadonnaTroia","stato":"ONLINE","timestamp":"2026-08-13T22:45:59.181113278Z","tipoEvento":"HEARTBEAT","bufferSize":0}
2026-08-14 00:46:09,181 INFO  [it.uni.reti2.HeartbeatGenerator] (executor-thread-1) 💓 [HEARTBEAT] Invio heartbeat: {"stazioneId":"stazzaDellaMadonnaTroia","stato":"ONLINE","timestamp":"2026-08-13T22:46:09.181507604Z","tipoEvento":"HEARTBEAT","bufferSize":0}
2026-08-14 00:46:19,181 INFO  [it.uni.reti2.HeartbeatGenerator] (executor-thread-1) 💓 [HEARTBEAT] Invio heartbeat: {"stazioneId":"stazzaDellaMadonnaTroia","stato":"ONLINE","timestamp":"2026-08-13T22:46:19.181260412Z","tipoEvento":"HEARTBEAT","bufferSize":0}
2026-08-14 00:46:29,181 INFO  [it.uni.reti2.HeartbeatGenerator] (executor-thread-1) 💓 [HEARTBEAT] Invio heartbeat: {"stazioneId":"stazzaDellaMadonnaTroia","stato":"ONLINE","timestamp":"2026-08-13T22:46:29.181522217Z","tipoEvento":"HEARTBEAT","bufferSize":0}
2026-08-14 00:46:39,181 INFO  [it.uni.reti2.HeartbeatGenerator] (executor-thread-1) 💓 [HEARTBEAT] Invio heartbeat: {"stazioneId":"stazzaDellaMadonnaTroia","stato":"ONLINE","timestamp":"2026-08-13T22:46:39.181496358Z","tipoEvento":"HEARTBEAT","bufferSize":0}
2026-08-14 00:46:49,181 INFO  [it.uni.reti2.HeartbeatGenerator] (executor-thread-1) 💓 [HEARTBEAT] Invio heartbeat: {"stazioneId":"stazzaDellaMadonnaTroia","stato":"ONLINE","timestamp":"2026-08-13T22:46:49.181512418Z","tipoEvento":"HEARTBEAT","bufferSize":0}
2026-08-14 00:46:59,181 INFO  [it.uni.reti2.HeartbeatGenerator] (executor-thread-1) 💓 [HEARTBEAT] Invio heartbeat: {"stazioneId":"stazzaDellaMadonnaTroia","stato":"ONLINE","timestamp":"2026-08-13T22:46:59.181465812Z","tipoEvento":"HEARTBEAT","bufferSize":0}
2026-08-14 00:47:09,181 INFO  [it.uni.reti2.HeartbeatGenerator] (executor-thread-1) 💓 [HEARTBEAT] Invio heartbeat: {"stazioneId":"stazzaDellaMadonnaTroia","stato":"ONLINE","timestamp":"2026-08-13T22:47:09.181509564Z","tipoEvento":"HEARTBEAT","bufferSize":0}
2026-08-14 00:47:19,181 INFO  [it.uni.reti2.HeartbeatGenerator] (executor-thread-1) 💓 [HEARTBEAT] Invio heartbeat: {"stazioneId":"stazzaDellaMadonnaTroia","stato":"ONLINE","timestamp":"2026-08-13T22:47:19.181582739Z","tipoEvento":"HEARTBEAT","bufferSize":0}
2026-08-14 00:47:29,181 INFO  [it.uni.reti2.HeartbeatGenerator] (executor-thread-1) 💓 [HEARTBEAT] Invio heartbeat: {"stazioneId":"stazzaDellaMadonnaTroia","stato":"ONLINE","timestamp":"2026-08-13T22:47:29.181592827Z","tipoEvento":"HEARTBEAT","bufferSize":0}
2026-08-14 00:47:39,181 INFO  [it.uni.reti2.HeartbeatGenerator] (executor-thread-1) 💓 [HEARTBEAT] Invio heartbeat: {"stazioneId":"stazzaDellaMadonnaTroia","stato":"ONLINE","timestamp":"2026-08-13T22:47:39.181674168Z","tipoEvento":"HEARTBEAT","bufferSize":0}
2026-08-14 00:47:49,181 INFO  [it.uni.reti2.HeartbeatGenerator] (executor-thread-1) 💓 [HEARTBEAT] Invio heartbeat: {"stazioneId":"stazzaDellaMadonnaTroia","stato":"ONLINE","timestamp":"2026-08-13T22:47:49.181530857Z","tipoEvento":"HEARTBEAT","bufferSize":0}
2026-08-14 00:47:59,182 INFO  [it.uni.reti2.HeartbeatGenerator] (executor-thread-1) 💓 [HEARTBEAT] Invio heartbeat: {"stazioneId":"stazzaDellaMadonnaTroia","stato":"ONLINE","timestamp":"2026-08-13T22:47:59.182221814Z","tipoEvento":"HEARTBEAT","bufferSize":0}
2026-08-14 00:48:05,071 INFO  [it.uni.reti2.StationGateway] (vert.x-eventloop-thread-3) 🚂 [PASSAGGIO] Treno Mario in ENTRATA dalla stazione stazzaDellaMadonnaTroia
2026-08-14 00:48:09,181 INFO  [it.uni.reti2.HeartbeatGenerator] (executor-thread-1) 💓 [HEARTBEAT] Invio heartbeat: {"stazioneId":"stazzaDellaMadonnaTroia","stato":"ONLINE","timestamp":"2026-08-13T22:48:09.181435079Z","tipoEvento":"HEARTBEAT","bufferSize":0}
2026-08-14 00:48:19,181 INFO  [it.uni.reti2.HeartbeatGenerator] (executor-thread-1) 💓 [HEARTBEAT] Invio heartbeat: {"stazioneId":"stazzaDellaMadonnaTroia","stato":"ONLINE","timestamp":"2026-08-13T22:48:19.181320971Z","tipoEvento":"HEARTBEAT","bufferSize":0}
2026-08-14 00:48:26,071 INFO  [it.uni.reti2.StationGateway] (vert.x-eventloop-thread-3) 🚂 [PASSAGGIO] Treno Mario in USCITA dalla stazione stazzaDellaMadonnaTroia
2026-08-14 00:48:29,181 INFO  [it.uni.reti2.HeartbeatGenerator] (executor-thread-1) 💓 [HEARTBEAT] Invio heartbeat: {"stazioneId":"stazzaDellaMadonnaTroia","stato":"ONLINE","timestamp":"2026-08-13T22:48:29.181500822Z","tipoEvento":"HEARTBEAT","bufferSize":0}
2026-08-14 00:48:39,181 INFO  [it.uni.reti2.HeartbeatGenerator] (executor-thread-1) 💓 [HEARTBEAT] Invio heartbeat: {"stazioneId":"stazzaDellaMadonnaTroia","stato":"ONLINE","timestamp":"2026-08-13T22:48:39.181525091Z","tipoEvento":"HEARTBEAT","bufferSize":0}
2026-08-14 00:48:49,181 INFO  [it.uni.reti2.HeartbeatGenerator] (executor-thread-1) 💓 [HEARTBEAT] Invio heartbeat: {"stazioneId":"stazzaDellaMadonnaTroia","stato":"ONLINE","timestamp":"2026-08-13T22:48:49.181349235Z","tipoEvento":"HEARTBEAT","bufferSize":0}
2026-08-14 00:48:59,181 INFO  [it.uni.reti2.HeartbeatGenerator] (executor-thread-1) 💓 [HEARTBEAT] Invio heartbeat: {"stazioneId":"stazzaDellaMadonnaTroia","stato":"ONLINE","timestamp":"2026-08-13T22:48:59.181573216Z","tipoEvento":"HEARTBEAT","bufferSize":0}
2026-08-14 00:49:09,181 INFO  [it.uni.reti2.HeartbeatGenerator] (executor-thread-1) 💓 [HEARTBEAT] Invio heartbeat: {"stazioneId":"stazzaDellaMadonnaTroia","stato":"ONLINE","timestamp":"2026-08-13T22:49:09.181576536Z","tipoEvento":"HEARTBEAT","bufferSize":0}
2026-08-14 00:49:19,181 INFO  [it.uni.reti2.HeartbeatGenerator] (executor-thread-1) 💓 [HEARTBEAT] Invio heartbeat: {"stazioneId":"stazzaDellaMadonnaTroia","stato":"ONLINE","timestamp":"2026-08-13T22:49:19.181511830Z","tipoEvento":"HEARTBEAT","bufferSize":0}
2026-08-14 00:49:29,181 INFO  [it.uni.reti2.HeartbeatGenerator] (executor-thread-1) 💓 [HEARTBEAT] Invio heartbeat: {"stazioneId":"stazzaDellaMadonnaTroia","stato":"ONLINE","timestamp":"2026-08-13T22:49:29.181115391Z","tipoEvento":"HEARTBEAT","bufferSize":0}
2026-08-14 00:49:39,181 INFO  [it.uni.reti2.HeartbeatGenerator] (executor-thread-1) 💓 [HEARTBEAT] Invio heartbeat: {"stazioneId":"stazzaDellaMadonnaTroia","stato":"ONLINE","timestamp":"2026-08-13T22:49:39.181133903Z","tipoEvento":"HEARTBEAT","bufferSize":0}
2026-08-14 00:49:49,181 INFO  [it.uni.reti2.HeartbeatGenerator] (executor-thread-1) 💓 [HEARTBEAT] Invio heartbeat: {"stazioneId":"stazzaDellaMadonnaTroia","stato":"ONLINE","timestamp":"2026-08-13T22:49:49.181160969Z","tipoEvento":"HEARTBEAT","bufferSize":0}
2026-08-14 00:49:59,181 INFO  [it.uni.reti2.HeartbeatGenerator] (executor-thread-1) 💓 [HEARTBEAT] Invio heartbeat: {"stazioneId":"stazzaDellaMadonnaTroia","stato":"ONLINE","timestamp":"2026-08-13T22:49:59.181161436Z","tipoEvento":"HEARTBEAT","bufferSize":0}
2026-08-14 00:50:09,181 INFO  [it.uni.reti2.HeartbeatGenerator] (executor-thread-1) 💓 [HEARTBEAT] Invio heartbeat: {"stazioneId":"stazzaDellaMadonnaTroia","stato":"ONLINE","timestamp":"2026-08-13T22:50:09.181144536Z","tipoEvento":"HEARTBEAT","bufferSize":0}
2026-08-14 00:50:19,181 INFO  [it.uni.reti2.HeartbeatGenerator] (executor-thread-1) 💓 [HEARTBEAT] Invio heartbeat: {"stazioneId":"stazzaDellaMadonnaTroia","stato":"ONLINE","timestamp":"2026-08-13T22:50:19.181120639Z","tipoEvento":"HEARTBEAT","bufferSize":0}
2026-08-14 00:50:29,181 INFO  [it.uni.reti2.HeartbeatGenerator] (executor-thread-1) 💓 [HEARTBEAT] Invio heartbeat: {"stazioneId":"stazzaDellaMadonnaTroia","stato":"ONLINE","timestamp":"2026-08-13T22:50:29.181270945Z","tipoEvento":"HEARTBEAT","bufferSize":0}
2026-08-14 00:50:39,181 INFO  [it.uni.reti2.HeartbeatGenerator] (executor-thread-1) 💓 [HEARTBEAT] Invio heartbeat: {"stazioneId":"stazzaDellaMadonnaTroia","stato":"ONLINE","timestamp":"2026-08-13T22:50:39.181163774Z","tipoEvento":"HEARTBEAT","bufferSize":0}
2026-08-14 00:50:49,181 INFO  [it.uni.reti2.HeartbeatGenerator] (executor-thread-1) 💓 [HEARTBEAT] Invio heartbeat: {"stazioneId":"stazzaDellaMadonnaTroia","stato":"ONLINE","timestamp":"2026-08-13T22:50:49.181150551Z","tipoEvento":"HEARTBEAT","bufferSize":0}
2026-08-14 00:50:59,181 INFO  [it.uni.reti2.HeartbeatGenerator] (executor-thread-1) 💓 [HEARTBEAT] Invio heartbeat: {"stazioneId":"stazzaDellaMadonnaTroia","stato":"ONLINE","timestamp":"2026-08-13T22:50:59.181129913Z","tipoEvento":"HEARTBEAT","bufferSize":0}
2026-08-14 00:51:09,181 INFO  [it.uni.reti2.HeartbeatGenerator] (executor-thread-1) 💓 [HEARTBEAT] Invio heartbeat: {"stazioneId":"stazzaDellaMadonnaTroia","stato":"ONLINE","timestamp":"2026-08-13T22:51:09.181125449Z","tipoEvento":"HEARTBEAT","bufferSize":0}
2026-08-14 00:51:19,181 INFO  [it.uni.reti2.HeartbeatGenerator] (executor-thread-1) 💓 [HEARTBEAT] Invio heartbeat: {"stazioneId":"stazzaDellaMadonnaTroia","stato":"ONLINE","timestamp":"2026-08-13T22:51:19.181101837Z","tipoEvento":"HEARTBEAT","bufferSize":0}
2026-08-14 00:51:29,181 INFO  [it.uni.reti2.HeartbeatGenerator] (executor-thread-1) 💓 [HEARTBEAT] Invio heartbeat: {"stazioneId":"stazzaDellaMadonnaTroia","stato":"ONLINE","timestamp":"2026-08-13T22:51:29.181119045Z","tipoEvento":"HEARTBEAT","bufferSize":0}
2026-08-14 00:51:39,181 INFO  [it.uni.reti2.HeartbeatGenerator] (executor-thread-1) 💓 [HEARTBEAT] Invio heartbeat: {"stazioneId":"stazzaDellaMadonnaTroia","stato":"ONLINE","timestamp":"2026-08-13T22:51:39.181180027Z","tipoEvento":"HEARTBEAT","bufferSize":0}
2026-08-14 00:51:49,181 INFO  [it.uni.reti2.HeartbeatGenerator] (executor-thread-1) 💓 [HEARTBEAT] Invio heartbeat: {"stazioneId":"stazzaDellaMadonnaTroia","stato":"ONLINE","timestamp":"2026-08-13T22:51:49.181454095Z","tipoEvento":"HEARTBEAT","bufferSize":0}
2026-08-14 00:51:59,181 INFO  [it.uni.reti2.HeartbeatGenerator] (executor-thread-1) 💓 [HEARTBEAT] Invio heartbeat: {"stazioneId":"stazzaDellaMadonnaTroia","stato":"ONLINE","timestamp":"2026-08-13T22:51:59.181276588Z","tipoEvento":"HEARTBEAT","bufferSize":0}
2026-08-14 00:52:08,070 INFO  [it.uni.reti2.StationGateway] (vert.x-eventloop-thread-3) 🚂 [PASSAGGIO] Treno Mario in ENTRATA dalla stazione stazzaDellaMadonnaTroia
2026-08-14 00:52:09,181 INFO  [it.uni.reti2.HeartbeatGenerator] (executor-thread-1) 💓 [HEARTBEAT] Invio heartbeat: {"stazioneId":"stazzaDellaMadonnaTroia","stato":"ONLINE","timestamp":"2026-08-13T22:52:09.181120299Z","tipoEvento":"HEARTBEAT","bufferSize":0}
2026-08-14 00:52:19,181 INFO  [it.uni.reti2.HeartbeatGenerator] (executor-thread-1) 💓 [HEARTBEAT] Invio heartbeat: {"stazioneId":"stazzaDellaMadonnaTroia","stato":"ONLINE","timestamp":"2026-08-13T22:52:19.181115434Z","tipoEvento":"HEARTBEAT","bufferSize":0}
2026-08-14 00:52:29,070 INFO  [it.uni.reti2.StationGateway] (vert.x-eventloop-thread-3) 🚂 [PASSAGGIO] Treno Mario in USCITA dalla stazione stazzaDellaMadonnaTroia
2026-08-14 00:52:29,181 INFO  [it.uni.reti2.HeartbeatGenerator] (executor-thread-1) 💓 [HEARTBEAT] Invio heartbeat: {"stazioneId":"stazzaDellaMadonnaTroia","stato":"ONLINE","timestamp":"2026-08-13T22:52:29.181139805Z","tipoEvento":"HEARTBEAT","bufferSize":0}
2026-08-14 00:52:39,181 INFO  [it.uni.reti2.HeartbeatGenerator] (executor-thread-1) 💓 [HEARTBEAT] Invio heartbeat: {"stazioneId":"stazzaDellaMadonnaTroia","stato":"ONLINE","timestamp":"2026-08-13T22:52:39.181121552Z","tipoEvento":"HEARTBEAT","bufferSize":0}
2026-08-14 00:52:49,181 INFO  [it.uni.reti2.HeartbeatGenerator] (executor-thread-1) 💓 [HEARTBEAT] Invio heartbeat: {"stazioneId":"stazzaDellaMadonnaTroia","stato":"ONLINE","timestamp":"2026-08-13T22:52:49.181106501Z","tipoEvento":"HEARTBEAT","bufferSize":0}
2026-08-14 00:52:59,181 INFO  [it.uni.reti2.HeartbeatGenerator] (executor-thread-1) 💓 [HEARTBEAT] Invio heartbeat: {"stazioneId":"stazzaDellaMadonnaTroia","stato":"ONLINE","timestamp":"2026-08-13T22:52:59.181104769Z","tipoEvento":"HEARTBEAT","bufferSize":0}
2026-08-14 00:53:09,181 INFO  [it.uni.reti2.HeartbeatGenerator] (executor-thread-1) 💓 [HEARTBEAT] Invio heartbeat: {"stazioneId":"stazzaDellaMadonnaTroia","stato":"ONLINE","timestamp":"2026-08-13T22:53:09.181137784Z","tipoEvento":"HEARTBEAT","bufferSize":0}
2026-08-14 00:53:19,181 INFO  [it.uni.reti2.HeartbeatGenerator] (executor-thread-1) 💓 [HEARTBEAT] Invio heartbeat: {"stazioneId":"stazzaDellaMadonnaTroia","stato":"ONLINE","timestamp":"2026-08-13T22:53:19.181368494Z","tipoEvento":"HEARTBEAT","bufferSize":0}
2026-08-14 00:53:25,072 INFO  [it.uni.reti2.StationGateway] (vert.x-eventloop-thread-3) 🚂 [PASSAGGIO] Treno tenoAmmazzaRicchi in ENTRATA dalla stazione stazzaDellaMadonnaTroia
2026-08-14 00:53:29,181 INFO  [it.uni.reti2.HeartbeatGenerator] (executor-thread-1) 💓 [HEARTBEAT] Invio heartbeat: {"stazioneId":"stazzaDellaMadonnaTroia","stato":"ONLINE","timestamp":"2026-08-13T22:53:29.181118480Z","tipoEvento":"HEARTBEAT","bufferSize":0}
2026-08-14 00:53:39,181 INFO  [it.uni.reti2.HeartbeatGenerator] (executor-thread-1) 💓 [HEARTBEAT] Invio heartbeat: {"stazioneId":"stazzaDellaMadonnaTroia","stato":"ONLINE","timestamp":"2026-08-13T22:53:39.181235402Z","tipoEvento":"HEARTBEAT","bufferSize":0}
2026-08-14 00:53:49,181 INFO  [it.uni.reti2.HeartbeatGenerator] (executor-thread-1) 💓 [HEARTBEAT] Invio heartbeat: {"stazioneId":"stazzaDellaMadonnaTroia","stato":"ONLINE","timestamp":"2026-08-13T22:53:49.181582084Z","tipoEvento":"HEARTBEAT","bufferSize":0}
2026-08-14 00:53:59,181 INFO  [it.uni.reti2.HeartbeatGenerator] (executor-thread-1) 💓 [HEARTBEAT] Invio heartbeat: {"stazioneId":"stazzaDellaMadonnaTroia","stato":"ONLINE","timestamp":"2026-08-13T22:53:59.181246173Z","tipoEvento":"HEARTBEAT","bufferSize":0}
2026-08-14 00:54:05,071 INFO  [it.uni.reti2.StationGateway] (vert.x-eventloop-thread-3) 🚂 [PASSAGGIO] Treno tenoAmmazzaRicchi in USCITA dalla stazione stazzaDellaMadonnaTroia
2026-08-14 00:54:09,181 INFO  [it.uni.reti2.HeartbeatGenerator] (executor-thread-1) 💓 [HEARTBEAT] Invio heartbeat: {"stazioneId":"stazzaDellaMadonnaTroia","stato":"ONLINE","timestamp":"2026-08-13T22:54:09.181228995Z","tipoEvento":"HEARTBEAT","bufferSize":0}
2026-08-14 00:54:19,181 INFO  [it.uni.reti2.HeartbeatGenerator] (executor-thread-1) 💓 [HEARTBEAT] Invio heartbeat: {"stazioneId":"stazzaDellaMadonnaTroia","stato":"ONLINE","timestamp":"2026-08-13T22:54:19.181595394Z","tipoEvento":"HEARTBEAT","bufferSize":0}
2026-08-14 00:54:29,181 INFO  [it.uni.reti2.HeartbeatGenerator] (executor-thread-1) 💓 [HEARTBEAT] Invio heartbeat: {"stazioneId":"stazzaDellaMadonnaTroia","stato":"ONLINE","timestamp":"2026-08-13T22:54:29.181106295Z","tipoEvento":"HEARTBEAT","bufferSize":0}
2026-08-14 00:54:39,181 INFO  [it.uni.reti2.HeartbeatGenerator] (executor-thread-1) 💓 [HEARTBEAT] Invio heartbeat: {"stazioneId":"stazzaDellaMadonnaTroia","stato":"ONLINE","timestamp":"2026-08-13T22:54:39.181153053Z","tipoEvento":"HEARTBEAT","bufferSize":0}
2026-08-14 00:54:49,181 INFO  [it.uni.reti2.HeartbeatGenerator] (executor-thread-1) 💓 [HEARTBEAT] Invio heartbeat: {"stazioneId":"stazzaDellaMadonnaTroia","stato":"ONLINE","timestamp":"2026-08-13T22:54:49.181106128Z","tipoEvento":"HEARTBEAT","bufferSize":0}
2026-08-14 00:54:59,181 INFO  [it.uni.reti2.HeartbeatGenerator] (executor-thread-1) 💓 [HEARTBEAT] Invio heartbeat: {"stazioneId":"stazzaDellaMadonnaTroia","stato":"ONLINE","timestamp":"2026-08-13T22:54:59.181156624Z","tipoEvento":"HEARTBEAT","bufferSize":0}
2026-08-14 00:55:09,181 INFO  [it.uni.reti2.HeartbeatGenerator] (executor-thread-1) 💓 [HEARTBEAT] Invio heartbeat: {"stazioneId":"stazzaDellaMadonnaTroia","stato":"ONLINE","timestamp":"2026-08-13T22:55:09.181119368Z","tipoEvento":"HEARTBEAT","bufferSize":0}
2026-08-14 00:55:19,181 INFO  [it.uni.reti2.HeartbeatGenerator] (executor-thread-1) 💓 [HEARTBEAT] Invio heartbeat: {"stazioneId":"stazzaDellaMadonnaTroia","stato":"ONLINE","timestamp":"2026-08-13T22:55:19.181237724Z","tipoEvento":"HEARTBEAT","bufferSize":0}
2026-08-14 00:55:29,181 INFO  [it.uni.reti2.HeartbeatGenerator] (executor-thread-1) 💓 [HEARTBEAT] Invio heartbeat: {"stazioneId":"stazzaDellaMadonnaTroia","stato":"ONLINE","timestamp":"2026-08-13T22:55:29.181216095Z","tipoEvento":"HEARTBEAT","bufferSize":0}
2026-08-14 00:55:39,181 INFO  [it.uni.reti2.HeartbeatGenerator] (executor-thread-1) 💓 [HEARTBEAT] Invio heartbeat: {"stazioneId":"stazzaDellaMadonnaTroia","stato":"ONLINE","timestamp":"2026-08-13T22:55:39.181615575Z","tipoEvento":"HEARTBEAT","bufferSize":0}
2026-08-14 00:55:49,181 INFO  [it.uni.reti2.HeartbeatGenerator] (executor-thread-1) 💓 [HEARTBEAT] Invio heartbeat: {"stazioneId":"stazzaDellaMadonnaTroia","stato":"ONLINE","timestamp":"2026-08-13T22:55:49.181386760Z","tipoEvento":"HEARTBEAT","bufferSize":0}
2026-08-14 00:55:59,181 INFO  [it.uni.reti2.HeartbeatGenerator] (executor-thread-1) 💓 [HEARTBEAT] Invio heartbeat: {"stazioneId":"stazzaDellaMadonnaTroia","stato":"ONLINE","timestamp":"2026-08-13T22:55:59.181438173Z","tipoEvento":"HEARTBEAT","bufferSize":0}
2026-08-14 00:56:09,181 INFO  [it.uni.reti2.HeartbeatGenerator] (executor-thread-1) 💓 [HEARTBEAT] Invio heartbeat: {"stazioneId":"stazzaDellaMadonnaTroia","stato":"ONLINE","timestamp":"2026-08-13T22:56:09.181322202Z","tipoEvento":"HEARTBEAT","bufferSize":0}
2026-08-14 00:56:19,181 INFO  [it.uni.reti2.HeartbeatGenerator] (executor-thread-1) 💓 [HEARTBEAT] Invio heartbeat: {"stazioneId":"stazzaDellaMadonnaTroia","stato":"ONLINE","timestamp":"2026-08-13T22:56:19.181159378Z","tipoEvento":"HEARTBEAT","bufferSize":0}
2026-08-14 00:56:29,181 INFO  [it.uni.reti2.HeartbeatGenerator] (executor-thread-1) 💓 [HEARTBEAT] Invio heartbeat: {"stazioneId":"stazzaDellaMadonnaTroia","stato":"ONLINE","timestamp":"2026-08-13T22:56:29.181441356Z","tipoEvento":"HEARTBEAT","bufferSize":0}
2026-08-14 00:56:39,181 INFO  [it.uni.reti2.HeartbeatGenerator] (executor-thread-1) 💓 [HEARTBEAT] Invio heartbeat: {"stazioneId":"stazzaDellaMadonnaTroia","stato":"ONLINE","timestamp":"2026-08-13T22:56:39.181288976Z","tipoEvento":"HEARTBEAT","bufferSize":0}
2026-08-14 00:56:49,181 INFO  [it.uni.reti2.HeartbeatGenerator] (executor-thread-1) 💓 [HEARTBEAT] Invio heartbeat: {"stazioneId":"stazzaDellaMadonnaTroia","stato":"ONLINE","timestamp":"2026-08-13T22:56:49.181220466Z","tipoEvento":"HEARTBEAT","bufferSize":0}
2026-08-14 00:56:59,181 INFO  [it.uni.reti2.HeartbeatGenerator] (executor-thread-1) 💓 [HEARTBEAT] Invio heartbeat: {"stazioneId":"stazzaDellaMadonnaTroia","stato":"ONLINE","timestamp":"2026-08-13T22:56:59.181485844Z","tipoEvento":"HEARTBEAT","bufferSize":0}
2026-08-14 00:57:09,181 INFO  [it.uni.reti2.HeartbeatGenerator] (executor-thread-1) 💓 [HEARTBEAT] Invio heartbeat: {"stazioneId":"stazzaDellaMadonnaTroia","stato":"ONLINE","timestamp":"2026-08-13T22:57:09.181158260Z","tipoEvento":"HEARTBEAT","bufferSize":0}
2026-08-14 00:57:19,181 INFO  [it.uni.reti2.HeartbeatGenerator] (executor-thread-1) 💓 [HEARTBEAT] Invio heartbeat: {"stazioneId":"stazzaDellaMadonnaTroia","stato":"ONLINE","timestamp":"2026-08-13T22:57:19.181205967Z","tipoEvento":"HEARTBEAT","bufferSize":0}
2026-08-14 00:57:29,181 INFO  [it.uni.reti2.HeartbeatGenerator] (executor-thread-1) 💓 [HEARTBEAT] Invio heartbeat: {"stazioneId":"stazzaDellaMadonnaTroia","stato":"ONLINE","timestamp":"2026-08-13T22:57:29.181159586Z","tipoEvento":"HEARTBEAT","bufferSize":0}
2026-08-14 00:57:39,182 INFO  [it.uni.reti2.HeartbeatGenerator] (executor-thread-1) 💓 [HEARTBEAT] Invio heartbeat: {"stazioneId":"stazzaDellaMadonnaTroia","stato":"ONLINE","timestamp":"2026-08-13T22:57:39.182051524Z","tipoEvento":"HEARTBEAT","bufferSize":0}
2026-08-14 00:57:49,181 INFO  [it.uni.reti2.HeartbeatGenerator] (executor-thread-1) 💓 [HEARTBEAT] Invio heartbeat: {"stazioneId":"stazzaDellaMadonnaTroia","stato":"ONLINE","timestamp":"2026-08-13T22:57:49.181516370Z","tipoEvento":"HEARTBEAT","bufferSize":0}
2026-08-14 00:57:59,181 INFO  [it.uni.reti2.HeartbeatGenerator] (executor-thread-1) 💓 [HEARTBEAT] Invio heartbeat: {"stazioneId":"stazzaDellaMadonnaTroia","stato":"ONLINE","timestamp":"2026-08-13T22:57:59.181168740Z","tipoEvento":"HEARTBEAT","bufferSize":0}
2026-08-14 00:58:09,181 INFO  [it.uni.reti2.HeartbeatGenerator] (executor-thread-1) 💓 [HEARTBEAT] Invio heartbeat: {"stazioneId":"stazzaDellaMadonnaTroia","stato":"ONLINE","timestamp":"2026-08-13T22:58:09.181675594Z","tipoEvento":"HEARTBEAT","bufferSize":0}
2026-08-14 00:58:19,181 INFO  [it.uni.reti2.HeartbeatGenerator] (executor-thread-1) 💓 [HEARTBEAT] Invio heartbeat: {"stazioneId":"stazzaDellaMadonnaTroia","stato":"ONLINE","timestamp":"2026-08-13T22:58:19.181329819Z","tipoEvento":"HEARTBEAT","bufferSize":0}
2026-08-14 00:58:29,181 INFO  [it.uni.reti2.HeartbeatGenerator] (executor-thread-1) 💓 [HEARTBEAT] Invio heartbeat: {"stazioneId":"stazzaDellaMadonnaTroia","stato":"ONLINE","timestamp":"2026-08-13T22:58:29.181275002Z","tipoEvento":"HEARTBEAT","bufferSize":0}
2026-08-14 00:58:39,181 INFO  [it.uni.reti2.HeartbeatGenerator] (executor-thread-1) 💓 [HEARTBEAT] Invio heartbeat: {"stazioneId":"stazzaDellaMadonnaTroia","stato":"ONLINE","timestamp":"2026-08-13T22:58:39.181186214Z","tipoEvento":"HEARTBEAT","bufferSize":0}
2026-08-14 00:58:49,181 INFO  [it.uni.reti2.HeartbeatGenerator] (executor-thread-1) 💓 [HEARTBEAT] Invio heartbeat: {"stazioneId":"stazzaDellaMadonnaTroia","stato":"ONLINE","timestamp":"2026-08-13T22:58:49.181208481Z","tipoEvento":"HEARTBEAT","bufferSize":0}
2026-08-14 00:58:59,181 INFO  [it.uni.reti2.HeartbeatGenerator] (executor-thread-1) 💓 [HEARTBEAT] Invio heartbeat: {"stazioneId":"stazzaDellaMadonnaTroia","stato":"ONLINE","timestamp":"2026-08-13T22:58:59.181251821Z","tipoEvento":"HEARTBEAT","bufferSize":0}
2026-08-14 00:59:09,181 INFO  [it.uni.reti2.HeartbeatGenerator] (executor-thread-1) 💓 [HEARTBEAT] Invio heartbeat: {"stazioneId":"stazzaDellaMadonnaTroia","stato":"ONLINE","timestamp":"2026-08-13T22:59:09.181241860Z","tipoEvento":"HEARTBEAT","bufferSize":0}
2026-08-14 00:59:19,181 INFO  [it.uni.reti2.HeartbeatGenerator] (executor-thread-1) 💓 [HEARTBEAT] Invio heartbeat: {"stazioneId":"stazzaDellaMadonnaTroia","stato":"ONLINE","timestamp":"2026-08-13T22:59:19.181573777Z","tipoEvento":"HEARTBEAT","bufferSize":0}
2026-08-14 00:59:29,181 INFO  [it.uni.reti2.HeartbeatGenerator] (executor-thread-1) 💓 [HEARTBEAT] Invio heartbeat: {"stazioneId":"stazzaDellaMadonnaTroia","stato":"ONLINE","timestamp":"2026-08-13T22:59:29.181124342Z","tipoEvento":"HEARTBEAT","bufferSize":0}
2026-08-14 00:59:39,181 INFO  [it.uni.reti2.HeartbeatGenerator] (executor-thread-1) 💓 [HEARTBEAT] Invio heartbeat: {"stazioneId":"stazzaDellaMadonnaTroia","stato":"ONLINE","timestamp":"2026-08-13T22:59:39.181110395Z","tipoEvento":"HEARTBEAT","bufferSize":0}
2026-08-14 00:59:49,181 INFO  [it.uni.reti2.HeartbeatGenerator] (executor-thread-1) 💓 [HEARTBEAT] Invio heartbeat: {"stazioneId":"stazzaDellaMadonnaTroia","stato":"ONLINE","timestamp":"2026-08-13T22:59:49.181126324Z","tipoEvento":"HEARTBEAT","bufferSize":0}
2026-08-14 00:59:59,181 INFO  [it.uni.reti2.HeartbeatGenerator] (executor-thread-1) 💓 [HEARTBEAT] Invio heartbeat: {"stazioneId":"stazzaDellaMadonnaTroia","stato":"ONLINE","timestamp":"2026-08-13T22:59:59.181134566Z","tipoEvento":"HEARTBEAT","bufferSize":0}
2026-08-14 01:00:09,181 INFO  [it.uni.reti2.HeartbeatGenerator] (executor-thread-1) 💓 [HEARTBEAT] Invio heartbeat: {"stazioneId":"stazzaDellaMadonnaTroia","stato":"ONLINE","timestamp":"2026-08-13T23:00:09.181102802Z","tipoEvento":"HEARTBEAT","bufferSize":0}
2026-08-14 01:00:19,181 INFO  [it.uni.reti2.HeartbeatGenerator] (executor-thread-1) 💓 [HEARTBEAT] Invio heartbeat: {"stazioneId":"stazzaDellaMadonnaTroia","stato":"ONLINE","timestamp":"2026-08-13T23:00:19.181089376Z","tipoEvento":"HEARTBEAT","bufferSize":0}
2026-08-14 01:00:29,181 INFO  [it.uni.reti2.HeartbeatGenerator] (executor-thread-1) 💓 [HEARTBEAT] Invio heartbeat: {"stazioneId":"stazzaDellaMadonnaTroia","stato":"ONLINE","timestamp":"2026-08-13T23:00:29.181108121Z","tipoEvento":"HEARTBEAT","bufferSize":0}
2026-08-14 01:00:39,181 INFO  [it.uni.reti2.HeartbeatGenerator] (executor-thread-1) 💓 [HEARTBEAT] Invio heartbeat: {"stazioneId":"stazzaDellaMadonnaTroia","stato":"ONLINE","timestamp":"2026-08-13T23:00:39.181634560Z","tipoEvento":"HEARTBEAT","bufferSize":0}
2026-08-14 01:00:49,181 INFO  [it.uni.reti2.HeartbeatGenerator] (executor-thread-1) 💓 [HEARTBEAT] Invio heartbeat: {"stazioneId":"stazzaDellaMadonnaTroia","stato":"ONLINE","timestamp":"2026-08-13T23:00:49.181607966Z","tipoEvento":"HEARTBEAT","bufferSize":0}
2026-08-14 01:00:59,181 INFO  [it.uni.reti2.HeartbeatGenerator] (executor-thread-1) 💓 [HEARTBEAT] Invio heartbeat: {"stazioneId":"stazzaDellaMadonnaTroia","stato":"ONLINE","timestamp":"2026-08-13T23:00:59.181576496Z","tipoEvento":"HEARTBEAT","bufferSize":0}
2026-08-14 01:01:09,181 INFO  [it.uni.reti2.HeartbeatGenerator] (executor-thread-1) 💓 [HEARTBEAT] Invio heartbeat: {"stazioneId":"stazzaDellaMadonnaTroia","stato":"ONLINE","timestamp":"2026-08-13T23:01:09.181589037Z","tipoEvento":"HEARTBEAT","bufferSize":0}
2026-08-14 01:01:19,181 INFO  [it.uni.reti2.HeartbeatGenerator] (executor-thread-1) 💓 [HEARTBEAT] Invio heartbeat: {"stazioneId":"stazzaDellaMadonnaTroia","stato":"ONLINE","timestamp":"2026-08-13T23:01:19.181556703Z","tipoEvento":"HEARTBEAT","bufferSize":0}
2026-08-14 01:01:29,181 INFO  [it.uni.reti2.HeartbeatGenerator] (executor-thread-1) 💓 [HEARTBEAT] Invio heartbeat: {"stazioneId":"stazzaDellaMadonnaTroia","stato":"ONLINE","timestamp":"2026-08-13T23:01:29.181207938Z","tipoEvento":"HEARTBEAT","bufferSize":0}
2026-08-14 01:01:39,181 INFO  [it.uni.reti2.HeartbeatGenerator] (executor-thread-1) 💓 [HEARTBEAT] Invio heartbeat: {"stazioneId":"stazzaDellaMadonnaTroia","stato":"ONLINE","timestamp":"2026-08-13T23:01:39.181662087Z","tipoEvento":"HEARTBEAT","bufferSize":0}
2026-08-14 01:01:49,181 INFO  [it.uni.reti2.HeartbeatGenerator] (executor-thread-1) 💓 [HEARTBEAT] Invio heartbeat: {"stazioneId":"stazzaDellaMadonnaTroia","stato":"ONLINE","timestamp":"2026-08-13T23:01:49.181595623Z","tipoEvento":"HEARTBEAT","bufferSize":0}
2026-08-14 01:01:59,182 INFO  [it.uni.reti2.HeartbeatGenerator] (executor-thread-1) 💓 [HEARTBEAT] Invio heartbeat: {"stazioneId":"stazzaDellaMadonnaTroia","stato":"ONLINE","timestamp":"2026-08-13T23:01:59.182168277Z","tipoEvento":"HEARTBEAT","bufferSize":0}
2026-08-14 01:02:09,181 INFO  [it.uni.reti2.HeartbeatGenerator] (executor-thread-1) 💓 [HEARTBEAT] Invio heartbeat: {"stazioneId":"stazzaDellaMadonnaTroia","stato":"ONLINE","timestamp":"2026-08-13T23:02:09.181580520Z","tipoEvento":"HEARTBEAT","bufferSize":0}
2026-08-14 01:02:19,181 INFO  [it.uni.reti2.HeartbeatGenerator] (executor-thread-1) 💓 [HEARTBEAT] Invio heartbeat: {"stazioneId":"stazzaDellaMadonnaTroia","stato":"ONLINE","timestamp":"2026-08-13T23:02:19.181673568Z","tipoEvento":"HEARTBEAT","bufferSize":0}
2026-08-14 01:02:29,181 INFO  [it.uni.reti2.HeartbeatGenerator] (executor-thread-1) 💓 [HEARTBEAT] Invio heartbeat: {"stazioneId":"stazzaDellaMadonnaTroia","stato":"ONLINE","timestamp":"2026-08-13T23:02:29.181548955Z","tipoEvento":"HEARTBEAT","bufferSize":0}
2026-08-14 01:02:39,181 INFO  [it.uni.reti2.HeartbeatGenerator] (executor-thread-1) 💓 [HEARTBEAT] Invio heartbeat: {"stazioneId":"stazzaDellaMadonnaTroia","stato":"ONLINE","timestamp":"2026-08-13T23:02:39.181611398Z","tipoEvento":"HEARTBEAT","bufferSize":0}
2026-08-14 01:02:49,181 INFO  [it.uni.reti2.HeartbeatGenerator] (executor-thread-1) 💓 [HEARTBEAT] Invio heartbeat: {"stazioneId":"stazzaDellaMadonnaTroia","stato":"ONLINE","timestamp":"2026-08-13T23:02:49.181586725Z","tipoEvento":"HEARTBEAT","bufferSize":0}
2026-08-14 01:02:59,181 INFO  [it.uni.reti2.HeartbeatGenerator] (executor-thread-1) 💓 [HEARTBEAT] Invio heartbeat: {"stazioneId":"stazzaDellaMadonnaTroia","stato":"ONLINE","timestamp":"2026-08-13T23:02:59.181213364Z","tipoEvento":"HEARTBEAT","bufferSize":0}
2026-08-14 01:03:09,181 INFO  [it.uni.reti2.HeartbeatGenerator] (executor-thread-1) 💓 [HEARTBEAT] Invio heartbeat: {"stazioneId":"stazzaDellaMadonnaTroia","stato":"ONLINE","timestamp":"2026-08-13T23:03:09.181264782Z","tipoEvento":"HEARTBEAT","bufferSize":0}
2026-08-14 01:03:19,181 INFO  [it.uni.reti2.HeartbeatGenerator] (executor-thread-1) 💓 [HEARTBEAT] Invio heartbeat: {"stazioneId":"stazzaDellaMadonnaTroia","stato":"ONLINE","timestamp":"2026-08-13T23:03:19.181541618Z","tipoEvento":"HEARTBEAT","bufferSize":0}
2026-08-14 01:03:29,181 INFO  [it.uni.reti2.HeartbeatGenerator] (executor-thread-1) 💓 [HEARTBEAT] Invio heartbeat: {"stazioneId":"stazzaDellaMadonnaTroia","stato":"ONLINE","timestamp":"2026-08-13T23:03:29.181109481Z","tipoEvento":"HEARTBEAT","bufferSize":0}
2026-08-14 01:03:35,070 INFO  [it.uni.reti2.StationGateway] (vert.x-eventloop-thread-3) 🚂 [PASSAGGIO] Treno Mario in ENTRATA dalla stazione stazzaDellaMadonnaTroia
2026-08-14 01:03:39,181 INFO  [it.uni.reti2.HeartbeatGenerator] (executor-thread-1) 💓 [HEARTBEAT] Invio heartbeat: {"stazioneId":"stazzaDellaMadonnaTroia","stato":"ONLINE","timestamp":"2026-08-13T23:03:39.181111159Z","tipoEvento":"HEARTBEAT","bufferSize":0}
2026-08-14 01:03:49,181 INFO  [it.uni.reti2.HeartbeatGenerator] (executor-thread-1) 💓 [HEARTBEAT] Invio heartbeat: {"stazioneId":"stazzaDellaMadonnaTroia","stato":"ONLINE","timestamp":"2026-08-13T23:03:49.181163560Z","tipoEvento":"HEARTBEAT","bufferSize":0}
2026-08-14 01:03:55,071 INFO  [it.uni.reti2.StationGateway] (vert.x-eventloop-thread-3) 🚂 [PASSAGGIO] Treno Mario in USCITA dalla stazione stazzaDellaMadonnaTroia
2026-08-14 01:03:59,181 INFO  [it.uni.reti2.HeartbeatGenerator] (executor-thread-1) 💓 [HEARTBEAT] Invio heartbeat: {"stazioneId":"stazzaDellaMadonnaTroia","stato":"ONLINE","timestamp":"2026-08-13T23:03:59.181102902Z","tipoEvento":"HEARTBEAT","bufferSize":0}
2026-08-14 01:04:09,181 INFO  [it.uni.reti2.HeartbeatGenerator] (executor-thread-1) 💓 [HEARTBEAT] Invio heartbeat: {"stazioneId":"stazzaDellaMadonnaTroia","stato":"ONLINE","timestamp":"2026-08-13T23:04:09.181104287Z","tipoEvento":"HEARTBEAT","bufferSize":0}
2026-08-14 01:04:19,181 INFO  [it.uni.reti2.HeartbeatGenerator] (executor-thread-1) 💓 [HEARTBEAT] Invio heartbeat: {"stazioneId":"stazzaDellaMadonnaTroia","stato":"ONLINE","timestamp":"2026-08-13T23:04:19.181094514Z","tipoEvento":"HEARTBEAT","bufferSize":0}
2026-08-14 01:04:29,181 INFO  [it.uni.reti2.HeartbeatGenerator] (executor-thread-1) 💓 [HEARTBEAT] Invio heartbeat: {"stazioneId":"stazzaDellaMadonnaTroia","stato":"ONLINE","timestamp":"2026-08-13T23:04:29.181198096Z","tipoEvento":"HEARTBEAT","bufferSize":0}
2026-08-14 01:04:39,181 INFO  [it.uni.reti2.HeartbeatGenerator] (executor-thread-1) 💓 [HEARTBEAT] Invio heartbeat: {"stazioneId":"stazzaDellaMadonnaTroia","stato":"ONLINE","timestamp":"2026-08-13T23:04:39.181273205Z","tipoEvento":"HEARTBEAT","bufferSize":0}
2026-08-14 01:04:49,181 INFO  [it.uni.reti2.HeartbeatGenerator] (executor-thread-1) 💓 [HEARTBEAT] Invio heartbeat: {"stazioneId":"stazzaDellaMadonnaTroia","stato":"ONLINE","timestamp":"2026-08-13T23:04:49.181214215Z","tipoEvento":"HEARTBEAT","bufferSize":0}
2026-08-14 01:04:59,181 INFO  [it.uni.reti2.HeartbeatGenerator] (executor-thread-1) 💓 [HEARTBEAT] Invio heartbeat: {"stazioneId":"stazzaDellaMadonnaTroia","stato":"ONLINE","timestamp":"2026-08-13T23:04:59.181195259Z","tipoEvento":"HEARTBEAT","bufferSize":0}
2026-08-14 01:05:09,181 INFO  [it.uni.reti2.HeartbeatGenerator] (executor-thread-1) 💓 [HEARTBEAT] Invio heartbeat: {"stazioneId":"stazzaDellaMadonnaTroia","stato":"ONLINE","timestamp":"2026-08-13T23:05:09.181159021Z","tipoEvento":"HEARTBEAT","bufferSize":0}
2026-08-14 01:05:12,071 INFO  [it.uni.reti2.StationGateway] (vert.x-eventloop-thread-3) 🚂 [PASSAGGIO] Treno tenoAmmazzaRicchi in ENTRATA dalla stazione stazzaDellaMadonnaTroia
2026-08-14 01:05:19,181 INFO  [it.uni.reti2.HeartbeatGenerator] (executor-thread-1) 💓 [HEARTBEAT] Invio heartbeat: {"stazioneId":"stazzaDellaMadonnaTroia","stato":"ONLINE","timestamp":"2026-08-13T23:05:19.181123153Z","tipoEvento":"HEARTBEAT","bufferSize":0}
2026-08-14 01:05:29,181 INFO  [it.uni.reti2.HeartbeatGenerator] (executor-thread-1) 💓 [HEARTBEAT] Invio heartbeat: {"stazioneId":"stazzaDellaMadonnaTroia","stato":"ONLINE","timestamp":"2026-08-13T23:05:29.181556126Z","tipoEvento":"HEARTBEAT","bufferSize":0}
2026-08-14 01:05:39,181 INFO  [it.uni.reti2.HeartbeatGenerator] (executor-thread-1) 💓 [HEARTBEAT] Invio heartbeat: {"stazioneId":"stazzaDellaMadonnaTroia","stato":"ONLINE","timestamp":"2026-08-13T23:05:39.181567127Z","tipoEvento":"HEARTBEAT","bufferSize":0}
2026-08-14 01:05:49,181 INFO  [it.uni.reti2.HeartbeatGenerator] (executor-thread-1) 💓 [HEARTBEAT] Invio heartbeat: {"stazioneId":"stazzaDellaMadonnaTroia","stato":"ONLINE","timestamp":"2026-08-13T23:05:49.181367389Z","tipoEvento":"HEARTBEAT","bufferSize":0}
2026-08-14 01:05:52,072 INFO  [it.uni.reti2.StationGateway] (vert.x-eventloop-thread-3) 🚂 [PASSAGGIO] Treno tenoAmmazzaRicchi in USCITA dalla stazione stazzaDellaMadonnaTroia
2026-08-14 01:05:59,181 INFO  [it.uni.reti2.HeartbeatGenerator] (executor-thread-1) 💓 [HEARTBEAT] Invio heartbeat: {"stazioneId":"stazzaDellaMadonnaTroia","stato":"ONLINE","timestamp":"2026-08-13T23:05:59.181526145Z","tipoEvento":"HEARTBEAT","bufferSize":0}
2026-08-14 01:06:09,181 INFO  [it.uni.reti2.HeartbeatGenerator] (executor-thread-1) 💓 [HEARTBEAT] Invio heartbeat: {"stazioneId":"stazzaDellaMadonnaTroia","stato":"ONLINE","timestamp":"2026-08-13T23:06:09.181299979Z","tipoEvento":"HEARTBEAT","bufferSize":0}
2026-08-14 01:06:19,181 INFO  [it.uni.reti2.HeartbeatGenerator] (executor-thread-1) 💓 [HEARTBEAT] Invio heartbeat: {"stazioneId":"stazzaDellaMadonnaTroia","stato":"ONLINE","timestamp":"2026-08-13T23:06:19.181291618Z","tipoEvento":"HEARTBEAT","bufferSize":0}
2026-08-14 01:06:29,181 INFO  [it.uni.reti2.HeartbeatGenerator] (executor-thread-1) 💓 [HEARTBEAT] Invio heartbeat: {"stazioneId":"stazzaDellaMadonnaTroia","stato":"ONLINE","timestamp":"2026-08-13T23:06:29.181360799Z","tipoEvento":"HEARTBEAT","bufferSize":0}
2026-08-14 01:06:39,181 INFO  [it.uni.reti2.HeartbeatGenerator] (executor-thread-1) 💓 [HEARTBEAT] Invio heartbeat: {"stazioneId":"stazzaDellaMadonnaTroia","stato":"ONLINE","timestamp":"2026-08-13T23:06:39.181175029Z","tipoEvento":"HEARTBEAT","bufferSize":0}
2026-08-14 01:06:49,181 INFO  [it.uni.reti2.HeartbeatGenerator] (executor-thread-1) 💓 [HEARTBEAT] Invio heartbeat: {"stazioneId":"stazzaDellaMadonnaTroia","stato":"ONLINE","timestamp":"2026-08-13T23:06:49.181905446Z","tipoEvento":"HEARTBEAT","bufferSize":0}
2026-08-14 01:06:59,181 INFO  [it.uni.reti2.HeartbeatGenerator] (executor-thread-1) 💓 [HEARTBEAT] Invio heartbeat: {"stazioneId":"stazzaDellaMadonnaTroia","stato":"ONLINE","timestamp":"2026-08-13T23:06:59.181510814Z","tipoEvento":"HEARTBEAT","bufferSize":0}
2026-08-14 01:07:09,181 INFO  [it.uni.reti2.HeartbeatGenerator] (executor-thread-1) 💓 [HEARTBEAT] Invio heartbeat: {"stazioneId":"stazzaDellaMadonnaTroia","stato":"ONLINE","timestamp":"2026-08-13T23:07:09.181585705Z","tipoEvento":"HEARTBEAT","bufferSize":0}
2026-08-14 01:07:19,181 INFO  [it.uni.reti2.HeartbeatGenerator] (executor-thread-1) 💓 [HEARTBEAT] Invio heartbeat: {"stazioneId":"stazzaDellaMadonnaTroia","stato":"ONLINE","timestamp":"2026-08-13T23:07:19.181311639Z","tipoEvento":"HEARTBEAT","bufferSize":0}
2026-08-14 01:07:29,181 INFO  [it.uni.reti2.HeartbeatGenerator] (executor-thread-1) 💓 [HEARTBEAT] Invio heartbeat: {"stazioneId":"stazzaDellaMadonnaTroia","stato":"ONLINE","timestamp":"2026-08-13T23:07:29.181092016Z","tipoEvento":"HEARTBEAT","bufferSize":0}
2026-08-14 01:07:38,071 INFO  [it.uni.reti2.StationGateway] (vert.x-eventloop-thread-3) 🚂 [PASSAGGIO] Treno Mario in ENTRATA dalla stazione stazzaDellaMadonnaTroia
2026-08-14 01:07:39,181 INFO  [it.uni.reti2.HeartbeatGenerator] (executor-thread-1) 💓 [HEARTBEAT] Invio heartbeat: {"stazioneId":"stazzaDellaMadonnaTroia","stato":"ONLINE","timestamp":"2026-08-13T23:07:39.181561790Z","tipoEvento":"HEARTBEAT","bufferSize":0}
2026-08-14 01:07:49,181 INFO  [it.uni.reti2.HeartbeatGenerator] (executor-thread-1) 💓 [HEARTBEAT] Invio heartbeat: {"stazioneId":"stazzaDellaMadonnaTroia","stato":"ONLINE","timestamp":"2026-08-13T23:07:49.181255413Z","tipoEvento":"HEARTBEAT","bufferSize":0}
2026-08-14 01:07:59,070 INFO  [it.uni.reti2.StationGateway] (vert.x-eventloop-thread-3) 🚂 [PASSAGGIO] Treno Mario in USCITA dalla stazione stazzaDellaMadonnaTroia
2026-08-14 01:07:59,181 INFO  [it.uni.reti2.HeartbeatGenerator] (executor-thread-1) 💓 [HEARTBEAT] Invio heartbeat: {"stazioneId":"stazzaDellaMadonnaTroia","stato":"ONLINE","timestamp":"2026-08-13T23:07:59.181167026Z","tipoEvento":"HEARTBEAT","bufferSize":0}
2026-08-14 01:08:09,181 INFO  [it.uni.reti2.HeartbeatGenerator] (executor-thread-1) 💓 [HEARTBEAT] Invio heartbeat: {"stazioneId":"stazzaDellaMadonnaTroia","stato":"ONLINE","timestamp":"2026-08-13T23:08:09.181207917Z","tipoEvento":"HEARTBEAT","bufferSize":0}
2026-08-14 01:08:19,181 INFO  [it.uni.reti2.HeartbeatGenerator] (executor-thread-1) 💓 [HEARTBEAT] Invio heartbeat: {"stazioneId":"stazzaDellaMadonnaTroia","stato":"ONLINE","timestamp":"2026-08-13T23:08:19.181221385Z","tipoEvento":"HEARTBEAT","bufferSize":0}
2026-08-14 01:08:29,181 INFO  [it.uni.reti2.HeartbeatGenerator] (executor-thread-1) 💓 [HEARTBEAT] Invio heartbeat: {"stazioneId":"stazzaDellaMadonnaTroia","stato":"ONLINE","timestamp":"2026-08-13T23:08:29.181576976Z","tipoEvento":"HEARTBEAT","bufferSize":0}
2026-08-14 01:08:39,181 INFO  [it.uni.reti2.HeartbeatGenerator] (executor-thread-1) 💓 [HEARTBEAT] Invio heartbeat: {"stazioneId":"stazzaDellaMadonnaTroia","stato":"ONLINE","timestamp":"2026-08-13T23:08:39.181211743Z","tipoEvento":"HEARTBEAT","bufferSize":0}
2026-08-14 01:08:49,181 INFO  [it.uni.reti2.HeartbeatGenerator] (executor-thread-1) 💓 [HEARTBEAT] Invio heartbeat: {"stazioneId":"stazzaDellaMadonnaTroia","stato":"ONLINE","timestamp":"2026-08-13T23:08:49.181448745Z","tipoEvento":"HEARTBEAT","bufferSize":0}
2026-08-14 01:08:59,181 INFO  [it.uni.reti2.HeartbeatGenerator] (executor-thread-1) 💓 [HEARTBEAT] Invio heartbeat: {"stazioneId":"stazzaDellaMadonnaTroia","stato":"ONLINE","timestamp":"2026-08-13T23:08:59.181227076Z","tipoEvento":"HEARTBEAT","bufferSize":0}
2026-08-14 01:09:09,181 INFO  [it.uni.reti2.HeartbeatGenerator] (executor-thread-1) 💓 [HEARTBEAT] Invio heartbeat: {"stazioneId":"stazzaDellaMadonnaTroia","stato":"ONLINE","timestamp":"2026-08-13T23:09:09.181541752Z","tipoEvento":"HEARTBEAT","bufferSize":0}
2026-08-14 01:09:19,181 INFO  [it.uni.reti2.HeartbeatGenerator] (executor-thread-1) 💓 [HEARTBEAT] Invio heartbeat: {"stazioneId":"stazzaDellaMadonnaTroia","stato":"ONLINE","timestamp":"2026-08-13T23:09:19.181814849Z","tipoEvento":"HEARTBEAT","bufferSize":0}
2026-08-14 01:09:29,181 INFO  [it.uni.reti2.HeartbeatGenerator] (executor-thread-1) 💓 [HEARTBEAT] Invio heartbeat: {"stazioneId":"stazzaDellaMadonnaTroia","stato":"ONLINE","timestamp":"2026-08-13T23:09:29.181136387Z","tipoEvento":"HEARTBEAT","bufferSize":0}
2026-08-14 01:09:39,181 INFO  [it.uni.reti2.HeartbeatGenerator] (executor-thread-1) 💓 [HEARTBEAT] Invio heartbeat: {"stazioneId":"stazzaDellaMadonnaTroia","stato":"ONLINE","timestamp":"2026-08-13T23:09:39.181143451Z","tipoEvento":"HEARTBEAT","bufferSize":0}
2026-08-14 01:09:49,181 INFO  [it.uni.reti2.HeartbeatGenerator] (executor-thread-1) 💓 [HEARTBEAT] Invio heartbeat: {"stazioneId":"stazzaDellaMadonnaTroia","stato":"ONLINE","timestamp":"2026-08-13T23:09:49.181095147Z","tipoEvento":"HEARTBEAT","bufferSize":0}
2026-08-14 01:09:59,181 INFO  [it.uni.reti2.HeartbeatGenerator] (executor-thread-1) 💓 [HEARTBEAT] Invio heartbeat: {"stazioneId":"stazzaDellaMadonnaTroia","stato":"ONLINE","timestamp":"2026-08-13T23:09:59.181153499Z","tipoEvento":"HEARTBEAT","bufferSize":0}
2026-08-14 01:10:09,181 INFO  [it.uni.reti2.HeartbeatGenerator] (executor-thread-1) 💓 [HEARTBEAT] Invio heartbeat: {"stazioneId":"stazzaDellaMadonnaTroia","stato":"ONLINE","timestamp":"2026-08-13T23:10:09.181114766Z","tipoEvento":"HEARTBEAT","bufferSize":0}
2026-08-14 01:10:19,181 INFO  [it.uni.reti2.HeartbeatGenerator] (executor-thread-1) 💓 [HEARTBEAT] Invio heartbeat: {"stazioneId":"stazzaDellaMadonnaTroia","stato":"ONLINE","timestamp":"2026-08-13T23:10:19.181097253Z","tipoEvento":"HEARTBEAT","bufferSize":0}
2026-08-14 01:10:29,181 INFO  [it.uni.reti2.HeartbeatGenerator] (executor-thread-1) 💓 [HEARTBEAT] Invio heartbeat: {"stazioneId":"stazzaDellaMadonnaTroia","stato":"ONLINE","timestamp":"2026-08-13T23:10:29.181234408Z","tipoEvento":"HEARTBEAT","bufferSize":0}
2026-08-14 01:10:39,181 INFO  [it.uni.reti2.HeartbeatGenerator] (executor-thread-1) 💓 [HEARTBEAT] Invio heartbeat: {"stazioneId":"stazzaDellaMadonnaTroia","stato":"ONLINE","timestamp":"2026-08-13T23:10:39.181146770Z","tipoEvento":"HEARTBEAT","bufferSize":0}
2026-08-14 01:10:49,181 INFO  [it.uni.reti2.HeartbeatGenerator] (executor-thread-1) 💓 [HEARTBEAT] Invio heartbeat: {"stazioneId":"stazzaDellaMadonnaTroia","stato":"ONLINE","timestamp":"2026-08-13T23:10:49.181171990Z","tipoEvento":"HEARTBEAT","bufferSize":0}
2026-08-14 01:10:59,181 INFO  [it.uni.reti2.HeartbeatGenerator] (executor-thread-1) 💓 [HEARTBEAT] Invio heartbeat: {"stazioneId":"stazzaDellaMadonnaTroia","stato":"ONLINE","timestamp":"2026-08-13T23:10:59.181168334Z","tipoEvento":"HEARTBEAT","bufferSize":0}
2026-08-14 01:11:09,182 INFO  [it.uni.reti2.HeartbeatGenerator] (executor-thread-1) 💓 [HEARTBEAT] Invio heartbeat: {"stazioneId":"stazzaDellaMadonnaTroia","stato":"ONLINE","timestamp":"2026-08-13T23:11:09.182047537Z","tipoEvento":"HEARTBEAT","bufferSize":0}
2026-08-14 01:11:19,181 INFO  [it.uni.reti2.HeartbeatGenerator] (executor-thread-1) 💓 [HEARTBEAT] Invio heartbeat: {"stazioneId":"stazzaDellaMadonnaTroia","stato":"ONLINE","timestamp":"2026-08-13T23:11:19.181330161Z","tipoEvento":"HEARTBEAT","bufferSize":0}
2026-08-14 01:11:29,181 INFO  [it.uni.reti2.HeartbeatGenerator] (executor-thread-1) 💓 [HEARTBEAT] Invio heartbeat: {"stazioneId":"stazzaDellaMadonnaTroia","stato":"ONLINE","timestamp":"2026-08-13T23:11:29.181212124Z","tipoEvento":"HEARTBEAT","bufferSize":0}
2026-08-14 01:11:39,181 INFO  [it.uni.reti2.HeartbeatGenerator] (executor-thread-1) 💓 [HEARTBEAT] Invio heartbeat: {"stazioneId":"stazzaDellaMadonnaTroia","stato":"ONLINE","timestamp":"2026-08-13T23:11:39.181156161Z","tipoEvento":"HEARTBEAT","bufferSize":0}
2026-08-14 01:11:49,181 INFO  [it.uni.reti2.HeartbeatGenerator] (executor-thread-1) 💓 [HEARTBEAT] Invio heartbeat: {"stazioneId":"stazzaDellaMadonnaTroia","stato":"ONLINE","timestamp":"2026-08-13T23:11:49.181242689Z","tipoEvento":"HEARTBEAT","bufferSize":0}
2026-08-14 01:11:59,181 INFO  [it.uni.reti2.HeartbeatGenerator] (executor-thread-1) 💓 [HEARTBEAT] Invio heartbeat: {"stazioneId":"stazzaDellaMadonnaTroia","stato":"ONLINE","timestamp":"2026-08-13T23:11:59.181177051Z","tipoEvento":"HEARTBEAT","bufferSize":0}
2026-08-14 01:12:09,181 INFO  [it.uni.reti2.HeartbeatGenerator] (executor-thread-1) 💓 [HEARTBEAT] Invio heartbeat: {"stazioneId":"stazzaDellaMadonnaTroia","stato":"ONLINE","timestamp":"2026-08-13T23:12:09.181828937Z","tipoEvento":"HEARTBEAT","bufferSize":0}
2026-08-14 01:12:19,181 INFO  [it.uni.reti2.HeartbeatGenerator] (executor-thread-1) 💓 [HEARTBEAT] Invio heartbeat: {"stazioneId":"stazzaDellaMadonnaTroia","stato":"ONLINE","timestamp":"2026-08-13T23:12:19.181189584Z","tipoEvento":"HEARTBEAT","bufferSize":0}
2026-08-14 01:12:29,181 INFO  [it.uni.reti2.HeartbeatGenerator] (executor-thread-1) 💓 [HEARTBEAT] Invio heartbeat: {"stazioneId":"stazzaDellaMadonnaTroia","stato":"ONLINE","timestamp":"2026-08-13T23:12:29.181358272Z","tipoEvento":"HEARTBEAT","bufferSize":0}
2026-08-14 01:12:39,181 INFO  [it.uni.reti2.HeartbeatGenerator] (executor-thread-1) 💓 [HEARTBEAT] Invio heartbeat: {"stazioneId":"stazzaDellaMadonnaTroia","stato":"ONLINE","timestamp":"2026-08-13T23:12:39.181645703Z","tipoEvento":"HEARTBEAT","bufferSize":0}
2026-08-14 01:12:49,181 INFO  [it.uni.reti2.HeartbeatGenerator] (executor-thread-1) 💓 [HEARTBEAT] Invio heartbeat: {"stazioneId":"stazzaDellaMadonnaTroia","stato":"ONLINE","timestamp":"2026-08-13T23:12:49.181546335Z","tipoEvento":"HEARTBEAT","bufferSize":0}
2026-08-14 01:12:59,181 INFO  [it.uni.reti2.HeartbeatGenerator] (executor-thread-1) 💓 [HEARTBEAT] Invio heartbeat: {"stazioneId":"stazzaDellaMadonnaTroia","stato":"ONLINE","timestamp":"2026-08-13T23:12:59.181572525Z","tipoEvento":"HEARTBEAT","bufferSize":0}
2026-08-14 01:13:09,181 INFO  [it.uni.reti2.HeartbeatGenerator] (executor-thread-1) 💓 [HEARTBEAT] Invio heartbeat: {"stazioneId":"stazzaDellaMadonnaTroia","stato":"ONLINE","timestamp":"2026-08-13T23:13:09.181285821Z","tipoEvento":"HEARTBEAT","bufferSize":0}
2026-08-14 01:13:19,181 INFO  [it.uni.reti2.HeartbeatGenerator] (executor-thread-1) 💓 [HEARTBEAT] Invio heartbeat: {"stazioneId":"stazzaDellaMadonnaTroia","stato":"ONLINE","timestamp":"2026-08-13T23:13:19.181797769Z","tipoEvento":"HEARTBEAT","bufferSize":0}
2026-08-14 01:13:29,181 INFO  [it.uni.reti2.HeartbeatGenerator] (executor-thread-1) 💓 [HEARTBEAT] Invio heartbeat: {"stazioneId":"stazzaDellaMadonnaTroia","stato":"ONLINE","timestamp":"2026-08-13T23:13:29.181171136Z","tipoEvento":"HEARTBEAT","bufferSize":0}
2026-08-14 01:13:39,181 INFO  [it.uni.reti2.HeartbeatGenerator] (executor-thread-1) 💓 [HEARTBEAT] Invio heartbeat: {"stazioneId":"stazzaDellaMadonnaTroia","stato":"ONLINE","timestamp":"2026-08-13T23:13:39.181144449Z","tipoEvento":"HEARTBEAT","bufferSize":0}
2026-08-14 01:13:49,181 INFO  [it.uni.reti2.HeartbeatGenerator] (executor-thread-1) 💓 [HEARTBEAT] Invio heartbeat: {"stazioneId":"stazzaDellaMadonnaTroia","stato":"ONLINE","timestamp":"2026-08-13T23:13:49.181236691Z","tipoEvento":"HEARTBEAT","bufferSize":0}
2026-08-14 01:13:59,181 INFO  [it.uni.reti2.HeartbeatGenerator] (executor-thread-1) 💓 [HEARTBEAT] Invio heartbeat: {"stazioneId":"stazzaDellaMadonnaTroia","stato":"ONLINE","timestamp":"2026-08-13T23:13:59.181573438Z","tipoEvento":"HEARTBEAT","bufferSize":0}
2026-08-14 01:14:09,181 INFO  [it.uni.reti2.HeartbeatGenerator] (executor-thread-1) 💓 [HEARTBEAT] Invio heartbeat: {"stazioneId":"stazzaDellaMadonnaTroia","stato":"ONLINE","timestamp":"2026-08-13T23:14:09.181526890Z","tipoEvento":"HEARTBEAT","bufferSize":0}
2026-08-14 01:14:19,181 INFO  [it.uni.reti2.HeartbeatGenerator] (executor-thread-1) 💓 [HEARTBEAT] Invio heartbeat: {"stazioneId":"stazzaDellaMadonnaTroia","stato":"ONLINE","timestamp":"2026-08-13T23:14:19.181288639Z","tipoEvento":"HEARTBEAT","bufferSize":0}
2026-08-14 01:14:29,181 INFO  [it.uni.reti2.HeartbeatGenerator] (executor-thread-1) 💓 [HEARTBEAT] Invio heartbeat: {"stazioneId":"stazzaDellaMadonnaTroia","stato":"ONLINE","timestamp":"2026-08-13T23:14:29.181473670Z","tipoEvento":"HEARTBEAT","bufferSize":0}
2026-08-14 01:14:39,181 INFO  [it.uni.reti2.HeartbeatGenerator] (executor-thread-1) 💓 [HEARTBEAT] Invio heartbeat: {"stazioneId":"stazzaDellaMadonnaTroia","stato":"ONLINE","timestamp":"2026-08-13T23:14:39.181557163Z","tipoEvento":"HEARTBEAT","bufferSize":0}
2026-08-14 01:14:49,181 INFO  [it.uni.reti2.HeartbeatGenerator] (executor-thread-1) 💓 [HEARTBEAT] Invio heartbeat: {"stazioneId":"stazzaDellaMadonnaTroia","stato":"ONLINE","timestamp":"2026-08-13T23:14:49.181226522Z","tipoEvento":"HEARTBEAT","bufferSize":0}
2026-08-14 01:14:59,182 INFO  [it.uni.reti2.HeartbeatGenerator] (executor-thread-1) 💓 [HEARTBEAT] Invio heartbeat: {"stazioneId":"stazzaDellaMadonnaTroia","stato":"ONLINE","timestamp":"2026-08-13T23:14:59.182024139Z","tipoEvento":"HEARTBEAT","bufferSize":0}
2026-08-14 01:15:09,181 INFO  [it.uni.reti2.HeartbeatGenerator] (executor-thread-1) 💓 [HEARTBEAT] Invio heartbeat: {"stazioneId":"stazzaDellaMadonnaTroia","stato":"ONLINE","timestamp":"2026-08-13T23:15:09.181125530Z","tipoEvento":"HEARTBEAT","bufferSize":0}
2026-08-14 01:15:19,181 INFO  [it.uni.reti2.HeartbeatGenerator] (executor-thread-1) 💓 [HEARTBEAT] Invio heartbeat: {"stazioneId":"stazzaDellaMadonnaTroia","stato":"ONLINE","timestamp":"2026-08-13T23:15:19.181183167Z","tipoEvento":"HEARTBEAT","bufferSize":0}
2026-08-14 01:15:29,181 INFO  [it.uni.reti2.HeartbeatGenerator] (executor-thread-1) 💓 [HEARTBEAT] Invio heartbeat: {"stazioneId":"stazzaDellaMadonnaTroia","stato":"ONLINE","timestamp":"2026-08-13T23:15:29.181112512Z","tipoEvento":"HEARTBEAT","bufferSize":0}
2026-08-14 01:15:39,181 INFO  [it.uni.reti2.HeartbeatGenerator] (executor-thread-1) 💓 [HEARTBEAT] Invio heartbeat: {"stazioneId":"stazzaDellaMadonnaTroia","stato":"ONLINE","timestamp":"2026-08-13T23:15:39.181144134Z","tipoEvento":"HEARTBEAT","bufferSize":0}
2026-08-14 01:15:49,181 INFO  [it.uni.reti2.HeartbeatGenerator] (executor-thread-1) 💓 [HEARTBEAT] Invio heartbeat: {"stazioneId":"stazzaDellaMadonnaTroia","stato":"ONLINE","timestamp":"2026-08-13T23:15:49.181112157Z","tipoEvento":"HEARTBEAT","bufferSize":0}
2026-08-14 01:15:59,181 INFO  [it.uni.reti2.HeartbeatGenerator] (executor-thread-1) 💓 [HEARTBEAT] Invio heartbeat: {"stazioneId":"stazzaDellaMadonnaTroia","stato":"ONLINE","timestamp":"2026-08-13T23:15:59.181184270Z","tipoEvento":"HEARTBEAT","bufferSize":0}
2026-08-14 01:16:09,181 INFO  [it.uni.reti2.HeartbeatGenerator] (executor-thread-1) 💓 [HEARTBEAT] Invio heartbeat: {"stazioneId":"stazzaDellaMadonnaTroia","stato":"ONLINE","timestamp":"2026-08-13T23:16:09.181191995Z","tipoEvento":"HEARTBEAT","bufferSize":0}
2026-08-14 01:16:19,181 INFO  [it.uni.reti2.HeartbeatGenerator] (executor-thread-1) 💓 [HEARTBEAT] Invio heartbeat: {"stazioneId":"stazzaDellaMadonnaTroia","stato":"ONLINE","timestamp":"2026-08-13T23:16:19.181409489Z","tipoEvento":"HEARTBEAT","bufferSize":0}
2026-08-14 01:16:29,181 INFO  [it.uni.reti2.HeartbeatGenerator] (executor-thread-1) 💓 [HEARTBEAT] Invio heartbeat: {"stazioneId":"stazzaDellaMadonnaTroia","stato":"ONLINE","timestamp":"2026-08-13T23:16:29.181441483Z","tipoEvento":"HEARTBEAT","bufferSize":0}
2026-08-14 01:16:39,181 INFO  [it.uni.reti2.HeartbeatGenerator] (executor-thread-1) 💓 [HEARTBEAT] Invio heartbeat: {"stazioneId":"stazzaDellaMadonnaTroia","stato":"ONLINE","timestamp":"2026-08-13T23:16:39.181207225Z","tipoEvento":"HEARTBEAT","bufferSize":0}
2026-08-14 01:16:49,181 INFO  [it.uni.reti2.HeartbeatGenerator] (executor-thread-1) 💓 [HEARTBEAT] Invio heartbeat: {"stazioneId":"stazzaDellaMadonnaTroia","stato":"ONLINE","timestamp":"2026-08-13T23:16:49.181240492Z","tipoEvento":"HEARTBEAT","bufferSize":0}
2026-08-14 01:16:59,181 INFO  [it.uni.reti2.HeartbeatGenerator] (executor-thread-1) 💓 [HEARTBEAT] Invio heartbeat: {"stazioneId":"stazzaDellaMadonnaTroia","stato":"ONLINE","timestamp":"2026-08-13T23:16:59.181238071Z","tipoEvento":"HEARTBEAT","bufferSize":0}
2026-08-14 01:17:01,072 INFO  [it.uni.reti2.StationGateway] (vert.x-eventloop-thread-3) 🚂 [PASSAGGIO] Treno tenoAmmazzaRicchi in ENTRATA dalla stazione stazzaDellaMadonnaTroia
2026-08-14 01:17:09,181 INFO  [it.uni.reti2.HeartbeatGenerator] (executor-thread-1) 💓 [HEARTBEAT] Invio heartbeat: {"stazioneId":"stazzaDellaMadonnaTroia","stato":"ONLINE","timestamp":"2026-08-13T23:17:09.181497005Z","tipoEvento":"HEARTBEAT","bufferSize":0}
2026-08-14 01:17:19,181 INFO  [it.uni.reti2.HeartbeatGenerator] (executor-thread-1) 💓 [HEARTBEAT] Invio heartbeat: {"stazioneId":"stazzaDellaMadonnaTroia","stato":"ONLINE","timestamp":"2026-08-13T23:17:19.181535515Z","tipoEvento":"HEARTBEAT","bufferSize":0}
2026-08-14 01:17:29,181 INFO  [it.uni.reti2.HeartbeatGenerator] (executor-thread-1) 💓 [HEARTBEAT] Invio heartbeat: {"stazioneId":"stazzaDellaMadonnaTroia","stato":"ONLINE","timestamp":"2026-08-13T23:17:29.181179429Z","tipoEvento":"HEARTBEAT","bufferSize":0}
2026-08-14 01:17:39,181 INFO  [it.uni.reti2.HeartbeatGenerator] (executor-thread-1) 💓 [HEARTBEAT] Invio heartbeat: {"stazioneId":"stazzaDellaMadonnaTroia","stato":"ONLINE","timestamp":"2026-08-13T23:17:39.181654245Z","tipoEvento":"HEARTBEAT","bufferSize":0}
2026-08-14 01:17:42,071 INFO  [it.uni.reti2.StationGateway] (vert.x-eventloop-thread-3) 🚂 [PASSAGGIO] Treno tenoAmmazzaRicchi in USCITA dalla stazione stazzaDellaMadonnaTroia
2026-08-14 01:17:49,181 INFO  [it.uni.reti2.HeartbeatGenerator] (executor-thread-1) 💓 [HEARTBEAT] Invio heartbeat: {"stazioneId":"stazzaDellaMadonnaTroia","stato":"ONLINE","timestamp":"2026-08-13T23:17:49.181618574Z","tipoEvento":"HEARTBEAT","bufferSize":0}
2026-08-14 01:17:59,181 INFO  [it.uni.reti2.HeartbeatGenerator] (executor-thread-1) 💓 [HEARTBEAT] Invio heartbeat: {"stazioneId":"stazzaDellaMadonnaTroia","stato":"ONLINE","timestamp":"2026-08-13T23:17:59.181786361Z","tipoEvento":"HEARTBEAT","bufferSize":0}
2026-08-14 01:18:09,181 INFO  [it.uni.reti2.HeartbeatGenerator] (executor-thread-1) 💓 [HEARTBEAT] Invio heartbeat: {"stazioneId":"stazzaDellaMadonnaTroia","stato":"ONLINE","timestamp":"2026-08-13T23:18:09.181524097Z","tipoEvento":"HEARTBEAT","bufferSize":0}
2026-08-14 01:18:19,181 INFO  [it.uni.reti2.HeartbeatGenerator] (executor-thread-1) 💓 [HEARTBEAT] Invio heartbeat: {"stazioneId":"stazzaDellaMadonnaTroia","stato":"ONLINE","timestamp":"2026-08-13T23:18:19.181293021Z","tipoEvento":"HEARTBEAT","bufferSize":0}
2026-08-14 01:18:29,181 INFO  [it.uni.reti2.HeartbeatGenerator] (executor-thread-1) 💓 [HEARTBEAT] Invio heartbeat: {"stazioneId":"stazzaDellaMadonnaTroia","stato":"ONLINE","timestamp":"2026-08-13T23:18:29.181592741Z","tipoEvento":"HEARTBEAT","bufferSize":0}
2026-08-14 01:18:39,181 INFO  [it.uni.reti2.HeartbeatGenerator] (executor-thread-1) 💓 [HEARTBEAT] Invio heartbeat: {"stazioneId":"stazzaDellaMadonnaTroia","stato":"ONLINE","timestamp":"2026-08-13T23:18:39.181575024Z","tipoEvento":"HEARTBEAT","bufferSize":0}
2026-08-14 01:18:49,181 INFO  [it.uni.reti2.HeartbeatGenerator] (executor-thread-1) 💓 [HEARTBEAT] Invio heartbeat: {"stazioneId":"stazzaDellaMadonnaTroia","stato":"ONLINE","timestamp":"2026-08-13T23:18:49.181596076Z","tipoEvento":"HEARTBEAT","bufferSize":0}
2026-08-14 01:18:59,181 INFO  [it.uni.reti2.HeartbeatGenerator] (executor-thread-1) 💓 [HEARTBEAT] Invio heartbeat: {"stazioneId":"stazzaDellaMadonnaTroia","stato":"ONLINE","timestamp":"2026-08-13T23:18:59.181713330Z","tipoEvento":"HEARTBEAT","bufferSize":0}
2026-08-14 01:19:05,071 INFO  [it.uni.reti2.StationGateway] (vert.x-eventloop-thread-3) 🚂 [PASSAGGIO] Treno Mario in ENTRATA dalla stazione stazzaDellaMadonnaTroia
2026-08-14 01:19:09,181 INFO  [it.uni.reti2.HeartbeatGenerator] (executor-thread-1) 💓 [HEARTBEAT] Invio heartbeat: {"stazioneId":"stazzaDellaMadonnaTroia","stato":"ONLINE","timestamp":"2026-08-13T23:19:09.181251906Z","tipoEvento":"HEARTBEAT","bufferSize":0}
2026-08-14 01:19:19,181 INFO  [it.uni.reti2.HeartbeatGenerator] (executor-thread-1) 💓 [HEARTBEAT] Invio heartbeat: {"stazioneId":"stazzaDellaMadonnaTroia","stato":"ONLINE","timestamp":"2026-08-13T23:19:19.181252855Z","tipoEvento":"HEARTBEAT","bufferSize":0}
2026-08-14 01:19:26,071 INFO  [it.uni.reti2.StationGateway] (vert.x-eventloop-thread-3) 🚂 [PASSAGGIO] Treno Mario in USCITA dalla stazione stazzaDellaMadonnaTroia
2026-08-14 01:19:29,182 INFO  [it.uni.reti2.HeartbeatGenerator] (executor-thread-1) 💓 [HEARTBEAT] Invio heartbeat: {"stazioneId":"stazzaDellaMadonnaTroia","stato":"ONLINE","timestamp":"2026-08-13T23:19:29.181995787Z","tipoEvento":"HEARTBEAT","bufferSize":0}
2026-08-14 01:19:39,181 INFO  [it.uni.reti2.HeartbeatGenerator] (executor-thread-1) 💓 [HEARTBEAT] Invio heartbeat: {"stazioneId":"stazzaDellaMadonnaTroia","stato":"ONLINE","timestamp":"2026-08-13T23:19:39.181573186Z","tipoEvento":"HEARTBEAT","bufferSize":0}
2026-08-14 01:19:49,181 INFO  [it.uni.reti2.HeartbeatGenerator] (executor-thread-1) 💓 [HEARTBEAT] Invio heartbeat: {"stazioneId":"stazzaDellaMadonnaTroia","stato":"ONLINE","timestamp":"2026-08-13T23:19:49.181591213Z","tipoEvento":"HEARTBEAT","bufferSize":0}
2026-08-14 01:19:59,181 INFO  [it.uni.reti2.HeartbeatGenerator] (executor-thread-1) 💓 [HEARTBEAT] Invio heartbeat: {"stazioneId":"stazzaDellaMadonnaTroia","stato":"ONLINE","timestamp":"2026-08-13T23:19:59.181568613Z","tipoEvento":"HEARTBEAT","bufferSize":0}
2026-08-14 01:20:09,181 INFO  [it.uni.reti2.HeartbeatGenerator] (executor-thread-1) 💓 [HEARTBEAT] Invio heartbeat: {"stazioneId":"stazzaDellaMadonnaTroia","stato":"ONLINE","timestamp":"2026-08-13T23:20:09.181265615Z","tipoEvento":"HEARTBEAT","bufferSize":0}
2026-08-14 01:20:19,181 INFO  [it.uni.reti2.HeartbeatGenerator] (executor-thread-1) 💓 [HEARTBEAT] Invio heartbeat: {"stazioneId":"stazzaDellaMadonnaTroia","stato":"ONLINE","timestamp":"2026-08-13T23:20:19.181355833Z","tipoEvento":"HEARTBEAT","bufferSize":0}
2026-08-14 01:20:29,181 INFO  [it.uni.reti2.HeartbeatGenerator] (executor-thread-1) 💓 [HEARTBEAT] Invio heartbeat: {"stazioneId":"stazzaDellaMadonnaTroia","stato":"ONLINE","timestamp":"2026-08-13T23:20:29.181326406Z","tipoEvento":"HEARTBEAT","bufferSize":0}
2026-08-14 01:20:39,181 INFO  [it.uni.reti2.HeartbeatGenerator] (executor-thread-1) 💓 [HEARTBEAT] Invio heartbeat: {"stazioneId":"stazzaDellaMadonnaTroia","stato":"ONLINE","timestamp":"2026-08-13T23:20:39.181558615Z","tipoEvento":"HEARTBEAT","bufferSize":0}
2026-08-14 01:20:49,181 INFO  [it.uni.reti2.HeartbeatGenerator] (executor-thread-1) 💓 [HEARTBEAT] Invio heartbeat: {"stazioneId":"stazzaDellaMadonnaTroia","stato":"ONLINE","timestamp":"2026-08-13T23:20:49.181151023Z","tipoEvento":"HEARTBEAT","bufferSize":0}
2026-08-14 01:20:59,181 INFO  [it.uni.reti2.HeartbeatGenerator] (executor-thread-1) 💓 [HEARTBEAT] Invio heartbeat: {"stazioneId":"stazzaDellaMadonnaTroia","stato":"ONLINE","timestamp":"2026-08-13T23:20:59.181593765Z","tipoEvento":"HEARTBEAT","bufferSize":0}
2026-08-14 01:21:09,181 INFO  [it.uni.reti2.HeartbeatGenerator] (executor-thread-1) 💓 [HEARTBEAT] Invio heartbeat: {"stazioneId":"stazzaDellaMadonnaTroia","stato":"ONLINE","timestamp":"2026-08-13T23:21:09.181884075Z","tipoEvento":"HEARTBEAT","bufferSize":0}
2026-08-14 01:21:19,181 INFO  [it.uni.reti2.HeartbeatGenerator] (executor-thread-1) 💓 [HEARTBEAT] Invio heartbeat: {"stazioneId":"stazzaDellaMadonnaTroia","stato":"ONLINE","timestamp":"2026-08-13T23:21:19.181327947Z","tipoEvento":"HEARTBEAT","bufferSize":0}
2026-08-14 01:21:29,181 INFO  [it.uni.reti2.HeartbeatGenerator] (executor-thread-1) 💓 [HEARTBEAT] Invio heartbeat: {"stazioneId":"stazzaDellaMadonnaTroia","stato":"ONLINE","timestamp":"2026-08-13T23:21:29.181520701Z","tipoEvento":"HEARTBEAT","bufferSize":0}
2026-08-14 01:21:39,181 INFO  [it.uni.reti2.HeartbeatGenerator] (executor-thread-1) 💓 [HEARTBEAT] Invio heartbeat: {"stazioneId":"stazzaDellaMadonnaTroia","stato":"ONLINE","timestamp":"2026-08-13T23:21:39.181508699Z","tipoEvento":"HEARTBEAT","bufferSize":0}
2026-08-14 01:21:49,181 INFO  [it.uni.reti2.HeartbeatGenerator] (executor-thread-1) 💓 [HEARTBEAT] Invio heartbeat: {"stazioneId":"stazzaDellaMadonnaTroia","stato":"ONLINE","timestamp":"2026-08-13T23:21:49.181688288Z","tipoEvento":"HEARTBEAT","bufferSize":0}
2026-08-14 01:21:59,181 INFO  [it.uni.reti2.HeartbeatGenerator] (executor-thread-1) 💓 [HEARTBEAT] Invio heartbeat: {"stazioneId":"stazzaDellaMadonnaTroia","stato":"ONLINE","timestamp":"2026-08-13T23:21:59.181135846Z","tipoEvento":"HEARTBEAT","bufferSize":0}
2026-08-14 01:22:09,181 INFO  [it.uni.reti2.HeartbeatGenerator] (executor-thread-1) 💓 [HEARTBEAT] Invio heartbeat: {"stazioneId":"stazzaDellaMadonnaTroia","stato":"ONLINE","timestamp":"2026-08-13T23:22:09.181620826Z","tipoEvento":"HEARTBEAT","bufferSize":0}
2026-08-14 01:22:19,181 INFO  [it.uni.reti2.HeartbeatGenerator] (executor-thread-1) 💓 [HEARTBEAT] Invio heartbeat: {"stazioneId":"stazzaDellaMadonnaTroia","stato":"ONLINE","timestamp":"2026-08-13T23:22:19.181502568Z","tipoEvento":"HEARTBEAT","bufferSize":0}
2026-08-14 01:22:29,181 INFO  [it.uni.reti2.HeartbeatGenerator] (executor-thread-1) 💓 [HEARTBEAT] Invio heartbeat: {"stazioneId":"stazzaDellaMadonnaTroia","stato":"ONLINE","timestamp":"2026-08-13T23:22:29.181319344Z","tipoEvento":"HEARTBEAT","bufferSize":0}
2026-08-14 01:22:39,181 INFO  [it.uni.reti2.HeartbeatGenerator] (executor-thread-1) 💓 [HEARTBEAT] Invio heartbeat: {"stazioneId":"stazzaDellaMadonnaTroia","stato":"ONLINE","timestamp":"2026-08-13T23:22:39.181548856Z","tipoEvento":"HEARTBEAT","bufferSize":0}
2026-08-14 01:22:49,181 INFO  [it.uni.reti2.HeartbeatGenerator] (executor-thread-1) 💓 [HEARTBEAT] Invio heartbeat: {"stazioneId":"stazzaDellaMadonnaTroia","stato":"ONLINE","timestamp":"2026-08-13T23:22:49.181615308Z","tipoEvento":"HEARTBEAT","bufferSize":0}
2026-08-14 01:22:59,181 INFO  [it.uni.reti2.HeartbeatGenerator] (executor-thread-1) 💓 [HEARTBEAT] Invio heartbeat: {"stazioneId":"stazzaDellaMadonnaTroia","stato":"ONLINE","timestamp":"2026-08-13T23:22:59.181670224Z","tipoEvento":"HEARTBEAT","bufferSize":0}
2026-08-14 01:23:09,071 INFO  [it.uni.reti2.StationGateway] (vert.x-eventloop-thread-3) 🚂 [PASSAGGIO] Treno Mario in ENTRATA dalla stazione stazzaDellaMadonnaTroia
2026-08-14 01:23:09,181 INFO  [it.uni.reti2.HeartbeatGenerator] (executor-thread-1) 💓 [HEARTBEAT] Invio heartbeat: {"stazioneId":"stazzaDellaMadonnaTroia","stato":"ONLINE","timestamp":"2026-08-13T23:23:09.181631435Z","tipoEvento":"HEARTBEAT","bufferSize":0}
2026-08-14 01:23:19,181 INFO  [it.uni.reti2.HeartbeatGenerator] (executor-thread-1) 💓 [HEARTBEAT] Invio heartbeat: {"stazioneId":"stazzaDellaMadonnaTroia","stato":"ONLINE","timestamp":"2026-08-13T23:23:19.181524756Z","tipoEvento":"HEARTBEAT","bufferSize":0}
2026-08-14 01:23:29,071 INFO  [it.uni.reti2.StationGateway] (vert.x-eventloop-thread-3) 🚂 [PASSAGGIO] Treno Mario in USCITA dalla stazione stazzaDellaMadonnaTroia
2026-08-14 01:23:29,181 INFO  [it.uni.reti2.HeartbeatGenerator] (executor-thread-1) 💓 [HEARTBEAT] Invio heartbeat: {"stazioneId":"stazzaDellaMadonnaTroia","stato":"ONLINE","timestamp":"2026-08-13T23:23:29.181562674Z","tipoEvento":"HEARTBEAT","bufferSize":0}
2026-08-14 01:23:39,181 INFO  [it.uni.reti2.HeartbeatGenerator] (executor-thread-1) 💓 [HEARTBEAT] Invio heartbeat: {"stazioneId":"stazzaDellaMadonnaTroia","stato":"ONLINE","timestamp":"2026-08-13T23:23:39.181278229Z","tipoEvento":"HEARTBEAT","bufferSize":0}
2026-08-14 01:23:49,181 INFO  [it.uni.reti2.HeartbeatGenerator] (executor-thread-1) 💓 [HEARTBEAT] Invio heartbeat: {"stazioneId":"stazzaDellaMadonnaTroia","stato":"ONLINE","timestamp":"2026-08-13T23:23:49.181328174Z","tipoEvento":"HEARTBEAT","bufferSize":0}
2026-08-14 01:23:59,181 INFO  [it.uni.reti2.HeartbeatGenerator] (executor-thread-1) 💓 [HEARTBEAT] Invio heartbeat: {"stazioneId":"stazzaDellaMadonnaTroia","stato":"ONLINE","timestamp":"2026-08-13T23:23:59.181548036Z","tipoEvento":"HEARTBEAT","bufferSize":0}
2026-08-14 01:24:09,181 INFO  [it.uni.reti2.HeartbeatGenerator] (executor-thread-1) 💓 [HEARTBEAT] Invio heartbeat: {"stazioneId":"stazzaDellaMadonnaTroia","stato":"ONLINE","timestamp":"2026-08-13T23:24:09.181907170Z","tipoEvento":"HEARTBEAT","bufferSize":0}
2026-08-14 01:24:19,181 INFO  [it.uni.reti2.HeartbeatGenerator] (executor-thread-1) 💓 [HEARTBEAT] Invio heartbeat: {"stazioneId":"stazzaDellaMadonnaTroia","stato":"ONLINE","timestamp":"2026-08-13T23:24:19.181392898Z","tipoEvento":"HEARTBEAT","bufferSize":0}
2026-08-14 01:24:29,182 INFO  [it.uni.reti2.HeartbeatGenerator] (executor-thread-1) 💓 [HEARTBEAT] Invio heartbeat: {"stazioneId":"stazzaDellaMadonnaTroia","stato":"ONLINE","timestamp":"2026-08-13T23:24:29.182067405Z","tipoEvento":"HEARTBEAT","bufferSize":0}
2026-08-14 01:24:39,181 INFO  [it.uni.reti2.HeartbeatGenerator] (executor-thread-1) 💓 [HEARTBEAT] Invio heartbeat: {"stazioneId":"stazzaDellaMadonnaTroia","stato":"ONLINE","timestamp":"2026-08-13T23:24:39.181271629Z","tipoEvento":"HEARTBEAT","bufferSize":0}
2026-08-14 01:24:49,181 INFO  [it.uni.reti2.HeartbeatGenerator] (executor-thread-1) 💓 [HEARTBEAT] Invio heartbeat: {"stazioneId":"stazzaDellaMadonnaTroia","stato":"ONLINE","timestamp":"2026-08-13T23:24:49.181258859Z","tipoEvento":"HEARTBEAT","bufferSize":0}
2026-08-14 01:24:59,181 INFO  [it.uni.reti2.HeartbeatGenerator] (executor-thread-1) 💓 [HEARTBEAT] Invio heartbeat: {"stazioneId":"stazzaDellaMadonnaTroia","stato":"ONLINE","timestamp":"2026-08-13T23:24:59.181329166Z","tipoEvento":"HEARTBEAT","bufferSize":0}
2026-08-14 01:25:09,181 INFO  [it.uni.reti2.HeartbeatGenerator] (executor-thread-1) 💓 [HEARTBEAT] Invio heartbeat: {"stazioneId":"stazzaDellaMadonnaTroia","stato":"ONLINE","timestamp":"2026-08-13T23:25:09.181326593Z","tipoEvento":"HEARTBEAT","bufferSize":0}
2026-08-14 01:25:19,181 INFO  [it.uni.reti2.HeartbeatGenerator] (executor-thread-1) 💓 [HEARTBEAT] Invio heartbeat: {"stazioneId":"stazzaDellaMadonnaTroia","stato":"ONLINE","timestamp":"2026-08-13T23:25:19.181332575Z","tipoEvento":"HEARTBEAT","bufferSize":0}
2026-08-14 01:25:29,181 INFO  [it.uni.reti2.HeartbeatGenerator] (executor-thread-1) 💓 [HEARTBEAT] Invio heartbeat: {"stazioneId":"stazzaDellaMadonnaTroia","stato":"ONLINE","timestamp":"2026-08-13T23:25:29.181312759Z","tipoEvento":"HEARTBEAT","bufferSize":0}
2026-08-14 01:25:39,181 INFO  [it.uni.reti2.HeartbeatGenerator] (executor-thread-1) 💓 [HEARTBEAT] Invio heartbeat: {"stazioneId":"stazzaDellaMadonnaTroia","stato":"ONLINE","timestamp":"2026-08-13T23:25:39.181229942Z","tipoEvento":"HEARTBEAT","bufferSize":0}
2026-08-14 01:25:49,181 INFO  [it.uni.reti2.HeartbeatGenerator] (executor-thread-1) 💓 [HEARTBEAT] Invio heartbeat: {"stazioneId":"stazzaDellaMadonnaTroia","stato":"ONLINE","timestamp":"2026-08-13T23:25:49.181478021Z","tipoEvento":"HEARTBEAT","bufferSize":0}
2026-08-14 13:13:28,899 INFO  [io.smallrye.reactive.messaging.mqtt.session.impl.MqttClientSessionImpl] (vert.x-eventloop-thread-0) Connection closed: Connection closed
2026-08-14 13:13:29,257 INFO  [it.uni.reti2.HeartbeatGenerator] (executor-thread-1) 💓 [HEARTBEAT] Invio heartbeat: {"stazioneId":"stazzaDellaMadonnaTroia","stato":"ONLINE","timestamp":"2026-08-14T11:13:29.257799111Z","tipoEvento":"HEARTBEAT","bufferSize":0}
2026-08-14 13:13:29,907 INFO  [io.vertx.mqtt.impl.MqttClientImpl] (vert.x-eventloop-thread-0) Connection with localhost:1883 established successfully
2026-08-14 13:13:39,257 INFO  [it.uni.reti2.HeartbeatGenerator] (executor-thread-1) 💓 [HEARTBEAT] Invio heartbeat: {"stazioneId":"stazzaDellaMadonnaTroia","stato":"ONLINE","timestamp":"2026-08-14T11:13:39.257837752Z","tipoEvento":"HEARTBEAT","bufferSize":0}
2026-08-14 13:13:39,287 WARN  [it.uni.reti2.StationGateway] (vert.x-eventloop-thread-1) 🚨 [ALERT RICEVUTO] La Centrale dice: {"tipoEvento":"RESOLVED","origine":"CENTRALE","sorgenteTipo":"STAZIONE","sorgenteId":"stazzaDellaMadonnaTroia","guastoId":"alert-1786706009024-95511589","timestamp":"2026-08-14T11:13:39.285899276Z"}
2026-08-14 13:13:39,287 INFO  [it.uni.reti2.StationGateway] (vert.x-eventloop-thread-1) 🔧 Stazione ripristinata dalla Centrale! Stato di nuovo ONLINE.
2026-08-14 13:13:39,321 WARN  [it.uni.reti2.StationGateway] (vert.x-eventloop-thread-1) 🚨 [ALERT RICEVUTO] La Centrale dice: {"tipoEvento":"RESOLVED","origine":"CENTRALE","sorgenteTipo":"STAZIONE","sorgenteId":"PA","guastoId":"alert-1786706008893-33254f7f","timestamp":"2026-08-14T11:13:39.319471479Z"}
2026-08-14 13:13:39,326 WARN  [it.uni.reti2.StationGateway] (vert.x-eventloop-thread-1) 🚨 [ALERT RICEVUTO] La Centrale dice: {"tipoEvento":"RESOLVED","origine":"CENTRALE","sorgenteTipo":"STAZIONE","sorgenteId":"TO","guastoId":"alert-1786706009033-84dbc10a","timestamp":"2026-08-14T11:13:39.325394325Z"}
2026-08-14 13:13:39,332 WARN  [it.uni.reti2.StationGateway] (vert.x-eventloop-thread-1) 🚨 [ALERT RICEVUTO] La Centrale dice: {"tipoEvento":"RESOLVED","origine":"CENTRALE","sorgenteTipo":"STAZIONE","sorgenteId":"MI","guastoId":"alert-1786706009039-a051077b","timestamp":"2026-08-14T11:13:39.330079327Z"}
2026-08-14 13:13:39,420 WARN  [it.uni.reti2.StationGateway] (vert.x-eventloop-thread-1) 🚨 [ALERT RICEVUTO] La Centrale dice: {"tipoEvento":"RESOLVED","origine":"CENTRALE","sorgenteTipo":"STAZIONE","sorgenteId":"Padova","guastoId":"alert-1786706009045-ac04b4ec","timestamp":"2026-08-14T11:13:39.419520348Z"}
2026-08-14 13:13:49,257 INFO  [it.uni.reti2.HeartbeatGenerator] (executor-thread-1) 💓 [HEARTBEAT] Invio heartbeat: {"stazioneId":"stazzaDellaMadonnaTroia","stato":"ONLINE","timestamp":"2026-08-14T11:13:49.257849422Z","tipoEvento":"HEARTBEAT","bufferSize":0}
2026-08-14 13:13:59,257 INFO  [it.uni.reti2.HeartbeatGenerator] (executor-thread-1) 💓 [HEARTBEAT] Invio heartbeat: {"stazioneId":"stazzaDellaMadonnaTroia","stato":"ONLINE","timestamp":"2026-08-14T11:13:59.257898301Z","tipoEvento":"HEARTBEAT","bufferSize":0}
2026-08-14 13:14:09,258 INFO  [it.uni.reti2.HeartbeatGenerator] (executor-thread-1) 💓 [HEARTBEAT] Invio heartbeat: {"stazioneId":"stazzaDellaMadonnaTroia","stato":"ONLINE","timestamp":"2026-08-14T11:14:09.258035954Z","tipoEvento":"HEARTBEAT","bufferSize":0}
2026-08-14 13:14:19,257 INFO  [it.uni.reti2.HeartbeatGenerator] (executor-thread-1) 💓 [HEARTBEAT] Invio heartbeat: {"stazioneId":"stazzaDellaMadonnaTroia","stato":"ONLINE","timestamp":"2026-08-14T11:14:19.257867825Z","tipoEvento":"HEARTBEAT","bufferSize":0}
2026-08-14 13:14:29,257 INFO  [it.uni.reti2.HeartbeatGenerator] (executor-thread-1) 💓 [HEARTBEAT] Invio heartbeat: {"stazioneId":"stazzaDellaMadonnaTroia","stato":"ONLINE","timestamp":"2026-08-14T11:14:29.257842859Z","tipoEvento":"HEARTBEAT","bufferSize":0}
2026-08-14 13:14:39,258 INFO  [it.uni.reti2.HeartbeatGenerator] (executor-thread-1) 💓 [HEARTBEAT] Invio heartbeat: {"stazioneId":"stazzaDellaMadonnaTroia","stato":"ONLINE","timestamp":"2026-08-14T11:14:39.258313575Z","tipoEvento":"HEARTBEAT","bufferSize":0}
2026-08-14 13:14:49,258 INFO  [it.uni.reti2.HeartbeatGenerator] (executor-thread-1) 💓 [HEARTBEAT] Invio heartbeat: {"stazioneId":"stazzaDellaMadonnaTroia","stato":"ONLINE","timestamp":"2026-08-14T11:14:49.258384904Z","tipoEvento":"HEARTBEAT","bufferSize":0}
2026-08-14 13:14:59,258 INFO  [it.uni.reti2.HeartbeatGenerator] (executor-thread-1) 💓 [HEARTBEAT] Invio heartbeat: {"stazioneId":"stazzaDellaMadonnaTroia","stato":"ONLINE","timestamp":"2026-08-14T11:14:59.258394234Z","tipoEvento":"HEARTBEAT","bufferSize":0}
2026-08-14 13:15:09,258 INFO  [it.uni.reti2.HeartbeatGenerator] (executor-thread-1) 💓 [HEARTBEAT] Invio heartbeat: {"stazioneId":"stazzaDellaMadonnaTroia","stato":"ONLINE","timestamp":"2026-08-14T11:15:09.258303051Z","tipoEvento":"HEARTBEAT","bufferSize":0}
2026-08-14 13:15:19,258 INFO  [it.uni.reti2.HeartbeatGenerator] (executor-thread-1) 💓 [HEARTBEAT] Invio heartbeat: {"stazioneId":"stazzaDellaMadonnaTroia","stato":"ONLINE","timestamp":"2026-08-14T11:15:19.258079807Z","tipoEvento":"HEARTBEAT","bufferSize":0}
2026-08-14 13:15:20,148 INFO  [it.uni.reti2.StationGateway] (vert.x-eventloop-thread-3) 🚂 [PASSAGGIO] Treno tenoAmmazzaRicchi in ENTRATA dalla stazione stazzaDellaMadonnaTroia
2026-08-14 13:15:29,257 INFO  [it.uni.reti2.HeartbeatGenerator] (executor-thread-1) 💓 [HEARTBEAT] Invio heartbeat: {"stazioneId":"stazzaDellaMadonnaTroia","stato":"ONLINE","timestamp":"2026-08-14T11:15:29.257852322Z","tipoEvento":"HEARTBEAT","bufferSize":0}
2026-08-14 13:15:39,258 INFO  [it.uni.reti2.HeartbeatGenerator] (executor-thread-1) 💓 [HEARTBEAT] Invio heartbeat: {"stazioneId":"stazzaDellaMadonnaTroia","stato":"ONLINE","timestamp":"2026-08-14T11:15:39.257962192Z","tipoEvento":"HEARTBEAT","bufferSize":0}
2026-08-14 13:15:49,257 INFO  [it.uni.reti2.HeartbeatGenerator] (executor-thread-1) 💓 [HEARTBEAT] Invio heartbeat: {"stazioneId":"stazzaDellaMadonnaTroia","stato":"ONLINE","timestamp":"2026-08-14T11:15:49.257947076Z","tipoEvento":"HEARTBEAT","bufferSize":0}
2026-08-14 13:15:59,258 INFO  [it.uni.reti2.HeartbeatGenerator] (executor-thread-1) 💓 [HEARTBEAT] Invio heartbeat: {"stazioneId":"stazzaDellaMadonnaTroia","stato":"ONLINE","timestamp":"2026-08-14T11:15:59.258048357Z","tipoEvento":"HEARTBEAT","bufferSize":0}
2026-08-14 13:16:01,147 INFO  [it.uni.reti2.StationGateway] (vert.x-eventloop-thread-3) 🚂 [PASSAGGIO] Treno tenoAmmazzaRicchi in USCITA dalla stazione stazzaDellaMadonnaTroia
2026-08-14 13:16:09,258 INFO  [it.uni.reti2.HeartbeatGenerator] (executor-thread-1) 💓 [HEARTBEAT] Invio heartbeat: {"stazioneId":"stazzaDellaMadonnaTroia","stato":"ONLINE","timestamp":"2026-08-14T11:16:09.258350745Z","tipoEvento":"HEARTBEAT","bufferSize":0}
2026-08-14 13:16:19,258 INFO  [it.uni.reti2.HeartbeatGenerator] (executor-thread-1) 💓 [HEARTBEAT] Invio heartbeat: {"stazioneId":"stazzaDellaMadonnaTroia","stato":"ONLINE","timestamp":"2026-08-14T11:16:19.258184344Z","tipoEvento":"HEARTBEAT","bufferSize":0}
2026-08-14 13:16:29,257 INFO  [it.uni.reti2.HeartbeatGenerator] (executor-thread-1) 💓 [HEARTBEAT] Invio heartbeat: {"stazioneId":"stazzaDellaMadonnaTroia","stato":"ONLINE","timestamp":"2026-08-14T11:16:29.257897905Z","tipoEvento":"HEARTBEAT","bufferSize":0}
2026-08-14 13:16:39,258 INFO  [it.uni.reti2.HeartbeatGenerator] (executor-thread-1) 💓 [HEARTBEAT] Invio heartbeat: {"stazioneId":"stazzaDellaMadonnaTroia","stato":"ONLINE","timestamp":"2026-08-14T11:16:39.258431250Z","tipoEvento":"HEARTBEAT","bufferSize":0}
2026-08-14 13:16:49,257 INFO  [it.uni.reti2.HeartbeatGenerator] (executor-thread-1) 💓 [HEARTBEAT] Invio heartbeat: {"stazioneId":"stazzaDellaMadonnaTroia","stato":"ONLINE","timestamp":"2026-08-14T11:16:49.257904722Z","tipoEvento":"HEARTBEAT","bufferSize":0}
2026-08-14 13:16:59,257 INFO  [it.uni.reti2.HeartbeatGenerator] (executor-thread-1) 💓 [HEARTBEAT] Invio heartbeat: {"stazioneId":"stazzaDellaMadonnaTroia","stato":"ONLINE","timestamp":"2026-08-14T11:16:59.257877841Z","tipoEvento":"HEARTBEAT","bufferSize":0}
2026-08-14 13:17:09,258 INFO  [it.uni.reti2.HeartbeatGenerator] (executor-thread-1) 💓 [HEARTBEAT] Invio heartbeat: {"stazioneId":"stazzaDellaMadonnaTroia","stato":"ONLINE","timestamp":"2026-08-14T11:17:09.258130257Z","tipoEvento":"HEARTBEAT","bufferSize":0}
2026-08-14 13:17:19,257 INFO  [it.uni.reti2.HeartbeatGenerator] (executor-thread-1) 💓 [HEARTBEAT] Invio heartbeat: {"stazioneId":"stazzaDellaMadonnaTroia","stato":"ONLINE","timestamp":"2026-08-14T11:17:19.257830491Z","tipoEvento":"HEARTBEAT","bufferSize":0}
2026-08-14 13:17:29,258 INFO  [it.uni.reti2.HeartbeatGenerator] (executor-thread-1) 💓 [HEARTBEAT] Invio heartbeat: {"stazioneId":"stazzaDellaMadonnaTroia","stato":"ONLINE","timestamp":"2026-08-14T11:17:29.258313103Z","tipoEvento":"HEARTBEAT","bufferSize":0}
2026-08-14 13:17:39,258 INFO  [it.uni.reti2.HeartbeatGenerator] (executor-thread-1) 💓 [HEARTBEAT] Invio heartbeat: {"stazioneId":"stazzaDellaMadonnaTroia","stato":"ONLINE","timestamp":"2026-08-14T11:17:39.258340203Z","tipoEvento":"HEARTBEAT","bufferSize":0}
2026-08-14 13:17:49,257 INFO  [it.uni.reti2.HeartbeatGenerator] (executor-thread-1) 💓 [HEARTBEAT] Invio heartbeat: {"stazioneId":"stazzaDellaMadonnaTroia","stato":"ONLINE","timestamp":"2026-08-14T11:17:49.257911272Z","tipoEvento":"HEARTBEAT","bufferSize":0}
2026-08-14 13:17:59,258 INFO  [it.uni.reti2.HeartbeatGenerator] (executor-thread-1) 💓 [HEARTBEAT] Invio heartbeat: {"stazioneId":"stazzaDellaMadonnaTroia","stato":"ONLINE","timestamp":"2026-08-14T11:17:59.258279810Z","tipoEvento":"HEARTBEAT","bufferSize":0}
2026-08-14 13:18:09,257 INFO  [it.uni.reti2.HeartbeatGenerator] (executor-thread-1) 💓 [HEARTBEAT] Invio heartbeat: {"stazioneId":"stazzaDellaMadonnaTroia","stato":"ONLINE","timestamp":"2026-08-14T11:18:09.257885673Z","tipoEvento":"HEARTBEAT","bufferSize":0}
2026-08-14 13:18:19,258 INFO  [it.uni.reti2.HeartbeatGenerator] (executor-thread-1) 💓 [HEARTBEAT] Invio heartbeat: {"stazioneId":"stazzaDellaMadonnaTroia","stato":"ONLINE","timestamp":"2026-08-14T11:18:19.258227035Z","tipoEvento":"HEARTBEAT","bufferSize":0}
2026-08-14 13:18:29,258 INFO  [it.uni.reti2.HeartbeatGenerator] (executor-thread-1) 💓 [HEARTBEAT] Invio heartbeat: {"stazioneId":"stazzaDellaMadonnaTroia","stato":"ONLINE","timestamp":"2026-08-14T11:18:29.258290505Z","tipoEvento":"HEARTBEAT","bufferSize":0}
2026-08-14 13:18:39,258 INFO  [it.uni.reti2.HeartbeatGenerator] (executor-thread-1) 💓 [HEARTBEAT] Invio heartbeat: {"stazioneId":"stazzaDellaMadonnaTroia","stato":"ONLINE","timestamp":"2026-08-14T11:18:39.257932848Z","tipoEvento":"HEARTBEAT","bufferSize":0}
2026-08-14 13:18:49,258 INFO  [it.uni.reti2.HeartbeatGenerator] (executor-thread-1) 💓 [HEARTBEAT] Invio heartbeat: {"stazioneId":"stazzaDellaMadonnaTroia","stato":"ONLINE","timestamp":"2026-08-14T11:18:49.258340734Z","tipoEvento":"HEARTBEAT","bufferSize":0}
2026-08-14 13:18:59,258 INFO  [it.uni.reti2.HeartbeatGenerator] (executor-thread-1) 💓 [HEARTBEAT] Invio heartbeat: {"stazioneId":"stazzaDellaMadonnaTroia","stato":"ONLINE","timestamp":"2026-08-14T11:18:59.257997100Z","tipoEvento":"HEARTBEAT","bufferSize":0}
2026-08-14 13:19:09,258 INFO  [it.uni.reti2.HeartbeatGenerator] (executor-thread-1) 💓 [HEARTBEAT] Invio heartbeat: {"stazioneId":"stazzaDellaMadonnaTroia","stato":"ONLINE","timestamp":"2026-08-14T11:19:09.258296869Z","tipoEvento":"HEARTBEAT","bufferSize":0}
2026-08-14 13:19:19,257 INFO  [it.uni.reti2.HeartbeatGenerator] (executor-thread-1) 💓 [HEARTBEAT] Invio heartbeat: {"stazioneId":"stazzaDellaMadonnaTroia","stato":"ONLINE","timestamp":"2026-08-14T11:19:19.257913706Z","tipoEvento":"HEARTBEAT","bufferSize":0}
2026-08-14 13:19:29,257 INFO  [it.uni.reti2.HeartbeatGenerator] (executor-thread-1) 💓 [HEARTBEAT] Invio heartbeat: {"stazioneId":"stazzaDellaMadonnaTroia","stato":"ONLINE","timestamp":"2026-08-14T11:19:29.257842481Z","tipoEvento":"HEARTBEAT","bufferSize":0}
2026-08-14 13:19:39,257 INFO  [it.uni.reti2.HeartbeatGenerator] (executor-thread-1) 💓 [HEARTBEAT] Invio heartbeat: {"stazioneId":"stazzaDellaMadonnaTroia","stato":"ONLINE","timestamp":"2026-08-14T11:19:39.257829492Z","tipoEvento":"HEARTBEAT","bufferSize":0}
2026-08-14 13:19:49,258 INFO  [it.uni.reti2.HeartbeatGenerator] (executor-thread-1) 💓 [HEARTBEAT] Invio heartbeat: {"stazioneId":"stazzaDellaMadonnaTroia","stato":"ONLINE","timestamp":"2026-08-14T11:19:49.258243458Z","tipoEvento":"HEARTBEAT","bufferSize":0}
2026-08-14 13:19:59,258 INFO  [it.uni.reti2.HeartbeatGenerator] (executor-thread-1) 💓 [HEARTBEAT] Invio heartbeat: {"stazioneId":"stazzaDellaMadonnaTroia","stato":"ONLINE","timestamp":"2026-08-14T11:19:59.257952238Z","tipoEvento":"HEARTBEAT","bufferSize":0}
2026-08-14 13:20:09,258 INFO  [it.uni.reti2.HeartbeatGenerator] (executor-thread-1) 💓 [HEARTBEAT] Invio heartbeat: {"stazioneId":"stazzaDellaMadonnaTroia","stato":"ONLINE","timestamp":"2026-08-14T11:20:09.257997156Z","tipoEvento":"HEARTBEAT","bufferSize":0}
2026-08-14 13:20:19,258 INFO  [it.uni.reti2.HeartbeatGenerator] (executor-thread-1) 💓 [HEARTBEAT] Invio heartbeat: {"stazioneId":"stazzaDellaMadonnaTroia","stato":"ONLINE","timestamp":"2026-08-14T11:20:19.258039893Z","tipoEvento":"HEARTBEAT","bufferSize":0}
2026-08-14 13:20:29,258 INFO  [it.uni.reti2.HeartbeatGenerator] (executor-thread-1) 💓 [HEARTBEAT] Invio heartbeat: {"stazioneId":"stazzaDellaMadonnaTroia","stato":"ONLINE","timestamp":"2026-08-14T11:20:29.258336627Z","tipoEvento":"HEARTBEAT","bufferSize":0}
2026-08-14 13:20:39,257 INFO  [it.uni.reti2.HeartbeatGenerator] (executor-thread-1) 💓 [HEARTBEAT] Invio heartbeat: {"stazioneId":"stazzaDellaMadonnaTroia","stato":"ONLINE","timestamp":"2026-08-14T11:20:39.257899150Z","tipoEvento":"HEARTBEAT","bufferSize":0}
2026-08-14 13:20:49,258 INFO  [it.uni.reti2.HeartbeatGenerator] (executor-thread-1) 💓 [HEARTBEAT] Invio heartbeat: {"stazioneId":"stazzaDellaMadonnaTroia","stato":"ONLINE","timestamp":"2026-08-14T11:20:49.257947565Z","tipoEvento":"HEARTBEAT","bufferSize":0}
2026-08-14 13:20:59,258 INFO  [it.uni.reti2.HeartbeatGenerator] (executor-thread-1) 💓 [HEARTBEAT] Invio heartbeat: {"stazioneId":"stazzaDellaMadonnaTroia","stato":"ONLINE","timestamp":"2026-08-14T11:20:59.257956455Z","tipoEvento":"HEARTBEAT","bufferSize":0}
2026-08-14 13:21:09,258 INFO  [it.uni.reti2.HeartbeatGenerator] (executor-thread-1) 💓 [HEARTBEAT] Invio heartbeat: {"stazioneId":"stazzaDellaMadonnaTroia","stato":"ONLINE","timestamp":"2026-08-14T11:21:09.258300545Z","tipoEvento":"HEARTBEAT","bufferSize":0}
2026-08-14 13:21:14,148 INFO  [it.uni.reti2.StationGateway] (vert.x-eventloop-thread-3) 🚂 [PASSAGGIO] Treno Mario in ENTRATA dalla stazione stazzaDellaMadonnaTroia
2026-08-14 13:21:19,258 INFO  [it.uni.reti2.HeartbeatGenerator] (executor-thread-1) 💓 [HEARTBEAT] Invio heartbeat: {"stazioneId":"stazzaDellaMadonnaTroia","stato":"ONLINE","timestamp":"2026-08-14T11:21:19.257936990Z","tipoEvento":"HEARTBEAT","bufferSize":0}
2026-08-14 13:21:29,257 INFO  [it.uni.reti2.HeartbeatGenerator] (executor-thread-1) 💓 [HEARTBEAT] Invio heartbeat: {"stazioneId":"stazzaDellaMadonnaTroia","stato":"ONLINE","timestamp":"2026-08-14T11:21:29.257837012Z","tipoEvento":"HEARTBEAT","bufferSize":0}
2026-08-14 13:21:35,148 INFO  [it.uni.reti2.StationGateway] (vert.x-eventloop-thread-3) 🚂 [PASSAGGIO] Treno Mario in USCITA dalla stazione stazzaDellaMadonnaTroia
2026-08-14 13:21:39,257 INFO  [it.uni.reti2.HeartbeatGenerator] (executor-thread-1) 💓 [HEARTBEAT] Invio heartbeat: {"stazioneId":"stazzaDellaMadonnaTroia","stato":"ONLINE","timestamp":"2026-08-14T11:21:39.257900080Z","tipoEvento":"HEARTBEAT","bufferSize":0}
2026-08-14 13:21:49,258 INFO  [it.uni.reti2.HeartbeatGenerator] (executor-thread-1) 💓 [HEARTBEAT] Invio heartbeat: {"stazioneId":"stazzaDellaMadonnaTroia","stato":"ONLINE","timestamp":"2026-08-14T11:21:49.258326998Z","tipoEvento":"HEARTBEAT","bufferSize":0}
2026-08-14 13:21:59,257 INFO  [it.uni.reti2.HeartbeatGenerator] (executor-thread-1) 💓 [HEARTBEAT] Invio heartbeat: {"stazioneId":"stazzaDellaMadonnaTroia","stato":"ONLINE","timestamp":"2026-08-14T11:21:59.257897799Z","tipoEvento":"HEARTBEAT","bufferSize":0}
2026-08-14 13:22:09,257 INFO  [it.uni.reti2.HeartbeatGenerator] (executor-thread-1) 💓 [HEARTBEAT] Invio heartbeat: {"stazioneId":"stazzaDellaMadonnaTroia","stato":"ONLINE","timestamp":"2026-08-14T11:22:09.257877450Z","tipoEvento":"HEARTBEAT","bufferSize":0}
2026-08-14 13:22:19,257 INFO  [it.uni.reti2.HeartbeatGenerator] (executor-thread-1) 💓 [HEARTBEAT] Invio heartbeat: {"stazioneId":"stazzaDellaMadonnaTroia","stato":"ONLINE","timestamp":"2026-08-14T11:22:19.257916532Z","tipoEvento":"HEARTBEAT","bufferSize":0}
2026-08-14 13:22:29,257 INFO  [it.uni.reti2.HeartbeatGenerator] (executor-thread-1) 💓 [HEARTBEAT] Invio heartbeat: {"stazioneId":"stazzaDellaMadonnaTroia","stato":"ONLINE","timestamp":"2026-08-14T11:22:29.257862063Z","tipoEvento":"HEARTBEAT","bufferSize":0}
2026-08-14 13:22:39,258 INFO  [it.uni.reti2.HeartbeatGenerator] (executor-thread-1) 💓 [HEARTBEAT] Invio heartbeat: {"stazioneId":"stazzaDellaMadonnaTroia","stato":"ONLINE","timestamp":"2026-08-14T11:22:39.258219802Z","tipoEvento":"HEARTBEAT","bufferSize":0}
2026-08-14 13:22:49,258 INFO  [it.uni.reti2.HeartbeatGenerator] (executor-thread-1) 💓 [HEARTBEAT] Invio heartbeat: {"stazioneId":"stazzaDellaMadonnaTroia","stato":"ONLINE","timestamp":"2026-08-14T11:22:49.258102751Z","tipoEvento":"HEARTBEAT","bufferSize":0}
2026-08-14 13:22:59,257 INFO  [it.uni.reti2.HeartbeatGenerator] (executor-thread-1) 💓 [HEARTBEAT] Invio heartbeat: {"stazioneId":"stazzaDellaMadonnaTroia","stato":"ONLINE","timestamp":"2026-08-14T11:22:59.257892021Z","tipoEvento":"HEARTBEAT","bufferSize":0}
2026-08-14 13:23:09,257 INFO  [it.uni.reti2.HeartbeatGenerator] (executor-thread-1) 💓 [HEARTBEAT] Invio heartbeat: {"stazioneId":"stazzaDellaMadonnaTroia","stato":"ONLINE","timestamp":"2026-08-14T11:23:09.257897790Z","tipoEvento":"HEARTBEAT","bufferSize":0}
2026-08-14 13:23:19,258 INFO  [it.uni.reti2.HeartbeatGenerator] (executor-thread-1) 💓 [HEARTBEAT] Invio heartbeat: {"stazioneId":"stazzaDellaMadonnaTroia","stato":"ONLINE","timestamp":"2026-08-14T11:23:19.258294997Z","tipoEvento":"HEARTBEAT","bufferSize":0}
2026-08-14 13:23:29,258 INFO  [it.uni.reti2.HeartbeatGenerator] (executor-thread-1) 💓 [HEARTBEAT] Invio heartbeat: {"stazioneId":"stazzaDellaMadonnaTroia","stato":"ONLINE","timestamp":"2026-08-14T11:23:29.258330825Z","tipoEvento":"HEARTBEAT","bufferSize":0}
2026-08-14 13:23:39,258 INFO  [it.uni.reti2.HeartbeatGenerator] (executor-thread-1) 💓 [HEARTBEAT] Invio heartbeat: {"stazioneId":"stazzaDellaMadonnaTroia","stato":"ONLINE","timestamp":"2026-08-14T11:23:39.258304751Z","tipoEvento":"HEARTBEAT","bufferSize":0}
2026-08-14 13:23:49,258 INFO  [it.uni.reti2.HeartbeatGenerator] (executor-thread-1) 💓 [HEARTBEAT] Invio heartbeat: {"stazioneId":"stazzaDellaMadonnaTroia","stato":"ONLINE","timestamp":"2026-08-14T11:23:49.258291218Z","tipoEvento":"HEARTBEAT","bufferSize":0}
2026-08-14 13:23:59,258 INFO  [it.uni.reti2.HeartbeatGenerator] (executor-thread-1) 💓 [HEARTBEAT] Invio heartbeat: {"stazioneId":"stazzaDellaMadonnaTroia","stato":"ONLINE","timestamp":"2026-08-14T11:23:59.258158635Z","tipoEvento":"HEARTBEAT","bufferSize":0}
2026-08-14 13:24:09,258 INFO  [it.uni.reti2.HeartbeatGenerator] (executor-thread-1) 💓 [HEARTBEAT] Invio heartbeat: {"stazioneId":"stazzaDellaMadonnaTroia","stato":"ONLINE","timestamp":"2026-08-14T11:24:09.258284152Z","tipoEvento":"HEARTBEAT","bufferSize":0}
2026-08-14 13:24:19,258 INFO  [it.uni.reti2.HeartbeatGenerator] (executor-thread-1) 💓 [HEARTBEAT] Invio heartbeat: {"stazioneId":"stazzaDellaMadonnaTroia","stato":"ONLINE","timestamp":"2026-08-14T11:24:19.258615685Z","tipoEvento":"HEARTBEAT","bufferSize":0}
2026-08-14 13:24:29,257 INFO  [it.uni.reti2.HeartbeatGenerator] (executor-thread-1) 💓 [HEARTBEAT] Invio heartbeat: {"stazioneId":"stazzaDellaMadonnaTroia","stato":"ONLINE","timestamp":"2026-08-14T11:24:29.257920007Z","tipoEvento":"HEARTBEAT","bufferSize":0}
2026-08-14 13:24:39,258 INFO  [it.uni.reti2.HeartbeatGenerator] (executor-thread-1) 💓 [HEARTBEAT] Invio heartbeat: {"stazioneId":"stazzaDellaMadonnaTroia","stato":"ONLINE","timestamp":"2026-08-14T11:24:39.258160817Z","tipoEvento":"HEARTBEAT","bufferSize":0}
2026-08-14 13:24:49,258 INFO  [it.uni.reti2.HeartbeatGenerator] (executor-thread-1) 💓 [HEARTBEAT] Invio heartbeat: {"stazioneId":"stazzaDellaMadonnaTroia","stato":"ONLINE","timestamp":"2026-08-14T11:24:49.258301360Z","tipoEvento":"HEARTBEAT","bufferSize":0}
2026-08-14 13:24:59,257 INFO  [it.uni.reti2.HeartbeatGenerator] (executor-thread-1) 💓 [HEARTBEAT] Invio heartbeat: {"stazioneId":"stazzaDellaMadonnaTroia","stato":"ONLINE","timestamp":"2026-08-14T11:24:59.257860784Z","tipoEvento":"HEARTBEAT","bufferSize":0}
2026-08-14 13:25:09,257 INFO  [it.uni.reti2.HeartbeatGenerator] (executor-thread-1) 💓 [HEARTBEAT] Invio heartbeat: {"stazioneId":"stazzaDellaMadonnaTroia","stato":"ONLINE","timestamp":"2026-08-14T11:25:09.257830266Z","tipoEvento":"HEARTBEAT","bufferSize":0}
2026-08-14 13:25:17,148 INFO  [it.uni.reti2.StationGateway] (vert.x-eventloop-thread-3) 🚂 [PASSAGGIO] Treno Mario in ENTRATA dalla stazione stazzaDellaMadonnaTroia
2026-08-14 13:25:19,258 INFO  [it.uni.reti2.HeartbeatGenerator] (executor-thread-1) 💓 [HEARTBEAT] Invio heartbeat: {"stazioneId":"stazzaDellaMadonnaTroia","stato":"ONLINE","timestamp":"2026-08-14T11:25:19.258265685Z","tipoEvento":"HEARTBEAT","bufferSize":0}
2026-08-14 13:25:29,257 INFO  [it.uni.reti2.HeartbeatGenerator] (executor-thread-1) 💓 [HEARTBEAT] Invio heartbeat: {"stazioneId":"stazzaDellaMadonnaTroia","stato":"ONLINE","timestamp":"2026-08-14T11:25:29.257846227Z","tipoEvento":"HEARTBEAT","bufferSize":0}
2026-08-14 13:25:38,148 INFO  [it.uni.reti2.StationGateway] (vert.x-eventloop-thread-3) 🚂 [PASSAGGIO] Treno Mario in USCITA dalla stazione stazzaDellaMadonnaTroia
2026-08-14 13:25:39,258 INFO  [it.uni.reti2.HeartbeatGenerator] (executor-thread-1) 💓 [HEARTBEAT] Invio heartbeat: {"stazioneId":"stazzaDellaMadonnaTroia","stato":"ONLINE","timestamp":"2026-08-14T11:25:39.258126021Z","tipoEvento":"HEARTBEAT","bufferSize":0}
2026-08-14 13:25:49,258 INFO  [it.uni.reti2.HeartbeatGenerator] (executor-thread-1) 💓 [HEARTBEAT] Invio heartbeat: {"stazioneId":"stazzaDellaMadonnaTroia","stato":"ONLINE","timestamp":"2026-08-14T11:25:49.257960993Z","tipoEvento":"HEARTBEAT","bufferSize":0}
2026-08-14 13:25:59,257 INFO  [it.uni.reti2.HeartbeatGenerator] (executor-thread-1) 💓 [HEARTBEAT] Invio heartbeat: {"stazioneId":"stazzaDellaMadonnaTroia","stato":"ONLINE","timestamp":"2026-08-14T11:25:59.257767363Z","tipoEvento":"HEARTBEAT","bufferSize":0}
2026-08-14 13:26:09,258 INFO  [it.uni.reti2.HeartbeatGenerator] (executor-thread-1) 💓 [HEARTBEAT] Invio heartbeat: {"stazioneId":"stazzaDellaMadonnaTroia","stato":"ONLINE","timestamp":"2026-08-14T11:26:09.258263443Z","tipoEvento":"HEARTBEAT","bufferSize":0}
2026-08-14 13:26:19,257 INFO  [it.uni.reti2.HeartbeatGenerator] (executor-thread-1) 💓 [HEARTBEAT] Invio heartbeat: {"stazioneId":"stazzaDellaMadonnaTroia","stato":"ONLINE","timestamp":"2026-08-14T11:26:19.257873379Z","tipoEvento":"HEARTBEAT","bufferSize":0}
2026-08-14 13:26:29,258 INFO  [it.uni.reti2.HeartbeatGenerator] (executor-thread-1) 💓 [HEARTBEAT] Invio heartbeat: {"stazioneId":"stazzaDellaMadonnaTroia","stato":"ONLINE","timestamp":"2026-08-14T11:26:29.258327768Z","tipoEvento":"HEARTBEAT","bufferSize":0}
2026-08-14 13:26:39,257 INFO  [it.uni.reti2.HeartbeatGenerator] (executor-thread-1) 💓 [HEARTBEAT] Invio heartbeat: {"stazioneId":"stazzaDellaMadonnaTroia","stato":"ONLINE","timestamp":"2026-08-14T11:26:39.257906495Z","tipoEvento":"HEARTBEAT","bufferSize":0}
2026-08-14 13:26:49,257 INFO  [it.uni.reti2.HeartbeatGenerator] (executor-thread-1) 💓 [HEARTBEAT] Invio heartbeat: {"stazioneId":"stazzaDellaMadonnaTroia","stato":"ONLINE","timestamp":"2026-08-14T11:26:49.257869426Z","tipoEvento":"HEARTBEAT","bufferSize":0}
2026-08-14 13:26:59,258 INFO  [it.uni.reti2.HeartbeatGenerator] (executor-thread-1) 💓 [HEARTBEAT] Invio heartbeat: {"stazioneId":"stazzaDellaMadonnaTroia","stato":"ONLINE","timestamp":"2026-08-14T11:26:59.258099206Z","tipoEvento":"HEARTBEAT","bufferSize":0}
2026-08-14 13:27:09,147 INFO  [it.uni.reti2.StationGateway] (vert.x-eventloop-thread-3) 🚂 [PASSAGGIO] Treno tenoAmmazzaRicchi in ENTRATA dalla stazione stazzaDellaMadonnaTroia
2026-08-14 13:27:09,257 INFO  [it.uni.reti2.HeartbeatGenerator] (executor-thread-1) 💓 [HEARTBEAT] Invio heartbeat: {"stazioneId":"stazzaDellaMadonnaTroia","stato":"ONLINE","timestamp":"2026-08-14T11:27:09.257785417Z","tipoEvento":"HEARTBEAT","bufferSize":0}
2026-08-14 13:27:19,257 INFO  [it.uni.reti2.HeartbeatGenerator] (executor-thread-1) 💓 [HEARTBEAT] Invio heartbeat: {"stazioneId":"stazzaDellaMadonnaTroia","stato":"ONLINE","timestamp":"2026-08-14T11:27:19.257747581Z","tipoEvento":"HEARTBEAT","bufferSize":0}
2026-08-14 13:27:29,258 INFO  [it.uni.reti2.HeartbeatGenerator] (executor-thread-1) 💓 [HEARTBEAT] Invio heartbeat: {"stazioneId":"stazzaDellaMadonnaTroia","stato":"ONLINE","timestamp":"2026-08-14T11:27:29.257882928Z","tipoEvento":"HEARTBEAT","bufferSize":0}
2026-08-14 13:27:39,257 INFO  [it.uni.reti2.HeartbeatGenerator] (executor-thread-1) 💓 [HEARTBEAT] Invio heartbeat: {"stazioneId":"stazzaDellaMadonnaTroia","stato":"ONLINE","timestamp":"2026-08-14T11:27:39.257794354Z","tipoEvento":"HEARTBEAT","bufferSize":0}
2026-08-14 13:27:49,147 INFO  [it.uni.reti2.StationGateway] (vert.x-eventloop-thread-3) 🚂 [PASSAGGIO] Treno tenoAmmazzaRicchi in USCITA dalla stazione stazzaDellaMadonnaTroia
2026-08-14 13:27:49,258 INFO  [it.uni.reti2.HeartbeatGenerator] (executor-thread-1) 💓 [HEARTBEAT] Invio heartbeat: {"stazioneId":"stazzaDellaMadonnaTroia","stato":"ONLINE","timestamp":"2026-08-14T11:27:49.257999910Z","tipoEvento":"HEARTBEAT","bufferSize":0}
2026-08-14 13:27:59,257 INFO  [it.uni.reti2.HeartbeatGenerator] (executor-thread-1) 💓 [HEARTBEAT] Invio heartbeat: {"stazioneId":"stazzaDellaMadonnaTroia","stato":"ONLINE","timestamp":"2026-08-14T11:27:59.257829771Z","tipoEvento":"HEARTBEAT","bufferSize":0}
2026-08-14 13:28:09,257 INFO  [it.uni.reti2.HeartbeatGenerator] (executor-thread-1) 💓 [HEARTBEAT] Invio heartbeat: {"stazioneId":"stazzaDellaMadonnaTroia","stato":"ONLINE","timestamp":"2026-08-14T11:28:09.257825942Z","tipoEvento":"HEARTBEAT","bufferSize":0}
2026-08-14 13:28:19,257 INFO  [it.uni.reti2.HeartbeatGenerator] (executor-thread-1) 💓 [HEARTBEAT] Invio heartbeat: {"stazioneId":"stazzaDellaMadonnaTroia","stato":"ONLINE","timestamp":"2026-08-14T11:28:19.257814178Z","tipoEvento":"HEARTBEAT","bufferSize":0}
2026-08-14 13:28:29,257 INFO  [it.uni.reti2.HeartbeatGenerator] (executor-thread-1) 💓 [HEARTBEAT] Invio heartbeat: {"stazioneId":"stazzaDellaMadonnaTroia","stato":"ONLINE","timestamp":"2026-08-14T11:28:29.257891669Z","tipoEvento":"HEARTBEAT","bufferSize":0}
2026-08-14 13:28:39,258 INFO  [it.uni.reti2.HeartbeatGenerator] (executor-thread-1) 💓 [HEARTBEAT] Invio heartbeat: {"stazioneId":"stazzaDellaMadonnaTroia","stato":"ONLINE","timestamp":"2026-08-14T11:28:39.257851954Z","tipoEvento":"HEARTBEAT","bufferSize":0}
2026-08-14 13:28:49,258 INFO  [it.uni.reti2.HeartbeatGenerator] (executor-thread-1) 💓 [HEARTBEAT] Invio heartbeat: {"stazioneId":"stazzaDellaMadonnaTroia","stato":"ONLINE","timestamp":"2026-08-14T11:28:49.258144154Z","tipoEvento":"HEARTBEAT","bufferSize":0}
2026-08-14 13:28:59,257 INFO  [it.uni.reti2.HeartbeatGenerator] (executor-thread-1) 💓 [HEARTBEAT] Invio heartbeat: {"stazioneId":"stazzaDellaMadonnaTroia","stato":"ONLINE","timestamp":"2026-08-14T11:28:59.257813148Z","tipoEvento":"HEARTBEAT","bufferSize":0}
2026-08-14 13:29:09,257 INFO  [it.uni.reti2.HeartbeatGenerator] (executor-thread-1) 💓 [HEARTBEAT] Invio heartbeat: {"stazioneId":"stazzaDellaMadonnaTroia","stato":"ONLINE","timestamp":"2026-08-14T11:29:09.257822435Z","tipoEvento":"HEARTBEAT","bufferSize":0}
2026-08-14 13:29:19,257 INFO  [it.uni.reti2.HeartbeatGenerator] (executor-thread-1) 💓 [HEARTBEAT] Invio heartbeat: {"stazioneId":"stazzaDellaMadonnaTroia","stato":"ONLINE","timestamp":"2026-08-14T11:29:19.257909851Z","tipoEvento":"HEARTBEAT","bufferSize":0}
2026-08-14 13:29:29,258 INFO  [it.uni.reti2.HeartbeatGenerator] (executor-thread-1) 💓 [HEARTBEAT] Invio heartbeat: {"stazioneId":"stazzaDellaMadonnaTroia","stato":"ONLINE","timestamp":"2026-08-14T11:29:29.258145967Z","tipoEvento":"HEARTBEAT","bufferSize":0}
2026-08-14 13:29:39,258 INFO  [it.uni.reti2.HeartbeatGenerator] (executor-thread-1) 💓 [HEARTBEAT] Invio heartbeat: {"stazioneId":"stazzaDellaMadonnaTroia","stato":"ONLINE","timestamp":"2026-08-14T11:29:39.257945841Z","tipoEvento":"HEARTBEAT","bufferSize":0}
2026-08-14 13:29:49,258 INFO  [it.uni.reti2.HeartbeatGenerator] (executor-thread-1) 💓 [HEARTBEAT] Invio heartbeat: {"stazioneId":"stazzaDellaMadonnaTroia","stato":"ONLINE","timestamp":"2026-08-14T11:29:49.258106555Z","tipoEvento":"HEARTBEAT","bufferSize":0}
2026-08-14 13:29:59,258 INFO  [it.uni.reti2.HeartbeatGenerator] (executor-thread-1) 💓 [HEARTBEAT] Invio heartbeat: {"stazioneId":"stazzaDellaMadonnaTroia","stato":"ONLINE","timestamp":"2026-08-14T11:29:59.257962493Z","tipoEvento":"HEARTBEAT","bufferSize":0}
2026-08-14 13:30:09,257 INFO  [it.uni.reti2.HeartbeatGenerator] (executor-thread-1) 💓 [HEARTBEAT] Invio heartbeat: {"stazioneId":"stazzaDellaMadonnaTroia","stato":"ONLINE","timestamp":"2026-08-14T11:30:09.257847307Z","tipoEvento":"HEARTBEAT","bufferSize":0}
2026-08-14 13:30:19,257 INFO  [it.uni.reti2.HeartbeatGenerator] (executor-thread-1) 💓 [HEARTBEAT] Invio heartbeat: {"stazioneId":"stazzaDellaMadonnaTroia","stato":"ONLINE","timestamp":"2026-08-14T11:30:19.257845513Z","tipoEvento":"HEARTBEAT","bufferSize":0}
2026-08-14 13:30:29,258 INFO  [it.uni.reti2.HeartbeatGenerator] (executor-thread-1) 💓 [HEARTBEAT] Invio heartbeat: {"stazioneId":"stazzaDellaMadonnaTroia","stato":"ONLINE","timestamp":"2026-08-14T11:30:29.257904569Z","tipoEvento":"HEARTBEAT","bufferSize":0}
2026-08-14 13:30:39,257 INFO  [it.uni.reti2.HeartbeatGenerator] (executor-thread-1) 💓 [HEARTBEAT] Invio heartbeat: {"stazioneId":"stazzaDellaMadonnaTroia","stato":"ONLINE","timestamp":"2026-08-14T11:30:39.257780283Z","tipoEvento":"HEARTBEAT","bufferSize":0}
2026-08-14 13:30:49,257 INFO  [it.uni.reti2.HeartbeatGenerator] (executor-thread-1) 💓 [HEARTBEAT] Invio heartbeat: {"stazioneId":"stazzaDellaMadonnaTroia","stato":"ONLINE","timestamp":"2026-08-14T11:30:49.257740701Z","tipoEvento":"HEARTBEAT","bufferSize":0}
2026-08-14 13:30:59,257 INFO  [it.uni.reti2.HeartbeatGenerator] (executor-thread-1) 💓 [HEARTBEAT] Invio heartbeat: {"stazioneId":"stazzaDellaMadonnaTroia","stato":"ONLINE","timestamp":"2026-08-14T11:30:59.257800193Z","tipoEvento":"HEARTBEAT","bufferSize":0}
2026-08-14 13:31:09,258 INFO  [it.uni.reti2.HeartbeatGenerator] (executor-thread-1) 💓 [HEARTBEAT] Invio heartbeat: {"stazioneId":"stazzaDellaMadonnaTroia","stato":"ONLINE","timestamp":"2026-08-14T11:31:09.258243454Z","tipoEvento":"HEARTBEAT","bufferSize":0}
2026-08-14 13:31:19,257 INFO  [it.uni.reti2.HeartbeatGenerator] (executor-thread-1) 💓 [HEARTBEAT] Invio heartbeat: {"stazioneId":"stazzaDellaMadonnaTroia","stato":"ONLINE","timestamp":"2026-08-14T11:31:19.257750826Z","tipoEvento":"HEARTBEAT","bufferSize":0}
2026-08-14 13:31:29,257 INFO  [it.uni.reti2.HeartbeatGenerator] (executor-thread-1) 💓 [HEARTBEAT] Invio heartbeat: {"stazioneId":"stazzaDellaMadonnaTroia","stato":"ONLINE","timestamp":"2026-08-14T11:31:29.257744581Z","tipoEvento":"HEARTBEAT","bufferSize":0}
2026-08-14 13:31:39,257 INFO  [it.uni.reti2.HeartbeatGenerator] (executor-thread-1) 💓 [HEARTBEAT] Invio heartbeat: {"stazioneId":"stazzaDellaMadonnaTroia","stato":"ONLINE","timestamp":"2026-08-14T11:31:39.257835475Z","tipoEvento":"HEARTBEAT","bufferSize":0}
2026-08-14 13:31:49,257 INFO  [it.uni.reti2.HeartbeatGenerator] (executor-thread-1) 💓 [HEARTBEAT] Invio heartbeat: {"stazioneId":"stazzaDellaMadonnaTroia","stato":"ONLINE","timestamp":"2026-08-14T11:31:49.257901545Z","tipoEvento":"HEARTBEAT","bufferSize":0}
2026-08-14 13:31:59,258 INFO  [it.uni.reti2.HeartbeatGenerator] (executor-thread-1) 💓 [HEARTBEAT] Invio heartbeat: {"stazioneId":"stazzaDellaMadonnaTroia","stato":"ONLINE","timestamp":"2026-08-14T11:31:59.258312642Z","tipoEvento":"HEARTBEAT","bufferSize":0}
2026-08-14 13:32:09,258 INFO  [it.uni.reti2.HeartbeatGenerator] (executor-thread-1) 💓 [HEARTBEAT] Invio heartbeat: {"stazioneId":"stazzaDellaMadonnaTroia","stato":"ONLINE","timestamp":"2026-08-14T11:32:09.258362770Z","tipoEvento":"HEARTBEAT","bufferSize":0}
2026-08-14 13:32:19,257 INFO  [it.uni.reti2.HeartbeatGenerator] (executor-thread-1) 💓 [HEARTBEAT] Invio heartbeat: {"stazioneId":"stazzaDellaMadonnaTroia","stato":"ONLINE","timestamp":"2026-08-14T11:32:19.257846019Z","tipoEvento":"HEARTBEAT","bufferSize":0}
2026-08-14 13:32:29,258 INFO  [it.uni.reti2.HeartbeatGenerator] (executor-thread-1) 💓 [HEARTBEAT] Invio heartbeat: {"stazioneId":"stazzaDellaMadonnaTroia","stato":"ONLINE","timestamp":"2026-08-14T11:32:29.258074087Z","tipoEvento":"HEARTBEAT","bufferSize":0}
2026-08-14 13:32:39,257 INFO  [it.uni.reti2.HeartbeatGenerator] (executor-thread-1) 💓 [HEARTBEAT] Invio heartbeat: {"stazioneId":"stazzaDellaMadonnaTroia","stato":"ONLINE","timestamp":"2026-08-14T11:32:39.257864985Z","tipoEvento":"HEARTBEAT","bufferSize":0}
2026-08-14 13:32:49,257 INFO  [it.uni.reti2.HeartbeatGenerator] (executor-thread-1) 💓 [HEARTBEAT] Invio heartbeat: {"stazioneId":"stazzaDellaMadonnaTroia","stato":"ONLINE","timestamp":"2026-08-14T11:32:49.257941518Z","tipoEvento":"HEARTBEAT","bufferSize":0}
2026-08-14 13:32:59,258 INFO  [it.uni.reti2.HeartbeatGenerator] (executor-thread-1) 💓 [HEARTBEAT] Invio heartbeat: {"stazioneId":"stazzaDellaMadonnaTroia","stato":"ONLINE","timestamp":"2026-08-14T11:32:59.257969978Z","tipoEvento":"HEARTBEAT","bufferSize":0}
2026-08-14 13:33:09,258 INFO  [it.uni.reti2.HeartbeatGenerator] (executor-thread-1) 💓 [HEARTBEAT] Invio heartbeat: {"stazioneId":"stazzaDellaMadonnaTroia","stato":"ONLINE","timestamp":"2026-08-14T11:33:09.258095102Z","tipoEvento":"HEARTBEAT","bufferSize":0}
2026-08-14 13:33:19,258 INFO  [it.uni.reti2.HeartbeatGenerator] (executor-thread-1) 💓 [HEARTBEAT] Invio heartbeat: {"stazioneId":"stazzaDellaMadonnaTroia","stato":"ONLINE","timestamp":"2026-08-14T11:33:19.258393326Z","tipoEvento":"HEARTBEAT","bufferSize":0}
2026-08-14 13:33:29,258 INFO  [it.uni.reti2.HeartbeatGenerator] (executor-thread-1) 💓 [HEARTBEAT] Invio heartbeat: {"stazioneId":"stazzaDellaMadonnaTroia","stato":"ONLINE","timestamp":"2026-08-14T11:33:29.258201648Z","tipoEvento":"HEARTBEAT","bufferSize":0}
2026-08-14 13:33:39,257 INFO  [it.uni.reti2.HeartbeatGenerator] (executor-thread-1) 💓 [HEARTBEAT] Invio heartbeat: {"stazioneId":"stazzaDellaMadonnaTroia","stato":"ONLINE","timestamp":"2026-08-14T11:33:39.257912311Z","tipoEvento":"HEARTBEAT","bufferSize":0}
2026-08-14 13:33:49,258 INFO  [it.uni.reti2.HeartbeatGenerator] (executor-thread-1) 💓 [HEARTBEAT] Invio heartbeat: {"stazioneId":"stazzaDellaMadonnaTroia","stato":"ONLINE","timestamp":"2026-08-14T11:33:49.257963256Z","tipoEvento":"HEARTBEAT","bufferSize":0}
2026-08-14 13:33:59,258 INFO  [it.uni.reti2.HeartbeatGenerator] (executor-thread-1) 💓 [HEARTBEAT] Invio heartbeat: {"stazioneId":"stazzaDellaMadonnaTroia","stato":"ONLINE","timestamp":"2026-08-14T11:33:59.258241382Z","tipoEvento":"HEARTBEAT","bufferSize":0}
2026-08-14 13:34:09,258 INFO  [it.uni.reti2.HeartbeatGenerator] (executor-thread-1) 💓 [HEARTBEAT] Invio heartbeat: {"stazioneId":"stazzaDellaMadonnaTroia","stato":"ONLINE","timestamp":"2026-08-14T11:34:09.258336551Z","tipoEvento":"HEARTBEAT","bufferSize":0}
2026-08-14 13:34:19,258 INFO  [it.uni.reti2.HeartbeatGenerator] (executor-thread-1) 💓 [HEARTBEAT] Invio heartbeat: {"stazioneId":"stazzaDellaMadonnaTroia","stato":"ONLINE","timestamp":"2026-08-14T11:34:19.258307292Z","tipoEvento":"HEARTBEAT","bufferSize":0}
2026-08-14 13:34:29,257 INFO  [it.uni.reti2.HeartbeatGenerator] (executor-thread-1) 💓 [HEARTBEAT] Invio heartbeat: {"stazioneId":"stazzaDellaMadonnaTroia","stato":"ONLINE","timestamp":"2026-08-14T11:34:29.257900962Z","tipoEvento":"HEARTBEAT","bufferSize":0}
2026-08-14 13:34:39,258 INFO  [it.uni.reti2.HeartbeatGenerator] (executor-thread-1) 💓 [HEARTBEAT] Invio heartbeat: {"stazioneId":"stazzaDellaMadonnaTroia","stato":"ONLINE","timestamp":"2026-08-14T11:34:39.258081530Z","tipoEvento":"HEARTBEAT","bufferSize":0}
2026-08-14 13:34:49,258 INFO  [it.uni.reti2.HeartbeatGenerator] (executor-thread-1) 💓 [HEARTBEAT] Invio heartbeat: {"stazioneId":"stazzaDellaMadonnaTroia","stato":"ONLINE","timestamp":"2026-08-14T11:34:49.258002856Z","tipoEvento":"HEARTBEAT","bufferSize":0}
2026-08-14 13:34:59,257 INFO  [it.uni.reti2.HeartbeatGenerator] (executor-thread-1) 💓 [HEARTBEAT] Invio heartbeat: {"stazioneId":"stazzaDellaMadonnaTroia","stato":"ONLINE","timestamp":"2026-08-14T11:34:59.257823748Z","tipoEvento":"HEARTBEAT","bufferSize":0}
2026-08-14 13:35:09,258 INFO  [it.uni.reti2.HeartbeatGenerator] (executor-thread-1) 💓 [HEARTBEAT] Invio heartbeat: {"stazioneId":"stazzaDellaMadonnaTroia","stato":"ONLINE","timestamp":"2026-08-14T11:35:09.258394332Z","tipoEvento":"HEARTBEAT","bufferSize":0}
2026-08-14 13:35:19,258 INFO  [it.uni.reti2.HeartbeatGenerator] (executor-thread-1) 💓 [HEARTBEAT] Invio heartbeat: {"stazioneId":"stazzaDellaMadonnaTroia","stato":"ONLINE","timestamp":"2026-08-14T11:35:19.257952723Z","tipoEvento":"HEARTBEAT","bufferSize":0}
2026-08-14 13:35:29,258 INFO  [it.uni.reti2.HeartbeatGenerator] (executor-thread-1) 💓 [HEARTBEAT] Invio heartbeat: {"stazioneId":"stazzaDellaMadonnaTroia","stato":"ONLINE","timestamp":"2026-08-14T11:35:29.258295964Z","tipoEvento":"HEARTBEAT","bufferSize":0}
2026-08-14 13:35:39,257 INFO  [it.uni.reti2.HeartbeatGenerator] (executor-thread-1) 💓 [HEARTBEAT] Invio heartbeat: {"stazioneId":"stazzaDellaMadonnaTroia","stato":"ONLINE","timestamp":"2026-08-14T11:35:39.257896758Z","tipoEvento":"HEARTBEAT","bufferSize":0}
2026-08-14 13:35:49,257 INFO  [it.uni.reti2.HeartbeatGenerator] (executor-thread-1) 💓 [HEARTBEAT] Invio heartbeat: {"stazioneId":"stazzaDellaMadonnaTroia","stato":"ONLINE","timestamp":"2026-08-14T11:35:49.257841916Z","tipoEvento":"HEARTBEAT","bufferSize":0}
2026-08-14 13:35:59,258 INFO  [it.uni.reti2.HeartbeatGenerator] (executor-thread-1) 💓 [HEARTBEAT] Invio heartbeat: {"stazioneId":"stazzaDellaMadonnaTroia","stato":"ONLINE","timestamp":"2026-08-14T11:35:59.258069259Z","tipoEvento":"HEARTBEAT","bufferSize":0}
2026-08-14 13:36:09,257 INFO  [it.uni.reti2.HeartbeatGenerator] (executor-thread-1) 💓 [HEARTBEAT] Invio heartbeat: {"stazioneId":"stazzaDellaMadonnaTroia","stato":"ONLINE","timestamp":"2026-08-14T11:36:09.257889866Z","tipoEvento":"HEARTBEAT","bufferSize":0}
2026-08-14 13:36:19,257 INFO  [it.uni.reti2.HeartbeatGenerator] (executor-thread-1) 💓 [HEARTBEAT] Invio heartbeat: {"stazioneId":"stazzaDellaMadonnaTroia","stato":"ONLINE","timestamp":"2026-08-14T11:36:19.257783702Z","tipoEvento":"HEARTBEAT","bufferSize":0}
2026-08-14 13:36:29,258 INFO  [it.uni.reti2.HeartbeatGenerator] (executor-thread-1) 💓 [HEARTBEAT] Invio heartbeat: {"stazioneId":"stazzaDellaMadonnaTroia","stato":"ONLINE","timestamp":"2026-08-14T11:36:29.258275737Z","tipoEvento":"HEARTBEAT","bufferSize":0}
2026-08-14 13:36:39,257 INFO  [it.uni.reti2.HeartbeatGenerator] (executor-thread-1) 💓 [HEARTBEAT] Invio heartbeat: {"stazioneId":"stazzaDellaMadonnaTroia","stato":"ONLINE","timestamp":"2026-08-14T11:36:39.257857562Z","tipoEvento":"HEARTBEAT","bufferSize":0}
2026-08-14 13:36:46,148 INFO  [it.uni.reti2.StationGateway] (vert.x-eventloop-thread-3) 🚂 [PASSAGGIO] Treno Mario in ENTRATA dalla stazione stazzaDellaMadonnaTroia
2026-08-14 13:36:49,258 INFO  [it.uni.reti2.HeartbeatGenerator] (executor-thread-1) 💓 [HEARTBEAT] Invio heartbeat: {"stazioneId":"stazzaDellaMadonnaTroia","stato":"ONLINE","timestamp":"2026-08-14T11:36:49.257919677Z","tipoEvento":"HEARTBEAT","bufferSize":0}
2026-08-14 13:36:59,257 INFO  [it.uni.reti2.HeartbeatGenerator] (executor-thread-1) 💓 [HEARTBEAT] Invio heartbeat: {"stazioneId":"stazzaDellaMadonnaTroia","stato":"ONLINE","timestamp":"2026-08-14T11:36:59.257897633Z","tipoEvento":"HEARTBEAT","bufferSize":0}
2026-08-14 13:37:07,147 INFO  [it.uni.reti2.StationGateway] (vert.x-eventloop-thread-3) 🚂 [PASSAGGIO] Treno Mario in USCITA dalla stazione stazzaDellaMadonnaTroia
2026-08-14 13:37:09,257 INFO  [it.uni.reti2.HeartbeatGenerator] (executor-thread-1) 💓 [HEARTBEAT] Invio heartbeat: {"stazioneId":"stazzaDellaMadonnaTroia","stato":"ONLINE","timestamp":"2026-08-14T11:37:09.257917299Z","tipoEvento":"HEARTBEAT","bufferSize":0}
2026-08-14 13:37:19,258 INFO  [it.uni.reti2.HeartbeatGenerator] (executor-thread-1) 💓 [HEARTBEAT] Invio heartbeat: {"stazioneId":"stazzaDellaMadonnaTroia","stato":"ONLINE","timestamp":"2026-08-14T11:37:19.258306575Z","tipoEvento":"HEARTBEAT","bufferSize":0}
2026-08-14 13:37:29,258 INFO  [it.uni.reti2.HeartbeatGenerator] (executor-thread-1) 💓 [HEARTBEAT] Invio heartbeat: {"stazioneId":"stazzaDellaMadonnaTroia","stato":"ONLINE","timestamp":"2026-08-14T11:37:29.258061447Z","tipoEvento":"HEARTBEAT","bufferSize":0}
2026-08-14 13:37:39,257 INFO  [it.uni.reti2.HeartbeatGenerator] (executor-thread-1) 💓 [HEARTBEAT] Invio heartbeat: {"stazioneId":"stazzaDellaMadonnaTroia","stato":"ONLINE","timestamp":"2026-08-14T11:37:39.257926572Z","tipoEvento":"HEARTBEAT","bufferSize":0}
2026-08-14 13:37:49,258 INFO  [it.uni.reti2.HeartbeatGenerator] (executor-thread-1) 💓 [HEARTBEAT] Invio heartbeat: {"stazioneId":"stazzaDellaMadonnaTroia","stato":"ONLINE","timestamp":"2026-08-14T11:37:49.258024862Z","tipoEvento":"HEARTBEAT","bufferSize":0}
2026-08-14 13:37:59,258 INFO  [it.uni.reti2.HeartbeatGenerator] (executor-thread-1) 💓 [HEARTBEAT] Invio heartbeat: {"stazioneId":"stazzaDellaMadonnaTroia","stato":"ONLINE","timestamp":"2026-08-14T11:37:59.258482250Z","tipoEvento":"HEARTBEAT","bufferSize":0}
2026-08-14 13:38:09,258 INFO  [it.uni.reti2.HeartbeatGenerator] (executor-thread-1) 💓 [HEARTBEAT] Invio heartbeat: {"stazioneId":"stazzaDellaMadonnaTroia","stato":"ONLINE","timestamp":"2026-08-14T11:38:09.257984673Z","tipoEvento":"HEARTBEAT","bufferSize":0}
2026-08-14 13:38:19,258 INFO  [it.uni.reti2.HeartbeatGenerator] (executor-thread-1) 💓 [HEARTBEAT] Invio heartbeat: {"stazioneId":"stazzaDellaMadonnaTroia","stato":"ONLINE","timestamp":"2026-08-14T11:38:19.258319345Z","tipoEvento":"HEARTBEAT","bufferSize":0}
2026-08-14 13:38:29,257 INFO  [it.uni.reti2.HeartbeatGenerator] (executor-thread-1) 💓 [HEARTBEAT] Invio heartbeat: {"stazioneId":"stazzaDellaMadonnaTroia","stato":"ONLINE","timestamp":"2026-08-14T11:38:29.257882265Z","tipoEvento":"HEARTBEAT","bufferSize":0}
2026-08-14 13:38:39,258 INFO  [it.uni.reti2.HeartbeatGenerator] (executor-thread-1) 💓 [HEARTBEAT] Invio heartbeat: {"stazioneId":"stazzaDellaMadonnaTroia","stato":"ONLINE","timestamp":"2026-08-14T11:38:39.257888528Z","tipoEvento":"HEARTBEAT","bufferSize":0}
2026-08-14 13:38:49,258 INFO  [it.uni.reti2.HeartbeatGenerator] (executor-thread-1) 💓 [HEARTBEAT] Invio heartbeat: {"stazioneId":"stazzaDellaMadonnaTroia","stato":"ONLINE","timestamp":"2026-08-14T11:38:49.258058210Z","tipoEvento":"HEARTBEAT","bufferSize":0}
2026-08-14 13:38:58,149 INFO  [it.uni.reti2.StationGateway] (vert.x-eventloop-thread-3) 🚂 [PASSAGGIO] Treno tenoAmmazzaRicchi in ENTRATA dalla stazione stazzaDellaMadonnaTroia
2026-08-14 13:38:59,257 INFO  [it.uni.reti2.HeartbeatGenerator] (executor-thread-1) 💓 [HEARTBEAT] Invio heartbeat: {"stazioneId":"stazzaDellaMadonnaTroia","stato":"ONLINE","timestamp":"2026-08-14T11:38:59.257874082Z","tipoEvento":"HEARTBEAT","bufferSize":0}
2026-08-14 13:39:09,257 INFO  [it.uni.reti2.HeartbeatGenerator] (executor-thread-1) 💓 [HEARTBEAT] Invio heartbeat: {"stazioneId":"stazzaDellaMadonnaTroia","stato":"ONLINE","timestamp":"2026-08-14T11:39:09.257907119Z","tipoEvento":"HEARTBEAT","bufferSize":0}
2026-08-14 13:39:19,257 INFO  [it.uni.reti2.HeartbeatGenerator] (executor-thread-1) 💓 [HEARTBEAT] Invio heartbeat: {"stazioneId":"stazzaDellaMadonnaTroia","stato":"ONLINE","timestamp":"2026-08-14T11:39:19.257812821Z","tipoEvento":"HEARTBEAT","bufferSize":0}
2026-08-14 13:39:29,257 INFO  [it.uni.reti2.HeartbeatGenerator] (executor-thread-1) 💓 [HEARTBEAT] Invio heartbeat: {"stazioneId":"stazzaDellaMadonnaTroia","stato":"ONLINE","timestamp":"2026-08-14T11:39:29.257895247Z","tipoEvento":"HEARTBEAT","bufferSize":0}
2026-08-14 13:39:39,148 INFO  [it.uni.reti2.StationGateway] (vert.x-eventloop-thread-3) 🚂 [PASSAGGIO] Treno tenoAmmazzaRicchi in USCITA dalla stazione stazzaDellaMadonnaTroia
2026-08-14 13:39:39,257 INFO  [it.uni.reti2.HeartbeatGenerator] (executor-thread-1) 💓 [HEARTBEAT] Invio heartbeat: {"stazioneId":"stazzaDellaMadonnaTroia","stato":"ONLINE","timestamp":"2026-08-14T11:39:39.257861819Z","tipoEvento":"HEARTBEAT","bufferSize":0}
2026-08-14 13:39:49,257 INFO  [it.uni.reti2.HeartbeatGenerator] (executor-thread-1) 💓 [HEARTBEAT] Invio heartbeat: {"stazioneId":"stazzaDellaMadonnaTroia","stato":"ONLINE","timestamp":"2026-08-14T11:39:49.257858699Z","tipoEvento":"HEARTBEAT","bufferSize":0}
2026-08-14 13:39:59,258 INFO  [it.uni.reti2.HeartbeatGenerator] (executor-thread-1) 💓 [HEARTBEAT] Invio heartbeat: {"stazioneId":"stazzaDellaMadonnaTroia","stato":"ONLINE","timestamp":"2026-08-14T11:39:59.258149452Z","tipoEvento":"HEARTBEAT","bufferSize":0}
2026-08-14 13:40:09,258 INFO  [it.uni.reti2.HeartbeatGenerator] (executor-thread-1) 💓 [HEARTBEAT] Invio heartbeat: {"stazioneId":"stazzaDellaMadonnaTroia","stato":"ONLINE","timestamp":"2026-08-14T11:40:09.258054591Z","tipoEvento":"HEARTBEAT","bufferSize":0}
2026-08-14 13:40:19,257 INFO  [it.uni.reti2.HeartbeatGenerator] (executor-thread-1) 💓 [HEARTBEAT] Invio heartbeat: {"stazioneId":"stazzaDellaMadonnaTroia","stato":"ONLINE","timestamp":"2026-08-14T11:40:19.257929346Z","tipoEvento":"HEARTBEAT","bufferSize":0}
2026-08-14 13:40:29,257 INFO  [it.uni.reti2.HeartbeatGenerator] (executor-thread-1) 💓 [HEARTBEAT] Invio heartbeat: {"stazioneId":"stazzaDellaMadonnaTroia","stato":"ONLINE","timestamp":"2026-08-14T11:40:29.257826180Z","tipoEvento":"HEARTBEAT","bufferSize":0}
2026-08-14 13:40:39,257 INFO  [it.uni.reti2.HeartbeatGenerator] (executor-thread-1) 💓 [HEARTBEAT] Invio heartbeat: {"stazioneId":"stazzaDellaMadonnaTroia","stato":"ONLINE","timestamp":"2026-08-14T11:40:39.257935551Z","tipoEvento":"HEARTBEAT","bufferSize":0}
2026-08-14 13:40:49,148 INFO  [it.uni.reti2.StationGateway] (vert.x-eventloop-thread-3) 🚂 [PASSAGGIO] Treno Mario in ENTRATA dalla stazione stazzaDellaMadonnaTroia
2026-08-14 13:40:49,258 INFO  [it.uni.reti2.HeartbeatGenerator] (executor-thread-1) 💓 [HEARTBEAT] Invio heartbeat: {"stazioneId":"stazzaDellaMadonnaTroia","stato":"ONLINE","timestamp":"2026-08-14T11:40:49.258307054Z","tipoEvento":"HEARTBEAT","bufferSize":0}
2026-08-14 13:40:59,258 INFO  [it.uni.reti2.HeartbeatGenerator] (executor-thread-1) 💓 [HEARTBEAT] Invio heartbeat: {"stazioneId":"stazzaDellaMadonnaTroia","stato":"ONLINE","timestamp":"2026-08-14T11:40:59.258088168Z","tipoEvento":"HEARTBEAT","bufferSize":0}
2026-08-14 13:41:09,257 INFO  [it.uni.reti2.HeartbeatGenerator] (executor-thread-1) 💓 [HEARTBEAT] Invio heartbeat: {"stazioneId":"stazzaDellaMadonnaTroia","stato":"ONLINE","timestamp":"2026-08-14T11:41:09.257810270Z","tipoEvento":"HEARTBEAT","bufferSize":0}
2026-08-14 13:41:10,147 INFO  [it.uni.reti2.StationGateway] (vert.x-eventloop-thread-3) 🚂 [PASSAGGIO] Treno Mario in USCITA dalla stazione stazzaDellaMadonnaTroia
2026-08-14 13:41:19,258 INFO  [it.uni.reti2.HeartbeatGenerator] (executor-thread-1) 💓 [HEARTBEAT] Invio heartbeat: {"stazioneId":"stazzaDellaMadonnaTroia","stato":"ONLINE","timestamp":"2026-08-14T11:41:19.258306725Z","tipoEvento":"HEARTBEAT","bufferSize":0}
2026-08-14 13:41:29,258 INFO  [it.uni.reti2.HeartbeatGenerator] (executor-thread-1) 💓 [HEARTBEAT] Invio heartbeat: {"stazioneId":"stazzaDellaMadonnaTroia","stato":"ONLINE","timestamp":"2026-08-14T11:41:29.258379040Z","tipoEvento":"HEARTBEAT","bufferSize":0}
2026-08-14 13:41:39,258 INFO  [it.uni.reti2.HeartbeatGenerator] (executor-thread-1) 💓 [HEARTBEAT] Invio heartbeat: {"stazioneId":"stazzaDellaMadonnaTroia","stato":"ONLINE","timestamp":"2026-08-14T11:41:39.258366265Z","tipoEvento":"HEARTBEAT","bufferSize":0}
2026-08-14 13:41:49,258 INFO  [it.uni.reti2.HeartbeatGenerator] (executor-thread-1) 💓 [HEARTBEAT] Invio heartbeat: {"stazioneId":"stazzaDellaMadonnaTroia","stato":"ONLINE","timestamp":"2026-08-14T11:41:49.258313515Z","tipoEvento":"HEARTBEAT","bufferSize":0}
2026-08-14 13:41:59,258 INFO  [it.uni.reti2.HeartbeatGenerator] (executor-thread-1) 💓 [HEARTBEAT] Invio heartbeat: {"stazioneId":"stazzaDellaMadonnaTroia","stato":"ONLINE","timestamp":"2026-08-14T11:41:59.258300078Z","tipoEvento":"HEARTBEAT","bufferSize":0}
2026-08-14 13:42:09,258 INFO  [it.uni.reti2.HeartbeatGenerator] (executor-thread-1) 💓 [HEARTBEAT] Invio heartbeat: {"stazioneId":"stazzaDellaMadonnaTroia","stato":"ONLINE","timestamp":"2026-08-14T11:42:09.258356286Z","tipoEvento":"HEARTBEAT","bufferSize":0}
2026-08-14 13:42:19,257 INFO  [it.uni.reti2.HeartbeatGenerator] (executor-thread-1) 💓 [HEARTBEAT] Invio heartbeat: {"stazioneId":"stazzaDellaMadonnaTroia","stato":"ONLINE","timestamp":"2026-08-14T11:42:19.257887364Z","tipoEvento":"HEARTBEAT","bufferSize":0}
2026-08-14 13:42:29,257 INFO  [it.uni.reti2.HeartbeatGenerator] (executor-thread-1) 💓 [HEARTBEAT] Invio heartbeat: {"stazioneId":"stazzaDellaMadonnaTroia","stato":"ONLINE","timestamp":"2026-08-14T11:42:29.257906037Z","tipoEvento":"HEARTBEAT","bufferSize":0}
2026-08-14 13:42:39,258 INFO  [it.uni.reti2.HeartbeatGenerator] (executor-thread-1) 💓 [HEARTBEAT] Invio heartbeat: {"stazioneId":"stazzaDellaMadonnaTroia","stato":"ONLINE","timestamp":"2026-08-14T11:42:39.257876861Z","tipoEvento":"HEARTBEAT","bufferSize":0}
2026-08-14 13:42:49,258 INFO  [it.uni.reti2.HeartbeatGenerator] (executor-thread-1) 💓 [HEARTBEAT] Invio heartbeat: {"stazioneId":"stazzaDellaMadonnaTroia","stato":"ONLINE","timestamp":"2026-08-14T11:42:49.258385994Z","tipoEvento":"HEARTBEAT","bufferSize":0}
2026-08-14 13:42:59,258 INFO  [it.uni.reti2.HeartbeatGenerator] (executor-thread-1) 💓 [HEARTBEAT] Invio heartbeat: {"stazioneId":"stazzaDellaMadonnaTroia","stato":"ONLINE","timestamp":"2026-08-14T11:42:59.258309731Z","tipoEvento":"HEARTBEAT","bufferSize":0}
2026-08-14 13:43:09,258 INFO  [it.uni.reti2.HeartbeatGenerator] (executor-thread-1) 💓 [HEARTBEAT] Invio heartbeat: {"stazioneId":"stazzaDellaMadonnaTroia","stato":"ONLINE","timestamp":"2026-08-14T11:43:09.258293933Z","tipoEvento":"HEARTBEAT","bufferSize":0}
2026-08-14 13:43:19,258 INFO  [it.uni.reti2.HeartbeatGenerator] (executor-thread-1) 💓 [HEARTBEAT] Invio heartbeat: {"stazioneId":"stazzaDellaMadonnaTroia","stato":"ONLINE","timestamp":"2026-08-14T11:43:19.258144957Z","tipoEvento":"HEARTBEAT","bufferSize":0}
2026-08-14 13:43:29,258 INFO  [it.uni.reti2.HeartbeatGenerator] (executor-thread-1) 💓 [HEARTBEAT] Invio heartbeat: {"stazioneId":"stazzaDellaMadonnaTroia","stato":"ONLINE","timestamp":"2026-08-14T11:43:29.258272556Z","tipoEvento":"HEARTBEAT","bufferSize":0}
2026-08-14 13:43:39,258 INFO  [it.uni.reti2.HeartbeatGenerator] (executor-thread-1) 💓 [HEARTBEAT] Invio heartbeat: {"stazioneId":"stazzaDellaMadonnaTroia","stato":"ONLINE","timestamp":"2026-08-14T11:43:39.258324062Z","tipoEvento":"HEARTBEAT","bufferSize":0}
2026-08-14 13:43:49,258 INFO  [it.uni.reti2.HeartbeatGenerator] (executor-thread-1) 💓 [HEARTBEAT] Invio heartbeat: {"stazioneId":"stazzaDellaMadonnaTroia","stato":"ONLINE","timestamp":"2026-08-14T11:43:49.257951469Z","tipoEvento":"HEARTBEAT","bufferSize":0}
2026-08-14 13:43:59,258 INFO  [it.uni.reti2.HeartbeatGenerator] (executor-thread-1) 💓 [HEARTBEAT] Invio heartbeat: {"stazioneId":"stazzaDellaMadonnaTroia","stato":"ONLINE","timestamp":"2026-08-14T11:43:59.258059837Z","tipoEvento":"HEARTBEAT","bufferSize":0}
2026-08-14 13:44:09,257 INFO  [it.uni.reti2.HeartbeatGenerator] (executor-thread-1) 💓 [HEARTBEAT] Invio heartbeat: {"stazioneId":"stazzaDellaMadonnaTroia","stato":"ONLINE","timestamp":"2026-08-14T11:44:09.257942222Z","tipoEvento":"HEARTBEAT","bufferSize":0}
2026-08-14 13:44:19,258 INFO  [it.uni.reti2.HeartbeatGenerator] (executor-thread-1) 💓 [HEARTBEAT] Invio heartbeat: {"stazioneId":"stazzaDellaMadonnaTroia","stato":"ONLINE","timestamp":"2026-08-14T11:44:19.258290835Z","tipoEvento":"HEARTBEAT","bufferSize":0}
2026-08-14 13:44:29,258 INFO  [it.uni.reti2.HeartbeatGenerator] (executor-thread-1) 💓 [HEARTBEAT] Invio heartbeat: {"stazioneId":"stazzaDellaMadonnaTroia","stato":"ONLINE","timestamp":"2026-08-14T11:44:29.258341641Z","tipoEvento":"HEARTBEAT","bufferSize":0}
2026-08-14 13:44:39,258 INFO  [it.uni.reti2.HeartbeatGenerator] (executor-thread-1) 💓 [HEARTBEAT] Invio heartbeat: {"stazioneId":"stazzaDellaMadonnaTroia","stato":"ONLINE","timestamp":"2026-08-14T11:44:39.258313374Z","tipoEvento":"HEARTBEAT","bufferSize":0}
2026-08-14 13:44:49,258 INFO  [it.uni.reti2.HeartbeatGenerator] (executor-thread-1) 💓 [HEARTBEAT] Invio heartbeat: {"stazioneId":"stazzaDellaMadonnaTroia","stato":"ONLINE","timestamp":"2026-08-14T11:44:49.257967919Z","tipoEvento":"HEARTBEAT","bufferSize":0}
2026-08-14 13:44:59,258 INFO  [it.uni.reti2.HeartbeatGenerator] (executor-thread-1) 💓 [HEARTBEAT] Invio heartbeat: {"stazioneId":"stazzaDellaMadonnaTroia","stato":"ONLINE","timestamp":"2026-08-14T11:44:59.258295904Z","tipoEvento":"HEARTBEAT","bufferSize":0}
2026-08-14 13:45:09,257 INFO  [it.uni.reti2.HeartbeatGenerator] (executor-thread-1) 💓 [HEARTBEAT] Invio heartbeat: {"stazioneId":"stazzaDellaMadonnaTroia","stato":"ONLINE","timestamp":"2026-08-14T11:45:09.257846218Z","tipoEvento":"HEARTBEAT","bufferSize":0}
2026-08-14 13:45:19,258 INFO  [it.uni.reti2.HeartbeatGenerator] (executor-thread-1) 💓 [HEARTBEAT] Invio heartbeat: {"stazioneId":"stazzaDellaMadonnaTroia","stato":"ONLINE","timestamp":"2026-08-14T11:45:19.258545156Z","tipoEvento":"HEARTBEAT","bufferSize":0}
2026-08-14 13:45:29,258 INFO  [it.uni.reti2.HeartbeatGenerator] (executor-thread-1) 💓 [HEARTBEAT] Invio heartbeat: {"stazioneId":"stazzaDellaMadonnaTroia","stato":"ONLINE","timestamp":"2026-08-14T11:45:29.258273243Z","tipoEvento":"HEARTBEAT","bufferSize":0}
2026-08-14 13:45:39,258 INFO  [it.uni.reti2.HeartbeatGenerator] (executor-thread-1) 💓 [HEARTBEAT] Invio heartbeat: {"stazioneId":"stazzaDellaMadonnaTroia","stato":"ONLINE","timestamp":"2026-08-14T11:45:39.258135786Z","tipoEvento":"HEARTBEAT","bufferSize":0}
2026-08-14 13:45:49,258 INFO  [it.uni.reti2.HeartbeatGenerator] (executor-thread-1) 💓 [HEARTBEAT] Invio heartbeat: {"stazioneId":"stazzaDellaMadonnaTroia","stato":"ONLINE","timestamp":"2026-08-14T11:45:49.257917723Z","tipoEvento":"HEARTBEAT","bufferSize":0}
2026-08-14 13:45:59,258 INFO  [it.uni.reti2.HeartbeatGenerator] (executor-thread-1) 💓 [HEARTBEAT] Invio heartbeat: {"stazioneId":"stazzaDellaMadonnaTroia","stato":"ONLINE","timestamp":"2026-08-14T11:45:59.257977660Z","tipoEvento":"HEARTBEAT","bufferSize":0}
2026-08-14 13:46:09,258 INFO  [it.uni.reti2.HeartbeatGenerator] (executor-thread-1) 💓 [HEARTBEAT] Invio heartbeat: {"stazioneId":"stazzaDellaMadonnaTroia","stato":"ONLINE","timestamp":"2026-08-14T11:46:09.258579582Z","tipoEvento":"HEARTBEAT","bufferSize":0}
2026-08-14 13:46:19,258 INFO  [it.uni.reti2.HeartbeatGenerator] (executor-thread-1) 💓 [HEARTBEAT] Invio heartbeat: {"stazioneId":"stazzaDellaMadonnaTroia","stato":"ONLINE","timestamp":"2026-08-14T11:46:19.258301282Z","tipoEvento":"HEARTBEAT","bufferSize":0}
2026-08-14 13:46:29,258 INFO  [it.uni.reti2.HeartbeatGenerator] (executor-thread-1) 💓 [HEARTBEAT] Invio heartbeat: {"stazioneId":"stazzaDellaMadonnaTroia","stato":"ONLINE","timestamp":"2026-08-14T11:46:29.257970651Z","tipoEvento":"HEARTBEAT","bufferSize":0}
2026-08-14 13:46:39,257 INFO  [it.uni.reti2.HeartbeatGenerator] (executor-thread-1) 💓 [HEARTBEAT] Invio heartbeat: {"stazioneId":"stazzaDellaMadonnaTroia","stato":"ONLINE","timestamp":"2026-08-14T11:46:39.257790743Z","tipoEvento":"HEARTBEAT","bufferSize":0}
2026-08-14 13:46:49,257 INFO  [it.uni.reti2.HeartbeatGenerator] (executor-thread-1) 💓 [HEARTBEAT] Invio heartbeat: {"stazioneId":"stazzaDellaMadonnaTroia","stato":"ONLINE","timestamp":"2026-08-14T11:46:49.257790425Z","tipoEvento":"HEARTBEAT","bufferSize":0}
2026-08-14 13:46:59,257 INFO  [it.uni.reti2.HeartbeatGenerator] (executor-thread-1) 💓 [HEARTBEAT] Invio heartbeat: {"stazioneId":"stazzaDellaMadonnaTroia","stato":"ONLINE","timestamp":"2026-08-14T11:46:59.257815800Z","tipoEvento":"HEARTBEAT","bufferSize":0}
2026-08-14 13:47:09,257 INFO  [it.uni.reti2.HeartbeatGenerator] (executor-thread-1) 💓 [HEARTBEAT] Invio heartbeat: {"stazioneId":"stazzaDellaMadonnaTroia","stato":"ONLINE","timestamp":"2026-08-14T11:47:09.257731094Z","tipoEvento":"HEARTBEAT","bufferSize":0}
2026-08-14 13:47:19,257 INFO  [it.uni.reti2.HeartbeatGenerator] (executor-thread-1) 💓 [HEARTBEAT] Invio heartbeat: {"stazioneId":"stazzaDellaMadonnaTroia","stato":"ONLINE","timestamp":"2026-08-14T11:47:19.257844277Z","tipoEvento":"HEARTBEAT","bufferSize":0}
2026-08-14 13:47:29,257 INFO  [it.uni.reti2.HeartbeatGenerator] (executor-thread-1) 💓 [HEARTBEAT] Invio heartbeat: {"stazioneId":"stazzaDellaMadonnaTroia","stato":"ONLINE","timestamp":"2026-08-14T11:47:29.257715735Z","tipoEvento":"HEARTBEAT","bufferSize":0}
2026-08-14 13:47:39,257 INFO  [it.uni.reti2.HeartbeatGenerator] (executor-thread-1) 💓 [HEARTBEAT] Invio heartbeat: {"stazioneId":"stazzaDellaMadonnaTroia","stato":"ONLINE","timestamp":"2026-08-14T11:47:39.257797394Z","tipoEvento":"HEARTBEAT","bufferSize":0}
2026-08-14 13:47:49,258 INFO  [it.uni.reti2.HeartbeatGenerator] (executor-thread-1) 💓 [HEARTBEAT] Invio heartbeat: {"stazioneId":"stazzaDellaMadonnaTroia","stato":"ONLINE","timestamp":"2026-08-14T11:47:49.257962626Z","tipoEvento":"HEARTBEAT","bufferSize":0}
2026-08-14 13:47:59,258 INFO  [it.uni.reti2.HeartbeatGenerator] (executor-thread-1) 💓 [HEARTBEAT] Invio heartbeat: {"stazioneId":"stazzaDellaMadonnaTroia","stato":"ONLINE","timestamp":"2026-08-14T11:47:59.258363662Z","tipoEvento":"HEARTBEAT","bufferSize":0}
2026-08-14 13:48:09,258 INFO  [it.uni.reti2.HeartbeatGenerator] (executor-thread-1) 💓 [HEARTBEAT] Invio heartbeat: {"stazioneId":"stazzaDellaMadonnaTroia","stato":"ONLINE","timestamp":"2026-08-14T11:48:09.257930045Z","tipoEvento":"HEARTBEAT","bufferSize":0}
2026-08-14 13:48:19,258 INFO  [it.uni.reti2.HeartbeatGenerator] (executor-thread-1) 💓 [HEARTBEAT] Invio heartbeat: {"stazioneId":"stazzaDellaMadonnaTroia","stato":"ONLINE","timestamp":"2026-08-14T11:48:19.258308064Z","tipoEvento":"HEARTBEAT","bufferSize":0}
2026-08-14 13:48:29,257 INFO  [it.uni.reti2.HeartbeatGenerator] (executor-thread-1) 💓 [HEARTBEAT] Invio heartbeat: {"stazioneId":"stazzaDellaMadonnaTroia","stato":"ONLINE","timestamp":"2026-08-14T11:48:29.257897548Z","tipoEvento":"HEARTBEAT","bufferSize":0}
2026-08-14 13:48:39,258 INFO  [it.uni.reti2.HeartbeatGenerator] (executor-thread-1) 💓 [HEARTBEAT] Invio heartbeat: {"stazioneId":"stazzaDellaMadonnaTroia","stato":"ONLINE","timestamp":"2026-08-14T11:48:39.257952134Z","tipoEvento":"HEARTBEAT","bufferSize":0}
2026-08-14 13:48:49,258 INFO  [it.uni.reti2.HeartbeatGenerator] (executor-thread-1) 💓 [HEARTBEAT] Invio heartbeat: {"stazioneId":"stazzaDellaMadonnaTroia","stato":"ONLINE","timestamp":"2026-08-14T11:48:49.257913851Z","tipoEvento":"HEARTBEAT","bufferSize":0}
2026-08-14 13:48:59,257 INFO  [it.uni.reti2.HeartbeatGenerator] (executor-thread-1) 💓 [HEARTBEAT] Invio heartbeat: {"stazioneId":"stazzaDellaMadonnaTroia","stato":"ONLINE","timestamp":"2026-08-14T11:48:59.257874545Z","tipoEvento":"HEARTBEAT","bufferSize":0}
2026-08-14 13:49:09,258 INFO  [it.uni.reti2.HeartbeatGenerator] (executor-thread-1) 💓 [HEARTBEAT] Invio heartbeat: {"stazioneId":"stazzaDellaMadonnaTroia","stato":"ONLINE","timestamp":"2026-08-14T11:49:09.258040415Z","tipoEvento":"HEARTBEAT","bufferSize":0}
2026-08-14 13:49:19,257 INFO  [it.uni.reti2.HeartbeatGenerator] (executor-thread-1) 💓 [HEARTBEAT] Invio heartbeat: {"stazioneId":"stazzaDellaMadonnaTroia","stato":"ONLINE","timestamp":"2026-08-14T11:49:19.257853129Z","tipoEvento":"HEARTBEAT","bufferSize":0}
2026-08-14 13:49:29,258 INFO  [it.uni.reti2.HeartbeatGenerator] (executor-thread-1) 💓 [HEARTBEAT] Invio heartbeat: {"stazioneId":"stazzaDellaMadonnaTroia","stato":"ONLINE","timestamp":"2026-08-14T11:49:29.258166521Z","tipoEvento":"HEARTBEAT","bufferSize":0}
2026-08-14 13:49:39,258 INFO  [it.uni.reti2.HeartbeatGenerator] (executor-thread-1) 💓 [HEARTBEAT] Invio heartbeat: {"stazioneId":"stazzaDellaMadonnaTroia","stato":"ONLINE","timestamp":"2026-08-14T11:49:39.258099011Z","tipoEvento":"HEARTBEAT","bufferSize":0}
2026-08-14 13:49:49,258 INFO  [it.uni.reti2.HeartbeatGenerator] (executor-thread-1) 💓 [HEARTBEAT] Invio heartbeat: {"stazioneId":"stazzaDellaMadonnaTroia","stato":"ONLINE","timestamp":"2026-08-14T11:49:49.258102392Z","tipoEvento":"HEARTBEAT","bufferSize":0}
2026-08-14 13:49:59,257 INFO  [it.uni.reti2.HeartbeatGenerator] (executor-thread-1) 💓 [HEARTBEAT] Invio heartbeat: {"stazioneId":"stazzaDellaMadonnaTroia","stato":"ONLINE","timestamp":"2026-08-14T11:49:59.257860517Z","tipoEvento":"HEARTBEAT","bufferSize":0}
2026-08-14 13:50:09,258 INFO  [it.uni.reti2.HeartbeatGenerator] (executor-thread-1) 💓 [HEARTBEAT] Invio heartbeat: {"stazioneId":"stazzaDellaMadonnaTroia","stato":"ONLINE","timestamp":"2026-08-14T11:50:09.258429209Z","tipoEvento":"HEARTBEAT","bufferSize":0}
2026-08-14 13:50:19,257 INFO  [it.uni.reti2.HeartbeatGenerator] (executor-thread-1) 💓 [HEARTBEAT] Invio heartbeat: {"stazioneId":"stazzaDellaMadonnaTroia","stato":"ONLINE","timestamp":"2026-08-14T11:50:19.257867010Z","tipoEvento":"HEARTBEAT","bufferSize":0}
2026-08-14 13:50:29,258 INFO  [it.uni.reti2.HeartbeatGenerator] (executor-thread-1) 💓 [HEARTBEAT] Invio heartbeat: {"stazioneId":"stazzaDellaMadonnaTroia","stato":"ONLINE","timestamp":"2026-08-14T11:50:29.258241849Z","tipoEvento":"HEARTBEAT","bufferSize":0}
2026-08-14 13:50:39,258 INFO  [it.uni.reti2.HeartbeatGenerator] (executor-thread-1) 💓 [HEARTBEAT] Invio heartbeat: {"stazioneId":"stazzaDellaMadonnaTroia","stato":"ONLINE","timestamp":"2026-08-14T11:50:39.257957839Z","tipoEvento":"HEARTBEAT","bufferSize":0}
2026-08-14 13:50:46,148 INFO  [it.uni.reti2.StationGateway] (vert.x-eventloop-thread-3) 🚂 [PASSAGGIO] Treno tenoAmmazzaRicchi in ENTRATA dalla stazione stazzaDellaMadonnaTroia
2026-08-14 13:50:49,257 INFO  [it.uni.reti2.HeartbeatGenerator] (executor-thread-1) 💓 [HEARTBEAT] Invio heartbeat: {"stazioneId":"stazzaDellaMadonnaTroia","stato":"ONLINE","timestamp":"2026-08-14T11:50:49.257838101Z","tipoEvento":"HEARTBEAT","bufferSize":0}
2026-08-14 13:50:59,258 INFO  [it.uni.reti2.HeartbeatGenerator] (executor-thread-1) 💓 [HEARTBEAT] Invio heartbeat: {"stazioneId":"stazzaDellaMadonnaTroia","stato":"ONLINE","timestamp":"2026-08-14T11:50:59.258095084Z","tipoEvento":"HEARTBEAT","bufferSize":0}
2026-08-14 13:51:09,258 INFO  [it.uni.reti2.HeartbeatGenerator] (executor-thread-1) 💓 [HEARTBEAT] Invio heartbeat: {"stazioneId":"stazzaDellaMadonnaTroia","stato":"ONLINE","timestamp":"2026-08-14T11:51:09.258362318Z","tipoEvento":"HEARTBEAT","bufferSize":0}
2026-08-14 13:51:19,258 INFO  [it.uni.reti2.HeartbeatGenerator] (executor-thread-1) 💓 [HEARTBEAT] Invio heartbeat: {"stazioneId":"stazzaDellaMadonnaTroia","stato":"ONLINE","timestamp":"2026-08-14T11:51:19.258333182Z","tipoEvento":"HEARTBEAT","bufferSize":0}
2026-08-14 13:51:26,148 INFO  [it.uni.reti2.StationGateway] (vert.x-eventloop-thread-3) 🚂 [PASSAGGIO] Treno tenoAmmazzaRicchi in USCITA dalla stazione stazzaDellaMadonnaTroia
2026-08-14 13:51:29,258 INFO  [it.uni.reti2.HeartbeatGenerator] (executor-thread-1) 💓 [HEARTBEAT] Invio heartbeat: {"stazioneId":"stazzaDellaMadonnaTroia","stato":"ONLINE","timestamp":"2026-08-14T11:51:29.258398488Z","tipoEvento":"HEARTBEAT","bufferSize":0}
2026-08-14 13:51:39,258 INFO  [it.uni.reti2.HeartbeatGenerator] (executor-thread-1) 💓 [HEARTBEAT] Invio heartbeat: {"stazioneId":"stazzaDellaMadonnaTroia","stato":"ONLINE","timestamp":"2026-08-14T11:51:39.257926405Z","tipoEvento":"HEARTBEAT","bufferSize":0}
2026-08-14 13:51:49,258 INFO  [it.uni.reti2.HeartbeatGenerator] (executor-thread-1) 💓 [HEARTBEAT] Invio heartbeat: {"stazioneId":"stazzaDellaMadonnaTroia","stato":"ONLINE","timestamp":"2026-08-14T11:51:49.258299369Z","tipoEvento":"HEARTBEAT","bufferSize":0}
2026-08-14 13:51:59,257 INFO  [it.uni.reti2.HeartbeatGenerator] (executor-thread-1) 💓 [HEARTBEAT] Invio heartbeat: {"stazioneId":"stazzaDellaMadonnaTroia","stato":"ONLINE","timestamp":"2026-08-14T11:51:59.257921127Z","tipoEvento":"HEARTBEAT","bufferSize":0}
2026-08-14 13:52:09,258 INFO  [it.uni.reti2.HeartbeatGenerator] (executor-thread-1) 💓 [HEARTBEAT] Invio heartbeat: {"stazioneId":"stazzaDellaMadonnaTroia","stato":"ONLINE","timestamp":"2026-08-14T11:52:09.258337471Z","tipoEvento":"HEARTBEAT","bufferSize":0}
2026-08-14 13:52:19,149 INFO  [it.uni.reti2.StationGateway] (vert.x-eventloop-thread-3) 🚂 [PASSAGGIO] Treno Mario in ENTRATA dalla stazione stazzaDellaMadonnaTroia
2026-08-14 13:52:19,258 INFO  [it.uni.reti2.HeartbeatGenerator] (executor-thread-1) 💓 [HEARTBEAT] Invio heartbeat: {"stazioneId":"stazzaDellaMadonnaTroia","stato":"ONLINE","timestamp":"2026-08-14T11:52:19.258007967Z","tipoEvento":"HEARTBEAT","bufferSize":0}
2026-08-14 13:52:29,257 INFO  [it.uni.reti2.HeartbeatGenerator] (executor-thread-1) 💓 [HEARTBEAT] Invio heartbeat: {"stazioneId":"stazzaDellaMadonnaTroia","stato":"ONLINE","timestamp":"2026-08-14T11:52:29.257883448Z","tipoEvento":"HEARTBEAT","bufferSize":0}
2026-08-14 13:52:39,257 INFO  [it.uni.reti2.HeartbeatGenerator] (executor-thread-1) 💓 [HEARTBEAT] Invio heartbeat: {"stazioneId":"stazzaDellaMadonnaTroia","stato":"ONLINE","timestamp":"2026-08-14T11:52:39.257861892Z","tipoEvento":"HEARTBEAT","bufferSize":0}
2026-08-14 13:52:40,148 INFO  [it.uni.reti2.StationGateway] (vert.x-eventloop-thread-3) 🚂 [PASSAGGIO] Treno Mario in USCITA dalla stazione stazzaDellaMadonnaTroia
2026-08-14 13:52:49,258 INFO  [it.uni.reti2.HeartbeatGenerator] (executor-thread-1) 💓 [HEARTBEAT] Invio heartbeat: {"stazioneId":"stazzaDellaMadonnaTroia","stato":"ONLINE","timestamp":"2026-08-14T11:52:49.257978137Z","tipoEvento":"HEARTBEAT","bufferSize":0}
2026-08-14 13:52:59,257 INFO  [it.uni.reti2.HeartbeatGenerator] (executor-thread-1) 💓 [HEARTBEAT] Invio heartbeat: {"stazioneId":"stazzaDellaMadonnaTroia","stato":"ONLINE","timestamp":"2026-08-14T11:52:59.257899457Z","tipoEvento":"HEARTBEAT","bufferSize":0}
2026-08-14 13:53:09,258 INFO  [it.uni.reti2.HeartbeatGenerator] (executor-thread-1) 💓 [HEARTBEAT] Invio heartbeat: {"stazioneId":"stazzaDellaMadonnaTroia","stato":"ONLINE","timestamp":"2026-08-14T11:53:09.258332927Z","tipoEvento":"HEARTBEAT","bufferSize":0}
2026-08-14 13:53:19,258 INFO  [it.uni.reti2.HeartbeatGenerator] (executor-thread-1) 💓 [HEARTBEAT] Invio heartbeat: {"stazioneId":"stazzaDellaMadonnaTroia","stato":"ONLINE","timestamp":"2026-08-14T11:53:19.258153979Z","tipoEvento":"HEARTBEAT","bufferSize":0}
2026-08-14 13:53:29,258 INFO  [it.uni.reti2.HeartbeatGenerator] (executor-thread-1) 💓 [HEARTBEAT] Invio heartbeat: {"stazioneId":"stazzaDellaMadonnaTroia","stato":"ONLINE","timestamp":"2026-08-14T11:53:29.258485491Z","tipoEvento":"HEARTBEAT","bufferSize":0}
2026-08-14 13:53:39,258 INFO  [it.uni.reti2.HeartbeatGenerator] (executor-thread-1) 💓 [HEARTBEAT] Invio heartbeat: {"stazioneId":"stazzaDellaMadonnaTroia","stato":"ONLINE","timestamp":"2026-08-14T11:53:39.258339821Z","tipoEvento":"HEARTBEAT","bufferSize":0}
2026-08-14 13:53:49,257 INFO  [it.uni.reti2.HeartbeatGenerator] (executor-thread-1) 💓 [HEARTBEAT] Invio heartbeat: {"stazioneId":"stazzaDellaMadonnaTroia","stato":"ONLINE","timestamp":"2026-08-14T11:53:49.257884545Z","tipoEvento":"HEARTBEAT","bufferSize":0}
2026-08-14 13:53:59,257 INFO  [it.uni.reti2.HeartbeatGenerator] (executor-thread-1) 💓 [HEARTBEAT] Invio heartbeat: {"stazioneId":"stazzaDellaMadonnaTroia","stato":"ONLINE","timestamp":"2026-08-14T11:53:59.257750771Z","tipoEvento":"HEARTBEAT","bufferSize":0}
2026-08-14 13:54:09,258 INFO  [it.uni.reti2.HeartbeatGenerator] (executor-thread-1) 💓 [HEARTBEAT] Invio heartbeat: {"stazioneId":"stazzaDellaMadonnaTroia","stato":"ONLINE","timestamp":"2026-08-14T11:54:09.258243401Z","tipoEvento":"HEARTBEAT","bufferSize":0}
2026-08-14 13:54:19,258 INFO  [it.uni.reti2.HeartbeatGenerator] (executor-thread-1) 💓 [HEARTBEAT] Invio heartbeat: {"stazioneId":"stazzaDellaMadonnaTroia","stato":"ONLINE","timestamp":"2026-08-14T11:54:19.258210521Z","tipoEvento":"HEARTBEAT","bufferSize":0}
2026-08-14 13:54:29,257 INFO  [it.uni.reti2.HeartbeatGenerator] (executor-thread-1) 💓 [HEARTBEAT] Invio heartbeat: {"stazioneId":"stazzaDellaMadonnaTroia","stato":"ONLINE","timestamp":"2026-08-14T11:54:29.257828696Z","tipoEvento":"HEARTBEAT","bufferSize":0}
2026-08-14 13:54:39,258 INFO  [it.uni.reti2.HeartbeatGenerator] (executor-thread-1) 💓 [HEARTBEAT] Invio heartbeat: {"stazioneId":"stazzaDellaMadonnaTroia","stato":"ONLINE","timestamp":"2026-08-14T11:54:39.258016754Z","tipoEvento":"HEARTBEAT","bufferSize":0}
2026-08-14 13:54:49,257 INFO  [it.uni.reti2.HeartbeatGenerator] (executor-thread-1) 💓 [HEARTBEAT] Invio heartbeat: {"stazioneId":"stazzaDellaMadonnaTroia","stato":"ONLINE","timestamp":"2026-08-14T11:54:49.257816873Z","tipoEvento":"HEARTBEAT","bufferSize":0}
2026-08-14 13:54:59,258 INFO  [it.uni.reti2.HeartbeatGenerator] (executor-thread-1) 💓 [HEARTBEAT] Invio heartbeat: {"stazioneId":"stazzaDellaMadonnaTroia","stato":"ONLINE","timestamp":"2026-08-14T11:54:59.258270769Z","tipoEvento":"HEARTBEAT","bufferSize":0}
2026-08-14 13:55:09,258 INFO  [it.uni.reti2.HeartbeatGenerator] (executor-thread-1) 💓 [HEARTBEAT] Invio heartbeat: {"stazioneId":"stazzaDellaMadonnaTroia","stato":"ONLINE","timestamp":"2026-08-14T11:55:09.258531505Z","tipoEvento":"HEARTBEAT","bufferSize":0}
2026-08-14 13:55:19,258 INFO  [it.uni.reti2.HeartbeatGenerator] (executor-thread-1) 💓 [HEARTBEAT] Invio heartbeat: {"stazioneId":"stazzaDellaMadonnaTroia","stato":"ONLINE","timestamp":"2026-08-14T11:55:19.258333152Z","tipoEvento":"HEARTBEAT","bufferSize":0}
2026-08-14 13:55:29,257 INFO  [it.uni.reti2.HeartbeatGenerator] (executor-thread-1) 💓 [HEARTBEAT] Invio heartbeat: {"stazioneId":"stazzaDellaMadonnaTroia","stato":"ONLINE","timestamp":"2026-08-14T11:55:29.257930784Z","tipoEvento":"HEARTBEAT","bufferSize":0}
2026-08-14 13:55:39,258 INFO  [it.uni.reti2.HeartbeatGenerator] (executor-thread-1) 💓 [HEARTBEAT] Invio heartbeat: {"stazioneId":"stazzaDellaMadonnaTroia","stato":"ONLINE","timestamp":"2026-08-14T11:55:39.257938157Z","tipoEvento":"HEARTBEAT","bufferSize":0}
2026-08-14 13:55:49,258 INFO  [it.uni.reti2.HeartbeatGenerator] (executor-thread-1) 💓 [HEARTBEAT] Invio heartbeat: {"stazioneId":"stazzaDellaMadonnaTroia","stato":"ONLINE","timestamp":"2026-08-14T11:55:49.258067916Z","tipoEvento":"HEARTBEAT","bufferSize":0}
2026-08-14 13:55:59,258 INFO  [it.uni.reti2.HeartbeatGenerator] (executor-thread-1) 💓 [HEARTBEAT] Invio heartbeat: {"stazioneId":"stazzaDellaMadonnaTroia","stato":"ONLINE","timestamp":"2026-08-14T11:55:59.258323946Z","tipoEvento":"HEARTBEAT","bufferSize":0}
2026-08-14 13:56:09,257 INFO  [it.uni.reti2.HeartbeatGenerator] (executor-thread-1) 💓 [HEARTBEAT] Invio heartbeat: {"stazioneId":"stazzaDellaMadonnaTroia","stato":"ONLINE","timestamp":"2026-08-14T11:56:09.257851229Z","tipoEvento":"HEARTBEAT","bufferSize":0}
2026-08-14 13:56:19,258 INFO  [it.uni.reti2.HeartbeatGenerator] (executor-thread-1) 💓 [HEARTBEAT] Invio heartbeat: {"stazioneId":"stazzaDellaMadonnaTroia","stato":"ONLINE","timestamp":"2026-08-14T11:56:19.257883319Z","tipoEvento":"HEARTBEAT","bufferSize":0}
2026-08-14 13:56:23,148 INFO  [it.uni.reti2.StationGateway] (vert.x-eventloop-thread-3) 🚂 [PASSAGGIO] Treno Mario in ENTRATA dalla stazione stazzaDellaMadonnaTroia
2026-08-14 13:56:29,258 INFO  [it.uni.reti2.HeartbeatGenerator] (executor-thread-1) 💓 [HEARTBEAT] Invio heartbeat: {"stazioneId":"stazzaDellaMadonnaTroia","stato":"ONLINE","timestamp":"2026-08-14T11:56:29.258280191Z","tipoEvento":"HEARTBEAT","bufferSize":0}
2026-08-14 13:56:39,258 INFO  [it.uni.reti2.HeartbeatGenerator] (executor-thread-1) 💓 [HEARTBEAT] Invio heartbeat: {"stazioneId":"stazzaDellaMadonnaTroia","stato":"ONLINE","timestamp":"2026-08-14T11:56:39.257954040Z","tipoEvento":"HEARTBEAT","bufferSize":0}
2026-08-14 13:56:43,149 INFO  [it.uni.reti2.StationGateway] (vert.x-eventloop-thread-3) 🚂 [PASSAGGIO] Treno Mario in USCITA dalla stazione stazzaDellaMadonnaTroia
2026-08-14 13:56:49,257 INFO  [it.uni.reti2.HeartbeatGenerator] (executor-thread-1) 💓 [HEARTBEAT] Invio heartbeat: {"stazioneId":"stazzaDellaMadonnaTroia","stato":"ONLINE","timestamp":"2026-08-14T11:56:49.257793346Z","tipoEvento":"HEARTBEAT","bufferSize":0}
2026-08-14 13:56:59,258 INFO  [it.uni.reti2.HeartbeatGenerator] (executor-thread-1) 💓 [HEARTBEAT] Invio heartbeat: {"stazioneId":"stazzaDellaMadonnaTroia","stato":"ONLINE","timestamp":"2026-08-14T11:56:59.257964155Z","tipoEvento":"HEARTBEAT","bufferSize":0}
2026-08-14 13:57:09,258 INFO  [it.uni.reti2.HeartbeatGenerator] (executor-thread-1) 💓 [HEARTBEAT] Invio heartbeat: {"stazioneId":"stazzaDellaMadonnaTroia","stato":"ONLINE","timestamp":"2026-08-14T11:57:09.257983662Z","tipoEvento":"HEARTBEAT","bufferSize":0}
2026-08-14 13:57:19,258 INFO  [it.uni.reti2.HeartbeatGenerator] (executor-thread-1) 💓 [HEARTBEAT] Invio heartbeat: {"stazioneId":"stazzaDellaMadonnaTroia","stato":"ONLINE","timestamp":"2026-08-14T11:57:19.257931530Z","tipoEvento":"HEARTBEAT","bufferSize":0}
2026-08-14 13:57:29,258 INFO  [it.uni.reti2.HeartbeatGenerator] (executor-thread-1) 💓 [HEARTBEAT] Invio heartbeat: {"stazioneId":"stazzaDellaMadonnaTroia","stato":"ONLINE","timestamp":"2026-08-14T11:57:29.258337871Z","tipoEvento":"HEARTBEAT","bufferSize":0}
2026-08-14 13:57:39,258 INFO  [it.uni.reti2.HeartbeatGenerator] (executor-thread-1) 💓 [HEARTBEAT] Invio heartbeat: {"stazioneId":"stazzaDellaMadonnaTroia","stato":"ONLINE","timestamp":"2026-08-14T11:57:39.258329881Z","tipoEvento":"HEARTBEAT","bufferSize":0}
2026-08-14 13:57:49,258 INFO  [it.uni.reti2.HeartbeatGenerator] (executor-thread-1) 💓 [HEARTBEAT] Invio heartbeat: {"stazioneId":"stazzaDellaMadonnaTroia","stato":"ONLINE","timestamp":"2026-08-14T11:57:49.258765253Z","tipoEvento":"HEARTBEAT","bufferSize":0}
2026-08-14 13:57:59,258 INFO  [it.uni.reti2.HeartbeatGenerator] (executor-thread-1) 💓 [HEARTBEAT] Invio heartbeat: {"stazioneId":"stazzaDellaMadonnaTroia","stato":"ONLINE","timestamp":"2026-08-14T11:57:59.257915850Z","tipoEvento":"HEARTBEAT","bufferSize":0}
2026-08-14 13:58:09,258 INFO  [it.uni.reti2.HeartbeatGenerator] (executor-thread-1) 💓 [HEARTBEAT] Invio heartbeat: {"stazioneId":"stazzaDellaMadonnaTroia","stato":"ONLINE","timestamp":"2026-08-14T11:58:09.258084300Z","tipoEvento":"HEARTBEAT","bufferSize":0}
2026-08-14 13:58:19,258 INFO  [it.uni.reti2.HeartbeatGenerator] (executor-thread-1) 💓 [HEARTBEAT] Invio heartbeat: {"stazioneId":"stazzaDellaMadonnaTroia","stato":"ONLINE","timestamp":"2026-08-14T11:58:19.258106440Z","tipoEvento":"HEARTBEAT","bufferSize":0}
2026-08-14 13:58:29,258 INFO  [it.uni.reti2.HeartbeatGenerator] (executor-thread-1) 💓 [HEARTBEAT] Invio heartbeat: {"stazioneId":"stazzaDellaMadonnaTroia","stato":"ONLINE","timestamp":"2026-08-14T11:58:29.257953063Z","tipoEvento":"HEARTBEAT","bufferSize":0}
2026-08-14 13:58:39,257 INFO  [it.uni.reti2.HeartbeatGenerator] (executor-thread-1) 💓 [HEARTBEAT] Invio heartbeat: {"stazioneId":"stazzaDellaMadonnaTroia","stato":"ONLINE","timestamp":"2026-08-14T11:58:39.257944435Z","tipoEvento":"HEARTBEAT","bufferSize":0}
2026-08-14 13:58:49,257 INFO  [it.uni.reti2.HeartbeatGenerator] (executor-thread-1) 💓 [HEARTBEAT] Invio heartbeat: {"stazioneId":"stazzaDellaMadonnaTroia","stato":"ONLINE","timestamp":"2026-08-14T11:58:49.257928702Z","tipoEvento":"HEARTBEAT","bufferSize":0}
2026-08-14 13:58:59,258 INFO  [it.uni.reti2.HeartbeatGenerator] (executor-thread-1) 💓 [HEARTBEAT] Invio heartbeat: {"stazioneId":"stazzaDellaMadonnaTroia","stato":"ONLINE","timestamp":"2026-08-14T11:58:59.258686575Z","tipoEvento":"HEARTBEAT","bufferSize":0}
2026-08-14 13:59:09,258 INFO  [it.uni.reti2.HeartbeatGenerator] (executor-thread-1) 💓 [HEARTBEAT] Invio heartbeat: {"stazioneId":"stazzaDellaMadonnaTroia","stato":"ONLINE","timestamp":"2026-08-14T11:59:09.258082310Z","tipoEvento":"HEARTBEAT","bufferSize":0}
2026-08-14 13:59:19,258 INFO  [it.uni.reti2.HeartbeatGenerator] (executor-thread-1) 💓 [HEARTBEAT] Invio heartbeat: {"stazioneId":"stazzaDellaMadonnaTroia","stato":"ONLINE","timestamp":"2026-08-14T11:59:19.258371970Z","tipoEvento":"HEARTBEAT","bufferSize":0}
2026-08-14 13:59:29,258 INFO  [it.uni.reti2.HeartbeatGenerator] (executor-thread-1) 💓 [HEARTBEAT] Invio heartbeat: {"stazioneId":"stazzaDellaMadonnaTroia","stato":"ONLINE","timestamp":"2026-08-14T11:59:29.258304966Z","tipoEvento":"HEARTBEAT","bufferSize":0}
2026-08-14 13:59:39,258 INFO  [it.uni.reti2.HeartbeatGenerator] (executor-thread-1) 💓 [HEARTBEAT] Invio heartbeat: {"stazioneId":"stazzaDellaMadonnaTroia","stato":"ONLINE","timestamp":"2026-08-14T11:59:39.258560296Z","tipoEvento":"HEARTBEAT","bufferSize":0}
2026-08-14 13:59:49,258 INFO  [it.uni.reti2.HeartbeatGenerator] (executor-thread-1) 💓 [HEARTBEAT] Invio heartbeat: {"stazioneId":"stazzaDellaMadonnaTroia","stato":"ONLINE","timestamp":"2026-08-14T11:59:49.258037950Z","tipoEvento":"HEARTBEAT","bufferSize":0}
2026-08-14 13:59:59,258 INFO  [it.uni.reti2.HeartbeatGenerator] (executor-thread-1) 💓 [HEARTBEAT] Invio heartbeat: {"stazioneId":"stazzaDellaMadonnaTroia","stato":"ONLINE","timestamp":"2026-08-14T11:59:59.258295404Z","tipoEvento":"HEARTBEAT","bufferSize":0}
2026-08-14 14:00:09,258 INFO  [it.uni.reti2.HeartbeatGenerator] (executor-thread-1) 💓 [HEARTBEAT] Invio heartbeat: {"stazioneId":"stazzaDellaMadonnaTroia","stato":"ONLINE","timestamp":"2026-08-14T12:00:09.258017068Z","tipoEvento":"HEARTBEAT","bufferSize":0}
2026-08-14 14:00:19,257 INFO  [it.uni.reti2.HeartbeatGenerator] (executor-thread-1) 💓 [HEARTBEAT] Invio heartbeat: {"stazioneId":"stazzaDellaMadonnaTroia","stato":"ONLINE","timestamp":"2026-08-14T12:00:19.257844655Z","tipoEvento":"HEARTBEAT","bufferSize":0}
2026-08-14 14:00:29,258 INFO  [it.uni.reti2.HeartbeatGenerator] (executor-thread-1) 💓 [HEARTBEAT] Invio heartbeat: {"stazioneId":"stazzaDellaMadonnaTroia","stato":"ONLINE","timestamp":"2026-08-14T12:00:29.258224083Z","tipoEvento":"HEARTBEAT","bufferSize":0}
2026-08-14 14:00:39,258 INFO  [it.uni.reti2.HeartbeatGenerator] (executor-thread-1) 💓 [HEARTBEAT] Invio heartbeat: {"stazioneId":"stazzaDellaMadonnaTroia","stato":"ONLINE","timestamp":"2026-08-14T12:00:39.258069119Z","tipoEvento":"HEARTBEAT","bufferSize":0}
2026-08-14 14:00:49,258 INFO  [it.uni.reti2.HeartbeatGenerator] (executor-thread-1) 💓 [HEARTBEAT] Invio heartbeat: {"stazioneId":"stazzaDellaMadonnaTroia","stato":"ONLINE","timestamp":"2026-08-14T12:00:49.257989306Z","tipoEvento":"HEARTBEAT","bufferSize":0}
2026-08-14 14:00:59,258 INFO  [it.uni.reti2.HeartbeatGenerator] (executor-thread-1) 💓 [HEARTBEAT] Invio heartbeat: {"stazioneId":"stazzaDellaMadonnaTroia","stato":"ONLINE","timestamp":"2026-08-14T12:00:59.258116910Z","tipoEvento":"HEARTBEAT","bufferSize":0}
2026-08-14 14:01:09,257 INFO  [it.uni.reti2.HeartbeatGenerator] (executor-thread-1) 💓 [HEARTBEAT] Invio heartbeat: {"stazioneId":"stazzaDellaMadonnaTroia","stato":"ONLINE","timestamp":"2026-08-14T12:01:09.257888694Z","tipoEvento":"HEARTBEAT","bufferSize":0}
2026-08-14 14:01:19,258 INFO  [it.uni.reti2.HeartbeatGenerator] (executor-thread-1) 💓 [HEARTBEAT] Invio heartbeat: {"stazioneId":"stazzaDellaMadonnaTroia","stato":"ONLINE","timestamp":"2026-08-14T12:01:19.258048852Z","tipoEvento":"HEARTBEAT","bufferSize":0}
2026-08-14 14:01:29,258 INFO  [it.uni.reti2.HeartbeatGenerator] (executor-thread-1) 💓 [HEARTBEAT] Invio heartbeat: {"stazioneId":"stazzaDellaMadonnaTroia","stato":"ONLINE","timestamp":"2026-08-14T12:01:29.258288013Z","tipoEvento":"HEARTBEAT","bufferSize":0}
2026-08-14 14:01:39,258 INFO  [it.uni.reti2.HeartbeatGenerator] (executor-thread-1) 💓 [HEARTBEAT] Invio heartbeat: {"stazioneId":"stazzaDellaMadonnaTroia","stato":"ONLINE","timestamp":"2026-08-14T12:01:39.258333236Z","tipoEvento":"HEARTBEAT","bufferSize":0}
2026-08-14 14:01:49,258 INFO  [it.uni.reti2.HeartbeatGenerator] (executor-thread-1) 💓 [HEARTBEAT] Invio heartbeat: {"stazioneId":"stazzaDellaMadonnaTroia","stato":"ONLINE","timestamp":"2026-08-14T12:01:49.258274070Z","tipoEvento":"HEARTBEAT","bufferSize":0}
2026-08-14 14:01:59,258 INFO  [it.uni.reti2.HeartbeatGenerator] (executor-thread-1) 💓 [HEARTBEAT] Invio heartbeat: {"stazioneId":"stazzaDellaMadonnaTroia","stato":"ONLINE","timestamp":"2026-08-14T12:01:59.258411156Z","tipoEvento":"HEARTBEAT","bufferSize":0}
2026-08-14 14:02:09,257 INFO  [it.uni.reti2.HeartbeatGenerator] (executor-thread-1) 💓 [HEARTBEAT] Invio heartbeat: {"stazioneId":"stazzaDellaMadonnaTroia","stato":"ONLINE","timestamp":"2026-08-14T12:02:09.257843737Z","tipoEvento":"HEARTBEAT","bufferSize":0}
2026-08-14 14:02:19,258 INFO  [it.uni.reti2.HeartbeatGenerator] (executor-thread-1) 💓 [HEARTBEAT] Invio heartbeat: {"stazioneId":"stazzaDellaMadonnaTroia","stato":"ONLINE","timestamp":"2026-08-14T12:02:19.258248603Z","tipoEvento":"HEARTBEAT","bufferSize":0}
2026-08-14 14:02:29,258 INFO  [it.uni.reti2.HeartbeatGenerator] (executor-thread-1) 💓 [HEARTBEAT] Invio heartbeat: {"stazioneId":"stazzaDellaMadonnaTroia","stato":"ONLINE","timestamp":"2026-08-14T12:02:29.257909840Z","tipoEvento":"HEARTBEAT","bufferSize":0}
2026-08-14 14:02:35,148 INFO  [it.uni.reti2.StationGateway] (vert.x-eventloop-thread-3) 🚂 [PASSAGGIO] Treno tenoAmmazzaRicchi in ENTRATA dalla stazione stazzaDellaMadonnaTroia
2026-08-14 14:02:39,257 INFO  [it.uni.reti2.HeartbeatGenerator] (executor-thread-1) 💓 [HEARTBEAT] Invio heartbeat: {"stazioneId":"stazzaDellaMadonnaTroia","stato":"ONLINE","timestamp":"2026-08-14T12:02:39.257942691Z","tipoEvento":"HEARTBEAT","bufferSize":0}
2026-08-14 14:02:49,258 INFO  [it.uni.reti2.HeartbeatGenerator] (executor-thread-1) 💓 [HEARTBEAT] Invio heartbeat: {"stazioneId":"stazzaDellaMadonnaTroia","stato":"ONLINE","timestamp":"2026-08-14T12:02:49.257968912Z","tipoEvento":"HEARTBEAT","bufferSize":0}
2026-08-14 14:02:59,258 INFO  [it.uni.reti2.HeartbeatGenerator] (executor-thread-1) 💓 [HEARTBEAT] Invio heartbeat: {"stazioneId":"stazzaDellaMadonnaTroia","stato":"ONLINE","timestamp":"2026-08-14T12:02:59.258317507Z","tipoEvento":"HEARTBEAT","bufferSize":0}
2026-08-14 14:03:09,258 INFO  [it.uni.reti2.HeartbeatGenerator] (executor-thread-1) 💓 [HEARTBEAT] Invio heartbeat: {"stazioneId":"stazzaDellaMadonnaTroia","stato":"ONLINE","timestamp":"2026-08-14T12:03:09.258302587Z","tipoEvento":"HEARTBEAT","bufferSize":0}
2026-08-14 14:03:16,148 INFO  [it.uni.reti2.StationGateway] (vert.x-eventloop-thread-3) 🚂 [PASSAGGIO] Treno tenoAmmazzaRicchi in USCITA dalla stazione stazzaDellaMadonnaTroia
2026-08-14 14:03:19,258 INFO  [it.uni.reti2.HeartbeatGenerator] (executor-thread-1) 💓 [HEARTBEAT] Invio heartbeat: {"stazioneId":"stazzaDellaMadonnaTroia","stato":"ONLINE","timestamp":"2026-08-14T12:03:19.258100788Z","tipoEvento":"HEARTBEAT","bufferSize":0}
2026-08-14 14:03:29,258 INFO  [it.uni.reti2.HeartbeatGenerator] (executor-thread-1) 💓 [HEARTBEAT] Invio heartbeat: {"stazioneId":"stazzaDellaMadonnaTroia","stato":"ONLINE","timestamp":"2026-08-14T12:03:29.258301844Z","tipoEvento":"HEARTBEAT","bufferSize":0}
2026-08-14 14:03:39,258 INFO  [it.uni.reti2.HeartbeatGenerator] (executor-thread-1) 💓 [HEARTBEAT] Invio heartbeat: {"stazioneId":"stazzaDellaMadonnaTroia","stato":"ONLINE","timestamp":"2026-08-14T12:03:39.258146047Z","tipoEvento":"HEARTBEAT","bufferSize":0}
2026-08-14 14:03:49,257 INFO  [it.uni.reti2.HeartbeatGenerator] (executor-thread-1) 💓 [HEARTBEAT] Invio heartbeat: {"stazioneId":"stazzaDellaMadonnaTroia","stato":"ONLINE","timestamp":"2026-08-14T12:03:49.257865584Z","tipoEvento":"HEARTBEAT","bufferSize":0}
2026-08-14 14:03:59,257 INFO  [it.uni.reti2.HeartbeatGenerator] (executor-thread-1) 💓 [HEARTBEAT] Invio heartbeat: {"stazioneId":"stazzaDellaMadonnaTroia","stato":"ONLINE","timestamp":"2026-08-14T12:03:59.257725850Z","tipoEvento":"HEARTBEAT","bufferSize":0}
2026-08-14 14:04:09,257 INFO  [it.uni.reti2.HeartbeatGenerator] (executor-thread-1) 💓 [HEARTBEAT] Invio heartbeat: {"stazioneId":"stazzaDellaMadonnaTroia","stato":"ONLINE","timestamp":"2026-08-14T12:04:09.257808316Z","tipoEvento":"HEARTBEAT","bufferSize":0}
2026-08-14 14:04:19,257 INFO  [it.uni.reti2.HeartbeatGenerator] (executor-thread-1) 💓 [HEARTBEAT] Invio heartbeat: {"stazioneId":"stazzaDellaMadonnaTroia","stato":"ONLINE","timestamp":"2026-08-14T12:04:19.257772318Z","tipoEvento":"HEARTBEAT","bufferSize":0}
2026-08-14 14:04:29,257 INFO  [it.uni.reti2.HeartbeatGenerator] (executor-thread-1) 💓 [HEARTBEAT] Invio heartbeat: {"stazioneId":"stazzaDellaMadonnaTroia","stato":"ONLINE","timestamp":"2026-08-14T12:04:29.257733334Z","tipoEvento":"HEARTBEAT","bufferSize":0}
2026-08-14 14:04:39,257 INFO  [it.uni.reti2.HeartbeatGenerator] (executor-thread-1) 💓 [HEARTBEAT] Invio heartbeat: {"stazioneId":"stazzaDellaMadonnaTroia","stato":"ONLINE","timestamp":"2026-08-14T12:04:39.257799658Z","tipoEvento":"HEARTBEAT","bufferSize":0}
2026-08-14 14:04:49,257 INFO  [it.uni.reti2.HeartbeatGenerator] (executor-thread-1) 💓 [HEARTBEAT] Invio heartbeat: {"stazioneId":"stazzaDellaMadonnaTroia","stato":"ONLINE","timestamp":"2026-08-14T12:04:49.257815468Z","tipoEvento":"HEARTBEAT","bufferSize":0}
2026-08-14 14:04:59,257 INFO  [it.uni.reti2.HeartbeatGenerator] (executor-thread-1) 💓 [HEARTBEAT] Invio heartbeat: {"stazioneId":"stazzaDellaMadonnaTroia","stato":"ONLINE","timestamp":"2026-08-14T12:04:59.257854204Z","tipoEvento":"HEARTBEAT","bufferSize":0}
2026-08-14 14:05:09,258 INFO  [it.uni.reti2.HeartbeatGenerator] (executor-thread-1) 💓 [HEARTBEAT] Invio heartbeat: {"stazioneId":"stazzaDellaMadonnaTroia","stato":"ONLINE","timestamp":"2026-08-14T12:05:09.258304359Z","tipoEvento":"HEARTBEAT","bufferSize":0}
2026-08-14 14:05:19,258 INFO  [it.uni.reti2.HeartbeatGenerator] (executor-thread-1) 💓 [HEARTBEAT] Invio heartbeat: {"stazioneId":"stazzaDellaMadonnaTroia","stato":"ONLINE","timestamp":"2026-08-14T12:05:19.258309559Z","tipoEvento":"HEARTBEAT","bufferSize":0}
2026-08-14 14:05:29,258 INFO  [it.uni.reti2.HeartbeatGenerator] (executor-thread-1) 💓 [HEARTBEAT] Invio heartbeat: {"stazioneId":"stazzaDellaMadonnaTroia","stato":"ONLINE","timestamp":"2026-08-14T12:05:29.258252379Z","tipoEvento":"HEARTBEAT","bufferSize":0}
2026-08-14 14:05:39,257 INFO  [it.uni.reti2.HeartbeatGenerator] (executor-thread-1) 💓 [HEARTBEAT] Invio heartbeat: {"stazioneId":"stazzaDellaMadonnaTroia","stato":"ONLINE","timestamp":"2026-08-14T12:05:39.257891980Z","tipoEvento":"HEARTBEAT","bufferSize":0}
2026-08-14 14:05:49,258 INFO  [it.uni.reti2.HeartbeatGenerator] (executor-thread-1) 💓 [HEARTBEAT] Invio heartbeat: {"stazioneId":"stazzaDellaMadonnaTroia","stato":"ONLINE","timestamp":"2026-08-14T12:05:49.258316923Z","tipoEvento":"HEARTBEAT","bufferSize":0}
2026-08-14 14:05:59,258 INFO  [it.uni.reti2.HeartbeatGenerator] (executor-thread-1) 💓 [HEARTBEAT] Invio heartbeat: {"stazioneId":"stazzaDellaMadonnaTroia","stato":"ONLINE","timestamp":"2026-08-14T12:05:59.258304603Z","tipoEvento":"HEARTBEAT","bufferSize":0}
2026-08-14 14:06:09,258 INFO  [it.uni.reti2.HeartbeatGenerator] (executor-thread-1) 💓 [HEARTBEAT] Invio heartbeat: {"stazioneId":"stazzaDellaMadonnaTroia","stato":"ONLINE","timestamp":"2026-08-14T12:06:09.258324798Z","tipoEvento":"HEARTBEAT","bufferSize":0}
2026-08-14 14:06:19,258 INFO  [it.uni.reti2.HeartbeatGenerator] (executor-thread-1) 💓 [HEARTBEAT] Invio heartbeat: {"stazioneId":"stazzaDellaMadonnaTroia","stato":"ONLINE","timestamp":"2026-08-14T12:06:19.257980156Z","tipoEvento":"HEARTBEAT","bufferSize":0}
2026-08-14 14:06:29,258 INFO  [it.uni.reti2.HeartbeatGenerator] (executor-thread-1) 💓 [HEARTBEAT] Invio heartbeat: {"stazioneId":"stazzaDellaMadonnaTroia","stato":"ONLINE","timestamp":"2026-08-14T12:06:29.258428396Z","tipoEvento":"HEARTBEAT","bufferSize":0}
2026-08-14 14:06:39,257 INFO  [it.uni.reti2.HeartbeatGenerator] (executor-thread-1) 💓 [HEARTBEAT] Invio heartbeat: {"stazioneId":"stazzaDellaMadonnaTroia","stato":"ONLINE","timestamp":"2026-08-14T12:06:39.257888526Z","tipoEvento":"HEARTBEAT","bufferSize":0}
2026-08-14 14:06:49,257 INFO  [it.uni.reti2.HeartbeatGenerator] (executor-thread-1) 💓 [HEARTBEAT] Invio heartbeat: {"stazioneId":"stazzaDellaMadonnaTroia","stato":"ONLINE","timestamp":"2026-08-14T12:06:49.257941480Z","tipoEvento":"HEARTBEAT","bufferSize":0}
2026-08-14 14:06:59,258 INFO  [it.uni.reti2.HeartbeatGenerator] (executor-thread-1) 💓 [HEARTBEAT] Invio heartbeat: {"stazioneId":"stazzaDellaMadonnaTroia","stato":"ONLINE","timestamp":"2026-08-14T12:06:59.258153236Z","tipoEvento":"HEARTBEAT","bufferSize":0}
2026-08-14 14:07:09,257 INFO  [it.uni.reti2.HeartbeatGenerator] (executor-thread-1) 💓 [HEARTBEAT] Invio heartbeat: {"stazioneId":"stazzaDellaMadonnaTroia","stato":"ONLINE","timestamp":"2026-08-14T12:07:09.257817731Z","tipoEvento":"HEARTBEAT","bufferSize":0}
2026-08-14 14:07:19,258 INFO  [it.uni.reti2.HeartbeatGenerator] (executor-thread-1) 💓 [HEARTBEAT] Invio heartbeat: {"stazioneId":"stazzaDellaMadonnaTroia","stato":"ONLINE","timestamp":"2026-08-14T12:07:19.257995282Z","tipoEvento":"HEARTBEAT","bufferSize":0}
2026-08-14 14:07:29,258 INFO  [it.uni.reti2.HeartbeatGenerator] (executor-thread-1) 💓 [HEARTBEAT] Invio heartbeat: {"stazioneId":"stazzaDellaMadonnaTroia","stato":"ONLINE","timestamp":"2026-08-14T12:07:29.258246295Z","tipoEvento":"HEARTBEAT","bufferSize":0}
2026-08-14 14:07:39,258 INFO  [it.uni.reti2.HeartbeatGenerator] (executor-thread-1) 💓 [HEARTBEAT] Invio heartbeat: {"stazioneId":"stazzaDellaMadonnaTroia","stato":"ONLINE","timestamp":"2026-08-14T12:07:39.258025008Z","tipoEvento":"HEARTBEAT","bufferSize":0}
2026-08-14 14:07:49,257 INFO  [it.uni.reti2.HeartbeatGenerator] (executor-thread-1) 💓 [HEARTBEAT] Invio heartbeat: {"stazioneId":"stazzaDellaMadonnaTroia","stato":"ONLINE","timestamp":"2026-08-14T12:07:49.257857489Z","tipoEvento":"HEARTBEAT","bufferSize":0}
2026-08-14 14:07:51,147 INFO  [it.uni.reti2.StationGateway] (vert.x-eventloop-thread-3) 🚂 [PASSAGGIO] Treno Mario in ENTRATA dalla stazione stazzaDellaMadonnaTroia
2026-08-14 14:07:59,257 INFO  [it.uni.reti2.HeartbeatGenerator] (executor-thread-1) 💓 [HEARTBEAT] Invio heartbeat: {"stazioneId":"stazzaDellaMadonnaTroia","stato":"ONLINE","timestamp":"2026-08-14T12:07:59.257863607Z","tipoEvento":"HEARTBEAT","bufferSize":0}
2026-08-14 14:08:09,257 INFO  [it.uni.reti2.HeartbeatGenerator] (executor-thread-1) 💓 [HEARTBEAT] Invio heartbeat: {"stazioneId":"stazzaDellaMadonnaTroia","stato":"ONLINE","timestamp":"2026-08-14T12:08:09.257877731Z","tipoEvento":"HEARTBEAT","bufferSize":0}
2026-08-14 14:08:11,147 INFO  [it.uni.reti2.StationGateway] (vert.x-eventloop-thread-3) 🚂 [PASSAGGIO] Treno Mario in USCITA dalla stazione stazzaDellaMadonnaTroia
2026-08-14 14:08:19,258 INFO  [it.uni.reti2.HeartbeatGenerator] (executor-thread-1) 💓 [HEARTBEAT] Invio heartbeat: {"stazioneId":"stazzaDellaMadonnaTroia","stato":"ONLINE","timestamp":"2026-08-14T12:08:19.258308509Z","tipoEvento":"HEARTBEAT","bufferSize":0}
2026-08-14 14:08:29,257 INFO  [it.uni.reti2.HeartbeatGenerator] (executor-thread-1) 💓 [HEARTBEAT] Invio heartbeat: {"stazioneId":"stazzaDellaMadonnaTroia","stato":"ONLINE","timestamp":"2026-08-14T12:08:29.257892912Z","tipoEvento":"HEARTBEAT","bufferSize":0}
2026-08-14 14:08:39,258 INFO  [it.uni.reti2.HeartbeatGenerator] (executor-thread-1) 💓 [HEARTBEAT] Invio heartbeat: {"stazioneId":"stazzaDellaMadonnaTroia","stato":"ONLINE","timestamp":"2026-08-14T12:08:39.257915319Z","tipoEvento":"HEARTBEAT","bufferSize":0}
2026-08-14 14:08:49,258 INFO  [it.uni.reti2.HeartbeatGenerator] (executor-thread-1) 💓 [HEARTBEAT] Invio heartbeat: {"stazioneId":"stazzaDellaMadonnaTroia","stato":"ONLINE","timestamp":"2026-08-14T12:08:49.258353311Z","tipoEvento":"HEARTBEAT","bufferSize":0}
2026-08-14 14:08:59,258 INFO  [it.uni.reti2.HeartbeatGenerator] (executor-thread-1) 💓 [HEARTBEAT] Invio heartbeat: {"stazioneId":"stazzaDellaMadonnaTroia","stato":"ONLINE","timestamp":"2026-08-14T12:08:59.258350405Z","tipoEvento":"HEARTBEAT","bufferSize":0}
2026-08-14 14:09:09,258 INFO  [it.uni.reti2.HeartbeatGenerator] (executor-thread-1) 💓 [HEARTBEAT] Invio heartbeat: {"stazioneId":"stazzaDellaMadonnaTroia","stato":"ONLINE","timestamp":"2026-08-14T12:09:09.258351275Z","tipoEvento":"HEARTBEAT","bufferSize":0}
2026-08-14 14:09:19,258 INFO  [it.uni.reti2.HeartbeatGenerator] (executor-thread-1) 💓 [HEARTBEAT] Invio heartbeat: {"stazioneId":"stazzaDellaMadonnaTroia","stato":"ONLINE","timestamp":"2026-08-14T12:09:19.258310438Z","tipoEvento":"HEARTBEAT","bufferSize":0}
2026-08-14 14:09:29,257 INFO  [it.uni.reti2.HeartbeatGenerator] (executor-thread-1) 💓 [HEARTBEAT] Invio heartbeat: {"stazioneId":"stazzaDellaMadonnaTroia","stato":"ONLINE","timestamp":"2026-08-14T12:09:29.257833649Z","tipoEvento":"HEARTBEAT","bufferSize":0}
2026-08-14 14:09:39,258 INFO  [it.uni.reti2.HeartbeatGenerator] (executor-thread-1) 💓 [HEARTBEAT] Invio heartbeat: {"stazioneId":"stazzaDellaMadonnaTroia","stato":"ONLINE","timestamp":"2026-08-14T12:09:39.257901889Z","tipoEvento":"HEARTBEAT","bufferSize":0}
2026-08-14 14:09:49,258 INFO  [it.uni.reti2.HeartbeatGenerator] (executor-thread-1) 💓 [HEARTBEAT] Invio heartbeat: {"stazioneId":"stazzaDellaMadonnaTroia","stato":"ONLINE","timestamp":"2026-08-14T12:09:49.257997414Z","tipoEvento":"HEARTBEAT","bufferSize":0}
2026-08-14 14:09:59,257 INFO  [it.uni.reti2.HeartbeatGenerator] (executor-thread-1) 💓 [HEARTBEAT] Invio heartbeat: {"stazioneId":"stazzaDellaMadonnaTroia","stato":"ONLINE","timestamp":"2026-08-14T12:09:59.257948245Z","tipoEvento":"HEARTBEAT","bufferSize":0}
2026-08-14 14:10:09,258 INFO  [it.uni.reti2.HeartbeatGenerator] (executor-thread-1) 💓 [HEARTBEAT] Invio heartbeat: {"stazioneId":"stazzaDellaMadonnaTroia","stato":"ONLINE","timestamp":"2026-08-14T12:10:09.258315868Z","tipoEvento":"HEARTBEAT","bufferSize":0}
2026-08-14 14:10:19,257 INFO  [it.uni.reti2.HeartbeatGenerator] (executor-thread-1) 💓 [HEARTBEAT] Invio heartbeat: {"stazioneId":"stazzaDellaMadonnaTroia","stato":"ONLINE","timestamp":"2026-08-14T12:10:19.257847592Z","tipoEvento":"HEARTBEAT","bufferSize":0}
2026-08-14 14:10:29,258 INFO  [it.uni.reti2.HeartbeatGenerator] (executor-thread-1) 💓 [HEARTBEAT] Invio heartbeat: {"stazioneId":"stazzaDellaMadonnaTroia","stato":"ONLINE","timestamp":"2026-08-14T12:10:29.258293582Z","tipoEvento":"HEARTBEAT","bufferSize":0}
2026-08-14 14:10:39,258 INFO  [it.uni.reti2.HeartbeatGenerator] (executor-thread-1) 💓 [HEARTBEAT] Invio heartbeat: {"stazioneId":"stazzaDellaMadonnaTroia","stato":"ONLINE","timestamp":"2026-08-14T12:10:39.257982250Z","tipoEvento":"HEARTBEAT","bufferSize":0}
2026-08-14 14:10:49,258 INFO  [it.uni.reti2.HeartbeatGenerator] (executor-thread-1) 💓 [HEARTBEAT] Invio heartbeat: {"stazioneId":"stazzaDellaMadonnaTroia","stato":"ONLINE","timestamp":"2026-08-14T12:10:49.257967959Z","tipoEvento":"HEARTBEAT","bufferSize":0}
2026-08-14 14:10:59,258 INFO  [it.uni.reti2.HeartbeatGenerator] (executor-thread-1) 💓 [HEARTBEAT] Invio heartbeat: {"stazioneId":"stazzaDellaMadonnaTroia","stato":"ONLINE","timestamp":"2026-08-14T12:10:59.257963216Z","tipoEvento":"HEARTBEAT","bufferSize":0}
2026-08-14 14:11:09,258 INFO  [it.uni.reti2.HeartbeatGenerator] (executor-thread-1) 💓 [HEARTBEAT] Invio heartbeat: {"stazioneId":"stazzaDellaMadonnaTroia","stato":"ONLINE","timestamp":"2026-08-14T12:11:09.258297946Z","tipoEvento":"HEARTBEAT","bufferSize":0}
2026-08-14 14:11:19,258 INFO  [it.uni.reti2.HeartbeatGenerator] (executor-thread-1) 💓 [HEARTBEAT] Invio heartbeat: {"stazioneId":"stazzaDellaMadonnaTroia","stato":"ONLINE","timestamp":"2026-08-14T12:11:19.258324879Z","tipoEvento":"HEARTBEAT","bufferSize":0}
2026-08-14 14:11:29,258 INFO  [it.uni.reti2.HeartbeatGenerator] (executor-thread-1) 💓 [HEARTBEAT] Invio heartbeat: {"stazioneId":"stazzaDellaMadonnaTroia","stato":"ONLINE","timestamp":"2026-08-14T12:11:29.257964220Z","tipoEvento":"HEARTBEAT","bufferSize":0}
2026-08-14 14:11:39,257 INFO  [it.uni.reti2.HeartbeatGenerator] (executor-thread-1) 💓 [HEARTBEAT] Invio heartbeat: {"stazioneId":"stazzaDellaMadonnaTroia","stato":"ONLINE","timestamp":"2026-08-14T12:11:39.257874906Z","tipoEvento":"HEARTBEAT","bufferSize":0}
2026-08-14 14:11:49,258 INFO  [it.uni.reti2.HeartbeatGenerator] (executor-thread-1) 💓 [HEARTBEAT] Invio heartbeat: {"stazioneId":"stazzaDellaMadonnaTroia","stato":"ONLINE","timestamp":"2026-08-14T12:11:49.258131463Z","tipoEvento":"HEARTBEAT","bufferSize":0}
2026-08-14 14:11:53,148 INFO  [it.uni.reti2.StationGateway] (vert.x-eventloop-thread-3) 🚂 [PASSAGGIO] Treno Mario in ENTRATA dalla stazione stazzaDellaMadonnaTroia
2026-08-14 14:11:59,258 INFO  [it.uni.reti2.HeartbeatGenerator] (executor-thread-1) 💓 [HEARTBEAT] Invio heartbeat: {"stazioneId":"stazzaDellaMadonnaTroia","stato":"ONLINE","timestamp":"2026-08-14T12:11:59.258375902Z","tipoEvento":"HEARTBEAT","bufferSize":0}
2026-08-14 14:12:09,257 INFO  [it.uni.reti2.HeartbeatGenerator] (executor-thread-1) 💓 [HEARTBEAT] Invio heartbeat: {"stazioneId":"stazzaDellaMadonnaTroia","stato":"ONLINE","timestamp":"2026-08-14T12:12:09.257888527Z","tipoEvento":"HEARTBEAT","bufferSize":0}
2026-08-14 14:12:14,147 INFO  [it.uni.reti2.StationGateway] (vert.x-eventloop-thread-3) 🚂 [PASSAGGIO] Treno Mario in USCITA dalla stazione stazzaDellaMadonnaTroia
2026-08-14 14:12:19,257 INFO  [it.uni.reti2.HeartbeatGenerator] (executor-thread-1) 💓 [HEARTBEAT] Invio heartbeat: {"stazioneId":"stazzaDellaMadonnaTroia","stato":"ONLINE","timestamp":"2026-08-14T12:12:19.257776251Z","tipoEvento":"HEARTBEAT","bufferSize":0}
2026-08-14 14:12:29,257 INFO  [it.uni.reti2.HeartbeatGenerator] (executor-thread-1) 💓 [HEARTBEAT] Invio heartbeat: {"stazioneId":"stazzaDellaMadonnaTroia","stato":"ONLINE","timestamp":"2026-08-14T12:12:29.257771011Z","tipoEvento":"HEARTBEAT","bufferSize":0}
2026-08-14 14:12:39,257 INFO  [it.uni.reti2.HeartbeatGenerator] (executor-thread-1) 💓 [HEARTBEAT] Invio heartbeat: {"stazioneId":"stazzaDellaMadonnaTroia","stato":"ONLINE","timestamp":"2026-08-14T12:12:39.257799601Z","tipoEvento":"HEARTBEAT","bufferSize":0}
2026-08-14 14:12:49,258 INFO  [it.uni.reti2.HeartbeatGenerator] (executor-thread-1) 💓 [HEARTBEAT] Invio heartbeat: {"stazioneId":"stazzaDellaMadonnaTroia","stato":"ONLINE","timestamp":"2026-08-14T12:12:49.258531029Z","tipoEvento":"HEARTBEAT","bufferSize":0}
2026-08-14 14:12:59,257 INFO  [it.uni.reti2.HeartbeatGenerator] (executor-thread-1) 💓 [HEARTBEAT] Invio heartbeat: {"stazioneId":"stazzaDellaMadonnaTroia","stato":"ONLINE","timestamp":"2026-08-14T12:12:59.257805767Z","tipoEvento":"HEARTBEAT","bufferSize":0}
2026-08-14 14:13:09,258 INFO  [it.uni.reti2.HeartbeatGenerator] (executor-thread-1) 💓 [HEARTBEAT] Invio heartbeat: {"stazioneId":"stazzaDellaMadonnaTroia","stato":"ONLINE","timestamp":"2026-08-14T12:13:09.258289603Z","tipoEvento":"HEARTBEAT","bufferSize":0}
2026-08-14 14:13:19,258 INFO  [it.uni.reti2.HeartbeatGenerator] (executor-thread-1) 💓 [HEARTBEAT] Invio heartbeat: {"stazioneId":"stazzaDellaMadonnaTroia","stato":"ONLINE","timestamp":"2026-08-14T12:13:19.258208480Z","tipoEvento":"HEARTBEAT","bufferSize":0}
2026-08-14 14:13:29,257 INFO  [it.uni.reti2.HeartbeatGenerator] (executor-thread-1) 💓 [HEARTBEAT] Invio heartbeat: {"stazioneId":"stazzaDellaMadonnaTroia","stato":"ONLINE","timestamp":"2026-08-14T12:13:29.257860363Z","tipoEvento":"HEARTBEAT","bufferSize":0}
2026-08-14 14:13:39,257 INFO  [it.uni.reti2.HeartbeatGenerator] (executor-thread-1) 💓 [HEARTBEAT] Invio heartbeat: {"stazioneId":"stazzaDellaMadonnaTroia","stato":"ONLINE","timestamp":"2026-08-14T12:13:39.257908217Z","tipoEvento":"HEARTBEAT","bufferSize":0}
2026-08-14 14:13:49,257 INFO  [it.uni.reti2.HeartbeatGenerator] (executor-thread-1) 💓 [HEARTBEAT] Invio heartbeat: {"stazioneId":"stazzaDellaMadonnaTroia","stato":"ONLINE","timestamp":"2026-08-14T12:13:49.257951918Z","tipoEvento":"HEARTBEAT","bufferSize":0}
2026-08-14 14:13:59,258 INFO  [it.uni.reti2.HeartbeatGenerator] (executor-thread-1) 💓 [HEARTBEAT] Invio heartbeat: {"stazioneId":"stazzaDellaMadonnaTroia","stato":"ONLINE","timestamp":"2026-08-14T12:13:59.257927102Z","tipoEvento":"HEARTBEAT","bufferSize":0}
2026-08-14 14:14:09,259 INFO  [it.uni.reti2.HeartbeatGenerator] (executor-thread-1) 💓 [HEARTBEAT] Invio heartbeat: {"stazioneId":"stazzaDellaMadonnaTroia","stato":"ONLINE","timestamp":"2026-08-14T12:14:09.258967142Z","tipoEvento":"HEARTBEAT","bufferSize":0}
2026-08-14 14:14:19,257 INFO  [it.uni.reti2.HeartbeatGenerator] (executor-thread-1) 💓 [HEARTBEAT] Invio heartbeat: {"stazioneId":"stazzaDellaMadonnaTroia","stato":"ONLINE","timestamp":"2026-08-14T12:14:19.257856493Z","tipoEvento":"HEARTBEAT","bufferSize":0}
2026-08-14 14:14:24,157 INFO  [it.uni.reti2.StationGateway] (vert.x-eventloop-thread-3) 🚂 [PASSAGGIO] Treno tenoAmmazzaRicchi in ENTRATA dalla stazione stazzaDellaMadonnaTroia
2026-08-14 14:14:29,258 INFO  [it.uni.reti2.HeartbeatGenerator] (executor-thread-1) 💓 [HEARTBEAT] Invio heartbeat: {"stazioneId":"stazzaDellaMadonnaTroia","stato":"ONLINE","timestamp":"2026-08-14T12:14:29.258305787Z","tipoEvento":"HEARTBEAT","bufferSize":0}
2026-08-14 14:14:39,258 INFO  [it.uni.reti2.HeartbeatGenerator] (executor-thread-1) 💓 [HEARTBEAT] Invio heartbeat: {"stazioneId":"stazzaDellaMadonnaTroia","stato":"ONLINE","timestamp":"2026-08-14T12:14:39.257896216Z","tipoEvento":"HEARTBEAT","bufferSize":0}
2026-08-14 14:14:49,257 INFO  [it.uni.reti2.HeartbeatGenerator] (executor-thread-1) 💓 [HEARTBEAT] Invio heartbeat: {"stazioneId":"stazzaDellaMadonnaTroia","stato":"ONLINE","timestamp":"2026-08-14T12:14:49.257861074Z","tipoEvento":"HEARTBEAT","bufferSize":0}
2026-08-14 14:14:59,258 INFO  [it.uni.reti2.HeartbeatGenerator] (executor-thread-1) 💓 [HEARTBEAT] Invio heartbeat: {"stazioneId":"stazzaDellaMadonnaTroia","stato":"ONLINE","timestamp":"2026-08-14T12:14:59.258152836Z","tipoEvento":"HEARTBEAT","bufferSize":0}
2026-08-14 14:15:04,148 INFO  [it.uni.reti2.StationGateway] (vert.x-eventloop-thread-3) 🚂 [PASSAGGIO] Treno tenoAmmazzaRicchi in USCITA dalla stazione stazzaDellaMadonnaTroia
2026-08-14 14:15:09,258 INFO  [it.uni.reti2.HeartbeatGenerator] (executor-thread-1) 💓 [HEARTBEAT] Invio heartbeat: {"stazioneId":"stazzaDellaMadonnaTroia","stato":"ONLINE","timestamp":"2026-08-14T12:15:09.258143254Z","tipoEvento":"HEARTBEAT","bufferSize":0}
2026-08-14 14:15:19,258 INFO  [it.uni.reti2.HeartbeatGenerator] (executor-thread-1) 💓 [HEARTBEAT] Invio heartbeat: {"stazioneId":"stazzaDellaMadonnaTroia","stato":"ONLINE","timestamp":"2026-08-14T12:15:19.258406934Z","tipoEvento":"HEARTBEAT","bufferSize":0}
2026-08-14 14:15:29,258 INFO  [it.uni.reti2.HeartbeatGenerator] (executor-thread-1) 💓 [HEARTBEAT] Invio heartbeat: {"stazioneId":"stazzaDellaMadonnaTroia","stato":"ONLINE","timestamp":"2026-08-14T12:15:29.258312483Z","tipoEvento":"HEARTBEAT","bufferSize":0}
2026-08-14 14:15:39,258 INFO  [it.uni.reti2.HeartbeatGenerator] (executor-thread-1) 💓 [HEARTBEAT] Invio heartbeat: {"stazioneId":"stazzaDellaMadonnaTroia","stato":"ONLINE","timestamp":"2026-08-14T12:15:39.258139427Z","tipoEvento":"HEARTBEAT","bufferSize":0}
2026-08-14 14:15:49,258 INFO  [it.uni.reti2.HeartbeatGenerator] (executor-thread-1) 💓 [HEARTBEAT] Invio heartbeat: {"stazioneId":"stazzaDellaMadonnaTroia","stato":"ONLINE","timestamp":"2026-08-14T12:15:49.258669817Z","tipoEvento":"HEARTBEAT","bufferSize":0}
2026-08-14 14:15:59,257 INFO  [it.uni.reti2.HeartbeatGenerator] (executor-thread-1) 💓 [HEARTBEAT] Invio heartbeat: {"stazioneId":"stazzaDellaMadonnaTroia","stato":"ONLINE","timestamp":"2026-08-14T12:15:59.257894770Z","tipoEvento":"HEARTBEAT","bufferSize":0}
2026-08-14 14:16:09,257 INFO  [it.uni.reti2.HeartbeatGenerator] (executor-thread-1) 💓 [HEARTBEAT] Invio heartbeat: {"stazioneId":"stazzaDellaMadonnaTroia","stato":"ONLINE","timestamp":"2026-08-14T12:16:09.257868954Z","tipoEvento":"HEARTBEAT","bufferSize":0}
2026-08-14 14:16:19,258 INFO  [it.uni.reti2.HeartbeatGenerator] (executor-thread-1) 💓 [HEARTBEAT] Invio heartbeat: {"stazioneId":"stazzaDellaMadonnaTroia","stato":"ONLINE","timestamp":"2026-08-14T12:16:19.257895032Z","tipoEvento":"HEARTBEAT","bufferSize":0}
2026-08-14 14:16:29,258 INFO  [it.uni.reti2.HeartbeatGenerator] (executor-thread-1) 💓 [HEARTBEAT] Invio heartbeat: {"stazioneId":"stazzaDellaMadonnaTroia","stato":"ONLINE","timestamp":"2026-08-14T12:16:29.258311252Z","tipoEvento":"HEARTBEAT","bufferSize":0}
2026-08-14 14:16:39,257 INFO  [it.uni.reti2.HeartbeatGenerator] (executor-thread-1) 💓 [HEARTBEAT] Invio heartbeat: {"stazioneId":"stazzaDellaMadonnaTroia","stato":"ONLINE","timestamp":"2026-08-14T12:16:39.257922077Z","tipoEvento":"HEARTBEAT","bufferSize":0}
2026-08-14 14:16:49,258 INFO  [it.uni.reti2.HeartbeatGenerator] (executor-thread-1) 💓 [HEARTBEAT] Invio heartbeat: {"stazioneId":"stazzaDellaMadonnaTroia","stato":"ONLINE","timestamp":"2026-08-14T12:16:49.258243331Z","tipoEvento":"HEARTBEAT","bufferSize":0}
2026-08-14 14:16:59,258 INFO  [it.uni.reti2.HeartbeatGenerator] (executor-thread-1) 💓 [HEARTBEAT] Invio heartbeat: {"stazioneId":"stazzaDellaMadonnaTroia","stato":"ONLINE","timestamp":"2026-08-14T12:16:59.258284151Z","tipoEvento":"HEARTBEAT","bufferSize":0}
2026-08-14 14:17:09,258 INFO  [it.uni.reti2.HeartbeatGenerator] (executor-thread-1) 💓 [HEARTBEAT] Invio heartbeat: {"stazioneId":"stazzaDellaMadonnaTroia","stato":"ONLINE","timestamp":"2026-08-14T12:17:09.258408403Z","tipoEvento":"HEARTBEAT","bufferSize":0}
2026-08-14 14:17:19,258 INFO  [it.uni.reti2.HeartbeatGenerator] (executor-thread-1) 💓 [HEARTBEAT] Invio heartbeat: {"stazioneId":"stazzaDellaMadonnaTroia","stato":"ONLINE","timestamp":"2026-08-14T12:17:19.258339741Z","tipoEvento":"HEARTBEAT","bufferSize":0}
2026-08-14 14:17:29,258 INFO  [it.uni.reti2.HeartbeatGenerator] (executor-thread-1) 💓 [HEARTBEAT] Invio heartbeat: {"stazioneId":"stazzaDellaMadonnaTroia","stato":"ONLINE","timestamp":"2026-08-14T12:17:29.258272134Z","tipoEvento":"HEARTBEAT","bufferSize":0}
2026-08-14 14:17:39,258 INFO  [it.uni.reti2.HeartbeatGenerator] (executor-thread-1) 💓 [HEARTBEAT] Invio heartbeat: {"stazioneId":"stazzaDellaMadonnaTroia","stato":"ONLINE","timestamp":"2026-08-14T12:17:39.258343574Z","tipoEvento":"HEARTBEAT","bufferSize":0}
2026-08-14 14:17:49,258 INFO  [it.uni.reti2.HeartbeatGenerator] (executor-thread-1) 💓 [HEARTBEAT] Invio heartbeat: {"stazioneId":"stazzaDellaMadonnaTroia","stato":"ONLINE","timestamp":"2026-08-14T12:17:49.258440778Z","tipoEvento":"HEARTBEAT","bufferSize":0}
2026-08-14 14:17:59,258 INFO  [it.uni.reti2.HeartbeatGenerator] (executor-thread-1) 💓 [HEARTBEAT] Invio heartbeat: {"stazioneId":"stazzaDellaMadonnaTroia","stato":"ONLINE","timestamp":"2026-08-14T12:17:59.258305125Z","tipoEvento":"HEARTBEAT","bufferSize":0}
2026-08-14 14:18:09,257 INFO  [it.uni.reti2.HeartbeatGenerator] (executor-thread-1) 💓 [HEARTBEAT] Invio heartbeat: {"stazioneId":"stazzaDellaMadonnaTroia","stato":"ONLINE","timestamp":"2026-08-14T12:18:09.257944207Z","tipoEvento":"HEARTBEAT","bufferSize":0}
2026-08-14 14:18:19,258 INFO  [it.uni.reti2.HeartbeatGenerator] (executor-thread-1) 💓 [HEARTBEAT] Invio heartbeat: {"stazioneId":"stazzaDellaMadonnaTroia","stato":"ONLINE","timestamp":"2026-08-14T12:18:19.258294450Z","tipoEvento":"HEARTBEAT","bufferSize":0}
2026-08-14 14:18:29,258 INFO  [it.uni.reti2.HeartbeatGenerator] (executor-thread-1) 💓 [HEARTBEAT] Invio heartbeat: {"stazioneId":"stazzaDellaMadonnaTroia","stato":"ONLINE","timestamp":"2026-08-14T12:18:29.257902220Z","tipoEvento":"HEARTBEAT","bufferSize":0}
2026-08-14 14:18:39,258 INFO  [it.uni.reti2.HeartbeatGenerator] (executor-thread-1) 💓 [HEARTBEAT] Invio heartbeat: {"stazioneId":"stazzaDellaMadonnaTroia","stato":"ONLINE","timestamp":"2026-08-14T12:18:39.258289952Z","tipoEvento":"HEARTBEAT","bufferSize":0}
2026-08-14 14:18:49,258 INFO  [it.uni.reti2.HeartbeatGenerator] (executor-thread-1) 💓 [HEARTBEAT] Invio heartbeat: {"stazioneId":"stazzaDellaMadonnaTroia","stato":"ONLINE","timestamp":"2026-08-14T12:18:49.258377991Z","tipoEvento":"HEARTBEAT","bufferSize":0}
2026-08-14 14:18:59,258 INFO  [it.uni.reti2.HeartbeatGenerator] (executor-thread-1) 💓 [HEARTBEAT] Invio heartbeat: {"stazioneId":"stazzaDellaMadonnaTroia","stato":"ONLINE","timestamp":"2026-08-14T12:18:59.257914371Z","tipoEvento":"HEARTBEAT","bufferSize":0}
2026-08-14 14:19:09,257 INFO  [it.uni.reti2.HeartbeatGenerator] (executor-thread-1) 💓 [HEARTBEAT] Invio heartbeat: {"stazioneId":"stazzaDellaMadonnaTroia","stato":"ONLINE","timestamp":"2026-08-14T12:19:09.257941198Z","tipoEvento":"HEARTBEAT","bufferSize":0}
2026-08-14 14:19:19,258 INFO  [it.uni.reti2.HeartbeatGenerator] (executor-thread-1) 💓 [HEARTBEAT] Invio heartbeat: {"stazioneId":"stazzaDellaMadonnaTroia","stato":"ONLINE","timestamp":"2026-08-14T12:19:19.258166227Z","tipoEvento":"HEARTBEAT","bufferSize":0}
2026-08-14 14:19:29,258 INFO  [it.uni.reti2.HeartbeatGenerator] (executor-thread-1) 💓 [HEARTBEAT] Invio heartbeat: {"stazioneId":"stazzaDellaMadonnaTroia","stato":"ONLINE","timestamp":"2026-08-14T12:19:29.258305734Z","tipoEvento":"HEARTBEAT","bufferSize":0}
2026-08-14 14:19:39,258 INFO  [it.uni.reti2.HeartbeatGenerator] (executor-thread-1) 💓 [HEARTBEAT] Invio heartbeat: {"stazioneId":"stazzaDellaMadonnaTroia","stato":"ONLINE","timestamp":"2026-08-14T12:19:39.257950315Z","tipoEvento":"HEARTBEAT","bufferSize":0}
2026-08-14 14:19:49,258 INFO  [it.uni.reti2.HeartbeatGenerator] (executor-thread-1) 💓 [HEARTBEAT] Invio heartbeat: {"stazioneId":"stazzaDellaMadonnaTroia","stato":"ONLINE","timestamp":"2026-08-14T12:19:49.258103529Z","tipoEvento":"HEARTBEAT","bufferSize":0}
2026-08-14 14:19:59,258 INFO  [it.uni.reti2.HeartbeatGenerator] (executor-thread-1) 💓 [HEARTBEAT] Invio heartbeat: {"stazioneId":"stazzaDellaMadonnaTroia","stato":"ONLINE","timestamp":"2026-08-14T12:19:59.258547715Z","tipoEvento":"HEARTBEAT","bufferSize":0}
2026-08-14 14:20:02,427 WARN  [it.uni.reti2.StationGateway] (vert.x-eventloop-thread-1) 🚨 [ALERT RICEVUTO] La Centrale dice: {"tipoEvento":"ITINERARIO_AGGIORNATO","target":"Genoveffa","timestamp":"2026-08-14T12:20:02.424339550Z"}
2026-08-14 14:20:09,257 INFO  [it.uni.reti2.HeartbeatGenerator] (executor-thread-1) 💓 [HEARTBEAT] Invio heartbeat: {"stazioneId":"stazzaDellaMadonnaTroia","stato":"ONLINE","timestamp":"2026-08-14T12:20:09.257898334Z","tipoEvento":"HEARTBEAT","bufferSize":0}
2026-08-14 14:20:19,258 INFO  [it.uni.reti2.HeartbeatGenerator] (executor-thread-1) 💓 [HEARTBEAT] Invio heartbeat: {"stazioneId":"stazzaDellaMadonnaTroia","stato":"ONLINE","timestamp":"2026-08-14T12:20:19.258279787Z","tipoEvento":"HEARTBEAT","bufferSize":0}
2026-08-14 14:20:29,257 INFO  [it.uni.reti2.HeartbeatGenerator] (executor-thread-1) 💓 [HEARTBEAT] Invio heartbeat: {"stazioneId":"stazzaDellaMadonnaTroia","stato":"ONLINE","timestamp":"2026-08-14T12:20:29.257849003Z","tipoEvento":"HEARTBEAT","bufferSize":0}
2026-08-14 14:20:39,258 INFO  [it.uni.reti2.HeartbeatGenerator] (executor-thread-1) 💓 [HEARTBEAT] Invio heartbeat: {"stazioneId":"stazzaDellaMadonnaTroia","stato":"ONLINE","timestamp":"2026-08-14T12:20:39.257968045Z","tipoEvento":"HEARTBEAT","bufferSize":0}
2026-08-14 14:20:49,257 INFO  [it.uni.reti2.HeartbeatGenerator] (executor-thread-1) 💓 [HEARTBEAT] Invio heartbeat: {"stazioneId":"stazzaDellaMadonnaTroia","stato":"ONLINE","timestamp":"2026-08-14T12:20:49.257842312Z","tipoEvento":"HEARTBEAT","bufferSize":0}
2026-08-14 14:20:59,258 INFO  [it.uni.reti2.HeartbeatGenerator] (executor-thread-1) 💓 [HEARTBEAT] Invio heartbeat: {"stazioneId":"stazzaDellaMadonnaTroia","stato":"ONLINE","timestamp":"2026-08-14T12:20:59.258056737Z","tipoEvento":"HEARTBEAT","bufferSize":0}
2026-08-14 14:21:09,258 INFO  [it.uni.reti2.HeartbeatGenerator] (executor-thread-1) 💓 [HEARTBEAT] Invio heartbeat: {"stazioneId":"stazzaDellaMadonnaTroia","stato":"ONLINE","timestamp":"2026-08-14T12:21:09.257952100Z","tipoEvento":"HEARTBEAT","bufferSize":0}
2026-08-14 14:21:19,258 INFO  [it.uni.reti2.HeartbeatGenerator] (executor-thread-1) 💓 [HEARTBEAT] Invio heartbeat: {"stazioneId":"stazzaDellaMadonnaTroia","stato":"ONLINE","timestamp":"2026-08-14T12:21:19.258319924Z","tipoEvento":"HEARTBEAT","bufferSize":0}
2026-08-14 14:21:29,257 INFO  [it.uni.reti2.HeartbeatGenerator] (executor-thread-1) 💓 [HEARTBEAT] Invio heartbeat: {"stazioneId":"stazzaDellaMadonnaTroia","stato":"ONLINE","timestamp":"2026-08-14T12:21:29.257933629Z","tipoEvento":"HEARTBEAT","bufferSize":0}
2026-08-14 14:21:39,258 INFO  [it.uni.reti2.HeartbeatGenerator] (executor-thread-1) 💓 [HEARTBEAT] Invio heartbeat: {"stazioneId":"stazzaDellaMadonnaTroia","stato":"ONLINE","timestamp":"2026-08-14T12:21:39.258462821Z","tipoEvento":"HEARTBEAT","bufferSize":0}
2026-08-14 14:21:49,258 INFO  [it.uni.reti2.HeartbeatGenerator] (executor-thread-1) 💓 [HEARTBEAT] Invio heartbeat: {"stazioneId":"stazzaDellaMadonnaTroia","stato":"ONLINE","timestamp":"2026-08-14T12:21:49.258290410Z","tipoEvento":"HEARTBEAT","bufferSize":0}
2026-08-14 14:21:59,258 INFO  [it.uni.reti2.HeartbeatGenerator] (executor-thread-1) 💓 [HEARTBEAT] Invio heartbeat: {"stazioneId":"stazzaDellaMadonnaTroia","stato":"ONLINE","timestamp":"2026-08-14T12:21:59.258327430Z","tipoEvento":"HEARTBEAT","bufferSize":0}
2026-08-14 14:22:09,258 INFO  [it.uni.reti2.HeartbeatGenerator] (executor-thread-1) 💓 [HEARTBEAT] Invio heartbeat: {"stazioneId":"stazzaDellaMadonnaTroia","stato":"ONLINE","timestamp":"2026-08-14T12:22:09.258285870Z","tipoEvento":"HEARTBEAT","bufferSize":0}
2026-08-14 14:22:19,258 INFO  [it.uni.reti2.HeartbeatGenerator] (executor-thread-1) 💓 [HEARTBEAT] Invio heartbeat: {"stazioneId":"stazzaDellaMadonnaTroia","stato":"ONLINE","timestamp":"2026-08-14T12:22:19.258249054Z","tipoEvento":"HEARTBEAT","bufferSize":0}
2026-08-14 14:22:29,258 INFO  [it.uni.reti2.HeartbeatGenerator] (executor-thread-1) 💓 [HEARTBEAT] Invio heartbeat: {"stazioneId":"stazzaDellaMadonnaTroia","stato":"ONLINE","timestamp":"2026-08-14T12:22:29.258310434Z","tipoEvento":"HEARTBEAT","bufferSize":0}
2026-08-14 14:22:39,257 INFO  [it.uni.reti2.HeartbeatGenerator] (executor-thread-1) 💓 [HEARTBEAT] Invio heartbeat: {"stazioneId":"stazzaDellaMadonnaTroia","stato":"ONLINE","timestamp":"2026-08-14T12:22:39.257884469Z","tipoEvento":"HEARTBEAT","bufferSize":0}
2026-08-14 14:22:49,258 INFO  [it.uni.reti2.HeartbeatGenerator] (executor-thread-1) 💓 [HEARTBEAT] Invio heartbeat: {"stazioneId":"stazzaDellaMadonnaTroia","stato":"ONLINE","timestamp":"2026-08-14T12:22:49.257927031Z","tipoEvento":"HEARTBEAT","bufferSize":0}
2026-08-14 14:22:59,258 INFO  [it.uni.reti2.HeartbeatGenerator] (executor-thread-1) 💓 [HEARTBEAT] Invio heartbeat: {"stazioneId":"stazzaDellaMadonnaTroia","stato":"ONLINE","timestamp":"2026-08-14T12:22:59.258361048Z","tipoEvento":"HEARTBEAT","bufferSize":0}
2026-08-14 14:23:09,257 INFO  [it.uni.reti2.HeartbeatGenerator] (executor-thread-1) 💓 [HEARTBEAT] Invio heartbeat: {"stazioneId":"stazzaDellaMadonnaTroia","stato":"ONLINE","timestamp":"2026-08-14T12:23:09.257882244Z","tipoEvento":"HEARTBEAT","bufferSize":0}
2026-08-14 14:23:19,258 INFO  [it.uni.reti2.HeartbeatGenerator] (executor-thread-1) 💓 [HEARTBEAT] Invio heartbeat: {"stazioneId":"stazzaDellaMadonnaTroia","stato":"ONLINE","timestamp":"2026-08-14T12:23:19.257875969Z","tipoEvento":"HEARTBEAT","bufferSize":0}
2026-08-14 14:23:22,147 INFO  [it.uni.reti2.StationGateway] (vert.x-eventloop-thread-3) 🚂 [PASSAGGIO] Treno Mario in ENTRATA dalla stazione stazzaDellaMadonnaTroia
2026-08-14 14:23:28,196 WARN  [it.uni.reti2.StationGateway] (vert.x-eventloop-thread-1) 🚨 [ALERT RICEVUTO] La Centrale dice: {"tipoEvento":"ITINERARIO_AGGIORNATO","target":"Francesco","timestamp":"2026-08-14T12:23:28.193991568Z"}
2026-08-14 14:23:28,237 WARN  [it.uni.reti2.StationGateway] (vert.x-eventloop-thread-1) 🚨 [ALERT RICEVUTO] La Centrale dice: {"tipoEvento":"ITINERARIO_AGGIORNATO","target":"Pietro","timestamp":"2026-08-14T12:23:28.194408795Z"}
2026-08-14 14:23:28,238 WARN  [it.uni.reti2.StationGateway] (vert.x-eventloop-thread-1) 🚨 [ALERT RICEVUTO] La Centrale dice: {"tipoEvento":"ITINERARIO_AGGIORNATO","target":"tenoAmmazzaRicchi","timestamp":"2026-08-14T12:23:28.194456776Z"}
2026-08-14 14:23:29,258 INFO  [it.uni.reti2.HeartbeatGenerator] (executor-thread-1) 💓 [HEARTBEAT] Invio heartbeat: {"stazioneId":"stazzaDellaMadonnaTroia","stato":"ONLINE","timestamp":"2026-08-14T12:23:29.258030205Z","tipoEvento":"HEARTBEAT","bufferSize":0}
2026-08-14 14:23:39,257 INFO  [it.uni.reti2.HeartbeatGenerator] (executor-thread-1) 💓 [HEARTBEAT] Invio heartbeat: {"stazioneId":"stazzaDellaMadonnaTroia","stato":"ONLINE","timestamp":"2026-08-14T12:23:39.257862137Z","tipoEvento":"HEARTBEAT","bufferSize":0}
2026-08-14 14:23:42,147 INFO  [it.uni.reti2.StationGateway] (vert.x-eventloop-thread-3) 🚂 [PASSAGGIO] Treno Mario in USCITA dalla stazione stazzaDellaMadonnaTroia
2026-08-14 14:23:49,258 INFO  [it.uni.reti2.HeartbeatGenerator] (executor-thread-1) 💓 [HEARTBEAT] Invio heartbeat: {"stazioneId":"stazzaDellaMadonnaTroia","stato":"ONLINE","timestamp":"2026-08-14T12:23:49.258337247Z","tipoEvento":"HEARTBEAT","bufferSize":0}
2026-08-14 14:23:59,258 INFO  [it.uni.reti2.HeartbeatGenerator] (executor-thread-1) 💓 [HEARTBEAT] Invio heartbeat: {"stazioneId":"stazzaDellaMadonnaTroia","stato":"ONLINE","timestamp":"2026-08-14T12:23:59.258278210Z","tipoEvento":"HEARTBEAT","bufferSize":0}
2026-08-14 14:24:09,258 INFO  [it.uni.reti2.HeartbeatGenerator] (executor-thread-1) 💓 [HEARTBEAT] Invio heartbeat: {"stazioneId":"stazzaDellaMadonnaTroia","stato":"ONLINE","timestamp":"2026-08-14T12:24:09.258100268Z","tipoEvento":"HEARTBEAT","bufferSize":0}
2026-08-14 14:24:19,258 INFO  [it.uni.reti2.HeartbeatGenerator] (executor-thread-1) 💓 [HEARTBEAT] Invio heartbeat: {"stazioneId":"stazzaDellaMadonnaTroia","stato":"ONLINE","timestamp":"2026-08-14T12:24:19.258291426Z","tipoEvento":"HEARTBEAT","bufferSize":0}
2026-08-14 14:24:29,258 INFO  [it.uni.reti2.HeartbeatGenerator] (executor-thread-1) 💓 [HEARTBEAT] Invio heartbeat: {"stazioneId":"stazzaDellaMadonnaTroia","stato":"ONLINE","timestamp":"2026-08-14T12:24:29.258308010Z","tipoEvento":"HEARTBEAT","bufferSize":0}
2026-08-14 14:24:39,258 INFO  [it.uni.reti2.HeartbeatGenerator] (executor-thread-1) 💓 [HEARTBEAT] Invio heartbeat: {"stazioneId":"stazzaDellaMadonnaTroia","stato":"ONLINE","timestamp":"2026-08-14T12:24:39.258310013Z","tipoEvento":"HEARTBEAT","bufferSize":0}
2026-08-14 14:24:49,257 INFO  [it.uni.reti2.HeartbeatGenerator] (executor-thread-1) 💓 [HEARTBEAT] Invio heartbeat: {"stazioneId":"stazzaDellaMadonnaTroia","stato":"ONLINE","timestamp":"2026-08-14T12:24:49.257947347Z","tipoEvento":"HEARTBEAT","bufferSize":0}
2026-08-14 14:24:59,258 INFO  [it.uni.reti2.HeartbeatGenerator] (executor-thread-1) 💓 [HEARTBEAT] Invio heartbeat: {"stazioneId":"stazzaDellaMadonnaTroia","stato":"ONLINE","timestamp":"2026-08-14T12:24:59.258344072Z","tipoEvento":"HEARTBEAT","bufferSize":0}
2026-08-14 14:25:09,258 INFO  [it.uni.reti2.HeartbeatGenerator] (executor-thread-1) 💓 [HEARTBEAT] Invio heartbeat: {"stazioneId":"stazzaDellaMadonnaTroia","stato":"ONLINE","timestamp":"2026-08-14T12:25:09.258275879Z","tipoEvento":"HEARTBEAT","bufferSize":0}
2026-08-14 14:25:19,258 INFO  [it.uni.reti2.HeartbeatGenerator] (executor-thread-1) 💓 [HEARTBEAT] Invio heartbeat: {"stazioneId":"stazzaDellaMadonnaTroia","stato":"ONLINE","timestamp":"2026-08-14T12:25:19.258177836Z","tipoEvento":"HEARTBEAT","bufferSize":0}
2026-08-14 14:25:29,257 INFO  [it.uni.reti2.HeartbeatGenerator] (executor-thread-1) 💓 [HEARTBEAT] Invio heartbeat: {"stazioneId":"stazzaDellaMadonnaTroia","stato":"ONLINE","timestamp":"2026-08-14T12:25:29.257941886Z","tipoEvento":"HEARTBEAT","bufferSize":0}
2026-08-14 14:25:39,258 INFO  [it.uni.reti2.HeartbeatGenerator] (executor-thread-1) 💓 [HEARTBEAT] Invio heartbeat: {"stazioneId":"stazzaDellaMadonnaTroia","stato":"ONLINE","timestamp":"2026-08-14T12:25:39.258231424Z","tipoEvento":"HEARTBEAT","bufferSize":0}
2026-08-14 14:25:49,258 INFO  [it.uni.reti2.HeartbeatGenerator] (executor-thread-1) 💓 [HEARTBEAT] Invio heartbeat: {"stazioneId":"stazzaDellaMadonnaTroia","stato":"ONLINE","timestamp":"2026-08-14T12:25:49.257890094Z","tipoEvento":"HEARTBEAT","bufferSize":0}
2026-08-14 14:25:59,257 INFO  [it.uni.reti2.HeartbeatGenerator] (executor-thread-1) 💓 [HEARTBEAT] Invio heartbeat: {"stazioneId":"stazzaDellaMadonnaTroia","stato":"ONLINE","timestamp":"2026-08-14T12:25:59.257847810Z","tipoEvento":"HEARTBEAT","bufferSize":0}
2026-08-14 14:26:09,258 INFO  [it.uni.reti2.HeartbeatGenerator] (executor-thread-1) 💓 [HEARTBEAT] Invio heartbeat: {"stazioneId":"stazzaDellaMadonnaTroia","stato":"ONLINE","timestamp":"2026-08-14T12:26:09.258293383Z","tipoEvento":"HEARTBEAT","bufferSize":0}
2026-08-14 14:26:19,258 INFO  [it.uni.reti2.HeartbeatGenerator] (executor-thread-1) 💓 [HEARTBEAT] Invio heartbeat: {"stazioneId":"stazzaDellaMadonnaTroia","stato":"ONLINE","timestamp":"2026-08-14T12:26:19.258334520Z","tipoEvento":"HEARTBEAT","bufferSize":0}
2026-08-14 14:26:29,258 INFO  [it.uni.reti2.HeartbeatGenerator] (executor-thread-1) 💓 [HEARTBEAT] Invio heartbeat: {"stazioneId":"stazzaDellaMadonnaTroia","stato":"ONLINE","timestamp":"2026-08-14T12:26:29.258359671Z","tipoEvento":"HEARTBEAT","bufferSize":0}
2026-08-14 14:26:39,258 INFO  [it.uni.reti2.HeartbeatGenerator] (executor-thread-1) 💓 [HEARTBEAT] Invio heartbeat: {"stazioneId":"stazzaDellaMadonnaTroia","stato":"ONLINE","timestamp":"2026-08-14T12:26:39.258310883Z","tipoEvento":"HEARTBEAT","bufferSize":0}
2026-08-14 14:26:49,258 INFO  [it.uni.reti2.HeartbeatGenerator] (executor-thread-1) 💓 [HEARTBEAT] Invio heartbeat: {"stazioneId":"stazzaDellaMadonnaTroia","stato":"ONLINE","timestamp":"2026-08-14T12:26:49.258273712Z","tipoEvento":"HEARTBEAT","bufferSize":0}
2026-08-14 14:26:59,258 INFO  [it.uni.reti2.HeartbeatGenerator] (executor-thread-1) 💓 [HEARTBEAT] Invio heartbeat: {"stazioneId":"stazzaDellaMadonnaTroia","stato":"ONLINE","timestamp":"2026-08-14T12:26:59.258016964Z","tipoEvento":"HEARTBEAT","bufferSize":0}
2026-08-14 14:27:09,257 INFO  [it.uni.reti2.HeartbeatGenerator] (executor-thread-1) 💓 [HEARTBEAT] Invio heartbeat: {"stazioneId":"stazzaDellaMadonnaTroia","stato":"ONLINE","timestamp":"2026-08-14T12:27:09.257854157Z","tipoEvento":"HEARTBEAT","bufferSize":0}
2026-08-14 14:27:19,258 INFO  [it.uni.reti2.HeartbeatGenerator] (executor-thread-1) 💓 [HEARTBEAT] Invio heartbeat: {"stazioneId":"stazzaDellaMadonnaTroia","stato":"ONLINE","timestamp":"2026-08-14T12:27:19.258067599Z","tipoEvento":"HEARTBEAT","bufferSize":0}
2026-08-14 14:27:24,148 INFO  [it.uni.reti2.StationGateway] (vert.x-eventloop-thread-3) 🚂 [PASSAGGIO] Treno Mario in ENTRATA dalla stazione stazzaDellaMadonnaTroia
2026-08-14 14:27:29,258 INFO  [it.uni.reti2.HeartbeatGenerator] (executor-thread-1) 💓 [HEARTBEAT] Invio heartbeat: {"stazioneId":"stazzaDellaMadonnaTroia","stato":"ONLINE","timestamp":"2026-08-14T12:27:29.258313797Z","tipoEvento":"HEARTBEAT","bufferSize":0}
2026-08-14 14:27:39,258 INFO  [it.uni.reti2.HeartbeatGenerator] (executor-thread-1) 💓 [HEARTBEAT] Invio heartbeat: {"stazioneId":"stazzaDellaMadonnaTroia","stato":"ONLINE","timestamp":"2026-08-14T12:27:39.258433929Z","tipoEvento":"HEARTBEAT","bufferSize":0}
2026-08-14 14:27:44,148 INFO  [it.uni.reti2.StationGateway] (vert.x-eventloop-thread-3) 🚂 [PASSAGGIO] Treno Mario in USCITA dalla stazione stazzaDellaMadonnaTroia
2026-08-14 14:27:49,257 INFO  [it.uni.reti2.HeartbeatGenerator] (executor-thread-1) 💓 [HEARTBEAT] Invio heartbeat: {"stazioneId":"stazzaDellaMadonnaTroia","stato":"ONLINE","timestamp":"2026-08-14T12:27:49.257926144Z","tipoEvento":"HEARTBEAT","bufferSize":0}
2026-08-14 14:27:59,258 INFO  [it.uni.reti2.HeartbeatGenerator] (executor-thread-1) 💓 [HEARTBEAT] Invio heartbeat: {"stazioneId":"stazzaDellaMadonnaTroia","stato":"ONLINE","timestamp":"2026-08-14T12:27:59.258360319Z","tipoEvento":"HEARTBEAT","bufferSize":0}
2026-08-14 14:28:09,258 INFO  [it.uni.reti2.HeartbeatGenerator] (executor-thread-1) 💓 [HEARTBEAT] Invio heartbeat: {"stazioneId":"stazzaDellaMadonnaTroia","stato":"ONLINE","timestamp":"2026-08-14T12:28:09.258325624Z","tipoEvento":"HEARTBEAT","bufferSize":0}
2026-08-14 14:28:19,258 INFO  [it.uni.reti2.HeartbeatGenerator] (executor-thread-1) 💓 [HEARTBEAT] Invio heartbeat: {"stazioneId":"stazzaDellaMadonnaTroia","stato":"ONLINE","timestamp":"2026-08-14T12:28:19.258286531Z","tipoEvento":"HEARTBEAT","bufferSize":0}
2026-08-14 14:28:29,258 INFO  [it.uni.reti2.HeartbeatGenerator] (executor-thread-1) 💓 [HEARTBEAT] Invio heartbeat: {"stazioneId":"stazzaDellaMadonnaTroia","stato":"ONLINE","timestamp":"2026-08-14T12:28:29.257951441Z","tipoEvento":"HEARTBEAT","bufferSize":0}
2026-08-14 14:28:39,258 INFO  [it.uni.reti2.HeartbeatGenerator] (executor-thread-1) 💓 [HEARTBEAT] Invio heartbeat: {"stazioneId":"stazzaDellaMadonnaTroia","stato":"ONLINE","timestamp":"2026-08-14T12:28:39.258330052Z","tipoEvento":"HEARTBEAT","bufferSize":0}
2026-08-14 14:28:49,258 INFO  [it.uni.reti2.HeartbeatGenerator] (executor-thread-1) 💓 [HEARTBEAT] Invio heartbeat: {"stazioneId":"stazzaDellaMadonnaTroia","stato":"ONLINE","timestamp":"2026-08-14T12:28:49.258277684Z","tipoEvento":"HEARTBEAT","bufferSize":0}
2026-08-14 14:28:59,258 INFO  [it.uni.reti2.HeartbeatGenerator] (executor-thread-1) 💓 [HEARTBEAT] Invio heartbeat: {"stazioneId":"stazzaDellaMadonnaTroia","stato":"ONLINE","timestamp":"2026-08-14T12:28:59.258292831Z","tipoEvento":"HEARTBEAT","bufferSize":0}
2026-08-14 14:29:05,148 INFO  [it.uni.reti2.StationGateway] (vert.x-eventloop-thread-3) 🚂 [PASSAGGIO] Treno tenoAmmazzaRicchi in ENTRATA dalla stazione stazzaDellaMadonnaTroia
2026-08-14 14:29:09,257 INFO  [it.uni.reti2.HeartbeatGenerator] (executor-thread-1) 💓 [HEARTBEAT] Invio heartbeat: {"stazioneId":"stazzaDellaMadonnaTroia","stato":"ONLINE","timestamp":"2026-08-14T12:29:09.257886478Z","tipoEvento":"HEARTBEAT","bufferSize":0}
2026-08-14 14:29:19,258 INFO  [it.uni.reti2.HeartbeatGenerator] (executor-thread-1) 💓 [HEARTBEAT] Invio heartbeat: {"stazioneId":"stazzaDellaMadonnaTroia","stato":"ONLINE","timestamp":"2026-08-14T12:29:19.258017817Z","tipoEvento":"HEARTBEAT","bufferSize":0}
2026-08-14 14:29:26,148 INFO  [it.uni.reti2.StationGateway] (vert.x-eventloop-thread-3) 🚂 [PASSAGGIO] Treno tenoAmmazzaRicchi in USCITA dalla stazione stazzaDellaMadonnaTroia
2026-08-14 14:29:29,257 INFO  [it.uni.reti2.HeartbeatGenerator] (executor-thread-1) 💓 [HEARTBEAT] Invio heartbeat: {"stazioneId":"stazzaDellaMadonnaTroia","stato":"ONLINE","timestamp":"2026-08-14T12:29:29.257857871Z","tipoEvento":"HEARTBEAT","bufferSize":0}
2026-08-14 14:29:39,258 INFO  [it.uni.reti2.HeartbeatGenerator] (executor-thread-1) 💓 [HEARTBEAT] Invio heartbeat: {"stazioneId":"stazzaDellaMadonnaTroia","stato":"ONLINE","timestamp":"2026-08-14T12:29:39.258408123Z","tipoEvento":"HEARTBEAT","bufferSize":0}
2026-08-14 14:29:49,258 INFO  [it.uni.reti2.HeartbeatGenerator] (executor-thread-1) 💓 [HEARTBEAT] Invio heartbeat: {"stazioneId":"stazzaDellaMadonnaTroia","stato":"ONLINE","timestamp":"2026-08-14T12:29:49.258291539Z","tipoEvento":"HEARTBEAT","bufferSize":0}
2026-08-14 14:29:59,258 INFO  [it.uni.reti2.HeartbeatGenerator] (executor-thread-1) 💓 [HEARTBEAT] Invio heartbeat: {"stazioneId":"stazzaDellaMadonnaTroia","stato":"ONLINE","timestamp":"2026-08-14T12:29:59.258334765Z","tipoEvento":"HEARTBEAT","bufferSize":0}
2026-08-14 14:30:09,258 INFO  [it.uni.reti2.HeartbeatGenerator] (executor-thread-1) 💓 [HEARTBEAT] Invio heartbeat: {"stazioneId":"stazzaDellaMadonnaTroia","stato":"ONLINE","timestamp":"2026-08-14T12:30:09.258269916Z","tipoEvento":"HEARTBEAT","bufferSize":0}
2026-08-14 14:30:19,258 INFO  [it.uni.reti2.HeartbeatGenerator] (executor-thread-1) 💓 [HEARTBEAT] Invio heartbeat: {"stazioneId":"stazzaDellaMadonnaTroia","stato":"ONLINE","timestamp":"2026-08-14T12:30:19.258294917Z","tipoEvento":"HEARTBEAT","bufferSize":0}
2026-08-14 14:30:29,258 INFO  [it.uni.reti2.HeartbeatGenerator] (executor-thread-1) 💓 [HEARTBEAT] Invio heartbeat: {"stazioneId":"stazzaDellaMadonnaTroia","stato":"ONLINE","timestamp":"2026-08-14T12:30:29.258274482Z","tipoEvento":"HEARTBEAT","bufferSize":0}
2026-08-14 14:30:39,258 INFO  [it.uni.reti2.HeartbeatGenerator] (executor-thread-1) 💓 [HEARTBEAT] Invio heartbeat: {"stazioneId":"stazzaDellaMadonnaTroia","stato":"ONLINE","timestamp":"2026-08-14T12:30:39.257893989Z","tipoEvento":"HEARTBEAT","bufferSize":0}
2026-08-14 14:30:49,258 INFO  [it.uni.reti2.HeartbeatGenerator] (executor-thread-1) 💓 [HEARTBEAT] Invio heartbeat: {"stazioneId":"stazzaDellaMadonnaTroia","stato":"ONLINE","timestamp":"2026-08-14T12:30:49.258254987Z","tipoEvento":"HEARTBEAT","bufferSize":0}
2026-08-14 14:30:59,257 INFO  [it.uni.reti2.HeartbeatGenerator] (executor-thread-1) 💓 [HEARTBEAT] Invio heartbeat: {"stazioneId":"stazzaDellaMadonnaTroia","stato":"ONLINE","timestamp":"2026-08-14T12:30:59.257818370Z","tipoEvento":"HEARTBEAT","bufferSize":0}
2026-08-14 14:31:09,258 INFO  [it.uni.reti2.HeartbeatGenerator] (executor-thread-1) 💓 [HEARTBEAT] Invio heartbeat: {"stazioneId":"stazzaDellaMadonnaTroia","stato":"ONLINE","timestamp":"2026-08-14T12:31:09.257920369Z","tipoEvento":"HEARTBEAT","bufferSize":0}
2026-08-14 14:31:19,257 INFO  [it.uni.reti2.HeartbeatGenerator] (executor-thread-1) 💓 [HEARTBEAT] Invio heartbeat: {"stazioneId":"stazzaDellaMadonnaTroia","stato":"ONLINE","timestamp":"2026-08-14T12:31:19.257841515Z","tipoEvento":"HEARTBEAT","bufferSize":0}
2026-08-14 14:31:29,258 INFO  [it.uni.reti2.HeartbeatGenerator] (executor-thread-1) 💓 [HEARTBEAT] Invio heartbeat: {"stazioneId":"stazzaDellaMadonnaTroia","stato":"ONLINE","timestamp":"2026-08-14T12:31:29.258298071Z","tipoEvento":"HEARTBEAT","bufferSize":0}
2026-08-14 14:31:39,258 INFO  [it.uni.reti2.HeartbeatGenerator] (executor-thread-1) 💓 [HEARTBEAT] Invio heartbeat: {"stazioneId":"stazzaDellaMadonnaTroia","stato":"ONLINE","timestamp":"2026-08-14T12:31:39.258251816Z","tipoEvento":"HEARTBEAT","bufferSize":0}
2026-08-14 14:31:49,258 INFO  [it.uni.reti2.HeartbeatGenerator] (executor-thread-1) 💓 [HEARTBEAT] Invio heartbeat: {"stazioneId":"stazzaDellaMadonnaTroia","stato":"ONLINE","timestamp":"2026-08-14T12:31:49.258204715Z","tipoEvento":"HEARTBEAT","bufferSize":0}
2026-08-14 14:31:59,257 INFO  [it.uni.reti2.HeartbeatGenerator] (executor-thread-1) 💓 [HEARTBEAT] Invio heartbeat: {"stazioneId":"stazzaDellaMadonnaTroia","stato":"ONLINE","timestamp":"2026-08-14T12:31:59.257776187Z","tipoEvento":"HEARTBEAT","bufferSize":0}
2026-08-14 14:32:09,258 INFO  [it.uni.reti2.HeartbeatGenerator] (executor-thread-1) 💓 [HEARTBEAT] Invio heartbeat: {"stazioneId":"stazzaDellaMadonnaTroia","stato":"ONLINE","timestamp":"2026-08-14T12:32:09.258459130Z","tipoEvento":"HEARTBEAT","bufferSize":0}
2026-08-14 14:32:19,257 INFO  [it.uni.reti2.HeartbeatGenerator] (executor-thread-1) 💓 [HEARTBEAT] Invio heartbeat: {"stazioneId":"stazzaDellaMadonnaTroia","stato":"ONLINE","timestamp":"2026-08-14T12:32:19.257859504Z","tipoEvento":"HEARTBEAT","bufferSize":0}
2026-08-14 14:32:29,258 INFO  [it.uni.reti2.HeartbeatGenerator] (executor-thread-1) 💓 [HEARTBEAT] Invio heartbeat: {"stazioneId":"stazzaDellaMadonnaTroia","stato":"ONLINE","timestamp":"2026-08-14T12:32:29.258251383Z","tipoEvento":"HEARTBEAT","bufferSize":0}
2026-08-14 14:32:39,258 INFO  [it.uni.reti2.HeartbeatGenerator] (executor-thread-1) 💓 [HEARTBEAT] Invio heartbeat: {"stazioneId":"stazzaDellaMadonnaTroia","stato":"ONLINE","timestamp":"2026-08-14T12:32:39.258236502Z","tipoEvento":"HEARTBEAT","bufferSize":0}
2026-08-14 14:32:49,258 INFO  [it.uni.reti2.HeartbeatGenerator] (executor-thread-1) 💓 [HEARTBEAT] Invio heartbeat: {"stazioneId":"stazzaDellaMadonnaTroia","stato":"ONLINE","timestamp":"2026-08-14T12:32:49.258387071Z","tipoEvento":"HEARTBEAT","bufferSize":0}
2026-08-14 14:32:59,257 INFO  [it.uni.reti2.HeartbeatGenerator] (executor-thread-1) 💓 [HEARTBEAT] Invio heartbeat: {"stazioneId":"stazzaDellaMadonnaTroia","stato":"ONLINE","timestamp":"2026-08-14T12:32:59.257834728Z","tipoEvento":"HEARTBEAT","bufferSize":0}
2026-08-14 14:33:09,152 INFO  [it.uni.reti2.StationGateway] (vert.x-eventloop-thread-3) 🚂 [PASSAGGIO] Treno tenoAmmazzaRicchi in ENTRATA dalla stazione stazzaDellaMadonnaTroia
2026-08-14 14:33:09,258 INFO  [it.uni.reti2.HeartbeatGenerator] (executor-thread-1) 💓 [HEARTBEAT] Invio heartbeat: {"stazioneId":"stazzaDellaMadonnaTroia","stato":"ONLINE","timestamp":"2026-08-14T12:33:09.258322320Z","tipoEvento":"HEARTBEAT","bufferSize":0}
2026-08-14 14:33:19,257 INFO  [it.uni.reti2.HeartbeatGenerator] (executor-thread-1) 💓 [HEARTBEAT] Invio heartbeat: {"stazioneId":"stazzaDellaMadonnaTroia","stato":"ONLINE","timestamp":"2026-08-14T12:33:19.257870140Z","tipoEvento":"HEARTBEAT","bufferSize":0}
2026-08-14 14:33:29,257 INFO  [it.uni.reti2.HeartbeatGenerator] (executor-thread-1) 💓 [HEARTBEAT] Invio heartbeat: {"stazioneId":"stazzaDellaMadonnaTroia","stato":"ONLINE","timestamp":"2026-08-14T12:33:29.257912597Z","tipoEvento":"HEARTBEAT","bufferSize":0}
2026-08-14 14:33:30,148 INFO  [it.uni.reti2.StationGateway] (vert.x-eventloop-thread-3) 🚂 [PASSAGGIO] Treno tenoAmmazzaRicchi in USCITA dalla stazione stazzaDellaMadonnaTroia
2026-08-14 14:33:39,258 INFO  [it.uni.reti2.HeartbeatGenerator] (executor-thread-1) 💓 [HEARTBEAT] Invio heartbeat: {"stazioneId":"stazzaDellaMadonnaTroia","stato":"ONLINE","timestamp":"2026-08-14T12:33:39.258121192Z","tipoEvento":"HEARTBEAT","bufferSize":0}
2026-08-14 14:33:49,258 INFO  [it.uni.reti2.HeartbeatGenerator] (executor-thread-1) 💓 [HEARTBEAT] Invio heartbeat: {"stazioneId":"stazzaDellaMadonnaTroia","stato":"ONLINE","timestamp":"2026-08-14T12:33:49.257972165Z","tipoEvento":"HEARTBEAT","bufferSize":0}
2026-08-14 14:33:59,257 INFO  [it.uni.reti2.HeartbeatGenerator] (executor-thread-1) 💓 [HEARTBEAT] Invio heartbeat: {"stazioneId":"stazzaDellaMadonnaTroia","stato":"ONLINE","timestamp":"2026-08-14T12:33:59.257850671Z","tipoEvento":"HEARTBEAT","bufferSize":0}
2026-08-14 14:34:09,258 INFO  [it.uni.reti2.HeartbeatGenerator] (executor-thread-1) 💓 [HEARTBEAT] Invio heartbeat: {"stazioneId":"stazzaDellaMadonnaTroia","stato":"ONLINE","timestamp":"2026-08-14T12:34:09.258257784Z","tipoEvento":"HEARTBEAT","bufferSize":0}
2026-08-14 14:34:19,257 INFO  [it.uni.reti2.HeartbeatGenerator] (executor-thread-1) 💓 [HEARTBEAT] Invio heartbeat: {"stazioneId":"stazzaDellaMadonnaTroia","stato":"ONLINE","timestamp":"2026-08-14T12:34:19.257812061Z","tipoEvento":"HEARTBEAT","bufferSize":0}
2026-08-14 14:34:29,258 INFO  [it.uni.reti2.HeartbeatGenerator] (executor-thread-1) 💓 [HEARTBEAT] Invio heartbeat: {"stazioneId":"stazzaDellaMadonnaTroia","stato":"ONLINE","timestamp":"2026-08-14T12:34:29.258348913Z","tipoEvento":"HEARTBEAT","bufferSize":0}
2026-08-14 14:34:39,258 INFO  [it.uni.reti2.HeartbeatGenerator] (executor-thread-1) 💓 [HEARTBEAT] Invio heartbeat: {"stazioneId":"stazzaDellaMadonnaTroia","stato":"ONLINE","timestamp":"2026-08-14T12:34:39.258227839Z","tipoEvento":"HEARTBEAT","bufferSize":0}
2026-08-14 14:34:49,257 INFO  [it.uni.reti2.HeartbeatGenerator] (executor-thread-1) 💓 [HEARTBEAT] Invio heartbeat: {"stazioneId":"stazzaDellaMadonnaTroia","stato":"ONLINE","timestamp":"2026-08-14T12:34:49.257888186Z","tipoEvento":"HEARTBEAT","bufferSize":0}
2026-08-14 14:34:59,258 INFO  [it.uni.reti2.HeartbeatGenerator] (executor-thread-1) 💓 [HEARTBEAT] Invio heartbeat: {"stazioneId":"stazzaDellaMadonnaTroia","stato":"ONLINE","timestamp":"2026-08-14T12:34:59.258130396Z","tipoEvento":"HEARTBEAT","bufferSize":0}
2026-08-14 14:35:09,258 INFO  [it.uni.reti2.HeartbeatGenerator] (executor-thread-1) 💓 [HEARTBEAT] Invio heartbeat: {"stazioneId":"stazzaDellaMadonnaTroia","stato":"ONLINE","timestamp":"2026-08-14T12:35:09.258308294Z","tipoEvento":"HEARTBEAT","bufferSize":0}
2026-08-14 14:35:19,258 INFO  [it.uni.reti2.HeartbeatGenerator] (executor-thread-1) 💓 [HEARTBEAT] Invio heartbeat: {"stazioneId":"stazzaDellaMadonnaTroia","stato":"ONLINE","timestamp":"2026-08-14T12:35:19.258300713Z","tipoEvento":"HEARTBEAT","bufferSize":0}
2026-08-14 14:35:29,258 INFO  [it.uni.reti2.HeartbeatGenerator] (executor-thread-1) 💓 [HEARTBEAT] Invio heartbeat: {"stazioneId":"stazzaDellaMadonnaTroia","stato":"ONLINE","timestamp":"2026-08-14T12:35:29.257934036Z","tipoEvento":"HEARTBEAT","bufferSize":0}
2026-08-14 14:35:39,258 INFO  [it.uni.reti2.HeartbeatGenerator] (executor-thread-1) 💓 [HEARTBEAT] Invio heartbeat: {"stazioneId":"stazzaDellaMadonnaTroia","stato":"ONLINE","timestamp":"2026-08-14T12:35:39.258324946Z","tipoEvento":"HEARTBEAT","bufferSize":0}
2026-08-14 14:35:49,258 INFO  [it.uni.reti2.HeartbeatGenerator] (executor-thread-1) 💓 [HEARTBEAT] Invio heartbeat: {"stazioneId":"stazzaDellaMadonnaTroia","stato":"ONLINE","timestamp":"2026-08-14T12:35:49.257855880Z","tipoEvento":"HEARTBEAT","bufferSize":0}
2026-08-14 14:35:59,258 INFO  [it.uni.reti2.HeartbeatGenerator] (executor-thread-1) 💓 [HEARTBEAT] Invio heartbeat: {"stazioneId":"stazzaDellaMadonnaTroia","stato":"ONLINE","timestamp":"2026-08-14T12:35:59.258159163Z","tipoEvento":"HEARTBEAT","bufferSize":0}
2026-08-14 14:36:09,257 INFO  [it.uni.reti2.HeartbeatGenerator] (executor-thread-1) 💓 [HEARTBEAT] Invio heartbeat: {"stazioneId":"stazzaDellaMadonnaTroia","stato":"ONLINE","timestamp":"2026-08-14T12:36:09.257892535Z","tipoEvento":"HEARTBEAT","bufferSize":0}
2026-08-14 14:36:19,258 INFO  [it.uni.reti2.HeartbeatGenerator] (executor-thread-1) 💓 [HEARTBEAT] Invio heartbeat: {"stazioneId":"stazzaDellaMadonnaTroia","stato":"ONLINE","timestamp":"2026-08-14T12:36:19.258309322Z","tipoEvento":"HEARTBEAT","bufferSize":0}
2026-08-14 14:36:29,258 INFO  [it.uni.reti2.HeartbeatGenerator] (executor-thread-1) 💓 [HEARTBEAT] Invio heartbeat: {"stazioneId":"stazzaDellaMadonnaTroia","stato":"ONLINE","timestamp":"2026-08-14T12:36:29.257921861Z","tipoEvento":"HEARTBEAT","bufferSize":0}
2026-08-14 14:36:39,258 INFO  [it.uni.reti2.HeartbeatGenerator] (executor-thread-1) 💓 [HEARTBEAT] Invio heartbeat: {"stazioneId":"stazzaDellaMadonnaTroia","stato":"ONLINE","timestamp":"2026-08-14T12:36:39.258263992Z","tipoEvento":"HEARTBEAT","bufferSize":0}
2026-08-14 14:36:49,257 INFO  [it.uni.reti2.HeartbeatGenerator] (executor-thread-1) 💓 [HEARTBEAT] Invio heartbeat: {"stazioneId":"stazzaDellaMadonnaTroia","stato":"ONLINE","timestamp":"2026-08-14T12:36:49.257911458Z","tipoEvento":"HEARTBEAT","bufferSize":0}
2026-08-14 14:36:59,257 INFO  [it.uni.reti2.HeartbeatGenerator] (executor-thread-1) 💓 [HEARTBEAT] Invio heartbeat: {"stazioneId":"stazzaDellaMadonnaTroia","stato":"ONLINE","timestamp":"2026-08-14T12:36:59.257870956Z","tipoEvento":"HEARTBEAT","bufferSize":0}
2026-08-14 14:37:09,258 INFO  [it.uni.reti2.HeartbeatGenerator] (executor-thread-1) 💓 [HEARTBEAT] Invio heartbeat: {"stazioneId":"stazzaDellaMadonnaTroia","stato":"ONLINE","timestamp":"2026-08-14T12:37:09.258339321Z","tipoEvento":"HEARTBEAT","bufferSize":0}
2026-08-14 14:37:19,258 INFO  [it.uni.reti2.HeartbeatGenerator] (executor-thread-1) 💓 [HEARTBEAT] Invio heartbeat: {"stazioneId":"stazzaDellaMadonnaTroia","stato":"ONLINE","timestamp":"2026-08-14T12:37:19.258199248Z","tipoEvento":"HEARTBEAT","bufferSize":0}
2026-08-14 14:37:29,258 INFO  [it.uni.reti2.HeartbeatGenerator] (executor-thread-1) 💓 [HEARTBEAT] Invio heartbeat: {"stazioneId":"stazzaDellaMadonnaTroia","stato":"ONLINE","timestamp":"2026-08-14T12:37:29.257959752Z","tipoEvento":"HEARTBEAT","bufferSize":0}
2026-08-14 14:37:39,258 INFO  [it.uni.reti2.HeartbeatGenerator] (executor-thread-1) 💓 [HEARTBEAT] Invio heartbeat: {"stazioneId":"stazzaDellaMadonnaTroia","stato":"ONLINE","timestamp":"2026-08-14T12:37:39.258127116Z","tipoEvento":"HEARTBEAT","bufferSize":0}
2026-08-14 14:37:49,258 INFO  [it.uni.reti2.HeartbeatGenerator] (executor-thread-1) 💓 [HEARTBEAT] Invio heartbeat: {"stazioneId":"stazzaDellaMadonnaTroia","stato":"ONLINE","timestamp":"2026-08-14T12:37:49.258377167Z","tipoEvento":"HEARTBEAT","bufferSize":0}
2026-08-14 14:37:59,258 INFO  [it.uni.reti2.HeartbeatGenerator] (executor-thread-1) 💓 [HEARTBEAT] Invio heartbeat: {"stazioneId":"stazzaDellaMadonnaTroia","stato":"ONLINE","timestamp":"2026-08-14T12:37:59.258383691Z","tipoEvento":"HEARTBEAT","bufferSize":0}
2026-08-14 14:38:09,258 INFO  [it.uni.reti2.HeartbeatGenerator] (executor-thread-1) 💓 [HEARTBEAT] Invio heartbeat: {"stazioneId":"stazzaDellaMadonnaTroia","stato":"ONLINE","timestamp":"2026-08-14T12:38:09.258325007Z","tipoEvento":"HEARTBEAT","bufferSize":0}
2026-08-14 14:38:19,258 INFO  [it.uni.reti2.HeartbeatGenerator] (executor-thread-1) 💓 [HEARTBEAT] Invio heartbeat: {"stazioneId":"stazzaDellaMadonnaTroia","stato":"ONLINE","timestamp":"2026-08-14T12:38:19.257911170Z","tipoEvento":"HEARTBEAT","bufferSize":0}
2026-08-14 14:38:29,258 INFO  [it.uni.reti2.HeartbeatGenerator] (executor-thread-1) 💓 [HEARTBEAT] Invio heartbeat: {"stazioneId":"stazzaDellaMadonnaTroia","stato":"ONLINE","timestamp":"2026-08-14T12:38:29.257925626Z","tipoEvento":"HEARTBEAT","bufferSize":0}
2026-08-14 14:38:39,258 INFO  [it.uni.reti2.HeartbeatGenerator] (executor-thread-1) 💓 [HEARTBEAT] Invio heartbeat: {"stazioneId":"stazzaDellaMadonnaTroia","stato":"ONLINE","timestamp":"2026-08-14T12:38:39.258287575Z","tipoEvento":"HEARTBEAT","bufferSize":0}
2026-08-14 14:38:49,258 INFO  [it.uni.reti2.HeartbeatGenerator] (executor-thread-1) 💓 [HEARTBEAT] Invio heartbeat: {"stazioneId":"stazzaDellaMadonnaTroia","stato":"ONLINE","timestamp":"2026-08-14T12:38:49.258282228Z","tipoEvento":"HEARTBEAT","bufferSize":0}
2026-08-14 14:38:54,148 INFO  [it.uni.reti2.StationGateway] (vert.x-eventloop-thread-3) 🚂 [PASSAGGIO] Treno Mario in ENTRATA dalla stazione stazzaDellaMadonnaTroia
2026-08-14 14:38:59,258 INFO  [it.uni.reti2.HeartbeatGenerator] (executor-thread-1) 💓 [HEARTBEAT] Invio heartbeat: {"stazioneId":"stazzaDellaMadonnaTroia","stato":"ONLINE","timestamp":"2026-08-14T12:38:59.258105120Z","tipoEvento":"HEARTBEAT","bufferSize":0}
2026-08-14 14:39:09,258 INFO  [it.uni.reti2.HeartbeatGenerator] (executor-thread-1) 💓 [HEARTBEAT] Invio heartbeat: {"stazioneId":"stazzaDellaMadonnaTroia","stato":"ONLINE","timestamp":"2026-08-14T12:39:09.258350246Z","tipoEvento":"HEARTBEAT","bufferSize":0}
2026-08-14 14:39:15,147 INFO  [it.uni.reti2.StationGateway] (vert.x-eventloop-thread-3) 🚂 [PASSAGGIO] Treno Mario in USCITA dalla stazione stazzaDellaMadonnaTroia
2026-08-14 14:39:19,257 INFO  [it.uni.reti2.HeartbeatGenerator] (executor-thread-1) 💓 [HEARTBEAT] Invio heartbeat: {"stazioneId":"stazzaDellaMadonnaTroia","stato":"ONLINE","timestamp":"2026-08-14T12:39:19.257875506Z","tipoEvento":"HEARTBEAT","bufferSize":0}
2026-08-14 14:39:29,257 INFO  [it.uni.reti2.HeartbeatGenerator] (executor-thread-1) 💓 [HEARTBEAT] Invio heartbeat: {"stazioneId":"stazzaDellaMadonnaTroia","stato":"ONLINE","timestamp":"2026-08-14T12:39:29.257890965Z","tipoEvento":"HEARTBEAT","bufferSize":0}
2026-08-14 14:39:39,258 INFO  [it.uni.reti2.HeartbeatGenerator] (executor-thread-1) 💓 [HEARTBEAT] Invio heartbeat: {"stazioneId":"stazzaDellaMadonnaTroia","stato":"ONLINE","timestamp":"2026-08-14T12:39:39.258260966Z","tipoEvento":"HEARTBEAT","bufferSize":0}
2026-08-14 14:39:49,257 INFO  [it.uni.reti2.HeartbeatGenerator] (executor-thread-1) 💓 [HEARTBEAT] Invio heartbeat: {"stazioneId":"stazzaDellaMadonnaTroia","stato":"ONLINE","timestamp":"2026-08-14T12:39:49.257844820Z","tipoEvento":"HEARTBEAT","bufferSize":0}
2026-08-14 14:39:59,257 INFO  [it.uni.reti2.HeartbeatGenerator] (executor-thread-1) 💓 [HEARTBEAT] Invio heartbeat: {"stazioneId":"stazzaDellaMadonnaTroia","stato":"ONLINE","timestamp":"2026-08-14T12:39:59.257894920Z","tipoEvento":"HEARTBEAT","bufferSize":0}
2026-08-14 14:40:09,257 INFO  [it.uni.reti2.HeartbeatGenerator] (executor-thread-1) 💓 [HEARTBEAT] Invio heartbeat: {"stazioneId":"stazzaDellaMadonnaTroia","stato":"ONLINE","timestamp":"2026-08-14T12:40:09.257861503Z","tipoEvento":"HEARTBEAT","bufferSize":0}
2026-08-14 14:40:19,258 INFO  [it.uni.reti2.HeartbeatGenerator] (executor-thread-1) 💓 [HEARTBEAT] Invio heartbeat: {"stazioneId":"stazzaDellaMadonnaTroia","stato":"ONLINE","timestamp":"2026-08-14T12:40:19.258087480Z","tipoEvento":"HEARTBEAT","bufferSize":0}
2026-08-14 14:40:29,258 INFO  [it.uni.reti2.HeartbeatGenerator] (executor-thread-1) 💓 [HEARTBEAT] Invio heartbeat: {"stazioneId":"stazzaDellaMadonnaTroia","stato":"ONLINE","timestamp":"2026-08-14T12:40:29.258037500Z","tipoEvento":"HEARTBEAT","bufferSize":0}
2026-08-14 14:40:39,257 INFO  [it.uni.reti2.HeartbeatGenerator] (executor-thread-1) 💓 [HEARTBEAT] Invio heartbeat: {"stazioneId":"stazzaDellaMadonnaTroia","stato":"ONLINE","timestamp":"2026-08-14T12:40:39.257901855Z","tipoEvento":"HEARTBEAT","bufferSize":0}
2026-08-14 14:40:49,258 INFO  [it.uni.reti2.HeartbeatGenerator] (executor-thread-1) 💓 [HEARTBEAT] Invio heartbeat: {"stazioneId":"stazzaDellaMadonnaTroia","stato":"ONLINE","timestamp":"2026-08-14T12:40:49.258482473Z","tipoEvento":"HEARTBEAT","bufferSize":0}
2026-08-14 14:40:59,258 INFO  [it.uni.reti2.HeartbeatGenerator] (executor-thread-1) 💓 [HEARTBEAT] Invio heartbeat: {"stazioneId":"stazzaDellaMadonnaTroia","stato":"ONLINE","timestamp":"2026-08-14T12:40:59.258157665Z","tipoEvento":"HEARTBEAT","bufferSize":0}
2026-08-14 14:41:09,257 INFO  [it.uni.reti2.HeartbeatGenerator] (executor-thread-1) 💓 [HEARTBEAT] Invio heartbeat: {"stazioneId":"stazzaDellaMadonnaTroia","stato":"ONLINE","timestamp":"2026-08-14T12:41:09.257836237Z","tipoEvento":"HEARTBEAT","bufferSize":0}
2026-08-14 14:41:19,258 INFO  [it.uni.reti2.HeartbeatGenerator] (executor-thread-1) 💓 [HEARTBEAT] Invio heartbeat: {"stazioneId":"stazzaDellaMadonnaTroia","stato":"ONLINE","timestamp":"2026-08-14T12:41:19.258264332Z","tipoEvento":"HEARTBEAT","bufferSize":0}
2026-08-14 14:41:29,257 INFO  [it.uni.reti2.HeartbeatGenerator] (executor-thread-1) 💓 [HEARTBEAT] Invio heartbeat: {"stazioneId":"stazzaDellaMadonnaTroia","stato":"ONLINE","timestamp":"2026-08-14T12:41:29.257723611Z","tipoEvento":"HEARTBEAT","bufferSize":0}
2026-08-14 14:41:39,257 INFO  [it.uni.reti2.HeartbeatGenerator] (executor-thread-1) 💓 [HEARTBEAT] Invio heartbeat: {"stazioneId":"stazzaDellaMadonnaTroia","stato":"ONLINE","timestamp":"2026-08-14T12:41:39.257731257Z","tipoEvento":"HEARTBEAT","bufferSize":0}
2026-08-14 14:41:49,257 INFO  [it.uni.reti2.HeartbeatGenerator] (executor-thread-1) 💓 [HEARTBEAT] Invio heartbeat: {"stazioneId":"stazzaDellaMadonnaTroia","stato":"ONLINE","timestamp":"2026-08-14T12:41:49.257791951Z","tipoEvento":"HEARTBEAT","bufferSize":0}
2026-08-14 14:41:59,257 INFO  [it.uni.reti2.HeartbeatGenerator] (executor-thread-1) 💓 [HEARTBEAT] Invio heartbeat: {"stazioneId":"stazzaDellaMadonnaTroia","stato":"ONLINE","timestamp":"2026-08-14T12:41:59.257797605Z","tipoEvento":"HEARTBEAT","bufferSize":0}
2026-08-14 14:42:09,257 INFO  [it.uni.reti2.HeartbeatGenerator] (executor-thread-1) 💓 [HEARTBEAT] Invio heartbeat: {"stazioneId":"stazzaDellaMadonnaTroia","stato":"ONLINE","timestamp":"2026-08-14T12:42:09.257779801Z","tipoEvento":"HEARTBEAT","bufferSize":0}
2026-08-14 14:42:19,257 INFO  [it.uni.reti2.HeartbeatGenerator] (executor-thread-1) 💓 [HEARTBEAT] Invio heartbeat: {"stazioneId":"stazzaDellaMadonnaTroia","stato":"ONLINE","timestamp":"2026-08-14T12:42:19.257766026Z","tipoEvento":"HEARTBEAT","bufferSize":0}
2026-08-14 14:42:29,257 INFO  [it.uni.reti2.HeartbeatGenerator] (executor-thread-1) 💓 [HEARTBEAT] Invio heartbeat: {"stazioneId":"stazzaDellaMadonnaTroia","stato":"ONLINE","timestamp":"2026-08-14T12:42:29.257764339Z","tipoEvento":"HEARTBEAT","bufferSize":0}
2026-08-14 14:42:39,257 INFO  [it.uni.reti2.HeartbeatGenerator] (executor-thread-1) 💓 [HEARTBEAT] Invio heartbeat: {"stazioneId":"stazzaDellaMadonnaTroia","stato":"ONLINE","timestamp":"2026-08-14T12:42:39.257751859Z","tipoEvento":"HEARTBEAT","bufferSize":0}
2026-08-14 14:42:49,258 INFO  [it.uni.reti2.HeartbeatGenerator] (executor-thread-1) 💓 [HEARTBEAT] Invio heartbeat: {"stazioneId":"stazzaDellaMadonnaTroia","stato":"ONLINE","timestamp":"2026-08-14T12:42:49.258285036Z","tipoEvento":"HEARTBEAT","bufferSize":0}
2026-08-14 14:42:58,148 INFO  [it.uni.reti2.StationGateway] (vert.x-eventloop-thread-3) 🚂 [PASSAGGIO] Treno Mario in ENTRATA dalla stazione stazzaDellaMadonnaTroia
2026-08-14 14:42:59,258 INFO  [it.uni.reti2.HeartbeatGenerator] (executor-thread-1) 💓 [HEARTBEAT] Invio heartbeat: {"stazioneId":"stazzaDellaMadonnaTroia","stato":"ONLINE","timestamp":"2026-08-14T12:42:59.258402515Z","tipoEvento":"HEARTBEAT","bufferSize":0}
2026-08-14 14:43:09,257 INFO  [it.uni.reti2.HeartbeatGenerator] (executor-thread-1) 💓 [HEARTBEAT] Invio heartbeat: {"stazioneId":"stazzaDellaMadonnaTroia","stato":"ONLINE","timestamp":"2026-08-14T12:43:09.257941257Z","tipoEvento":"HEARTBEAT","bufferSize":0}
2026-08-14 14:43:19,147 INFO  [it.uni.reti2.StationGateway] (vert.x-eventloop-thread-3) 🚂 [PASSAGGIO] Treno Mario in USCITA dalla stazione stazzaDellaMadonnaTroia
2026-08-14 14:43:19,258 INFO  [it.uni.reti2.HeartbeatGenerator] (executor-thread-1) 💓 [HEARTBEAT] Invio heartbeat: {"stazioneId":"stazzaDellaMadonnaTroia","stato":"ONLINE","timestamp":"2026-08-14T12:43:19.258011632Z","tipoEvento":"HEARTBEAT","bufferSize":0}
2026-08-14 14:43:29,258 INFO  [it.uni.reti2.HeartbeatGenerator] (executor-thread-1) 💓 [HEARTBEAT] Invio heartbeat: {"stazioneId":"stazzaDellaMadonnaTroia","stato":"ONLINE","timestamp":"2026-08-14T12:43:29.258188675Z","tipoEvento":"HEARTBEAT","bufferSize":0}
2026-08-14 14:43:39,257 INFO  [it.uni.reti2.HeartbeatGenerator] (executor-thread-1) 💓 [HEARTBEAT] Invio heartbeat: {"stazioneId":"stazzaDellaMadonnaTroia","stato":"ONLINE","timestamp":"2026-08-14T12:43:39.257957822Z","tipoEvento":"HEARTBEAT","bufferSize":0}
2026-08-14 14:43:49,258 INFO  [it.uni.reti2.HeartbeatGenerator] (executor-thread-1) 💓 [HEARTBEAT] Invio heartbeat: {"stazioneId":"stazzaDellaMadonnaTroia","stato":"ONLINE","timestamp":"2026-08-14T12:43:49.258199381Z","tipoEvento":"HEARTBEAT","bufferSize":0}
2026-08-14 14:43:59,258 INFO  [it.uni.reti2.HeartbeatGenerator] (executor-thread-1) 💓 [HEARTBEAT] Invio heartbeat: {"stazioneId":"stazzaDellaMadonnaTroia","stato":"ONLINE","timestamp":"2026-08-14T12:43:59.258063062Z","tipoEvento":"HEARTBEAT","bufferSize":0}
2026-08-14 14:44:09,258 INFO  [it.uni.reti2.HeartbeatGenerator] (executor-thread-1) 💓 [HEARTBEAT] Invio heartbeat: {"stazioneId":"stazzaDellaMadonnaTroia","stato":"ONLINE","timestamp":"2026-08-14T12:44:09.258289030Z","tipoEvento":"HEARTBEAT","bufferSize":0}
2026-08-14 14:44:19,258 INFO  [it.uni.reti2.HeartbeatGenerator] (executor-thread-1) 💓 [HEARTBEAT] Invio heartbeat: {"stazioneId":"stazzaDellaMadonnaTroia","stato":"ONLINE","timestamp":"2026-08-14T12:44:19.258291922Z","tipoEvento":"HEARTBEAT","bufferSize":0}
2026-08-14 14:44:29,258 INFO  [it.uni.reti2.HeartbeatGenerator] (executor-thread-1) 💓 [HEARTBEAT] Invio heartbeat: {"stazioneId":"stazzaDellaMadonnaTroia","stato":"ONLINE","timestamp":"2026-08-14T12:44:29.257966719Z","tipoEvento":"HEARTBEAT","bufferSize":0}
2026-08-14 14:44:37,148 INFO  [it.uni.reti2.StationGateway] (vert.x-eventloop-thread-3) 🚂 [PASSAGGIO] Treno tenoAmmazzaRicchi in ENTRATA dalla stazione stazzaDellaMadonnaTroia
2026-08-14 14:44:39,258 INFO  [it.uni.reti2.HeartbeatGenerator] (executor-thread-1) 💓 [HEARTBEAT] Invio heartbeat: {"stazioneId":"stazzaDellaMadonnaTroia","stato":"ONLINE","timestamp":"2026-08-14T12:44:39.258098582Z","tipoEvento":"HEARTBEAT","bufferSize":0}
2026-08-14 14:44:49,258 INFO  [it.uni.reti2.HeartbeatGenerator] (executor-thread-1) 💓 [HEARTBEAT] Invio heartbeat: {"stazioneId":"stazzaDellaMadonnaTroia","stato":"ONLINE","timestamp":"2026-08-14T12:44:49.258100646Z","tipoEvento":"HEARTBEAT","bufferSize":0}
2026-08-14 14:44:58,147 INFO  [it.uni.reti2.StationGateway] (vert.x-eventloop-thread-3) 🚂 [PASSAGGIO] Treno tenoAmmazzaRicchi in USCITA dalla stazione stazzaDellaMadonnaTroia
2026-08-14 14:44:59,258 INFO  [it.uni.reti2.HeartbeatGenerator] (executor-thread-1) 💓 [HEARTBEAT] Invio heartbeat: {"stazioneId":"stazzaDellaMadonnaTroia","stato":"ONLINE","timestamp":"2026-08-14T12:44:59.258277537Z","tipoEvento":"HEARTBEAT","bufferSize":0}
2026-08-14 14:45:09,258 INFO  [it.uni.reti2.HeartbeatGenerator] (executor-thread-1) 💓 [HEARTBEAT] Invio heartbeat: {"stazioneId":"stazzaDellaMadonnaTroia","stato":"ONLINE","timestamp":"2026-08-14T12:45:09.258064016Z","tipoEvento":"HEARTBEAT","bufferSize":0}
2026-08-14 14:45:19,258 INFO  [it.uni.reti2.HeartbeatGenerator] (executor-thread-1) 💓 [HEARTBEAT] Invio heartbeat: {"stazioneId":"stazzaDellaMadonnaTroia","stato":"ONLINE","timestamp":"2026-08-14T12:45:19.258289591Z","tipoEvento":"HEARTBEAT","bufferSize":0}
2026-08-14 14:45:29,258 INFO  [it.uni.reti2.HeartbeatGenerator] (executor-thread-1) 💓 [HEARTBEAT] Invio heartbeat: {"stazioneId":"stazzaDellaMadonnaTroia","stato":"ONLINE","timestamp":"2026-08-14T12:45:29.258304233Z","tipoEvento":"HEARTBEAT","bufferSize":0}
2026-08-14 14:45:39,257 INFO  [it.uni.reti2.HeartbeatGenerator] (executor-thread-1) 💓 [HEARTBEAT] Invio heartbeat: {"stazioneId":"stazzaDellaMadonnaTroia","stato":"ONLINE","timestamp":"2026-08-14T12:45:39.257871075Z","tipoEvento":"HEARTBEAT","bufferSize":0}
2026-08-14 14:45:49,258 INFO  [it.uni.reti2.HeartbeatGenerator] (executor-thread-1) 💓 [HEARTBEAT] Invio heartbeat: {"stazioneId":"stazzaDellaMadonnaTroia","stato":"ONLINE","timestamp":"2026-08-14T12:45:49.257903568Z","tipoEvento":"HEARTBEAT","bufferSize":0}
2026-08-14 14:45:59,258 INFO  [it.uni.reti2.HeartbeatGenerator] (executor-thread-1) 💓 [HEARTBEAT] Invio heartbeat: {"stazioneId":"stazzaDellaMadonnaTroia","stato":"ONLINE","timestamp":"2026-08-14T12:45:59.257954431Z","tipoEvento":"HEARTBEAT","bufferSize":0}
2026-08-14 14:46:09,258 INFO  [it.uni.reti2.HeartbeatGenerator] (executor-thread-1) 💓 [HEARTBEAT] Invio heartbeat: {"stazioneId":"stazzaDellaMadonnaTroia","stato":"ONLINE","timestamp":"2026-08-14T12:46:09.257989011Z","tipoEvento":"HEARTBEAT","bufferSize":0}
2026-08-14 14:46:19,258 INFO  [it.uni.reti2.HeartbeatGenerator] (executor-thread-1) 💓 [HEARTBEAT] Invio heartbeat: {"stazioneId":"stazzaDellaMadonnaTroia","stato":"ONLINE","timestamp":"2026-08-14T12:46:19.258214451Z","tipoEvento":"HEARTBEAT","bufferSize":0}
2026-08-14 14:46:29,258 INFO  [it.uni.reti2.HeartbeatGenerator] (executor-thread-1) 💓 [HEARTBEAT] Invio heartbeat: {"stazioneId":"stazzaDellaMadonnaTroia","stato":"ONLINE","timestamp":"2026-08-14T12:46:29.258246935Z","tipoEvento":"HEARTBEAT","bufferSize":0}
2026-08-14 14:46:39,257 INFO  [it.uni.reti2.HeartbeatGenerator] (executor-thread-1) 💓 [HEARTBEAT] Invio heartbeat: {"stazioneId":"stazzaDellaMadonnaTroia","stato":"ONLINE","timestamp":"2026-08-14T12:46:39.257830182Z","tipoEvento":"HEARTBEAT","bufferSize":0}
2026-08-14 14:46:49,257 INFO  [it.uni.reti2.HeartbeatGenerator] (executor-thread-1) 💓 [HEARTBEAT] Invio heartbeat: {"stazioneId":"stazzaDellaMadonnaTroia","stato":"ONLINE","timestamp":"2026-08-14T12:46:49.257941849Z","tipoEvento":"HEARTBEAT","bufferSize":0}
2026-08-14 14:46:59,258 INFO  [it.uni.reti2.HeartbeatGenerator] (executor-thread-1) 💓 [HEARTBEAT] Invio heartbeat: {"stazioneId":"stazzaDellaMadonnaTroia","stato":"ONLINE","timestamp":"2026-08-14T12:46:59.258311937Z","tipoEvento":"HEARTBEAT","bufferSize":0}
2026-08-14 14:47:09,258 INFO  [it.uni.reti2.HeartbeatGenerator] (executor-thread-1) 💓 [HEARTBEAT] Invio heartbeat: {"stazioneId":"stazzaDellaMadonnaTroia","stato":"ONLINE","timestamp":"2026-08-14T12:47:09.258259883Z","tipoEvento":"HEARTBEAT","bufferSize":0}
2026-08-14 14:47:19,258 INFO  [it.uni.reti2.HeartbeatGenerator] (executor-thread-1) 💓 [HEARTBEAT] Invio heartbeat: {"stazioneId":"stazzaDellaMadonnaTroia","stato":"ONLINE","timestamp":"2026-08-14T12:47:19.258609954Z","tipoEvento":"HEARTBEAT","bufferSize":0}
2026-08-14 14:47:29,258 INFO  [it.uni.reti2.HeartbeatGenerator] (executor-thread-1) 💓 [HEARTBEAT] Invio heartbeat: {"stazioneId":"stazzaDellaMadonnaTroia","stato":"ONLINE","timestamp":"2026-08-14T12:47:29.257846150Z","tipoEvento":"HEARTBEAT","bufferSize":0}
2026-08-14 14:47:39,258 INFO  [it.uni.reti2.HeartbeatGenerator] (executor-thread-1) 💓 [HEARTBEAT] Invio heartbeat: {"stazioneId":"stazzaDellaMadonnaTroia","stato":"ONLINE","timestamp":"2026-08-14T12:47:39.257827070Z","tipoEvento":"HEARTBEAT","bufferSize":0}
2026-08-14 14:47:49,257 INFO  [it.uni.reti2.HeartbeatGenerator] (executor-thread-1) 💓 [HEARTBEAT] Invio heartbeat: {"stazioneId":"stazzaDellaMadonnaTroia","stato":"ONLINE","timestamp":"2026-08-14T12:47:49.257874546Z","tipoEvento":"HEARTBEAT","bufferSize":0}
2026-08-14 14:47:59,258 INFO  [it.uni.reti2.HeartbeatGenerator] (executor-thread-1) 💓 [HEARTBEAT] Invio heartbeat: {"stazioneId":"stazzaDellaMadonnaTroia","stato":"ONLINE","timestamp":"2026-08-14T12:47:59.258295443Z","tipoEvento":"HEARTBEAT","bufferSize":0}
2026-08-14 14:48:09,258 INFO  [it.uni.reti2.HeartbeatGenerator] (executor-thread-1) 💓 [HEARTBEAT] Invio heartbeat: {"stazioneId":"stazzaDellaMadonnaTroia","stato":"ONLINE","timestamp":"2026-08-14T12:48:09.258299576Z","tipoEvento":"HEARTBEAT","bufferSize":0}
2026-08-14 14:48:19,258 INFO  [it.uni.reti2.HeartbeatGenerator] (executor-thread-1) 💓 [HEARTBEAT] Invio heartbeat: {"stazioneId":"stazzaDellaMadonnaTroia","stato":"ONLINE","timestamp":"2026-08-14T12:48:19.258292587Z","tipoEvento":"HEARTBEAT","bufferSize":0}
2026-08-14 14:48:29,257 INFO  [it.uni.reti2.HeartbeatGenerator] (executor-thread-1) 💓 [HEARTBEAT] Invio heartbeat: {"stazioneId":"stazzaDellaMadonnaTroia","stato":"ONLINE","timestamp":"2026-08-14T12:48:29.257885547Z","tipoEvento":"HEARTBEAT","bufferSize":0}
2026-08-14 14:48:39,258 INFO  [it.uni.reti2.HeartbeatGenerator] (executor-thread-1) 💓 [HEARTBEAT] Invio heartbeat: {"stazioneId":"stazzaDellaMadonnaTroia","stato":"ONLINE","timestamp":"2026-08-14T12:48:39.258279893Z","tipoEvento":"HEARTBEAT","bufferSize":0}
2026-08-14 14:48:40,148 INFO  [it.uni.reti2.StationGateway] (vert.x-eventloop-thread-3) 🚂 [PASSAGGIO] Treno tenoAmmazzaRicchi in ENTRATA dalla stazione stazzaDellaMadonnaTroia
2026-08-14 14:48:49,258 INFO  [it.uni.reti2.HeartbeatGenerator] (executor-thread-1) 💓 [HEARTBEAT] Invio heartbeat: {"stazioneId":"stazzaDellaMadonnaTroia","stato":"ONLINE","timestamp":"2026-08-14T12:48:49.258304289Z","tipoEvento":"HEARTBEAT","bufferSize":0}
2026-08-14 14:48:59,257 INFO  [it.uni.reti2.HeartbeatGenerator] (executor-thread-1) 💓 [HEARTBEAT] Invio heartbeat: {"stazioneId":"stazzaDellaMadonnaTroia","stato":"ONLINE","timestamp":"2026-08-14T12:48:59.257850544Z","tipoEvento":"HEARTBEAT","bufferSize":0}
2026-08-14 14:49:01,148 INFO  [it.uni.reti2.StationGateway] (vert.x-eventloop-thread-3) 🚂 [PASSAGGIO] Treno tenoAmmazzaRicchi in USCITA dalla stazione stazzaDellaMadonnaTroia
2026-08-14 14:49:09,258 INFO  [it.uni.reti2.HeartbeatGenerator] (executor-thread-1) 💓 [HEARTBEAT] Invio heartbeat: {"stazioneId":"stazzaDellaMadonnaTroia","stato":"ONLINE","timestamp":"2026-08-14T12:49:09.258371318Z","tipoEvento":"HEARTBEAT","bufferSize":0}
2026-08-14 14:49:19,258 INFO  [it.uni.reti2.HeartbeatGenerator] (executor-thread-1) 💓 [HEARTBEAT] Invio heartbeat: {"stazioneId":"stazzaDellaMadonnaTroia","stato":"ONLINE","timestamp":"2026-08-14T12:49:19.258345872Z","tipoEvento":"HEARTBEAT","bufferSize":0}
2026-08-14 14:49:29,258 INFO  [it.uni.reti2.HeartbeatGenerator] (executor-thread-1) 💓 [HEARTBEAT] Invio heartbeat: {"stazioneId":"stazzaDellaMadonnaTroia","stato":"ONLINE","timestamp":"2026-08-14T12:49:29.258312979Z","tipoEvento":"HEARTBEAT","bufferSize":0}
2026-08-14 14:49:39,258 INFO  [it.uni.reti2.HeartbeatGenerator] (executor-thread-1) 💓 [HEARTBEAT] Invio heartbeat: {"stazioneId":"stazzaDellaMadonnaTroia","stato":"ONLINE","timestamp":"2026-08-14T12:49:39.258315493Z","tipoEvento":"HEARTBEAT","bufferSize":0}
2026-08-14 14:49:49,258 INFO  [it.uni.reti2.HeartbeatGenerator] (executor-thread-1) 💓 [HEARTBEAT] Invio heartbeat: {"stazioneId":"stazzaDellaMadonnaTroia","stato":"ONLINE","timestamp":"2026-08-14T12:49:49.258191771Z","tipoEvento":"HEARTBEAT","bufferSize":0}
2026-08-14 14:49:59,258 INFO  [it.uni.reti2.HeartbeatGenerator] (executor-thread-1) 💓 [HEARTBEAT] Invio heartbeat: {"stazioneId":"stazzaDellaMadonnaTroia","stato":"ONLINE","timestamp":"2026-08-14T12:49:59.258322613Z","tipoEvento":"HEARTBEAT","bufferSize":0}
2026-08-14 14:50:09,258 INFO  [it.uni.reti2.HeartbeatGenerator] (executor-thread-1) 💓 [HEARTBEAT] Invio heartbeat: {"stazioneId":"stazzaDellaMadonnaTroia","stato":"ONLINE","timestamp":"2026-08-14T12:50:09.258567116Z","tipoEvento":"HEARTBEAT","bufferSize":0}
2026-08-14 14:50:19,258 INFO  [it.uni.reti2.HeartbeatGenerator] (executor-thread-1) 💓 [HEARTBEAT] Invio heartbeat: {"stazioneId":"stazzaDellaMadonnaTroia","stato":"ONLINE","timestamp":"2026-08-14T12:50:19.258435573Z","tipoEvento":"HEARTBEAT","bufferSize":0}
2026-08-14 14:50:29,258 INFO  [it.uni.reti2.HeartbeatGenerator] (executor-thread-1) 💓 [HEARTBEAT] Invio heartbeat: {"stazioneId":"stazzaDellaMadonnaTroia","stato":"ONLINE","timestamp":"2026-08-14T12:50:29.258137218Z","tipoEvento":"HEARTBEAT","bufferSize":0}
2026-08-14 14:50:39,257 INFO  [it.uni.reti2.HeartbeatGenerator] (executor-thread-1) 💓 [HEARTBEAT] Invio heartbeat: {"stazioneId":"stazzaDellaMadonnaTroia","stato":"ONLINE","timestamp":"2026-08-14T12:50:39.257886611Z","tipoEvento":"HEARTBEAT","bufferSize":0}
2026-08-14 14:50:49,258 INFO  [it.uni.reti2.HeartbeatGenerator] (executor-thread-1) 💓 [HEARTBEAT] Invio heartbeat: {"stazioneId":"stazzaDellaMadonnaTroia","stato":"ONLINE","timestamp":"2026-08-14T12:50:49.257924480Z","tipoEvento":"HEARTBEAT","bufferSize":0}
2026-08-14 14:50:59,258 INFO  [it.uni.reti2.HeartbeatGenerator] (executor-thread-1) 💓 [HEARTBEAT] Invio heartbeat: {"stazioneId":"stazzaDellaMadonnaTroia","stato":"ONLINE","timestamp":"2026-08-14T12:50:59.257947928Z","tipoEvento":"HEARTBEAT","bufferSize":0}
2026-08-14 14:51:09,257 INFO  [it.uni.reti2.HeartbeatGenerator] (executor-thread-1) 💓 [HEARTBEAT] Invio heartbeat: {"stazioneId":"stazzaDellaMadonnaTroia","stato":"ONLINE","timestamp":"2026-08-14T12:51:09.257888948Z","tipoEvento":"HEARTBEAT","bufferSize":0}
2026-08-14 14:51:19,257 INFO  [it.uni.reti2.HeartbeatGenerator] (executor-thread-1) 💓 [HEARTBEAT] Invio heartbeat: {"stazioneId":"stazzaDellaMadonnaTroia","stato":"ONLINE","timestamp":"2026-08-14T12:51:19.257882162Z","tipoEvento":"HEARTBEAT","bufferSize":0}
2026-08-14 14:51:29,257 INFO  [it.uni.reti2.HeartbeatGenerator] (executor-thread-1) 💓 [HEARTBEAT] Invio heartbeat: {"stazioneId":"stazzaDellaMadonnaTroia","stato":"ONLINE","timestamp":"2026-08-14T12:51:29.257847204Z","tipoEvento":"HEARTBEAT","bufferSize":0}
2026-08-14 14:51:39,257 INFO  [it.uni.reti2.HeartbeatGenerator] (executor-thread-1) 💓 [HEARTBEAT] Invio heartbeat: {"stazioneId":"stazzaDellaMadonnaTroia","stato":"ONLINE","timestamp":"2026-08-14T12:51:39.257890324Z","tipoEvento":"HEARTBEAT","bufferSize":0}
2026-08-14 14:51:49,258 INFO  [it.uni.reti2.HeartbeatGenerator] (executor-thread-1) 💓 [HEARTBEAT] Invio heartbeat: {"stazioneId":"stazzaDellaMadonnaTroia","stato":"ONLINE","timestamp":"2026-08-14T12:51:49.258270944Z","tipoEvento":"HEARTBEAT","bufferSize":0}
2026-08-14 14:51:59,258 INFO  [it.uni.reti2.HeartbeatGenerator] (executor-thread-1) 💓 [HEARTBEAT] Invio heartbeat: {"stazioneId":"stazzaDellaMadonnaTroia","stato":"ONLINE","timestamp":"2026-08-14T12:51:59.258291742Z","tipoEvento":"HEARTBEAT","bufferSize":0}
2026-08-14 14:52:09,258 INFO  [it.uni.reti2.HeartbeatGenerator] (executor-thread-1) 💓 [HEARTBEAT] Invio heartbeat: {"stazioneId":"stazzaDellaMadonnaTroia","stato":"ONLINE","timestamp":"2026-08-14T12:52:09.258142003Z","tipoEvento":"HEARTBEAT","bufferSize":0}
2026-08-14 14:52:19,257 INFO  [it.uni.reti2.HeartbeatGenerator] (executor-thread-1) 💓 [HEARTBEAT] Invio heartbeat: {"stazioneId":"stazzaDellaMadonnaTroia","stato":"ONLINE","timestamp":"2026-08-14T12:52:19.257929013Z","tipoEvento":"HEARTBEAT","bufferSize":0}
2026-08-14 14:52:29,257 INFO  [it.uni.reti2.HeartbeatGenerator] (executor-thread-1) 💓 [HEARTBEAT] Invio heartbeat: {"stazioneId":"stazzaDellaMadonnaTroia","stato":"ONLINE","timestamp":"2026-08-14T12:52:29.257909552Z","tipoEvento":"HEARTBEAT","bufferSize":0}
2026-08-14 14:52:39,258 INFO  [it.uni.reti2.HeartbeatGenerator] (executor-thread-1) 💓 [HEARTBEAT] Invio heartbeat: {"stazioneId":"stazzaDellaMadonnaTroia","stato":"ONLINE","timestamp":"2026-08-14T12:52:39.257924780Z","tipoEvento":"HEARTBEAT","bufferSize":0}
2026-08-14 14:52:49,258 INFO  [it.uni.reti2.HeartbeatGenerator] (executor-thread-1) 💓 [HEARTBEAT] Invio heartbeat: {"stazioneId":"stazzaDellaMadonnaTroia","stato":"ONLINE","timestamp":"2026-08-14T12:52:49.257950143Z","tipoEvento":"HEARTBEAT","bufferSize":0}
2026-08-14 14:52:59,257 INFO  [it.uni.reti2.HeartbeatGenerator] (executor-thread-1) 💓 [HEARTBEAT] Invio heartbeat: {"stazioneId":"stazzaDellaMadonnaTroia","stato":"ONLINE","timestamp":"2026-08-14T12:52:59.257874230Z","tipoEvento":"HEARTBEAT","bufferSize":0}
2026-08-14 14:53:09,258 INFO  [it.uni.reti2.HeartbeatGenerator] (executor-thread-1) 💓 [HEARTBEAT] Invio heartbeat: {"stazioneId":"stazzaDellaMadonnaTroia","stato":"ONLINE","timestamp":"2026-08-14T12:53:09.257993756Z","tipoEvento":"HEARTBEAT","bufferSize":0}
2026-08-14 14:53:19,257 INFO  [it.uni.reti2.HeartbeatGenerator] (executor-thread-1) 💓 [HEARTBEAT] Invio heartbeat: {"stazioneId":"stazzaDellaMadonnaTroia","stato":"ONLINE","timestamp":"2026-08-14T12:53:19.257882454Z","tipoEvento":"HEARTBEAT","bufferSize":0}
2026-08-14 14:53:29,258 INFO  [it.uni.reti2.HeartbeatGenerator] (executor-thread-1) 💓 [HEARTBEAT] Invio heartbeat: {"stazioneId":"stazzaDellaMadonnaTroia","stato":"ONLINE","timestamp":"2026-08-14T12:53:29.258302737Z","tipoEvento":"HEARTBEAT","bufferSize":0}
2026-08-14 14:53:39,258 INFO  [it.uni.reti2.HeartbeatGenerator] (executor-thread-1) 💓 [HEARTBEAT] Invio heartbeat: {"stazioneId":"stazzaDellaMadonnaTroia","stato":"ONLINE","timestamp":"2026-08-14T12:53:39.258284481Z","tipoEvento":"HEARTBEAT","bufferSize":0}
2026-08-14 14:53:49,257 INFO  [it.uni.reti2.HeartbeatGenerator] (executor-thread-1) 💓 [HEARTBEAT] Invio heartbeat: {"stazioneId":"stazzaDellaMadonnaTroia","stato":"ONLINE","timestamp":"2026-08-14T12:53:49.257818059Z","tipoEvento":"HEARTBEAT","bufferSize":0}
2026-08-14 14:53:59,258 INFO  [it.uni.reti2.HeartbeatGenerator] (executor-thread-1) 💓 [HEARTBEAT] Invio heartbeat: {"stazioneId":"stazzaDellaMadonnaTroia","stato":"ONLINE","timestamp":"2026-08-14T12:53:59.258328356Z","tipoEvento":"HEARTBEAT","bufferSize":0}
2026-08-14 14:54:09,258 INFO  [it.uni.reti2.HeartbeatGenerator] (executor-thread-1) 💓 [HEARTBEAT] Invio heartbeat: {"stazioneId":"stazzaDellaMadonnaTroia","stato":"ONLINE","timestamp":"2026-08-14T12:54:09.258156761Z","tipoEvento":"HEARTBEAT","bufferSize":0}
2026-08-14 14:54:19,258 INFO  [it.uni.reti2.HeartbeatGenerator] (executor-thread-1) 💓 [HEARTBEAT] Invio heartbeat: {"stazioneId":"stazzaDellaMadonnaTroia","stato":"ONLINE","timestamp":"2026-08-14T12:54:19.258340665Z","tipoEvento":"HEARTBEAT","bufferSize":0}
2026-08-14 14:54:27,148 INFO  [it.uni.reti2.StationGateway] (vert.x-eventloop-thread-3) 🚂 [PASSAGGIO] Treno Mario in ENTRATA dalla stazione stazzaDellaMadonnaTroia
2026-08-14 14:54:29,257 INFO  [it.uni.reti2.HeartbeatGenerator] (executor-thread-1) 💓 [HEARTBEAT] Invio heartbeat: {"stazioneId":"stazzaDellaMadonnaTroia","stato":"ONLINE","timestamp":"2026-08-14T12:54:29.257834451Z","tipoEvento":"HEARTBEAT","bufferSize":0}
2026-08-14 14:54:39,257 INFO  [it.uni.reti2.HeartbeatGenerator] (executor-thread-1) 💓 [HEARTBEAT] Invio heartbeat: {"stazioneId":"stazzaDellaMadonnaTroia","stato":"ONLINE","timestamp":"2026-08-14T12:54:39.257878554Z","tipoEvento":"HEARTBEAT","bufferSize":0}
2026-08-14 14:54:48,148 INFO  [it.uni.reti2.StationGateway] (vert.x-eventloop-thread-3) 🚂 [PASSAGGIO] Treno Mario in USCITA dalla stazione stazzaDellaMadonnaTroia
2026-08-14 14:54:49,258 INFO  [it.uni.reti2.HeartbeatGenerator] (executor-thread-1) 💓 [HEARTBEAT] Invio heartbeat: {"stazioneId":"stazzaDellaMadonnaTroia","stato":"ONLINE","timestamp":"2026-08-14T12:54:49.258354218Z","tipoEvento":"HEARTBEAT","bufferSize":0}
2026-08-14 14:54:59,258 INFO  [it.uni.reti2.HeartbeatGenerator] (executor-thread-1) 💓 [HEARTBEAT] Invio heartbeat: {"stazioneId":"stazzaDellaMadonnaTroia","stato":"ONLINE","timestamp":"2026-08-14T12:54:59.258215255Z","tipoEvento":"HEARTBEAT","bufferSize":0}
2026-08-14 14:55:09,257 INFO  [it.uni.reti2.HeartbeatGenerator] (executor-thread-1) 💓 [HEARTBEAT] Invio heartbeat: {"stazioneId":"stazzaDellaMadonnaTroia","stato":"ONLINE","timestamp":"2026-08-14T12:55:09.257856563Z","tipoEvento":"HEARTBEAT","bufferSize":0}
2026-08-14 14:55:19,257 INFO  [it.uni.reti2.HeartbeatGenerator] (executor-thread-1) 💓 [HEARTBEAT] Invio heartbeat: {"stazioneId":"stazzaDellaMadonnaTroia","stato":"ONLINE","timestamp":"2026-08-14T12:55:19.257864778Z","tipoEvento":"HEARTBEAT","bufferSize":0}
2026-08-14 14:55:29,258 INFO  [it.uni.reti2.HeartbeatGenerator] (executor-thread-1) 💓 [HEARTBEAT] Invio heartbeat: {"stazioneId":"stazzaDellaMadonnaTroia","stato":"ONLINE","timestamp":"2026-08-14T12:55:29.258284439Z","tipoEvento":"HEARTBEAT","bufferSize":0}
2026-08-14 14:55:39,258 INFO  [it.uni.reti2.HeartbeatGenerator] (executor-thread-1) 💓 [HEARTBEAT] Invio heartbeat: {"stazioneId":"stazzaDellaMadonnaTroia","stato":"ONLINE","timestamp":"2026-08-14T12:55:39.257909877Z","tipoEvento":"HEARTBEAT","bufferSize":0}
2026-08-14 14:55:49,258 INFO  [it.uni.reti2.HeartbeatGenerator] (executor-thread-1) 💓 [HEARTBEAT] Invio heartbeat: {"stazioneId":"stazzaDellaMadonnaTroia","stato":"ONLINE","timestamp":"2026-08-14T12:55:49.258283338Z","tipoEvento":"HEARTBEAT","bufferSize":0}
2026-08-14 14:55:59,258 INFO  [it.uni.reti2.HeartbeatGenerator] (executor-thread-1) 💓 [HEARTBEAT] Invio heartbeat: {"stazioneId":"stazzaDellaMadonnaTroia","stato":"ONLINE","timestamp":"2026-08-14T12:55:59.258111754Z","tipoEvento":"HEARTBEAT","bufferSize":0}
2026-08-14 14:56:09,258 INFO  [it.uni.reti2.HeartbeatGenerator] (executor-thread-1) 💓 [HEARTBEAT] Invio heartbeat: {"stazioneId":"stazzaDellaMadonnaTroia","stato":"ONLINE","timestamp":"2026-08-14T12:56:09.257938496Z","tipoEvento":"HEARTBEAT","bufferSize":0}
2026-08-14 14:56:19,258 INFO  [it.uni.reti2.HeartbeatGenerator] (executor-thread-1) 💓 [HEARTBEAT] Invio heartbeat: {"stazioneId":"stazzaDellaMadonnaTroia","stato":"ONLINE","timestamp":"2026-08-14T12:56:19.258167619Z","tipoEvento":"HEARTBEAT","bufferSize":0}
2026-08-14 14:56:29,257 INFO  [it.uni.reti2.HeartbeatGenerator] (executor-thread-1) 💓 [HEARTBEAT] Invio heartbeat: {"stazioneId":"stazzaDellaMadonnaTroia","stato":"ONLINE","timestamp":"2026-08-14T12:56:29.257932397Z","tipoEvento":"HEARTBEAT","bufferSize":0}
2026-08-14 14:56:39,257 INFO  [it.uni.reti2.HeartbeatGenerator] (executor-thread-1) 💓 [HEARTBEAT] Invio heartbeat: {"stazioneId":"stazzaDellaMadonnaTroia","stato":"ONLINE","timestamp":"2026-08-14T12:56:39.257889847Z","tipoEvento":"HEARTBEAT","bufferSize":0}
2026-08-14 14:56:49,257 INFO  [it.uni.reti2.HeartbeatGenerator] (executor-thread-1) 💓 [HEARTBEAT] Invio heartbeat: {"stazioneId":"stazzaDellaMadonnaTroia","stato":"ONLINE","timestamp":"2026-08-14T12:56:49.257789084Z","tipoEvento":"HEARTBEAT","bufferSize":0}
2026-08-14 14:56:59,258 INFO  [it.uni.reti2.HeartbeatGenerator] (executor-thread-1) 💓 [HEARTBEAT] Invio heartbeat: {"stazioneId":"stazzaDellaMadonnaTroia","stato":"ONLINE","timestamp":"2026-08-14T12:56:59.258351379Z","tipoEvento":"HEARTBEAT","bufferSize":0}
2026-08-14 14:57:09,257 INFO  [it.uni.reti2.HeartbeatGenerator] (executor-thread-1) 💓 [HEARTBEAT] Invio heartbeat: {"stazioneId":"stazzaDellaMadonnaTroia","stato":"ONLINE","timestamp":"2026-08-14T12:57:09.257942431Z","tipoEvento":"HEARTBEAT","bufferSize":0}
2026-08-14 14:57:19,258 INFO  [it.uni.reti2.HeartbeatGenerator] (executor-thread-1) 💓 [HEARTBEAT] Invio heartbeat: {"stazioneId":"stazzaDellaMadonnaTroia","stato":"ONLINE","timestamp":"2026-08-14T12:57:19.258383395Z","tipoEvento":"HEARTBEAT","bufferSize":0}
2026-08-14 14:57:29,258 INFO  [it.uni.reti2.HeartbeatGenerator] (executor-thread-1) 💓 [HEARTBEAT] Invio heartbeat: {"stazioneId":"stazzaDellaMadonnaTroia","stato":"ONLINE","timestamp":"2026-08-14T12:57:29.257888391Z","tipoEvento":"HEARTBEAT","bufferSize":0}
2026-08-14 14:57:39,257 INFO  [it.uni.reti2.HeartbeatGenerator] (executor-thread-1) 💓 [HEARTBEAT] Invio heartbeat: {"stazioneId":"stazzaDellaMadonnaTroia","stato":"ONLINE","timestamp":"2026-08-14T12:57:39.257824257Z","tipoEvento":"HEARTBEAT","bufferSize":0}
2026-08-14 14:57:49,257 INFO  [it.uni.reti2.HeartbeatGenerator] (executor-thread-1) 💓 [HEARTBEAT] Invio heartbeat: {"stazioneId":"stazzaDellaMadonnaTroia","stato":"ONLINE","timestamp":"2026-08-14T12:57:49.257898309Z","tipoEvento":"HEARTBEAT","bufferSize":0}
2026-08-14 14:57:59,258 INFO  [it.uni.reti2.HeartbeatGenerator] (executor-thread-1) 💓 [HEARTBEAT] Invio heartbeat: {"stazioneId":"stazzaDellaMadonnaTroia","stato":"ONLINE","timestamp":"2026-08-14T12:57:59.258247065Z","tipoEvento":"HEARTBEAT","bufferSize":0}
2026-08-14 14:58:09,257 INFO  [it.uni.reti2.HeartbeatGenerator] (executor-thread-1) 💓 [HEARTBEAT] Invio heartbeat: {"stazioneId":"stazzaDellaMadonnaTroia","stato":"ONLINE","timestamp":"2026-08-14T12:58:09.257889239Z","tipoEvento":"HEARTBEAT","bufferSize":0}
2026-08-14 14:58:19,258 INFO  [it.uni.reti2.HeartbeatGenerator] (executor-thread-1) 💓 [HEARTBEAT] Invio heartbeat: {"stazioneId":"stazzaDellaMadonnaTroia","stato":"ONLINE","timestamp":"2026-08-14T12:58:19.258093129Z","tipoEvento":"HEARTBEAT","bufferSize":0}
2026-08-14 14:58:29,258 INFO  [it.uni.reti2.HeartbeatGenerator] (executor-thread-1) 💓 [HEARTBEAT] Invio heartbeat: {"stazioneId":"stazzaDellaMadonnaTroia","stato":"ONLINE","timestamp":"2026-08-14T12:58:29.258031788Z","tipoEvento":"HEARTBEAT","bufferSize":0}
2026-08-14 14:58:30,148 INFO  [it.uni.reti2.StationGateway] (vert.x-eventloop-thread-3) 🚂 [PASSAGGIO] Treno Mario in ENTRATA dalla stazione stazzaDellaMadonnaTroia
2026-08-14 14:58:39,258 INFO  [it.uni.reti2.HeartbeatGenerator] (executor-thread-1) 💓 [HEARTBEAT] Invio heartbeat: {"stazioneId":"stazzaDellaMadonnaTroia","stato":"ONLINE","timestamp":"2026-08-14T12:58:39.258288857Z","tipoEvento":"HEARTBEAT","bufferSize":0}
2026-08-14 14:58:49,257 INFO  [it.uni.reti2.HeartbeatGenerator] (executor-thread-1) 💓 [HEARTBEAT] Invio heartbeat: {"stazioneId":"stazzaDellaMadonnaTroia","stato":"ONLINE","timestamp":"2026-08-14T12:58:49.257880741Z","tipoEvento":"HEARTBEAT","bufferSize":0}
2026-08-14 14:58:50,148 INFO  [it.uni.reti2.StationGateway] (vert.x-eventloop-thread-3) 🚂 [PASSAGGIO] Treno Mario in USCITA dalla stazione stazzaDellaMadonnaTroia
2026-08-14 14:58:59,257 INFO  [it.uni.reti2.HeartbeatGenerator] (executor-thread-1) 💓 [HEARTBEAT] Invio heartbeat: {"stazioneId":"stazzaDellaMadonnaTroia","stato":"ONLINE","timestamp":"2026-08-14T12:58:59.257908296Z","tipoEvento":"HEARTBEAT","bufferSize":0}
2026-08-14 14:59:09,257 INFO  [it.uni.reti2.HeartbeatGenerator] (executor-thread-1) 💓 [HEARTBEAT] Invio heartbeat: {"stazioneId":"stazzaDellaMadonnaTroia","stato":"ONLINE","timestamp":"2026-08-14T12:59:09.257866319Z","tipoEvento":"HEARTBEAT","bufferSize":0}
2026-08-14 14:59:19,258 INFO  [it.uni.reti2.HeartbeatGenerator] (executor-thread-1) 💓 [HEARTBEAT] Invio heartbeat: {"stazioneId":"stazzaDellaMadonnaTroia","stato":"ONLINE","timestamp":"2026-08-14T12:59:19.258053055Z","tipoEvento":"HEARTBEAT","bufferSize":0}
2026-08-14 14:59:29,258 INFO  [it.uni.reti2.HeartbeatGenerator] (executor-thread-1) 💓 [HEARTBEAT] Invio heartbeat: {"stazioneId":"stazzaDellaMadonnaTroia","stato":"ONLINE","timestamp":"2026-08-14T12:59:29.258309815Z","tipoEvento":"HEARTBEAT","bufferSize":0}
2026-08-14 14:59:39,257 INFO  [it.uni.reti2.HeartbeatGenerator] (executor-thread-1) 💓 [HEARTBEAT] Invio heartbeat: {"stazioneId":"stazzaDellaMadonnaTroia","stato":"ONLINE","timestamp":"2026-08-14T12:59:39.257906080Z","tipoEvento":"HEARTBEAT","bufferSize":0}
2026-08-14 14:59:49,258 INFO  [it.uni.reti2.HeartbeatGenerator] (executor-thread-1) 💓 [HEARTBEAT] Invio heartbeat: {"stazioneId":"stazzaDellaMadonnaTroia","stato":"ONLINE","timestamp":"2026-08-14T12:59:49.258080535Z","tipoEvento":"HEARTBEAT","bufferSize":0}
2026-08-14 14:59:59,257 INFO  [it.uni.reti2.HeartbeatGenerator] (executor-thread-1) 💓 [HEARTBEAT] Invio heartbeat: {"stazioneId":"stazzaDellaMadonnaTroia","stato":"ONLINE","timestamp":"2026-08-14T12:59:59.257847049Z","tipoEvento":"HEARTBEAT","bufferSize":0}
2026-08-14 15:00:09,147 INFO  [it.uni.reti2.StationGateway] (vert.x-eventloop-thread-3) 🚂 [PASSAGGIO] Treno tenoAmmazzaRicchi in ENTRATA dalla stazione stazzaDellaMadonnaTroia
2026-08-14 15:00:09,257 INFO  [it.uni.reti2.HeartbeatGenerator] (executor-thread-1) 💓 [HEARTBEAT] Invio heartbeat: {"stazioneId":"stazzaDellaMadonnaTroia","stato":"ONLINE","timestamp":"2026-08-14T13:00:09.257762163Z","tipoEvento":"HEARTBEAT","bufferSize":0}
2026-08-14 15:00:19,257 INFO  [it.uni.reti2.HeartbeatGenerator] (executor-thread-1) 💓 [HEARTBEAT] Invio heartbeat: {"stazioneId":"stazzaDellaMadonnaTroia","stato":"ONLINE","timestamp":"2026-08-14T13:00:19.257837844Z","tipoEvento":"HEARTBEAT","bufferSize":0}
2026-08-14 15:00:29,148 INFO  [it.uni.reti2.StationGateway] (vert.x-eventloop-thread-3) 🚂 [PASSAGGIO] Treno tenoAmmazzaRicchi in USCITA dalla stazione stazzaDellaMadonnaTroia
2026-08-14 15:00:29,258 INFO  [it.uni.reti2.HeartbeatGenerator] (executor-thread-1) 💓 [HEARTBEAT] Invio heartbeat: {"stazioneId":"stazzaDellaMadonnaTroia","stato":"ONLINE","timestamp":"2026-08-14T13:00:29.257993877Z","tipoEvento":"HEARTBEAT","bufferSize":0}
2026-08-14 15:00:39,257 INFO  [it.uni.reti2.HeartbeatGenerator] (executor-thread-1) 💓 [HEARTBEAT] Invio heartbeat: {"stazioneId":"stazzaDellaMadonnaTroia","stato":"ONLINE","timestamp":"2026-08-14T13:00:39.257840456Z","tipoEvento":"HEARTBEAT","bufferSize":0}
2026-08-14 15:00:49,258 INFO  [it.uni.reti2.HeartbeatGenerator] (executor-thread-1) 💓 [HEARTBEAT] Invio heartbeat: {"stazioneId":"stazzaDellaMadonnaTroia","stato":"ONLINE","timestamp":"2026-08-14T13:00:49.258104482Z","tipoEvento":"HEARTBEAT","bufferSize":0}
2026-08-14 15:00:59,258 INFO  [it.uni.reti2.HeartbeatGenerator] (executor-thread-1) 💓 [HEARTBEAT] Invio heartbeat: {"stazioneId":"stazzaDellaMadonnaTroia","stato":"ONLINE","timestamp":"2026-08-14T13:00:59.258023025Z","tipoEvento":"HEARTBEAT","bufferSize":0}
2026-08-14 15:01:09,257 INFO  [it.uni.reti2.HeartbeatGenerator] (executor-thread-1) 💓 [HEARTBEAT] Invio heartbeat: {"stazioneId":"stazzaDellaMadonnaTroia","stato":"ONLINE","timestamp":"2026-08-14T13:01:09.257732358Z","tipoEvento":"HEARTBEAT","bufferSize":0}
2026-08-14 15:01:19,258 INFO  [it.uni.reti2.HeartbeatGenerator] (executor-thread-1) 💓 [HEARTBEAT] Invio heartbeat: {"stazioneId":"stazzaDellaMadonnaTroia","stato":"ONLINE","timestamp":"2026-08-14T13:01:19.257893151Z","tipoEvento":"HEARTBEAT","bufferSize":0}
2026-08-14 15:01:29,257 INFO  [it.uni.reti2.HeartbeatGenerator] (executor-thread-1) 💓 [HEARTBEAT] Invio heartbeat: {"stazioneId":"stazzaDellaMadonnaTroia","stato":"ONLINE","timestamp":"2026-08-14T13:01:29.257887353Z","tipoEvento":"HEARTBEAT","bufferSize":0}
2026-08-14 15:01:39,258 INFO  [it.uni.reti2.HeartbeatGenerator] (executor-thread-1) 💓 [HEARTBEAT] Invio heartbeat: {"stazioneId":"stazzaDellaMadonnaTroia","stato":"ONLINE","timestamp":"2026-08-14T13:01:39.258251669Z","tipoEvento":"HEARTBEAT","bufferSize":0}
2026-08-14 15:01:49,257 INFO  [it.uni.reti2.HeartbeatGenerator] (executor-thread-1) 💓 [HEARTBEAT] Invio heartbeat: {"stazioneId":"stazzaDellaMadonnaTroia","stato":"ONLINE","timestamp":"2026-08-14T13:01:49.257821185Z","tipoEvento":"HEARTBEAT","bufferSize":0}
2026-08-14 15:01:59,257 INFO  [it.uni.reti2.HeartbeatGenerator] (executor-thread-1) 💓 [HEARTBEAT] Invio heartbeat: {"stazioneId":"stazzaDellaMadonnaTroia","stato":"ONLINE","timestamp":"2026-08-14T13:01:59.257718225Z","tipoEvento":"HEARTBEAT","bufferSize":0}
2026-08-14 15:02:09,258 INFO  [it.uni.reti2.HeartbeatGenerator] (executor-thread-1) 💓 [HEARTBEAT] Invio heartbeat: {"stazioneId":"stazzaDellaMadonnaTroia","stato":"ONLINE","timestamp":"2026-08-14T13:02:09.258376418Z","tipoEvento":"HEARTBEAT","bufferSize":0}
2026-08-14 15:02:19,257 INFO  [it.uni.reti2.HeartbeatGenerator] (executor-thread-1) 💓 [HEARTBEAT] Invio heartbeat: {"stazioneId":"stazzaDellaMadonnaTroia","stato":"ONLINE","timestamp":"2026-08-14T13:02:19.257772275Z","tipoEvento":"HEARTBEAT","bufferSize":0}
2026-08-14 15:02:19,568 WARN  [it.uni.reti2.StationGateway] (vert.x-eventloop-thread-1) 🚨 [ALERT RICEVUTO] La Centrale dice: {"tipoEvento":"STOP","target":"TRENO_TEST_12f7","motivo":"Soppresso da operatore","timestamp":"2026-08-14T13:02:19.564253437Z"}
2026-08-14 15:02:19,603 WARN  [it.uni.reti2.StationGateway] (vert.x-eventloop-thread-1) 🚨 [ALERT RICEVUTO] La Centrale dice: {"tipoEvento":"STOP","target":"TRENO_TEST_12f7","motivo":"Treno eliminato da operatore","timestamp":"2026-08-14T13:02:19.602293237Z"}
2026-08-14 15:02:29,258 INFO  [it.uni.reti2.HeartbeatGenerator] (executor-thread-1) 💓 [HEARTBEAT] Invio heartbeat: {"stazioneId":"stazzaDellaMadonnaTroia","stato":"ONLINE","timestamp":"2026-08-14T13:02:29.258379326Z","tipoEvento":"HEARTBEAT","bufferSize":0}
2026-08-14 15:02:39,258 INFO  [it.uni.reti2.HeartbeatGenerator] (executor-thread-1) 💓 [HEARTBEAT] Invio heartbeat: {"stazioneId":"stazzaDellaMadonnaTroia","stato":"ONLINE","timestamp":"2026-08-14T13:02:39.258152141Z","tipoEvento":"HEARTBEAT","bufferSize":0}
2026-08-14 15:02:49,258 INFO  [it.uni.reti2.HeartbeatGenerator] (executor-thread-1) 💓 [HEARTBEAT] Invio heartbeat: {"stazioneId":"stazzaDellaMadonnaTroia","stato":"ONLINE","timestamp":"2026-08-14T13:02:49.258289094Z","tipoEvento":"HEARTBEAT","bufferSize":0}
2026-08-14 15:02:59,258 INFO  [it.uni.reti2.HeartbeatGenerator] (executor-thread-1) 💓 [HEARTBEAT] Invio heartbeat: {"stazioneId":"stazzaDellaMadonnaTroia","stato":"ONLINE","timestamp":"2026-08-14T13:02:59.258285505Z","tipoEvento":"HEARTBEAT","bufferSize":0}
2026-08-14 15:03:09,257 INFO  [it.uni.reti2.HeartbeatGenerator] (executor-thread-1) 💓 [HEARTBEAT] Invio heartbeat: {"stazioneId":"stazzaDellaMadonnaTroia","stato":"ONLINE","timestamp":"2026-08-14T13:03:09.257893020Z","tipoEvento":"HEARTBEAT","bufferSize":0}
2026-08-14 15:03:19,257 INFO  [it.uni.reti2.HeartbeatGenerator] (executor-thread-1) 💓 [HEARTBEAT] Invio heartbeat: {"stazioneId":"stazzaDellaMadonnaTroia","stato":"ONLINE","timestamp":"2026-08-14T13:03:19.257878117Z","tipoEvento":"HEARTBEAT","bufferSize":0}
2026-08-14 15:03:29,258 INFO  [it.uni.reti2.HeartbeatGenerator] (executor-thread-1) 💓 [HEARTBEAT] Invio heartbeat: {"stazioneId":"stazzaDellaMadonnaTroia","stato":"ONLINE","timestamp":"2026-08-14T13:03:29.258250140Z","tipoEvento":"HEARTBEAT","bufferSize":0}
2026-08-14 15:03:39,257 INFO  [it.uni.reti2.HeartbeatGenerator] (executor-thread-1) 💓 [HEARTBEAT] Invio heartbeat: {"stazioneId":"stazzaDellaMadonnaTroia","stato":"ONLINE","timestamp":"2026-08-14T13:03:39.257871300Z","tipoEvento":"HEARTBEAT","bufferSize":0}
2026-08-14 15:03:49,258 INFO  [it.uni.reti2.HeartbeatGenerator] (executor-thread-1) 💓 [HEARTBEAT] Invio heartbeat: {"stazioneId":"stazzaDellaMadonnaTroia","stato":"ONLINE","timestamp":"2026-08-14T13:03:49.258210644Z","tipoEvento":"HEARTBEAT","bufferSize":0}
2026-08-14 15:03:59,258 INFO  [it.uni.reti2.HeartbeatGenerator] (executor-thread-1) 💓 [HEARTBEAT] Invio heartbeat: {"stazioneId":"stazzaDellaMadonnaTroia","stato":"ONLINE","timestamp":"2026-08-14T13:03:59.258342139Z","tipoEvento":"HEARTBEAT","bufferSize":0}
2026-08-14 15:04:09,257 INFO  [it.uni.reti2.HeartbeatGenerator] (executor-thread-1) 💓 [HEARTBEAT] Invio heartbeat: {"stazioneId":"stazzaDellaMadonnaTroia","stato":"ONLINE","timestamp":"2026-08-14T13:04:09.257827315Z","tipoEvento":"HEARTBEAT","bufferSize":0}
2026-08-14 15:04:11,155 INFO  [it.uni.reti2.StationGateway] (vert.x-eventloop-thread-3) 🚂 [PASSAGGIO] Treno tenoAmmazzaRicchi in ENTRATA dalla stazione stazzaDellaMadonnaTroia
2026-08-14 15:04:19,257 INFO  [it.uni.reti2.HeartbeatGenerator] (executor-thread-1) 💓 [HEARTBEAT] Invio heartbeat: {"stazioneId":"stazzaDellaMadonnaTroia","stato":"ONLINE","timestamp":"2026-08-14T13:04:19.257944099Z","tipoEvento":"HEARTBEAT","bufferSize":0}
2026-08-14 15:04:29,257 INFO  [it.uni.reti2.HeartbeatGenerator] (executor-thread-1) 💓 [HEARTBEAT] Invio heartbeat: {"stazioneId":"stazzaDellaMadonnaTroia","stato":"ONLINE","timestamp":"2026-08-14T13:04:29.257871089Z","tipoEvento":"HEARTBEAT","bufferSize":0}
2026-08-14 15:04:31,166 INFO  [it.uni.reti2.StationGateway] (vert.x-eventloop-thread-3) 🚂 [PASSAGGIO] Treno tenoAmmazzaRicchi in USCITA dalla stazione stazzaDellaMadonnaTroia
2026-08-14 15:04:39,258 INFO  [it.uni.reti2.HeartbeatGenerator] (executor-thread-1) 💓 [HEARTBEAT] Invio heartbeat: {"stazioneId":"stazzaDellaMadonnaTroia","stato":"ONLINE","timestamp":"2026-08-14T13:04:39.258286060Z","tipoEvento":"HEARTBEAT","bufferSize":0}
2026-08-14 15:04:49,258 INFO  [it.uni.reti2.HeartbeatGenerator] (executor-thread-1) 💓 [HEARTBEAT] Invio heartbeat: {"stazioneId":"stazzaDellaMadonnaTroia","stato":"ONLINE","timestamp":"2026-08-14T13:04:49.258270122Z","tipoEvento":"HEARTBEAT","bufferSize":0}
2026-08-14 15:04:59,258 INFO  [it.uni.reti2.HeartbeatGenerator] (executor-thread-1) 💓 [HEARTBEAT] Invio heartbeat: {"stazioneId":"stazzaDellaMadonnaTroia","stato":"ONLINE","timestamp":"2026-08-14T13:04:59.258544854Z","tipoEvento":"HEARTBEAT","bufferSize":0}
2026-08-14 15:05:09,257 INFO  [it.uni.reti2.HeartbeatGenerator] (executor-thread-1) 💓 [HEARTBEAT] Invio heartbeat: {"stazioneId":"stazzaDellaMadonnaTroia","stato":"ONLINE","timestamp":"2026-08-14T13:05:09.257909452Z","tipoEvento":"HEARTBEAT","bufferSize":0}
2026-08-14 15:05:19,258 INFO  [it.uni.reti2.HeartbeatGenerator] (executor-thread-1) 💓 [HEARTBEAT] Invio heartbeat: {"stazioneId":"stazzaDellaMadonnaTroia","stato":"ONLINE","timestamp":"2026-08-14T13:05:19.258311375Z","tipoEvento":"HEARTBEAT","bufferSize":0}
2026-08-14 15:05:29,258 INFO  [it.uni.reti2.HeartbeatGenerator] (executor-thread-1) 💓 [HEARTBEAT] Invio heartbeat: {"stazioneId":"stazzaDellaMadonnaTroia","stato":"ONLINE","timestamp":"2026-08-14T13:05:29.258245072Z","tipoEvento":"HEARTBEAT","bufferSize":0}
2026-08-14 15:05:39,258 INFO  [it.uni.reti2.HeartbeatGenerator] (executor-thread-1) 💓 [HEARTBEAT] Invio heartbeat: {"stazioneId":"stazzaDellaMadonnaTroia","stato":"ONLINE","timestamp":"2026-08-14T13:05:39.258188913Z","tipoEvento":"HEARTBEAT","bufferSize":0}
2026-08-14 15:05:49,258 INFO  [it.uni.reti2.HeartbeatGenerator] (executor-thread-1) 💓 [HEARTBEAT] Invio heartbeat: {"stazioneId":"stazzaDellaMadonnaTroia","stato":"ONLINE","timestamp":"2026-08-14T13:05:49.258335194Z","tipoEvento":"HEARTBEAT","bufferSize":0}
2026-08-14 15:05:59,258 INFO  [it.uni.reti2.HeartbeatGenerator] (executor-thread-1) 💓 [HEARTBEAT] Invio heartbeat: {"stazioneId":"stazzaDellaMadonnaTroia","stato":"ONLINE","timestamp":"2026-08-14T13:05:59.258303680Z","tipoEvento":"HEARTBEAT","bufferSize":0}
2026-08-14 15:06:09,258 INFO  [it.uni.reti2.HeartbeatGenerator] (executor-thread-1) 💓 [HEARTBEAT] Invio heartbeat: {"stazioneId":"stazzaDellaMadonnaTroia","stato":"ONLINE","timestamp":"2026-08-14T13:06:09.258514099Z","tipoEvento":"HEARTBEAT","bufferSize":0}
2026-08-14 15:06:19,258 INFO  [it.uni.reti2.HeartbeatGenerator] (executor-thread-1) 💓 [HEARTBEAT] Invio heartbeat: {"stazioneId":"stazzaDellaMadonnaTroia","stato":"ONLINE","timestamp":"2026-08-14T13:06:19.258298231Z","tipoEvento":"HEARTBEAT","bufferSize":0}
2026-08-14 15:06:29,258 INFO  [it.uni.reti2.HeartbeatGenerator] (executor-thread-1) 💓 [HEARTBEAT] Invio heartbeat: {"stazioneId":"stazzaDellaMadonnaTroia","stato":"ONLINE","timestamp":"2026-08-14T13:06:29.258215109Z","tipoEvento":"HEARTBEAT","bufferSize":0}
2026-08-14 15:06:39,258 INFO  [it.uni.reti2.HeartbeatGenerator] (executor-thread-1) 💓 [HEARTBEAT] Invio heartbeat: {"stazioneId":"stazzaDellaMadonnaTroia","stato":"ONLINE","timestamp":"2026-08-14T13:06:39.258309858Z","tipoEvento":"HEARTBEAT","bufferSize":0}
2026-08-14 15:06:49,258 INFO  [it.uni.reti2.HeartbeatGenerator] (executor-thread-1) 💓 [HEARTBEAT] Invio heartbeat: {"stazioneId":"stazzaDellaMadonnaTroia","stato":"ONLINE","timestamp":"2026-08-14T13:06:49.258329423Z","tipoEvento":"HEARTBEAT","bufferSize":0}
2026-08-14 15:06:59,258 INFO  [it.uni.reti2.HeartbeatGenerator] (executor-thread-1) 💓 [HEARTBEAT] Invio heartbeat: {"stazioneId":"stazzaDellaMadonnaTroia","stato":"ONLINE","timestamp":"2026-08-14T13:06:59.257967847Z","tipoEvento":"HEARTBEAT","bufferSize":0}
2026-08-14 15:07:09,257 INFO  [it.uni.reti2.HeartbeatGenerator] (executor-thread-1) 💓 [HEARTBEAT] Invio heartbeat: {"stazioneId":"stazzaDellaMadonnaTroia","stato":"ONLINE","timestamp":"2026-08-14T13:07:09.257822626Z","tipoEvento":"HEARTBEAT","bufferSize":0}
2026-08-14 15:07:19,257 INFO  [it.uni.reti2.HeartbeatGenerator] (executor-thread-1) 💓 [HEARTBEAT] Invio heartbeat: {"stazioneId":"stazzaDellaMadonnaTroia","stato":"ONLINE","timestamp":"2026-08-14T13:07:19.257851457Z","tipoEvento":"HEARTBEAT","bufferSize":0}
2026-08-14 15:07:29,257 INFO  [it.uni.reti2.HeartbeatGenerator] (executor-thread-1) 💓 [HEARTBEAT] Invio heartbeat: {"stazioneId":"stazzaDellaMadonnaTroia","stato":"ONLINE","timestamp":"2026-08-14T13:07:29.257929133Z","tipoEvento":"HEARTBEAT","bufferSize":0}
2026-08-14 15:07:39,257 INFO  [it.uni.reti2.HeartbeatGenerator] (executor-thread-1) 💓 [HEARTBEAT] Invio heartbeat: {"stazioneId":"stazzaDellaMadonnaTroia","stato":"ONLINE","timestamp":"2026-08-14T13:07:39.257844819Z","tipoEvento":"HEARTBEAT","bufferSize":0}
2026-08-14 15:07:49,257 INFO  [it.uni.reti2.HeartbeatGenerator] (executor-thread-1) 💓 [HEARTBEAT] Invio heartbeat: {"stazioneId":"stazzaDellaMadonnaTroia","stato":"ONLINE","timestamp":"2026-08-14T13:07:49.257749465Z","tipoEvento":"HEARTBEAT","bufferSize":0}
2026-08-14 15:07:50,060 WARN  [it.uni.reti2.StationGateway] (vert.x-eventloop-thread-1) 🚨 [ALERT RICEVUTO] La Centrale dice: {"tipoEvento":"STOP","target":"TRENO_TEST_be3b","motivo":"Soppresso da operatore","timestamp":"2026-08-14T13:07:50.056393464Z"}
2026-08-14 15:07:50,153 WARN  [it.uni.reti2.StationGateway] (vert.x-eventloop-thread-1) 🚨 [ALERT RICEVUTO] La Centrale dice: {"tipoEvento":"STOP","target":"TRENO_TEST_be3b","motivo":"Treno eliminato da operatore","timestamp":"2026-08-14T13:07:50.151503119Z"}
2026-08-14 15:07:59,258 INFO  [it.uni.reti2.HeartbeatGenerator] (executor-thread-1) 💓 [HEARTBEAT] Invio heartbeat: {"stazioneId":"stazzaDellaMadonnaTroia","stato":"ONLINE","timestamp":"2026-08-14T13:07:59.258006775Z","tipoEvento":"HEARTBEAT","bufferSize":0}
2026-08-14 15:08:09,257 INFO  [it.uni.reti2.HeartbeatGenerator] (executor-thread-1) 💓 [HEARTBEAT] Invio heartbeat: {"stazioneId":"stazzaDellaMadonnaTroia","stato":"ONLINE","timestamp":"2026-08-14T13:08:09.257752409Z","tipoEvento":"HEARTBEAT","bufferSize":0}
2026-08-14 15:08:19,257 INFO  [it.uni.reti2.HeartbeatGenerator] (executor-thread-1) 💓 [HEARTBEAT] Invio heartbeat: {"stazioneId":"stazzaDellaMadonnaTroia","stato":"ONLINE","timestamp":"2026-08-14T13:08:19.257727255Z","tipoEvento":"HEARTBEAT","bufferSize":0}
2026-08-14 15:08:29,257 INFO  [it.uni.reti2.HeartbeatGenerator] (executor-thread-1) 💓 [HEARTBEAT] Invio heartbeat: {"stazioneId":"stazzaDellaMadonnaTroia","stato":"ONLINE","timestamp":"2026-08-14T13:08:29.257923050Z","tipoEvento":"HEARTBEAT","bufferSize":0}
2026-08-14 15:08:39,257 INFO  [it.uni.reti2.HeartbeatGenerator] (executor-thread-1) 💓 [HEARTBEAT] Invio heartbeat: {"stazioneId":"stazzaDellaMadonnaTroia","stato":"ONLINE","timestamp":"2026-08-14T13:08:39.257809462Z","tipoEvento":"HEARTBEAT","bufferSize":0}
2026-08-14 15:08:49,257 INFO  [it.uni.reti2.HeartbeatGenerator] (executor-thread-1) 💓 [HEARTBEAT] Invio heartbeat: {"stazioneId":"stazzaDellaMadonnaTroia","stato":"ONLINE","timestamp":"2026-08-14T13:08:49.257797679Z","tipoEvento":"HEARTBEAT","bufferSize":0}
2026-08-14 15:08:59,258 INFO  [it.uni.reti2.HeartbeatGenerator] (executor-thread-1) 💓 [HEARTBEAT] Invio heartbeat: {"stazioneId":"stazzaDellaMadonnaTroia","stato":"ONLINE","timestamp":"2026-08-14T13:08:59.258101919Z","tipoEvento":"HEARTBEAT","bufferSize":0}
2026-08-14 15:09:09,258 INFO  [it.uni.reti2.HeartbeatGenerator] (executor-thread-1) 💓 [HEARTBEAT] Invio heartbeat: {"stazioneId":"stazzaDellaMadonnaTroia","stato":"ONLINE","timestamp":"2026-08-14T13:09:09.258009710Z","tipoEvento":"HEARTBEAT","bufferSize":0}
2026-08-14 15:09:19,257 INFO  [it.uni.reti2.HeartbeatGenerator] (executor-thread-1) 💓 [HEARTBEAT] Invio heartbeat: {"stazioneId":"stazzaDellaMadonnaTroia","stato":"ONLINE","timestamp":"2026-08-14T13:09:19.257896145Z","tipoEvento":"HEARTBEAT","bufferSize":0}
2026-08-14 15:09:29,257 INFO  [it.uni.reti2.HeartbeatGenerator] (executor-thread-1) 💓 [HEARTBEAT] Invio heartbeat: {"stazioneId":"stazzaDellaMadonnaTroia","stato":"ONLINE","timestamp":"2026-08-14T13:09:29.257831296Z","tipoEvento":"HEARTBEAT","bufferSize":0}
2026-08-14 15:09:39,258 INFO  [it.uni.reti2.HeartbeatGenerator] (executor-thread-1) 💓 [HEARTBEAT] Invio heartbeat: {"stazioneId":"stazzaDellaMadonnaTroia","stato":"ONLINE","timestamp":"2026-08-14T13:09:39.257889993Z","tipoEvento":"HEARTBEAT","bufferSize":0}
2026-08-14 15:09:49,258 INFO  [it.uni.reti2.HeartbeatGenerator] (executor-thread-1) 💓 [HEARTBEAT] Invio heartbeat: {"stazioneId":"stazzaDellaMadonnaTroia","stato":"ONLINE","timestamp":"2026-08-14T13:09:49.258025004Z","tipoEvento":"HEARTBEAT","bufferSize":0}
2026-08-14 15:09:58,148 INFO  [it.uni.reti2.StationGateway] (vert.x-eventloop-thread-3) 🚂 [PASSAGGIO] Treno Mario in ENTRATA dalla stazione stazzaDellaMadonnaTroia
2026-08-14 15:09:59,258 INFO  [it.uni.reti2.HeartbeatGenerator] (executor-thread-1) 💓 [HEARTBEAT] Invio heartbeat: {"stazioneId":"stazzaDellaMadonnaTroia","stato":"ONLINE","timestamp":"2026-08-14T13:09:59.258247284Z","tipoEvento":"HEARTBEAT","bufferSize":0}
2026-08-14 15:10:09,257 INFO  [it.uni.reti2.HeartbeatGenerator] (executor-thread-1) 💓 [HEARTBEAT] Invio heartbeat: {"stazioneId":"stazzaDellaMadonnaTroia","stato":"ONLINE","timestamp":"2026-08-14T13:10:09.257805464Z","tipoEvento":"HEARTBEAT","bufferSize":0}
2026-08-14 15:10:19,147 INFO  [it.uni.reti2.StationGateway] (vert.x-eventloop-thread-3) 🚂 [PASSAGGIO] Treno Mario in USCITA dalla stazione stazzaDellaMadonnaTroia
2026-08-14 15:10:19,258 INFO  [it.uni.reti2.HeartbeatGenerator] (executor-thread-1) 💓 [HEARTBEAT] Invio heartbeat: {"stazioneId":"stazzaDellaMadonnaTroia","stato":"ONLINE","timestamp":"2026-08-14T13:10:19.258186276Z","tipoEvento":"HEARTBEAT","bufferSize":0}
2026-08-14 15:10:29,257 INFO  [it.uni.reti2.HeartbeatGenerator] (executor-thread-1) 💓 [HEARTBEAT] Invio heartbeat: {"stazioneId":"stazzaDellaMadonnaTroia","stato":"ONLINE","timestamp":"2026-08-14T13:10:29.257881539Z","tipoEvento":"HEARTBEAT","bufferSize":0}
2026-08-14 15:10:39,258 INFO  [it.uni.reti2.HeartbeatGenerator] (executor-thread-1) 💓 [HEARTBEAT] Invio heartbeat: {"stazioneId":"stazzaDellaMadonnaTroia","stato":"ONLINE","timestamp":"2026-08-14T13:10:39.258279879Z","tipoEvento":"HEARTBEAT","bufferSize":0}
2026-08-14 15:10:49,258 INFO  [it.uni.reti2.HeartbeatGenerator] (executor-thread-1) 💓 [HEARTBEAT] Invio heartbeat: {"stazioneId":"stazzaDellaMadonnaTroia","stato":"ONLINE","timestamp":"2026-08-14T13:10:49.258363318Z","tipoEvento":"HEARTBEAT","bufferSize":0}
2026-08-14 15:10:59,257 INFO  [it.uni.reti2.HeartbeatGenerator] (executor-thread-1) 💓 [HEARTBEAT] Invio heartbeat: {"stazioneId":"stazzaDellaMadonnaTroia","stato":"ONLINE","timestamp":"2026-08-14T13:10:59.257885746Z","tipoEvento":"HEARTBEAT","bufferSize":0}
2026-08-14 15:11:09,257 INFO  [it.uni.reti2.HeartbeatGenerator] (executor-thread-1) 💓 [HEARTBEAT] Invio heartbeat: {"stazioneId":"stazzaDellaMadonnaTroia","stato":"ONLINE","timestamp":"2026-08-14T13:11:09.257883455Z","tipoEvento":"HEARTBEAT","bufferSize":0}
2026-08-14 15:11:19,258 INFO  [it.uni.reti2.HeartbeatGenerator] (executor-thread-1) 💓 [HEARTBEAT] Invio heartbeat: {"stazioneId":"stazzaDellaMadonnaTroia","stato":"ONLINE","timestamp":"2026-08-14T13:11:19.258232797Z","tipoEvento":"HEARTBEAT","bufferSize":0}
2026-08-14 15:11:29,258 INFO  [it.uni.reti2.HeartbeatGenerator] (executor-thread-1) 💓 [HEARTBEAT] Invio heartbeat: {"stazioneId":"stazzaDellaMadonnaTroia","stato":"ONLINE","timestamp":"2026-08-14T13:11:29.257972390Z","tipoEvento":"HEARTBEAT","bufferSize":0}
2026-08-14 15:11:39,257 INFO  [it.uni.reti2.HeartbeatGenerator] (executor-thread-1) 💓 [HEARTBEAT] Invio heartbeat: {"stazioneId":"stazzaDellaMadonnaTroia","stato":"ONLINE","timestamp":"2026-08-14T13:11:39.257855599Z","tipoEvento":"HEARTBEAT","bufferSize":0}
2026-08-14 15:11:49,257 INFO  [it.uni.reti2.HeartbeatGenerator] (executor-thread-1) 💓 [HEARTBEAT] Invio heartbeat: {"stazioneId":"stazzaDellaMadonnaTroia","stato":"ONLINE","timestamp":"2026-08-14T13:11:49.257836865Z","tipoEvento":"HEARTBEAT","bufferSize":0}
2026-08-14 15:11:59,257 INFO  [it.uni.reti2.HeartbeatGenerator] (executor-thread-1) 💓 [HEARTBEAT] Invio heartbeat: {"stazioneId":"stazzaDellaMadonnaTroia","stato":"ONLINE","timestamp":"2026-08-14T13:11:59.257907107Z","tipoEvento":"HEARTBEAT","bufferSize":0}
2026-08-14 15:12:09,258 INFO  [it.uni.reti2.HeartbeatGenerator] (executor-thread-1) 💓 [HEARTBEAT] Invio heartbeat: {"stazioneId":"stazzaDellaMadonnaTroia","stato":"ONLINE","timestamp":"2026-08-14T13:12:09.257919167Z","tipoEvento":"HEARTBEAT","bufferSize":0}
2026-08-14 15:12:19,258 INFO  [it.uni.reti2.HeartbeatGenerator] (executor-thread-1) 💓 [HEARTBEAT] Invio heartbeat: {"stazioneId":"stazzaDellaMadonnaTroia","stato":"ONLINE","timestamp":"2026-08-14T13:12:19.258028752Z","tipoEvento":"HEARTBEAT","bufferSize":0}
2026-08-14 15:12:29,258 INFO  [it.uni.reti2.HeartbeatGenerator] (executor-thread-1) 💓 [HEARTBEAT] Invio heartbeat: {"stazioneId":"stazzaDellaMadonnaTroia","stato":"ONLINE","timestamp":"2026-08-14T13:12:29.258050517Z","tipoEvento":"HEARTBEAT","bufferSize":0}
2026-08-14 15:12:39,257 INFO  [it.uni.reti2.HeartbeatGenerator] (executor-thread-1) 💓 [HEARTBEAT] Invio heartbeat: {"stazioneId":"stazzaDellaMadonnaTroia","stato":"ONLINE","timestamp":"2026-08-14T13:12:39.257848297Z","tipoEvento":"HEARTBEAT","bufferSize":0}
2026-08-14 15:12:49,258 INFO  [it.uni.reti2.HeartbeatGenerator] (executor-thread-1) 💓 [HEARTBEAT] Invio heartbeat: {"stazioneId":"stazzaDellaMadonnaTroia","stato":"ONLINE","timestamp":"2026-08-14T13:12:49.258510590Z","tipoEvento":"HEARTBEAT","bufferSize":0}
2026-08-14 15:12:59,258 INFO  [it.uni.reti2.HeartbeatGenerator] (executor-thread-1) 💓 [HEARTBEAT] Invio heartbeat: {"stazioneId":"stazzaDellaMadonnaTroia","stato":"ONLINE","timestamp":"2026-08-14T13:12:59.257981877Z","tipoEvento":"HEARTBEAT","bufferSize":0}
2026-08-14 15:13:09,257 INFO  [it.uni.reti2.HeartbeatGenerator] (executor-thread-1) 💓 [HEARTBEAT] Invio heartbeat: {"stazioneId":"stazzaDellaMadonnaTroia","stato":"ONLINE","timestamp":"2026-08-14T13:13:09.257895399Z","tipoEvento":"HEARTBEAT","bufferSize":0}
2026-08-14 15:13:19,258 INFO  [it.uni.reti2.HeartbeatGenerator] (executor-thread-1) 💓 [HEARTBEAT] Invio heartbeat: {"stazioneId":"stazzaDellaMadonnaTroia","stato":"ONLINE","timestamp":"2026-08-14T13:13:19.258267140Z","tipoEvento":"HEARTBEAT","bufferSize":0}
2026-08-14 15:13:29,258 INFO  [it.uni.reti2.HeartbeatGenerator] (executor-thread-1) 💓 [HEARTBEAT] Invio heartbeat: {"stazioneId":"stazzaDellaMadonnaTroia","stato":"ONLINE","timestamp":"2026-08-14T13:13:29.258305463Z","tipoEvento":"HEARTBEAT","bufferSize":0}
2026-08-14 15:13:39,257 INFO  [it.uni.reti2.HeartbeatGenerator] (executor-thread-1) 💓 [HEARTBEAT] Invio heartbeat: {"stazioneId":"stazzaDellaMadonnaTroia","stato":"ONLINE","timestamp":"2026-08-14T13:13:39.257872892Z","tipoEvento":"HEARTBEAT","bufferSize":0}
2026-08-14 15:13:49,258 INFO  [it.uni.reti2.HeartbeatGenerator] (executor-thread-1) 💓 [HEARTBEAT] Invio heartbeat: {"stazioneId":"stazzaDellaMadonnaTroia","stato":"ONLINE","timestamp":"2026-08-14T13:13:49.258047147Z","tipoEvento":"HEARTBEAT","bufferSize":0}
2026-08-14 15:13:59,257 INFO  [it.uni.reti2.HeartbeatGenerator] (executor-thread-1) 💓 [HEARTBEAT] Invio heartbeat: {"stazioneId":"stazzaDellaMadonnaTroia","stato":"ONLINE","timestamp":"2026-08-14T13:13:59.257895146Z","tipoEvento":"HEARTBEAT","bufferSize":0}
2026-08-14 15:14:02,148 INFO  [it.uni.reti2.StationGateway] (vert.x-eventloop-thread-3) 🚂 [PASSAGGIO] Treno Mario in ENTRATA dalla stazione stazzaDellaMadonnaTroia
2026-08-14 15:14:09,258 INFO  [it.uni.reti2.HeartbeatGenerator] (executor-thread-1) 💓 [HEARTBEAT] Invio heartbeat: {"stazioneId":"stazzaDellaMadonnaTroia","stato":"ONLINE","timestamp":"2026-08-14T13:14:09.257853029Z","tipoEvento":"HEARTBEAT","bufferSize":0}
2026-08-14 15:14:19,258 INFO  [it.uni.reti2.HeartbeatGenerator] (executor-thread-1) 💓 [HEARTBEAT] Invio heartbeat: {"stazioneId":"stazzaDellaMadonnaTroia","stato":"ONLINE","timestamp":"2026-08-14T13:14:19.258029254Z","tipoEvento":"HEARTBEAT","bufferSize":0}
2026-08-14 15:14:23,147 INFO  [it.uni.reti2.StationGateway] (vert.x-eventloop-thread-3) 🚂 [PASSAGGIO] Treno Mario in USCITA dalla stazione stazzaDellaMadonnaTroia
2026-08-14 15:14:29,257 INFO  [it.uni.reti2.HeartbeatGenerator] (executor-thread-1) 💓 [HEARTBEAT] Invio heartbeat: {"stazioneId":"stazzaDellaMadonnaTroia","stato":"ONLINE","timestamp":"2026-08-14T13:14:29.257959964Z","tipoEvento":"HEARTBEAT","bufferSize":0}
2026-08-14 15:14:39,257 INFO  [it.uni.reti2.HeartbeatGenerator] (executor-thread-1) 💓 [HEARTBEAT] Invio heartbeat: {"stazioneId":"stazzaDellaMadonnaTroia","stato":"ONLINE","timestamp":"2026-08-14T13:14:39.257810102Z","tipoEvento":"HEARTBEAT","bufferSize":0}
2026-08-14 15:14:49,258 INFO  [it.uni.reti2.HeartbeatGenerator] (executor-thread-1) 💓 [HEARTBEAT] Invio heartbeat: {"stazioneId":"stazzaDellaMadonnaTroia","stato":"ONLINE","timestamp":"2026-08-14T13:14:49.257955501Z","tipoEvento":"HEARTBEAT","bufferSize":0}
2026-08-14 15:14:59,257 INFO  [it.uni.reti2.HeartbeatGenerator] (executor-thread-1) 💓 [HEARTBEAT] Invio heartbeat: {"stazioneId":"stazzaDellaMadonnaTroia","stato":"ONLINE","timestamp":"2026-08-14T13:14:59.257857054Z","tipoEvento":"HEARTBEAT","bufferSize":0}
2026-08-14 15:15:09,257 INFO  [it.uni.reti2.HeartbeatGenerator] (executor-thread-1) 💓 [HEARTBEAT] Invio heartbeat: {"stazioneId":"stazzaDellaMadonnaTroia","stato":"ONLINE","timestamp":"2026-08-14T13:15:09.257859501Z","tipoEvento":"HEARTBEAT","bufferSize":0}
2026-08-14 15:15:19,258 INFO  [it.uni.reti2.HeartbeatGenerator] (executor-thread-1) 💓 [HEARTBEAT] Invio heartbeat: {"stazioneId":"stazzaDellaMadonnaTroia","stato":"ONLINE","timestamp":"2026-08-14T13:15:19.258125903Z","tipoEvento":"HEARTBEAT","bufferSize":0}
2026-08-14 15:15:29,258 INFO  [it.uni.reti2.HeartbeatGenerator] (executor-thread-1) 💓 [HEARTBEAT] Invio heartbeat: {"stazioneId":"stazzaDellaMadonnaTroia","stato":"ONLINE","timestamp":"2026-08-14T13:15:29.258331569Z","tipoEvento":"HEARTBEAT","bufferSize":0}
2026-08-14 15:15:39,258 INFO  [it.uni.reti2.HeartbeatGenerator] (executor-thread-1) 💓 [HEARTBEAT] Invio heartbeat: {"stazioneId":"stazzaDellaMadonnaTroia","stato":"ONLINE","timestamp":"2026-08-14T13:15:39.257967017Z","tipoEvento":"HEARTBEAT","bufferSize":0}
2026-08-14 15:15:41,150 INFO  [it.uni.reti2.StationGateway] (vert.x-eventloop-thread-3) 🚂 [PASSAGGIO] Treno tenoAmmazzaRicchi in ENTRATA dalla stazione stazzaDellaMadonnaTroia
2026-08-14 15:15:49,258 INFO  [it.uni.reti2.HeartbeatGenerator] (executor-thread-1) 💓 [HEARTBEAT] Invio heartbeat: {"stazioneId":"stazzaDellaMadonnaTroia","stato":"ONLINE","timestamp":"2026-08-14T13:15:49.258277641Z","tipoEvento":"HEARTBEAT","bufferSize":0}
2026-08-14 15:15:59,257 INFO  [it.uni.reti2.HeartbeatGenerator] (executor-thread-1) 💓 [HEARTBEAT] Invio heartbeat: {"stazioneId":"stazzaDellaMadonnaTroia","stato":"ONLINE","timestamp":"2026-08-14T13:15:59.257905123Z","tipoEvento":"HEARTBEAT","bufferSize":0}
2026-08-14 15:16:01,147 INFO  [it.uni.reti2.StationGateway] (vert.x-eventloop-thread-3) 🚂 [PASSAGGIO] Treno tenoAmmazzaRicchi in USCITA dalla stazione stazzaDellaMadonnaTroia
2026-08-14 15:16:09,258 INFO  [it.uni.reti2.HeartbeatGenerator] (executor-thread-1) 💓 [HEARTBEAT] Invio heartbeat: {"stazioneId":"stazzaDellaMadonnaTroia","stato":"ONLINE","timestamp":"2026-08-14T13:16:09.257797681Z","tipoEvento":"HEARTBEAT","bufferSize":0}
2026-08-14 15:16:19,258 INFO  [it.uni.reti2.HeartbeatGenerator] (executor-thread-1) 💓 [HEARTBEAT] Invio heartbeat: {"stazioneId":"stazzaDellaMadonnaTroia","stato":"ONLINE","timestamp":"2026-08-14T13:16:19.257972296Z","tipoEvento":"HEARTBEAT","bufferSize":0}
2026-08-14 15:16:29,258 INFO  [it.uni.reti2.HeartbeatGenerator] (executor-thread-1) 💓 [HEARTBEAT] Invio heartbeat: {"stazioneId":"stazzaDellaMadonnaTroia","stato":"ONLINE","timestamp":"2026-08-14T13:16:29.258040547Z","tipoEvento":"HEARTBEAT","bufferSize":0}
2026-08-14 15:16:39,258 INFO  [it.uni.reti2.HeartbeatGenerator] (executor-thread-1) 💓 [HEARTBEAT] Invio heartbeat: {"stazioneId":"stazzaDellaMadonnaTroia","stato":"ONLINE","timestamp":"2026-08-14T13:16:39.258218123Z","tipoEvento":"HEARTBEAT","bufferSize":0}
2026-08-14 15:16:49,258 INFO  [it.uni.reti2.HeartbeatGenerator] (executor-thread-1) 💓 [HEARTBEAT] Invio heartbeat: {"stazioneId":"stazzaDellaMadonnaTroia","stato":"ONLINE","timestamp":"2026-08-14T13:16:49.258318598Z","tipoEvento":"HEARTBEAT","bufferSize":0}
2026-08-14 15:16:59,257 INFO  [it.uni.reti2.HeartbeatGenerator] (executor-thread-1) 💓 [HEARTBEAT] Invio heartbeat: {"stazioneId":"stazzaDellaMadonnaTroia","stato":"ONLINE","timestamp":"2026-08-14T13:16:59.257891508Z","tipoEvento":"HEARTBEAT","bufferSize":0}
2026-08-14 15:17:09,258 INFO  [it.uni.reti2.HeartbeatGenerator] (executor-thread-1) 💓 [HEARTBEAT] Invio heartbeat: {"stazioneId":"stazzaDellaMadonnaTroia","stato":"ONLINE","timestamp":"2026-08-14T13:17:09.258304806Z","tipoEvento":"HEARTBEAT","bufferSize":0}
2026-08-14 15:17:19,258 INFO  [it.uni.reti2.HeartbeatGenerator] (executor-thread-1) 💓 [HEARTBEAT] Invio heartbeat: {"stazioneId":"stazzaDellaMadonnaTroia","stato":"ONLINE","timestamp":"2026-08-14T13:17:19.258132775Z","tipoEvento":"HEARTBEAT","bufferSize":0}
2026-08-14 15:17:29,258 INFO  [it.uni.reti2.HeartbeatGenerator] (executor-thread-1) 💓 [HEARTBEAT] Invio heartbeat: {"stazioneId":"stazzaDellaMadonnaTroia","stato":"ONLINE","timestamp":"2026-08-14T13:17:29.258289742Z","tipoEvento":"HEARTBEAT","bufferSize":0}
2026-08-14 15:17:39,258 INFO  [it.uni.reti2.HeartbeatGenerator] (executor-thread-1) 💓 [HEARTBEAT] Invio heartbeat: {"stazioneId":"stazzaDellaMadonnaTroia","stato":"ONLINE","timestamp":"2026-08-14T13:17:39.258389702Z","tipoEvento":"HEARTBEAT","bufferSize":0}
2026-08-14 15:17:49,257 INFO  [it.uni.reti2.HeartbeatGenerator] (executor-thread-1) 💓 [HEARTBEAT] Invio heartbeat: {"stazioneId":"stazzaDellaMadonnaTroia","stato":"ONLINE","timestamp":"2026-08-14T13:17:49.257874166Z","tipoEvento":"HEARTBEAT","bufferSize":0}
2026-08-14 15:17:59,258 INFO  [it.uni.reti2.HeartbeatGenerator] (executor-thread-1) 💓 [HEARTBEAT] Invio heartbeat: {"stazioneId":"stazzaDellaMadonnaTroia","stato":"ONLINE","timestamp":"2026-08-14T13:17:59.258130869Z","tipoEvento":"HEARTBEAT","bufferSize":0}
2026-08-14 15:18:09,258 INFO  [it.uni.reti2.HeartbeatGenerator] (executor-thread-1) 💓 [HEARTBEAT] Invio heartbeat: {"stazioneId":"stazzaDellaMadonnaTroia","stato":"ONLINE","timestamp":"2026-08-14T13:18:09.258294905Z","tipoEvento":"HEARTBEAT","bufferSize":0}
2026-08-14 15:18:19,257 INFO  [it.uni.reti2.HeartbeatGenerator] (executor-thread-1) 💓 [HEARTBEAT] Invio heartbeat: {"stazioneId":"stazzaDellaMadonnaTroia","stato":"ONLINE","timestamp":"2026-08-14T13:18:19.257945800Z","tipoEvento":"HEARTBEAT","bufferSize":0}
2026-08-14 15:18:29,258 INFO  [it.uni.reti2.HeartbeatGenerator] (executor-thread-1) 💓 [HEARTBEAT] Invio heartbeat: {"stazioneId":"stazzaDellaMadonnaTroia","stato":"ONLINE","timestamp":"2026-08-14T13:18:29.258030708Z","tipoEvento":"HEARTBEAT","bufferSize":0}
2026-08-14 15:18:39,258 INFO  [it.uni.reti2.HeartbeatGenerator] (executor-thread-1) 💓 [HEARTBEAT] Invio heartbeat: {"stazioneId":"stazzaDellaMadonnaTroia","stato":"ONLINE","timestamp":"2026-08-14T13:18:39.258281546Z","tipoEvento":"HEARTBEAT","bufferSize":0}
2026-08-14 15:18:49,257 INFO  [it.uni.reti2.HeartbeatGenerator] (executor-thread-1) 💓 [HEARTBEAT] Invio heartbeat: {"stazioneId":"stazzaDellaMadonnaTroia","stato":"ONLINE","timestamp":"2026-08-14T13:18:49.257887492Z","tipoEvento":"HEARTBEAT","bufferSize":0}
2026-08-14 15:18:59,258 INFO  [it.uni.reti2.HeartbeatGenerator] (executor-thread-1) 💓 [HEARTBEAT] Invio heartbeat: {"stazioneId":"stazzaDellaMadonnaTroia","stato":"ONLINE","timestamp":"2026-08-14T13:18:59.258028855Z","tipoEvento":"HEARTBEAT","bufferSize":0}
2026-08-14 15:19:09,257 INFO  [it.uni.reti2.HeartbeatGenerator] (executor-thread-1) 💓 [HEARTBEAT] Invio heartbeat: {"stazioneId":"stazzaDellaMadonnaTroia","stato":"ONLINE","timestamp":"2026-08-14T13:19:09.257893002Z","tipoEvento":"HEARTBEAT","bufferSize":0}
2026-08-14 15:19:19,258 INFO  [it.uni.reti2.HeartbeatGenerator] (executor-thread-1) 💓 [HEARTBEAT] Invio heartbeat: {"stazioneId":"stazzaDellaMadonnaTroia","stato":"ONLINE","timestamp":"2026-08-14T13:19:19.257895009Z","tipoEvento":"HEARTBEAT","bufferSize":0}
2026-08-14 15:19:29,258 INFO  [it.uni.reti2.HeartbeatGenerator] (executor-thread-1) 💓 [HEARTBEAT] Invio heartbeat: {"stazioneId":"stazzaDellaMadonnaTroia","stato":"ONLINE","timestamp":"2026-08-14T13:19:29.258285323Z","tipoEvento":"HEARTBEAT","bufferSize":0}
2026-08-14 15:19:39,258 INFO  [it.uni.reti2.HeartbeatGenerator] (executor-thread-1) 💓 [HEARTBEAT] Invio heartbeat: {"stazioneId":"stazzaDellaMadonnaTroia","stato":"ONLINE","timestamp":"2026-08-14T13:19:39.258130410Z","tipoEvento":"HEARTBEAT","bufferSize":0}
2026-08-14 15:19:44,169 INFO  [it.uni.reti2.StationGateway] (vert.x-eventloop-thread-3) 🚂 [PASSAGGIO] Treno tenoAmmazzaRicchi in ENTRATA dalla stazione stazzaDellaMadonnaTroia
2026-08-14 15:19:49,257 INFO  [it.uni.reti2.HeartbeatGenerator] (executor-thread-1) 💓 [HEARTBEAT] Invio heartbeat: {"stazioneId":"stazzaDellaMadonnaTroia","stato":"ONLINE","timestamp":"2026-08-14T13:19:49.257911458Z","tipoEvento":"HEARTBEAT","bufferSize":0}
2026-08-14 15:19:59,258 INFO  [it.uni.reti2.HeartbeatGenerator] (executor-thread-1) 💓 [HEARTBEAT] Invio heartbeat: {"stazioneId":"stazzaDellaMadonnaTroia","stato":"ONLINE","timestamp":"2026-08-14T13:19:59.258274622Z","tipoEvento":"HEARTBEAT","bufferSize":0}
2026-08-14 15:20:04,148 INFO  [it.uni.reti2.StationGateway] (vert.x-eventloop-thread-3) 🚂 [PASSAGGIO] Treno tenoAmmazzaRicchi in USCITA dalla stazione stazzaDellaMadonnaTroia
2026-08-14 15:20:09,258 INFO  [it.uni.reti2.HeartbeatGenerator] (executor-thread-1) 💓 [HEARTBEAT] Invio heartbeat: {"stazioneId":"stazzaDellaMadonnaTroia","stato":"ONLINE","timestamp":"2026-08-14T13:20:09.257957218Z","tipoEvento":"HEARTBEAT","bufferSize":0}
2026-08-14 15:20:19,258 INFO  [it.uni.reti2.HeartbeatGenerator] (executor-thread-1) 💓 [HEARTBEAT] Invio heartbeat: {"stazioneId":"stazzaDellaMadonnaTroia","stato":"ONLINE","timestamp":"2026-08-14T13:20:19.258332900Z","tipoEvento":"HEARTBEAT","bufferSize":0}
2026-08-14 15:20:29,258 INFO  [it.uni.reti2.HeartbeatGenerator] (executor-thread-1) 💓 [HEARTBEAT] Invio heartbeat: {"stazioneId":"stazzaDellaMadonnaTroia","stato":"ONLINE","timestamp":"2026-08-14T13:20:29.258247732Z","tipoEvento":"HEARTBEAT","bufferSize":0}
2026-08-14 15:20:39,258 INFO  [it.uni.reti2.HeartbeatGenerator] (executor-thread-1) 💓 [HEARTBEAT] Invio heartbeat: {"stazioneId":"stazzaDellaMadonnaTroia","stato":"ONLINE","timestamp":"2026-08-14T13:20:39.258301073Z","tipoEvento":"HEARTBEAT","bufferSize":0}
2026-08-14 15:20:49,258 INFO  [it.uni.reti2.HeartbeatGenerator] (executor-thread-1) 💓 [HEARTBEAT] Invio heartbeat: {"stazioneId":"stazzaDellaMadonnaTroia","stato":"ONLINE","timestamp":"2026-08-14T13:20:49.258368602Z","tipoEvento":"HEARTBEAT","bufferSize":0}
2026-08-14 15:20:59,258 INFO  [it.uni.reti2.HeartbeatGenerator] (executor-thread-1) 💓 [HEARTBEAT] Invio heartbeat: {"stazioneId":"stazzaDellaMadonnaTroia","stato":"ONLINE","timestamp":"2026-08-14T13:20:59.258338623Z","tipoEvento":"HEARTBEAT","bufferSize":0}
2026-08-14 15:21:09,258 INFO  [it.uni.reti2.HeartbeatGenerator] (executor-thread-1) 💓 [HEARTBEAT] Invio heartbeat: {"stazioneId":"stazzaDellaMadonnaTroia","stato":"ONLINE","timestamp":"2026-08-14T13:21:09.258266647Z","tipoEvento":"HEARTBEAT","bufferSize":0}
2026-08-14 15:21:19,258 INFO  [it.uni.reti2.HeartbeatGenerator] (executor-thread-1) 💓 [HEARTBEAT] Invio heartbeat: {"stazioneId":"stazzaDellaMadonnaTroia","stato":"ONLINE","timestamp":"2026-08-14T13:21:19.257926789Z","tipoEvento":"HEARTBEAT","bufferSize":0}
2026-08-14 15:21:29,257 INFO  [it.uni.reti2.HeartbeatGenerator] (executor-thread-1) 💓 [HEARTBEAT] Invio heartbeat: {"stazioneId":"stazzaDellaMadonnaTroia","stato":"ONLINE","timestamp":"2026-08-14T13:21:29.257907068Z","tipoEvento":"HEARTBEAT","bufferSize":0}
2026-08-14 15:21:39,258 INFO  [it.uni.reti2.HeartbeatGenerator] (executor-thread-1) 💓 [HEARTBEAT] Invio heartbeat: {"stazioneId":"stazzaDellaMadonnaTroia","stato":"ONLINE","timestamp":"2026-08-14T13:21:39.258097082Z","tipoEvento":"HEARTBEAT","bufferSize":0}
2026-08-14 15:21:49,258 INFO  [it.uni.reti2.HeartbeatGenerator] (executor-thread-1) 💓 [HEARTBEAT] Invio heartbeat: {"stazioneId":"stazzaDellaMadonnaTroia","stato":"ONLINE","timestamp":"2026-08-14T13:21:49.258079473Z","tipoEvento":"HEARTBEAT","bufferSize":0}
2026-08-14 15:21:59,257 INFO  [it.uni.reti2.HeartbeatGenerator] (executor-thread-1) 💓 [HEARTBEAT] Invio heartbeat: {"stazioneId":"stazzaDellaMadonnaTroia","stato":"ONLINE","timestamp":"2026-08-14T13:21:59.257825261Z","tipoEvento":"HEARTBEAT","bufferSize":0}
2026-08-14 15:22:09,257 INFO  [it.uni.reti2.HeartbeatGenerator] (executor-thread-1) 💓 [HEARTBEAT] Invio heartbeat: {"stazioneId":"stazzaDellaMadonnaTroia","stato":"ONLINE","timestamp":"2026-08-14T13:22:09.257863772Z","tipoEvento":"HEARTBEAT","bufferSize":0}
2026-08-14 15:22:19,258 INFO  [it.uni.reti2.HeartbeatGenerator] (executor-thread-1) 💓 [HEARTBEAT] Invio heartbeat: {"stazioneId":"stazzaDellaMadonnaTroia","stato":"ONLINE","timestamp":"2026-08-14T13:22:19.257974733Z","tipoEvento":"HEARTBEAT","bufferSize":0}
2026-08-14 15:22:29,258 INFO  [it.uni.reti2.HeartbeatGenerator] (executor-thread-1) 💓 [HEARTBEAT] Invio heartbeat: {"stazioneId":"stazzaDellaMadonnaTroia","stato":"ONLINE","timestamp":"2026-08-14T13:22:29.258731945Z","tipoEvento":"HEARTBEAT","bufferSize":0}
2026-08-14 15:22:39,257 INFO  [it.uni.reti2.HeartbeatGenerator] (executor-thread-1) 💓 [HEARTBEAT] Invio heartbeat: {"stazioneId":"stazzaDellaMadonnaTroia","stato":"ONLINE","timestamp":"2026-08-14T13:22:39.257941513Z","tipoEvento":"HEARTBEAT","bufferSize":0}
2026-08-14 15:22:49,258 INFO  [it.uni.reti2.HeartbeatGenerator] (executor-thread-1) 💓 [HEARTBEAT] Invio heartbeat: {"stazioneId":"stazzaDellaMadonnaTroia","stato":"ONLINE","timestamp":"2026-08-14T13:22:49.257976626Z","tipoEvento":"HEARTBEAT","bufferSize":0}
2026-08-14 15:22:59,258 INFO  [it.uni.reti2.HeartbeatGenerator] (executor-thread-1) 💓 [HEARTBEAT] Invio heartbeat: {"stazioneId":"stazzaDellaMadonnaTroia","stato":"ONLINE","timestamp":"2026-08-14T13:22:59.258045793Z","tipoEvento":"HEARTBEAT","bufferSize":0}
2026-08-14 15:23:09,257 INFO  [it.uni.reti2.HeartbeatGenerator] (executor-thread-1) 💓 [HEARTBEAT] Invio heartbeat: {"stazioneId":"stazzaDellaMadonnaTroia","stato":"ONLINE","timestamp":"2026-08-14T13:23:09.257901004Z","tipoEvento":"HEARTBEAT","bufferSize":0}
2026-08-14 15:23:19,257 INFO  [it.uni.reti2.HeartbeatGenerator] (executor-thread-1) 💓 [HEARTBEAT] Invio heartbeat: {"stazioneId":"stazzaDellaMadonnaTroia","stato":"ONLINE","timestamp":"2026-08-14T13:23:19.257911582Z","tipoEvento":"HEARTBEAT","bufferSize":0}
2026-08-14 15:23:29,258 INFO  [it.uni.reti2.HeartbeatGenerator] (executor-thread-1) 💓 [HEARTBEAT] Invio heartbeat: {"stazioneId":"stazzaDellaMadonnaTroia","stato":"ONLINE","timestamp":"2026-08-14T13:23:29.258211928Z","tipoEvento":"HEARTBEAT","bufferSize":0}
2026-08-14 15:23:39,258 INFO  [it.uni.reti2.HeartbeatGenerator] (executor-thread-1) 💓 [HEARTBEAT] Invio heartbeat: {"stazioneId":"stazzaDellaMadonnaTroia","stato":"ONLINE","timestamp":"2026-08-14T13:23:39.258553068Z","tipoEvento":"HEARTBEAT","bufferSize":0}
2026-08-14 15:23:49,258 INFO  [it.uni.reti2.HeartbeatGenerator] (executor-thread-1) 💓 [HEARTBEAT] Invio heartbeat: {"stazioneId":"stazzaDellaMadonnaTroia","stato":"ONLINE","timestamp":"2026-08-14T13:23:49.258303579Z","tipoEvento":"HEARTBEAT","bufferSize":0}
2026-08-14 15:23:59,258 INFO  [it.uni.reti2.HeartbeatGenerator] (executor-thread-1) 💓 [HEARTBEAT] Invio heartbeat: {"stazioneId":"stazzaDellaMadonnaTroia","stato":"ONLINE","timestamp":"2026-08-14T13:23:59.258276417Z","tipoEvento":"HEARTBEAT","bufferSize":0}
2026-08-14 15:24:09,258 INFO  [it.uni.reti2.HeartbeatGenerator] (executor-thread-1) 💓 [HEARTBEAT] Invio heartbeat: {"stazioneId":"stazzaDellaMadonnaTroia","stato":"ONLINE","timestamp":"2026-08-14T13:24:09.258250942Z","tipoEvento":"HEARTBEAT","bufferSize":0}
2026-08-14 15:24:19,258 INFO  [it.uni.reti2.HeartbeatGenerator] (executor-thread-1) 💓 [HEARTBEAT] Invio heartbeat: {"stazioneId":"stazzaDellaMadonnaTroia","stato":"ONLINE","timestamp":"2026-08-14T13:24:19.258688440Z","tipoEvento":"HEARTBEAT","bufferSize":0}
2026-08-14 15:24:29,258 INFO  [it.uni.reti2.HeartbeatGenerator] (executor-thread-1) 💓 [HEARTBEAT] Invio heartbeat: {"stazioneId":"stazzaDellaMadonnaTroia","stato":"ONLINE","timestamp":"2026-08-14T13:24:29.258313768Z","tipoEvento":"HEARTBEAT","bufferSize":0}
2026-08-14 15:24:39,257 INFO  [it.uni.reti2.HeartbeatGenerator] (executor-thread-1) 💓 [HEARTBEAT] Invio heartbeat: {"stazioneId":"stazzaDellaMadonnaTroia","stato":"ONLINE","timestamp":"2026-08-14T13:24:39.257916892Z","tipoEvento":"HEARTBEAT","bufferSize":0}
2026-08-14 15:24:49,258 INFO  [it.uni.reti2.HeartbeatGenerator] (executor-thread-1) 💓 [HEARTBEAT] Invio heartbeat: {"stazioneId":"stazzaDellaMadonnaTroia","stato":"ONLINE","timestamp":"2026-08-14T13:24:49.257870950Z","tipoEvento":"HEARTBEAT","bufferSize":0}
2026-08-14 15:24:59,258 INFO  [it.uni.reti2.HeartbeatGenerator] (executor-thread-1) 💓 [HEARTBEAT] Invio heartbeat: {"stazioneId":"stazzaDellaMadonnaTroia","stato":"ONLINE","timestamp":"2026-08-14T13:24:59.258096890Z","tipoEvento":"HEARTBEAT","bufferSize":0}
2026-08-14 15:25:09,258 INFO  [it.uni.reti2.HeartbeatGenerator] (executor-thread-1) 💓 [HEARTBEAT] Invio heartbeat: {"stazioneId":"stazzaDellaMadonnaTroia","stato":"ONLINE","timestamp":"2026-08-14T13:25:09.258310698Z","tipoEvento":"HEARTBEAT","bufferSize":0}
2026-08-14 15:25:19,257 INFO  [it.uni.reti2.HeartbeatGenerator] (executor-thread-1) 💓 [HEARTBEAT] Invio heartbeat: {"stazioneId":"stazzaDellaMadonnaTroia","stato":"ONLINE","timestamp":"2026-08-14T13:25:19.257916121Z","tipoEvento":"HEARTBEAT","bufferSize":0}
2026-08-14 15:25:29,258 INFO  [it.uni.reti2.HeartbeatGenerator] (executor-thread-1) 💓 [HEARTBEAT] Invio heartbeat: {"stazioneId":"stazzaDellaMadonnaTroia","stato":"ONLINE","timestamp":"2026-08-14T13:25:29.258045132Z","tipoEvento":"HEARTBEAT","bufferSize":0}
2026-08-14 15:25:34,147 INFO  [it.uni.reti2.StationGateway] (vert.x-eventloop-thread-3) 🚂 [PASSAGGIO] Treno Mario in ENTRATA dalla stazione stazzaDellaMadonnaTroia
2026-08-14 15:25:39,258 INFO  [it.uni.reti2.HeartbeatGenerator] (executor-thread-1) 💓 [HEARTBEAT] Invio heartbeat: {"stazioneId":"stazzaDellaMadonnaTroia","stato":"ONLINE","timestamp":"2026-08-14T13:25:39.258563508Z","tipoEvento":"HEARTBEAT","bufferSize":0}
2026-08-14 15:25:49,257 INFO  [it.uni.reti2.HeartbeatGenerator] (executor-thread-1) 💓 [HEARTBEAT] Invio heartbeat: {"stazioneId":"stazzaDellaMadonnaTroia","stato":"ONLINE","timestamp":"2026-08-14T13:25:49.257940519Z","tipoEvento":"HEARTBEAT","bufferSize":0}
2026-08-14 15:25:54,148 INFO  [it.uni.reti2.StationGateway] (vert.x-eventloop-thread-3) 🚂 [PASSAGGIO] Treno Mario in USCITA dalla stazione stazzaDellaMadonnaTroia
2026-08-14 15:25:59,257 INFO  [it.uni.reti2.HeartbeatGenerator] (executor-thread-1) 💓 [HEARTBEAT] Invio heartbeat: {"stazioneId":"stazzaDellaMadonnaTroia","stato":"ONLINE","timestamp":"2026-08-14T13:25:59.257852163Z","tipoEvento":"HEARTBEAT","bufferSize":0}
2026-08-14 15:26:09,258 INFO  [it.uni.reti2.HeartbeatGenerator] (executor-thread-1) 💓 [HEARTBEAT] Invio heartbeat: {"stazioneId":"stazzaDellaMadonnaTroia","stato":"ONLINE","timestamp":"2026-08-14T13:26:09.257894818Z","tipoEvento":"HEARTBEAT","bufferSize":0}
2026-08-14 15:26:19,257 INFO  [it.uni.reti2.HeartbeatGenerator] (executor-thread-1) 💓 [HEARTBEAT] Invio heartbeat: {"stazioneId":"stazzaDellaMadonnaTroia","stato":"ONLINE","timestamp":"2026-08-14T13:26:19.257888386Z","tipoEvento":"HEARTBEAT","bufferSize":0}
2026-08-14 15:26:29,257 INFO  [it.uni.reti2.HeartbeatGenerator] (executor-thread-1) 💓 [HEARTBEAT] Invio heartbeat: {"stazioneId":"stazzaDellaMadonnaTroia","stato":"ONLINE","timestamp":"2026-08-14T13:26:29.257934146Z","tipoEvento":"HEARTBEAT","bufferSize":0}
2026-08-14 15:26:39,258 INFO  [it.uni.reti2.HeartbeatGenerator] (executor-thread-1) 💓 [HEARTBEAT] Invio heartbeat: {"stazioneId":"stazzaDellaMadonnaTroia","stato":"ONLINE","timestamp":"2026-08-14T13:26:39.258299105Z","tipoEvento":"HEARTBEAT","bufferSize":0}
2026-08-14 15:26:49,258 INFO  [it.uni.reti2.HeartbeatGenerator] (executor-thread-1) 💓 [HEARTBEAT] Invio heartbeat: {"stazioneId":"stazzaDellaMadonnaTroia","stato":"ONLINE","timestamp":"2026-08-14T13:26:49.258733463Z","tipoEvento":"HEARTBEAT","bufferSize":0}
2026-08-14 15:26:59,258 INFO  [it.uni.reti2.HeartbeatGenerator] (executor-thread-1) 💓 [HEARTBEAT] Invio heartbeat: {"stazioneId":"stazzaDellaMadonnaTroia","stato":"ONLINE","timestamp":"2026-08-14T13:26:59.258319485Z","tipoEvento":"HEARTBEAT","bufferSize":0}
2026-08-14 15:27:09,257 INFO  [it.uni.reti2.HeartbeatGenerator] (executor-thread-1) 💓 [HEARTBEAT] Invio heartbeat: {"stazioneId":"stazzaDellaMadonnaTroia","stato":"ONLINE","timestamp":"2026-08-14T13:27:09.257852581Z","tipoEvento":"HEARTBEAT","bufferSize":0}
2026-08-14 15:27:19,258 INFO  [it.uni.reti2.HeartbeatGenerator] (executor-thread-1) 💓 [HEARTBEAT] Invio heartbeat: {"stazioneId":"stazzaDellaMadonnaTroia","stato":"ONLINE","timestamp":"2026-08-14T13:27:19.257909409Z","tipoEvento":"HEARTBEAT","bufferSize":0}
2026-08-14 15:27:29,258 INFO  [it.uni.reti2.HeartbeatGenerator] (executor-thread-1) 💓 [HEARTBEAT] Invio heartbeat: {"stazioneId":"stazzaDellaMadonnaTroia","stato":"ONLINE","timestamp":"2026-08-14T13:27:29.258375218Z","tipoEvento":"HEARTBEAT","bufferSize":0}
2026-08-14 15:27:39,258 INFO  [it.uni.reti2.HeartbeatGenerator] (executor-thread-1) 💓 [HEARTBEAT] Invio heartbeat: {"stazioneId":"stazzaDellaMadonnaTroia","stato":"ONLINE","timestamp":"2026-08-14T13:27:39.258020020Z","tipoEvento":"HEARTBEAT","bufferSize":0}
2026-08-14 15:27:49,258 INFO  [it.uni.reti2.HeartbeatGenerator] (executor-thread-1) 💓 [HEARTBEAT] Invio heartbeat: {"stazioneId":"stazzaDellaMadonnaTroia","stato":"ONLINE","timestamp":"2026-08-14T13:27:49.258110199Z","tipoEvento":"HEARTBEAT","bufferSize":0}
2026-08-14 15:27:59,258 INFO  [it.uni.reti2.HeartbeatGenerator] (executor-thread-1) 💓 [HEARTBEAT] Invio heartbeat: {"stazioneId":"stazzaDellaMadonnaTroia","stato":"ONLINE","timestamp":"2026-08-14T13:27:59.258292575Z","tipoEvento":"HEARTBEAT","bufferSize":0}
2026-08-14 15:28:09,257 INFO  [it.uni.reti2.HeartbeatGenerator] (executor-thread-1) 💓 [HEARTBEAT] Invio heartbeat: {"stazioneId":"stazzaDellaMadonnaTroia","stato":"ONLINE","timestamp":"2026-08-14T13:28:09.257888197Z","tipoEvento":"HEARTBEAT","bufferSize":0}
2026-08-14 15:28:19,257 INFO  [it.uni.reti2.HeartbeatGenerator] (executor-thread-1) 💓 [HEARTBEAT] Invio heartbeat: {"stazioneId":"stazzaDellaMadonnaTroia","stato":"ONLINE","timestamp":"2026-08-14T13:28:19.257929787Z","tipoEvento":"HEARTBEAT","bufferSize":0}
2026-08-14 15:28:29,258 INFO  [it.uni.reti2.HeartbeatGenerator] (executor-thread-1) 💓 [HEARTBEAT] Invio heartbeat: {"stazioneId":"stazzaDellaMadonnaTroia","stato":"ONLINE","timestamp":"2026-08-14T13:28:29.258298557Z","tipoEvento":"HEARTBEAT","bufferSize":0}
2026-08-14 15:28:39,258 INFO  [it.uni.reti2.HeartbeatGenerator] (executor-thread-1) 💓 [HEARTBEAT] Invio heartbeat: {"stazioneId":"stazzaDellaMadonnaTroia","stato":"ONLINE","timestamp":"2026-08-14T13:28:39.258189879Z","tipoEvento":"HEARTBEAT","bufferSize":0}
2026-08-14 15:28:49,258 INFO  [it.uni.reti2.HeartbeatGenerator] (executor-thread-1) 💓 [HEARTBEAT] Invio heartbeat: {"stazioneId":"stazzaDellaMadonnaTroia","stato":"ONLINE","timestamp":"2026-08-14T13:28:49.258108001Z","tipoEvento":"HEARTBEAT","bufferSize":0}
2026-08-14 15:28:59,258 INFO  [it.uni.reti2.HeartbeatGenerator] (executor-thread-1) 💓 [HEARTBEAT] Invio heartbeat: {"stazioneId":"stazzaDellaMadonnaTroia","stato":"ONLINE","timestamp":"2026-08-14T13:28:59.258144103Z","tipoEvento":"HEARTBEAT","bufferSize":0}
2026-08-14 15:29:09,258 INFO  [it.uni.reti2.HeartbeatGenerator] (executor-thread-1) 💓 [HEARTBEAT] Invio heartbeat: {"stazioneId":"stazzaDellaMadonnaTroia","stato":"ONLINE","timestamp":"2026-08-14T13:29:09.257907251Z","tipoEvento":"HEARTBEAT","bufferSize":0}
2026-08-14 15:29:19,258 INFO  [it.uni.reti2.HeartbeatGenerator] (executor-thread-1) 💓 [HEARTBEAT] Invio heartbeat: {"stazioneId":"stazzaDellaMadonnaTroia","stato":"ONLINE","timestamp":"2026-08-14T13:29:19.258279871Z","tipoEvento":"HEARTBEAT","bufferSize":0}
2026-08-14 15:29:29,257 INFO  [it.uni.reti2.HeartbeatGenerator] (executor-thread-1) 💓 [HEARTBEAT] Invio heartbeat: {"stazioneId":"stazzaDellaMadonnaTroia","stato":"ONLINE","timestamp":"2026-08-14T13:29:29.257811774Z","tipoEvento":"HEARTBEAT","bufferSize":0}
2026-08-14 15:29:37,148 INFO  [it.uni.reti2.StationGateway] (vert.x-eventloop-thread-3) 🚂 [PASSAGGIO] Treno Mario in ENTRATA dalla stazione stazzaDellaMadonnaTroia
2026-08-14 15:29:39,258 INFO  [it.uni.reti2.HeartbeatGenerator] (executor-thread-1) 💓 [HEARTBEAT] Invio heartbeat: {"stazioneId":"stazzaDellaMadonnaTroia","stato":"ONLINE","timestamp":"2026-08-14T13:29:39.258303290Z","tipoEvento":"HEARTBEAT","bufferSize":0}
2026-08-14 15:29:49,258 INFO  [it.uni.reti2.HeartbeatGenerator] (executor-thread-1) 💓 [HEARTBEAT] Invio heartbeat: {"stazioneId":"stazzaDellaMadonnaTroia","stato":"ONLINE","timestamp":"2026-08-14T13:29:49.258282482Z","tipoEvento":"HEARTBEAT","bufferSize":0}
2026-08-14 15:29:58,151 INFO  [it.uni.reti2.StationGateway] (vert.x-eventloop-thread-3) 🚂 [PASSAGGIO] Treno Mario in USCITA dalla stazione stazzaDellaMadonnaTroia
2026-08-14 15:29:59,258 INFO  [it.uni.reti2.HeartbeatGenerator] (executor-thread-1) 💓 [HEARTBEAT] Invio heartbeat: {"stazioneId":"stazzaDellaMadonnaTroia","stato":"ONLINE","timestamp":"2026-08-14T13:29:59.258169041Z","tipoEvento":"HEARTBEAT","bufferSize":0}
2026-08-14 15:30:09,258 INFO  [it.uni.reti2.HeartbeatGenerator] (executor-thread-1) 💓 [HEARTBEAT] Invio heartbeat: {"stazioneId":"stazzaDellaMadonnaTroia","stato":"ONLINE","timestamp":"2026-08-14T13:30:09.258297577Z","tipoEvento":"HEARTBEAT","bufferSize":0}
2026-08-14 15:30:19,258 INFO  [it.uni.reti2.HeartbeatGenerator] (executor-thread-1) 💓 [HEARTBEAT] Invio heartbeat: {"stazioneId":"stazzaDellaMadonnaTroia","stato":"ONLINE","timestamp":"2026-08-14T13:30:19.258582260Z","tipoEvento":"HEARTBEAT","bufferSize":0}
2026-08-14 15:30:29,257 INFO  [it.uni.reti2.HeartbeatGenerator] (executor-thread-1) 💓 [HEARTBEAT] Invio heartbeat: {"stazioneId":"stazzaDellaMadonnaTroia","stato":"ONLINE","timestamp":"2026-08-14T13:30:29.257843429Z","tipoEvento":"HEARTBEAT","bufferSize":0}
2026-08-14 15:30:39,258 INFO  [it.uni.reti2.HeartbeatGenerator] (executor-thread-1) 💓 [HEARTBEAT] Invio heartbeat: {"stazioneId":"stazzaDellaMadonnaTroia","stato":"ONLINE","timestamp":"2026-08-14T13:30:39.258331094Z","tipoEvento":"HEARTBEAT","bufferSize":0}
2026-08-14 15:30:49,258 INFO  [it.uni.reti2.HeartbeatGenerator] (executor-thread-1) 💓 [HEARTBEAT] Invio heartbeat: {"stazioneId":"stazzaDellaMadonnaTroia","stato":"ONLINE","timestamp":"2026-08-14T13:30:49.258343996Z","tipoEvento":"HEARTBEAT","bufferSize":0}
2026-08-14 15:30:59,258 INFO  [it.uni.reti2.HeartbeatGenerator] (executor-thread-1) 💓 [HEARTBEAT] Invio heartbeat: {"stazioneId":"stazzaDellaMadonnaTroia","stato":"ONLINE","timestamp":"2026-08-14T13:30:59.258268233Z","tipoEvento":"HEARTBEAT","bufferSize":0}
2026-08-14 15:31:09,258 INFO  [it.uni.reti2.HeartbeatGenerator] (executor-thread-1) 💓 [HEARTBEAT] Invio heartbeat: {"stazioneId":"stazzaDellaMadonnaTroia","stato":"ONLINE","timestamp":"2026-08-14T13:31:09.258339905Z","tipoEvento":"HEARTBEAT","bufferSize":0}
2026-08-14 15:31:11,151 INFO  [it.uni.reti2.StationGateway] (vert.x-eventloop-thread-3) 🚂 [PASSAGGIO] Treno tenoAmmazzaRicchi in ENTRATA dalla stazione stazzaDellaMadonnaTroia
2026-08-14 15:31:19,258 INFO  [it.uni.reti2.HeartbeatGenerator] (executor-thread-1) 💓 [HEARTBEAT] Invio heartbeat: {"stazioneId":"stazzaDellaMadonnaTroia","stato":"ONLINE","timestamp":"2026-08-14T13:31:19.258319068Z","tipoEvento":"HEARTBEAT","bufferSize":0}
2026-08-14 15:31:29,258 INFO  [it.uni.reti2.HeartbeatGenerator] (executor-thread-1) 💓 [HEARTBEAT] Invio heartbeat: {"stazioneId":"stazzaDellaMadonnaTroia","stato":"ONLINE","timestamp":"2026-08-14T13:31:29.258263430Z","tipoEvento":"HEARTBEAT","bufferSize":0}
2026-08-14 15:31:32,153 INFO  [it.uni.reti2.StationGateway] (vert.x-eventloop-thread-3) 🚂 [PASSAGGIO] Treno tenoAmmazzaRicchi in USCITA dalla stazione stazzaDellaMadonnaTroia
2026-08-14 15:31:39,257 INFO  [it.uni.reti2.HeartbeatGenerator] (executor-thread-1) 💓 [HEARTBEAT] Invio heartbeat: {"stazioneId":"stazzaDellaMadonnaTroia","stato":"ONLINE","timestamp":"2026-08-14T13:31:39.257895574Z","tipoEvento":"HEARTBEAT","bufferSize":0}
2026-08-14 15:31:49,258 INFO  [it.uni.reti2.HeartbeatGenerator] (executor-thread-1) 💓 [HEARTBEAT] Invio heartbeat: {"stazioneId":"stazzaDellaMadonnaTroia","stato":"ONLINE","timestamp":"2026-08-14T13:31:49.258291993Z","tipoEvento":"HEARTBEAT","bufferSize":0}
2026-08-14 15:31:59,258 INFO  [it.uni.reti2.HeartbeatGenerator] (executor-thread-1) 💓 [HEARTBEAT] Invio heartbeat: {"stazioneId":"stazzaDellaMadonnaTroia","stato":"ONLINE","timestamp":"2026-08-14T13:31:59.258267431Z","tipoEvento":"HEARTBEAT","bufferSize":0}
2026-08-14 15:32:09,258 INFO  [it.uni.reti2.HeartbeatGenerator] (executor-thread-1) 💓 [HEARTBEAT] Invio heartbeat: {"stazioneId":"stazzaDellaMadonnaTroia","stato":"ONLINE","timestamp":"2026-08-14T13:32:09.258282929Z","tipoEvento":"HEARTBEAT","bufferSize":0}
2026-08-14 15:32:19,258 INFO  [it.uni.reti2.HeartbeatGenerator] (executor-thread-1) 💓 [HEARTBEAT] Invio heartbeat: {"stazioneId":"stazzaDellaMadonnaTroia","stato":"ONLINE","timestamp":"2026-08-14T13:32:19.258097658Z","tipoEvento":"HEARTBEAT","bufferSize":0}
2026-08-14 15:32:29,258 INFO  [it.uni.reti2.HeartbeatGenerator] (executor-thread-1) 💓 [HEARTBEAT] Invio heartbeat: {"stazioneId":"stazzaDellaMadonnaTroia","stato":"ONLINE","timestamp":"2026-08-14T13:32:29.258248383Z","tipoEvento":"HEARTBEAT","bufferSize":0}
2026-08-14 15:32:39,258 INFO  [it.uni.reti2.HeartbeatGenerator] (executor-thread-1) 💓 [HEARTBEAT] Invio heartbeat: {"stazioneId":"stazzaDellaMadonnaTroia","stato":"ONLINE","timestamp":"2026-08-14T13:32:39.258246657Z","tipoEvento":"HEARTBEAT","bufferSize":0}
2026-08-14 15:32:49,258 INFO  [it.uni.reti2.HeartbeatGenerator] (executor-thread-1) 💓 [HEARTBEAT] Invio heartbeat: {"stazioneId":"stazzaDellaMadonnaTroia","stato":"ONLINE","timestamp":"2026-08-14T13:32:49.257989492Z","tipoEvento":"HEARTBEAT","bufferSize":0}
2026-08-14 15:32:59,257 INFO  [it.uni.reti2.HeartbeatGenerator] (executor-thread-1) 💓 [HEARTBEAT] Invio heartbeat: {"stazioneId":"stazzaDellaMadonnaTroia","stato":"ONLINE","timestamp":"2026-08-14T13:32:59.257945406Z","tipoEvento":"HEARTBEAT","bufferSize":0}
2026-08-14 15:33:09,258 INFO  [it.uni.reti2.HeartbeatGenerator] (executor-thread-1) 💓 [HEARTBEAT] Invio heartbeat: {"stazioneId":"stazzaDellaMadonnaTroia","stato":"ONLINE","timestamp":"2026-08-14T13:33:09.258296460Z","tipoEvento":"HEARTBEAT","bufferSize":0}
2026-08-14 15:33:19,258 INFO  [it.uni.reti2.HeartbeatGenerator] (executor-thread-1) 💓 [HEARTBEAT] Invio heartbeat: {"stazioneId":"stazzaDellaMadonnaTroia","stato":"ONLINE","timestamp":"2026-08-14T13:33:19.258280945Z","tipoEvento":"HEARTBEAT","bufferSize":0}
2026-08-14 15:33:29,258 INFO  [it.uni.reti2.HeartbeatGenerator] (executor-thread-1) 💓 [HEARTBEAT] Invio heartbeat: {"stazioneId":"stazzaDellaMadonnaTroia","stato":"ONLINE","timestamp":"2026-08-14T13:33:29.257922064Z","tipoEvento":"HEARTBEAT","bufferSize":0}
2026-08-14 15:33:39,258 INFO  [it.uni.reti2.HeartbeatGenerator] (executor-thread-1) 💓 [HEARTBEAT] Invio heartbeat: {"stazioneId":"stazzaDellaMadonnaTroia","stato":"ONLINE","timestamp":"2026-08-14T13:33:39.258412174Z","tipoEvento":"HEARTBEAT","bufferSize":0}
2026-08-14 15:33:49,258 INFO  [it.uni.reti2.HeartbeatGenerator] (executor-thread-1) 💓 [HEARTBEAT] Invio heartbeat: {"stazioneId":"stazzaDellaMadonnaTroia","stato":"ONLINE","timestamp":"2026-08-14T13:33:49.258288319Z","tipoEvento":"HEARTBEAT","bufferSize":0}
2026-08-14 15:33:59,258 INFO  [it.uni.reti2.HeartbeatGenerator] (executor-thread-1) 💓 [HEARTBEAT] Invio heartbeat: {"stazioneId":"stazzaDellaMadonnaTroia","stato":"ONLINE","timestamp":"2026-08-14T13:33:59.258256024Z","tipoEvento":"HEARTBEAT","bufferSize":0}
2026-08-14 15:34:09,258 INFO  [it.uni.reti2.HeartbeatGenerator] (executor-thread-1) 💓 [HEARTBEAT] Invio heartbeat: {"stazioneId":"stazzaDellaMadonnaTroia","stato":"ONLINE","timestamp":"2026-08-14T13:34:09.258274983Z","tipoEvento":"HEARTBEAT","bufferSize":0}
2026-08-14 15:34:19,257 INFO  [it.uni.reti2.HeartbeatGenerator] (executor-thread-1) 💓 [HEARTBEAT] Invio heartbeat: {"stazioneId":"stazzaDellaMadonnaTroia","stato":"ONLINE","timestamp":"2026-08-14T13:34:19.257887539Z","tipoEvento":"HEARTBEAT","bufferSize":0}
2026-08-14 15:34:29,258 INFO  [it.uni.reti2.HeartbeatGenerator] (executor-thread-1) 💓 [HEARTBEAT] Invio heartbeat: {"stazioneId":"stazzaDellaMadonnaTroia","stato":"ONLINE","timestamp":"2026-08-14T13:34:29.258290741Z","tipoEvento":"HEARTBEAT","bufferSize":0}
2026-08-14 15:34:39,258 INFO  [it.uni.reti2.HeartbeatGenerator] (executor-thread-1) 💓 [HEARTBEAT] Invio heartbeat: {"stazioneId":"stazzaDellaMadonnaTroia","stato":"ONLINE","timestamp":"2026-08-14T13:34:39.258267248Z","tipoEvento":"HEARTBEAT","bufferSize":0}
2026-08-14 15:34:49,258 INFO  [it.uni.reti2.HeartbeatGenerator] (executor-thread-1) 💓 [HEARTBEAT] Invio heartbeat: {"stazioneId":"stazzaDellaMadonnaTroia","stato":"ONLINE","timestamp":"2026-08-14T13:34:49.258281443Z","tipoEvento":"HEARTBEAT","bufferSize":0}
2026-08-14 15:34:59,257 INFO  [it.uni.reti2.HeartbeatGenerator] (executor-thread-1) 💓 [HEARTBEAT] Invio heartbeat: {"stazioneId":"stazzaDellaMadonnaTroia","stato":"ONLINE","timestamp":"2026-08-14T13:34:59.257878100Z","tipoEvento":"HEARTBEAT","bufferSize":0}
2026-08-14 15:35:09,258 INFO  [it.uni.reti2.HeartbeatGenerator] (executor-thread-1) 💓 [HEARTBEAT] Invio heartbeat: {"stazioneId":"stazzaDellaMadonnaTroia","stato":"ONLINE","timestamp":"2026-08-14T13:35:09.258311245Z","tipoEvento":"HEARTBEAT","bufferSize":0}
2026-08-14 15:35:14,148 INFO  [it.uni.reti2.StationGateway] (vert.x-eventloop-thread-3) 🚂 [PASSAGGIO] Treno tenoAmmazzaRicchi in ENTRATA dalla stazione stazzaDellaMadonnaTroia
2026-08-14 15:35:19,258 INFO  [it.uni.reti2.HeartbeatGenerator] (executor-thread-1) 💓 [HEARTBEAT] Invio heartbeat: {"stazioneId":"stazzaDellaMadonnaTroia","stato":"ONLINE","timestamp":"2026-08-14T13:35:19.258180062Z","tipoEvento":"HEARTBEAT","bufferSize":0}
2026-08-14 15:35:29,258 INFO  [it.uni.reti2.HeartbeatGenerator] (executor-thread-1) 💓 [HEARTBEAT] Invio heartbeat: {"stazioneId":"stazzaDellaMadonnaTroia","stato":"ONLINE","timestamp":"2026-08-14T13:35:29.258289425Z","tipoEvento":"HEARTBEAT","bufferSize":0}
2026-08-14 15:35:35,148 INFO  [it.uni.reti2.StationGateway] (vert.x-eventloop-thread-3) 🚂 [PASSAGGIO] Treno tenoAmmazzaRicchi in USCITA dalla stazione stazzaDellaMadonnaTroia
2026-08-14 15:35:39,258 INFO  [it.uni.reti2.HeartbeatGenerator] (executor-thread-1) 💓 [HEARTBEAT] Invio heartbeat: {"stazioneId":"stazzaDellaMadonnaTroia","stato":"ONLINE","timestamp":"2026-08-14T13:35:39.258276995Z","tipoEvento":"HEARTBEAT","bufferSize":0}
2026-08-14 15:35:49,258 INFO  [it.uni.reti2.HeartbeatGenerator] (executor-thread-1) 💓 [HEARTBEAT] Invio heartbeat: {"stazioneId":"stazzaDellaMadonnaTroia","stato":"ONLINE","timestamp":"2026-08-14T13:35:49.257957742Z","tipoEvento":"HEARTBEAT","bufferSize":0}
2026-08-14 15:35:59,258 INFO  [it.uni.reti2.HeartbeatGenerator] (executor-thread-1) 💓 [HEARTBEAT] Invio heartbeat: {"stazioneId":"stazzaDellaMadonnaTroia","stato":"ONLINE","timestamp":"2026-08-14T13:35:59.258234090Z","tipoEvento":"HEARTBEAT","bufferSize":0}
2026-08-14 15:36:09,258 INFO  [it.uni.reti2.HeartbeatGenerator] (executor-thread-1) 💓 [HEARTBEAT] Invio heartbeat: {"stazioneId":"stazzaDellaMadonnaTroia","stato":"ONLINE","timestamp":"2026-08-14T13:36:09.257908831Z","tipoEvento":"HEARTBEAT","bufferSize":0}
2026-08-14 15:36:19,258 INFO  [it.uni.reti2.HeartbeatGenerator] (executor-thread-1) 💓 [HEARTBEAT] Invio heartbeat: {"stazioneId":"stazzaDellaMadonnaTroia","stato":"ONLINE","timestamp":"2026-08-14T13:36:19.258271571Z","tipoEvento":"HEARTBEAT","bufferSize":0}
2026-08-14 15:36:29,257 INFO  [it.uni.reti2.HeartbeatGenerator] (executor-thread-1) 💓 [HEARTBEAT] Invio heartbeat: {"stazioneId":"stazzaDellaMadonnaTroia","stato":"ONLINE","timestamp":"2026-08-14T13:36:29.257946408Z","tipoEvento":"HEARTBEAT","bufferSize":0}
2026-08-14 15:36:39,258 INFO  [it.uni.reti2.HeartbeatGenerator] (executor-thread-1) 💓 [HEARTBEAT] Invio heartbeat: {"stazioneId":"stazzaDellaMadonnaTroia","stato":"ONLINE","timestamp":"2026-08-14T13:36:39.258293230Z","tipoEvento":"HEARTBEAT","bufferSize":0}
2026-08-14 15:36:49,258 INFO  [it.uni.reti2.HeartbeatGenerator] (executor-thread-1) 💓 [HEARTBEAT] Invio heartbeat: {"stazioneId":"stazzaDellaMadonnaTroia","stato":"ONLINE","timestamp":"2026-08-14T13:36:49.257896795Z","tipoEvento":"HEARTBEAT","bufferSize":0}
2026-08-14 15:36:59,258 INFO  [it.uni.reti2.HeartbeatGenerator] (executor-thread-1) 💓 [HEARTBEAT] Invio heartbeat: {"stazioneId":"stazzaDellaMadonnaTroia","stato":"ONLINE","timestamp":"2026-08-14T13:36:59.258020797Z","tipoEvento":"HEARTBEAT","bufferSize":0}
2026-08-14 15:37:09,257 INFO  [it.uni.reti2.HeartbeatGenerator] (executor-thread-1) 💓 [HEARTBEAT] Invio heartbeat: {"stazioneId":"stazzaDellaMadonnaTroia","stato":"ONLINE","timestamp":"2026-08-14T13:37:09.257919120Z","tipoEvento":"HEARTBEAT","bufferSize":0}
2026-08-14 15:37:19,258 INFO  [it.uni.reti2.HeartbeatGenerator] (executor-thread-1) 💓 [HEARTBEAT] Invio heartbeat: {"stazioneId":"stazzaDellaMadonnaTroia","stato":"ONLINE","timestamp":"2026-08-14T13:37:19.258011556Z","tipoEvento":"HEARTBEAT","bufferSize":0}
2026-08-14 15:37:29,258 INFO  [it.uni.reti2.HeartbeatGenerator] (executor-thread-1) 💓 [HEARTBEAT] Invio heartbeat: {"stazioneId":"stazzaDellaMadonnaTroia","stato":"ONLINE","timestamp":"2026-08-14T13:37:29.258336075Z","tipoEvento":"HEARTBEAT","bufferSize":0}
2026-08-14 15:37:39,258 INFO  [it.uni.reti2.HeartbeatGenerator] (executor-thread-1) 💓 [HEARTBEAT] Invio heartbeat: {"stazioneId":"stazzaDellaMadonnaTroia","stato":"ONLINE","timestamp":"2026-08-14T13:37:39.258249949Z","tipoEvento":"HEARTBEAT","bufferSize":0}
2026-08-14 15:37:49,257 INFO  [it.uni.reti2.HeartbeatGenerator] (executor-thread-1) 💓 [HEARTBEAT] Invio heartbeat: {"stazioneId":"stazzaDellaMadonnaTroia","stato":"ONLINE","timestamp":"2026-08-14T13:37:49.257869811Z","tipoEvento":"HEARTBEAT","bufferSize":0}
2026-08-14 15:37:59,258 INFO  [it.uni.reti2.HeartbeatGenerator] (executor-thread-1) 💓 [HEARTBEAT] Invio heartbeat: {"stazioneId":"stazzaDellaMadonnaTroia","stato":"ONLINE","timestamp":"2026-08-14T13:37:59.257897725Z","tipoEvento":"HEARTBEAT","bufferSize":0}
2026-08-14 15:38:09,258 INFO  [it.uni.reti2.HeartbeatGenerator] (executor-thread-1) 💓 [HEARTBEAT] Invio heartbeat: {"stazioneId":"stazzaDellaMadonnaTroia","stato":"ONLINE","timestamp":"2026-08-14T13:38:09.258374171Z","tipoEvento":"HEARTBEAT","bufferSize":0}
2026-08-14 15:38:19,258 INFO  [it.uni.reti2.HeartbeatGenerator] (executor-thread-1) 💓 [HEARTBEAT] Invio heartbeat: {"stazioneId":"stazzaDellaMadonnaTroia","stato":"ONLINE","timestamp":"2026-08-14T13:38:19.258227684Z","tipoEvento":"HEARTBEAT","bufferSize":0}
2026-08-14 15:38:29,257 INFO  [it.uni.reti2.HeartbeatGenerator] (executor-thread-1) 💓 [HEARTBEAT] Invio heartbeat: {"stazioneId":"stazzaDellaMadonnaTroia","stato":"ONLINE","timestamp":"2026-08-14T13:38:29.257869236Z","tipoEvento":"HEARTBEAT","bufferSize":0}
2026-08-14 15:38:39,257 INFO  [it.uni.reti2.HeartbeatGenerator] (executor-thread-1) 💓 [HEARTBEAT] Invio heartbeat: {"stazioneId":"stazzaDellaMadonnaTroia","stato":"ONLINE","timestamp":"2026-08-14T13:38:39.257837673Z","tipoEvento":"HEARTBEAT","bufferSize":0}
2026-08-14 15:38:49,257 INFO  [it.uni.reti2.HeartbeatGenerator] (executor-thread-1) 💓 [HEARTBEAT] Invio heartbeat: {"stazioneId":"stazzaDellaMadonnaTroia","stato":"ONLINE","timestamp":"2026-08-14T13:38:49.257900942Z","tipoEvento":"HEARTBEAT","bufferSize":0}
2026-08-14 15:38:59,257 INFO  [it.uni.reti2.HeartbeatGenerator] (executor-thread-1) 💓 [HEARTBEAT] Invio heartbeat: {"stazioneId":"stazzaDellaMadonnaTroia","stato":"ONLINE","timestamp":"2026-08-14T13:38:59.257873297Z","tipoEvento":"HEARTBEAT","bufferSize":0}
2026-08-14 15:39:09,258 INFO  [it.uni.reti2.HeartbeatGenerator] (executor-thread-1) 💓 [HEARTBEAT] Invio heartbeat: {"stazioneId":"stazzaDellaMadonnaTroia","stato":"ONLINE","timestamp":"2026-08-14T13:39:09.258150504Z","tipoEvento":"HEARTBEAT","bufferSize":0}
2026-08-14 15:39:19,258 INFO  [it.uni.reti2.HeartbeatGenerator] (executor-thread-1) 💓 [HEARTBEAT] Invio heartbeat: {"stazioneId":"stazzaDellaMadonnaTroia","stato":"ONLINE","timestamp":"2026-08-14T13:39:19.258276427Z","tipoEvento":"HEARTBEAT","bufferSize":0}
2026-08-14 15:39:29,257 INFO  [it.uni.reti2.HeartbeatGenerator] (executor-thread-1) 💓 [HEARTBEAT] Invio heartbeat: {"stazioneId":"stazzaDellaMadonnaTroia","stato":"ONLINE","timestamp":"2026-08-14T13:39:29.257835548Z","tipoEvento":"HEARTBEAT","bufferSize":0}
2026-08-14 15:39:39,258 INFO  [it.uni.reti2.HeartbeatGenerator] (executor-thread-1) 💓 [HEARTBEAT] Invio heartbeat: {"stazioneId":"stazzaDellaMadonnaTroia","stato":"ONLINE","timestamp":"2026-08-14T13:39:39.258254492Z","tipoEvento":"HEARTBEAT","bufferSize":0}
2026-08-14 15:39:49,258 INFO  [it.uni.reti2.HeartbeatGenerator] (executor-thread-1) 💓 [HEARTBEAT] Invio heartbeat: {"stazioneId":"stazzaDellaMadonnaTroia","stato":"ONLINE","timestamp":"2026-08-14T13:39:49.258326866Z","tipoEvento":"HEARTBEAT","bufferSize":0}
2026-08-14 15:39:59,258 INFO  [it.uni.reti2.HeartbeatGenerator] (executor-thread-1) 💓 [HEARTBEAT] Invio heartbeat: {"stazioneId":"stazzaDellaMadonnaTroia","stato":"ONLINE","timestamp":"2026-08-14T13:39:59.257894694Z","tipoEvento":"HEARTBEAT","bufferSize":0}
2026-08-14 15:40:09,257 INFO  [it.uni.reti2.HeartbeatGenerator] (executor-thread-1) 💓 [HEARTBEAT] Invio heartbeat: {"stazioneId":"stazzaDellaMadonnaTroia","stato":"ONLINE","timestamp":"2026-08-14T13:40:09.257849902Z","tipoEvento":"HEARTBEAT","bufferSize":0}
2026-08-14 15:40:19,257 INFO  [it.uni.reti2.HeartbeatGenerator] (executor-thread-1) 💓 [HEARTBEAT] Invio heartbeat: {"stazioneId":"stazzaDellaMadonnaTroia","stato":"ONLINE","timestamp":"2026-08-14T13:40:19.257845259Z","tipoEvento":"HEARTBEAT","bufferSize":0}
2026-08-14 15:40:29,258 INFO  [it.uni.reti2.HeartbeatGenerator] (executor-thread-1) 💓 [HEARTBEAT] Invio heartbeat: {"stazioneId":"stazzaDellaMadonnaTroia","stato":"ONLINE","timestamp":"2026-08-14T13:40:29.258009999Z","tipoEvento":"HEARTBEAT","bufferSize":0}
2026-08-14 15:40:39,258 INFO  [it.uni.reti2.HeartbeatGenerator] (executor-thread-1) 💓 [HEARTBEAT] Invio heartbeat: {"stazioneId":"stazzaDellaMadonnaTroia","stato":"ONLINE","timestamp":"2026-08-14T13:40:39.258117041Z","tipoEvento":"HEARTBEAT","bufferSize":0}
2026-08-14 15:40:49,258 INFO  [it.uni.reti2.HeartbeatGenerator] (executor-thread-1) 💓 [HEARTBEAT] Invio heartbeat: {"stazioneId":"stazzaDellaMadonnaTroia","stato":"ONLINE","timestamp":"2026-08-14T13:40:49.258251412Z","tipoEvento":"HEARTBEAT","bufferSize":0}
2026-08-14 15:40:59,257 INFO  [it.uni.reti2.HeartbeatGenerator] (executor-thread-1) 💓 [HEARTBEAT] Invio heartbeat: {"stazioneId":"stazzaDellaMadonnaTroia","stato":"ONLINE","timestamp":"2026-08-14T13:40:59.257902546Z","tipoEvento":"HEARTBEAT","bufferSize":0}
2026-08-14 15:41:08,151 INFO  [it.uni.reti2.StationGateway] (vert.x-eventloop-thread-3) 🚂 [PASSAGGIO] Treno Mario in ENTRATA dalla stazione stazzaDellaMadonnaTroia
2026-08-14 15:41:09,257 INFO  [it.uni.reti2.HeartbeatGenerator] (executor-thread-1) 💓 [HEARTBEAT] Invio heartbeat: {"stazioneId":"stazzaDellaMadonnaTroia","stato":"ONLINE","timestamp":"2026-08-14T13:41:09.257958480Z","tipoEvento":"HEARTBEAT","bufferSize":0}
2026-08-14 15:41:19,258 INFO  [it.uni.reti2.HeartbeatGenerator] (executor-thread-1) 💓 [HEARTBEAT] Invio heartbeat: {"stazioneId":"stazzaDellaMadonnaTroia","stato":"ONLINE","timestamp":"2026-08-14T13:41:19.257923990Z","tipoEvento":"HEARTBEAT","bufferSize":0}
2026-08-14 15:41:29,152 INFO  [it.uni.reti2.StationGateway] (vert.x-eventloop-thread-3) 🚂 [PASSAGGIO] Treno Mario in USCITA dalla stazione stazzaDellaMadonnaTroia
2026-08-14 15:41:29,258 INFO  [it.uni.reti2.HeartbeatGenerator] (executor-thread-1) 💓 [HEARTBEAT] Invio heartbeat: {"stazioneId":"stazzaDellaMadonnaTroia","stato":"ONLINE","timestamp":"2026-08-14T13:41:29.258382955Z","tipoEvento":"HEARTBEAT","bufferSize":0}
2026-08-14 15:41:39,258 INFO  [it.uni.reti2.HeartbeatGenerator] (executor-thread-1) 💓 [HEARTBEAT] Invio heartbeat: {"stazioneId":"stazzaDellaMadonnaTroia","stato":"ONLINE","timestamp":"2026-08-14T13:41:39.258612690Z","tipoEvento":"HEARTBEAT","bufferSize":0}
2026-08-14 15:41:49,258 INFO  [it.uni.reti2.HeartbeatGenerator] (executor-thread-1) 💓 [HEARTBEAT] Invio heartbeat: {"stazioneId":"stazzaDellaMadonnaTroia","stato":"ONLINE","timestamp":"2026-08-14T13:41:49.258111449Z","tipoEvento":"HEARTBEAT","bufferSize":0}
2026-08-14 15:41:59,258 INFO  [it.uni.reti2.HeartbeatGenerator] (executor-thread-1) 💓 [HEARTBEAT] Invio heartbeat: {"stazioneId":"stazzaDellaMadonnaTroia","stato":"ONLINE","timestamp":"2026-08-14T13:41:59.258737924Z","tipoEvento":"HEARTBEAT","bufferSize":0}
2026-08-14 15:42:09,258 INFO  [it.uni.reti2.HeartbeatGenerator] (executor-thread-1) 💓 [HEARTBEAT] Invio heartbeat: {"stazioneId":"stazzaDellaMadonnaTroia","stato":"ONLINE","timestamp":"2026-08-14T13:42:09.258254875Z","tipoEvento":"HEARTBEAT","bufferSize":0}
2026-08-14 15:42:19,257 INFO  [it.uni.reti2.HeartbeatGenerator] (executor-thread-1) 💓 [HEARTBEAT] Invio heartbeat: {"stazioneId":"stazzaDellaMadonnaTroia","stato":"ONLINE","timestamp":"2026-08-14T13:42:19.257911725Z","tipoEvento":"HEARTBEAT","bufferSize":0}
2026-08-14 15:42:29,258 INFO  [it.uni.reti2.HeartbeatGenerator] (executor-thread-1) 💓 [HEARTBEAT] Invio heartbeat: {"stazioneId":"stazzaDellaMadonnaTroia","stato":"ONLINE","timestamp":"2026-08-14T13:42:29.257946506Z","tipoEvento":"HEARTBEAT","bufferSize":0}
2026-08-14 15:42:39,258 INFO  [it.uni.reti2.HeartbeatGenerator] (executor-thread-1) 💓 [HEARTBEAT] Invio heartbeat: {"stazioneId":"stazzaDellaMadonnaTroia","stato":"ONLINE","timestamp":"2026-08-14T13:42:39.258589978Z","tipoEvento":"HEARTBEAT","bufferSize":0}
2026-08-14 15:42:49,257 INFO  [it.uni.reti2.HeartbeatGenerator] (executor-thread-1) 💓 [HEARTBEAT] Invio heartbeat: {"stazioneId":"stazzaDellaMadonnaTroia","stato":"ONLINE","timestamp":"2026-08-14T13:42:49.257899484Z","tipoEvento":"HEARTBEAT","bufferSize":0}
2026-08-14 15:42:59,258 INFO  [it.uni.reti2.HeartbeatGenerator] (executor-thread-1) 💓 [HEARTBEAT] Invio heartbeat: {"stazioneId":"stazzaDellaMadonnaTroia","stato":"ONLINE","timestamp":"2026-08-14T13:42:59.257935682Z","tipoEvento":"HEARTBEAT","bufferSize":0}
2026-08-14 15:43:09,258 INFO  [it.uni.reti2.HeartbeatGenerator] (executor-thread-1) 💓 [HEARTBEAT] Invio heartbeat: {"stazioneId":"stazzaDellaMadonnaTroia","stato":"ONLINE","timestamp":"2026-08-14T13:43:09.257924743Z","tipoEvento":"HEARTBEAT","bufferSize":0}
2026-08-14 15:43:19,257 INFO  [it.uni.reti2.HeartbeatGenerator] (executor-thread-1) 💓 [HEARTBEAT] Invio heartbeat: {"stazioneId":"stazzaDellaMadonnaTroia","stato":"ONLINE","timestamp":"2026-08-14T13:43:19.257809753Z","tipoEvento":"HEARTBEAT","bufferSize":0}
2026-08-14 15:43:29,257 INFO  [it.uni.reti2.HeartbeatGenerator] (executor-thread-1) 💓 [HEARTBEAT] Invio heartbeat: {"stazioneId":"stazzaDellaMadonnaTroia","stato":"ONLINE","timestamp":"2026-08-14T13:43:29.257840316Z","tipoEvento":"HEARTBEAT","bufferSize":0}
2026-08-14 15:43:39,257 INFO  [it.uni.reti2.HeartbeatGenerator] (executor-thread-1) 💓 [HEARTBEAT] Invio heartbeat: {"stazioneId":"stazzaDellaMadonnaTroia","stato":"ONLINE","timestamp":"2026-08-14T13:43:39.257867563Z","tipoEvento":"HEARTBEAT","bufferSize":0}
2026-08-14 15:43:49,258 INFO  [it.uni.reti2.HeartbeatGenerator] (executor-thread-1) 💓 [HEARTBEAT] Invio heartbeat: {"stazioneId":"stazzaDellaMadonnaTroia","stato":"ONLINE","timestamp":"2026-08-14T13:43:49.258055660Z","tipoEvento":"HEARTBEAT","bufferSize":0}
2026-08-14 15:43:59,257 INFO  [it.uni.reti2.HeartbeatGenerator] (executor-thread-1) 💓 [HEARTBEAT] Invio heartbeat: {"stazioneId":"stazzaDellaMadonnaTroia","stato":"ONLINE","timestamp":"2026-08-14T13:43:59.257919342Z","tipoEvento":"HEARTBEAT","bufferSize":0}
2026-08-14 15:44:09,257 INFO  [it.uni.reti2.HeartbeatGenerator] (executor-thread-1) 💓 [HEARTBEAT] Invio heartbeat: {"stazioneId":"stazzaDellaMadonnaTroia","stato":"ONLINE","timestamp":"2026-08-14T13:44:09.257869276Z","tipoEvento":"HEARTBEAT","bufferSize":0}
2026-08-14 15:44:19,258 INFO  [it.uni.reti2.HeartbeatGenerator] (executor-thread-1) 💓 [HEARTBEAT] Invio heartbeat: {"stazioneId":"stazzaDellaMadonnaTroia","stato":"ONLINE","timestamp":"2026-08-14T13:44:19.257897844Z","tipoEvento":"HEARTBEAT","bufferSize":0}
2026-08-14 15:44:29,260 INFO  [it.uni.reti2.HeartbeatGenerator] (executor-thread-1) 💓 [HEARTBEAT] Invio heartbeat: {"stazioneId":"stazzaDellaMadonnaTroia","stato":"ONLINE","timestamp":"2026-08-14T13:44:29.260321730Z","tipoEvento":"HEARTBEAT","bufferSize":0}
2026-08-14 15:44:39,257 INFO  [it.uni.reti2.HeartbeatGenerator] (executor-thread-1) 💓 [HEARTBEAT] Invio heartbeat: {"stazioneId":"stazzaDellaMadonnaTroia","stato":"ONLINE","timestamp":"2026-08-14T13:44:39.257842436Z","tipoEvento":"HEARTBEAT","bufferSize":0}
2026-08-14 15:44:49,257 INFO  [it.uni.reti2.HeartbeatGenerator] (executor-thread-1) 💓 [HEARTBEAT] Invio heartbeat: {"stazioneId":"stazzaDellaMadonnaTroia","stato":"ONLINE","timestamp":"2026-08-14T13:44:49.257751758Z","tipoEvento":"HEARTBEAT","bufferSize":0}
2026-08-14 15:44:59,257 INFO  [it.uni.reti2.HeartbeatGenerator] (executor-thread-1) 💓 [HEARTBEAT] Invio heartbeat: {"stazioneId":"stazzaDellaMadonnaTroia","stato":"ONLINE","timestamp":"2026-08-14T13:44:59.257856154Z","tipoEvento":"HEARTBEAT","bufferSize":0}
2026-08-14 15:45:09,257 INFO  [it.uni.reti2.HeartbeatGenerator] (executor-thread-1) 💓 [HEARTBEAT] Invio heartbeat: {"stazioneId":"stazzaDellaMadonnaTroia","stato":"ONLINE","timestamp":"2026-08-14T13:45:09.257943794Z","tipoEvento":"HEARTBEAT","bufferSize":0}
2026-08-14 15:45:12,147 INFO  [it.uni.reti2.StationGateway] (vert.x-eventloop-thread-3) 🚂 [PASSAGGIO] Treno Mario in ENTRATA dalla stazione stazzaDellaMadonnaTroia
2026-08-14 15:45:19,257 INFO  [it.uni.reti2.HeartbeatGenerator] (executor-thread-1) 💓 [HEARTBEAT] Invio heartbeat: {"stazioneId":"stazzaDellaMadonnaTroia","stato":"ONLINE","timestamp":"2026-08-14T13:45:19.257913489Z","tipoEvento":"HEARTBEAT","bufferSize":0}
2026-08-14 15:45:29,257 INFO  [it.uni.reti2.HeartbeatGenerator] (executor-thread-1) 💓 [HEARTBEAT] Invio heartbeat: {"stazioneId":"stazzaDellaMadonnaTroia","stato":"ONLINE","timestamp":"2026-08-14T13:45:29.257875687Z","tipoEvento":"HEARTBEAT","bufferSize":0}
2026-08-14 15:45:32,147 INFO  [it.uni.reti2.StationGateway] (vert.x-eventloop-thread-3) 🚂 [PASSAGGIO] Treno Mario in USCITA dalla stazione stazzaDellaMadonnaTroia
2026-08-14 15:45:39,258 INFO  [it.uni.reti2.HeartbeatGenerator] (executor-thread-1) 💓 [HEARTBEAT] Invio heartbeat: {"stazioneId":"stazzaDellaMadonnaTroia","stato":"ONLINE","timestamp":"2026-08-14T13:45:39.257920790Z","tipoEvento":"HEARTBEAT","bufferSize":0}
2026-08-14 15:45:49,257 INFO  [it.uni.reti2.HeartbeatGenerator] (executor-thread-1) 💓 [HEARTBEAT] Invio heartbeat: {"stazioneId":"stazzaDellaMadonnaTroia","stato":"ONLINE","timestamp":"2026-08-14T13:45:49.257948696Z","tipoEvento":"HEARTBEAT","bufferSize":0}
2026-08-14 15:45:59,258 INFO  [it.uni.reti2.HeartbeatGenerator] (executor-thread-1) 💓 [HEARTBEAT] Invio heartbeat: {"stazioneId":"stazzaDellaMadonnaTroia","stato":"ONLINE","timestamp":"2026-08-14T13:45:59.258299312Z","tipoEvento":"HEARTBEAT","bufferSize":0}
2026-08-14 15:46:09,258 INFO  [it.uni.reti2.HeartbeatGenerator] (executor-thread-1) 💓 [HEARTBEAT] Invio heartbeat: {"stazioneId":"stazzaDellaMadonnaTroia","stato":"ONLINE","timestamp":"2026-08-14T13:46:09.258269477Z","tipoEvento":"HEARTBEAT","bufferSize":0}
2026-08-14 15:46:19,258 INFO  [it.uni.reti2.HeartbeatGenerator] (executor-thread-1) 💓 [HEARTBEAT] Invio heartbeat: {"stazioneId":"stazzaDellaMadonnaTroia","stato":"ONLINE","timestamp":"2026-08-14T13:46:19.257883760Z","tipoEvento":"HEARTBEAT","bufferSize":0}
2026-08-14 15:46:29,257 INFO  [it.uni.reti2.HeartbeatGenerator] (executor-thread-1) 💓 [HEARTBEAT] Invio heartbeat: {"stazioneId":"stazzaDellaMadonnaTroia","stato":"ONLINE","timestamp":"2026-08-14T13:46:29.257812285Z","tipoEvento":"HEARTBEAT","bufferSize":0}
2026-08-14 15:46:39,257 INFO  [it.uni.reti2.HeartbeatGenerator] (executor-thread-1) 💓 [HEARTBEAT] Invio heartbeat: {"stazioneId":"stazzaDellaMadonnaTroia","stato":"ONLINE","timestamp":"2026-08-14T13:46:39.257865833Z","tipoEvento":"HEARTBEAT","bufferSize":0}
2026-08-14 15:46:44,148 INFO  [it.uni.reti2.StationGateway] (vert.x-eventloop-thread-3) 🚂 [PASSAGGIO] Treno tenoAmmazzaRicchi in ENTRATA dalla stazione stazzaDellaMadonnaTroia
2026-08-14 15:46:49,258 INFO  [it.uni.reti2.HeartbeatGenerator] (executor-thread-1) 💓 [HEARTBEAT] Invio heartbeat: {"stazioneId":"stazzaDellaMadonnaTroia","stato":"ONLINE","timestamp":"2026-08-14T13:46:49.258041674Z","tipoEvento":"HEARTBEAT","bufferSize":0}
2026-08-14 15:46:59,258 INFO  [it.uni.reti2.HeartbeatGenerator] (executor-thread-1) 💓 [HEARTBEAT] Invio heartbeat: {"stazioneId":"stazzaDellaMadonnaTroia","stato":"ONLINE","timestamp":"2026-08-14T13:46:59.258282994Z","tipoEvento":"HEARTBEAT","bufferSize":0}
2026-08-14 15:47:05,147 INFO  [it.uni.reti2.StationGateway] (vert.x-eventloop-thread-3) 🚂 [PASSAGGIO] Treno tenoAmmazzaRicchi in USCITA dalla stazione stazzaDellaMadonnaTroia
2026-08-14 15:47:09,258 INFO  [it.uni.reti2.HeartbeatGenerator] (executor-thread-1) 💓 [HEARTBEAT] Invio heartbeat: {"stazioneId":"stazzaDellaMadonnaTroia","stato":"ONLINE","timestamp":"2026-08-14T13:47:09.258303514Z","tipoEvento":"HEARTBEAT","bufferSize":0}
2026-08-14 15:47:19,258 INFO  [it.uni.reti2.HeartbeatGenerator] (executor-thread-1) 💓 [HEARTBEAT] Invio heartbeat: {"stazioneId":"stazzaDellaMadonnaTroia","stato":"ONLINE","timestamp":"2026-08-14T13:47:19.258279019Z","tipoEvento":"HEARTBEAT","bufferSize":0}
2026-08-14 15:47:29,257 INFO  [it.uni.reti2.HeartbeatGenerator] (executor-thread-1) 💓 [HEARTBEAT] Invio heartbeat: {"stazioneId":"stazzaDellaMadonnaTroia","stato":"ONLINE","timestamp":"2026-08-14T13:47:29.257792054Z","tipoEvento":"HEARTBEAT","bufferSize":0}
2026-08-14 15:47:39,257 INFO  [it.uni.reti2.HeartbeatGenerator] (executor-thread-1) 💓 [HEARTBEAT] Invio heartbeat: {"stazioneId":"stazzaDellaMadonnaTroia","stato":"ONLINE","timestamp":"2026-08-14T13:47:39.257754315Z","tipoEvento":"HEARTBEAT","bufferSize":0}
2026-08-14 15:47:49,257 INFO  [it.uni.reti2.HeartbeatGenerator] (executor-thread-1) 💓 [HEARTBEAT] Invio heartbeat: {"stazioneId":"stazzaDellaMadonnaTroia","stato":"ONLINE","timestamp":"2026-08-14T13:47:49.257751412Z","tipoEvento":"HEARTBEAT","bufferSize":0}
2026-08-14 15:47:59,257 INFO  [it.uni.reti2.HeartbeatGenerator] (executor-thread-1) 💓 [HEARTBEAT] Invio heartbeat: {"stazioneId":"stazzaDellaMadonnaTroia","stato":"ONLINE","timestamp":"2026-08-14T13:47:59.257768025Z","tipoEvento":"HEARTBEAT","bufferSize":0}
2026-08-14 15:48:09,257 INFO  [it.uni.reti2.HeartbeatGenerator] (executor-thread-1) 💓 [HEARTBEAT] Invio heartbeat: {"stazioneId":"stazzaDellaMadonnaTroia","stato":"ONLINE","timestamp":"2026-08-14T13:48:09.257723978Z","tipoEvento":"HEARTBEAT","bufferSize":0}
2026-08-14 15:48:19,257 INFO  [it.uni.reti2.HeartbeatGenerator] (executor-thread-1) 💓 [HEARTBEAT] Invio heartbeat: {"stazioneId":"stazzaDellaMadonnaTroia","stato":"ONLINE","timestamp":"2026-08-14T13:48:19.257725690Z","tipoEvento":"HEARTBEAT","bufferSize":0}
2026-08-14 15:48:29,257 INFO  [it.uni.reti2.HeartbeatGenerator] (executor-thread-1) 💓 [HEARTBEAT] Invio heartbeat: {"stazioneId":"stazzaDellaMadonnaTroia","stato":"ONLINE","timestamp":"2026-08-14T13:48:29.257735692Z","tipoEvento":"HEARTBEAT","bufferSize":0}
2026-08-14 15:48:39,258 INFO  [it.uni.reti2.HeartbeatGenerator] (executor-thread-1) 💓 [HEARTBEAT] Invio heartbeat: {"stazioneId":"stazzaDellaMadonnaTroia","stato":"ONLINE","timestamp":"2026-08-14T13:48:39.257927415Z","tipoEvento":"HEARTBEAT","bufferSize":0}
2026-08-14 15:48:49,258 INFO  [it.uni.reti2.HeartbeatGenerator] (executor-thread-1) 💓 [HEARTBEAT] Invio heartbeat: {"stazioneId":"stazzaDellaMadonnaTroia","stato":"ONLINE","timestamp":"2026-08-14T13:48:49.257962759Z","tipoEvento":"HEARTBEAT","bufferSize":0}
2026-08-14 15:48:59,258 INFO  [it.uni.reti2.HeartbeatGenerator] (executor-thread-1) 💓 [HEARTBEAT] Invio heartbeat: {"stazioneId":"stazzaDellaMadonnaTroia","stato":"ONLINE","timestamp":"2026-08-14T13:48:59.258296500Z","tipoEvento":"HEARTBEAT","bufferSize":0}
2026-08-14 15:49:09,258 INFO  [it.uni.reti2.HeartbeatGenerator] (executor-thread-1) 💓 [HEARTBEAT] Invio heartbeat: {"stazioneId":"stazzaDellaMadonnaTroia","stato":"ONLINE","timestamp":"2026-08-14T13:49:09.258290503Z","tipoEvento":"HEARTBEAT","bufferSize":0}
2026-08-14 15:49:19,257 INFO  [it.uni.reti2.HeartbeatGenerator] (executor-thread-1) 💓 [HEARTBEAT] Invio heartbeat: {"stazioneId":"stazzaDellaMadonnaTroia","stato":"ONLINE","timestamp":"2026-08-14T13:49:19.257924147Z","tipoEvento":"HEARTBEAT","bufferSize":0}
2026-08-14 15:49:29,258 INFO  [it.uni.reti2.HeartbeatGenerator] (executor-thread-1) 💓 [HEARTBEAT] Invio heartbeat: {"stazioneId":"stazzaDellaMadonnaTroia","stato":"ONLINE","timestamp":"2026-08-14T13:49:29.258080301Z","tipoEvento":"HEARTBEAT","bufferSize":0}
2026-08-14 15:49:39,257 INFO  [it.uni.reti2.HeartbeatGenerator] (executor-thread-1) 💓 [HEARTBEAT] Invio heartbeat: {"stazioneId":"stazzaDellaMadonnaTroia","stato":"ONLINE","timestamp":"2026-08-14T13:49:39.257830594Z","tipoEvento":"HEARTBEAT","bufferSize":0}
2026-08-14 15:49:49,257 INFO  [it.uni.reti2.HeartbeatGenerator] (executor-thread-1) 💓 [HEARTBEAT] Invio heartbeat: {"stazioneId":"stazzaDellaMadonnaTroia","stato":"ONLINE","timestamp":"2026-08-14T13:49:49.257769944Z","tipoEvento":"HEARTBEAT","bufferSize":0}
2026-08-14 15:49:59,257 INFO  [it.uni.reti2.HeartbeatGenerator] (executor-thread-1) 💓 [HEARTBEAT] Invio heartbeat: {"stazioneId":"stazzaDellaMadonnaTroia","stato":"ONLINE","timestamp":"2026-08-14T13:49:59.257815856Z","tipoEvento":"HEARTBEAT","bufferSize":0}
2026-08-14 15:50:09,257 INFO  [it.uni.reti2.HeartbeatGenerator] (executor-thread-1) 💓 [HEARTBEAT] Invio heartbeat: {"stazioneId":"stazzaDellaMadonnaTroia","stato":"ONLINE","timestamp":"2026-08-14T13:50:09.257847269Z","tipoEvento":"HEARTBEAT","bufferSize":0}
2026-08-14 15:50:19,258 INFO  [it.uni.reti2.HeartbeatGenerator] (executor-thread-1) 💓 [HEARTBEAT] Invio heartbeat: {"stazioneId":"stazzaDellaMadonnaTroia","stato":"ONLINE","timestamp":"2026-08-14T13:50:19.257967168Z","tipoEvento":"HEARTBEAT","bufferSize":0}
2026-08-14 15:50:29,258 INFO  [it.uni.reti2.HeartbeatGenerator] (executor-thread-1) 💓 [HEARTBEAT] Invio heartbeat: {"stazioneId":"stazzaDellaMadonnaTroia","stato":"ONLINE","timestamp":"2026-08-14T13:50:29.258110010Z","tipoEvento":"HEARTBEAT","bufferSize":0}
2026-08-14 15:50:39,258 INFO  [it.uni.reti2.HeartbeatGenerator] (executor-thread-1) 💓 [HEARTBEAT] Invio heartbeat: {"stazioneId":"stazzaDellaMadonnaTroia","stato":"ONLINE","timestamp":"2026-08-14T13:50:39.258183395Z","tipoEvento":"HEARTBEAT","bufferSize":0}
2026-08-14 15:50:47,156 INFO  [it.uni.reti2.StationGateway] (vert.x-eventloop-thread-3) 🚂 [PASSAGGIO] Treno tenoAmmazzaRicchi in ENTRATA dalla stazione stazzaDellaMadonnaTroia
2026-08-14 15:50:49,258 INFO  [it.uni.reti2.HeartbeatGenerator] (executor-thread-1) 💓 [HEARTBEAT] Invio heartbeat: {"stazioneId":"stazzaDellaMadonnaTroia","stato":"ONLINE","timestamp":"2026-08-14T13:50:49.258091728Z","tipoEvento":"HEARTBEAT","bufferSize":0}
2026-08-14 15:50:59,258 INFO  [it.uni.reti2.HeartbeatGenerator] (executor-thread-1) 💓 [HEARTBEAT] Invio heartbeat: {"stazioneId":"stazzaDellaMadonnaTroia","stato":"ONLINE","timestamp":"2026-08-14T13:50:59.257983157Z","tipoEvento":"HEARTBEAT","bufferSize":0}
2026-08-14 15:51:08,169 INFO  [it.uni.reti2.StationGateway] (vert.x-eventloop-thread-3) 🚂 [PASSAGGIO] Treno tenoAmmazzaRicchi in USCITA dalla stazione stazzaDellaMadonnaTroia
2026-08-14 15:51:09,257 INFO  [it.uni.reti2.HeartbeatGenerator] (executor-thread-1) 💓 [HEARTBEAT] Invio heartbeat: {"stazioneId":"stazzaDellaMadonnaTroia","stato":"ONLINE","timestamp":"2026-08-14T13:51:09.257869922Z","tipoEvento":"HEARTBEAT","bufferSize":0}
2026-08-14 15:51:19,258 INFO  [it.uni.reti2.HeartbeatGenerator] (executor-thread-1) 💓 [HEARTBEAT] Invio heartbeat: {"stazioneId":"stazzaDellaMadonnaTroia","stato":"ONLINE","timestamp":"2026-08-14T13:51:19.258095401Z","tipoEvento":"HEARTBEAT","bufferSize":0}
2026-08-14 15:51:29,257 INFO  [it.uni.reti2.HeartbeatGenerator] (executor-thread-1) 💓 [HEARTBEAT] Invio heartbeat: {"stazioneId":"stazzaDellaMadonnaTroia","stato":"ONLINE","timestamp":"2026-08-14T13:51:29.257898967Z","tipoEvento":"HEARTBEAT","bufferSize":0}
2026-08-14 15:51:39,258 INFO  [it.uni.reti2.HeartbeatGenerator] (executor-thread-1) 💓 [HEARTBEAT] Invio heartbeat: {"stazioneId":"stazzaDellaMadonnaTroia","stato":"ONLINE","timestamp":"2026-08-14T13:51:39.258296010Z","tipoEvento":"HEARTBEAT","bufferSize":0}
2026-08-14 15:51:49,258 INFO  [it.uni.reti2.HeartbeatGenerator] (executor-thread-1) 💓 [HEARTBEAT] Invio heartbeat: {"stazioneId":"stazzaDellaMadonnaTroia","stato":"ONLINE","timestamp":"2026-08-14T13:51:49.258306781Z","tipoEvento":"HEARTBEAT","bufferSize":0}
2026-08-14 15:51:59,258 INFO  [it.uni.reti2.HeartbeatGenerator] (executor-thread-1) 💓 [HEARTBEAT] Invio heartbeat: {"stazioneId":"stazzaDellaMadonnaTroia","stato":"ONLINE","timestamp":"2026-08-14T13:51:59.258322153Z","tipoEvento":"HEARTBEAT","bufferSize":0}
2026-08-14 15:52:09,258 INFO  [it.uni.reti2.HeartbeatGenerator] (executor-thread-1) 💓 [HEARTBEAT] Invio heartbeat: {"stazioneId":"stazzaDellaMadonnaTroia","stato":"ONLINE","timestamp":"2026-08-14T13:52:09.258286161Z","tipoEvento":"HEARTBEAT","bufferSize":0}
2026-08-14 15:52:19,258 INFO  [it.uni.reti2.HeartbeatGenerator] (executor-thread-1) 💓 [HEARTBEAT] Invio heartbeat: {"stazioneId":"stazzaDellaMadonnaTroia","stato":"ONLINE","timestamp":"2026-08-14T13:52:19.257913217Z","tipoEvento":"HEARTBEAT","bufferSize":0}
2026-08-14 15:52:29,258 INFO  [it.uni.reti2.HeartbeatGenerator] (executor-thread-1) 💓 [HEARTBEAT] Invio heartbeat: {"stazioneId":"stazzaDellaMadonnaTroia","stato":"ONLINE","timestamp":"2026-08-14T13:52:29.258247335Z","tipoEvento":"HEARTBEAT","bufferSize":0}
2026-08-14 15:52:39,258 INFO  [it.uni.reti2.HeartbeatGenerator] (executor-thread-1) 💓 [HEARTBEAT] Invio heartbeat: {"stazioneId":"stazzaDellaMadonnaTroia","stato":"ONLINE","timestamp":"2026-08-14T13:52:39.258001328Z","tipoEvento":"HEARTBEAT","bufferSize":0}
2026-08-14 15:52:49,258 INFO  [it.uni.reti2.HeartbeatGenerator] (executor-thread-1) 💓 [HEARTBEAT] Invio heartbeat: {"stazioneId":"stazzaDellaMadonnaTroia","stato":"ONLINE","timestamp":"2026-08-14T13:52:49.258259124Z","tipoEvento":"HEARTBEAT","bufferSize":0}
2026-08-14 15:52:59,258 INFO  [it.uni.reti2.HeartbeatGenerator] (executor-thread-1) 💓 [HEARTBEAT] Invio heartbeat: {"stazioneId":"stazzaDellaMadonnaTroia","stato":"ONLINE","timestamp":"2026-08-14T13:52:59.258012545Z","tipoEvento":"HEARTBEAT","bufferSize":0}
2026-08-14 15:53:09,258 INFO  [it.uni.reti2.HeartbeatGenerator] (executor-thread-1) 💓 [HEARTBEAT] Invio heartbeat: {"stazioneId":"stazzaDellaMadonnaTroia","stato":"ONLINE","timestamp":"2026-08-14T13:53:09.257915923Z","tipoEvento":"HEARTBEAT","bufferSize":0}
2026-08-14 15:53:19,258 INFO  [it.uni.reti2.HeartbeatGenerator] (executor-thread-1) 💓 [HEARTBEAT] Invio heartbeat: {"stazioneId":"stazzaDellaMadonnaTroia","stato":"ONLINE","timestamp":"2026-08-14T13:53:19.258285958Z","tipoEvento":"HEARTBEAT","bufferSize":0}
2026-08-14 15:53:29,258 INFO  [it.uni.reti2.HeartbeatGenerator] (executor-thread-1) 💓 [HEARTBEAT] Invio heartbeat: {"stazioneId":"stazzaDellaMadonnaTroia","stato":"ONLINE","timestamp":"2026-08-14T13:53:29.258337814Z","tipoEvento":"HEARTBEAT","bufferSize":0}
2026-08-14 15:53:39,258 INFO  [it.uni.reti2.HeartbeatGenerator] (executor-thread-1) 💓 [HEARTBEAT] Invio heartbeat: {"stazioneId":"stazzaDellaMadonnaTroia","stato":"ONLINE","timestamp":"2026-08-14T13:53:39.258255362Z","tipoEvento":"HEARTBEAT","bufferSize":0}
2026-08-14 15:53:49,258 INFO  [it.uni.reti2.HeartbeatGenerator] (executor-thread-1) 💓 [HEARTBEAT] Invio heartbeat: {"stazioneId":"stazzaDellaMadonnaTroia","stato":"ONLINE","timestamp":"2026-08-14T13:53:49.258406444Z","tipoEvento":"HEARTBEAT","bufferSize":0}
2026-08-14 15:53:59,258 INFO  [it.uni.reti2.HeartbeatGenerator] (executor-thread-1) 💓 [HEARTBEAT] Invio heartbeat: {"stazioneId":"stazzaDellaMadonnaTroia","stato":"ONLINE","timestamp":"2026-08-14T13:53:59.258299793Z","tipoEvento":"HEARTBEAT","bufferSize":0}
2026-08-14 15:54:09,257 INFO  [it.uni.reti2.HeartbeatGenerator] (executor-thread-1) 💓 [HEARTBEAT] Invio heartbeat: {"stazioneId":"stazzaDellaMadonnaTroia","stato":"ONLINE","timestamp":"2026-08-14T13:54:09.257863549Z","tipoEvento":"HEARTBEAT","bufferSize":0}
2026-08-14 15:54:19,257 INFO  [it.uni.reti2.HeartbeatGenerator] (executor-thread-1) 💓 [HEARTBEAT] Invio heartbeat: {"stazioneId":"stazzaDellaMadonnaTroia","stato":"ONLINE","timestamp":"2026-08-14T13:54:19.257928765Z","tipoEvento":"HEARTBEAT","bufferSize":0}
2026-08-14 15:54:29,258 INFO  [it.uni.reti2.HeartbeatGenerator] (executor-thread-1) 💓 [HEARTBEAT] Invio heartbeat: {"stazioneId":"stazzaDellaMadonnaTroia","stato":"ONLINE","timestamp":"2026-08-14T13:54:29.258266491Z","tipoEvento":"HEARTBEAT","bufferSize":0}
2026-08-14 15:54:39,257 INFO  [it.uni.reti2.HeartbeatGenerator] (executor-thread-1) 💓 [HEARTBEAT] Invio heartbeat: {"stazioneId":"stazzaDellaMadonnaTroia","stato":"ONLINE","timestamp":"2026-08-14T13:54:39.257926112Z","tipoEvento":"HEARTBEAT","bufferSize":0}
2026-08-14 15:54:49,257 INFO  [it.uni.reti2.HeartbeatGenerator] (executor-thread-1) 💓 [HEARTBEAT] Invio heartbeat: {"stazioneId":"stazzaDellaMadonnaTroia","stato":"ONLINE","timestamp":"2026-08-14T13:54:49.257946873Z","tipoEvento":"HEARTBEAT","bufferSize":0}
2026-08-14 15:54:59,257 INFO  [it.uni.reti2.HeartbeatGenerator] (executor-thread-1) 💓 [HEARTBEAT] Invio heartbeat: {"stazioneId":"stazzaDellaMadonnaTroia","stato":"ONLINE","timestamp":"2026-08-14T13:54:59.257953039Z","tipoEvento":"HEARTBEAT","bufferSize":0}
2026-08-14 15:55:09,258 INFO  [it.uni.reti2.HeartbeatGenerator] (executor-thread-1) 💓 [HEARTBEAT] Invio heartbeat: {"stazioneId":"stazzaDellaMadonnaTroia","stato":"ONLINE","timestamp":"2026-08-14T13:55:09.258268629Z","tipoEvento":"HEARTBEAT","bufferSize":0}
2026-08-14 15:55:19,258 INFO  [it.uni.reti2.HeartbeatGenerator] (executor-thread-1) 💓 [HEARTBEAT] Invio heartbeat: {"stazioneId":"stazzaDellaMadonnaTroia","stato":"ONLINE","timestamp":"2026-08-14T13:55:19.258295195Z","tipoEvento":"HEARTBEAT","bufferSize":0}
2026-08-14 15:55:29,258 INFO  [it.uni.reti2.HeartbeatGenerator] (executor-thread-1) 💓 [HEARTBEAT] Invio heartbeat: {"stazioneId":"stazzaDellaMadonnaTroia","stato":"ONLINE","timestamp":"2026-08-14T13:55:29.258281634Z","tipoEvento":"HEARTBEAT","bufferSize":0}
2026-08-14 15:55:39,258 INFO  [it.uni.reti2.HeartbeatGenerator] (executor-thread-1) 💓 [HEARTBEAT] Invio heartbeat: {"stazioneId":"stazzaDellaMadonnaTroia","stato":"ONLINE","timestamp":"2026-08-14T13:55:39.258266984Z","tipoEvento":"HEARTBEAT","bufferSize":0}
2026-08-14 15:55:49,258 INFO  [it.uni.reti2.HeartbeatGenerator] (executor-thread-1) 💓 [HEARTBEAT] Invio heartbeat: {"stazioneId":"stazzaDellaMadonnaTroia","stato":"ONLINE","timestamp":"2026-08-14T13:55:49.257924339Z","tipoEvento":"HEARTBEAT","bufferSize":0}
2026-08-14 15:55:59,257 INFO  [it.uni.reti2.HeartbeatGenerator] (executor-thread-1) 💓 [HEARTBEAT] Invio heartbeat: {"stazioneId":"stazzaDellaMadonnaTroia","stato":"ONLINE","timestamp":"2026-08-14T13:55:59.257886370Z","tipoEvento":"HEARTBEAT","bufferSize":0}
2026-08-14 15:56:09,257 INFO  [it.uni.reti2.HeartbeatGenerator] (executor-thread-1) 💓 [HEARTBEAT] Invio heartbeat: {"stazioneId":"stazzaDellaMadonnaTroia","stato":"ONLINE","timestamp":"2026-08-14T13:56:09.257940222Z","tipoEvento":"HEARTBEAT","bufferSize":0}
2026-08-14 15:56:19,258 INFO  [it.uni.reti2.HeartbeatGenerator] (executor-thread-1) 💓 [HEARTBEAT] Invio heartbeat: {"stazioneId":"stazzaDellaMadonnaTroia","stato":"ONLINE","timestamp":"2026-08-14T13:56:19.258337967Z","tipoEvento":"HEARTBEAT","bufferSize":0}
2026-08-14 15:56:29,258 INFO  [it.uni.reti2.HeartbeatGenerator] (executor-thread-1) 💓 [HEARTBEAT] Invio heartbeat: {"stazioneId":"stazzaDellaMadonnaTroia","stato":"ONLINE","timestamp":"2026-08-14T13:56:29.258283791Z","tipoEvento":"HEARTBEAT","bufferSize":0}
2026-08-14 15:56:39,258 INFO  [it.uni.reti2.HeartbeatGenerator] (executor-thread-1) 💓 [HEARTBEAT] Invio heartbeat: {"stazioneId":"stazzaDellaMadonnaTroia","stato":"ONLINE","timestamp":"2026-08-14T13:56:39.258271678Z","tipoEvento":"HEARTBEAT","bufferSize":0}
2026-08-14 15:56:40,150 INFO  [it.uni.reti2.StationGateway] (vert.x-eventloop-thread-3) 🚂 [PASSAGGIO] Treno Mario in ENTRATA dalla stazione stazzaDellaMadonnaTroia
2026-08-14 15:56:49,257 INFO  [it.uni.reti2.HeartbeatGenerator] (executor-thread-1) 💓 [HEARTBEAT] Invio heartbeat: {"stazioneId":"stazzaDellaMadonnaTroia","stato":"ONLINE","timestamp":"2026-08-14T13:56:49.257884399Z","tipoEvento":"HEARTBEAT","bufferSize":0}
2026-08-14 15:56:59,258 INFO  [it.uni.reti2.HeartbeatGenerator] (executor-thread-1) 💓 [HEARTBEAT] Invio heartbeat: {"stazioneId":"stazzaDellaMadonnaTroia","stato":"ONLINE","timestamp":"2026-08-14T13:56:59.258269681Z","tipoEvento":"HEARTBEAT","bufferSize":0}
2026-08-14 15:57:01,148 INFO  [it.uni.reti2.StationGateway] (vert.x-eventloop-thread-3) 🚂 [PASSAGGIO] Treno Mario in USCITA dalla stazione stazzaDellaMadonnaTroia
2026-08-14 15:57:09,258 INFO  [it.uni.reti2.HeartbeatGenerator] (executor-thread-1) 💓 [HEARTBEAT] Invio heartbeat: {"stazioneId":"stazzaDellaMadonnaTroia","stato":"ONLINE","timestamp":"2026-08-14T13:57:09.258344011Z","tipoEvento":"HEARTBEAT","bufferSize":0}
2026-08-14 15:57:19,258 INFO  [it.uni.reti2.HeartbeatGenerator] (executor-thread-1) 💓 [HEARTBEAT] Invio heartbeat: {"stazioneId":"stazzaDellaMadonnaTroia","stato":"ONLINE","timestamp":"2026-08-14T13:57:19.258312300Z","tipoEvento":"HEARTBEAT","bufferSize":0}
2026-08-14 15:57:29,258 INFO  [it.uni.reti2.HeartbeatGenerator] (executor-thread-1) 💓 [HEARTBEAT] Invio heartbeat: {"stazioneId":"stazzaDellaMadonnaTroia","stato":"ONLINE","timestamp":"2026-08-14T13:57:29.257885014Z","tipoEvento":"HEARTBEAT","bufferSize":0}
2026-08-14 15:57:39,258 INFO  [it.uni.reti2.HeartbeatGenerator] (executor-thread-1) 💓 [HEARTBEAT] Invio heartbeat: {"stazioneId":"stazzaDellaMadonnaTroia","stato":"ONLINE","timestamp":"2026-08-14T13:57:39.258289061Z","tipoEvento":"HEARTBEAT","bufferSize":0}
2026-08-14 15:57:49,258 INFO  [it.uni.reti2.HeartbeatGenerator] (executor-thread-1) 💓 [HEARTBEAT] Invio heartbeat: {"stazioneId":"stazzaDellaMadonnaTroia","stato":"ONLINE","timestamp":"2026-08-14T13:57:49.258303021Z","tipoEvento":"HEARTBEAT","bufferSize":0}
2026-08-14 15:57:59,257 INFO  [it.uni.reti2.HeartbeatGenerator] (executor-thread-1) 💓 [HEARTBEAT] Invio heartbeat: {"stazioneId":"stazzaDellaMadonnaTroia","stato":"ONLINE","timestamp":"2026-08-14T13:57:59.257924728Z","tipoEvento":"HEARTBEAT","bufferSize":0}
2026-08-14 15:58:09,258 INFO  [it.uni.reti2.HeartbeatGenerator] (executor-thread-1) 💓 [HEARTBEAT] Invio heartbeat: {"stazioneId":"stazzaDellaMadonnaTroia","stato":"ONLINE","timestamp":"2026-08-14T13:58:09.258301848Z","tipoEvento":"HEARTBEAT","bufferSize":0}
2026-08-14 15:58:19,258 INFO  [it.uni.reti2.HeartbeatGenerator] (executor-thread-1) 💓 [HEARTBEAT] Invio heartbeat: {"stazioneId":"stazzaDellaMadonnaTroia","stato":"ONLINE","timestamp":"2026-08-14T13:58:19.258387431Z","tipoEvento":"HEARTBEAT","bufferSize":0}
2026-08-14 15:58:29,258 INFO  [it.uni.reti2.HeartbeatGenerator] (executor-thread-1) 💓 [HEARTBEAT] Invio heartbeat: {"stazioneId":"stazzaDellaMadonnaTroia","stato":"ONLINE","timestamp":"2026-08-14T13:58:29.258056666Z","tipoEvento":"HEARTBEAT","bufferSize":0}
2026-08-14 15:58:39,258 INFO  [it.uni.reti2.HeartbeatGenerator] (executor-thread-1) 💓 [HEARTBEAT] Invio heartbeat: {"stazioneId":"stazzaDellaMadonnaTroia","stato":"ONLINE","timestamp":"2026-08-14T13:58:39.258184429Z","tipoEvento":"HEARTBEAT","bufferSize":0}
2026-08-14 15:58:49,258 INFO  [it.uni.reti2.HeartbeatGenerator] (executor-thread-1) 💓 [HEARTBEAT] Invio heartbeat: {"stazioneId":"stazzaDellaMadonnaTroia","stato":"ONLINE","timestamp":"2026-08-14T13:58:49.257939511Z","tipoEvento":"HEARTBEAT","bufferSize":0}
2026-08-14 15:58:59,258 INFO  [it.uni.reti2.HeartbeatGenerator] (executor-thread-1) 💓 [HEARTBEAT] Invio heartbeat: {"stazioneId":"stazzaDellaMadonnaTroia","stato":"ONLINE","timestamp":"2026-08-14T13:58:59.258341054Z","tipoEvento":"HEARTBEAT","bufferSize":0}
2026-08-14 15:59:09,257 INFO  [it.uni.reti2.HeartbeatGenerator] (executor-thread-1) 💓 [HEARTBEAT] Invio heartbeat: {"stazioneId":"stazzaDellaMadonnaTroia","stato":"ONLINE","timestamp":"2026-08-14T13:59:09.257893656Z","tipoEvento":"HEARTBEAT","bufferSize":0}
2026-08-14 15:59:19,258 INFO  [it.uni.reti2.HeartbeatGenerator] (executor-thread-1) 💓 [HEARTBEAT] Invio heartbeat: {"stazioneId":"stazzaDellaMadonnaTroia","stato":"ONLINE","timestamp":"2026-08-14T13:59:19.258339780Z","tipoEvento":"HEARTBEAT","bufferSize":0}
2026-08-14 15:59:29,258 INFO  [it.uni.reti2.HeartbeatGenerator] (executor-thread-1) 💓 [HEARTBEAT] Invio heartbeat: {"stazioneId":"stazzaDellaMadonnaTroia","stato":"ONLINE","timestamp":"2026-08-14T13:59:29.258298285Z","tipoEvento":"HEARTBEAT","bufferSize":0}
2026-08-14 15:59:39,258 INFO  [it.uni.reti2.HeartbeatGenerator] (executor-thread-1) 💓 [HEARTBEAT] Invio heartbeat: {"stazioneId":"stazzaDellaMadonnaTroia","stato":"ONLINE","timestamp":"2026-08-14T13:59:39.258266912Z","tipoEvento":"HEARTBEAT","bufferSize":0}
2026-08-14 15:59:49,258 INFO  [it.uni.reti2.HeartbeatGenerator] (executor-thread-1) 💓 [HEARTBEAT] Invio heartbeat: {"stazioneId":"stazzaDellaMadonnaTroia","stato":"ONLINE","timestamp":"2026-08-14T13:59:49.258294547Z","tipoEvento":"HEARTBEAT","bufferSize":0}
2026-08-14 15:59:59,258 INFO  [it.uni.reti2.HeartbeatGenerator] (executor-thread-1) 💓 [HEARTBEAT] Invio heartbeat: {"stazioneId":"stazzaDellaMadonnaTroia","stato":"ONLINE","timestamp":"2026-08-14T13:59:59.258234379Z","tipoEvento":"HEARTBEAT","bufferSize":0}
2026-08-14 16:00:09,257 INFO  [it.uni.reti2.HeartbeatGenerator] (executor-thread-1) 💓 [HEARTBEAT] Invio heartbeat: {"stazioneId":"stazzaDellaMadonnaTroia","stato":"ONLINE","timestamp":"2026-08-14T14:00:09.257881431Z","tipoEvento":"HEARTBEAT","bufferSize":0}
2026-08-14 18:28:32,775 INFO  [io.smallrye.reactive.messaging.mqtt.session.impl.MqttClientSessionImpl] (vert.x-eventloop-thread-0) Connection closed: Connection closed
2026-08-14 18:28:33,807 INFO  [io.vertx.mqtt.impl.MqttClientImpl] (vert.x-eventloop-thread-0) Connection with localhost:1883 established successfully
2026-08-14 18:28:34,121 INFO  [it.uni.reti2.HeartbeatGenerator] (executor-thread-1) 💓 [HEARTBEAT] Invio heartbeat: {"stazioneId":"stazzaDellaMadonnaTroia","stato":"ONLINE","timestamp":"2026-08-14T16:28:34.121410705Z","tipoEvento":"HEARTBEAT","bufferSize":0}
2026-08-14 18:28:34,190 WARN  [it.uni.reti2.StationGateway] (vert.x-eventloop-thread-1) 🚨 [ALERT RICEVUTO] La Centrale dice: {"tipoEvento":"RESOLVED","origine":"CENTRALE","sorgenteTipo":"STAZIONE","sorgenteId":"PA","guastoId":"alert-1786724912741-61e19325","timestamp":"2026-08-14T16:28:34.184786281Z"}
2026-08-14 18:28:34,197 WARN  [it.uni.reti2.StationGateway] (vert.x-eventloop-thread-1) 🚨 [ALERT RICEVUTO] La Centrale dice: {"tipoEvento":"RESOLVED","origine":"CENTRALE","sorgenteTipo":"STAZIONE","sorgenteId":"stazzaDellaMadonnaTroia","guastoId":"alert-1786724912817-565e9a20","timestamp":"2026-08-14T16:28:34.195267042Z"}
2026-08-14 18:28:34,197 INFO  [it.uni.reti2.StationGateway] (vert.x-eventloop-thread-1) 🔧 Stazione ripristinata dalla Centrale! Stato di nuovo ONLINE.
2026-08-14 18:28:34,204 WARN  [it.uni.reti2.StationGateway] (vert.x-eventloop-thread-1) 🚨 [ALERT RICEVUTO] La Centrale dice: {"tipoEvento":"RESOLVED","origine":"CENTRALE","sorgenteTipo":"STAZIONE","sorgenteId":"TO","guastoId":"alert-1786724912823-07572c55","timestamp":"2026-08-14T16:28:34.202864026Z"}
2026-08-14 18:28:34,212 WARN  [it.uni.reti2.StationGateway] (vert.x-eventloop-thread-1) 🚨 [ALERT RICEVUTO] La Centrale dice: {"tipoEvento":"RESOLVED","origine":"CENTRALE","sorgenteTipo":"STAZIONE","sorgenteId":"MI","guastoId":"alert-1786724912829-500d7c6f","timestamp":"2026-08-14T16:28:34.210661660Z"}
2026-08-14 18:28:34,261 WARN  [it.uni.reti2.StationGateway] (vert.x-eventloop-thread-1) 🚨 [ALERT RICEVUTO] La Centrale dice: {"tipoEvento":"RESOLVED","origine":"CENTRALE","sorgenteTipo":"STAZIONE","sorgenteId":"Padova","guastoId":"alert-1786724912834-3690b6e6","timestamp":"2026-08-14T16:28:34.259868014Z"}
2026-08-14 18:28:44,121 INFO  [it.uni.reti2.HeartbeatGenerator] (executor-thread-1) 💓 [HEARTBEAT] Invio heartbeat: {"stazioneId":"stazzaDellaMadonnaTroia","stato":"ONLINE","timestamp":"2026-08-14T16:28:44.121720682Z","tipoEvento":"HEARTBEAT","bufferSize":0}
2026-08-14 18:28:53,016 INFO  [it.uni.reti2.StationGateway] (vert.x-eventloop-thread-3) 🚂 [PASSAGGIO] Treno Mario in USCITA dalla stazione stazzaDellaMadonnaTroia
2026-08-14 18:28:54,121 INFO  [it.uni.reti2.HeartbeatGenerator] (executor-thread-1) 💓 [HEARTBEAT] Invio heartbeat: {"stazioneId":"stazzaDellaMadonnaTroia","stato":"ONLINE","timestamp":"2026-08-14T16:28:54.121378266Z","tipoEvento":"HEARTBEAT","bufferSize":0}
2026-08-14 18:29:04,121 INFO  [it.uni.reti2.HeartbeatGenerator] (executor-thread-1) 💓 [HEARTBEAT] Invio heartbeat: {"stazioneId":"stazzaDellaMadonnaTroia","stato":"ONLINE","timestamp":"2026-08-14T16:29:04.121386421Z","tipoEvento":"HEARTBEAT","bufferSize":0}
2026-08-14 18:29:14,121 INFO  [it.uni.reti2.HeartbeatGenerator] (executor-thread-1) 💓 [HEARTBEAT] Invio heartbeat: {"stazioneId":"stazzaDellaMadonnaTroia","stato":"ONLINE","timestamp":"2026-08-14T16:29:14.121857828Z","tipoEvento":"HEARTBEAT","bufferSize":0}
2026-08-14 18:29:24,121 INFO  [it.uni.reti2.HeartbeatGenerator] (executor-thread-1) 💓 [HEARTBEAT] Invio heartbeat: {"stazioneId":"stazzaDellaMadonnaTroia","stato":"ONLINE","timestamp":"2026-08-14T16:29:24.121816901Z","tipoEvento":"HEARTBEAT","bufferSize":0}
2026-08-14 18:29:34,121 INFO  [it.uni.reti2.HeartbeatGenerator] (executor-thread-1) 💓 [HEARTBEAT] Invio heartbeat: {"stazioneId":"stazzaDellaMadonnaTroia","stato":"ONLINE","timestamp":"2026-08-14T16:29:34.121451287Z","tipoEvento":"HEARTBEAT","bufferSize":0}
2026-08-14 18:29:44,121 INFO  [it.uni.reti2.HeartbeatGenerator] (executor-thread-1) 💓 [HEARTBEAT] Invio heartbeat: {"stazioneId":"stazzaDellaMadonnaTroia","stato":"ONLINE","timestamp":"2026-08-14T16:29:44.121397634Z","tipoEvento":"HEARTBEAT","bufferSize":0}
2026-08-14 18:29:54,121 INFO  [it.uni.reti2.HeartbeatGenerator] (executor-thread-1) 💓 [HEARTBEAT] Invio heartbeat: {"stazioneId":"stazzaDellaMadonnaTroia","stato":"ONLINE","timestamp":"2026-08-14T16:29:54.121610336Z","tipoEvento":"HEARTBEAT","bufferSize":0}
2026-08-14 18:30:04,121 INFO  [it.uni.reti2.HeartbeatGenerator] (executor-thread-1) 💓 [HEARTBEAT] Invio heartbeat: {"stazioneId":"stazzaDellaMadonnaTroia","stato":"ONLINE","timestamp":"2026-08-14T16:30:04.121547935Z","tipoEvento":"HEARTBEAT","bufferSize":0}
2026-08-14 18:30:14,121 INFO  [it.uni.reti2.HeartbeatGenerator] (executor-thread-1) 💓 [HEARTBEAT] Invio heartbeat: {"stazioneId":"stazzaDellaMadonnaTroia","stato":"ONLINE","timestamp":"2026-08-14T16:30:14.121503213Z","tipoEvento":"HEARTBEAT","bufferSize":0}
2026-08-14 18:30:24,011 INFO  [it.uni.reti2.StationGateway] (vert.x-eventloop-thread-3) 🚂 [PASSAGGIO] Treno tenoAmmazzaRicchi in ENTRATA dalla stazione stazzaDellaMadonnaTroia
2026-08-14 18:30:24,121 INFO  [it.uni.reti2.HeartbeatGenerator] (executor-thread-1) 💓 [HEARTBEAT] Invio heartbeat: {"stazioneId":"stazzaDellaMadonnaTroia","stato":"ONLINE","timestamp":"2026-08-14T16:30:24.121390367Z","tipoEvento":"HEARTBEAT","bufferSize":0}
2026-08-14 18:30:34,121 INFO  [it.uni.reti2.HeartbeatGenerator] (executor-thread-1) 💓 [HEARTBEAT] Invio heartbeat: {"stazioneId":"stazzaDellaMadonnaTroia","stato":"ONLINE","timestamp":"2026-08-14T16:30:34.121795199Z","tipoEvento":"HEARTBEAT","bufferSize":0}
2026-08-14 18:30:44,010 INFO  [it.uni.reti2.StationGateway] (vert.x-eventloop-thread-3) 🚂 [PASSAGGIO] Treno tenoAmmazzaRicchi in USCITA dalla stazione stazzaDellaMadonnaTroia
2026-08-14 18:30:44,121 INFO  [it.uni.reti2.HeartbeatGenerator] (executor-thread-1) 💓 [HEARTBEAT] Invio heartbeat: {"stazioneId":"stazzaDellaMadonnaTroia","stato":"ONLINE","timestamp":"2026-08-14T16:30:44.121866134Z","tipoEvento":"HEARTBEAT","bufferSize":0}
2026-08-14 18:30:54,121 INFO  [it.uni.reti2.HeartbeatGenerator] (executor-thread-1) 💓 [HEARTBEAT] Invio heartbeat: {"stazioneId":"stazzaDellaMadonnaTroia","stato":"ONLINE","timestamp":"2026-08-14T16:30:54.121395615Z","tipoEvento":"HEARTBEAT","bufferSize":0}
2026-08-14 18:31:04,121 INFO  [it.uni.reti2.HeartbeatGenerator] (executor-thread-1) 💓 [HEARTBEAT] Invio heartbeat: {"stazioneId":"stazzaDellaMadonnaTroia","stato":"ONLINE","timestamp":"2026-08-14T16:31:04.121533601Z","tipoEvento":"HEARTBEAT","bufferSize":0}
2026-08-14 18:31:14,121 INFO  [it.uni.reti2.HeartbeatGenerator] (executor-thread-1) 💓 [HEARTBEAT] Invio heartbeat: {"stazioneId":"stazzaDellaMadonnaTroia","stato":"ONLINE","timestamp":"2026-08-14T16:31:14.121371363Z","tipoEvento":"HEARTBEAT","bufferSize":0}
2026-08-14 18:31:24,121 INFO  [it.uni.reti2.HeartbeatGenerator] (executor-thread-1) 💓 [HEARTBEAT] Invio heartbeat: {"stazioneId":"stazzaDellaMadonnaTroia","stato":"ONLINE","timestamp":"2026-08-14T16:31:24.121507729Z","tipoEvento":"HEARTBEAT","bufferSize":0}
2026-08-14 18:31:34,121 INFO  [it.uni.reti2.HeartbeatGenerator] (executor-thread-1) 💓 [HEARTBEAT] Invio heartbeat: {"stazioneId":"stazzaDellaMadonnaTroia","stato":"ONLINE","timestamp":"2026-08-14T16:31:34.121409577Z","tipoEvento":"HEARTBEAT","bufferSize":0}
2026-08-14 18:31:44,121 INFO  [it.uni.reti2.HeartbeatGenerator] (executor-thread-1) 💓 [HEARTBEAT] Invio heartbeat: {"stazioneId":"stazzaDellaMadonnaTroia","stato":"ONLINE","timestamp":"2026-08-14T16:31:44.121493307Z","tipoEvento":"HEARTBEAT","bufferSize":0}
2026-08-14 18:31:54,121 INFO  [it.uni.reti2.HeartbeatGenerator] (executor-thread-1) 💓 [HEARTBEAT] Invio heartbeat: {"stazioneId":"stazzaDellaMadonnaTroia","stato":"ONLINE","timestamp":"2026-08-14T16:31:54.121377995Z","tipoEvento":"HEARTBEAT","bufferSize":0}
2026-08-14 18:32:04,121 INFO  [it.uni.reti2.HeartbeatGenerator] (executor-thread-1) 💓 [HEARTBEAT] Invio heartbeat: {"stazioneId":"stazzaDellaMadonnaTroia","stato":"ONLINE","timestamp":"2026-08-14T16:32:04.121517928Z","tipoEvento":"HEARTBEAT","bufferSize":0}
2026-08-14 18:32:14,121 INFO  [it.uni.reti2.HeartbeatGenerator] (executor-thread-1) 💓 [HEARTBEAT] Invio heartbeat: {"stazioneId":"stazzaDellaMadonnaTroia","stato":"ONLINE","timestamp":"2026-08-14T16:32:14.121800366Z","tipoEvento":"HEARTBEAT","bufferSize":0}
2026-08-14 18:32:24,121 INFO  [it.uni.reti2.HeartbeatGenerator] (executor-thread-1) 💓 [HEARTBEAT] Invio heartbeat: {"stazioneId":"stazzaDellaMadonnaTroia","stato":"ONLINE","timestamp":"2026-08-14T16:32:24.121801272Z","tipoEvento":"HEARTBEAT","bufferSize":0}
2026-08-14 18:32:34,121 INFO  [it.uni.reti2.HeartbeatGenerator] (executor-thread-1) 💓 [HEARTBEAT] Invio heartbeat: {"stazioneId":"stazzaDellaMadonnaTroia","stato":"ONLINE","timestamp":"2026-08-14T16:32:34.121830025Z","tipoEvento":"HEARTBEAT","bufferSize":0}
2026-08-14 18:32:44,121 INFO  [it.uni.reti2.HeartbeatGenerator] (executor-thread-1) 💓 [HEARTBEAT] Invio heartbeat: {"stazioneId":"stazzaDellaMadonnaTroia","stato":"ONLINE","timestamp":"2026-08-14T16:32:44.121400268Z","tipoEvento":"HEARTBEAT","bufferSize":0}
2026-08-14 18:32:54,121 INFO  [it.uni.reti2.HeartbeatGenerator] (executor-thread-1) 💓 [HEARTBEAT] Invio heartbeat: {"stazioneId":"stazzaDellaMadonnaTroia","stato":"ONLINE","timestamp":"2026-08-14T16:32:54.121332818Z","tipoEvento":"HEARTBEAT","bufferSize":0}
2026-08-14 18:33:04,121 INFO  [it.uni.reti2.HeartbeatGenerator] (executor-thread-1) 💓 [HEARTBEAT] Invio heartbeat: {"stazioneId":"stazzaDellaMadonnaTroia","stato":"ONLINE","timestamp":"2026-08-14T16:33:04.121410594Z","tipoEvento":"HEARTBEAT","bufferSize":0}
2026-08-14 18:33:14,121 INFO  [it.uni.reti2.HeartbeatGenerator] (executor-thread-1) 💓 [HEARTBEAT] Invio heartbeat: {"stazioneId":"stazzaDellaMadonnaTroia","stato":"ONLINE","timestamp":"2026-08-14T16:33:14.121414679Z","tipoEvento":"HEARTBEAT","bufferSize":0}
2026-08-14 18:33:24,125 INFO  [it.uni.reti2.HeartbeatGenerator] (executor-thread-1) 💓 [HEARTBEAT] Invio heartbeat: {"stazioneId":"stazzaDellaMadonnaTroia","stato":"ONLINE","timestamp":"2026-08-14T16:33:24.121757690Z","tipoEvento":"HEARTBEAT","bufferSize":0}
2026-08-14 18:33:34,121 INFO  [it.uni.reti2.HeartbeatGenerator] (executor-thread-1) 💓 [HEARTBEAT] Invio heartbeat: {"stazioneId":"stazzaDellaMadonnaTroia","stato":"ONLINE","timestamp":"2026-08-14T16:33:34.121817299Z","tipoEvento":"HEARTBEAT","bufferSize":0}
2026-08-14 18:33:44,121 INFO  [it.uni.reti2.HeartbeatGenerator] (executor-thread-1) 💓 [HEARTBEAT] Invio heartbeat: {"stazioneId":"stazzaDellaMadonnaTroia","stato":"ONLINE","timestamp":"2026-08-14T16:33:44.121639338Z","tipoEvento":"HEARTBEAT","bufferSize":0}
2026-08-14 18:33:54,121 INFO  [it.uni.reti2.HeartbeatGenerator] (executor-thread-1) 💓 [HEARTBEAT] Invio heartbeat: {"stazioneId":"stazzaDellaMadonnaTroia","stato":"ONLINE","timestamp":"2026-08-14T16:33:54.121804593Z","tipoEvento":"HEARTBEAT","bufferSize":0}
2026-08-14 18:34:04,121 INFO  [it.uni.reti2.HeartbeatGenerator] (executor-thread-1) 💓 [HEARTBEAT] Invio heartbeat: {"stazioneId":"stazzaDellaMadonnaTroia","stato":"ONLINE","timestamp":"2026-08-14T16:34:04.121836653Z","tipoEvento":"HEARTBEAT","bufferSize":0}
2026-08-14 18:34:14,121 INFO  [it.uni.reti2.HeartbeatGenerator] (executor-thread-1) 💓 [HEARTBEAT] Invio heartbeat: {"stazioneId":"stazzaDellaMadonnaTroia","stato":"ONLINE","timestamp":"2026-08-14T16:34:14.121579394Z","tipoEvento":"HEARTBEAT","bufferSize":0}
2026-08-14 18:34:24,121 INFO  [it.uni.reti2.HeartbeatGenerator] (executor-thread-1) 💓 [HEARTBEAT] Invio heartbeat: {"stazioneId":"stazzaDellaMadonnaTroia","stato":"ONLINE","timestamp":"2026-08-14T16:34:24.121375846Z","tipoEvento":"HEARTBEAT","bufferSize":0}
2026-08-14 18:34:26,013 INFO  [it.uni.reti2.StationGateway] (vert.x-eventloop-thread-3) 🚂 [PASSAGGIO] Treno tenoAmmazzaRicchi in ENTRATA dalla stazione stazzaDellaMadonnaTroia
2026-08-14 18:34:34,121 INFO  [it.uni.reti2.HeartbeatGenerator] (executor-thread-1) 💓 [HEARTBEAT] Invio heartbeat: {"stazioneId":"stazzaDellaMadonnaTroia","stato":"ONLINE","timestamp":"2026-08-14T16:34:34.121416221Z","tipoEvento":"HEARTBEAT","bufferSize":0}
2026-08-14 18:34:44,121 INFO  [it.uni.reti2.HeartbeatGenerator] (executor-thread-1) 💓 [HEARTBEAT] Invio heartbeat: {"stazioneId":"stazzaDellaMadonnaTroia","stato":"ONLINE","timestamp":"2026-08-14T16:34:44.121282972Z","tipoEvento":"HEARTBEAT","bufferSize":0}
2026-08-14 18:34:46,089 INFO  [it.uni.reti2.StationGateway] (vert.x-eventloop-thread-3) 🚂 [PASSAGGIO] Treno tenoAmmazzaRicchi in USCITA dalla stazione stazzaDellaMadonnaTroia
2026-08-14 18:34:54,121 INFO  [it.uni.reti2.HeartbeatGenerator] (executor-thread-1) 💓 [HEARTBEAT] Invio heartbeat: {"stazioneId":"stazzaDellaMadonnaTroia","stato":"ONLINE","timestamp":"2026-08-14T16:34:54.121374493Z","tipoEvento":"HEARTBEAT","bufferSize":0}
2026-08-14 18:35:04,121 INFO  [it.uni.reti2.HeartbeatGenerator] (executor-thread-1) 💓 [HEARTBEAT] Invio heartbeat: {"stazioneId":"stazzaDellaMadonnaTroia","stato":"ONLINE","timestamp":"2026-08-14T16:35:04.121380559Z","tipoEvento":"HEARTBEAT","bufferSize":0}
2026-08-14 18:35:14,121 INFO  [it.uni.reti2.HeartbeatGenerator] (executor-thread-1) 💓 [HEARTBEAT] Invio heartbeat: {"stazioneId":"stazzaDellaMadonnaTroia","stato":"ONLINE","timestamp":"2026-08-14T16:35:14.121563661Z","tipoEvento":"HEARTBEAT","bufferSize":0}
2026-08-14 18:35:24,121 INFO  [it.uni.reti2.HeartbeatGenerator] (executor-thread-1) 💓 [HEARTBEAT] Invio heartbeat: {"stazioneId":"stazzaDellaMadonnaTroia","stato":"ONLINE","timestamp":"2026-08-14T16:35:24.121403057Z","tipoEvento":"HEARTBEAT","bufferSize":0}
2026-08-14 18:35:34,121 INFO  [it.uni.reti2.HeartbeatGenerator] (executor-thread-1) 💓 [HEARTBEAT] Invio heartbeat: {"stazioneId":"stazzaDellaMadonnaTroia","stato":"ONLINE","timestamp":"2026-08-14T16:35:34.121642514Z","tipoEvento":"HEARTBEAT","bufferSize":0}
2026-08-14 18:35:44,122 INFO  [it.uni.reti2.HeartbeatGenerator] (executor-thread-1) 💓 [HEARTBEAT] Invio heartbeat: {"stazioneId":"stazzaDellaMadonnaTroia","stato":"ONLINE","timestamp":"2026-08-14T16:35:44.121981646Z","tipoEvento":"HEARTBEAT","bufferSize":0}
2026-08-14 18:35:54,121 INFO  [it.uni.reti2.HeartbeatGenerator] (executor-thread-1) 💓 [HEARTBEAT] Invio heartbeat: {"stazioneId":"stazzaDellaMadonnaTroia","stato":"ONLINE","timestamp":"2026-08-14T16:35:54.121397446Z","tipoEvento":"HEARTBEAT","bufferSize":0}
2026-08-14 18:36:04,121 INFO  [it.uni.reti2.HeartbeatGenerator] (executor-thread-1) 💓 [HEARTBEAT] Invio heartbeat: {"stazioneId":"stazzaDellaMadonnaTroia","stato":"ONLINE","timestamp":"2026-08-14T16:36:04.121308799Z","tipoEvento":"HEARTBEAT","bufferSize":0}
2026-08-14 18:36:14,121 INFO  [it.uni.reti2.HeartbeatGenerator] (executor-thread-1) 💓 [HEARTBEAT] Invio heartbeat: {"stazioneId":"stazzaDellaMadonnaTroia","stato":"ONLINE","timestamp":"2026-08-14T16:36:14.121309387Z","tipoEvento":"HEARTBEAT","bufferSize":0}
2026-08-14 18:36:24,121 INFO  [it.uni.reti2.HeartbeatGenerator] (executor-thread-1) 💓 [HEARTBEAT] Invio heartbeat: {"stazioneId":"stazzaDellaMadonnaTroia","stato":"ONLINE","timestamp":"2026-08-14T16:36:24.121336100Z","tipoEvento":"HEARTBEAT","bufferSize":0}
2026-08-14 18:36:34,121 INFO  [it.uni.reti2.HeartbeatGenerator] (executor-thread-1) 💓 [HEARTBEAT] Invio heartbeat: {"stazioneId":"stazzaDellaMadonnaTroia","stato":"ONLINE","timestamp":"2026-08-14T16:36:34.121414311Z","tipoEvento":"HEARTBEAT","bufferSize":0}
2026-08-14 18:36:44,121 INFO  [it.uni.reti2.HeartbeatGenerator] (executor-thread-1) 💓 [HEARTBEAT] Invio heartbeat: {"stazioneId":"stazzaDellaMadonnaTroia","stato":"ONLINE","timestamp":"2026-08-14T16:36:44.121469349Z","tipoEvento":"HEARTBEAT","bufferSize":0}
2026-08-14 18:36:54,121 INFO  [it.uni.reti2.HeartbeatGenerator] (executor-thread-1) 💓 [HEARTBEAT] Invio heartbeat: {"stazioneId":"stazzaDellaMadonnaTroia","stato":"ONLINE","timestamp":"2026-08-14T16:36:54.121643566Z","tipoEvento":"HEARTBEAT","bufferSize":0}
2026-08-14 18:37:04,121 INFO  [it.uni.reti2.HeartbeatGenerator] (executor-thread-1) 💓 [HEARTBEAT] Invio heartbeat: {"stazioneId":"stazzaDellaMadonnaTroia","stato":"ONLINE","timestamp":"2026-08-14T16:37:04.121362802Z","tipoEvento":"HEARTBEAT","bufferSize":0}
2026-08-14 18:37:14,121 INFO  [it.uni.reti2.HeartbeatGenerator] (executor-thread-1) 💓 [HEARTBEAT] Invio heartbeat: {"stazioneId":"stazzaDellaMadonnaTroia","stato":"ONLINE","timestamp":"2026-08-14T16:37:14.121471841Z","tipoEvento":"HEARTBEAT","bufferSize":0}
2026-08-14 18:37:24,121 INFO  [it.uni.reti2.HeartbeatGenerator] (executor-thread-1) 💓 [HEARTBEAT] Invio heartbeat: {"stazioneId":"stazzaDellaMadonnaTroia","stato":"ONLINE","timestamp":"2026-08-14T16:37:24.121327952Z","tipoEvento":"HEARTBEAT","bufferSize":0}
2026-08-14 18:37:34,121 INFO  [it.uni.reti2.HeartbeatGenerator] (executor-thread-1) 💓 [HEARTBEAT] Invio heartbeat: {"stazioneId":"stazzaDellaMadonnaTroia","stato":"ONLINE","timestamp":"2026-08-14T16:37:34.121341983Z","tipoEvento":"HEARTBEAT","bufferSize":0}
2026-08-14 18:37:44,121 INFO  [it.uni.reti2.HeartbeatGenerator] (executor-thread-1) 💓 [HEARTBEAT] Invio heartbeat: {"stazioneId":"stazzaDellaMadonnaTroia","stato":"ONLINE","timestamp":"2026-08-14T16:37:44.121239839Z","tipoEvento":"HEARTBEAT","bufferSize":0}
2026-08-14 18:37:54,121 INFO  [it.uni.reti2.HeartbeatGenerator] (executor-thread-1) 💓 [HEARTBEAT] Invio heartbeat: {"stazioneId":"stazzaDellaMadonnaTroia","stato":"ONLINE","timestamp":"2026-08-14T16:37:54.121495025Z","tipoEvento":"HEARTBEAT","bufferSize":0}
2026-08-14 18:38:04,121 INFO  [it.uni.reti2.HeartbeatGenerator] (executor-thread-1) 💓 [HEARTBEAT] Invio heartbeat: {"stazioneId":"stazzaDellaMadonnaTroia","stato":"ONLINE","timestamp":"2026-08-14T16:38:04.121420194Z","tipoEvento":"HEARTBEAT","bufferSize":0}
2026-08-14 18:38:14,121 INFO  [it.uni.reti2.HeartbeatGenerator] (executor-thread-1) 💓 [HEARTBEAT] Invio heartbeat: {"stazioneId":"stazzaDellaMadonnaTroia","stato":"ONLINE","timestamp":"2026-08-14T16:38:14.121490146Z","tipoEvento":"HEARTBEAT","bufferSize":0}
2026-08-14 18:38:24,121 INFO  [it.uni.reti2.HeartbeatGenerator] (executor-thread-1) 💓 [HEARTBEAT] Invio heartbeat: {"stazioneId":"stazzaDellaMadonnaTroia","stato":"ONLINE","timestamp":"2026-08-14T16:38:24.121282092Z","tipoEvento":"HEARTBEAT","bufferSize":0}
2026-08-14 18:38:34,121 INFO  [it.uni.reti2.HeartbeatGenerator] (executor-thread-1) 💓 [HEARTBEAT] Invio heartbeat: {"stazioneId":"stazzaDellaMadonnaTroia","stato":"ONLINE","timestamp":"2026-08-14T16:38:34.121646275Z","tipoEvento":"HEARTBEAT","bufferSize":0}
2026-08-14 18:38:44,121 INFO  [it.uni.reti2.HeartbeatGenerator] (executor-thread-1) 💓 [HEARTBEAT] Invio heartbeat: {"stazioneId":"stazzaDellaMadonnaTroia","stato":"ONLINE","timestamp":"2026-08-14T16:38:44.121377505Z","tipoEvento":"HEARTBEAT","bufferSize":0}
2026-08-14 18:38:54,121 INFO  [it.uni.reti2.HeartbeatGenerator] (executor-thread-1) 💓 [HEARTBEAT] Invio heartbeat: {"stazioneId":"stazzaDellaMadonnaTroia","stato":"ONLINE","timestamp":"2026-08-14T16:38:54.121403057Z","tipoEvento":"HEARTBEAT","bufferSize":0}
2026-08-14 18:39:04,121 INFO  [it.uni.reti2.HeartbeatGenerator] (executor-thread-1) 💓 [HEARTBEAT] Invio heartbeat: {"stazioneId":"stazzaDellaMadonnaTroia","stato":"ONLINE","timestamp":"2026-08-14T16:39:04.121342702Z","tipoEvento":"HEARTBEAT","bufferSize":0}
2026-08-14 18:39:14,121 INFO  [it.uni.reti2.HeartbeatGenerator] (executor-thread-1) 💓 [HEARTBEAT] Invio heartbeat: {"stazioneId":"stazzaDellaMadonnaTroia","stato":"ONLINE","timestamp":"2026-08-14T16:39:14.121786056Z","tipoEvento":"HEARTBEAT","bufferSize":0}
2026-08-14 18:39:24,122 INFO  [it.uni.reti2.HeartbeatGenerator] (executor-thread-1) 💓 [HEARTBEAT] Invio heartbeat: {"stazioneId":"stazzaDellaMadonnaTroia","stato":"ONLINE","timestamp":"2026-08-14T16:39:24.122004837Z","tipoEvento":"HEARTBEAT","bufferSize":0}
2026-08-14 18:39:34,121 INFO  [it.uni.reti2.HeartbeatGenerator] (executor-thread-1) 💓 [HEARTBEAT] Invio heartbeat: {"stazioneId":"stazzaDellaMadonnaTroia","stato":"ONLINE","timestamp":"2026-08-14T16:39:34.121609324Z","tipoEvento":"HEARTBEAT","bufferSize":0}
2026-08-14 18:39:44,121 INFO  [it.uni.reti2.HeartbeatGenerator] (executor-thread-1) 💓 [HEARTBEAT] Invio heartbeat: {"stazioneId":"stazzaDellaMadonnaTroia","stato":"ONLINE","timestamp":"2026-08-14T16:39:44.121442638Z","tipoEvento":"HEARTBEAT","bufferSize":0}
2026-08-14 18:39:54,121 INFO  [it.uni.reti2.HeartbeatGenerator] (executor-thread-1) 💓 [HEARTBEAT] Invio heartbeat: {"stazioneId":"stazzaDellaMadonnaTroia","stato":"ONLINE","timestamp":"2026-08-14T16:39:54.121323558Z","tipoEvento":"HEARTBEAT","bufferSize":0}
2026-08-14 18:40:02,011 INFO  [it.uni.reti2.StationGateway] (vert.x-eventloop-thread-3) 🚂 [PASSAGGIO] Treno Mario in ENTRATA dalla stazione stazzaDellaMadonnaTroia
2026-08-14 18:40:04,121 INFO  [it.uni.reti2.HeartbeatGenerator] (executor-thread-1) 💓 [HEARTBEAT] Invio heartbeat: {"stazioneId":"stazzaDellaMadonnaTroia","stato":"ONLINE","timestamp":"2026-08-14T16:40:04.121289922Z","tipoEvento":"HEARTBEAT","bufferSize":0}
2026-08-14 18:40:14,121 INFO  [it.uni.reti2.HeartbeatGenerator] (executor-thread-1) 💓 [HEARTBEAT] Invio heartbeat: {"stazioneId":"stazzaDellaMadonnaTroia","stato":"ONLINE","timestamp":"2026-08-14T16:40:14.121641299Z","tipoEvento":"HEARTBEAT","bufferSize":0}
2026-08-14 18:40:22,011 INFO  [it.uni.reti2.StationGateway] (vert.x-eventloop-thread-3) 🚂 [PASSAGGIO] Treno Mario in USCITA dalla stazione stazzaDellaMadonnaTroia
2026-08-14 18:40:24,121 INFO  [it.uni.reti2.HeartbeatGenerator] (executor-thread-1) 💓 [HEARTBEAT] Invio heartbeat: {"stazioneId":"stazzaDellaMadonnaTroia","stato":"ONLINE","timestamp":"2026-08-14T16:40:24.121268179Z","tipoEvento":"HEARTBEAT","bufferSize":0}
2026-08-14 18:40:34,121 INFO  [it.uni.reti2.HeartbeatGenerator] (executor-thread-1) 💓 [HEARTBEAT] Invio heartbeat: {"stazioneId":"stazzaDellaMadonnaTroia","stato":"ONLINE","timestamp":"2026-08-14T16:40:34.121399089Z","tipoEvento":"HEARTBEAT","bufferSize":0}
2026-08-14 18:40:44,121 INFO  [it.uni.reti2.HeartbeatGenerator] (executor-thread-1) 💓 [HEARTBEAT] Invio heartbeat: {"stazioneId":"stazzaDellaMadonnaTroia","stato":"ONLINE","timestamp":"2026-08-14T16:40:44.121397306Z","tipoEvento":"HEARTBEAT","bufferSize":0}
2026-08-14 18:40:54,121 INFO  [it.uni.reti2.HeartbeatGenerator] (executor-thread-1) 💓 [HEARTBEAT] Invio heartbeat: {"stazioneId":"stazzaDellaMadonnaTroia","stato":"ONLINE","timestamp":"2026-08-14T16:40:54.121338303Z","tipoEvento":"HEARTBEAT","bufferSize":0}
2026-08-14 18:41:04,121 INFO  [it.uni.reti2.HeartbeatGenerator] (executor-thread-1) 💓 [HEARTBEAT] Invio heartbeat: {"stazioneId":"stazzaDellaMadonnaTroia","stato":"ONLINE","timestamp":"2026-08-14T16:41:04.121328463Z","tipoEvento":"HEARTBEAT","bufferSize":0}
2026-08-14 18:41:14,121 INFO  [it.uni.reti2.HeartbeatGenerator] (executor-thread-1) 💓 [HEARTBEAT] Invio heartbeat: {"stazioneId":"stazzaDellaMadonnaTroia","stato":"ONLINE","timestamp":"2026-08-14T16:41:14.121476363Z","tipoEvento":"HEARTBEAT","bufferSize":0}
2026-08-14 18:41:24,121 INFO  [it.uni.reti2.HeartbeatGenerator] (executor-thread-1) 💓 [HEARTBEAT] Invio heartbeat: {"stazioneId":"stazzaDellaMadonnaTroia","stato":"ONLINE","timestamp":"2026-08-14T16:41:24.121426171Z","tipoEvento":"HEARTBEAT","bufferSize":0}
2026-08-14 18:41:34,121 INFO  [it.uni.reti2.HeartbeatGenerator] (executor-thread-1) 💓 [HEARTBEAT] Invio heartbeat: {"stazioneId":"stazzaDellaMadonnaTroia","stato":"ONLINE","timestamp":"2026-08-14T16:41:34.121316760Z","tipoEvento":"HEARTBEAT","bufferSize":0}
2026-08-14 18:41:44,121 INFO  [it.uni.reti2.HeartbeatGenerator] (executor-thread-1) 💓 [HEARTBEAT] Invio heartbeat: {"stazioneId":"stazzaDellaMadonnaTroia","stato":"ONLINE","timestamp":"2026-08-14T16:41:44.121423862Z","tipoEvento":"HEARTBEAT","bufferSize":0}
2026-08-14 18:41:54,121 INFO  [it.uni.reti2.HeartbeatGenerator] (executor-thread-1) 💓 [HEARTBEAT] Invio heartbeat: {"stazioneId":"stazzaDellaMadonnaTroia","stato":"ONLINE","timestamp":"2026-08-14T16:41:54.121282852Z","tipoEvento":"HEARTBEAT","bufferSize":0}
2026-08-14 18:42:04,121 INFO  [it.uni.reti2.HeartbeatGenerator] (executor-thread-1) 💓 [HEARTBEAT] Invio heartbeat: {"stazioneId":"stazzaDellaMadonnaTroia","stato":"ONLINE","timestamp":"2026-08-14T16:42:04.121278965Z","tipoEvento":"HEARTBEAT","bufferSize":0}
2026-08-14 18:42:05,043 WARN  [it.uni.reti2.StationGateway] (vert.x-eventloop-thread-1) 🚨 [ALERT RICEVUTO] La Centrale dice: {"tipoEvento":"ITINERARIO_AGGIORNATO","target":"Francesco","timestamp":"2026-08-14T16:42:05.035975241Z"}
2026-08-14 18:42:05,149 WARN  [it.uni.reti2.StationGateway] (vert.x-eventloop-thread-1) 🚨 [ALERT RICEVUTO] La Centrale dice: {"tipoEvento":"ITINERARIO_AGGIORNATO","target":"Pietro","timestamp":"2026-08-14T16:42:05.040356789Z"}
2026-08-14 18:42:05,149 WARN  [it.uni.reti2.StationGateway] (vert.x-eventloop-thread-1) 🚨 [ALERT RICEVUTO] La Centrale dice: {"tipoEvento":"ITINERARIO_AGGIORNATO","target":"tenoAmmazzaRicchi","timestamp":"2026-08-14T16:42:05.040413980Z"}
2026-08-14 18:42:14,121 INFO  [it.uni.reti2.HeartbeatGenerator] (executor-thread-1) 💓 [HEARTBEAT] Invio heartbeat: {"stazioneId":"stazzaDellaMadonnaTroia","stato":"ONLINE","timestamp":"2026-08-14T16:42:14.121341001Z","tipoEvento":"HEARTBEAT","bufferSize":0}
2026-08-14 18:42:24,121 INFO  [it.uni.reti2.HeartbeatGenerator] (executor-thread-1) 💓 [HEARTBEAT] Invio heartbeat: {"stazioneId":"stazzaDellaMadonnaTroia","stato":"ONLINE","timestamp":"2026-08-14T16:42:24.121393437Z","tipoEvento":"HEARTBEAT","bufferSize":0}
2026-08-14 18:42:34,121 INFO  [it.uni.reti2.HeartbeatGenerator] (executor-thread-1) 💓 [HEARTBEAT] Invio heartbeat: {"stazioneId":"stazzaDellaMadonnaTroia","stato":"ONLINE","timestamp":"2026-08-14T16:42:34.121407883Z","tipoEvento":"HEARTBEAT","bufferSize":0}
2026-08-14 18:42:44,121 INFO  [it.uni.reti2.HeartbeatGenerator] (executor-thread-1) 💓 [HEARTBEAT] Invio heartbeat: {"stazioneId":"stazzaDellaMadonnaTroia","stato":"ONLINE","timestamp":"2026-08-14T16:42:44.121363260Z","tipoEvento":"HEARTBEAT","bufferSize":0}
2026-08-14 18:42:54,121 INFO  [it.uni.reti2.HeartbeatGenerator] (executor-thread-1) 💓 [HEARTBEAT] Invio heartbeat: {"stazioneId":"stazzaDellaMadonnaTroia","stato":"ONLINE","timestamp":"2026-08-14T16:42:54.121473655Z","tipoEvento":"HEARTBEAT","bufferSize":0}
2026-08-14 18:43:04,121 INFO  [it.uni.reti2.HeartbeatGenerator] (executor-thread-1) 💓 [HEARTBEAT] Invio heartbeat: {"stazioneId":"stazzaDellaMadonnaTroia","stato":"ONLINE","timestamp":"2026-08-14T16:43:04.121527300Z","tipoEvento":"HEARTBEAT","bufferSize":0}
2026-08-14 18:43:14,121 INFO  [it.uni.reti2.HeartbeatGenerator] (executor-thread-1) 💓 [HEARTBEAT] Invio heartbeat: {"stazioneId":"stazzaDellaMadonnaTroia","stato":"ONLINE","timestamp":"2026-08-14T16:43:14.121807235Z","tipoEvento":"HEARTBEAT","bufferSize":0}
2026-08-14 18:43:24,121 INFO  [it.uni.reti2.HeartbeatGenerator] (executor-thread-1) 💓 [HEARTBEAT] Invio heartbeat: {"stazioneId":"stazzaDellaMadonnaTroia","stato":"ONLINE","timestamp":"2026-08-14T16:43:24.121456985Z","tipoEvento":"HEARTBEAT","bufferSize":0}
2026-08-14 18:43:34,121 INFO  [it.uni.reti2.HeartbeatGenerator] (executor-thread-1) 💓 [HEARTBEAT] Invio heartbeat: {"stazioneId":"stazzaDellaMadonnaTroia","stato":"ONLINE","timestamp":"2026-08-14T16:43:34.121474464Z","tipoEvento":"HEARTBEAT","bufferSize":0}
2026-08-14 18:43:44,121 INFO  [it.uni.reti2.HeartbeatGenerator] (executor-thread-1) 💓 [HEARTBEAT] Invio heartbeat: {"stazioneId":"stazzaDellaMadonnaTroia","stato":"ONLINE","timestamp":"2026-08-14T16:43:44.121334908Z","tipoEvento":"HEARTBEAT","bufferSize":0}
2026-08-14 18:43:54,121 INFO  [it.uni.reti2.HeartbeatGenerator] (executor-thread-1) 💓 [HEARTBEAT] Invio heartbeat: {"stazioneId":"stazzaDellaMadonnaTroia","stato":"ONLINE","timestamp":"2026-08-14T16:43:54.121361717Z","tipoEvento":"HEARTBEAT","bufferSize":0}
2026-08-14 18:44:04,042 INFO  [it.uni.reti2.StationGateway] (vert.x-eventloop-thread-3) 🚂 [PASSAGGIO] Treno Mario in ENTRATA dalla stazione stazzaDellaMadonnaTroia
2026-08-14 18:44:04,121 INFO  [it.uni.reti2.HeartbeatGenerator] (executor-thread-1) 💓 [HEARTBEAT] Invio heartbeat: {"stazioneId":"stazzaDellaMadonnaTroia","stato":"ONLINE","timestamp":"2026-08-14T16:44:04.121511712Z","tipoEvento":"HEARTBEAT","bufferSize":0}
2026-08-14 18:44:14,121 INFO  [it.uni.reti2.HeartbeatGenerator] (executor-thread-1) 💓 [HEARTBEAT] Invio heartbeat: {"stazioneId":"stazzaDellaMadonnaTroia","stato":"ONLINE","timestamp":"2026-08-14T16:44:14.121331161Z","tipoEvento":"HEARTBEAT","bufferSize":0}
2026-08-14 18:44:24,206 INFO  [it.uni.reti2.HeartbeatGenerator] (executor-thread-1) 💓 [HEARTBEAT] Invio heartbeat: {"stazioneId":"stazzaDellaMadonnaTroia","stato":"ONLINE","timestamp":"2026-08-14T16:44:24.206784062Z","tipoEvento":"HEARTBEAT","bufferSize":0}
2026-08-14 18:44:25,020 INFO  [it.uni.reti2.StationGateway] (vert.x-eventloop-thread-3) 🚂 [PASSAGGIO] Treno Mario in USCITA dalla stazione stazzaDellaMadonnaTroia
2026-08-14 18:44:34,121 INFO  [it.uni.reti2.HeartbeatGenerator] (executor-thread-1) 💓 [HEARTBEAT] Invio heartbeat: {"stazioneId":"stazzaDellaMadonnaTroia","stato":"ONLINE","timestamp":"2026-08-14T16:44:34.121406203Z","tipoEvento":"HEARTBEAT","bufferSize":0}
2026-08-14 18:44:44,121 INFO  [it.uni.reti2.HeartbeatGenerator] (executor-thread-1) 💓 [HEARTBEAT] Invio heartbeat: {"stazioneId":"stazzaDellaMadonnaTroia","stato":"ONLINE","timestamp":"2026-08-14T16:44:44.121448599Z","tipoEvento":"HEARTBEAT","bufferSize":0}
2026-08-14 18:44:54,121 INFO  [it.uni.reti2.HeartbeatGenerator] (executor-thread-1) 💓 [HEARTBEAT] Invio heartbeat: {"stazioneId":"stazzaDellaMadonnaTroia","stato":"ONLINE","timestamp":"2026-08-14T16:44:54.121615014Z","tipoEvento":"HEARTBEAT","bufferSize":0}
2026-08-14 18:45:04,121 INFO  [it.uni.reti2.HeartbeatGenerator] (executor-thread-1) 💓 [HEARTBEAT] Invio heartbeat: {"stazioneId":"stazzaDellaMadonnaTroia","stato":"ONLINE","timestamp":"2026-08-14T16:45:04.121783228Z","tipoEvento":"HEARTBEAT","bufferSize":0}
2026-08-14 18:45:14,121 INFO  [it.uni.reti2.HeartbeatGenerator] (executor-thread-1) 💓 [HEARTBEAT] Invio heartbeat: {"stazioneId":"stazzaDellaMadonnaTroia","stato":"ONLINE","timestamp":"2026-08-14T16:45:14.121582607Z","tipoEvento":"HEARTBEAT","bufferSize":0}
2026-08-14 18:45:24,121 INFO  [it.uni.reti2.HeartbeatGenerator] (executor-thread-1) 💓 [HEARTBEAT] Invio heartbeat: {"stazioneId":"stazzaDellaMadonnaTroia","stato":"ONLINE","timestamp":"2026-08-14T16:45:24.121589465Z","tipoEvento":"HEARTBEAT","bufferSize":0}
2026-08-14 18:45:34,121 INFO  [it.uni.reti2.HeartbeatGenerator] (executor-thread-1) 💓 [HEARTBEAT] Invio heartbeat: {"stazioneId":"stazzaDellaMadonnaTroia","stato":"ONLINE","timestamp":"2026-08-14T16:45:34.121276537Z","tipoEvento":"HEARTBEAT","bufferSize":0}
2026-08-14 18:45:44,121 INFO  [it.uni.reti2.HeartbeatGenerator] (executor-thread-1) 💓 [HEARTBEAT] Invio heartbeat: {"stazioneId":"stazzaDellaMadonnaTroia","stato":"ONLINE","timestamp":"2026-08-14T16:45:44.121335731Z","tipoEvento":"HEARTBEAT","bufferSize":0}
2026-08-14 18:45:54,121 INFO  [it.uni.reti2.HeartbeatGenerator] (executor-thread-1) 💓 [HEARTBEAT] Invio heartbeat: {"stazioneId":"stazzaDellaMadonnaTroia","stato":"ONLINE","timestamp":"2026-08-14T16:45:54.121331331Z","tipoEvento":"HEARTBEAT","bufferSize":0}
2026-08-14 18:46:04,121 INFO  [it.uni.reti2.HeartbeatGenerator] (executor-thread-1) 💓 [HEARTBEAT] Invio heartbeat: {"stazioneId":"stazzaDellaMadonnaTroia","stato":"ONLINE","timestamp":"2026-08-14T16:46:04.121319001Z","tipoEvento":"HEARTBEAT","bufferSize":0}
2026-08-14 18:46:14,121 INFO  [it.uni.reti2.HeartbeatGenerator] (executor-thread-1) 💓 [HEARTBEAT] Invio heartbeat: {"stazioneId":"stazzaDellaMadonnaTroia","stato":"ONLINE","timestamp":"2026-08-14T16:46:14.121584304Z","tipoEvento":"HEARTBEAT","bufferSize":0}
2026-08-14 18:46:24,121 INFO  [it.uni.reti2.HeartbeatGenerator] (executor-thread-1) 💓 [HEARTBEAT] Invio heartbeat: {"stazioneId":"stazzaDellaMadonnaTroia","stato":"ONLINE","timestamp":"2026-08-14T16:46:24.121699027Z","tipoEvento":"HEARTBEAT","bufferSize":0}
2026-08-14 18:46:34,121 INFO  [it.uni.reti2.HeartbeatGenerator] (executor-thread-1) 💓 [HEARTBEAT] Invio heartbeat: {"stazioneId":"stazzaDellaMadonnaTroia","stato":"ONLINE","timestamp":"2026-08-14T16:46:34.121285920Z","tipoEvento":"HEARTBEAT","bufferSize":0}
2026-08-14 18:46:44,121 INFO  [it.uni.reti2.HeartbeatGenerator] (executor-thread-1) 💓 [HEARTBEAT] Invio heartbeat: {"stazioneId":"stazzaDellaMadonnaTroia","stato":"ONLINE","timestamp":"2026-08-14T16:46:44.121578948Z","tipoEvento":"HEARTBEAT","bufferSize":0}
2026-08-14 18:46:54,121 INFO  [it.uni.reti2.HeartbeatGenerator] (executor-thread-1) 💓 [HEARTBEAT] Invio heartbeat: {"stazioneId":"stazzaDellaMadonnaTroia","stato":"ONLINE","timestamp":"2026-08-14T16:46:54.121329215Z","tipoEvento":"HEARTBEAT","bufferSize":0}
2026-08-14 18:47:04,128 INFO  [it.uni.reti2.HeartbeatGenerator] (executor-thread-1) 💓 [HEARTBEAT] Invio heartbeat: {"stazioneId":"stazzaDellaMadonnaTroia","stato":"ONLINE","timestamp":"2026-08-14T16:47:04.121786434Z","tipoEvento":"HEARTBEAT","bufferSize":0}
2026-08-14 18:47:14,151 INFO  [it.uni.reti2.HeartbeatGenerator] (executor-thread-1) 💓 [HEARTBEAT] Invio heartbeat: {"stazioneId":"stazzaDellaMadonnaTroia","stato":"ONLINE","timestamp":"2026-08-14T16:47:14.121752383Z","tipoEvento":"HEARTBEAT","bufferSize":0}
2026-08-14 18:47:24,121 INFO  [it.uni.reti2.HeartbeatGenerator] (executor-thread-1) 💓 [HEARTBEAT] Invio heartbeat: {"stazioneId":"stazzaDellaMadonnaTroia","stato":"ONLINE","timestamp":"2026-08-14T16:47:24.121759603Z","tipoEvento":"HEARTBEAT","bufferSize":0}
2026-08-14 18:47:34,121 INFO  [it.uni.reti2.HeartbeatGenerator] (executor-thread-1) 💓 [HEARTBEAT] Invio heartbeat: {"stazioneId":"stazzaDellaMadonnaTroia","stato":"ONLINE","timestamp":"2026-08-14T16:47:34.121451642Z","tipoEvento":"HEARTBEAT","bufferSize":0}
2026-08-14 18:47:42,027 INFO  [it.uni.reti2.StationGateway] (vert.x-eventloop-thread-3) 🚂 [PASSAGGIO] Treno tenoAmmazzaRicchi in ENTRATA dalla stazione stazzaDellaMadonnaTroia
2026-08-14 18:47:44,121 INFO  [it.uni.reti2.HeartbeatGenerator] (executor-thread-1) 💓 [HEARTBEAT] Invio heartbeat: {"stazioneId":"stazzaDellaMadonnaTroia","stato":"ONLINE","timestamp":"2026-08-14T16:47:44.121781097Z","tipoEvento":"HEARTBEAT","bufferSize":0}
2026-08-14 18:47:54,121 INFO  [it.uni.reti2.HeartbeatGenerator] (executor-thread-1) 💓 [HEARTBEAT] Invio heartbeat: {"stazioneId":"stazzaDellaMadonnaTroia","stato":"ONLINE","timestamp":"2026-08-14T16:47:54.121442046Z","tipoEvento":"HEARTBEAT","bufferSize":0}
2026-08-14 18:48:03,013 INFO  [it.uni.reti2.StationGateway] (vert.x-eventloop-thread-3) 🚂 [PASSAGGIO] Treno tenoAmmazzaRicchi in USCITA dalla stazione stazzaDellaMadonnaTroia
2026-08-14 18:48:04,121 INFO  [it.uni.reti2.HeartbeatGenerator] (executor-thread-1) 💓 [HEARTBEAT] Invio heartbeat: {"stazioneId":"stazzaDellaMadonnaTroia","stato":"ONLINE","timestamp":"2026-08-14T16:48:04.121303721Z","tipoEvento":"HEARTBEAT","bufferSize":0}
2026-08-14 18:48:14,121 INFO  [it.uni.reti2.HeartbeatGenerator] (executor-thread-1) 💓 [HEARTBEAT] Invio heartbeat: {"stazioneId":"stazzaDellaMadonnaTroia","stato":"ONLINE","timestamp":"2026-08-14T16:48:14.121808370Z","tipoEvento":"HEARTBEAT","bufferSize":0}
2026-08-14 18:48:24,121 INFO  [it.uni.reti2.HeartbeatGenerator] (executor-thread-1) 💓 [HEARTBEAT] Invio heartbeat: {"stazioneId":"stazzaDellaMadonnaTroia","stato":"ONLINE","timestamp":"2026-08-14T16:48:24.121382936Z","tipoEvento":"HEARTBEAT","bufferSize":0}
2026-08-14 18:48:34,121 INFO  [it.uni.reti2.HeartbeatGenerator] (executor-thread-1) 💓 [HEARTBEAT] Invio heartbeat: {"stazioneId":"stazzaDellaMadonnaTroia","stato":"ONLINE","timestamp":"2026-08-14T16:48:34.121308949Z","tipoEvento":"HEARTBEAT","bufferSize":0}
2026-08-14 18:48:44,121 INFO  [it.uni.reti2.HeartbeatGenerator] (executor-thread-1) 💓 [HEARTBEAT] Invio heartbeat: {"stazioneId":"stazzaDellaMadonnaTroia","stato":"ONLINE","timestamp":"2026-08-14T16:48:44.121654781Z","tipoEvento":"HEARTBEAT","bufferSize":0}
2026-08-14 18:48:54,121 INFO  [it.uni.reti2.HeartbeatGenerator] (executor-thread-1) 💓 [HEARTBEAT] Invio heartbeat: {"stazioneId":"stazzaDellaMadonnaTroia","stato":"ONLINE","timestamp":"2026-08-14T16:48:54.121241917Z","tipoEvento":"HEARTBEAT","bufferSize":0}
2026-08-14 18:49:04,121 INFO  [it.uni.reti2.HeartbeatGenerator] (executor-thread-1) 💓 [HEARTBEAT] Invio heartbeat: {"stazioneId":"stazzaDellaMadonnaTroia","stato":"ONLINE","timestamp":"2026-08-14T16:49:04.121349351Z","tipoEvento":"HEARTBEAT","bufferSize":0}
2026-08-14 18:49:14,121 INFO  [it.uni.reti2.HeartbeatGenerator] (executor-thread-1) 💓 [HEARTBEAT] Invio heartbeat: {"stazioneId":"stazzaDellaMadonnaTroia","stato":"ONLINE","timestamp":"2026-08-14T16:49:14.121668139Z","tipoEvento":"HEARTBEAT","bufferSize":0}
2026-08-14 18:49:24,169 INFO  [it.uni.reti2.HeartbeatGenerator] (executor-thread-1) 💓 [HEARTBEAT] Invio heartbeat: {"stazioneId":"stazzaDellaMadonnaTroia","stato":"ONLINE","timestamp":"2026-08-14T16:49:24.121364379Z","tipoEvento":"HEARTBEAT","bufferSize":0}
2026-08-14 18:49:34,121 INFO  [it.uni.reti2.HeartbeatGenerator] (executor-thread-1) 💓 [HEARTBEAT] Invio heartbeat: {"stazioneId":"stazzaDellaMadonnaTroia","stato":"ONLINE","timestamp":"2026-08-14T16:49:34.121332665Z","tipoEvento":"HEARTBEAT","bufferSize":0}
2026-08-14 18:49:44,121 INFO  [it.uni.reti2.HeartbeatGenerator] (executor-thread-1) 💓 [HEARTBEAT] Invio heartbeat: {"stazioneId":"stazzaDellaMadonnaTroia","stato":"ONLINE","timestamp":"2026-08-14T16:49:44.121412818Z","tipoEvento":"HEARTBEAT","bufferSize":0}
2026-08-14 18:49:54,121 INFO  [it.uni.reti2.HeartbeatGenerator] (executor-thread-1) 💓 [HEARTBEAT] Invio heartbeat: {"stazioneId":"stazzaDellaMadonnaTroia","stato":"ONLINE","timestamp":"2026-08-14T16:49:54.121874639Z","tipoEvento":"HEARTBEAT","bufferSize":0}
