__  ____  __  _____   ___  __ ____  ______ 
 --/ __ \/ / / / _ | / _ \/ //_/ / / / __/ 
 -/ /_/ / /_/ / __ |/ , _/ ,< / /_/ /\ \   
--\___\_\____/_/ |_/_/|_/_/|_|\____/___/   
2026-08-16 10:52:03,698 INFO  [it.uni.reti2.main] (main) 🚉 Avvio processo Stazione con ID: PA
2026-08-16 10:52:05,342 INFO  [io.smallrye.reactive.messaging.mqtt] (main) Create MQTT Client for null@localhost:1883<>-[]
2026-08-16 10:52:05,402 INFO  [io.smallrye.reactive.messaging.mqtt] (main) Create MQTT Client for null@localhost:1883<>-[stazione-PA-alerts-in]
2026-08-16 10:52:05,752 INFO  [io.vertx.mqtt.impl.MqttClientImpl] (vert.x-eventloop-thread-0) Connection with localhost:1883 established successfully
2026-08-16 10:52:05,865 INFO  [io.smallrye.reactive.messaging.mqtt] (main) Create MQTT Client for null@localhost:1883<>-[stazione-PA-alerts-out]
2026-08-16 10:52:05,930 INFO  [io.vertx.mqtt.impl.MqttClientImpl] (vert.x-eventloop-thread-0) Connection with localhost:1883 established successfully
2026-08-16 10:52:05,975 INFO  [io.smallrye.reactive.messaging.mqtt] (vert.x-eventloop-thread-0) Subscription success on topic railway/alerts, Max QoS 1.
2026-08-16 10:52:06,020 WARN  [it.uni.reti2.StationGateway] (vert.x-eventloop-thread-3) 🚨 [ALERT RICEVUTO] La Centrale dice: {"tipoEvento":"GUASTO","origine":"CENTRALE","sorgenteTipo":"STAZIONE","sorgenteId":"PA","severita":"CRITICAL","messaggio":"Heartbeat assente: la stazione PA non invia heartbeat da oltre 30 secondi","guastoId":"alert-1786867412002-35e27015","timestamp":"2026-08-16T08:03:32.002682973Z"}
2026-08-16 10:52:06,043 INFO  [io.vertx.mqtt.impl.MqttClientImpl] (vert.x-eventloop-thread-0) Connection with localhost:1883 established successfully
2026-08-16 10:52:06,081 WARN  [it.uni.reti2.StationGateway] (vert.x-eventloop-thread-3) 🚨 [ALERT RICEVUTO] La Centrale dice: {"tipoEvento":"GUASTO","origine":"CENTRALE","sorgenteTipo":"STAZIONE","sorgenteId":"MI","severita":"CRITICAL","messaggio":"Heartbeat assente: la stazione MI non invia heartbeat da oltre 30 secondi","guastoId":"alert-1786867412068-73822816","timestamp":"2026-08-16T08:03:32.068262564Z"}
2026-08-16 10:52:06,084 WARN  [it.uni.reti2.HeartbeatGenerator] (vert.x-eventloop-thread-0) ⏳ Stazione non ancora validata dalla Centrale: heartbeat sospeso.
2026-08-16 10:52:06,085 WARN  [it.uni.reti2.StationGateway] (vert.x-eventloop-thread-3) 🚨 [ALERT RICEVUTO] La Centrale dice: {"tipoEvento":"MAINTENANCE_DISPATCHED","sorgenteId":"MI","timestamp":"2026-08-16T08:04:02.133878497Z"}
2026-08-16 10:52:06,086 ERROR [it.uni.reti2.StationGateway] (vert.x-eventloop-thread-3) Payload alert non interpretabile: {"tipoEvento":"MAINTENANCE_DISPATCHED","sorgenteId":"MI","timestamp":"2026-08-16T08:04:02.133878497Z"}
2026-08-16 10:52:06,092 INFO  [io.smallrye.reactive.messaging.mqtt] (vert.x-eventloop-thread-0) Subscription success on topic railway/station/+/validation-response, Max QoS 0.
2026-08-16 10:52:06,093 INFO  [io.smallrye.reactive.messaging.mqtt] (vert.x-eventloop-thread-0) Subscription success on topic railway/train/+/passaggio, Max QoS 0.
2026-08-16 10:52:06,093 WARN  [it.uni.reti2.StationGateway] (vert.x-eventloop-thread-3) 🚨 [ALERT RICEVUTO] La Centrale dice: {"tipoEvento":"RESOLVED","sorgenteTipo":"STAZIONE","sorgenteId":"MI","guastoId":"alert-1786867412068-73822816","timestamp":"2026-08-16T08:04:02.138418130Z"}
2026-08-16 10:52:06,094 ERROR [it.uni.reti2.StationGateway] (vert.x-eventloop-thread-3) Payload alert non interpretabile: {"tipoEvento":"RESOLVED","sorgenteTipo":"STAZIONE","sorgenteId":"MI","guastoId":"alert-1786867412068-73822816","timestamp":"2026-08-16T08:04:02.138418130Z"}
2026-08-16 10:52:06,096 WARN  [it.uni.reti2.StationGateway] (vert.x-eventloop-thread-3) 🚨 [ALERT RICEVUTO] La Centrale dice: {"tipoEvento":"RESOLVED","sorgenteTipo":"STAZIONE","sorgenteId":"MI","guastoId":"alert-1786867412068-73822816","timestamp":"2026-08-16T08:04:02.138512525Z"}
2026-08-16 10:52:06,097 ERROR [it.uni.reti2.StationGateway] (vert.x-eventloop-thread-3) Payload alert non interpretabile: {"tipoEvento":"RESOLVED","sorgenteTipo":"STAZIONE","sorgenteId":"MI","guastoId":"alert-1786867412068-73822816","timestamp":"2026-08-16T08:04:02.138512525Z"}
2026-08-16 10:52:06,098 WARN  [it.uni.reti2.StationGateway] (vert.x-eventloop-thread-3) 🚨 [ALERT RICEVUTO] La Centrale dice: {"tipoEvento":"MAINTENANCE_DISPATCHED","sorgenteId":"PA","timestamp":"2026-08-16T08:04:03.775933101Z"}
2026-08-16 10:52:06,099 ERROR [it.uni.reti2.StationGateway] (vert.x-eventloop-thread-3) Payload alert non interpretabile: {"tipoEvento":"MAINTENANCE_DISPATCHED","sorgenteId":"PA","timestamp":"2026-08-16T08:04:03.775933101Z"}
2026-08-16 10:52:06,101 WARN  [it.uni.reti2.StationGateway] (vert.x-eventloop-thread-3) 🚨 [ALERT RICEVUTO] La Centrale dice: {"tipoEvento":"RESOLVED","sorgenteTipo":"STAZIONE","sorgenteId":"PA","guastoId":"alert-1786867412002-35e27015","timestamp":"2026-08-16T08:04:03.779877480Z"}
2026-08-16 10:52:06,101 ERROR [it.uni.reti2.StationGateway] (vert.x-eventloop-thread-3) Payload alert non interpretabile: {"tipoEvento":"RESOLVED","sorgenteTipo":"STAZIONE","sorgenteId":"PA","guastoId":"alert-1786867412002-35e27015","timestamp":"2026-08-16T08:04:03.779877480Z"}
2026-08-16 10:52:06,102 WARN  [it.uni.reti2.StationGateway] (vert.x-eventloop-thread-3) 🚨 [ALERT RICEVUTO] La Centrale dice: {"tipoEvento":"RESOLVED","sorgenteTipo":"STAZIONE","sorgenteId":"PA","guastoId":"alert-1786867412002-35e27015","timestamp":"2026-08-16T08:04:03.780076657Z"}
2026-08-16 10:52:06,104 ERROR [it.uni.reti2.StationGateway] (vert.x-eventloop-thread-3) Payload alert non interpretabile: {"tipoEvento":"RESOLVED","sorgenteTipo":"STAZIONE","sorgenteId":"PA","guastoId":"alert-1786867412002-35e27015","timestamp":"2026-08-16T08:04:03.780076657Z"}
2026-08-16 10:52:06,105 WARN  [it.uni.reti2.StationGateway] (vert.x-eventloop-thread-3) 🚨 [ALERT RICEVUTO] La Centrale dice: {"tipoEvento":"GUASTO","origine":"CENTRALE","sorgenteTipo":"STAZIONE","sorgenteId":"PA","severita":"CRITICAL","messaggio":"Heartbeat assente: la stazione PA non invia heartbeat da oltre 30 secondi","guastoId":"alert-1786867482001-0276a52f","timestamp":"2026-08-16T08:04:42.001406679Z"}
2026-08-16 10:52:06,107 WARN  [it.uni.reti2.StationGateway] (vert.x-eventloop-thread-3) 🚨 [ALERT RICEVUTO] La Centrale dice: {"tipoEvento":"GUASTO","origine":"CENTRALE","sorgenteTipo":"STAZIONE","sorgenteId":"MI","severita":"CRITICAL","messaggio":"Heartbeat assente: la stazione MI non invia heartbeat da oltre 30 secondi","guastoId":"alert-1786867482013-ae0f8aca","timestamp":"2026-08-16T08:04:42.014118489Z"}
2026-08-16 10:52:06,108 WARN  [it.uni.reti2.StationGateway] (vert.x-eventloop-thread-3) 🚨 [ALERT RICEVUTO] La Centrale dice: {"tipoEvento":"MAINTENANCE_DISPATCHED","sorgenteId":"MI","timestamp":"2026-08-16T08:05:36.693744869Z"}
2026-08-16 10:52:06,108 ERROR [it.uni.reti2.StationGateway] (vert.x-eventloop-thread-3) Payload alert non interpretabile: {"tipoEvento":"MAINTENANCE_DISPATCHED","sorgenteId":"MI","timestamp":"2026-08-16T08:05:36.693744869Z"}
2026-08-16 10:52:06,110 WARN  [it.uni.reti2.StationGateway] (vert.x-eventloop-thread-3) 🚨 [ALERT RICEVUTO] La Centrale dice: {"tipoEvento":"RESOLVED","sorgenteTipo":"STAZIONE","sorgenteId":"MI","guastoId":"alert-1786867482013-ae0f8aca","timestamp":"2026-08-16T08:05:36.697515470Z"}
2026-08-16 10:52:06,110 INFO  [io.quarkus] (main) stazione 1.0.0-SNAPSHOT on JVM (powered by Quarkus 3.37.3) started in 2.618s. Listening on: http://0.0.0.0:8081
2026-08-16 10:52:06,111 INFO  [io.quarkus] (main) Profile prod activated. 
2026-08-16 10:52:06,111 INFO  [io.quarkus] (main) Installed features: [cdi, messaging, messaging-mqtt, rest, rest-jackson, scheduler, smallrye-context-propagation, vertx]
2026-08-16 10:52:06,111 ERROR [it.uni.reti2.StationGateway] (vert.x-eventloop-thread-3) Payload alert non interpretabile: {"tipoEvento":"RESOLVED","sorgenteTipo":"STAZIONE","sorgenteId":"MI","guastoId":"alert-1786867482013-ae0f8aca","timestamp":"2026-08-16T08:05:36.697515470Z"}
2026-08-16 10:52:06,111 WARN  [it.uni.reti2.StationGateway] (vert.x-eventloop-thread-3) 🚨 [ALERT RICEVUTO] La Centrale dice: {"tipoEvento":"RESOLVED","sorgenteTipo":"STAZIONE","sorgenteId":"MI","guastoId":"alert-1786867482013-ae0f8aca","timestamp":"2026-08-16T08:05:36.698005381Z"}
2026-08-16 10:52:06,112 ERROR [it.uni.reti2.StationGateway] (vert.x-eventloop-thread-3) Payload alert non interpretabile: {"tipoEvento":"RESOLVED","sorgenteTipo":"STAZIONE","sorgenteId":"MI","guastoId":"alert-1786867482013-ae0f8aca","timestamp":"2026-08-16T08:05:36.698005381Z"}
2026-08-16 10:52:06,113 WARN  [it.uni.reti2.StationGateway] (vert.x-eventloop-thread-3) 🚨 [ALERT RICEVUTO] La Centrale dice: {"tipoEvento":"MAINTENANCE_DISPATCHED","sorgenteId":"PA","timestamp":"2026-08-16T08:05:38.178896649Z"}
2026-08-16 10:52:06,113 ERROR [it.uni.reti2.StationGateway] (vert.x-eventloop-thread-3) Payload alert non interpretabile: {"tipoEvento":"MAINTENANCE_DISPATCHED","sorgenteId":"PA","timestamp":"2026-08-16T08:05:38.178896649Z"}
2026-08-16 10:52:06,114 WARN  [it.uni.reti2.StationGateway] (vert.x-eventloop-thread-3) 🚨 [ALERT RICEVUTO] La Centrale dice: {"tipoEvento":"RESOLVED","sorgenteTipo":"STAZIONE","sorgenteId":"PA","guastoId":"alert-1786867482001-0276a52f","timestamp":"2026-08-16T08:05:38.182901657Z"}
2026-08-16 10:52:06,115 ERROR [it.uni.reti2.StationGateway] (vert.x-eventloop-thread-3) Payload alert non interpretabile: {"tipoEvento":"RESOLVED","sorgenteTipo":"STAZIONE","sorgenteId":"PA","guastoId":"alert-1786867482001-0276a52f","timestamp":"2026-08-16T08:05:38.182901657Z"}
2026-08-16 10:52:06,116 WARN  [it.uni.reti2.StationGateway] (vert.x-eventloop-thread-3) 🚨 [ALERT RICEVUTO] La Centrale dice: {"tipoEvento":"RESOLVED","sorgenteTipo":"STAZIONE","sorgenteId":"PA","guastoId":"alert-1786867482001-0276a52f","timestamp":"2026-08-16T08:05:38.183024294Z"}
2026-08-16 10:52:06,116 ERROR [it.uni.reti2.StationGateway] (vert.x-eventloop-thread-3) Payload alert non interpretabile: {"tipoEvento":"RESOLVED","sorgenteTipo":"STAZIONE","sorgenteId":"PA","guastoId":"alert-1786867482001-0276a52f","timestamp":"2026-08-16T08:05:38.183024294Z"}
2026-08-16 10:52:06,117 WARN  [it.uni.reti2.StationGateway] (vert.x-eventloop-thread-3) 🚨 [ALERT RICEVUTO] La Centrale dice: {"tipoEvento":"GUASTO","origine":"CENTRALE","sorgenteTipo":"STAZIONE","sorgenteId":"PA","severita":"CRITICAL","messaggio":"Heartbeat assente: la stazione PA non invia heartbeat da oltre 30 secondi","guastoId":"alert-1786867576000-1588f38e","timestamp":"2026-08-16T08:06:16.000820085Z"}
2026-08-16 10:52:06,119 WARN  [it.uni.reti2.StationGateway] (vert.x-eventloop-thread-3) 🚨 [ALERT RICEVUTO] La Centrale dice: {"tipoEvento":"GUASTO","origine":"CENTRALE","sorgenteTipo":"STAZIONE","sorgenteId":"MI","severita":"CRITICAL","messaggio":"Heartbeat assente: la stazione MI non invia heartbeat da oltre 30 secondi","guastoId":"alert-1786867576009-88f39098","timestamp":"2026-08-16T08:06:16.009558168Z"}
2026-08-16 10:52:06,119 WARN  [it.uni.reti2.StationGateway] (vert.x-eventloop-thread-3) 🚨 [ALERT RICEVUTO] La Centrale dice: {"tipoEvento":"RESOLVED","origine":"CENTRALE","sorgenteTipo":"STAZIONE","sorgenteId":"TO","guastoId":"alert-1786867854965-6e1f7c04","timestamp":"2026-08-16T08:10:59.309581434Z"}
2026-08-16 10:52:06,120 ERROR [it.uni.reti2.StationGateway] (vert.x-eventloop-thread-3) Payload alert non interpretabile: {"tipoEvento":"RESOLVED","origine":"CENTRALE","sorgenteTipo":"STAZIONE","sorgenteId":"TO","guastoId":"alert-1786867854965-6e1f7c04","timestamp":"2026-08-16T08:10:59.309581434Z"}
2026-08-16 10:52:06,120 WARN  [it.uni.reti2.StationGateway] (vert.x-eventloop-thread-3) 🚨 [ALERT RICEVUTO] La Centrale dice: {"tipoEvento":"RESOLVED","origine":"CENTRALE","sorgenteTipo":"STAZIONE","sorgenteId":"Padova","guastoId":"alert-1786867854973-ef011a1e","timestamp":"2026-08-16T08:10:59.360642967Z"}
2026-08-16 10:52:06,120 ERROR [it.uni.reti2.StationGateway] (vert.x-eventloop-thread-3) Payload alert non interpretabile: {"tipoEvento":"RESOLVED","origine":"CENTRALE","sorgenteTipo":"STAZIONE","sorgenteId":"Padova","guastoId":"alert-1786867854973-ef011a1e","timestamp":"2026-08-16T08:10:59.360642967Z"}
2026-08-16 10:52:06,120 WARN  [it.uni.reti2.StationGateway] (vert.x-eventloop-thread-3) 🚨 [ALERT RICEVUTO] La Centrale dice: {"tipoEvento":"RESOLVED","origine":"CENTRALE","sorgenteTipo":"STAZIONE","sorgenteId":"stazzaDellaMadonnaTroia","guastoId":"alert-1786867854870-55c922af","timestamp":"2026-08-16T08:10:59.370519943Z"}
2026-08-16 10:52:06,121 ERROR [it.uni.reti2.StationGateway] (vert.x-eventloop-thread-3) Payload alert non interpretabile: {"tipoEvento":"RESOLVED","origine":"CENTRALE","sorgenteTipo":"STAZIONE","sorgenteId":"stazzaDellaMadonnaTroia","guastoId":"alert-1786867854870-55c922af","timestamp":"2026-08-16T08:10:59.370519943Z"}
2026-08-16 10:52:06,123 WARN  [it.uni.reti2.StationGateway] (vert.x-eventloop-thread-3) 🚨 [ALERT RICEVUTO] La Centrale dice: {"tipoEvento":"RESOLVED","sorgenteTipo":"TRENO","sorgenteId":"Mario","guastoId":"alert-1786867854871-11aeae1c","timestamp":"2026-08-16T08:50:57.843422673Z"}
2026-08-16 10:52:06,124 WARN  [it.uni.reti2.StationGateway] (vert.x-eventloop-thread-3) 🚨 [ALERT RICEVUTO] La Centrale dice: {"tipoEvento":"RESOLVED","sorgenteTipo":"STAZIONE","sorgenteId":"MI","guastoId":"alert-1786867576009-88f39098","timestamp":"2026-08-16T08:50:58.498975385Z"}
2026-08-16 10:52:06,125 ERROR [it.uni.reti2.StationGateway] (vert.x-eventloop-thread-3) Payload alert non interpretabile: {"tipoEvento":"RESOLVED","sorgenteTipo":"STAZIONE","sorgenteId":"MI","guastoId":"alert-1786867576009-88f39098","timestamp":"2026-08-16T08:50:58.498975385Z"}
2026-08-16 10:52:06,125 WARN  [it.uni.reti2.StationGateway] (vert.x-eventloop-thread-3) 🚨 [ALERT RICEVUTO] La Centrale dice: {"tipoEvento":"MAINTENANCE_DISPATCHED","sorgenteId":"PA","timestamp":"2026-08-16T08:50:59.682975933Z"}
2026-08-16 10:52:06,126 ERROR [it.uni.reti2.StationGateway] (vert.x-eventloop-thread-3) Payload alert non interpretabile: {"tipoEvento":"MAINTENANCE_DISPATCHED","sorgenteId":"PA","timestamp":"2026-08-16T08:50:59.682975933Z"}
2026-08-16 10:52:06,126 WARN  [it.uni.reti2.StationGateway] (vert.x-eventloop-thread-3) 🚨 [ALERT RICEVUTO] La Centrale dice: {"tipoEvento":"RESOLVED","sorgenteTipo":"STAZIONE","sorgenteId":"PA","guastoId":"alert-1786867576000-1588f38e","timestamp":"2026-08-16T08:50:59.686646253Z"}
2026-08-16 10:52:06,126 ERROR [it.uni.reti2.StationGateway] (vert.x-eventloop-thread-3) Payload alert non interpretabile: {"tipoEvento":"RESOLVED","sorgenteTipo":"STAZIONE","sorgenteId":"PA","guastoId":"alert-1786867576000-1588f38e","timestamp":"2026-08-16T08:50:59.686646253Z"}
2026-08-16 10:52:06,128 WARN  [it.uni.reti2.StationGateway] (vert.x-eventloop-thread-3) 🚨 [ALERT RICEVUTO] La Centrale dice: {"tipoEvento":"RESOLVED","sorgenteTipo":"STAZIONE","sorgenteId":"PA","guastoId":"alert-1786867576000-1588f38e","timestamp":"2026-08-16T08:50:59.686785100Z"}
2026-08-16 10:52:06,129 ERROR [it.uni.reti2.StationGateway] (vert.x-eventloop-thread-3) Payload alert non interpretabile: {"tipoEvento":"RESOLVED","sorgenteTipo":"STAZIONE","sorgenteId":"PA","guastoId":"alert-1786867576000-1588f38e","timestamp":"2026-08-16T08:50:59.686785100Z"}
2026-08-16 10:52:06,130 WARN  [it.uni.reti2.StationGateway] (vert.x-eventloop-thread-3) 🚨 [ALERT RICEVUTO] La Centrale dice: {"tipoEvento":"GUASTO","origine":"CENTRALE","sorgenteTipo":"STAZIONE","sorgenteId":"PA","severita":"CRITICAL","messaggio":"Heartbeat assente: la stazione PA non invia heartbeat da oltre 30 secondi","guastoId":"alert-1786870294642-fae82e0e","timestamp":"2026-08-16T08:51:34.642669697Z"}
2026-08-16 10:52:06,132 WARN  [it.uni.reti2.StationGateway] (vert.x-eventloop-thread-3) 🚨 [ALERT RICEVUTO] La Centrale dice: {"tipoEvento":"GUASTO","origine":"CENTRALE","sorgenteTipo":"STAZIONE","sorgenteId":"MI","severita":"CRITICAL","messaggio":"Heartbeat assente: la stazione MI non invia heartbeat da oltre 30 secondi","guastoId":"alert-1786870294653-d8ec0b27","timestamp":"2026-08-16T08:51:34.654035646Z"}
2026-08-16 10:52:06,133 INFO  [it.uni.reti2.main] (main) 🔎 Verifica ID stazione 'PA' nel database centrale...
2026-08-16 10:52:06,206 INFO  [it.uni.reti2.StationDatabaseValidator] (main) 📩 Richiesta di validazione inviata per la stazione: PA
2026-08-16 10:52:06,209 WARN  [it.uni.reti2.main] (main) ID stazione non ancora valido o il database centrale non è raggiungibile; riprovo tra 5 secondi...
2026-08-16 10:52:06,219 INFO  [it.uni.reti2.StationDatabaseValidator] (vert.x-eventloop-thread-1) 🚉 Processo associato con successo alla chiave primaria del database: PA
2026-08-16 10:52:11,210 INFO  [it.uni.reti2.main] (main) ✅ Processo Stazione AVVIATO CORRETTAMENTE
2026-08-16 10:52:11,210 INFO  [it.uni.reti2.main] (main) 🔄 Ingresso nel ciclo infinito di mantenimento del nodo Stazione...
2026-08-16 10:52:11,210 INFO  [it.uni.reti2.main] (main) 🌐 Server REST disponibile su http://localhost:8081/stazione/info
2026-08-16 10:52:15,961 INFO  [it.uni.reti2.HeartbeatGenerator] (vert.x-eventloop-thread-0) 💓 [HEARTBEAT] Invio heartbeat: {"stazioneId":"PA","stato":"ONLINE","timestamp":"2026-08-16T08:52:15.960840690Z","tipoEvento":"HEARTBEAT","bufferSize":0}
2026-08-16 10:52:15,982 WARN  [it.uni.reti2.StationGateway] (vert.x-eventloop-thread-3) 🚨 [ALERT RICEVUTO] La Centrale dice: {"tipoEvento":"RESOLVED","origine":"CENTRALE","sorgenteTipo":"STAZIONE","sorgenteId":"PA","guastoId":"alert-1786870294642-fae82e0e","timestamp":"2026-08-16T08:52:15.979356423Z"}
2026-08-16 10:52:15,983 INFO  [it.uni.reti2.StationGateway] (vert.x-eventloop-thread-3) 🔧 Stazione ripristinata dalla Centrale! Stato di nuovo ONLINE.
2026-08-16 10:52:16,116 WARN  [it.uni.reti2.StationGateway] (vert.x-eventloop-thread-3) 🚨 [ALERT RICEVUTO] La Centrale dice: {"tipoEvento":"RESOLVED","origine":"CENTRALE","sorgenteTipo":"STAZIONE","sorgenteId":"MI","guastoId":"alert-1786870294653-d8ec0b27","timestamp":"2026-08-16T08:52:16.112654308Z"}
2026-08-16 10:52:25,960 INFO  [it.uni.reti2.HeartbeatGenerator] (vert.x-eventloop-thread-0) 💓 [HEARTBEAT] Invio heartbeat: {"stazioneId":"PA","stato":"ONLINE","timestamp":"2026-08-16T08:52:25.960621447Z","tipoEvento":"HEARTBEAT","bufferSize":0}
2026-08-16 10:52:35,951 INFO  [it.uni.reti2.HeartbeatGenerator] (vert.x-eventloop-thread-0) 💓 [HEARTBEAT] Invio heartbeat: {"stazioneId":"PA","stato":"ONLINE","timestamp":"2026-08-16T08:52:35.951471999Z","tipoEvento":"HEARTBEAT","bufferSize":0}
2026-08-16 10:52:45,960 INFO  [it.uni.reti2.HeartbeatGenerator] (vert.x-eventloop-thread-0) 💓 [HEARTBEAT] Invio heartbeat: {"stazioneId":"PA","stato":"ONLINE","timestamp":"2026-08-16T08:52:45.960153289Z","tipoEvento":"HEARTBEAT","bufferSize":0}
2026-08-16 10:52:55,957 INFO  [it.uni.reti2.HeartbeatGenerator] (vert.x-eventloop-thread-0) 💓 [HEARTBEAT] Invio heartbeat: {"stazioneId":"PA","stato":"ONLINE","timestamp":"2026-08-16T08:52:55.956989483Z","tipoEvento":"HEARTBEAT","bufferSize":0}
2026-08-16 10:53:05,960 INFO  [it.uni.reti2.HeartbeatGenerator] (vert.x-eventloop-thread-0) 💓 [HEARTBEAT] Invio heartbeat: {"stazioneId":"PA","stato":"ONLINE","timestamp":"2026-08-16T08:53:05.960707537Z","tipoEvento":"HEARTBEAT","bufferSize":0}
2026-08-16 10:53:12,812 INFO  [it.uni.reti2.StationGateway] (vert.x-eventloop-thread-2) 🚂 [PASSAGGIO] Treno tenoAmmazzaRicchi in ENTRATA dalla stazione PA
2026-08-16 10:53:15,954 INFO  [it.uni.reti2.HeartbeatGenerator] (vert.x-eventloop-thread-0) 💓 [HEARTBEAT] Invio heartbeat: {"stazioneId":"PA","stato":"ONLINE","timestamp":"2026-08-16T08:53:15.953927005Z","tipoEvento":"HEARTBEAT","bufferSize":0}
2026-08-16 10:53:25,961 INFO  [it.uni.reti2.HeartbeatGenerator] (vert.x-eventloop-thread-0) 💓 [HEARTBEAT] Invio heartbeat: {"stazioneId":"PA","stato":"ONLINE","timestamp":"2026-08-16T08:53:25.960894672Z","tipoEvento":"HEARTBEAT","bufferSize":0}
2026-08-16 10:53:35,956 INFO  [it.uni.reti2.HeartbeatGenerator] (vert.x-eventloop-thread-0) 💓 [HEARTBEAT] Invio heartbeat: {"stazioneId":"PA","stato":"ONLINE","timestamp":"2026-08-16T08:53:35.956431620Z","tipoEvento":"HEARTBEAT","bufferSize":0}
2026-08-16 10:53:45,962 INFO  [it.uni.reti2.HeartbeatGenerator] (vert.x-eventloop-thread-0) 💓 [HEARTBEAT] Invio heartbeat: {"stazioneId":"PA","stato":"ONLINE","timestamp":"2026-08-16T08:53:45.961841807Z","tipoEvento":"HEARTBEAT","bufferSize":0}
2026-08-16 10:53:52,812 INFO  [it.uni.reti2.StationGateway] (vert.x-eventloop-thread-2) 🚂 [PASSAGGIO] Treno tenoAmmazzaRicchi in USCITA dalla stazione PA
2026-08-16 10:53:55,954 INFO  [it.uni.reti2.HeartbeatGenerator] (vert.x-eventloop-thread-0) 💓 [HEARTBEAT] Invio heartbeat: {"stazioneId":"PA","stato":"ONLINE","timestamp":"2026-08-16T08:53:55.954424180Z","tipoEvento":"HEARTBEAT","bufferSize":0}
2026-08-16 10:54:05,960 INFO  [it.uni.reti2.HeartbeatGenerator] (vert.x-eventloop-thread-0) 💓 [HEARTBEAT] Invio heartbeat: {"stazioneId":"PA","stato":"ONLINE","timestamp":"2026-08-16T08:54:05.960730458Z","tipoEvento":"HEARTBEAT","bufferSize":0}
2026-08-16 10:54:15,959 INFO  [it.uni.reti2.HeartbeatGenerator] (vert.x-eventloop-thread-0) 💓 [HEARTBEAT] Invio heartbeat: {"stazioneId":"PA","stato":"ONLINE","timestamp":"2026-08-16T08:54:15.959029843Z","tipoEvento":"HEARTBEAT","bufferSize":0}
2026-08-16 10:54:25,953 INFO  [it.uni.reti2.HeartbeatGenerator] (vert.x-eventloop-thread-0) 💓 [HEARTBEAT] Invio heartbeat: {"stazioneId":"PA","stato":"ONLINE","timestamp":"2026-08-16T08:54:25.953777993Z","tipoEvento":"HEARTBEAT","bufferSize":0}
2026-08-16 10:54:35,961 INFO  [it.uni.reti2.HeartbeatGenerator] (vert.x-eventloop-thread-0) 💓 [HEARTBEAT] Invio heartbeat: {"stazioneId":"PA","stato":"ONLINE","timestamp":"2026-08-16T08:54:35.961227729Z","tipoEvento":"HEARTBEAT","bufferSize":0}
2026-08-16 10:54:45,951 INFO  [it.uni.reti2.HeartbeatGenerator] (vert.x-eventloop-thread-0) 💓 [HEARTBEAT] Invio heartbeat: {"stazioneId":"PA","stato":"ONLINE","timestamp":"2026-08-16T08:54:45.951654301Z","tipoEvento":"HEARTBEAT","bufferSize":0}
2026-08-16 10:54:55,951 INFO  [it.uni.reti2.HeartbeatGenerator] (vert.x-eventloop-thread-0) 💓 [HEARTBEAT] Invio heartbeat: {"stazioneId":"PA","stato":"ONLINE","timestamp":"2026-08-16T08:54:55.951674615Z","tipoEvento":"HEARTBEAT","bufferSize":0}
2026-08-16 10:55:05,955 INFO  [it.uni.reti2.HeartbeatGenerator] (vert.x-eventloop-thread-0) 💓 [HEARTBEAT] Invio heartbeat: {"stazioneId":"PA","stato":"ONLINE","timestamp":"2026-08-16T08:55:05.955646951Z","tipoEvento":"HEARTBEAT","bufferSize":0}
2026-08-16 10:55:15,960 INFO  [it.uni.reti2.HeartbeatGenerator] (vert.x-eventloop-thread-0) 💓 [HEARTBEAT] Invio heartbeat: {"stazioneId":"PA","stato":"ONLINE","timestamp":"2026-08-16T08:55:15.960656702Z","tipoEvento":"HEARTBEAT","bufferSize":0}
2026-08-16 10:55:25,953 INFO  [it.uni.reti2.HeartbeatGenerator] (vert.x-eventloop-thread-0) 💓 [HEARTBEAT] Invio heartbeat: {"stazioneId":"PA","stato":"ONLINE","timestamp":"2026-08-16T08:55:25.953663388Z","tipoEvento":"HEARTBEAT","bufferSize":0}
2026-08-16 10:55:35,960 INFO  [it.uni.reti2.HeartbeatGenerator] (vert.x-eventloop-thread-0) 💓 [HEARTBEAT] Invio heartbeat: {"stazioneId":"PA","stato":"ONLINE","timestamp":"2026-08-16T08:55:35.960613612Z","tipoEvento":"HEARTBEAT","bufferSize":0}
2026-08-16 10:55:45,952 INFO  [it.uni.reti2.HeartbeatGenerator] (vert.x-eventloop-thread-0) 💓 [HEARTBEAT] Invio heartbeat: {"stazioneId":"PA","stato":"ONLINE","timestamp":"2026-08-16T08:55:45.952561517Z","tipoEvento":"HEARTBEAT","bufferSize":0}
2026-08-16 10:55:55,961 INFO  [it.uni.reti2.HeartbeatGenerator] (vert.x-eventloop-thread-0) 💓 [HEARTBEAT] Invio heartbeat: {"stazioneId":"PA","stato":"ONLINE","timestamp":"2026-08-16T08:55:55.961661875Z","tipoEvento":"HEARTBEAT","bufferSize":0}
2026-08-16 10:56:05,954 INFO  [it.uni.reti2.HeartbeatGenerator] (vert.x-eventloop-thread-0) 💓 [HEARTBEAT] Invio heartbeat: {"stazioneId":"PA","stato":"ONLINE","timestamp":"2026-08-16T08:56:05.954664806Z","tipoEvento":"HEARTBEAT","bufferSize":0}
2026-08-16 10:56:15,960 INFO  [it.uni.reti2.HeartbeatGenerator] (vert.x-eventloop-thread-0) 💓 [HEARTBEAT] Invio heartbeat: {"stazioneId":"PA","stato":"ONLINE","timestamp":"2026-08-16T08:56:15.960627196Z","tipoEvento":"HEARTBEAT","bufferSize":0}
2026-08-16 10:56:25,961 INFO  [it.uni.reti2.HeartbeatGenerator] (vert.x-eventloop-thread-0) 💓 [HEARTBEAT] Invio heartbeat: {"stazioneId":"PA","stato":"ONLINE","timestamp":"2026-08-16T08:56:25.961251586Z","tipoEvento":"HEARTBEAT","bufferSize":0}
2026-08-16 10:56:35,960 INFO  [it.uni.reti2.HeartbeatGenerator] (vert.x-eventloop-thread-0) 💓 [HEARTBEAT] Invio heartbeat: {"stazioneId":"PA","stato":"ONLINE","timestamp":"2026-08-16T08:56:35.960773486Z","tipoEvento":"HEARTBEAT","bufferSize":0}
2026-08-16 10:56:45,960 INFO  [it.uni.reti2.HeartbeatGenerator] (vert.x-eventloop-thread-0) 💓 [HEARTBEAT] Invio heartbeat: {"stazioneId":"PA","stato":"ONLINE","timestamp":"2026-08-16T08:56:45.960135341Z","tipoEvento":"HEARTBEAT","bufferSize":0}
2026-08-16 10:56:55,953 INFO  [it.uni.reti2.HeartbeatGenerator] (vert.x-eventloop-thread-0) 💓 [HEARTBEAT] Invio heartbeat: {"stazioneId":"PA","stato":"ONLINE","timestamp":"2026-08-16T08:56:55.953726044Z","tipoEvento":"HEARTBEAT","bufferSize":0}
2026-08-16 10:57:05,961 INFO  [it.uni.reti2.HeartbeatGenerator] (vert.x-eventloop-thread-0) 💓 [HEARTBEAT] Invio heartbeat: {"stazioneId":"PA","stato":"ONLINE","timestamp":"2026-08-16T08:57:05.961014312Z","tipoEvento":"HEARTBEAT","bufferSize":0}
2026-08-16 10:57:15,951 INFO  [it.uni.reti2.HeartbeatGenerator] (vert.x-eventloop-thread-0) 💓 [HEARTBEAT] Invio heartbeat: {"stazioneId":"PA","stato":"ONLINE","timestamp":"2026-08-16T08:57:15.951841054Z","tipoEvento":"HEARTBEAT","bufferSize":0}
2026-08-16 10:57:25,961 INFO  [it.uni.reti2.HeartbeatGenerator] (vert.x-eventloop-thread-0) 💓 [HEARTBEAT] Invio heartbeat: {"stazioneId":"PA","stato":"ONLINE","timestamp":"2026-08-16T08:57:25.961041228Z","tipoEvento":"HEARTBEAT","bufferSize":0}
2026-08-16 10:57:35,957 INFO  [it.uni.reti2.HeartbeatGenerator] (vert.x-eventloop-thread-0) 💓 [HEARTBEAT] Invio heartbeat: {"stazioneId":"PA","stato":"ONLINE","timestamp":"2026-08-16T08:57:35.957697003Z","tipoEvento":"HEARTBEAT","bufferSize":0}
2026-08-16 10:57:45,960 INFO  [it.uni.reti2.HeartbeatGenerator] (vert.x-eventloop-thread-0) 💓 [HEARTBEAT] Invio heartbeat: {"stazioneId":"PA","stato":"ONLINE","timestamp":"2026-08-16T08:57:45.960264781Z","tipoEvento":"HEARTBEAT","bufferSize":0}
2026-08-16 10:57:55,957 INFO  [it.uni.reti2.HeartbeatGenerator] (vert.x-eventloop-thread-0) 💓 [HEARTBEAT] Invio heartbeat: {"stazioneId":"PA","stato":"ONLINE","timestamp":"2026-08-16T08:57:55.957643582Z","tipoEvento":"HEARTBEAT","bufferSize":0}
2026-08-16 10:58:05,954 INFO  [it.uni.reti2.HeartbeatGenerator] (vert.x-eventloop-thread-0) 💓 [HEARTBEAT] Invio heartbeat: {"stazioneId":"PA","stato":"ONLINE","timestamp":"2026-08-16T08:58:05.953830143Z","tipoEvento":"HEARTBEAT","bufferSize":0}
2026-08-16 10:58:15,959 INFO  [it.uni.reti2.HeartbeatGenerator] (vert.x-eventloop-thread-0) 💓 [HEARTBEAT] Invio heartbeat: {"stazioneId":"PA","stato":"ONLINE","timestamp":"2026-08-16T08:58:15.959646060Z","tipoEvento":"HEARTBEAT","bufferSize":0}
2026-08-16 10:58:25,960 INFO  [it.uni.reti2.HeartbeatGenerator] (vert.x-eventloop-thread-0) 💓 [HEARTBEAT] Invio heartbeat: {"stazioneId":"PA","stato":"ONLINE","timestamp":"2026-08-16T08:58:25.960650364Z","tipoEvento":"HEARTBEAT","bufferSize":0}
2026-08-16 10:58:35,959 INFO  [it.uni.reti2.HeartbeatGenerator] (vert.x-eventloop-thread-0) 💓 [HEARTBEAT] Invio heartbeat: {"stazioneId":"PA","stato":"ONLINE","timestamp":"2026-08-16T08:58:35.959062602Z","tipoEvento":"HEARTBEAT","bufferSize":0}
2026-08-16 10:58:45,951 INFO  [it.uni.reti2.HeartbeatGenerator] (vert.x-eventloop-thread-0) 💓 [HEARTBEAT] Invio heartbeat: {"stazioneId":"PA","stato":"ONLINE","timestamp":"2026-08-16T08:58:45.951653181Z","tipoEvento":"HEARTBEAT","bufferSize":0}
2026-08-16 10:58:55,959 INFO  [it.uni.reti2.HeartbeatGenerator] (vert.x-eventloop-thread-0) 💓 [HEARTBEAT] Invio heartbeat: {"stazioneId":"PA","stato":"ONLINE","timestamp":"2026-08-16T08:58:55.959675972Z","tipoEvento":"HEARTBEAT","bufferSize":0}
2026-08-16 10:59:05,950 INFO  [it.uni.reti2.HeartbeatGenerator] (vert.x-eventloop-thread-0) 💓 [HEARTBEAT] Invio heartbeat: {"stazioneId":"PA","stato":"ONLINE","timestamp":"2026-08-16T08:59:05.950707347Z","tipoEvento":"HEARTBEAT","bufferSize":0}
2026-08-16 10:59:15,959 INFO  [it.uni.reti2.HeartbeatGenerator] (vert.x-eventloop-thread-0) 💓 [HEARTBEAT] Invio heartbeat: {"stazioneId":"PA","stato":"ONLINE","timestamp":"2026-08-16T08:59:15.959115336Z","tipoEvento":"HEARTBEAT","bufferSize":0}
2026-08-16 10:59:25,960 INFO  [it.uni.reti2.HeartbeatGenerator] (vert.x-eventloop-thread-0) 💓 [HEARTBEAT] Invio heartbeat: {"stazioneId":"PA","stato":"ONLINE","timestamp":"2026-08-16T08:59:25.960489319Z","tipoEvento":"HEARTBEAT","bufferSize":0}
2026-08-16 10:59:35,954 INFO  [it.uni.reti2.HeartbeatGenerator] (vert.x-eventloop-thread-0) 💓 [HEARTBEAT] Invio heartbeat: {"stazioneId":"PA","stato":"ONLINE","timestamp":"2026-08-16T08:59:35.954657632Z","tipoEvento":"HEARTBEAT","bufferSize":0}
2026-08-16 10:59:45,960 INFO  [it.uni.reti2.HeartbeatGenerator] (vert.x-eventloop-thread-0) 💓 [HEARTBEAT] Invio heartbeat: {"stazioneId":"PA","stato":"ONLINE","timestamp":"2026-08-16T08:59:45.960659357Z","tipoEvento":"HEARTBEAT","bufferSize":0}
2026-08-16 10:59:55,960 INFO  [it.uni.reti2.HeartbeatGenerator] (vert.x-eventloop-thread-0) 💓 [HEARTBEAT] Invio heartbeat: {"stazioneId":"PA","stato":"ONLINE","timestamp":"2026-08-16T08:59:55.960628388Z","tipoEvento":"HEARTBEAT","bufferSize":0}
2026-08-16 11:00:05,959 INFO  [it.uni.reti2.HeartbeatGenerator] (vert.x-eventloop-thread-0) 💓 [HEARTBEAT] Invio heartbeat: {"stazioneId":"PA","stato":"ONLINE","timestamp":"2026-08-16T09:00:05.959594273Z","tipoEvento":"HEARTBEAT","bufferSize":0}
2026-08-16 11:00:15,960 INFO  [it.uni.reti2.HeartbeatGenerator] (vert.x-eventloop-thread-0) 💓 [HEARTBEAT] Invio heartbeat: {"stazioneId":"PA","stato":"ONLINE","timestamp":"2026-08-16T09:00:15.960776192Z","tipoEvento":"HEARTBEAT","bufferSize":0}
2026-08-16 11:00:25,960 INFO  [it.uni.reti2.HeartbeatGenerator] (vert.x-eventloop-thread-0) 💓 [HEARTBEAT] Invio heartbeat: {"stazioneId":"PA","stato":"ONLINE","timestamp":"2026-08-16T09:00:25.960669496Z","tipoEvento":"HEARTBEAT","bufferSize":0}
2026-08-16 11:00:35,960 INFO  [it.uni.reti2.HeartbeatGenerator] (vert.x-eventloop-thread-0) 💓 [HEARTBEAT] Invio heartbeat: {"stazioneId":"PA","stato":"ONLINE","timestamp":"2026-08-16T09:00:35.960576805Z","tipoEvento":"HEARTBEAT","bufferSize":0}
2026-08-16 11:00:36,826 INFO  [it.uni.reti2.StationGateway] (vert.x-eventloop-thread-2) 🚂 [PASSAGGIO] Treno Mario in ENTRATA dalla stazione PA
2026-08-16 11:00:45,959 INFO  [it.uni.reti2.HeartbeatGenerator] (vert.x-eventloop-thread-0) 💓 [HEARTBEAT] Invio heartbeat: {"stazioneId":"PA","stato":"ONLINE","timestamp":"2026-08-16T09:00:45.959758352Z","tipoEvento":"HEARTBEAT","bufferSize":0}
2026-08-16 11:00:55,960 INFO  [it.uni.reti2.HeartbeatGenerator] (vert.x-eventloop-thread-0) 💓 [HEARTBEAT] Invio heartbeat: {"stazioneId":"PA","stato":"ONLINE","timestamp":"2026-08-16T09:00:55.959980560Z","tipoEvento":"HEARTBEAT","bufferSize":0}
2026-08-16 11:01:05,959 INFO  [it.uni.reti2.HeartbeatGenerator] (vert.x-eventloop-thread-0) 💓 [HEARTBEAT] Invio heartbeat: {"stazioneId":"PA","stato":"ONLINE","timestamp":"2026-08-16T09:01:05.959076354Z","tipoEvento":"HEARTBEAT","bufferSize":0}
2026-08-16 11:01:15,961 INFO  [it.uni.reti2.HeartbeatGenerator] (vert.x-eventloop-thread-0) 💓 [HEARTBEAT] Invio heartbeat: {"stazioneId":"PA","stato":"ONLINE","timestamp":"2026-08-16T09:01:15.961419976Z","tipoEvento":"HEARTBEAT","bufferSize":0}
2026-08-16 11:01:17,826 INFO  [it.uni.reti2.StationGateway] (vert.x-eventloop-thread-2) 🚂 [PASSAGGIO] Treno Mario in USCITA dalla stazione PA
2026-08-16 11:01:25,951 INFO  [it.uni.reti2.HeartbeatGenerator] (vert.x-eventloop-thread-0) 💓 [HEARTBEAT] Invio heartbeat: {"stazioneId":"PA","stato":"ONLINE","timestamp":"2026-08-16T09:01:25.951609232Z","tipoEvento":"HEARTBEAT","bufferSize":0}
2026-08-16 11:01:35,960 INFO  [it.uni.reti2.HeartbeatGenerator] (vert.x-eventloop-thread-0) 💓 [HEARTBEAT] Invio heartbeat: {"stazioneId":"PA","stato":"ONLINE","timestamp":"2026-08-16T09:01:35.960547662Z","tipoEvento":"HEARTBEAT","bufferSize":0}
2026-08-16 11:01:45,956 INFO  [it.uni.reti2.HeartbeatGenerator] (vert.x-eventloop-thread-0) 💓 [HEARTBEAT] Invio heartbeat: {"stazioneId":"PA","stato":"ONLINE","timestamp":"2026-08-16T09:01:45.956629478Z","tipoEvento":"HEARTBEAT","bufferSize":0}
2026-08-16 11:01:55,959 INFO  [it.uni.reti2.HeartbeatGenerator] (vert.x-eventloop-thread-0) 💓 [HEARTBEAT] Invio heartbeat: {"stazioneId":"PA","stato":"ONLINE","timestamp":"2026-08-16T09:01:55.959639565Z","tipoEvento":"HEARTBEAT","bufferSize":0}
2026-08-16 11:02:05,959 INFO  [it.uni.reti2.HeartbeatGenerator] (vert.x-eventloop-thread-0) 💓 [HEARTBEAT] Invio heartbeat: {"stazioneId":"PA","stato":"ONLINE","timestamp":"2026-08-16T09:02:05.959596110Z","tipoEvento":"HEARTBEAT","bufferSize":0}
2026-08-16 11:02:15,962 INFO  [it.uni.reti2.HeartbeatGenerator] (vert.x-eventloop-thread-0) 💓 [HEARTBEAT] Invio heartbeat: {"stazioneId":"PA","stato":"ONLINE","timestamp":"2026-08-16T09:02:15.961929944Z","tipoEvento":"HEARTBEAT","bufferSize":0}
2026-08-16 11:02:25,960 INFO  [it.uni.reti2.HeartbeatGenerator] (vert.x-eventloop-thread-0) 💓 [HEARTBEAT] Invio heartbeat: {"stazioneId":"PA","stato":"ONLINE","timestamp":"2026-08-16T09:02:25.960666438Z","tipoEvento":"HEARTBEAT","bufferSize":0}
2026-08-16 11:02:35,956 INFO  [it.uni.reti2.HeartbeatGenerator] (vert.x-eventloop-thread-0) 💓 [HEARTBEAT] Invio heartbeat: {"stazioneId":"PA","stato":"ONLINE","timestamp":"2026-08-16T09:02:35.956644703Z","tipoEvento":"HEARTBEAT","bufferSize":0}
2026-08-16 11:02:45,958 INFO  [it.uni.reti2.HeartbeatGenerator] (vert.x-eventloop-thread-0) 💓 [HEARTBEAT] Invio heartbeat: {"stazioneId":"PA","stato":"ONLINE","timestamp":"2026-08-16T09:02:45.957992730Z","tipoEvento":"HEARTBEAT","bufferSize":0}
2026-08-16 11:02:55,957 INFO  [it.uni.reti2.HeartbeatGenerator] (vert.x-eventloop-thread-0) 💓 [HEARTBEAT] Invio heartbeat: {"stazioneId":"PA","stato":"ONLINE","timestamp":"2026-08-16T09:02:55.957812085Z","tipoEvento":"HEARTBEAT","bufferSize":0}
2026-08-16 11:03:05,960 INFO  [it.uni.reti2.HeartbeatGenerator] (vert.x-eventloop-thread-0) 💓 [HEARTBEAT] Invio heartbeat: {"stazioneId":"PA","stato":"ONLINE","timestamp":"2026-08-16T09:03:05.960620501Z","tipoEvento":"HEARTBEAT","bufferSize":0}
2026-08-16 11:03:15,955 INFO  [it.uni.reti2.HeartbeatGenerator] (vert.x-eventloop-thread-0) 💓 [HEARTBEAT] Invio heartbeat: {"stazioneId":"PA","stato":"ONLINE","timestamp":"2026-08-16T09:03:15.955649874Z","tipoEvento":"HEARTBEAT","bufferSize":0}
2026-08-16 11:03:25,960 INFO  [it.uni.reti2.HeartbeatGenerator] (vert.x-eventloop-thread-0) 💓 [HEARTBEAT] Invio heartbeat: {"stazioneId":"PA","stato":"ONLINE","timestamp":"2026-08-16T09:03:25.960406758Z","tipoEvento":"HEARTBEAT","bufferSize":0}
2026-08-16 11:03:35,954 INFO  [it.uni.reti2.HeartbeatGenerator] (vert.x-eventloop-thread-0) 💓 [HEARTBEAT] Invio heartbeat: {"stazioneId":"PA","stato":"ONLINE","timestamp":"2026-08-16T09:03:35.954694484Z","tipoEvento":"HEARTBEAT","bufferSize":0}
2026-08-16 11:03:45,961 INFO  [it.uni.reti2.HeartbeatGenerator] (vert.x-eventloop-thread-0) 💓 [HEARTBEAT] Invio heartbeat: {"stazioneId":"PA","stato":"ONLINE","timestamp":"2026-08-16T09:03:45.961368921Z","tipoEvento":"HEARTBEAT","bufferSize":0}
2026-08-16 11:03:55,961 INFO  [it.uni.reti2.HeartbeatGenerator] (vert.x-eventloop-thread-0) 💓 [HEARTBEAT] Invio heartbeat: {"stazioneId":"PA","stato":"ONLINE","timestamp":"2026-08-16T09:03:55.960858464Z","tipoEvento":"HEARTBEAT","bufferSize":0}
2026-08-16 11:04:05,961 INFO  [it.uni.reti2.HeartbeatGenerator] (vert.x-eventloop-thread-0) 💓 [HEARTBEAT] Invio heartbeat: {"stazioneId":"PA","stato":"ONLINE","timestamp":"2026-08-16T09:04:05.961026258Z","tipoEvento":"HEARTBEAT","bufferSize":0}
2026-08-16 11:04:15,958 INFO  [it.uni.reti2.HeartbeatGenerator] (vert.x-eventloop-thread-0) 💓 [HEARTBEAT] Invio heartbeat: {"stazioneId":"PA","stato":"ONLINE","timestamp":"2026-08-16T09:04:15.958819801Z","tipoEvento":"HEARTBEAT","bufferSize":0}
2026-08-16 11:04:25,961 INFO  [it.uni.reti2.HeartbeatGenerator] (vert.x-eventloop-thread-0) 💓 [HEARTBEAT] Invio heartbeat: {"stazioneId":"PA","stato":"ONLINE","timestamp":"2026-08-16T09:04:25.960999360Z","tipoEvento":"HEARTBEAT","bufferSize":0}
2026-08-16 11:04:35,956 INFO  [it.uni.reti2.HeartbeatGenerator] (vert.x-eventloop-thread-0) 💓 [HEARTBEAT] Invio heartbeat: {"stazioneId":"PA","stato":"ONLINE","timestamp":"2026-08-16T09:04:35.955864548Z","tipoEvento":"HEARTBEAT","bufferSize":0}
2026-08-16 11:04:45,957 INFO  [it.uni.reti2.HeartbeatGenerator] (vert.x-eventloop-thread-0) 💓 [HEARTBEAT] Invio heartbeat: {"stazioneId":"PA","stato":"ONLINE","timestamp":"2026-08-16T09:04:45.957545938Z","tipoEvento":"HEARTBEAT","bufferSize":0}
2026-08-16 11:04:55,960 INFO  [it.uni.reti2.HeartbeatGenerator] (vert.x-eventloop-thread-0) 💓 [HEARTBEAT] Invio heartbeat: {"stazioneId":"PA","stato":"ONLINE","timestamp":"2026-08-16T09:04:55.960593212Z","tipoEvento":"HEARTBEAT","bufferSize":0}
2026-08-16 11:05:05,953 INFO  [it.uni.reti2.HeartbeatGenerator] (vert.x-eventloop-thread-0) 💓 [HEARTBEAT] Invio heartbeat: {"stazioneId":"PA","stato":"ONLINE","timestamp":"2026-08-16T09:05:05.953605926Z","tipoEvento":"HEARTBEAT","bufferSize":0}
2026-08-16 11:05:15,958 INFO  [it.uni.reti2.HeartbeatGenerator] (vert.x-eventloop-thread-0) 💓 [HEARTBEAT] Invio heartbeat: {"stazioneId":"PA","stato":"ONLINE","timestamp":"2026-08-16T09:05:15.958619410Z","tipoEvento":"HEARTBEAT","bufferSize":0}
2026-08-16 11:05:25,954 INFO  [it.uni.reti2.HeartbeatGenerator] (vert.x-eventloop-thread-0) 💓 [HEARTBEAT] Invio heartbeat: {"stazioneId":"PA","stato":"ONLINE","timestamp":"2026-08-16T09:05:25.954169059Z","tipoEvento":"HEARTBEAT","bufferSize":0}
2026-08-16 11:05:35,960 INFO  [it.uni.reti2.HeartbeatGenerator] (vert.x-eventloop-thread-0) 💓 [HEARTBEAT] Invio heartbeat: {"stazioneId":"PA","stato":"ONLINE","timestamp":"2026-08-16T09:05:35.960723941Z","tipoEvento":"HEARTBEAT","bufferSize":0}
2026-08-16 11:05:45,961 INFO  [it.uni.reti2.HeartbeatGenerator] (vert.x-eventloop-thread-0) 💓 [HEARTBEAT] Invio heartbeat: {"stazioneId":"PA","stato":"ONLINE","timestamp":"2026-08-16T09:05:45.961588649Z","tipoEvento":"HEARTBEAT","bufferSize":0}
2026-08-16 11:05:55,961 INFO  [it.uni.reti2.HeartbeatGenerator] (vert.x-eventloop-thread-0) 💓 [HEARTBEAT] Invio heartbeat: {"stazioneId":"PA","stato":"ONLINE","timestamp":"2026-08-16T09:05:55.961004494Z","tipoEvento":"HEARTBEAT","bufferSize":0}
2026-08-16 11:06:05,960 INFO  [it.uni.reti2.HeartbeatGenerator] (vert.x-eventloop-thread-0) 💓 [HEARTBEAT] Invio heartbeat: {"stazioneId":"PA","stato":"ONLINE","timestamp":"2026-08-16T09:06:05.960626100Z","tipoEvento":"HEARTBEAT","bufferSize":0}
2026-08-16 11:06:15,961 INFO  [it.uni.reti2.HeartbeatGenerator] (vert.x-eventloop-thread-0) 💓 [HEARTBEAT] Invio heartbeat: {"stazioneId":"PA","stato":"ONLINE","timestamp":"2026-08-16T09:06:15.961251115Z","tipoEvento":"HEARTBEAT","bufferSize":0}
2026-08-16 11:06:25,960 INFO  [it.uni.reti2.HeartbeatGenerator] (vert.x-eventloop-thread-0) 💓 [HEARTBEAT] Invio heartbeat: {"stazioneId":"PA","stato":"ONLINE","timestamp":"2026-08-16T09:06:25.960597724Z","tipoEvento":"HEARTBEAT","bufferSize":0}
2026-08-16 11:06:35,954 INFO  [it.uni.reti2.HeartbeatGenerator] (vert.x-eventloop-thread-0) 💓 [HEARTBEAT] Invio heartbeat: {"stazioneId":"PA","stato":"ONLINE","timestamp":"2026-08-16T09:06:35.954600263Z","tipoEvento":"HEARTBEAT","bufferSize":0}
2026-08-16 11:06:45,960 INFO  [it.uni.reti2.HeartbeatGenerator] (vert.x-eventloop-thread-0) 💓 [HEARTBEAT] Invio heartbeat: {"stazioneId":"PA","stato":"ONLINE","timestamp":"2026-08-16T09:06:45.960575235Z","tipoEvento":"HEARTBEAT","bufferSize":0}
2026-08-16 11:06:55,951 INFO  [it.uni.reti2.HeartbeatGenerator] (vert.x-eventloop-thread-0) 💓 [HEARTBEAT] Invio heartbeat: {"stazioneId":"PA","stato":"ONLINE","timestamp":"2026-08-16T09:06:55.951566041Z","tipoEvento":"HEARTBEAT","bufferSize":0}
2026-08-16 11:07:05,961 INFO  [it.uni.reti2.HeartbeatGenerator] (vert.x-eventloop-thread-0) 💓 [HEARTBEAT] Invio heartbeat: {"stazioneId":"PA","stato":"ONLINE","timestamp":"2026-08-16T09:07:05.960911252Z","tipoEvento":"HEARTBEAT","bufferSize":0}
2026-08-16 11:07:15,952 INFO  [it.uni.reti2.HeartbeatGenerator] (vert.x-eventloop-thread-0) 💓 [HEARTBEAT] Invio heartbeat: {"stazioneId":"PA","stato":"ONLINE","timestamp":"2026-08-16T09:07:15.951838930Z","tipoEvento":"HEARTBEAT","bufferSize":0}
2026-08-16 11:07:25,959 INFO  [it.uni.reti2.HeartbeatGenerator] (vert.x-eventloop-thread-0) 💓 [HEARTBEAT] Invio heartbeat: {"stazioneId":"PA","stato":"ONLINE","timestamp":"2026-08-16T09:07:25.959659929Z","tipoEvento":"HEARTBEAT","bufferSize":0}
2026-08-16 11:07:35,960 INFO  [it.uni.reti2.HeartbeatGenerator] (vert.x-eventloop-thread-0) 💓 [HEARTBEAT] Invio heartbeat: {"stazioneId":"PA","stato":"ONLINE","timestamp":"2026-08-16T09:07:35.960560902Z","tipoEvento":"HEARTBEAT","bufferSize":0}
2026-08-16 11:07:45,960 INFO  [it.uni.reti2.HeartbeatGenerator] (vert.x-eventloop-thread-0) 💓 [HEARTBEAT] Invio heartbeat: {"stazioneId":"PA","stato":"ONLINE","timestamp":"2026-08-16T09:07:45.960621275Z","tipoEvento":"HEARTBEAT","bufferSize":0}
2026-08-16 11:07:55,961 INFO  [it.uni.reti2.HeartbeatGenerator] (vert.x-eventloop-thread-0) 💓 [HEARTBEAT] Invio heartbeat: {"stazioneId":"PA","stato":"ONLINE","timestamp":"2026-08-16T09:07:55.960832216Z","tipoEvento":"HEARTBEAT","bufferSize":0}
2026-08-16 11:08:05,955 INFO  [it.uni.reti2.HeartbeatGenerator] (vert.x-eventloop-thread-0) 💓 [HEARTBEAT] Invio heartbeat: {"stazioneId":"PA","stato":"ONLINE","timestamp":"2026-08-16T09:08:05.955185315Z","tipoEvento":"HEARTBEAT","bufferSize":0}
2026-08-16 11:08:15,959 INFO  [it.uni.reti2.HeartbeatGenerator] (vert.x-eventloop-thread-0) 💓 [HEARTBEAT] Invio heartbeat: {"stazioneId":"PA","stato":"ONLINE","timestamp":"2026-08-16T09:08:15.959572141Z","tipoEvento":"HEARTBEAT","bufferSize":0}
2026-08-16 11:08:25,953 INFO  [it.uni.reti2.HeartbeatGenerator] (vert.x-eventloop-thread-0) 💓 [HEARTBEAT] Invio heartbeat: {"stazioneId":"PA","stato":"ONLINE","timestamp":"2026-08-16T09:08:25.953660897Z","tipoEvento":"HEARTBEAT","bufferSize":0}
2026-08-16 11:08:35,960 INFO  [it.uni.reti2.HeartbeatGenerator] (vert.x-eventloop-thread-0) 💓 [HEARTBEAT] Invio heartbeat: {"stazioneId":"PA","stato":"ONLINE","timestamp":"2026-08-16T09:08:35.960581466Z","tipoEvento":"HEARTBEAT","bufferSize":0}
2026-08-16 11:08:45,812 INFO  [it.uni.reti2.StationGateway] (vert.x-eventloop-thread-2) 🚂 [PASSAGGIO] Treno tenoAmmazzaRicchi in ENTRATA dalla stazione PA
2026-08-16 11:08:45,951 INFO  [it.uni.reti2.HeartbeatGenerator] (vert.x-eventloop-thread-0) 💓 [HEARTBEAT] Invio heartbeat: {"stazioneId":"PA","stato":"ONLINE","timestamp":"2026-08-16T09:08:45.951081155Z","tipoEvento":"HEARTBEAT","bufferSize":0}
2026-08-16 11:08:55,959 INFO  [it.uni.reti2.HeartbeatGenerator] (vert.x-eventloop-thread-0) 💓 [HEARTBEAT] Invio heartbeat: {"stazioneId":"PA","stato":"ONLINE","timestamp":"2026-08-16T09:08:55.959576919Z","tipoEvento":"HEARTBEAT","bufferSize":0}
2026-08-16 11:09:05,953 INFO  [it.uni.reti2.HeartbeatGenerator] (vert.x-eventloop-thread-0) 💓 [HEARTBEAT] Invio heartbeat: {"stazioneId":"PA","stato":"ONLINE","timestamp":"2026-08-16T09:09:05.952872830Z","tipoEvento":"HEARTBEAT","bufferSize":0}
2026-08-16 11:09:15,952 INFO  [it.uni.reti2.HeartbeatGenerator] (vert.x-eventloop-thread-0) 💓 [HEARTBEAT] Invio heartbeat: {"stazioneId":"PA","stato":"ONLINE","timestamp":"2026-08-16T09:09:15.951994609Z","tipoEvento":"HEARTBEAT","bufferSize":0}
2026-08-16 11:09:25,960 INFO  [it.uni.reti2.HeartbeatGenerator] (vert.x-eventloop-thread-0) 💓 [HEARTBEAT] Invio heartbeat: {"stazioneId":"PA","stato":"ONLINE","timestamp":"2026-08-16T09:09:25.960631350Z","tipoEvento":"HEARTBEAT","bufferSize":0}
2026-08-16 11:09:26,811 INFO  [it.uni.reti2.StationGateway] (vert.x-eventloop-thread-2) 🚂 [PASSAGGIO] Treno tenoAmmazzaRicchi in USCITA dalla stazione PA
2026-08-16 11:09:35,960 INFO  [it.uni.reti2.HeartbeatGenerator] (vert.x-eventloop-thread-0) 💓 [HEARTBEAT] Invio heartbeat: {"stazioneId":"PA","stato":"ONLINE","timestamp":"2026-08-16T09:09:35.960782686Z","tipoEvento":"HEARTBEAT","bufferSize":0}
2026-08-16 11:09:45,960 INFO  [it.uni.reti2.HeartbeatGenerator] (vert.x-eventloop-thread-0) 💓 [HEARTBEAT] Invio heartbeat: {"stazioneId":"PA","stato":"ONLINE","timestamp":"2026-08-16T09:09:45.960606707Z","tipoEvento":"HEARTBEAT","bufferSize":0}
2026-08-16 11:09:55,961 INFO  [it.uni.reti2.HeartbeatGenerator] (vert.x-eventloop-thread-0) 💓 [HEARTBEAT] Invio heartbeat: {"stazioneId":"PA","stato":"ONLINE","timestamp":"2026-08-16T09:09:55.960998409Z","tipoEvento":"HEARTBEAT","bufferSize":0}
2026-08-16 11:10:05,960 INFO  [it.uni.reti2.HeartbeatGenerator] (vert.x-eventloop-thread-0) 💓 [HEARTBEAT] Invio heartbeat: {"stazioneId":"PA","stato":"ONLINE","timestamp":"2026-08-16T09:10:05.960772886Z","tipoEvento":"HEARTBEAT","bufferSize":0}
2026-08-16 11:10:15,960 INFO  [it.uni.reti2.HeartbeatGenerator] (vert.x-eventloop-thread-0) 💓 [HEARTBEAT] Invio heartbeat: {"stazioneId":"PA","stato":"ONLINE","timestamp":"2026-08-16T09:10:15.960603192Z","tipoEvento":"HEARTBEAT","bufferSize":0}
2026-08-16 11:10:25,960 INFO  [it.uni.reti2.HeartbeatGenerator] (vert.x-eventloop-thread-0) 💓 [HEARTBEAT] Invio heartbeat: {"stazioneId":"PA","stato":"ONLINE","timestamp":"2026-08-16T09:10:25.960815839Z","tipoEvento":"HEARTBEAT","bufferSize":0}
2026-08-16 11:10:35,952 INFO  [it.uni.reti2.HeartbeatGenerator] (vert.x-eventloop-thread-0) 💓 [HEARTBEAT] Invio heartbeat: {"stazioneId":"PA","stato":"ONLINE","timestamp":"2026-08-16T09:10:35.952515676Z","tipoEvento":"HEARTBEAT","bufferSize":0}
2026-08-16 11:10:45,960 INFO  [it.uni.reti2.HeartbeatGenerator] (vert.x-eventloop-thread-0) 💓 [HEARTBEAT] Invio heartbeat: {"stazioneId":"PA","stato":"ONLINE","timestamp":"2026-08-16T09:10:45.959945088Z","tipoEvento":"HEARTBEAT","bufferSize":0}
2026-08-16 11:10:55,951 INFO  [it.uni.reti2.HeartbeatGenerator] (vert.x-eventloop-thread-0) 💓 [HEARTBEAT] Invio heartbeat: {"stazioneId":"PA","stato":"ONLINE","timestamp":"2026-08-16T09:10:55.951330474Z","tipoEvento":"HEARTBEAT","bufferSize":0}
2026-08-16 11:11:05,958 INFO  [it.uni.reti2.HeartbeatGenerator] (vert.x-eventloop-thread-0) 💓 [HEARTBEAT] Invio heartbeat: {"stazioneId":"PA","stato":"ONLINE","timestamp":"2026-08-16T09:11:05.958613304Z","tipoEvento":"HEARTBEAT","bufferSize":0}
2026-08-16 11:11:15,960 INFO  [it.uni.reti2.HeartbeatGenerator] (vert.x-eventloop-thread-0) 💓 [HEARTBEAT] Invio heartbeat: {"stazioneId":"PA","stato":"ONLINE","timestamp":"2026-08-16T09:11:15.960575255Z","tipoEvento":"HEARTBEAT","bufferSize":0}
2026-08-16 11:11:25,953 INFO  [it.uni.reti2.HeartbeatGenerator] (vert.x-eventloop-thread-0) 💓 [HEARTBEAT] Invio heartbeat: {"stazioneId":"PA","stato":"ONLINE","timestamp":"2026-08-16T09:11:25.953102898Z","tipoEvento":"HEARTBEAT","bufferSize":0}
2026-08-16 11:11:35,959 INFO  [it.uni.reti2.HeartbeatGenerator] (vert.x-eventloop-thread-0) 💓 [HEARTBEAT] Invio heartbeat: {"stazioneId":"PA","stato":"ONLINE","timestamp":"2026-08-16T09:11:35.959764028Z","tipoEvento":"HEARTBEAT","bufferSize":0}
2026-08-16 11:11:45,960 INFO  [it.uni.reti2.HeartbeatGenerator] (vert.x-eventloop-thread-0) 💓 [HEARTBEAT] Invio heartbeat: {"stazioneId":"PA","stato":"ONLINE","timestamp":"2026-08-16T09:11:45.959978423Z","tipoEvento":"HEARTBEAT","bufferSize":0}
2026-08-16 11:11:55,959 INFO  [it.uni.reti2.HeartbeatGenerator] (vert.x-eventloop-thread-0) 💓 [HEARTBEAT] Invio heartbeat: {"stazioneId":"PA","stato":"ONLINE","timestamp":"2026-08-16T09:11:55.959526202Z","tipoEvento":"HEARTBEAT","bufferSize":0}
2026-08-16 11:12:05,960 INFO  [it.uni.reti2.HeartbeatGenerator] (vert.x-eventloop-thread-0) 💓 [HEARTBEAT] Invio heartbeat: {"stazioneId":"PA","stato":"ONLINE","timestamp":"2026-08-16T09:12:05.960777124Z","tipoEvento":"HEARTBEAT","bufferSize":0}
2026-08-16 11:12:15,960 INFO  [it.uni.reti2.HeartbeatGenerator] (vert.x-eventloop-thread-0) 💓 [HEARTBEAT] Invio heartbeat: {"stazioneId":"PA","stato":"ONLINE","timestamp":"2026-08-16T09:12:15.960198179Z","tipoEvento":"HEARTBEAT","bufferSize":0}
2026-08-16 11:12:25,959 INFO  [it.uni.reti2.HeartbeatGenerator] (vert.x-eventloop-thread-0) 💓 [HEARTBEAT] Invio heartbeat: {"stazioneId":"PA","stato":"ONLINE","timestamp":"2026-08-16T09:12:25.959730776Z","tipoEvento":"HEARTBEAT","bufferSize":0}
2026-08-16 11:12:35,960 INFO  [it.uni.reti2.HeartbeatGenerator] (vert.x-eventloop-thread-0) 💓 [HEARTBEAT] Invio heartbeat: {"stazioneId":"PA","stato":"ONLINE","timestamp":"2026-08-16T09:12:35.960189941Z","tipoEvento":"HEARTBEAT","bufferSize":0}
2026-08-16 11:12:45,961 INFO  [it.uni.reti2.HeartbeatGenerator] (vert.x-eventloop-thread-0) 💓 [HEARTBEAT] Invio heartbeat: {"stazioneId":"PA","stato":"ONLINE","timestamp":"2026-08-16T09:12:45.961296965Z","tipoEvento":"HEARTBEAT","bufferSize":0}
2026-08-16 11:12:55,957 INFO  [it.uni.reti2.HeartbeatGenerator] (vert.x-eventloop-thread-0) 💓 [HEARTBEAT] Invio heartbeat: {"stazioneId":"PA","stato":"ONLINE","timestamp":"2026-08-16T09:12:55.957004981Z","tipoEvento":"HEARTBEAT","bufferSize":0}
2026-08-16 11:13:05,960 INFO  [it.uni.reti2.HeartbeatGenerator] (vert.x-eventloop-thread-0) 💓 [HEARTBEAT] Invio heartbeat: {"stazioneId":"PA","stato":"ONLINE","timestamp":"2026-08-16T09:13:05.960797814Z","tipoEvento":"HEARTBEAT","bufferSize":0}
2026-08-16 11:13:15,955 INFO  [it.uni.reti2.HeartbeatGenerator] (vert.x-eventloop-thread-0) 💓 [HEARTBEAT] Invio heartbeat: {"stazioneId":"PA","stato":"ONLINE","timestamp":"2026-08-16T09:13:15.955823588Z","tipoEvento":"HEARTBEAT","bufferSize":0}
2026-08-16 11:13:25,955 INFO  [it.uni.reti2.HeartbeatGenerator] (vert.x-eventloop-thread-0) 💓 [HEARTBEAT] Invio heartbeat: {"stazioneId":"PA","stato":"ONLINE","timestamp":"2026-08-16T09:13:25.955787246Z","tipoEvento":"HEARTBEAT","bufferSize":0}
2026-08-16 11:13:35,957 INFO  [it.uni.reti2.HeartbeatGenerator] (vert.x-eventloop-thread-0) 💓 [HEARTBEAT] Invio heartbeat: {"stazioneId":"PA","stato":"ONLINE","timestamp":"2026-08-16T09:13:35.957631960Z","tipoEvento":"HEARTBEAT","bufferSize":0}
2026-08-16 11:13:45,956 INFO  [it.uni.reti2.HeartbeatGenerator] (vert.x-eventloop-thread-0) 💓 [HEARTBEAT] Invio heartbeat: {"stazioneId":"PA","stato":"ONLINE","timestamp":"2026-08-16T09:13:45.956761465Z","tipoEvento":"HEARTBEAT","bufferSize":0}
2026-08-16 11:13:55,960 INFO  [it.uni.reti2.HeartbeatGenerator] (vert.x-eventloop-thread-0) 💓 [HEARTBEAT] Invio heartbeat: {"stazioneId":"PA","stato":"ONLINE","timestamp":"2026-08-16T09:13:55.960588598Z","tipoEvento":"HEARTBEAT","bufferSize":0}
2026-08-16 11:14:05,960 INFO  [it.uni.reti2.HeartbeatGenerator] (vert.x-eventloop-thread-0) 💓 [HEARTBEAT] Invio heartbeat: {"stazioneId":"PA","stato":"ONLINE","timestamp":"2026-08-16T09:14:05.960520521Z","tipoEvento":"HEARTBEAT","bufferSize":0}
2026-08-16 11:14:15,960 INFO  [it.uni.reti2.HeartbeatGenerator] (vert.x-eventloop-thread-0) 💓 [HEARTBEAT] Invio heartbeat: {"stazioneId":"PA","stato":"ONLINE","timestamp":"2026-08-16T09:14:15.960587453Z","tipoEvento":"HEARTBEAT","bufferSize":0}
2026-08-16 11:14:25,957 INFO  [it.uni.reti2.HeartbeatGenerator] (vert.x-eventloop-thread-0) 💓 [HEARTBEAT] Invio heartbeat: {"stazioneId":"PA","stato":"ONLINE","timestamp":"2026-08-16T09:14:25.957658155Z","tipoEvento":"HEARTBEAT","bufferSize":0}
2026-08-16 11:14:35,959 INFO  [it.uni.reti2.HeartbeatGenerator] (vert.x-eventloop-thread-0) 💓 [HEARTBEAT] Invio heartbeat: {"stazioneId":"PA","stato":"ONLINE","timestamp":"2026-08-16T09:14:35.959592422Z","tipoEvento":"HEARTBEAT","bufferSize":0}
2026-08-16 11:14:45,954 INFO  [it.uni.reti2.HeartbeatGenerator] (vert.x-eventloop-thread-0) 💓 [HEARTBEAT] Invio heartbeat: {"stazioneId":"PA","stato":"ONLINE","timestamp":"2026-08-16T09:14:45.954530987Z","tipoEvento":"HEARTBEAT","bufferSize":0}
2026-08-16 11:14:55,960 INFO  [it.uni.reti2.HeartbeatGenerator] (vert.x-eventloop-thread-0) 💓 [HEARTBEAT] Invio heartbeat: {"stazioneId":"PA","stato":"ONLINE","timestamp":"2026-08-16T09:14:55.960514890Z","tipoEvento":"HEARTBEAT","bufferSize":0}
2026-08-16 11:15:05,954 INFO  [it.uni.reti2.HeartbeatGenerator] (vert.x-eventloop-thread-0) 💓 [HEARTBEAT] Invio heartbeat: {"stazioneId":"PA","stato":"ONLINE","timestamp":"2026-08-16T09:15:05.954533766Z","tipoEvento":"HEARTBEAT","bufferSize":0}
2026-08-16 11:15:15,958 INFO  [it.uni.reti2.HeartbeatGenerator] (vert.x-eventloop-thread-0) 💓 [HEARTBEAT] Invio heartbeat: {"stazioneId":"PA","stato":"ONLINE","timestamp":"2026-08-16T09:15:15.958493290Z","tipoEvento":"HEARTBEAT","bufferSize":0}
2026-08-16 11:15:25,955 INFO  [it.uni.reti2.HeartbeatGenerator] (vert.x-eventloop-thread-0) 💓 [HEARTBEAT] Invio heartbeat: {"stazioneId":"PA","stato":"ONLINE","timestamp":"2026-08-16T09:15:25.955720427Z","tipoEvento":"HEARTBEAT","bufferSize":0}
2026-08-16 11:15:35,961 INFO  [it.uni.reti2.HeartbeatGenerator] (vert.x-eventloop-thread-0) 💓 [HEARTBEAT] Invio heartbeat: {"stazioneId":"PA","stato":"ONLINE","timestamp":"2026-08-16T09:15:35.960922786Z","tipoEvento":"HEARTBEAT","bufferSize":0}
2026-08-16 11:15:45,960 INFO  [it.uni.reti2.HeartbeatGenerator] (vert.x-eventloop-thread-0) 💓 [HEARTBEAT] Invio heartbeat: {"stazioneId":"PA","stato":"ONLINE","timestamp":"2026-08-16T09:15:45.960882873Z","tipoEvento":"HEARTBEAT","bufferSize":0}
2026-08-16 11:15:55,960 INFO  [it.uni.reti2.HeartbeatGenerator] (vert.x-eventloop-thread-0) 💓 [HEARTBEAT] Invio heartbeat: {"stazioneId":"PA","stato":"ONLINE","timestamp":"2026-08-16T09:15:55.960599978Z","tipoEvento":"HEARTBEAT","bufferSize":0}
2026-08-16 11:16:05,960 INFO  [it.uni.reti2.HeartbeatGenerator] (vert.x-eventloop-thread-0) 💓 [HEARTBEAT] Invio heartbeat: {"stazioneId":"PA","stato":"ONLINE","timestamp":"2026-08-16T09:16:05.960605146Z","tipoEvento":"HEARTBEAT","bufferSize":0}
2026-08-16 11:16:10,844 INFO  [it.uni.reti2.StationGateway] (vert.x-eventloop-thread-2) 🚂 [PASSAGGIO] Treno Mario in ENTRATA dalla stazione PA
2026-08-16 11:16:15,956 INFO  [it.uni.reti2.HeartbeatGenerator] (vert.x-eventloop-thread-0) 💓 [HEARTBEAT] Invio heartbeat: {"stazioneId":"PA","stato":"ONLINE","timestamp":"2026-08-16T09:16:15.955984267Z","tipoEvento":"HEARTBEAT","bufferSize":0}
2026-08-16 11:16:25,951 INFO  [it.uni.reti2.HeartbeatGenerator] (vert.x-eventloop-thread-0) 💓 [HEARTBEAT] Invio heartbeat: {"stazioneId":"PA","stato":"ONLINE","timestamp":"2026-08-16T09:16:25.951574313Z","tipoEvento":"HEARTBEAT","bufferSize":0}
2026-08-16 11:16:35,953 INFO  [it.uni.reti2.HeartbeatGenerator] (vert.x-eventloop-thread-0) 💓 [HEARTBEAT] Invio heartbeat: {"stazioneId":"PA","stato":"ONLINE","timestamp":"2026-08-16T09:16:35.953569369Z","tipoEvento":"HEARTBEAT","bufferSize":0}
2026-08-16 11:16:45,960 INFO  [it.uni.reti2.HeartbeatGenerator] (vert.x-eventloop-thread-0) 💓 [HEARTBEAT] Invio heartbeat: {"stazioneId":"PA","stato":"ONLINE","timestamp":"2026-08-16T09:16:45.959888213Z","tipoEvento":"HEARTBEAT","bufferSize":0}
2026-08-16 11:16:51,826 INFO  [it.uni.reti2.StationGateway] (vert.x-eventloop-thread-2) 🚂 [PASSAGGIO] Treno Mario in USCITA dalla stazione PA
2026-08-16 11:16:55,956 INFO  [it.uni.reti2.HeartbeatGenerator] (vert.x-eventloop-thread-0) 💓 [HEARTBEAT] Invio heartbeat: {"stazioneId":"PA","stato":"ONLINE","timestamp":"2026-08-16T09:16:55.955963965Z","tipoEvento":"HEARTBEAT","bufferSize":0}
2026-08-16 11:17:05,959 INFO  [it.uni.reti2.HeartbeatGenerator] (vert.x-eventloop-thread-0) 💓 [HEARTBEAT] Invio heartbeat: {"stazioneId":"PA","stato":"ONLINE","timestamp":"2026-08-16T09:17:05.959537580Z","tipoEvento":"HEARTBEAT","bufferSize":0}
2026-08-16 11:17:15,952 INFO  [it.uni.reti2.HeartbeatGenerator] (vert.x-eventloop-thread-0) 💓 [HEARTBEAT] Invio heartbeat: {"stazioneId":"PA","stato":"ONLINE","timestamp":"2026-08-16T09:17:15.952564089Z","tipoEvento":"HEARTBEAT","bufferSize":0}
2026-08-16 11:17:25,955 INFO  [it.uni.reti2.HeartbeatGenerator] (vert.x-eventloop-thread-0) 💓 [HEARTBEAT] Invio heartbeat: {"stazioneId":"PA","stato":"ONLINE","timestamp":"2026-08-16T09:17:25.954922452Z","tipoEvento":"HEARTBEAT","bufferSize":0}
2026-08-16 11:17:35,961 INFO  [it.uni.reti2.HeartbeatGenerator] (vert.x-eventloop-thread-0) 💓 [HEARTBEAT] Invio heartbeat: {"stazioneId":"PA","stato":"ONLINE","timestamp":"2026-08-16T09:17:35.960990235Z","tipoEvento":"HEARTBEAT","bufferSize":0}
2026-08-16 11:17:45,961 INFO  [it.uni.reti2.HeartbeatGenerator] (vert.x-eventloop-thread-0) 💓 [HEARTBEAT] Invio heartbeat: {"stazioneId":"PA","stato":"ONLINE","timestamp":"2026-08-16T09:17:45.961151087Z","tipoEvento":"HEARTBEAT","bufferSize":0}
2026-08-16 11:17:55,959 INFO  [it.uni.reti2.HeartbeatGenerator] (vert.x-eventloop-thread-0) 💓 [HEARTBEAT] Invio heartbeat: {"stazioneId":"PA","stato":"ONLINE","timestamp":"2026-08-16T09:17:55.958895835Z","tipoEvento":"HEARTBEAT","bufferSize":0}
2026-08-16 11:18:05,960 INFO  [it.uni.reti2.HeartbeatGenerator] (vert.x-eventloop-thread-0) 💓 [HEARTBEAT] Invio heartbeat: {"stazioneId":"PA","stato":"ONLINE","timestamp":"2026-08-16T09:18:05.960571759Z","tipoEvento":"HEARTBEAT","bufferSize":0}
2026-08-16 11:18:15,959 INFO  [it.uni.reti2.HeartbeatGenerator] (vert.x-eventloop-thread-0) 💓 [HEARTBEAT] Invio heartbeat: {"stazioneId":"PA","stato":"ONLINE","timestamp":"2026-08-16T09:18:15.959881456Z","tipoEvento":"HEARTBEAT","bufferSize":0}
2026-08-16 11:18:25,954 INFO  [it.uni.reti2.HeartbeatGenerator] (vert.x-eventloop-thread-0) 💓 [HEARTBEAT] Invio heartbeat: {"stazioneId":"PA","stato":"ONLINE","timestamp":"2026-08-16T09:18:25.954484189Z","tipoEvento":"HEARTBEAT","bufferSize":0}
2026-08-16 11:18:35,959 INFO  [it.uni.reti2.HeartbeatGenerator] (vert.x-eventloop-thread-0) 💓 [HEARTBEAT] Invio heartbeat: {"stazioneId":"PA","stato":"ONLINE","timestamp":"2026-08-16T09:18:35.958940135Z","tipoEvento":"HEARTBEAT","bufferSize":0}
2026-08-16 11:18:45,952 INFO  [it.uni.reti2.HeartbeatGenerator] (vert.x-eventloop-thread-0) 💓 [HEARTBEAT] Invio heartbeat: {"stazioneId":"PA","stato":"ONLINE","timestamp":"2026-08-16T09:18:45.952619505Z","tipoEvento":"HEARTBEAT","bufferSize":0}
2026-08-16 11:18:55,959 INFO  [it.uni.reti2.HeartbeatGenerator] (vert.x-eventloop-thread-0) 💓 [HEARTBEAT] Invio heartbeat: {"stazioneId":"PA","stato":"ONLINE","timestamp":"2026-08-16T09:18:55.958953374Z","tipoEvento":"HEARTBEAT","bufferSize":0}
2026-08-16 11:19:05,952 INFO  [it.uni.reti2.HeartbeatGenerator] (vert.x-eventloop-thread-0) 💓 [HEARTBEAT] Invio heartbeat: {"stazioneId":"PA","stato":"ONLINE","timestamp":"2026-08-16T09:19:05.952029504Z","tipoEvento":"HEARTBEAT","bufferSize":0}
2026-08-16 11:19:15,951 INFO  [it.uni.reti2.HeartbeatGenerator] (vert.x-eventloop-thread-0) 💓 [HEARTBEAT] Invio heartbeat: {"stazioneId":"PA","stato":"ONLINE","timestamp":"2026-08-16T09:19:15.951310190Z","tipoEvento":"HEARTBEAT","bufferSize":0}
2026-08-16 11:19:25,957 INFO  [it.uni.reti2.HeartbeatGenerator] (vert.x-eventloop-thread-0) 💓 [HEARTBEAT] Invio heartbeat: {"stazioneId":"PA","stato":"ONLINE","timestamp":"2026-08-16T09:19:25.957454991Z","tipoEvento":"HEARTBEAT","bufferSize":0}
2026-08-16 11:19:35,959 INFO  [it.uni.reti2.HeartbeatGenerator] (vert.x-eventloop-thread-0) 💓 [HEARTBEAT] Invio heartbeat: {"stazioneId":"PA","stato":"ONLINE","timestamp":"2026-08-16T09:19:35.959652466Z","tipoEvento":"HEARTBEAT","bufferSize":0}
2026-08-16 11:19:45,960 INFO  [it.uni.reti2.HeartbeatGenerator] (vert.x-eventloop-thread-0) 💓 [HEARTBEAT] Invio heartbeat: {"stazioneId":"PA","stato":"ONLINE","timestamp":"2026-08-16T09:19:45.960598517Z","tipoEvento":"HEARTBEAT","bufferSize":0}
2026-08-16 11:19:55,960 INFO  [it.uni.reti2.HeartbeatGenerator] (vert.x-eventloop-thread-0) 💓 [HEARTBEAT] Invio heartbeat: {"stazioneId":"PA","stato":"ONLINE","timestamp":"2026-08-16T09:19:55.960048886Z","tipoEvento":"HEARTBEAT","bufferSize":0}
2026-08-16 11:20:05,960 INFO  [it.uni.reti2.HeartbeatGenerator] (vert.x-eventloop-thread-0) 💓 [HEARTBEAT] Invio heartbeat: {"stazioneId":"PA","stato":"ONLINE","timestamp":"2026-08-16T09:20:05.960564599Z","tipoEvento":"HEARTBEAT","bufferSize":0}
2026-08-16 11:20:15,952 INFO  [it.uni.reti2.HeartbeatGenerator] (vert.x-eventloop-thread-0) 💓 [HEARTBEAT] Invio heartbeat: {"stazioneId":"PA","stato":"ONLINE","timestamp":"2026-08-16T09:20:15.952605634Z","tipoEvento":"HEARTBEAT","bufferSize":0}
2026-08-16 11:20:25,959 INFO  [it.uni.reti2.HeartbeatGenerator] (vert.x-eventloop-thread-0) 💓 [HEARTBEAT] Invio heartbeat: {"stazioneId":"PA","stato":"ONLINE","timestamp":"2026-08-16T09:20:25.959637258Z","tipoEvento":"HEARTBEAT","bufferSize":0}
2026-08-16 11:20:35,951 INFO  [it.uni.reti2.HeartbeatGenerator] (vert.x-eventloop-thread-0) 💓 [HEARTBEAT] Invio heartbeat: {"stazioneId":"PA","stato":"ONLINE","timestamp":"2026-08-16T09:20:35.951201105Z","tipoEvento":"HEARTBEAT","bufferSize":0}
2026-08-16 11:20:45,960 INFO  [it.uni.reti2.HeartbeatGenerator] (vert.x-eventloop-thread-0) 💓 [HEARTBEAT] Invio heartbeat: {"stazioneId":"PA","stato":"ONLINE","timestamp":"2026-08-16T09:20:45.960637743Z","tipoEvento":"HEARTBEAT","bufferSize":0}
2026-08-16 11:20:55,959 INFO  [it.uni.reti2.HeartbeatGenerator] (vert.x-eventloop-thread-0) 💓 [HEARTBEAT] Invio heartbeat: {"stazioneId":"PA","stato":"ONLINE","timestamp":"2026-08-16T09:20:55.959569873Z","tipoEvento":"HEARTBEAT","bufferSize":0}
2026-08-16 11:21:05,960 INFO  [it.uni.reti2.HeartbeatGenerator] (vert.x-eventloop-thread-0) 💓 [HEARTBEAT] Invio heartbeat: {"stazioneId":"PA","stato":"ONLINE","timestamp":"2026-08-16T09:21:05.960283884Z","tipoEvento":"HEARTBEAT","bufferSize":0}
2026-08-16 11:21:15,960 INFO  [it.uni.reti2.HeartbeatGenerator] (vert.x-eventloop-thread-0) 💓 [HEARTBEAT] Invio heartbeat: {"stazioneId":"PA","stato":"ONLINE","timestamp":"2026-08-16T09:21:15.960606619Z","tipoEvento":"HEARTBEAT","bufferSize":0}
2026-08-16 11:21:25,960 INFO  [it.uni.reti2.HeartbeatGenerator] (vert.x-eventloop-thread-0) 💓 [HEARTBEAT] Invio heartbeat: {"stazioneId":"PA","stato":"ONLINE","timestamp":"2026-08-16T09:21:25.960622735Z","tipoEvento":"HEARTBEAT","bufferSize":0}
2026-08-16 11:21:35,960 INFO  [it.uni.reti2.HeartbeatGenerator] (vert.x-eventloop-thread-0) 💓 [HEARTBEAT] Invio heartbeat: {"stazioneId":"PA","stato":"ONLINE","timestamp":"2026-08-16T09:21:35.959936493Z","tipoEvento":"HEARTBEAT","bufferSize":0}
2026-08-16 11:21:45,961 INFO  [it.uni.reti2.HeartbeatGenerator] (vert.x-eventloop-thread-0) 💓 [HEARTBEAT] Invio heartbeat: {"stazioneId":"PA","stato":"ONLINE","timestamp":"2026-08-16T09:21:45.961003953Z","tipoEvento":"HEARTBEAT","bufferSize":0}
2026-08-16 11:21:55,960 INFO  [it.uni.reti2.HeartbeatGenerator] (vert.x-eventloop-thread-0) 💓 [HEARTBEAT] Invio heartbeat: {"stazioneId":"PA","stato":"ONLINE","timestamp":"2026-08-16T09:21:55.960525973Z","tipoEvento":"HEARTBEAT","bufferSize":0}
2026-08-16 11:22:05,952 INFO  [it.uni.reti2.HeartbeatGenerator] (vert.x-eventloop-thread-0) 💓 [HEARTBEAT] Invio heartbeat: {"stazioneId":"PA","stato":"ONLINE","timestamp":"2026-08-16T09:22:05.951876934Z","tipoEvento":"HEARTBEAT","bufferSize":0}
2026-08-16 11:22:15,960 INFO  [it.uni.reti2.HeartbeatGenerator] (vert.x-eventloop-thread-0) 💓 [HEARTBEAT] Invio heartbeat: {"stazioneId":"PA","stato":"ONLINE","timestamp":"2026-08-16T09:22:15.960300360Z","tipoEvento":"HEARTBEAT","bufferSize":0}
2026-08-16 11:22:25,950 INFO  [it.uni.reti2.HeartbeatGenerator] (vert.x-eventloop-thread-0) 💓 [HEARTBEAT] Invio heartbeat: {"stazioneId":"PA","stato":"ONLINE","timestamp":"2026-08-16T09:22:25.950831320Z","tipoEvento":"HEARTBEAT","bufferSize":0}
2026-08-16 11:22:35,959 INFO  [it.uni.reti2.HeartbeatGenerator] (vert.x-eventloop-thread-0) 💓 [HEARTBEAT] Invio heartbeat: {"stazioneId":"PA","stato":"ONLINE","timestamp":"2026-08-16T09:22:35.959115551Z","tipoEvento":"HEARTBEAT","bufferSize":0}
2026-08-16 11:22:45,960 INFO  [it.uni.reti2.HeartbeatGenerator] (vert.x-eventloop-thread-0) 💓 [HEARTBEAT] Invio heartbeat: {"stazioneId":"PA","stato":"ONLINE","timestamp":"2026-08-16T09:22:45.960519358Z","tipoEvento":"HEARTBEAT","bufferSize":0}
2026-08-16 11:22:55,957 INFO  [it.uni.reti2.HeartbeatGenerator] (vert.x-eventloop-thread-0) 💓 [HEARTBEAT] Invio heartbeat: {"stazioneId":"PA","stato":"ONLINE","timestamp":"2026-08-16T09:22:55.957567848Z","tipoEvento":"HEARTBEAT","bufferSize":0}
2026-08-16 11:23:05,960 INFO  [it.uni.reti2.HeartbeatGenerator] (vert.x-eventloop-thread-0) 💓 [HEARTBEAT] Invio heartbeat: {"stazioneId":"PA","stato":"ONLINE","timestamp":"2026-08-16T09:23:05.960585454Z","tipoEvento":"HEARTBEAT","bufferSize":0}
2026-08-16 11:23:15,960 INFO  [it.uni.reti2.HeartbeatGenerator] (vert.x-eventloop-thread-0) 💓 [HEARTBEAT] Invio heartbeat: {"stazioneId":"PA","stato":"ONLINE","timestamp":"2026-08-16T09:23:15.960584823Z","tipoEvento":"HEARTBEAT","bufferSize":0}
2026-08-16 11:23:25,960 INFO  [it.uni.reti2.HeartbeatGenerator] (vert.x-eventloop-thread-0) 💓 [HEARTBEAT] Invio heartbeat: {"stazioneId":"PA","stato":"ONLINE","timestamp":"2026-08-16T09:23:25.960546574Z","tipoEvento":"HEARTBEAT","bufferSize":0}
2026-08-16 11:23:35,958 INFO  [it.uni.reti2.HeartbeatGenerator] (vert.x-eventloop-thread-0) 💓 [HEARTBEAT] Invio heartbeat: {"stazioneId":"PA","stato":"ONLINE","timestamp":"2026-08-16T09:23:35.958598974Z","tipoEvento":"HEARTBEAT","bufferSize":0}
2026-08-16 11:23:45,953 INFO  [it.uni.reti2.HeartbeatGenerator] (vert.x-eventloop-thread-0) 💓 [HEARTBEAT] Invio heartbeat: {"stazioneId":"PA","stato":"ONLINE","timestamp":"2026-08-16T09:23:45.953599533Z","tipoEvento":"HEARTBEAT","bufferSize":0}
2026-08-16 11:23:55,960 INFO  [it.uni.reti2.HeartbeatGenerator] (vert.x-eventloop-thread-0) 💓 [HEARTBEAT] Invio heartbeat: {"stazioneId":"PA","stato":"ONLINE","timestamp":"2026-08-16T09:23:55.960651617Z","tipoEvento":"HEARTBEAT","bufferSize":0}
2026-08-16 11:24:05,960 INFO  [it.uni.reti2.HeartbeatGenerator] (vert.x-eventloop-thread-0) 💓 [HEARTBEAT] Invio heartbeat: {"stazioneId":"PA","stato":"ONLINE","timestamp":"2026-08-16T09:24:05.959815664Z","tipoEvento":"HEARTBEAT","bufferSize":0}
2026-08-16 11:24:15,960 INFO  [it.uni.reti2.HeartbeatGenerator] (vert.x-eventloop-thread-0) 💓 [HEARTBEAT] Invio heartbeat: {"stazioneId":"PA","stato":"ONLINE","timestamp":"2026-08-16T09:24:15.960549464Z","tipoEvento":"HEARTBEAT","bufferSize":0}
2026-08-16 11:24:19,812 INFO  [it.uni.reti2.StationGateway] (vert.x-eventloop-thread-2) 🚂 [PASSAGGIO] Treno tenoAmmazzaRicchi in ENTRATA dalla stazione PA
2026-08-16 11:24:25,956 INFO  [it.uni.reti2.HeartbeatGenerator] (vert.x-eventloop-thread-0) 💓 [HEARTBEAT] Invio heartbeat: {"stazioneId":"PA","stato":"ONLINE","timestamp":"2026-08-16T09:24:25.956582540Z","tipoEvento":"HEARTBEAT","bufferSize":0}
2026-08-16 11:24:35,960 INFO  [it.uni.reti2.HeartbeatGenerator] (vert.x-eventloop-thread-0) 💓 [HEARTBEAT] Invio heartbeat: {"stazioneId":"PA","stato":"ONLINE","timestamp":"2026-08-16T09:24:35.960550022Z","tipoEvento":"HEARTBEAT","bufferSize":0}
2026-08-16 11:24:45,959 INFO  [it.uni.reti2.HeartbeatGenerator] (vert.x-eventloop-thread-0) 💓 [HEARTBEAT] Invio heartbeat: {"stazioneId":"PA","stato":"ONLINE","timestamp":"2026-08-16T09:24:45.959662070Z","tipoEvento":"HEARTBEAT","bufferSize":0}
2026-08-16 11:24:55,959 INFO  [it.uni.reti2.HeartbeatGenerator] (vert.x-eventloop-thread-0) 💓 [HEARTBEAT] Invio heartbeat: {"stazioneId":"PA","stato":"ONLINE","timestamp":"2026-08-16T09:24:55.959602932Z","tipoEvento":"HEARTBEAT","bufferSize":0}
2026-08-16 11:25:00,811 INFO  [it.uni.reti2.StationGateway] (vert.x-eventloop-thread-2) 🚂 [PASSAGGIO] Treno tenoAmmazzaRicchi in USCITA dalla stazione PA
2026-08-16 11:25:05,955 INFO  [it.uni.reti2.HeartbeatGenerator] (vert.x-eventloop-thread-0) 💓 [HEARTBEAT] Invio heartbeat: {"stazioneId":"PA","stato":"ONLINE","timestamp":"2026-08-16T09:25:05.955578878Z","tipoEvento":"HEARTBEAT","bufferSize":0}
2026-08-16 11:25:15,960 INFO  [it.uni.reti2.HeartbeatGenerator] (vert.x-eventloop-thread-0) 💓 [HEARTBEAT] Invio heartbeat: {"stazioneId":"PA","stato":"ONLINE","timestamp":"2026-08-16T09:25:15.960586515Z","tipoEvento":"HEARTBEAT","bufferSize":0}
2026-08-16 11:25:25,960 INFO  [it.uni.reti2.HeartbeatGenerator] (vert.x-eventloop-thread-0) 💓 [HEARTBEAT] Invio heartbeat: {"stazioneId":"PA","stato":"ONLINE","timestamp":"2026-08-16T09:25:25.960834235Z","tipoEvento":"HEARTBEAT","bufferSize":0}
2026-08-16 11:25:35,960 INFO  [it.uni.reti2.HeartbeatGenerator] (vert.x-eventloop-thread-0) 💓 [HEARTBEAT] Invio heartbeat: {"stazioneId":"PA","stato":"ONLINE","timestamp":"2026-08-16T09:25:35.960525161Z","tipoEvento":"HEARTBEAT","bufferSize":0}
2026-08-16 11:25:45,961 INFO  [it.uni.reti2.HeartbeatGenerator] (vert.x-eventloop-thread-0) 💓 [HEARTBEAT] Invio heartbeat: {"stazioneId":"PA","stato":"ONLINE","timestamp":"2026-08-16T09:25:45.961098221Z","tipoEvento":"HEARTBEAT","bufferSize":0}
2026-08-16 11:25:55,961 INFO  [it.uni.reti2.HeartbeatGenerator] (vert.x-eventloop-thread-0) 💓 [HEARTBEAT] Invio heartbeat: {"stazioneId":"PA","stato":"ONLINE","timestamp":"2026-08-16T09:25:55.961054355Z","tipoEvento":"HEARTBEAT","bufferSize":0}
2026-08-16 11:26:05,960 INFO  [it.uni.reti2.HeartbeatGenerator] (vert.x-eventloop-thread-0) 💓 [HEARTBEAT] Invio heartbeat: {"stazioneId":"PA","stato":"ONLINE","timestamp":"2026-08-16T09:26:05.960544967Z","tipoEvento":"HEARTBEAT","bufferSize":0}
2026-08-16 11:26:15,958 INFO  [it.uni.reti2.HeartbeatGenerator] (vert.x-eventloop-thread-0) 💓 [HEARTBEAT] Invio heartbeat: {"stazioneId":"PA","stato":"ONLINE","timestamp":"2026-08-16T09:26:15.958544560Z","tipoEvento":"HEARTBEAT","bufferSize":0}
2026-08-16 11:26:25,960 INFO  [it.uni.reti2.HeartbeatGenerator] (vert.x-eventloop-thread-0) 💓 [HEARTBEAT] Invio heartbeat: {"stazioneId":"PA","stato":"ONLINE","timestamp":"2026-08-16T09:26:25.960779235Z","tipoEvento":"HEARTBEAT","bufferSize":0}
2026-08-16 11:26:35,954 INFO  [it.uni.reti2.HeartbeatGenerator] (vert.x-eventloop-thread-0) 💓 [HEARTBEAT] Invio heartbeat: {"stazioneId":"PA","stato":"ONLINE","timestamp":"2026-08-16T09:26:35.954599914Z","tipoEvento":"HEARTBEAT","bufferSize":0}
2026-08-16 11:26:45,961 INFO  [it.uni.reti2.HeartbeatGenerator] (vert.x-eventloop-thread-0) 💓 [HEARTBEAT] Invio heartbeat: {"stazioneId":"PA","stato":"ONLINE","timestamp":"2026-08-16T09:26:45.961378357Z","tipoEvento":"HEARTBEAT","bufferSize":0}
2026-08-16 11:26:55,954 INFO  [it.uni.reti2.HeartbeatGenerator] (vert.x-eventloop-thread-0) 💓 [HEARTBEAT] Invio heartbeat: {"stazioneId":"PA","stato":"ONLINE","timestamp":"2026-08-16T09:26:55.954499864Z","tipoEvento":"HEARTBEAT","bufferSize":0}
2026-08-16 11:27:05,960 INFO  [it.uni.reti2.HeartbeatGenerator] (vert.x-eventloop-thread-0) 💓 [HEARTBEAT] Invio heartbeat: {"stazioneId":"PA","stato":"ONLINE","timestamp":"2026-08-16T09:27:05.960726651Z","tipoEvento":"HEARTBEAT","bufferSize":0}
2026-08-16 11:27:15,960 INFO  [it.uni.reti2.HeartbeatGenerator] (vert.x-eventloop-thread-0) 💓 [HEARTBEAT] Invio heartbeat: {"stazioneId":"PA","stato":"ONLINE","timestamp":"2026-08-16T09:27:15.959991899Z","tipoEvento":"HEARTBEAT","bufferSize":0}
2026-08-16 11:27:25,957 INFO  [it.uni.reti2.HeartbeatGenerator] (vert.x-eventloop-thread-0) 💓 [HEARTBEAT] Invio heartbeat: {"stazioneId":"PA","stato":"ONLINE","timestamp":"2026-08-16T09:27:25.957014049Z","tipoEvento":"HEARTBEAT","bufferSize":0}
2026-08-16 11:27:35,960 INFO  [it.uni.reti2.HeartbeatGenerator] (vert.x-eventloop-thread-0) 💓 [HEARTBEAT] Invio heartbeat: {"stazioneId":"PA","stato":"ONLINE","timestamp":"2026-08-16T09:27:35.960496733Z","tipoEvento":"HEARTBEAT","bufferSize":0}
2026-08-16 11:27:45,960 INFO  [it.uni.reti2.HeartbeatGenerator] (vert.x-eventloop-thread-0) 💓 [HEARTBEAT] Invio heartbeat: {"stazioneId":"PA","stato":"ONLINE","timestamp":"2026-08-16T09:27:45.960336956Z","tipoEvento":"HEARTBEAT","bufferSize":0}
2026-08-16 11:27:55,961 INFO  [it.uni.reti2.HeartbeatGenerator] (vert.x-eventloop-thread-0) 💓 [HEARTBEAT] Invio heartbeat: {"stazioneId":"PA","stato":"ONLINE","timestamp":"2026-08-16T09:27:55.960798637Z","tipoEvento":"HEARTBEAT","bufferSize":0}
2026-08-16 11:28:05,957 INFO  [it.uni.reti2.HeartbeatGenerator] (vert.x-eventloop-thread-0) 💓 [HEARTBEAT] Invio heartbeat: {"stazioneId":"PA","stato":"ONLINE","timestamp":"2026-08-16T09:28:05.957064509Z","tipoEvento":"HEARTBEAT","bufferSize":0}
2026-08-16 11:28:15,960 INFO  [it.uni.reti2.HeartbeatGenerator] (vert.x-eventloop-thread-0) 💓 [HEARTBEAT] Invio heartbeat: {"stazioneId":"PA","stato":"ONLINE","timestamp":"2026-08-16T09:28:15.960588899Z","tipoEvento":"HEARTBEAT","bufferSize":0}
2026-08-16 11:28:25,952 INFO  [it.uni.reti2.HeartbeatGenerator] (vert.x-eventloop-thread-0) 💓 [HEARTBEAT] Invio heartbeat: {"stazioneId":"PA","stato":"ONLINE","timestamp":"2026-08-16T09:28:25.952602549Z","tipoEvento":"HEARTBEAT","bufferSize":0}
2026-08-16 11:28:35,961 INFO  [it.uni.reti2.HeartbeatGenerator] (vert.x-eventloop-thread-0) 💓 [HEARTBEAT] Invio heartbeat: {"stazioneId":"PA","stato":"ONLINE","timestamp":"2026-08-16T09:28:35.961126490Z","tipoEvento":"HEARTBEAT","bufferSize":0}
2026-08-16 11:28:45,953 INFO  [it.uni.reti2.HeartbeatGenerator] (vert.x-eventloop-thread-0) 💓 [HEARTBEAT] Invio heartbeat: {"stazioneId":"PA","stato":"ONLINE","timestamp":"2026-08-16T09:28:45.953429825Z","tipoEvento":"HEARTBEAT","bufferSize":0}
2026-08-16 11:28:55,951 INFO  [it.uni.reti2.HeartbeatGenerator] (vert.x-eventloop-thread-0) 💓 [HEARTBEAT] Invio heartbeat: {"stazioneId":"PA","stato":"ONLINE","timestamp":"2026-08-16T09:28:55.951750736Z","tipoEvento":"HEARTBEAT","bufferSize":0}
2026-08-16 11:29:05,951 INFO  [it.uni.reti2.HeartbeatGenerator] (vert.x-eventloop-thread-0) 💓 [HEARTBEAT] Invio heartbeat: {"stazioneId":"PA","stato":"ONLINE","timestamp":"2026-08-16T09:29:05.951528040Z","tipoEvento":"HEARTBEAT","bufferSize":0}
2026-08-16 11:29:15,960 INFO  [it.uni.reti2.HeartbeatGenerator] (vert.x-eventloop-thread-0) 💓 [HEARTBEAT] Invio heartbeat: {"stazioneId":"PA","stato":"ONLINE","timestamp":"2026-08-16T09:29:15.960768483Z","tipoEvento":"HEARTBEAT","bufferSize":0}
2026-08-16 11:29:25,961 INFO  [it.uni.reti2.HeartbeatGenerator] (vert.x-eventloop-thread-0) 💓 [HEARTBEAT] Invio heartbeat: {"stazioneId":"PA","stato":"ONLINE","timestamp":"2026-08-16T09:29:25.961220307Z","tipoEvento":"HEARTBEAT","bufferSize":0}
2026-08-16 11:29:35,960 INFO  [it.uni.reti2.HeartbeatGenerator] (vert.x-eventloop-thread-0) 💓 [HEARTBEAT] Invio heartbeat: {"stazioneId":"PA","stato":"ONLINE","timestamp":"2026-08-16T09:29:35.960812279Z","tipoEvento":"HEARTBEAT","bufferSize":0}
2026-08-16 11:29:45,960 INFO  [it.uni.reti2.HeartbeatGenerator] (vert.x-eventloop-thread-0) 💓 [HEARTBEAT] Invio heartbeat: {"stazioneId":"PA","stato":"ONLINE","timestamp":"2026-08-16T09:29:45.960226600Z","tipoEvento":"HEARTBEAT","bufferSize":0}
2026-08-16 11:29:55,954 INFO  [it.uni.reti2.HeartbeatGenerator] (vert.x-eventloop-thread-0) 💓 [HEARTBEAT] Invio heartbeat: {"stazioneId":"PA","stato":"ONLINE","timestamp":"2026-08-16T09:29:55.954582652Z","tipoEvento":"HEARTBEAT","bufferSize":0}
2026-08-16 11:30:05,958 INFO  [it.uni.reti2.HeartbeatGenerator] (vert.x-eventloop-thread-0) 💓 [HEARTBEAT] Invio heartbeat: {"stazioneId":"PA","stato":"ONLINE","timestamp":"2026-08-16T09:30:05.958632563Z","tipoEvento":"HEARTBEAT","bufferSize":0}
2026-08-16 11:30:15,951 INFO  [it.uni.reti2.HeartbeatGenerator] (vert.x-eventloop-thread-0) 💓 [HEARTBEAT] Invio heartbeat: {"stazioneId":"PA","stato":"ONLINE","timestamp":"2026-08-16T09:30:15.951505771Z","tipoEvento":"HEARTBEAT","bufferSize":0}
2026-08-16 11:30:25,959 INFO  [it.uni.reti2.HeartbeatGenerator] (vert.x-eventloop-thread-0) 💓 [HEARTBEAT] Invio heartbeat: {"stazioneId":"PA","stato":"ONLINE","timestamp":"2026-08-16T09:30:25.959587860Z","tipoEvento":"HEARTBEAT","bufferSize":0}
2026-08-16 11:30:35,951 INFO  [it.uni.reti2.HeartbeatGenerator] (vert.x-eventloop-thread-0) 💓 [HEARTBEAT] Invio heartbeat: {"stazioneId":"PA","stato":"ONLINE","timestamp":"2026-08-16T09:30:35.951609598Z","tipoEvento":"HEARTBEAT","bufferSize":0}
2026-08-16 11:30:45,961 INFO  [it.uni.reti2.HeartbeatGenerator] (vert.x-eventloop-thread-0) 💓 [HEARTBEAT] Invio heartbeat: {"stazioneId":"PA","stato":"ONLINE","timestamp":"2026-08-16T09:30:45.960993664Z","tipoEvento":"HEARTBEAT","bufferSize":0}
2026-08-16 11:30:55,958 INFO  [it.uni.reti2.HeartbeatGenerator] (vert.x-eventloop-thread-0) 💓 [HEARTBEAT] Invio heartbeat: {"stazioneId":"PA","stato":"ONLINE","timestamp":"2026-08-16T09:30:55.958887888Z","tipoEvento":"HEARTBEAT","bufferSize":0}
2026-08-16 11:31:05,957 INFO  [it.uni.reti2.HeartbeatGenerator] (vert.x-eventloop-thread-0) 💓 [HEARTBEAT] Invio heartbeat: {"stazioneId":"PA","stato":"ONLINE","timestamp":"2026-08-16T09:31:05.957281034Z","tipoEvento":"HEARTBEAT","bufferSize":0}
2026-08-16 11:31:15,961 INFO  [it.uni.reti2.HeartbeatGenerator] (vert.x-eventloop-thread-0) 💓 [HEARTBEAT] Invio heartbeat: {"stazioneId":"PA","stato":"ONLINE","timestamp":"2026-08-16T09:31:15.961135239Z","tipoEvento":"HEARTBEAT","bufferSize":0}
2026-08-16 11:31:25,951 INFO  [it.uni.reti2.HeartbeatGenerator] (vert.x-eventloop-thread-0) 💓 [HEARTBEAT] Invio heartbeat: {"stazioneId":"PA","stato":"ONLINE","timestamp":"2026-08-16T09:31:25.950989807Z","tipoEvento":"HEARTBEAT","bufferSize":0}
2026-08-16 11:31:35,960 INFO  [it.uni.reti2.HeartbeatGenerator] (vert.x-eventloop-thread-0) 💓 [HEARTBEAT] Invio heartbeat: {"stazioneId":"PA","stato":"ONLINE","timestamp":"2026-08-16T09:31:35.960569549Z","tipoEvento":"HEARTBEAT","bufferSize":0}
2026-08-16 11:31:43,827 INFO  [it.uni.reti2.StationGateway] (vert.x-eventloop-thread-2) 🚂 [PASSAGGIO] Treno Mario in ENTRATA dalla stazione PA
2026-08-16 11:31:45,952 INFO  [it.uni.reti2.HeartbeatGenerator] (vert.x-eventloop-thread-0) 💓 [HEARTBEAT] Invio heartbeat: {"stazioneId":"PA","stato":"ONLINE","timestamp":"2026-08-16T09:31:45.952651802Z","tipoEvento":"HEARTBEAT","bufferSize":0}
2026-08-16 11:31:55,961 INFO  [it.uni.reti2.HeartbeatGenerator] (vert.x-eventloop-thread-0) 💓 [HEARTBEAT] Invio heartbeat: {"stazioneId":"PA","stato":"ONLINE","timestamp":"2026-08-16T09:31:55.960906593Z","tipoEvento":"HEARTBEAT","bufferSize":0}
2026-08-16 11:32:05,952 INFO  [it.uni.reti2.HeartbeatGenerator] (vert.x-eventloop-thread-0) 💓 [HEARTBEAT] Invio heartbeat: {"stazioneId":"PA","stato":"ONLINE","timestamp":"2026-08-16T09:32:05.951871722Z","tipoEvento":"HEARTBEAT","bufferSize":0}
2026-08-16 11:32:15,959 INFO  [it.uni.reti2.HeartbeatGenerator] (vert.x-eventloop-thread-0) 💓 [HEARTBEAT] Invio heartbeat: {"stazioneId":"PA","stato":"ONLINE","timestamp":"2026-08-16T09:32:15.958975191Z","tipoEvento":"HEARTBEAT","bufferSize":0}
2026-08-16 11:32:24,826 INFO  [it.uni.reti2.StationGateway] (vert.x-eventloop-thread-2) 🚂 [PASSAGGIO] Treno Mario in USCITA dalla stazione PA
2026-08-16 11:32:25,952 INFO  [it.uni.reti2.HeartbeatGenerator] (vert.x-eventloop-thread-0) 💓 [HEARTBEAT] Invio heartbeat: {"stazioneId":"PA","stato":"ONLINE","timestamp":"2026-08-16T09:32:25.951993385Z","tipoEvento":"HEARTBEAT","bufferSize":0}
2026-08-16 11:32:35,960 INFO  [it.uni.reti2.HeartbeatGenerator] (vert.x-eventloop-thread-0) 💓 [HEARTBEAT] Invio heartbeat: {"stazioneId":"PA","stato":"ONLINE","timestamp":"2026-08-16T09:32:35.960580662Z","tipoEvento":"HEARTBEAT","bufferSize":0}
2026-08-16 11:32:45,951 INFO  [it.uni.reti2.HeartbeatGenerator] (vert.x-eventloop-thread-0) 💓 [HEARTBEAT] Invio heartbeat: {"stazioneId":"PA","stato":"ONLINE","timestamp":"2026-08-16T09:32:45.951176361Z","tipoEvento":"HEARTBEAT","bufferSize":0}
2026-08-16 11:32:55,960 INFO  [it.uni.reti2.HeartbeatGenerator] (vert.x-eventloop-thread-0) 💓 [HEARTBEAT] Invio heartbeat: {"stazioneId":"PA","stato":"ONLINE","timestamp":"2026-08-16T09:32:55.960547409Z","tipoEvento":"HEARTBEAT","bufferSize":0}
2026-08-16 11:33:05,961 INFO  [it.uni.reti2.HeartbeatGenerator] (vert.x-eventloop-thread-0) 💓 [HEARTBEAT] Invio heartbeat: {"stazioneId":"PA","stato":"ONLINE","timestamp":"2026-08-16T09:33:05.961104217Z","tipoEvento":"HEARTBEAT","bufferSize":0}
2026-08-16 11:33:15,960 INFO  [it.uni.reti2.HeartbeatGenerator] (vert.x-eventloop-thread-0) 💓 [HEARTBEAT] Invio heartbeat: {"stazioneId":"PA","stato":"ONLINE","timestamp":"2026-08-16T09:33:15.960539003Z","tipoEvento":"HEARTBEAT","bufferSize":0}
2026-08-16 11:33:25,959 INFO  [it.uni.reti2.HeartbeatGenerator] (vert.x-eventloop-thread-0) 💓 [HEARTBEAT] Invio heartbeat: {"stazioneId":"PA","stato":"ONLINE","timestamp":"2026-08-16T09:33:25.959608052Z","tipoEvento":"HEARTBEAT","bufferSize":0}
2026-08-16 11:33:35,961 INFO  [it.uni.reti2.HeartbeatGenerator] (vert.x-eventloop-thread-0) 💓 [HEARTBEAT] Invio heartbeat: {"stazioneId":"PA","stato":"ONLINE","timestamp":"2026-08-16T09:33:35.961069017Z","tipoEvento":"HEARTBEAT","bufferSize":0}
2026-08-16 11:33:45,960 INFO  [it.uni.reti2.HeartbeatGenerator] (vert.x-eventloop-thread-0) 💓 [HEARTBEAT] Invio heartbeat: {"stazioneId":"PA","stato":"ONLINE","timestamp":"2026-08-16T09:33:45.960635013Z","tipoEvento":"HEARTBEAT","bufferSize":0}
2026-08-16 11:33:55,952 INFO  [it.uni.reti2.HeartbeatGenerator] (vert.x-eventloop-thread-0) 💓 [HEARTBEAT] Invio heartbeat: {"stazioneId":"PA","stato":"ONLINE","timestamp":"2026-08-16T09:33:55.951960002Z","tipoEvento":"HEARTBEAT","bufferSize":0}
2026-08-16 11:34:05,952 INFO  [it.uni.reti2.HeartbeatGenerator] (vert.x-eventloop-thread-0) 💓 [HEARTBEAT] Invio heartbeat: {"stazioneId":"PA","stato":"ONLINE","timestamp":"2026-08-16T09:34:05.952620487Z","tipoEvento":"HEARTBEAT","bufferSize":0}
2026-08-16 11:34:15,950 INFO  [it.uni.reti2.HeartbeatGenerator] (vert.x-eventloop-thread-0) 💓 [HEARTBEAT] Invio heartbeat: {"stazioneId":"PA","stato":"ONLINE","timestamp":"2026-08-16T09:34:15.950608816Z","tipoEvento":"HEARTBEAT","bufferSize":0}
2026-08-16 11:34:25,952 INFO  [it.uni.reti2.HeartbeatGenerator] (vert.x-eventloop-thread-0) 💓 [HEARTBEAT] Invio heartbeat: {"stazioneId":"PA","stato":"ONLINE","timestamp":"2026-08-16T09:34:25.952753507Z","tipoEvento":"HEARTBEAT","bufferSize":0}
2026-08-16 11:34:35,960 INFO  [it.uni.reti2.HeartbeatGenerator] (vert.x-eventloop-thread-0) 💓 [HEARTBEAT] Invio heartbeat: {"stazioneId":"PA","stato":"ONLINE","timestamp":"2026-08-16T09:34:35.960594531Z","tipoEvento":"HEARTBEAT","bufferSize":0}
2026-08-16 11:34:45,958 INFO  [it.uni.reti2.HeartbeatGenerator] (vert.x-eventloop-thread-0) 💓 [HEARTBEAT] Invio heartbeat: {"stazioneId":"PA","stato":"ONLINE","timestamp":"2026-08-16T09:34:45.958614030Z","tipoEvento":"HEARTBEAT","bufferSize":0}
2026-08-16 11:34:55,960 INFO  [it.uni.reti2.HeartbeatGenerator] (vert.x-eventloop-thread-0) 💓 [HEARTBEAT] Invio heartbeat: {"stazioneId":"PA","stato":"ONLINE","timestamp":"2026-08-16T09:34:55.960587308Z","tipoEvento":"HEARTBEAT","bufferSize":0}
2026-08-16 11:35:05,960 INFO  [it.uni.reti2.HeartbeatGenerator] (vert.x-eventloop-thread-0) 💓 [HEARTBEAT] Invio heartbeat: {"stazioneId":"PA","stato":"ONLINE","timestamp":"2026-08-16T09:35:05.960459790Z","tipoEvento":"HEARTBEAT","bufferSize":0}
2026-08-16 11:35:15,956 INFO  [it.uni.reti2.HeartbeatGenerator] (vert.x-eventloop-thread-0) 💓 [HEARTBEAT] Invio heartbeat: {"stazioneId":"PA","stato":"ONLINE","timestamp":"2026-08-16T09:35:15.955908381Z","tipoEvento":"HEARTBEAT","bufferSize":0}
2026-08-16 11:35:25,959 INFO  [it.uni.reti2.HeartbeatGenerator] (vert.x-eventloop-thread-0) 💓 [HEARTBEAT] Invio heartbeat: {"stazioneId":"PA","stato":"ONLINE","timestamp":"2026-08-16T09:35:25.959574881Z","tipoEvento":"HEARTBEAT","bufferSize":0}
2026-08-16 11:35:35,961 INFO  [it.uni.reti2.HeartbeatGenerator] (vert.x-eventloop-thread-0) 💓 [HEARTBEAT] Invio heartbeat: {"stazioneId":"PA","stato":"ONLINE","timestamp":"2026-08-16T09:35:35.960932140Z","tipoEvento":"HEARTBEAT","bufferSize":0}
2026-08-16 11:35:45,961 INFO  [it.uni.reti2.HeartbeatGenerator] (vert.x-eventloop-thread-0) 💓 [HEARTBEAT] Invio heartbeat: {"stazioneId":"PA","stato":"ONLINE","timestamp":"2026-08-16T09:35:45.961107207Z","tipoEvento":"HEARTBEAT","bufferSize":0}
2026-08-16 11:35:55,960 INFO  [it.uni.reti2.HeartbeatGenerator] (vert.x-eventloop-thread-0) 💓 [HEARTBEAT] Invio heartbeat: {"stazioneId":"PA","stato":"ONLINE","timestamp":"2026-08-16T09:35:55.960273901Z","tipoEvento":"HEARTBEAT","bufferSize":0}
2026-08-16 11:36:05,961 INFO  [it.uni.reti2.HeartbeatGenerator] (vert.x-eventloop-thread-0) 💓 [HEARTBEAT] Invio heartbeat: {"stazioneId":"PA","stato":"ONLINE","timestamp":"2026-08-16T09:36:05.961376243Z","tipoEvento":"HEARTBEAT","bufferSize":0}
2026-08-16 11:36:15,957 INFO  [it.uni.reti2.HeartbeatGenerator] (vert.x-eventloop-thread-0) 💓 [HEARTBEAT] Invio heartbeat: {"stazioneId":"PA","stato":"ONLINE","timestamp":"2026-08-16T09:36:15.957803099Z","tipoEvento":"HEARTBEAT","bufferSize":0}
2026-08-16 11:36:25,961 INFO  [it.uni.reti2.HeartbeatGenerator] (vert.x-eventloop-thread-0) 💓 [HEARTBEAT] Invio heartbeat: {"stazioneId":"PA","stato":"ONLINE","timestamp":"2026-08-16T09:36:25.960925187Z","tipoEvento":"HEARTBEAT","bufferSize":0}
2026-08-16 11:36:35,958 INFO  [it.uni.reti2.HeartbeatGenerator] (vert.x-eventloop-thread-0) 💓 [HEARTBEAT] Invio heartbeat: {"stazioneId":"PA","stato":"ONLINE","timestamp":"2026-08-16T09:36:35.958063162Z","tipoEvento":"HEARTBEAT","bufferSize":0}
2026-08-16 11:36:45,958 INFO  [it.uni.reti2.HeartbeatGenerator] (vert.x-eventloop-thread-0) 💓 [HEARTBEAT] Invio heartbeat: {"stazioneId":"PA","stato":"ONLINE","timestamp":"2026-08-16T09:36:45.958032717Z","tipoEvento":"HEARTBEAT","bufferSize":0}
2026-08-16 11:36:55,960 INFO  [it.uni.reti2.HeartbeatGenerator] (vert.x-eventloop-thread-0) 💓 [HEARTBEAT] Invio heartbeat: {"stazioneId":"PA","stato":"ONLINE","timestamp":"2026-08-16T09:36:55.960557113Z","tipoEvento":"HEARTBEAT","bufferSize":0}
2026-08-16 11:37:05,960 INFO  [it.uni.reti2.HeartbeatGenerator] (vert.x-eventloop-thread-0) 💓 [HEARTBEAT] Invio heartbeat: {"stazioneId":"PA","stato":"ONLINE","timestamp":"2026-08-16T09:37:05.960562318Z","tipoEvento":"HEARTBEAT","bufferSize":0}
2026-08-16 11:37:15,959 INFO  [it.uni.reti2.HeartbeatGenerator] (vert.x-eventloop-thread-0) 💓 [HEARTBEAT] Invio heartbeat: {"stazioneId":"PA","stato":"ONLINE","timestamp":"2026-08-16T09:37:15.959523873Z","tipoEvento":"HEARTBEAT","bufferSize":0}
2026-08-16 11:37:25,960 INFO  [it.uni.reti2.HeartbeatGenerator] (vert.x-eventloop-thread-0) 💓 [HEARTBEAT] Invio heartbeat: {"stazioneId":"PA","stato":"ONLINE","timestamp":"2026-08-16T09:37:25.960566845Z","tipoEvento":"HEARTBEAT","bufferSize":0}
2026-08-16 11:37:35,960 INFO  [it.uni.reti2.HeartbeatGenerator] (vert.x-eventloop-thread-0) 💓 [HEARTBEAT] Invio heartbeat: {"stazioneId":"PA","stato":"ONLINE","timestamp":"2026-08-16T09:37:35.960550243Z","tipoEvento":"HEARTBEAT","bufferSize":0}
2026-08-16 11:37:45,958 INFO  [it.uni.reti2.HeartbeatGenerator] (vert.x-eventloop-thread-0) 💓 [HEARTBEAT] Invio heartbeat: {"stazioneId":"PA","stato":"ONLINE","timestamp":"2026-08-16T09:37:45.958580590Z","tipoEvento":"HEARTBEAT","bufferSize":0}
2026-08-16 11:37:55,960 INFO  [it.uni.reti2.HeartbeatGenerator] (vert.x-eventloop-thread-0) 💓 [HEARTBEAT] Invio heartbeat: {"stazioneId":"PA","stato":"ONLINE","timestamp":"2026-08-16T09:37:55.960587617Z","tipoEvento":"HEARTBEAT","bufferSize":0}
2026-08-16 11:38:05,957 INFO  [it.uni.reti2.HeartbeatGenerator] (vert.x-eventloop-thread-0) 💓 [HEARTBEAT] Invio heartbeat: {"stazioneId":"PA","stato":"ONLINE","timestamp":"2026-08-16T09:38:05.957077908Z","tipoEvento":"HEARTBEAT","bufferSize":0}
2026-08-16 11:38:15,959 INFO  [it.uni.reti2.HeartbeatGenerator] (vert.x-eventloop-thread-0) 💓 [HEARTBEAT] Invio heartbeat: {"stazioneId":"PA","stato":"ONLINE","timestamp":"2026-08-16T09:38:15.959532324Z","tipoEvento":"HEARTBEAT","bufferSize":0}
2026-08-16 11:38:25,957 INFO  [it.uni.reti2.HeartbeatGenerator] (vert.x-eventloop-thread-0) 💓 [HEARTBEAT] Invio heartbeat: {"stazioneId":"PA","stato":"ONLINE","timestamp":"2026-08-16T09:38:25.957056369Z","tipoEvento":"HEARTBEAT","bufferSize":0}
2026-08-16 11:38:35,960 INFO  [it.uni.reti2.HeartbeatGenerator] (vert.x-eventloop-thread-0) 💓 [HEARTBEAT] Invio heartbeat: {"stazioneId":"PA","stato":"ONLINE","timestamp":"2026-08-16T09:38:35.960584720Z","tipoEvento":"HEARTBEAT","bufferSize":0}
2026-08-16 11:38:45,960 INFO  [it.uni.reti2.HeartbeatGenerator] (vert.x-eventloop-thread-0) 💓 [HEARTBEAT] Invio heartbeat: {"stazioneId":"PA","stato":"ONLINE","timestamp":"2026-08-16T09:38:45.960508999Z","tipoEvento":"HEARTBEAT","bufferSize":0}
2026-08-16 11:38:55,960 INFO  [it.uni.reti2.HeartbeatGenerator] (vert.x-eventloop-thread-0) 💓 [HEARTBEAT] Invio heartbeat: {"stazioneId":"PA","stato":"ONLINE","timestamp":"2026-08-16T09:38:55.960514852Z","tipoEvento":"HEARTBEAT","bufferSize":0}
2026-08-16 11:39:05,959 INFO  [it.uni.reti2.HeartbeatGenerator] (vert.x-eventloop-thread-0) 💓 [HEARTBEAT] Invio heartbeat: {"stazioneId":"PA","stato":"ONLINE","timestamp":"2026-08-16T09:39:05.959632024Z","tipoEvento":"HEARTBEAT","bufferSize":0}
2026-08-16 11:39:15,960 INFO  [it.uni.reti2.HeartbeatGenerator] (vert.x-eventloop-thread-0) 💓 [HEARTBEAT] Invio heartbeat: {"stazioneId":"PA","stato":"ONLINE","timestamp":"2026-08-16T09:39:15.960626912Z","tipoEvento":"HEARTBEAT","bufferSize":0}
2026-08-16 11:39:25,961 INFO  [it.uni.reti2.HeartbeatGenerator] (vert.x-eventloop-thread-0) 💓 [HEARTBEAT] Invio heartbeat: {"stazioneId":"PA","stato":"ONLINE","timestamp":"2026-08-16T09:39:25.961063794Z","tipoEvento":"HEARTBEAT","bufferSize":0}
2026-08-16 11:39:35,957 INFO  [it.uni.reti2.HeartbeatGenerator] (vert.x-eventloop-thread-0) 💓 [HEARTBEAT] Invio heartbeat: {"stazioneId":"PA","stato":"ONLINE","timestamp":"2026-08-16T09:39:35.957485706Z","tipoEvento":"HEARTBEAT","bufferSize":0}
2026-08-16 11:39:45,959 INFO  [it.uni.reti2.HeartbeatGenerator] (vert.x-eventloop-thread-0) 💓 [HEARTBEAT] Invio heartbeat: {"stazioneId":"PA","stato":"ONLINE","timestamp":"2026-08-16T09:39:45.959623498Z","tipoEvento":"HEARTBEAT","bufferSize":0}
2026-08-16 11:39:51,810 INFO  [it.uni.reti2.StationGateway] (vert.x-eventloop-thread-2) 🚂 [PASSAGGIO] Treno tenoAmmazzaRicchi in ENTRATA dalla stazione PA
2026-08-16 11:39:55,955 INFO  [it.uni.reti2.HeartbeatGenerator] (vert.x-eventloop-thread-0) 💓 [HEARTBEAT] Invio heartbeat: {"stazioneId":"PA","stato":"ONLINE","timestamp":"2026-08-16T09:39:55.955118547Z","tipoEvento":"HEARTBEAT","bufferSize":0}
2026-08-16 11:40:05,951 INFO  [it.uni.reti2.HeartbeatGenerator] (vert.x-eventloop-thread-0) 💓 [HEARTBEAT] Invio heartbeat: {"stazioneId":"PA","stato":"ONLINE","timestamp":"2026-08-16T09:40:05.951561553Z","tipoEvento":"HEARTBEAT","bufferSize":0}
2026-08-16 11:40:15,958 INFO  [it.uni.reti2.HeartbeatGenerator] (vert.x-eventloop-thread-0) 💓 [HEARTBEAT] Invio heartbeat: {"stazioneId":"PA","stato":"ONLINE","timestamp":"2026-08-16T09:40:15.957931029Z","tipoEvento":"HEARTBEAT","bufferSize":0}
2026-08-16 11:40:25,959 INFO  [it.uni.reti2.HeartbeatGenerator] (vert.x-eventloop-thread-0) 💓 [HEARTBEAT] Invio heartbeat: {"stazioneId":"PA","stato":"ONLINE","timestamp":"2026-08-16T09:40:25.959524411Z","tipoEvento":"HEARTBEAT","bufferSize":0}
2026-08-16 11:40:31,814 INFO  [it.uni.reti2.StationGateway] (vert.x-eventloop-thread-2) 🚂 [PASSAGGIO] Treno tenoAmmazzaRicchi in USCITA dalla stazione PA
2026-08-16 11:40:35,955 INFO  [it.uni.reti2.HeartbeatGenerator] (vert.x-eventloop-thread-0) 💓 [HEARTBEAT] Invio heartbeat: {"stazioneId":"PA","stato":"ONLINE","timestamp":"2026-08-16T09:40:35.955203989Z","tipoEvento":"HEARTBEAT","bufferSize":0}
2026-08-16 11:40:45,961 INFO  [it.uni.reti2.HeartbeatGenerator] (vert.x-eventloop-thread-0) 💓 [HEARTBEAT] Invio heartbeat: {"stazioneId":"PA","stato":"ONLINE","timestamp":"2026-08-16T09:40:45.960880594Z","tipoEvento":"HEARTBEAT","bufferSize":0}
2026-08-16 11:40:55,960 INFO  [it.uni.reti2.HeartbeatGenerator] (vert.x-eventloop-thread-0) 💓 [HEARTBEAT] Invio heartbeat: {"stazioneId":"PA","stato":"ONLINE","timestamp":"2026-08-16T09:40:55.960561768Z","tipoEvento":"HEARTBEAT","bufferSize":0}
2026-08-16 11:41:05,960 INFO  [it.uni.reti2.HeartbeatGenerator] (vert.x-eventloop-thread-0) 💓 [HEARTBEAT] Invio heartbeat: {"stazioneId":"PA","stato":"ONLINE","timestamp":"2026-08-16T09:41:05.960845420Z","tipoEvento":"HEARTBEAT","bufferSize":0}
2026-08-16 11:41:15,960 INFO  [it.uni.reti2.HeartbeatGenerator] (vert.x-eventloop-thread-0) 💓 [HEARTBEAT] Invio heartbeat: {"stazioneId":"PA","stato":"ONLINE","timestamp":"2026-08-16T09:41:15.960513325Z","tipoEvento":"HEARTBEAT","bufferSize":0}
2026-08-16 11:41:25,960 INFO  [it.uni.reti2.HeartbeatGenerator] (vert.x-eventloop-thread-0) 💓 [HEARTBEAT] Invio heartbeat: {"stazioneId":"PA","stato":"ONLINE","timestamp":"2026-08-16T09:41:25.960534652Z","tipoEvento":"HEARTBEAT","bufferSize":0}
2026-08-16 11:41:35,960 INFO  [it.uni.reti2.HeartbeatGenerator] (vert.x-eventloop-thread-0) 💓 [HEARTBEAT] Invio heartbeat: {"stazioneId":"PA","stato":"ONLINE","timestamp":"2026-08-16T09:41:35.960466986Z","tipoEvento":"HEARTBEAT","bufferSize":0}
2026-08-16 11:41:45,957 INFO  [it.uni.reti2.HeartbeatGenerator] (vert.x-eventloop-thread-0) 💓 [HEARTBEAT] Invio heartbeat: {"stazioneId":"PA","stato":"ONLINE","timestamp":"2026-08-16T09:41:45.957190772Z","tipoEvento":"HEARTBEAT","bufferSize":0}
2026-08-16 11:41:55,960 INFO  [it.uni.reti2.HeartbeatGenerator] (vert.x-eventloop-thread-0) 💓 [HEARTBEAT] Invio heartbeat: {"stazioneId":"PA","stato":"ONLINE","timestamp":"2026-08-16T09:41:55.960510359Z","tipoEvento":"HEARTBEAT","bufferSize":0}
2026-08-16 11:42:05,954 INFO  [it.uni.reti2.HeartbeatGenerator] (vert.x-eventloop-thread-0) 💓 [HEARTBEAT] Invio heartbeat: {"stazioneId":"PA","stato":"ONLINE","timestamp":"2026-08-16T09:42:05.954496227Z","tipoEvento":"HEARTBEAT","bufferSize":0}
2026-08-16 11:42:15,960 INFO  [it.uni.reti2.HeartbeatGenerator] (vert.x-eventloop-thread-0) 💓 [HEARTBEAT] Invio heartbeat: {"stazioneId":"PA","stato":"ONLINE","timestamp":"2026-08-16T09:42:15.960622226Z","tipoEvento":"HEARTBEAT","bufferSize":0}
2026-08-16 11:42:25,961 INFO  [it.uni.reti2.HeartbeatGenerator] (vert.x-eventloop-thread-0) 💓 [HEARTBEAT] Invio heartbeat: {"stazioneId":"PA","stato":"ONLINE","timestamp":"2026-08-16T09:42:25.961191296Z","tipoEvento":"HEARTBEAT","bufferSize":0}
2026-08-16 11:42:35,960 INFO  [it.uni.reti2.HeartbeatGenerator] (vert.x-eventloop-thread-0) 💓 [HEARTBEAT] Invio heartbeat: {"stazioneId":"PA","stato":"ONLINE","timestamp":"2026-08-16T09:42:35.960531338Z","tipoEvento":"HEARTBEAT","bufferSize":0}
2026-08-16 11:42:43,001 WARN  [it.uni.reti2.StationGateway] (vert.x-eventloop-thread-3) 🚨 [ALERT RICEVUTO] La Centrale dice: {"tipoEvento":"GUASTO","sorgenteTipo":"TRENO","sorgenteId":"test","severita":"WARNING","messaggio":"alert di test","timestamp":"2026-08-16T09:42:42.993450369Z"}
2026-08-16 11:42:45,953 INFO  [it.uni.reti2.HeartbeatGenerator] (vert.x-eventloop-thread-0) 💓 [HEARTBEAT] Invio heartbeat: {"stazioneId":"PA","stato":"ONLINE","timestamp":"2026-08-16T09:42:45.953842686Z","tipoEvento":"HEARTBEAT","bufferSize":0}
2026-08-16 11:42:55,961 INFO  [it.uni.reti2.HeartbeatGenerator] (vert.x-eventloop-thread-0) 💓 [HEARTBEAT] Invio heartbeat: {"stazioneId":"PA","stato":"ONLINE","timestamp":"2026-08-16T09:42:55.961028666Z","tipoEvento":"HEARTBEAT","bufferSize":0}
2026-08-16 11:43:05,961 INFO  [it.uni.reti2.HeartbeatGenerator] (vert.x-eventloop-thread-0) 💓 [HEARTBEAT] Invio heartbeat: {"stazioneId":"PA","stato":"ONLINE","timestamp":"2026-08-16T09:43:05.960952460Z","tipoEvento":"HEARTBEAT","bufferSize":0}
2026-08-16 11:43:15,953 INFO  [it.uni.reti2.HeartbeatGenerator] (vert.x-eventloop-thread-0) 💓 [HEARTBEAT] Invio heartbeat: {"stazioneId":"PA","stato":"ONLINE","timestamp":"2026-08-16T09:43:15.953584056Z","tipoEvento":"HEARTBEAT","bufferSize":0}
2026-08-16 11:43:22,491 INFO  [it.uni.reti2.StationGateway] (vert.x-eventloop-thread-2) 🚂 [PASSAGGIO] Treno Mario in USCITA dalla stazione PA
2026-08-16 11:43:25,953 INFO  [it.uni.reti2.HeartbeatGenerator] (vert.x-eventloop-thread-0) 💓 [HEARTBEAT] Invio heartbeat: {"stazioneId":"PA","stato":"ONLINE","timestamp":"2026-08-16T09:43:25.953526192Z","tipoEvento":"HEARTBEAT","bufferSize":0}
2026-08-16 11:43:35,957 INFO  [it.uni.reti2.HeartbeatGenerator] (vert.x-eventloop-thread-0) 💓 [HEARTBEAT] Invio heartbeat: {"stazioneId":"PA","stato":"ONLINE","timestamp":"2026-08-16T09:43:35.957453913Z","tipoEvento":"HEARTBEAT","bufferSize":0}
2026-08-16 11:43:45,954 INFO  [it.uni.reti2.HeartbeatGenerator] (vert.x-eventloop-thread-0) 💓 [HEARTBEAT] Invio heartbeat: {"stazioneId":"PA","stato":"ONLINE","timestamp":"2026-08-16T09:43:45.954285575Z","tipoEvento":"HEARTBEAT","bufferSize":0}
2026-08-16 11:43:55,961 INFO  [it.uni.reti2.HeartbeatGenerator] (vert.x-eventloop-thread-0) 💓 [HEARTBEAT] Invio heartbeat: {"stazioneId":"PA","stato":"ONLINE","timestamp":"2026-08-16T09:43:55.961734214Z","tipoEvento":"HEARTBEAT","bufferSize":0}
2026-08-16 11:44:05,960 INFO  [it.uni.reti2.HeartbeatGenerator] (vert.x-eventloop-thread-0) 💓 [HEARTBEAT] Invio heartbeat: {"stazioneId":"PA","stato":"ONLINE","timestamp":"2026-08-16T09:44:05.960504962Z","tipoEvento":"HEARTBEAT","bufferSize":0}
2026-08-16 11:44:15,953 INFO  [it.uni.reti2.HeartbeatGenerator] (vert.x-eventloop-thread-0) 💓 [HEARTBEAT] Invio heartbeat: {"stazioneId":"PA","stato":"ONLINE","timestamp":"2026-08-16T09:44:15.953595846Z","tipoEvento":"HEARTBEAT","bufferSize":0}
2026-08-16 11:44:25,951 INFO  [it.uni.reti2.HeartbeatGenerator] (vert.x-eventloop-thread-0) 💓 [HEARTBEAT] Invio heartbeat: {"stazioneId":"PA","stato":"ONLINE","timestamp":"2026-08-16T09:44:25.951527370Z","tipoEvento":"HEARTBEAT","bufferSize":0}
2026-08-16 11:44:35,960 INFO  [it.uni.reti2.HeartbeatGenerator] (vert.x-eventloop-thread-0) 💓 [HEARTBEAT] Invio heartbeat: {"stazioneId":"PA","stato":"ONLINE","timestamp":"2026-08-16T09:44:35.960583527Z","tipoEvento":"HEARTBEAT","bufferSize":0}
2026-08-16 11:44:45,953 INFO  [it.uni.reti2.HeartbeatGenerator] (vert.x-eventloop-thread-0) 💓 [HEARTBEAT] Invio heartbeat: {"stazioneId":"PA","stato":"ONLINE","timestamp":"2026-08-16T09:44:45.953438740Z","tipoEvento":"HEARTBEAT","bufferSize":0}
2026-08-16 11:44:55,953 INFO  [it.uni.reti2.HeartbeatGenerator] (vert.x-eventloop-thread-0) 💓 [HEARTBEAT] Invio heartbeat: {"stazioneId":"PA","stato":"ONLINE","timestamp":"2026-08-16T09:44:55.953541699Z","tipoEvento":"HEARTBEAT","bufferSize":0}
2026-08-16 11:45:05,960 INFO  [it.uni.reti2.HeartbeatGenerator] (vert.x-eventloop-thread-0) 💓 [HEARTBEAT] Invio heartbeat: {"stazioneId":"PA","stato":"ONLINE","timestamp":"2026-08-16T09:45:05.960490195Z","tipoEvento":"HEARTBEAT","bufferSize":0}
2026-08-16 11:45:07,984 WARN  [it.uni.reti2.StationGateway] (vert.x-eventloop-thread-3) 🚨 [ALERT RICEVUTO] La Centrale dice: {"tipoEvento":"GUASTO","sorgenteTipo":"TRENO","sorgenteId":"test","severita":"WARNING","messaggio":"alert di test","timestamp":"2026-08-16T09:45:07.977539709Z"}
2026-08-16 11:45:15,954 INFO  [it.uni.reti2.HeartbeatGenerator] (vert.x-eventloop-thread-0) 💓 [HEARTBEAT] Invio heartbeat: {"stazioneId":"PA","stato":"ONLINE","timestamp":"2026-08-16T09:45:15.954175698Z","tipoEvento":"HEARTBEAT","bufferSize":0}
2026-08-16 11:45:25,959 INFO  [it.uni.reti2.HeartbeatGenerator] (vert.x-eventloop-thread-0) 💓 [HEARTBEAT] Invio heartbeat: {"stazioneId":"PA","stato":"ONLINE","timestamp":"2026-08-16T09:45:25.959598566Z","tipoEvento":"HEARTBEAT","bufferSize":0}
2026-08-16 11:45:35,722 INFO  [it.uni.reti2.StationGateway] (vert.x-eventloop-thread-2) 🚂 [PASSAGGIO] Treno Mario in USCITA dalla stazione PA
2026-08-16 11:45:35,950 INFO  [it.uni.reti2.HeartbeatGenerator] (vert.x-eventloop-thread-0) 💓 [HEARTBEAT] Invio heartbeat: {"stazioneId":"PA","stato":"ONLINE","timestamp":"2026-08-16T09:45:35.950666901Z","tipoEvento":"HEARTBEAT","bufferSize":0}
2026-08-16 11:45:45,959 INFO  [it.uni.reti2.HeartbeatGenerator] (vert.x-eventloop-thread-0) 💓 [HEARTBEAT] Invio heartbeat: {"stazioneId":"PA","stato":"ONLINE","timestamp":"2026-08-16T09:45:45.959141195Z","tipoEvento":"HEARTBEAT","bufferSize":0}
2026-08-16 11:45:55,960 INFO  [it.uni.reti2.HeartbeatGenerator] (vert.x-eventloop-thread-0) 💓 [HEARTBEAT] Invio heartbeat: {"stazioneId":"PA","stato":"ONLINE","timestamp":"2026-08-16T09:45:55.960505560Z","tipoEvento":"HEARTBEAT","bufferSize":0}
2026-08-16 11:46:05,960 INFO  [it.uni.reti2.HeartbeatGenerator] (vert.x-eventloop-thread-0) 💓 [HEARTBEAT] Invio heartbeat: {"stazioneId":"PA","stato":"ONLINE","timestamp":"2026-08-16T09:46:05.960582403Z","tipoEvento":"HEARTBEAT","bufferSize":0}
2026-08-16 11:46:15,959 INFO  [it.uni.reti2.HeartbeatGenerator] (vert.x-eventloop-thread-0) 💓 [HEARTBEAT] Invio heartbeat: {"stazioneId":"PA","stato":"ONLINE","timestamp":"2026-08-16T09:46:15.959090326Z","tipoEvento":"HEARTBEAT","bufferSize":0}
2026-08-16 11:46:25,959 INFO  [it.uni.reti2.HeartbeatGenerator] (vert.x-eventloop-thread-0) 💓 [HEARTBEAT] Invio heartbeat: {"stazioneId":"PA","stato":"ONLINE","timestamp":"2026-08-16T09:46:25.959599076Z","tipoEvento":"HEARTBEAT","bufferSize":0}
2026-08-16 11:46:35,961 INFO  [it.uni.reti2.HeartbeatGenerator] (vert.x-eventloop-thread-0) 💓 [HEARTBEAT] Invio heartbeat: {"stazioneId":"PA","stato":"ONLINE","timestamp":"2026-08-16T09:46:35.961106569Z","tipoEvento":"HEARTBEAT","bufferSize":0}
2026-08-16 11:46:45,957 INFO  [it.uni.reti2.HeartbeatGenerator] (vert.x-eventloop-thread-0) 💓 [HEARTBEAT] Invio heartbeat: {"stazioneId":"PA","stato":"ONLINE","timestamp":"2026-08-16T09:46:45.957526585Z","tipoEvento":"HEARTBEAT","bufferSize":0}
2026-08-16 11:46:55,960 INFO  [it.uni.reti2.HeartbeatGenerator] (vert.x-eventloop-thread-0) 💓 [HEARTBEAT] Invio heartbeat: {"stazioneId":"PA","stato":"ONLINE","timestamp":"2026-08-16T09:46:55.960722732Z","tipoEvento":"HEARTBEAT","bufferSize":0}
2026-08-16 11:47:05,951 INFO  [it.uni.reti2.HeartbeatGenerator] (vert.x-eventloop-thread-0) 💓 [HEARTBEAT] Invio heartbeat: {"stazioneId":"PA","stato":"ONLINE","timestamp":"2026-08-16T09:47:05.951494541Z","tipoEvento":"HEARTBEAT","bufferSize":0}
2026-08-16 11:47:15,959 INFO  [it.uni.reti2.HeartbeatGenerator] (vert.x-eventloop-thread-0) 💓 [HEARTBEAT] Invio heartbeat: {"stazioneId":"PA","stato":"ONLINE","timestamp":"2026-08-16T09:47:15.959619779Z","tipoEvento":"HEARTBEAT","bufferSize":0}
2026-08-16 11:47:25,960 INFO  [it.uni.reti2.HeartbeatGenerator] (vert.x-eventloop-thread-0) 💓 [HEARTBEAT] Invio heartbeat: {"stazioneId":"PA","stato":"ONLINE","timestamp":"2026-08-16T09:47:25.960785492Z","tipoEvento":"HEARTBEAT","bufferSize":0}
2026-08-16 11:47:35,959 INFO  [it.uni.reti2.HeartbeatGenerator] (vert.x-eventloop-thread-0) 💓 [HEARTBEAT] Invio heartbeat: {"stazioneId":"PA","stato":"ONLINE","timestamp":"2026-08-16T09:47:35.958942226Z","tipoEvento":"HEARTBEAT","bufferSize":0}
2026-08-16 11:47:45,958 INFO  [it.uni.reti2.HeartbeatGenerator] (vert.x-eventloop-thread-0) 💓 [HEARTBEAT] Invio heartbeat: {"stazioneId":"PA","stato":"ONLINE","timestamp":"2026-08-16T09:47:45.958561206Z","tipoEvento":"HEARTBEAT","bufferSize":0}
2026-08-16 11:47:55,957 INFO  [it.uni.reti2.HeartbeatGenerator] (vert.x-eventloop-thread-0) 💓 [HEARTBEAT] Invio heartbeat: {"stazioneId":"PA","stato":"ONLINE","timestamp":"2026-08-16T09:47:55.957594485Z","tipoEvento":"HEARTBEAT","bufferSize":0}
2026-08-16 11:48:05,960 INFO  [it.uni.reti2.HeartbeatGenerator] (vert.x-eventloop-thread-0) 💓 [HEARTBEAT] Invio heartbeat: {"stazioneId":"PA","stato":"ONLINE","timestamp":"2026-08-16T09:48:05.960760135Z","tipoEvento":"HEARTBEAT","bufferSize":0}
2026-08-16 11:48:15,960 INFO  [it.uni.reti2.HeartbeatGenerator] (vert.x-eventloop-thread-0) 💓 [HEARTBEAT] Invio heartbeat: {"stazioneId":"PA","stato":"ONLINE","timestamp":"2026-08-16T09:48:15.959980325Z","tipoEvento":"HEARTBEAT","bufferSize":0}
2026-08-16 11:48:25,961 INFO  [it.uni.reti2.HeartbeatGenerator] (vert.x-eventloop-thread-0) 💓 [HEARTBEAT] Invio heartbeat: {"stazioneId":"PA","stato":"ONLINE","timestamp":"2026-08-16T09:48:25.961251663Z","tipoEvento":"HEARTBEAT","bufferSize":0}
2026-08-16 11:48:35,960 INFO  [it.uni.reti2.HeartbeatGenerator] (vert.x-eventloop-thread-0) 💓 [HEARTBEAT] Invio heartbeat: {"stazioneId":"PA","stato":"ONLINE","timestamp":"2026-08-16T09:48:35.960450256Z","tipoEvento":"HEARTBEAT","bufferSize":0}
2026-08-16 11:48:45,959 INFO  [it.uni.reti2.HeartbeatGenerator] (vert.x-eventloop-thread-0) 💓 [HEARTBEAT] Invio heartbeat: {"stazioneId":"PA","stato":"ONLINE","timestamp":"2026-08-16T09:48:45.959573546Z","tipoEvento":"HEARTBEAT","bufferSize":0}
2026-08-16 11:48:55,958 INFO  [it.uni.reti2.HeartbeatGenerator] (vert.x-eventloop-thread-0) 💓 [HEARTBEAT] Invio heartbeat: {"stazioneId":"PA","stato":"ONLINE","timestamp":"2026-08-16T09:48:55.957982671Z","tipoEvento":"HEARTBEAT","bufferSize":0}
2026-08-16 11:49:05,958 INFO  [it.uni.reti2.HeartbeatGenerator] (vert.x-eventloop-thread-0) 💓 [HEARTBEAT] Invio heartbeat: {"stazioneId":"PA","stato":"ONLINE","timestamp":"2026-08-16T09:49:05.958047067Z","tipoEvento":"HEARTBEAT","bufferSize":0}
2026-08-16 11:49:15,958 INFO  [it.uni.reti2.HeartbeatGenerator] (vert.x-eventloop-thread-0) 💓 [HEARTBEAT] Invio heartbeat: {"stazioneId":"PA","stato":"ONLINE","timestamp":"2026-08-16T09:49:15.958568062Z","tipoEvento":"HEARTBEAT","bufferSize":0}
2026-08-16 11:49:25,957 INFO  [it.uni.reti2.HeartbeatGenerator] (vert.x-eventloop-thread-0) 💓 [HEARTBEAT] Invio heartbeat: {"stazioneId":"PA","stato":"ONLINE","timestamp":"2026-08-16T09:49:25.957894490Z","tipoEvento":"HEARTBEAT","bufferSize":0}
2026-08-16 11:49:35,961 INFO  [it.uni.reti2.HeartbeatGenerator] (vert.x-eventloop-thread-0) 💓 [HEARTBEAT] Invio heartbeat: {"stazioneId":"PA","stato":"ONLINE","timestamp":"2026-08-16T09:49:35.961202765Z","tipoEvento":"HEARTBEAT","bufferSize":0}
2026-08-16 11:49:45,959 INFO  [it.uni.reti2.HeartbeatGenerator] (vert.x-eventloop-thread-0) 💓 [HEARTBEAT] Invio heartbeat: {"stazioneId":"PA","stato":"ONLINE","timestamp":"2026-08-16T09:49:45.958925222Z","tipoEvento":"HEARTBEAT","bufferSize":0}
2026-08-16 11:49:55,954 INFO  [it.uni.reti2.HeartbeatGenerator] (vert.x-eventloop-thread-0) 💓 [HEARTBEAT] Invio heartbeat: {"stazioneId":"PA","stato":"ONLINE","timestamp":"2026-08-16T09:49:55.954597851Z","tipoEvento":"HEARTBEAT","bufferSize":0}
2026-08-16 11:50:05,961 INFO  [it.uni.reti2.HeartbeatGenerator] (vert.x-eventloop-thread-0) 💓 [HEARTBEAT] Invio heartbeat: {"stazioneId":"PA","stato":"ONLINE","timestamp":"2026-08-16T09:50:05.961351635Z","tipoEvento":"HEARTBEAT","bufferSize":0}
2026-08-16 11:50:15,959 INFO  [it.uni.reti2.HeartbeatGenerator] (vert.x-eventloop-thread-0) 💓 [HEARTBEAT] Invio heartbeat: {"stazioneId":"PA","stato":"ONLINE","timestamp":"2026-08-16T09:50:15.959350567Z","tipoEvento":"HEARTBEAT","bufferSize":0}
2026-08-16 11:50:25,960 INFO  [it.uni.reti2.HeartbeatGenerator] (vert.x-eventloop-thread-0) 💓 [HEARTBEAT] Invio heartbeat: {"stazioneId":"PA","stato":"ONLINE","timestamp":"2026-08-16T09:50:25.960511050Z","tipoEvento":"HEARTBEAT","bufferSize":0}
2026-08-16 11:50:35,961 INFO  [it.uni.reti2.HeartbeatGenerator] (vert.x-eventloop-thread-0) 💓 [HEARTBEAT] Invio heartbeat: {"stazioneId":"PA","stato":"ONLINE","timestamp":"2026-08-16T09:50:35.961727376Z","tipoEvento":"HEARTBEAT","bufferSize":0}
2026-08-16 11:50:45,952 INFO  [it.uni.reti2.HeartbeatGenerator] (vert.x-eventloop-thread-0) 💓 [HEARTBEAT] Invio heartbeat: {"stazioneId":"PA","stato":"ONLINE","timestamp":"2026-08-16T09:50:45.952676641Z","tipoEvento":"HEARTBEAT","bufferSize":0}
2026-08-16 11:50:55,960 INFO  [it.uni.reti2.HeartbeatGenerator] (vert.x-eventloop-thread-0) 💓 [HEARTBEAT] Invio heartbeat: {"stazioneId":"PA","stato":"ONLINE","timestamp":"2026-08-16T09:50:55.960448429Z","tipoEvento":"HEARTBEAT","bufferSize":0}
2026-08-16 11:51:05,960 INFO  [it.uni.reti2.HeartbeatGenerator] (vert.x-eventloop-thread-0) 💓 [HEARTBEAT] Invio heartbeat: {"stazioneId":"PA","stato":"ONLINE","timestamp":"2026-08-16T09:51:05.960451676Z","tipoEvento":"HEARTBEAT","bufferSize":0}
2026-08-16 11:51:10,300 WARN  [it.uni.reti2.StationGateway] (vert.x-eventloop-thread-3) 🚨 [ALERT RICEVUTO] La Centrale dice: {"tipoEvento":"GUASTO","sorgenteTipo":"TRENO","sorgenteId":"test","severita":"WARNING","messaggio":"alert di test","timestamp":"2026-08-16T09:51:10.293155566Z"}
2026-08-16 11:51:15,957 INFO  [it.uni.reti2.HeartbeatGenerator] (vert.x-eventloop-thread-0) 💓 [HEARTBEAT] Invio heartbeat: {"stazioneId":"PA","stato":"ONLINE","timestamp":"2026-08-16T09:51:15.957024990Z","tipoEvento":"HEARTBEAT","bufferSize":0}
2026-08-16 11:51:25,960 INFO  [it.uni.reti2.HeartbeatGenerator] (vert.x-eventloop-thread-0) 💓 [HEARTBEAT] Invio heartbeat: {"stazioneId":"PA","stato":"ONLINE","timestamp":"2026-08-16T09:51:25.960535028Z","tipoEvento":"HEARTBEAT","bufferSize":0}
2026-08-16 11:51:35,960 INFO  [it.uni.reti2.HeartbeatGenerator] (vert.x-eventloop-thread-0) 💓 [HEARTBEAT] Invio heartbeat: {"stazioneId":"PA","stato":"ONLINE","timestamp":"2026-08-16T09:51:35.960369906Z","tipoEvento":"HEARTBEAT","bufferSize":0}
2026-08-16 11:51:45,956 INFO  [it.uni.reti2.HeartbeatGenerator] (vert.x-eventloop-thread-0) 💓 [HEARTBEAT] Invio heartbeat: {"stazioneId":"PA","stato":"ONLINE","timestamp":"2026-08-16T09:51:45.956616545Z","tipoEvento":"HEARTBEAT","bufferSize":0}
2026-08-16 11:51:55,960 INFO  [it.uni.reti2.HeartbeatGenerator] (vert.x-eventloop-thread-0) 💓 [HEARTBEAT] Invio heartbeat: {"stazioneId":"PA","stato":"ONLINE","timestamp":"2026-08-16T09:51:55.960473521Z","tipoEvento":"HEARTBEAT","bufferSize":0}
2026-08-16 11:52:05,961 INFO  [it.uni.reti2.HeartbeatGenerator] (vert.x-eventloop-thread-0) 💓 [HEARTBEAT] Invio heartbeat: {"stazioneId":"PA","stato":"ONLINE","timestamp":"2026-08-16T09:52:05.961111548Z","tipoEvento":"HEARTBEAT","bufferSize":0}
2026-08-16 11:52:15,956 INFO  [it.uni.reti2.HeartbeatGenerator] (vert.x-eventloop-thread-0) 💓 [HEARTBEAT] Invio heartbeat: {"stazioneId":"PA","stato":"ONLINE","timestamp":"2026-08-16T09:52:15.956751448Z","tipoEvento":"HEARTBEAT","bufferSize":0}
2026-08-16 11:52:25,960 INFO  [it.uni.reti2.HeartbeatGenerator] (vert.x-eventloop-thread-0) 💓 [HEARTBEAT] Invio heartbeat: {"stazioneId":"PA","stato":"ONLINE","timestamp":"2026-08-16T09:52:25.960732425Z","tipoEvento":"HEARTBEAT","bufferSize":0}
2026-08-16 11:52:35,957 INFO  [it.uni.reti2.HeartbeatGenerator] (vert.x-eventloop-thread-0) 💓 [HEARTBEAT] Invio heartbeat: {"stazioneId":"PA","stato":"ONLINE","timestamp":"2026-08-16T09:52:35.957500060Z","tipoEvento":"HEARTBEAT","bufferSize":0}
2026-08-16 11:52:45,956 INFO  [it.uni.reti2.HeartbeatGenerator] (vert.x-eventloop-thread-0) 💓 [HEARTBEAT] Invio heartbeat: {"stazioneId":"PA","stato":"ONLINE","timestamp":"2026-08-16T09:52:45.956653420Z","tipoEvento":"HEARTBEAT","bufferSize":0}
2026-08-16 11:52:55,960 INFO  [it.uni.reti2.HeartbeatGenerator] (vert.x-eventloop-thread-0) 💓 [HEARTBEAT] Invio heartbeat: {"stazioneId":"PA","stato":"ONLINE","timestamp":"2026-08-16T09:52:55.960765167Z","tipoEvento":"HEARTBEAT","bufferSize":0}
2026-08-16 11:53:05,960 INFO  [it.uni.reti2.HeartbeatGenerator] (vert.x-eventloop-thread-0) 💓 [HEARTBEAT] Invio heartbeat: {"stazioneId":"PA","stato":"ONLINE","timestamp":"2026-08-16T09:53:05.960494040Z","tipoEvento":"HEARTBEAT","bufferSize":0}
2026-08-16 11:53:15,957 INFO  [it.uni.reti2.HeartbeatGenerator] (vert.x-eventloop-thread-0) 💓 [HEARTBEAT] Invio heartbeat: {"stazioneId":"PA","stato":"ONLINE","timestamp":"2026-08-16T09:53:15.956965156Z","tipoEvento":"HEARTBEAT","bufferSize":0}
2026-08-16 11:53:25,960 INFO  [it.uni.reti2.HeartbeatGenerator] (vert.x-eventloop-thread-0) 💓 [HEARTBEAT] Invio heartbeat: {"stazioneId":"PA","stato":"ONLINE","timestamp":"2026-08-16T09:53:25.960372973Z","tipoEvento":"HEARTBEAT","bufferSize":0}
2026-08-16 11:53:34,682 WARN  [it.uni.reti2.StationGateway] (vert.x-eventloop-thread-3) 🚨 [ALERT RICEVUTO] La Centrale dice: {"tipoEvento":"GUASTO","origine":"CENTRALE","sorgenteTipo":"TRENO","sorgenteId":"tenoAmmazzaRicchi","severita":"warning","messaggio":"Convoglio fermo: il convoglio tenoAmmazzaRicchi è fermo fuori da una stazione da oltre 90 secondi","guastoId":"alert-1786874014639-1d7e819e","timestamp":"2026-08-16T09:53:34.639204712Z"}
2026-08-16 11:53:34,685 WARN  [it.uni.reti2.StationGateway] (vert.x-eventloop-thread-3) 🚨 [ALERT RICEVUTO] La Centrale dice: {"tipoEvento":"GUASTO","origine":"CENTRALE","sorgenteTipo":"TRENO","sorgenteId":"Mario","severita":"warning","messaggio":"Convoglio fermo: il convoglio Mario è fermo fuori da una stazione da oltre 90 secondi","guastoId":"alert-1786874014681-cb6c2948","timestamp":"2026-08-16T09:53:34.681224698Z"}
2026-08-16 11:53:35,951 INFO  [it.uni.reti2.HeartbeatGenerator] (vert.x-eventloop-thread-0) 💓 [HEARTBEAT] Invio heartbeat: {"stazioneId":"PA","stato":"ONLINE","timestamp":"2026-08-16T09:53:35.951589641Z","tipoEvento":"HEARTBEAT","bufferSize":0}
2026-08-16 11:53:45,955 INFO  [it.uni.reti2.HeartbeatGenerator] (vert.x-eventloop-thread-0) 💓 [HEARTBEAT] Invio heartbeat: {"stazioneId":"PA","stato":"ONLINE","timestamp":"2026-08-16T09:53:45.955489139Z","tipoEvento":"HEARTBEAT","bufferSize":0}
2026-08-16 11:53:55,951 INFO  [it.uni.reti2.HeartbeatGenerator] (vert.x-eventloop-thread-0) 💓 [HEARTBEAT] Invio heartbeat: {"stazioneId":"PA","stato":"ONLINE","timestamp":"2026-08-16T09:53:55.951786630Z","tipoEvento":"HEARTBEAT","bufferSize":0}
2026-08-16 11:54:05,952 INFO  [it.uni.reti2.HeartbeatGenerator] (vert.x-eventloop-thread-0) 💓 [HEARTBEAT] Invio heartbeat: {"stazioneId":"PA","stato":"ONLINE","timestamp":"2026-08-16T09:54:05.952352952Z","tipoEvento":"HEARTBEAT","bufferSize":0}
2026-08-16 11:54:11,634 WARN  [it.uni.reti2.StationGateway] (vert.x-eventloop-thread-3) 🚨 [ALERT RICEVUTO] La Centrale dice: {"tipoEvento":"GUASTO","sorgenteTipo":"TRENO","sorgenteId":"test","severita":"WARNING","messaggio":"alert di test","timestamp":"2026-08-16T09:54:11.629485002Z"}
2026-08-16 11:54:15,954 INFO  [it.uni.reti2.HeartbeatGenerator] (vert.x-eventloop-thread-0) 💓 [HEARTBEAT] Invio heartbeat: {"stazioneId":"PA","stato":"ONLINE","timestamp":"2026-08-16T09:54:15.954922604Z","tipoEvento":"HEARTBEAT","bufferSize":0}
2026-08-16 11:54:21,598 WARN  [it.uni.reti2.StationGateway] (vert.x-eventloop-thread-3) 🚨 [ALERT RICEVUTO] La Centrale dice: {"tipoEvento":"RESOLVED","origine":"CENTRALE","sorgenteTipo":"TRENO","sorgenteId":"Mario","guastoId":"alert-1786874014681-cb6c2948","timestamp":"2026-08-16T09:54:21.596705217Z"}
2026-08-16 11:54:21,608 WARN  [it.uni.reti2.StationGateway] (vert.x-eventloop-thread-3) 🚨 [ALERT RICEVUTO] La Centrale dice: {"tipoEvento":"RESOLVED","origine":"CENTRALE","sorgenteTipo":"TRENO","sorgenteId":"tenoAmmazzaRicchi","guastoId":"alert-1786874014639-1d7e819e","timestamp":"2026-08-16T09:54:21.606371720Z"}
2026-08-16 11:54:25,954 INFO  [it.uni.reti2.HeartbeatGenerator] (vert.x-eventloop-thread-0) 💓 [HEARTBEAT] Invio heartbeat: {"stazioneId":"PA","stato":"ONLINE","timestamp":"2026-08-16T09:54:25.954469976Z","tipoEvento":"HEARTBEAT","bufferSize":0}
2026-08-16 11:54:35,952 INFO  [it.uni.reti2.HeartbeatGenerator] (vert.x-eventloop-thread-0) 💓 [HEARTBEAT] Invio heartbeat: {"stazioneId":"PA","stato":"ONLINE","timestamp":"2026-08-16T09:54:35.952366814Z","tipoEvento":"HEARTBEAT","bufferSize":0}
2026-08-16 11:54:40,615 INFO  [it.uni.reti2.StationGateway] (vert.x-eventloop-thread-2) 🚂 [PASSAGGIO] Treno Mario in USCITA dalla stazione PA
2026-08-16 11:54:45,956 INFO  [it.uni.reti2.HeartbeatGenerator] (vert.x-eventloop-thread-0) 💓 [HEARTBEAT] Invio heartbeat: {"stazioneId":"PA","stato":"ONLINE","timestamp":"2026-08-16T09:54:45.956376436Z","tipoEvento":"HEARTBEAT","bufferSize":0}
2026-08-16 11:54:55,955 INFO  [it.uni.reti2.HeartbeatGenerator] (vert.x-eventloop-thread-0) 💓 [HEARTBEAT] Invio heartbeat: {"stazioneId":"PA","stato":"ONLINE","timestamp":"2026-08-16T09:54:55.955553531Z","tipoEvento":"HEARTBEAT","bufferSize":0}
2026-08-16 11:55:05,960 INFO  [it.uni.reti2.HeartbeatGenerator] (vert.x-eventloop-thread-0) 💓 [HEARTBEAT] Invio heartbeat: {"stazioneId":"PA","stato":"ONLINE","timestamp":"2026-08-16T09:55:05.960448470Z","tipoEvento":"HEARTBEAT","bufferSize":0}
2026-08-16 11:55:15,956 INFO  [it.uni.reti2.HeartbeatGenerator] (vert.x-eventloop-thread-0) 💓 [HEARTBEAT] Invio heartbeat: {"stazioneId":"PA","stato":"ONLINE","timestamp":"2026-08-16T09:55:15.956627300Z","tipoEvento":"HEARTBEAT","bufferSize":0}
2026-08-16 11:55:25,955 INFO  [it.uni.reti2.HeartbeatGenerator] (vert.x-eventloop-thread-0) 💓 [HEARTBEAT] Invio heartbeat: {"stazioneId":"PA","stato":"ONLINE","timestamp":"2026-08-16T09:55:25.954988213Z","tipoEvento":"HEARTBEAT","bufferSize":0}
2026-08-16 11:55:35,955 INFO  [it.uni.reti2.HeartbeatGenerator] (vert.x-eventloop-thread-0) 💓 [HEARTBEAT] Invio heartbeat: {"stazioneId":"PA","stato":"ONLINE","timestamp":"2026-08-16T09:55:35.955123350Z","tipoEvento":"HEARTBEAT","bufferSize":0}
2026-08-16 11:55:45,960 INFO  [it.uni.reti2.HeartbeatGenerator] (vert.x-eventloop-thread-0) 💓 [HEARTBEAT] Invio heartbeat: {"stazioneId":"PA","stato":"ONLINE","timestamp":"2026-08-16T09:55:45.960275042Z","tipoEvento":"HEARTBEAT","bufferSize":0}
2026-08-16 11:55:55,954 INFO  [it.uni.reti2.HeartbeatGenerator] (vert.x-eventloop-thread-0) 💓 [HEARTBEAT] Invio heartbeat: {"stazioneId":"PA","stato":"ONLINE","timestamp":"2026-08-16T09:55:55.954502704Z","tipoEvento":"HEARTBEAT","bufferSize":0}
2026-08-16 11:56:05,961 INFO  [it.uni.reti2.HeartbeatGenerator] (vert.x-eventloop-thread-0) 💓 [HEARTBEAT] Invio heartbeat: {"stazioneId":"PA","stato":"ONLINE","timestamp":"2026-08-16T09:56:05.961003170Z","tipoEvento":"HEARTBEAT","bufferSize":0}
2026-08-16 11:56:15,955 INFO  [it.uni.reti2.HeartbeatGenerator] (vert.x-eventloop-thread-0) 💓 [HEARTBEAT] Invio heartbeat: {"stazioneId":"PA","stato":"ONLINE","timestamp":"2026-08-16T09:56:15.955180424Z","tipoEvento":"HEARTBEAT","bufferSize":0}
2026-08-16 11:56:25,955 INFO  [it.uni.reti2.HeartbeatGenerator] (vert.x-eventloop-thread-0) 💓 [HEARTBEAT] Invio heartbeat: {"stazioneId":"PA","stato":"ONLINE","timestamp":"2026-08-16T09:56:25.955534118Z","tipoEvento":"HEARTBEAT","bufferSize":0}
2026-08-16 11:56:35,954 INFO  [it.uni.reti2.HeartbeatGenerator] (vert.x-eventloop-thread-0) 💓 [HEARTBEAT] Invio heartbeat: {"stazioneId":"PA","stato":"ONLINE","timestamp":"2026-08-16T09:56:35.954411451Z","tipoEvento":"HEARTBEAT","bufferSize":0}
2026-08-16 11:56:45,953 INFO  [it.uni.reti2.HeartbeatGenerator] (vert.x-eventloop-thread-0) 💓 [HEARTBEAT] Invio heartbeat: {"stazioneId":"PA","stato":"ONLINE","timestamp":"2026-08-16T09:56:45.953730307Z","tipoEvento":"HEARTBEAT","bufferSize":0}
2026-08-16 11:56:55,954 INFO  [it.uni.reti2.HeartbeatGenerator] (vert.x-eventloop-thread-0) 💓 [HEARTBEAT] Invio heartbeat: {"stazioneId":"PA","stato":"ONLINE","timestamp":"2026-08-16T09:56:55.954467249Z","tipoEvento":"HEARTBEAT","bufferSize":0}
2026-08-16 11:57:05,961 INFO  [it.uni.reti2.HeartbeatGenerator] (vert.x-eventloop-thread-0) 💓 [HEARTBEAT] Invio heartbeat: {"stazioneId":"PA","stato":"ONLINE","timestamp":"2026-08-16T09:57:05.961001929Z","tipoEvento":"HEARTBEAT","bufferSize":0}
2026-08-16 11:57:15,959 INFO  [it.uni.reti2.HeartbeatGenerator] (vert.x-eventloop-thread-0) 💓 [HEARTBEAT] Invio heartbeat: {"stazioneId":"PA","stato":"ONLINE","timestamp":"2026-08-16T09:57:15.959850215Z","tipoEvento":"HEARTBEAT","bufferSize":0}
2026-08-16 11:57:25,954 INFO  [it.uni.reti2.HeartbeatGenerator] (vert.x-eventloop-thread-0) 💓 [HEARTBEAT] Invio heartbeat: {"stazioneId":"PA","stato":"ONLINE","timestamp":"2026-08-16T09:57:25.954486320Z","tipoEvento":"HEARTBEAT","bufferSize":0}
2026-08-16 11:57:35,960 INFO  [it.uni.reti2.HeartbeatGenerator] (vert.x-eventloop-thread-0) 💓 [HEARTBEAT] Invio heartbeat: {"stazioneId":"PA","stato":"ONLINE","timestamp":"2026-08-16T09:57:35.960441321Z","tipoEvento":"HEARTBEAT","bufferSize":0}
2026-08-16 11:57:45,960 INFO  [it.uni.reti2.HeartbeatGenerator] (vert.x-eventloop-thread-0) 💓 [HEARTBEAT] Invio heartbeat: {"stazioneId":"PA","stato":"ONLINE","timestamp":"2026-08-16T09:57:45.960730353Z","tipoEvento":"HEARTBEAT","bufferSize":0}
2026-08-16 11:57:55,954 INFO  [it.uni.reti2.HeartbeatGenerator] (vert.x-eventloop-thread-0) 💓 [HEARTBEAT] Invio heartbeat: {"stazioneId":"PA","stato":"ONLINE","timestamp":"2026-08-16T09:57:55.954495598Z","tipoEvento":"HEARTBEAT","bufferSize":0}
2026-08-16 11:58:05,953 INFO  [it.uni.reti2.HeartbeatGenerator] (vert.x-eventloop-thread-0) 💓 [HEARTBEAT] Invio heartbeat: {"stazioneId":"PA","stato":"ONLINE","timestamp":"2026-08-16T09:58:05.953797299Z","tipoEvento":"HEARTBEAT","bufferSize":0}
2026-08-16 11:58:15,957 INFO  [it.uni.reti2.HeartbeatGenerator] (vert.x-eventloop-thread-0) 💓 [HEARTBEAT] Invio heartbeat: {"stazioneId":"PA","stato":"ONLINE","timestamp":"2026-08-16T09:58:15.957545222Z","tipoEvento":"HEARTBEAT","bufferSize":0}
2026-08-16 11:58:25,951 INFO  [it.uni.reti2.HeartbeatGenerator] (vert.x-eventloop-thread-0) 💓 [HEARTBEAT] Invio heartbeat: {"stazioneId":"PA","stato":"ONLINE","timestamp":"2026-08-16T09:58:25.951560516Z","tipoEvento":"HEARTBEAT","bufferSize":0}
2026-08-16 11:58:35,959 INFO  [it.uni.reti2.HeartbeatGenerator] (vert.x-eventloop-thread-0) 💓 [HEARTBEAT] Invio heartbeat: {"stazioneId":"PA","stato":"ONLINE","timestamp":"2026-08-16T09:58:35.959442099Z","tipoEvento":"HEARTBEAT","bufferSize":0}
2026-08-16 11:58:45,960 INFO  [it.uni.reti2.HeartbeatGenerator] (vert.x-eventloop-thread-0) 💓 [HEARTBEAT] Invio heartbeat: {"stazioneId":"PA","stato":"ONLINE","timestamp":"2026-08-16T09:58:45.960494315Z","tipoEvento":"HEARTBEAT","bufferSize":0}
2026-08-16 11:58:55,954 INFO  [it.uni.reti2.HeartbeatGenerator] (vert.x-eventloop-thread-0) 💓 [HEARTBEAT] Invio heartbeat: {"stazioneId":"PA","stato":"ONLINE","timestamp":"2026-08-16T09:58:55.954535360Z","tipoEvento":"HEARTBEAT","bufferSize":0}
2026-08-16 11:59:05,960 INFO  [it.uni.reti2.HeartbeatGenerator] (vert.x-eventloop-thread-0) 💓 [HEARTBEAT] Invio heartbeat: {"stazioneId":"PA","stato":"ONLINE","timestamp":"2026-08-16T09:59:05.960409335Z","tipoEvento":"HEARTBEAT","bufferSize":0}
2026-08-16 11:59:15,960 INFO  [it.uni.reti2.HeartbeatGenerator] (vert.x-eventloop-thread-0) 💓 [HEARTBEAT] Invio heartbeat: {"stazioneId":"PA","stato":"ONLINE","timestamp":"2026-08-16T09:59:15.960858530Z","tipoEvento":"HEARTBEAT","bufferSize":0}
2026-08-16 11:59:25,954 INFO  [it.uni.reti2.HeartbeatGenerator] (vert.x-eventloop-thread-0) 💓 [HEARTBEAT] Invio heartbeat: {"stazioneId":"PA","stato":"ONLINE","timestamp":"2026-08-16T09:59:25.954438662Z","tipoEvento":"HEARTBEAT","bufferSize":0}
2026-08-16 11:59:35,957 INFO  [it.uni.reti2.HeartbeatGenerator] (vert.x-eventloop-thread-0) 💓 [HEARTBEAT] Invio heartbeat: {"stazioneId":"PA","stato":"ONLINE","timestamp":"2026-08-16T09:59:35.957509966Z","tipoEvento":"HEARTBEAT","bufferSize":0}
2026-08-16 11:59:45,960 INFO  [it.uni.reti2.HeartbeatGenerator] (vert.x-eventloop-thread-0) 💓 [HEARTBEAT] Invio heartbeat: {"stazioneId":"PA","stato":"ONLINE","timestamp":"2026-08-16T09:59:45.960576723Z","tipoEvento":"HEARTBEAT","bufferSize":0}
2026-08-16 11:59:55,951 INFO  [it.uni.reti2.HeartbeatGenerator] (vert.x-eventloop-thread-0) 💓 [HEARTBEAT] Invio heartbeat: {"stazioneId":"PA","stato":"ONLINE","timestamp":"2026-08-16T09:59:55.951007449Z","tipoEvento":"HEARTBEAT","bufferSize":0}
2026-08-16 12:00:05,961 INFO  [it.uni.reti2.HeartbeatGenerator] (vert.x-eventloop-thread-0) 💓 [HEARTBEAT] Invio heartbeat: {"stazioneId":"PA","stato":"ONLINE","timestamp":"2026-08-16T10:00:05.961344523Z","tipoEvento":"HEARTBEAT","bufferSize":0}
2026-08-16 12:00:15,951 INFO  [it.uni.reti2.HeartbeatGenerator] (vert.x-eventloop-thread-0) 💓 [HEARTBEAT] Invio heartbeat: {"stazioneId":"PA","stato":"ONLINE","timestamp":"2026-08-16T10:00:15.951688517Z","tipoEvento":"HEARTBEAT","bufferSize":0}
2026-08-16 12:00:25,955 INFO  [it.uni.reti2.HeartbeatGenerator] (vert.x-eventloop-thread-0) 💓 [HEARTBEAT] Invio heartbeat: {"stazioneId":"PA","stato":"ONLINE","timestamp":"2026-08-16T10:00:25.955198042Z","tipoEvento":"HEARTBEAT","bufferSize":0}
2026-08-16 12:00:35,960 INFO  [it.uni.reti2.HeartbeatGenerator] (vert.x-eventloop-thread-0) 💓 [HEARTBEAT] Invio heartbeat: {"stazioneId":"PA","stato":"ONLINE","timestamp":"2026-08-16T10:00:35.960352508Z","tipoEvento":"HEARTBEAT","bufferSize":0}
2026-08-16 12:00:45,954 INFO  [it.uni.reti2.HeartbeatGenerator] (vert.x-eventloop-thread-0) 💓 [HEARTBEAT] Invio heartbeat: {"stazioneId":"PA","stato":"ONLINE","timestamp":"2026-08-16T10:00:45.954449862Z","tipoEvento":"HEARTBEAT","bufferSize":0}
2026-08-16 12:00:55,955 INFO  [it.uni.reti2.HeartbeatGenerator] (vert.x-eventloop-thread-0) 💓 [HEARTBEAT] Invio heartbeat: {"stazioneId":"PA","stato":"ONLINE","timestamp":"2026-08-16T10:00:55.955096063Z","tipoEvento":"HEARTBEAT","bufferSize":0}
2026-08-16 12:01:05,960 INFO  [it.uni.reti2.HeartbeatGenerator] (vert.x-eventloop-thread-0) 💓 [HEARTBEAT] Invio heartbeat: {"stazioneId":"PA","stato":"ONLINE","timestamp":"2026-08-16T10:01:05.959918165Z","tipoEvento":"HEARTBEAT","bufferSize":0}
2026-08-16 12:01:15,961 INFO  [it.uni.reti2.HeartbeatGenerator] (vert.x-eventloop-thread-0) 💓 [HEARTBEAT] Invio heartbeat: {"stazioneId":"PA","stato":"ONLINE","timestamp":"2026-08-16T10:01:15.961125717Z","tipoEvento":"HEARTBEAT","bufferSize":0}
2026-08-16 12:01:25,954 INFO  [it.uni.reti2.HeartbeatGenerator] (vert.x-eventloop-thread-0) 💓 [HEARTBEAT] Invio heartbeat: {"stazioneId":"PA","stato":"ONLINE","timestamp":"2026-08-16T10:01:25.954481645Z","tipoEvento":"HEARTBEAT","bufferSize":0}
2026-08-16 12:01:35,960 INFO  [it.uni.reti2.HeartbeatGenerator] (vert.x-eventloop-thread-0) 💓 [HEARTBEAT] Invio heartbeat: {"stazioneId":"PA","stato":"ONLINE","timestamp":"2026-08-16T10:01:35.960456537Z","tipoEvento":"HEARTBEAT","bufferSize":0}
2026-08-16 12:01:45,665 INFO  [it.uni.reti2.StationGateway] (vert.x-eventloop-thread-2) 🚂 [PASSAGGIO] Treno tenoAmmazzaRicchi in ENTRATA dalla stazione PA
2026-08-16 12:01:45,951 INFO  [it.uni.reti2.HeartbeatGenerator] (vert.x-eventloop-thread-0) 💓 [HEARTBEAT] Invio heartbeat: {"stazioneId":"PA","stato":"ONLINE","timestamp":"2026-08-16T10:01:45.951151070Z","tipoEvento":"HEARTBEAT","bufferSize":0}
2026-08-16 12:01:55,954 INFO  [it.uni.reti2.HeartbeatGenerator] (vert.x-eventloop-thread-0) 💓 [HEARTBEAT] Invio heartbeat: {"stazioneId":"PA","stato":"ONLINE","timestamp":"2026-08-16T10:01:55.954530074Z","tipoEvento":"HEARTBEAT","bufferSize":0}
2026-08-16 12:02:05,960 INFO  [it.uni.reti2.HeartbeatGenerator] (vert.x-eventloop-thread-0) 💓 [HEARTBEAT] Invio heartbeat: {"stazioneId":"PA","stato":"ONLINE","timestamp":"2026-08-16T10:02:05.960354411Z","tipoEvento":"HEARTBEAT","bufferSize":0}
2026-08-16 12:02:15,961 INFO  [it.uni.reti2.HeartbeatGenerator] (vert.x-eventloop-thread-0) 💓 [HEARTBEAT] Invio heartbeat: {"stazioneId":"PA","stato":"ONLINE","timestamp":"2026-08-16T10:02:15.961139300Z","tipoEvento":"HEARTBEAT","bufferSize":0}
2026-08-16 12:02:25,664 INFO  [it.uni.reti2.StationGateway] (vert.x-eventloop-thread-2) 🚂 [PASSAGGIO] Treno tenoAmmazzaRicchi in USCITA dalla stazione PA
2026-08-16 12:02:25,950 INFO  [it.uni.reti2.HeartbeatGenerator] (vert.x-eventloop-thread-0) 💓 [HEARTBEAT] Invio heartbeat: {"stazioneId":"PA","stato":"ONLINE","timestamp":"2026-08-16T10:02:25.950846901Z","tipoEvento":"HEARTBEAT","bufferSize":0}
2026-08-16 12:02:35,958 INFO  [it.uni.reti2.HeartbeatGenerator] (vert.x-eventloop-thread-0) 💓 [HEARTBEAT] Invio heartbeat: {"stazioneId":"PA","stato":"ONLINE","timestamp":"2026-08-16T10:02:35.958476256Z","tipoEvento":"HEARTBEAT","bufferSize":0}
2026-08-16 12:02:45,956 INFO  [it.uni.reti2.HeartbeatGenerator] (vert.x-eventloop-thread-0) 💓 [HEARTBEAT] Invio heartbeat: {"stazioneId":"PA","stato":"ONLINE","timestamp":"2026-08-16T10:02:45.956718208Z","tipoEvento":"HEARTBEAT","bufferSize":0}
2026-08-16 12:02:55,952 INFO  [it.uni.reti2.HeartbeatGenerator] (vert.x-eventloop-thread-0) 💓 [HEARTBEAT] Invio heartbeat: {"stazioneId":"PA","stato":"ONLINE","timestamp":"2026-08-16T10:02:55.952510180Z","tipoEvento":"HEARTBEAT","bufferSize":0}
2026-08-16 12:03:05,953 INFO  [it.uni.reti2.HeartbeatGenerator] (vert.x-eventloop-thread-0) 💓 [HEARTBEAT] Invio heartbeat: {"stazioneId":"PA","stato":"ONLINE","timestamp":"2026-08-16T10:03:05.953805491Z","tipoEvento":"HEARTBEAT","bufferSize":0}
2026-08-16 12:03:15,959 INFO  [it.uni.reti2.HeartbeatGenerator] (vert.x-eventloop-thread-0) 💓 [HEARTBEAT] Invio heartbeat: {"stazioneId":"PA","stato":"ONLINE","timestamp":"2026-08-16T10:03:15.959444648Z","tipoEvento":"HEARTBEAT","bufferSize":0}
2026-08-16 12:03:25,952 INFO  [it.uni.reti2.HeartbeatGenerator] (vert.x-eventloop-thread-0) 💓 [HEARTBEAT] Invio heartbeat: {"stazioneId":"PA","stato":"ONLINE","timestamp":"2026-08-16T10:03:25.952769617Z","tipoEvento":"HEARTBEAT","bufferSize":0}
2026-08-16 12:03:35,960 INFO  [it.uni.reti2.HeartbeatGenerator] (vert.x-eventloop-thread-0) 💓 [HEARTBEAT] Invio heartbeat: {"stazioneId":"PA","stato":"ONLINE","timestamp":"2026-08-16T10:03:35.960513608Z","tipoEvento":"HEARTBEAT","bufferSize":0}
2026-08-16 12:03:45,961 INFO  [it.uni.reti2.HeartbeatGenerator] (vert.x-eventloop-thread-0) 💓 [HEARTBEAT] Invio heartbeat: {"stazioneId":"PA","stato":"ONLINE","timestamp":"2026-08-16T10:03:45.960920997Z","tipoEvento":"HEARTBEAT","bufferSize":0}
2026-08-16 12:03:55,955 INFO  [it.uni.reti2.HeartbeatGenerator] (vert.x-eventloop-thread-0) 💓 [HEARTBEAT] Invio heartbeat: {"stazioneId":"PA","stato":"ONLINE","timestamp":"2026-08-16T10:03:55.955040219Z","tipoEvento":"HEARTBEAT","bufferSize":0}
2026-08-16 12:04:05,953 INFO  [it.uni.reti2.HeartbeatGenerator] (vert.x-eventloop-thread-0) 💓 [HEARTBEAT] Invio heartbeat: {"stazioneId":"PA","stato":"ONLINE","timestamp":"2026-08-16T10:04:05.953174641Z","tipoEvento":"HEARTBEAT","bufferSize":0}
2026-08-16 12:04:15,960 INFO  [it.uni.reti2.HeartbeatGenerator] (vert.x-eventloop-thread-0) 💓 [HEARTBEAT] Invio heartbeat: {"stazioneId":"PA","stato":"ONLINE","timestamp":"2026-08-16T10:04:15.960735966Z","tipoEvento":"HEARTBEAT","bufferSize":0}
2026-08-16 12:04:25,955 INFO  [it.uni.reti2.HeartbeatGenerator] (vert.x-eventloop-thread-0) 💓 [HEARTBEAT] Invio heartbeat: {"stazioneId":"PA","stato":"ONLINE","timestamp":"2026-08-16T10:04:25.955340306Z","tipoEvento":"HEARTBEAT","bufferSize":0}
2026-08-16 12:04:35,960 INFO  [it.uni.reti2.HeartbeatGenerator] (vert.x-eventloop-thread-0) 💓 [HEARTBEAT] Invio heartbeat: {"stazioneId":"PA","stato":"ONLINE","timestamp":"2026-08-16T10:04:35.960458103Z","tipoEvento":"HEARTBEAT","bufferSize":0}
2026-08-16 12:04:45,960 INFO  [it.uni.reti2.HeartbeatGenerator] (vert.x-eventloop-thread-0) 💓 [HEARTBEAT] Invio heartbeat: {"stazioneId":"PA","stato":"ONLINE","timestamp":"2026-08-16T10:04:45.960296374Z","tipoEvento":"HEARTBEAT","bufferSize":0}
2026-08-16 12:04:55,954 INFO  [it.uni.reti2.HeartbeatGenerator] (vert.x-eventloop-thread-0) 💓 [HEARTBEAT] Invio heartbeat: {"stazioneId":"PA","stato":"ONLINE","timestamp":"2026-08-16T10:04:55.954558910Z","tipoEvento":"HEARTBEAT","bufferSize":0}
2026-08-16 12:05:05,960 INFO  [it.uni.reti2.HeartbeatGenerator] (vert.x-eventloop-thread-0) 💓 [HEARTBEAT] Invio heartbeat: {"stazioneId":"PA","stato":"ONLINE","timestamp":"2026-08-16T10:05:05.960485757Z","tipoEvento":"HEARTBEAT","bufferSize":0}
2026-08-16 12:05:15,957 INFO  [it.uni.reti2.HeartbeatGenerator] (vert.x-eventloop-thread-0) 💓 [HEARTBEAT] Invio heartbeat: {"stazioneId":"PA","stato":"ONLINE","timestamp":"2026-08-16T10:05:15.957441008Z","tipoEvento":"HEARTBEAT","bufferSize":0}
2026-08-16 12:05:25,954 INFO  [it.uni.reti2.HeartbeatGenerator] (vert.x-eventloop-thread-0) 💓 [HEARTBEAT] Invio heartbeat: {"stazioneId":"PA","stato":"ONLINE","timestamp":"2026-08-16T10:05:25.954434736Z","tipoEvento":"HEARTBEAT","bufferSize":0}
2026-08-16 12:05:35,960 INFO  [it.uni.reti2.HeartbeatGenerator] (vert.x-eventloop-thread-0) 💓 [HEARTBEAT] Invio heartbeat: {"stazioneId":"PA","stato":"ONLINE","timestamp":"2026-08-16T10:05:35.960493023Z","tipoEvento":"HEARTBEAT","bufferSize":0}
2026-08-16 12:05:45,961 INFO  [it.uni.reti2.HeartbeatGenerator] (vert.x-eventloop-thread-0) 💓 [HEARTBEAT] Invio heartbeat: {"stazioneId":"PA","stato":"ONLINE","timestamp":"2026-08-16T10:05:45.961101057Z","tipoEvento":"HEARTBEAT","bufferSize":0}
2026-08-16 12:05:55,955 INFO  [it.uni.reti2.HeartbeatGenerator] (vert.x-eventloop-thread-0) 💓 [HEARTBEAT] Invio heartbeat: {"stazioneId":"PA","stato":"ONLINE","timestamp":"2026-08-16T10:05:55.955504733Z","tipoEvento":"HEARTBEAT","bufferSize":0}
2026-08-16 12:06:05,961 INFO  [it.uni.reti2.HeartbeatGenerator] (vert.x-eventloop-thread-0) 💓 [HEARTBEAT] Invio heartbeat: {"stazioneId":"PA","stato":"ONLINE","timestamp":"2026-08-16T10:06:05.961659428Z","tipoEvento":"HEARTBEAT","bufferSize":0}
2026-08-16 12:06:15,956 INFO  [it.uni.reti2.HeartbeatGenerator] (vert.x-eventloop-thread-0) 💓 [HEARTBEAT] Invio heartbeat: {"stazioneId":"PA","stato":"ONLINE","timestamp":"2026-08-16T10:06:15.956422800Z","tipoEvento":"HEARTBEAT","bufferSize":0}
2026-08-16 12:06:25,955 INFO  [it.uni.reti2.HeartbeatGenerator] (vert.x-eventloop-thread-0) 💓 [HEARTBEAT] Invio heartbeat: {"stazioneId":"PA","stato":"ONLINE","timestamp":"2026-08-16T10:06:25.955112548Z","tipoEvento":"HEARTBEAT","bufferSize":0}
2026-08-16 12:06:35,958 INFO  [it.uni.reti2.HeartbeatGenerator] (vert.x-eventloop-thread-0) 💓 [HEARTBEAT] Invio heartbeat: {"stazioneId":"PA","stato":"ONLINE","timestamp":"2026-08-16T10:06:35.958499546Z","tipoEvento":"HEARTBEAT","bufferSize":0}
2026-08-16 12:06:45,960 INFO  [it.uni.reti2.HeartbeatGenerator] (vert.x-eventloop-thread-0) 💓 [HEARTBEAT] Invio heartbeat: {"stazioneId":"PA","stato":"ONLINE","timestamp":"2026-08-16T10:06:45.960438481Z","tipoEvento":"HEARTBEAT","bufferSize":0}
2026-08-16 12:06:55,951 INFO  [it.uni.reti2.HeartbeatGenerator] (vert.x-eventloop-thread-0) 💓 [HEARTBEAT] Invio heartbeat: {"stazioneId":"PA","stato":"ONLINE","timestamp":"2026-08-16T10:06:55.951107303Z","tipoEvento":"HEARTBEAT","bufferSize":0}
2026-08-16 12:07:05,958 INFO  [it.uni.reti2.HeartbeatGenerator] (vert.x-eventloop-thread-0) 💓 [HEARTBEAT] Invio heartbeat: {"stazioneId":"PA","stato":"ONLINE","timestamp":"2026-08-16T10:07:05.957987798Z","tipoEvento":"HEARTBEAT","bufferSize":0}
2026-08-16 12:07:15,960 INFO  [it.uni.reti2.HeartbeatGenerator] (vert.x-eventloop-thread-0) 💓 [HEARTBEAT] Invio heartbeat: {"stazioneId":"PA","stato":"ONLINE","timestamp":"2026-08-16T10:07:15.960472685Z","tipoEvento":"HEARTBEAT","bufferSize":0}
2026-08-16 12:07:25,955 INFO  [it.uni.reti2.HeartbeatGenerator] (vert.x-eventloop-thread-0) 💓 [HEARTBEAT] Invio heartbeat: {"stazioneId":"PA","stato":"ONLINE","timestamp":"2026-08-16T10:07:25.955452593Z","tipoEvento":"HEARTBEAT","bufferSize":0}
2026-08-16 12:07:35,959 INFO  [it.uni.reti2.HeartbeatGenerator] (vert.x-eventloop-thread-0) 💓 [HEARTBEAT] Invio heartbeat: {"stazioneId":"PA","stato":"ONLINE","timestamp":"2026-08-16T10:07:35.959455296Z","tipoEvento":"HEARTBEAT","bufferSize":0}
2026-08-16 12:07:45,955 INFO  [it.uni.reti2.HeartbeatGenerator] (vert.x-eventloop-thread-0) 💓 [HEARTBEAT] Invio heartbeat: {"stazioneId":"PA","stato":"ONLINE","timestamp":"2026-08-16T10:07:45.955470832Z","tipoEvento":"HEARTBEAT","bufferSize":0}
2026-08-16 12:07:55,955 INFO  [it.uni.reti2.HeartbeatGenerator] (vert.x-eventloop-thread-0) 💓 [HEARTBEAT] Invio heartbeat: {"stazioneId":"PA","stato":"ONLINE","timestamp":"2026-08-16T10:07:55.955533868Z","tipoEvento":"HEARTBEAT","bufferSize":0}
2026-08-16 12:08:05,955 INFO  [it.uni.reti2.HeartbeatGenerator] (vert.x-eventloop-thread-0) 💓 [HEARTBEAT] Invio heartbeat: {"stazioneId":"PA","stato":"ONLINE","timestamp":"2026-08-16T10:08:05.955474137Z","tipoEvento":"HEARTBEAT","bufferSize":0}
2026-08-16 12:08:15,957 INFO  [it.uni.reti2.HeartbeatGenerator] (vert.x-eventloop-thread-0) 💓 [HEARTBEAT] Invio heartbeat: {"stazioneId":"PA","stato":"ONLINE","timestamp":"2026-08-16T10:08:15.957511549Z","tipoEvento":"HEARTBEAT","bufferSize":0}
2026-08-16 12:08:25,951 INFO  [it.uni.reti2.HeartbeatGenerator] (vert.x-eventloop-thread-0) 💓 [HEARTBEAT] Invio heartbeat: {"stazioneId":"PA","stato":"ONLINE","timestamp":"2026-08-16T10:08:25.951779075Z","tipoEvento":"HEARTBEAT","bufferSize":0}
2026-08-16 12:08:35,960 INFO  [it.uni.reti2.HeartbeatGenerator] (vert.x-eventloop-thread-0) 💓 [HEARTBEAT] Invio heartbeat: {"stazioneId":"PA","stato":"ONLINE","timestamp":"2026-08-16T10:08:35.960741078Z","tipoEvento":"HEARTBEAT","bufferSize":0}
2026-08-16 12:08:45,960 INFO  [it.uni.reti2.HeartbeatGenerator] (vert.x-eventloop-thread-0) 💓 [HEARTBEAT] Invio heartbeat: {"stazioneId":"PA","stato":"ONLINE","timestamp":"2026-08-16T10:08:45.960702594Z","tipoEvento":"HEARTBEAT","bufferSize":0}
2026-08-16 12:08:55,955 INFO  [it.uni.reti2.HeartbeatGenerator] (vert.x-eventloop-thread-0) 💓 [HEARTBEAT] Invio heartbeat: {"stazioneId":"PA","stato":"ONLINE","timestamp":"2026-08-16T10:08:55.955086532Z","tipoEvento":"HEARTBEAT","bufferSize":0}
2026-08-16 12:09:05,961 INFO  [it.uni.reti2.HeartbeatGenerator] (vert.x-eventloop-thread-0) 💓 [HEARTBEAT] Invio heartbeat: {"stazioneId":"PA","stato":"ONLINE","timestamp":"2026-08-16T10:09:05.961672386Z","tipoEvento":"HEARTBEAT","bufferSize":0}
2026-08-16 12:09:15,960 INFO  [it.uni.reti2.HeartbeatGenerator] (vert.x-eventloop-thread-0) 💓 [HEARTBEAT] Invio heartbeat: {"stazioneId":"PA","stato":"ONLINE","timestamp":"2026-08-16T10:09:15.960469879Z","tipoEvento":"HEARTBEAT","bufferSize":0}
2026-08-16 12:09:25,952 INFO  [it.uni.reti2.HeartbeatGenerator] (vert.x-eventloop-thread-0) 💓 [HEARTBEAT] Invio heartbeat: {"stazioneId":"PA","stato":"ONLINE","timestamp":"2026-08-16T10:09:25.952794421Z","tipoEvento":"HEARTBEAT","bufferSize":0}
2026-08-16 12:09:32,613 INFO  [it.uni.reti2.StationGateway] (vert.x-eventloop-thread-2) 🚂 [PASSAGGIO] Treno Mario in ENTRATA dalla stazione PA
2026-08-16 12:09:35,954 INFO  [it.uni.reti2.HeartbeatGenerator] (vert.x-eventloop-thread-0) 💓 [HEARTBEAT] Invio heartbeat: {"stazioneId":"PA","stato":"ONLINE","timestamp":"2026-08-16T10:09:35.954056067Z","tipoEvento":"HEARTBEAT","bufferSize":0}
2026-08-16 12:09:45,960 INFO  [it.uni.reti2.HeartbeatGenerator] (vert.x-eventloop-thread-0) 💓 [HEARTBEAT] Invio heartbeat: {"stazioneId":"PA","stato":"ONLINE","timestamp":"2026-08-16T10:09:45.960803112Z","tipoEvento":"HEARTBEAT","bufferSize":0}
2026-08-16 12:09:55,954 INFO  [it.uni.reti2.HeartbeatGenerator] (vert.x-eventloop-thread-0) 💓 [HEARTBEAT] Invio heartbeat: {"stazioneId":"PA","stato":"ONLINE","timestamp":"2026-08-16T10:09:55.954453718Z","tipoEvento":"HEARTBEAT","bufferSize":0}
2026-08-16 12:10:05,951 INFO  [it.uni.reti2.HeartbeatGenerator] (vert.x-eventloop-thread-0) 💓 [HEARTBEAT] Invio heartbeat: {"stazioneId":"PA","stato":"ONLINE","timestamp":"2026-08-16T10:10:05.951436299Z","tipoEvento":"HEARTBEAT","bufferSize":0}
2026-08-16 12:10:13,612 INFO  [it.uni.reti2.StationGateway] (vert.x-eventloop-thread-2) 🚂 [PASSAGGIO] Treno Mario in USCITA dalla stazione PA
2026-08-16 12:10:15,953 INFO  [it.uni.reti2.HeartbeatGenerator] (vert.x-eventloop-thread-0) 💓 [HEARTBEAT] Invio heartbeat: {"stazioneId":"PA","stato":"ONLINE","timestamp":"2026-08-16T10:10:15.953286418Z","tipoEvento":"HEARTBEAT","bufferSize":0}
2026-08-16 12:10:25,954 INFO  [it.uni.reti2.HeartbeatGenerator] (vert.x-eventloop-thread-0) 💓 [HEARTBEAT] Invio heartbeat: {"stazioneId":"PA","stato":"ONLINE","timestamp":"2026-08-16T10:10:25.954562097Z","tipoEvento":"HEARTBEAT","bufferSize":0}
2026-08-16 12:10:35,954 INFO  [it.uni.reti2.HeartbeatGenerator] (vert.x-eventloop-thread-0) 💓 [HEARTBEAT] Invio heartbeat: {"stazioneId":"PA","stato":"ONLINE","timestamp":"2026-08-16T10:10:35.954616485Z","tipoEvento":"HEARTBEAT","bufferSize":0}
2026-08-16 12:10:45,959 INFO  [it.uni.reti2.HeartbeatGenerator] (vert.x-eventloop-thread-0) 💓 [HEARTBEAT] Invio heartbeat: {"stazioneId":"PA","stato":"ONLINE","timestamp":"2026-08-16T10:10:45.959473228Z","tipoEvento":"HEARTBEAT","bufferSize":0}
2026-08-16 12:10:55,954 INFO  [it.uni.reti2.HeartbeatGenerator] (vert.x-eventloop-thread-0) 💓 [HEARTBEAT] Invio heartbeat: {"stazioneId":"PA","stato":"ONLINE","timestamp":"2026-08-16T10:10:55.954924494Z","tipoEvento":"HEARTBEAT","bufferSize":0}
2026-08-16 12:11:05,961 INFO  [it.uni.reti2.HeartbeatGenerator] (vert.x-eventloop-thread-0) 💓 [HEARTBEAT] Invio heartbeat: {"stazioneId":"PA","stato":"ONLINE","timestamp":"2026-08-16T10:11:05.961179108Z","tipoEvento":"HEARTBEAT","bufferSize":0}
2026-08-16 12:11:15,961 INFO  [it.uni.reti2.HeartbeatGenerator] (vert.x-eventloop-thread-0) 💓 [HEARTBEAT] Invio heartbeat: {"stazioneId":"PA","stato":"ONLINE","timestamp":"2026-08-16T10:11:15.960997178Z","tipoEvento":"HEARTBEAT","bufferSize":0}
2026-08-16 12:11:25,955 INFO  [it.uni.reti2.HeartbeatGenerator] (vert.x-eventloop-thread-0) 💓 [HEARTBEAT] Invio heartbeat: {"stazioneId":"PA","stato":"ONLINE","timestamp":"2026-08-16T10:11:25.955302156Z","tipoEvento":"HEARTBEAT","bufferSize":0}
2026-08-16 12:11:35,960 INFO  [it.uni.reti2.HeartbeatGenerator] (vert.x-eventloop-thread-0) 💓 [HEARTBEAT] Invio heartbeat: {"stazioneId":"PA","stato":"ONLINE","timestamp":"2026-08-16T10:11:35.960468349Z","tipoEvento":"HEARTBEAT","bufferSize":0}
2026-08-16 12:11:45,952 INFO  [it.uni.reti2.HeartbeatGenerator] (vert.x-eventloop-thread-0) 💓 [HEARTBEAT] Invio heartbeat: {"stazioneId":"PA","stato":"ONLINE","timestamp":"2026-08-16T10:11:45.952802058Z","tipoEvento":"HEARTBEAT","bufferSize":0}
2026-08-16 12:11:55,954 INFO  [it.uni.reti2.HeartbeatGenerator] (vert.x-eventloop-thread-0) 💓 [HEARTBEAT] Invio heartbeat: {"stazioneId":"PA","stato":"ONLINE","timestamp":"2026-08-16T10:11:55.954452679Z","tipoEvento":"HEARTBEAT","bufferSize":0}
2026-08-16 12:12:02,887 WARN  [it.uni.reti2.StationGateway] (vert.x-eventloop-thread-3) 🚨 [ALERT RICEVUTO] La Centrale dice: {"tipoEvento":"GUASTO","sorgenteTipo":"TRENO","sorgenteId":"test","severita":"WARNING","messaggio":"alert di test","timestamp":"2026-08-16T10:12:02.880677599Z"}
2026-08-16 12:12:05,954 INFO  [it.uni.reti2.HeartbeatGenerator] (vert.x-eventloop-thread-0) 💓 [HEARTBEAT] Invio heartbeat: {"stazioneId":"PA","stato":"ONLINE","timestamp":"2026-08-16T10:12:05.954053676Z","tipoEvento":"HEARTBEAT","bufferSize":0}
2026-08-16 12:12:15,959 INFO  [it.uni.reti2.HeartbeatGenerator] (vert.x-eventloop-thread-0) 💓 [HEARTBEAT] Invio heartbeat: {"stazioneId":"PA","stato":"ONLINE","timestamp":"2026-08-16T10:12:15.959441746Z","tipoEvento":"HEARTBEAT","bufferSize":0}
2026-08-16 12:12:25,954 INFO  [it.uni.reti2.HeartbeatGenerator] (vert.x-eventloop-thread-0) 💓 [HEARTBEAT] Invio heartbeat: {"stazioneId":"PA","stato":"ONLINE","timestamp":"2026-08-16T10:12:25.954713216Z","tipoEvento":"HEARTBEAT","bufferSize":0}
2026-08-16 12:12:31,436 INFO  [it.uni.reti2.StationGateway] (vert.x-eventloop-thread-2) 🚂 [PASSAGGIO] Treno Mario in USCITA dalla stazione PA
2026-08-16 12:12:35,953 INFO  [it.uni.reti2.HeartbeatGenerator] (vert.x-eventloop-thread-0) 💓 [HEARTBEAT] Invio heartbeat: {"stazioneId":"PA","stato":"ONLINE","timestamp":"2026-08-16T10:12:35.953481927Z","tipoEvento":"HEARTBEAT","bufferSize":0}
2026-08-16 12:12:45,961 INFO  [it.uni.reti2.HeartbeatGenerator] (vert.x-eventloop-thread-0) 💓 [HEARTBEAT] Invio heartbeat: {"stazioneId":"PA","stato":"ONLINE","timestamp":"2026-08-16T10:12:45.960929371Z","tipoEvento":"HEARTBEAT","bufferSize":0}
2026-08-16 12:12:55,956 INFO  [it.uni.reti2.HeartbeatGenerator] (vert.x-eventloop-thread-0) 💓 [HEARTBEAT] Invio heartbeat: {"stazioneId":"PA","stato":"ONLINE","timestamp":"2026-08-16T10:12:55.956435042Z","tipoEvento":"HEARTBEAT","bufferSize":0}
2026-08-16 12:13:05,953 INFO  [it.uni.reti2.HeartbeatGenerator] (vert.x-eventloop-thread-0) 💓 [HEARTBEAT] Invio heartbeat: {"stazioneId":"PA","stato":"ONLINE","timestamp":"2026-08-16T10:13:05.953502982Z","tipoEvento":"HEARTBEAT","bufferSize":0}
2026-08-16 12:13:09,648 WARN  [it.uni.reti2.StationGateway] (vert.x-eventloop-thread-3) 🚨 [ALERT RICEVUTO] La Centrale dice: {"tipoEvento":"GUASTO","sorgenteTipo":"TRENO","sorgenteId":"test","severita":"WARNING","messaggio":"alert di test","timestamp":"2026-08-16T10:13:09.641307507Z"}
2026-08-16 12:13:15,956 INFO  [it.uni.reti2.HeartbeatGenerator] (vert.x-eventloop-thread-0) 💓 [HEARTBEAT] Invio heartbeat: {"stazioneId":"PA","stato":"ONLINE","timestamp":"2026-08-16T10:13:15.956436044Z","tipoEvento":"HEARTBEAT","bufferSize":0}
2026-08-16 12:13:25,962 INFO  [it.uni.reti2.HeartbeatGenerator] (vert.x-eventloop-thread-0) 💓 [HEARTBEAT] Invio heartbeat: {"stazioneId":"PA","stato":"ONLINE","timestamp":"2026-08-16T10:13:25.962025078Z","tipoEvento":"HEARTBEAT","bufferSize":0}
2026-08-16 12:13:35,954 INFO  [it.uni.reti2.HeartbeatGenerator] (vert.x-eventloop-thread-0) 💓 [HEARTBEAT] Invio heartbeat: {"stazioneId":"PA","stato":"ONLINE","timestamp":"2026-08-16T10:13:35.954153739Z","tipoEvento":"HEARTBEAT","bufferSize":0}
2026-08-16 12:13:37,399 INFO  [it.uni.reti2.StationGateway] (vert.x-eventloop-thread-2) 🚂 [PASSAGGIO] Treno Mario in USCITA dalla stazione PA
2026-08-16 12:13:45,958 INFO  [it.uni.reti2.HeartbeatGenerator] (vert.x-eventloop-thread-0) 💓 [HEARTBEAT] Invio heartbeat: {"stazioneId":"PA","stato":"ONLINE","timestamp":"2026-08-16T10:13:45.958122617Z","tipoEvento":"HEARTBEAT","bufferSize":0}
2026-08-16 12:13:55,961 INFO  [it.uni.reti2.HeartbeatGenerator] (vert.x-eventloop-thread-0) 💓 [HEARTBEAT] Invio heartbeat: {"stazioneId":"PA","stato":"ONLINE","timestamp":"2026-08-16T10:13:55.961177107Z","tipoEvento":"HEARTBEAT","bufferSize":0}
2026-08-16 12:14:05,954 INFO  [it.uni.reti2.HeartbeatGenerator] (vert.x-eventloop-thread-0) 💓 [HEARTBEAT] Invio heartbeat: {"stazioneId":"PA","stato":"ONLINE","timestamp":"2026-08-16T10:14:05.954458538Z","tipoEvento":"HEARTBEAT","bufferSize":0}
2026-08-16 12:14:15,957 INFO  [it.uni.reti2.HeartbeatGenerator] (vert.x-eventloop-thread-0) 💓 [HEARTBEAT] Invio heartbeat: {"stazioneId":"PA","stato":"ONLINE","timestamp":"2026-08-16T10:14:15.957058646Z","tipoEvento":"HEARTBEAT","bufferSize":0}
2026-08-16 12:14:25,952 INFO  [it.uni.reti2.HeartbeatGenerator] (vert.x-eventloop-thread-0) 💓 [HEARTBEAT] Invio heartbeat: {"stazioneId":"PA","stato":"ONLINE","timestamp":"2026-08-16T10:14:25.952558793Z","tipoEvento":"HEARTBEAT","bufferSize":0}
2026-08-16 12:14:35,960 INFO  [it.uni.reti2.HeartbeatGenerator] (vert.x-eventloop-thread-0) 💓 [HEARTBEAT] Invio heartbeat: {"stazioneId":"PA","stato":"ONLINE","timestamp":"2026-08-16T10:14:35.960462377Z","tipoEvento":"HEARTBEAT","bufferSize":0}
2026-08-16 12:14:45,951 INFO  [it.uni.reti2.HeartbeatGenerator] (vert.x-eventloop-thread-0) 💓 [HEARTBEAT] Invio heartbeat: {"stazioneId":"PA","stato":"ONLINE","timestamp":"2026-08-16T10:14:45.951471982Z","tipoEvento":"HEARTBEAT","bufferSize":0}
2026-08-16 12:14:46,343 INFO  [it.uni.reti2.StationGateway] (vert.x-eventloop-thread-2) 🚂 [PASSAGGIO] Treno tenoAmmazzaRicchi in ENTRATA dalla stazione PA
2026-08-16 12:14:55,959 INFO  [it.uni.reti2.HeartbeatGenerator] (vert.x-eventloop-thread-0) 💓 [HEARTBEAT] Invio heartbeat: {"stazioneId":"PA","stato":"ONLINE","timestamp":"2026-08-16T10:14:55.959486041Z","tipoEvento":"HEARTBEAT","bufferSize":0}
2026-08-16 12:15:05,957 INFO  [it.uni.reti2.HeartbeatGenerator] (vert.x-eventloop-thread-0) 💓 [HEARTBEAT] Invio heartbeat: {"stazioneId":"PA","stato":"ONLINE","timestamp":"2026-08-16T10:15:05.957793809Z","tipoEvento":"HEARTBEAT","bufferSize":0}
2026-08-16 12:15:15,956 INFO  [it.uni.reti2.HeartbeatGenerator] (vert.x-eventloop-thread-0) 💓 [HEARTBEAT] Invio heartbeat: {"stazioneId":"PA","stato":"ONLINE","timestamp":"2026-08-16T10:15:15.956583490Z","tipoEvento":"HEARTBEAT","bufferSize":0}
2026-08-16 12:15:25,954 INFO  [it.uni.reti2.HeartbeatGenerator] (vert.x-eventloop-thread-0) 💓 [HEARTBEAT] Invio heartbeat: {"stazioneId":"PA","stato":"ONLINE","timestamp":"2026-08-16T10:15:25.954239851Z","tipoEvento":"HEARTBEAT","bufferSize":0}
2026-08-16 12:15:26,344 INFO  [it.uni.reti2.StationGateway] (vert.x-eventloop-thread-2) 🚂 [PASSAGGIO] Treno tenoAmmazzaRicchi in USCITA dalla stazione PA
2026-08-16 12:15:35,958 INFO  [it.uni.reti2.HeartbeatGenerator] (vert.x-eventloop-thread-0) 💓 [HEARTBEAT] Invio heartbeat: {"stazioneId":"PA","stato":"ONLINE","timestamp":"2026-08-16T10:15:35.958398630Z","tipoEvento":"HEARTBEAT","bufferSize":0}
2026-08-16 12:15:45,956 INFO  [it.uni.reti2.HeartbeatGenerator] (vert.x-eventloop-thread-0) 💓 [HEARTBEAT] Invio heartbeat: {"stazioneId":"PA","stato":"ONLINE","timestamp":"2026-08-16T10:15:45.956437256Z","tipoEvento":"HEARTBEAT","bufferSize":0}
2026-08-16 12:15:55,955 INFO  [it.uni.reti2.HeartbeatGenerator] (vert.x-eventloop-thread-0) 💓 [HEARTBEAT] Invio heartbeat: {"stazioneId":"PA","stato":"ONLINE","timestamp":"2026-08-16T10:15:55.955577748Z","tipoEvento":"HEARTBEAT","bufferSize":0}
2026-08-16 12:16:05,961 INFO  [it.uni.reti2.HeartbeatGenerator] (vert.x-eventloop-thread-0) 💓 [HEARTBEAT] Invio heartbeat: {"stazioneId":"PA","stato":"ONLINE","timestamp":"2026-08-16T10:16:05.960991773Z","tipoEvento":"HEARTBEAT","bufferSize":0}
2026-08-16 12:16:15,953 INFO  [it.uni.reti2.HeartbeatGenerator] (vert.x-eventloop-thread-0) 💓 [HEARTBEAT] Invio heartbeat: {"stazioneId":"PA","stato":"ONLINE","timestamp":"2026-08-16T10:16:15.953492913Z","tipoEvento":"HEARTBEAT","bufferSize":0}
2026-08-16 12:16:25,961 INFO  [it.uni.reti2.HeartbeatGenerator] (vert.x-eventloop-thread-0) 💓 [HEARTBEAT] Invio heartbeat: {"stazioneId":"PA","stato":"ONLINE","timestamp":"2026-08-16T10:16:25.961072895Z","tipoEvento":"HEARTBEAT","bufferSize":0}
2026-08-16 12:16:35,392 INFO  [it.uni.reti2.StationGateway] (vert.x-eventloop-thread-2) 🚂 [PASSAGGIO] Treno Mario in ENTRATA dalla stazione PA
2026-08-16 12:16:35,950 INFO  [it.uni.reti2.HeartbeatGenerator] (vert.x-eventloop-thread-0) 💓 [HEARTBEAT] Invio heartbeat: {"stazioneId":"PA","stato":"ONLINE","timestamp":"2026-08-16T10:16:35.950497230Z","tipoEvento":"HEARTBEAT","bufferSize":0}
2026-08-16 12:16:45,957 INFO  [it.uni.reti2.HeartbeatGenerator] (vert.x-eventloop-thread-0) 💓 [HEARTBEAT] Invio heartbeat: {"stazioneId":"PA","stato":"ONLINE","timestamp":"2026-08-16T10:16:45.957738401Z","tipoEvento":"HEARTBEAT","bufferSize":0}
2026-08-16 12:16:55,951 INFO  [it.uni.reti2.HeartbeatGenerator] (vert.x-eventloop-thread-0) 💓 [HEARTBEAT] Invio heartbeat: {"stazioneId":"PA","stato":"ONLINE","timestamp":"2026-08-16T10:16:55.951458358Z","tipoEvento":"HEARTBEAT","bufferSize":0}
2026-08-16 12:17:05,953 INFO  [it.uni.reti2.HeartbeatGenerator] (vert.x-eventloop-thread-0) 💓 [HEARTBEAT] Invio heartbeat: {"stazioneId":"PA","stato":"ONLINE","timestamp":"2026-08-16T10:17:05.953802001Z","tipoEvento":"HEARTBEAT","bufferSize":0}
2026-08-16 12:17:15,392 INFO  [it.uni.reti2.StationGateway] (vert.x-eventloop-thread-2) 🚂 [PASSAGGIO] Treno Mario in USCITA dalla stazione PA
2026-08-16 12:17:15,951 INFO  [it.uni.reti2.HeartbeatGenerator] (vert.x-eventloop-thread-0) 💓 [HEARTBEAT] Invio heartbeat: {"stazioneId":"PA","stato":"ONLINE","timestamp":"2026-08-16T10:17:15.951804952Z","tipoEvento":"HEARTBEAT","bufferSize":0}
2026-08-16 12:17:24,226 WARN  [it.uni.reti2.StationGateway] (vert.x-eventloop-thread-3) 🚨 [ALERT RICEVUTO] La Centrale dice: {"tipoEvento":"GUASTO","sorgenteTipo":"TRENO","sorgenteId":"test","severita":"WARNING","messaggio":"alert di test","timestamp":"2026-08-16T10:17:24.219600366Z"}
2026-08-16 12:17:25,952 INFO  [it.uni.reti2.HeartbeatGenerator] (vert.x-eventloop-thread-0) 💓 [HEARTBEAT] Invio heartbeat: {"stazioneId":"PA","stato":"ONLINE","timestamp":"2026-08-16T10:17:25.952867487Z","tipoEvento":"HEARTBEAT","bufferSize":0}
2026-08-16 12:17:33,047 INFO  [it.uni.reti2.StationGateway] (vert.x-eventloop-thread-2) 🚂 [PASSAGGIO] Treno Mario in USCITA dalla stazione PA
2026-08-16 12:17:35,952 INFO  [it.uni.reti2.HeartbeatGenerator] (vert.x-eventloop-thread-0) 💓 [HEARTBEAT] Invio heartbeat: {"stazioneId":"PA","stato":"ONLINE","timestamp":"2026-08-16T10:17:35.952483062Z","tipoEvento":"HEARTBEAT","bufferSize":0}
2026-08-16 12:17:45,952 INFO  [it.uni.reti2.HeartbeatGenerator] (vert.x-eventloop-thread-0) 💓 [HEARTBEAT] Invio heartbeat: {"stazioneId":"PA","stato":"ONLINE","timestamp":"2026-08-16T10:17:45.952245532Z","tipoEvento":"HEARTBEAT","bufferSize":0}
2026-08-16 12:17:55,952 INFO  [it.uni.reti2.HeartbeatGenerator] (vert.x-eventloop-thread-0) 💓 [HEARTBEAT] Invio heartbeat: {"stazioneId":"PA","stato":"ONLINE","timestamp":"2026-08-16T10:17:55.952259355Z","tipoEvento":"HEARTBEAT","bufferSize":0}
2026-08-16 12:18:05,958 INFO  [it.uni.reti2.HeartbeatGenerator] (vert.x-eventloop-thread-0) 💓 [HEARTBEAT] Invio heartbeat: {"stazioneId":"PA","stato":"ONLINE","timestamp":"2026-08-16T10:18:05.957881234Z","tipoEvento":"HEARTBEAT","bufferSize":0}
2026-08-16 12:18:15,956 INFO  [it.uni.reti2.HeartbeatGenerator] (vert.x-eventloop-thread-0) 💓 [HEARTBEAT] Invio heartbeat: {"stazioneId":"PA","stato":"ONLINE","timestamp":"2026-08-16T10:18:15.956174739Z","tipoEvento":"HEARTBEAT","bufferSize":0}
2026-08-16 12:18:21,124 INFO  [it.uni.reti2.StationGateway] (vert.x-eventloop-thread-2) 🚂 [PASSAGGIO] Treno tenoAmmazzaRicchi in ENTRATA dalla stazione PA
2026-08-16 12:18:25,952 INFO  [it.uni.reti2.HeartbeatGenerator] (vert.x-eventloop-thread-0) 💓 [HEARTBEAT] Invio heartbeat: {"stazioneId":"PA","stato":"ONLINE","timestamp":"2026-08-16T10:18:25.952177643Z","tipoEvento":"HEARTBEAT","bufferSize":0}
2026-08-16 12:18:26,124 INFO  [it.uni.reti2.StationGateway] (vert.x-eventloop-thread-2) 🚂 [PASSAGGIO] Treno tenoAmmazzaRicchi in USCITA dalla stazione PA
2026-08-16 12:18:35,951 INFO  [it.uni.reti2.HeartbeatGenerator] (vert.x-eventloop-thread-0) 💓 [HEARTBEAT] Invio heartbeat: {"stazioneId":"PA","stato":"ONLINE","timestamp":"2026-08-16T10:18:35.951964575Z","tipoEvento":"HEARTBEAT","bufferSize":0}
2026-08-16 12:18:45,958 INFO  [it.uni.reti2.HeartbeatGenerator] (vert.x-eventloop-thread-0) 💓 [HEARTBEAT] Invio heartbeat: {"stazioneId":"PA","stato":"ONLINE","timestamp":"2026-08-16T10:18:45.958240055Z","tipoEvento":"HEARTBEAT","bufferSize":0}
2026-08-16 12:18:55,952 INFO  [it.uni.reti2.HeartbeatGenerator] (vert.x-eventloop-thread-0) 💓 [HEARTBEAT] Invio heartbeat: {"stazioneId":"PA","stato":"ONLINE","timestamp":"2026-08-16T10:18:55.952475761Z","tipoEvento":"HEARTBEAT","bufferSize":0}
2026-08-16 12:19:04,939 WARN  [it.uni.reti2.StationGateway] (vert.x-eventloop-thread-3) 🚨 [ALERT RICEVUTO] La Centrale dice: {"tipoEvento":"RESOLVED","sorgenteTipo":"TRENO","sorgenteId":"test","guastoId":"alert-1786873363000-6d0078f5","timestamp":"2026-08-16T10:19:04.938333070Z"}
2026-08-16 12:19:05,951 INFO  [it.uni.reti2.HeartbeatGenerator] (vert.x-eventloop-thread-0) 💓 [HEARTBEAT] Invio heartbeat: {"stazioneId":"PA","stato":"ONLINE","timestamp":"2026-08-16T10:19:05.951517237Z","tipoEvento":"HEARTBEAT","bufferSize":0}
2026-08-16 12:19:11,045 INFO  [it.uni.reti2.StationGateway] (vert.x-eventloop-thread-2) 🚂 [PASSAGGIO] Treno Mario in ENTRATA dalla stazione PA
2026-08-16 12:19:15,045 INFO  [it.uni.reti2.StationGateway] (vert.x-eventloop-thread-2) 🚂 [PASSAGGIO] Treno Mario in USCITA dalla stazione PA
2026-08-16 12:19:15,951 INFO  [it.uni.reti2.HeartbeatGenerator] (vert.x-eventloop-thread-0) 💓 [HEARTBEAT] Invio heartbeat: {"stazioneId":"PA","stato":"ONLINE","timestamp":"2026-08-16T10:19:15.951851906Z","tipoEvento":"HEARTBEAT","bufferSize":0}
2026-08-16 12:19:18,593 WARN  [it.uni.reti2.StationGateway] (vert.x-eventloop-thread-3) 🚨 [ALERT RICEVUTO] La Centrale dice: {"tipoEvento":"STOP","target":"Mario","motivo":"Soppresso da operatore","timestamp":"2026-08-16T10:19:18.590798794Z"}
2026-08-16 12:19:25,952 INFO  [it.uni.reti2.HeartbeatGenerator] (vert.x-eventloop-thread-0) 💓 [HEARTBEAT] Invio heartbeat: {"stazioneId":"PA","stato":"ONLINE","timestamp":"2026-08-16T10:19:25.952450690Z","tipoEvento":"HEARTBEAT","bufferSize":0}
2026-08-16 12:19:35,955 INFO  [it.uni.reti2.HeartbeatGenerator] (vert.x-eventloop-thread-0) 💓 [HEARTBEAT] Invio heartbeat: {"stazioneId":"PA","stato":"ONLINE","timestamp":"2026-08-16T10:19:35.955664369Z","tipoEvento":"HEARTBEAT","bufferSize":0}
2026-08-16 12:19:45,953 INFO  [it.uni.reti2.HeartbeatGenerator] (vert.x-eventloop-thread-0) 💓 [HEARTBEAT] Invio heartbeat: {"stazioneId":"PA","stato":"ONLINE","timestamp":"2026-08-16T10:19:45.953440715Z","tipoEvento":"HEARTBEAT","bufferSize":0}
2026-08-16 12:19:55,953 INFO  [it.uni.reti2.HeartbeatGenerator] (vert.x-eventloop-thread-0) 💓 [HEARTBEAT] Invio heartbeat: {"stazioneId":"PA","stato":"ONLINE","timestamp":"2026-08-16T10:19:55.953482669Z","tipoEvento":"HEARTBEAT","bufferSize":0}
2026-08-16 12:20:05,960 INFO  [it.uni.reti2.HeartbeatGenerator] (vert.x-eventloop-thread-0) 💓 [HEARTBEAT] Invio heartbeat: {"stazioneId":"PA","stato":"ONLINE","timestamp":"2026-08-16T10:20:05.960942073Z","tipoEvento":"HEARTBEAT","bufferSize":0}
2026-08-16 12:20:06,123 INFO  [it.uni.reti2.StationGateway] (vert.x-eventloop-thread-2) 🚂 [PASSAGGIO] Treno tenoAmmazzaRicchi in ENTRATA dalla stazione PA
2026-08-16 12:20:11,123 INFO  [it.uni.reti2.StationGateway] (vert.x-eventloop-thread-2) 🚂 [PASSAGGIO] Treno tenoAmmazzaRicchi in USCITA dalla stazione PA
2026-08-16 12:20:15,955 INFO  [it.uni.reti2.HeartbeatGenerator] (vert.x-eventloop-thread-0) 💓 [HEARTBEAT] Invio heartbeat: {"stazioneId":"PA","stato":"ONLINE","timestamp":"2026-08-16T10:20:15.955435918Z","tipoEvento":"HEARTBEAT","bufferSize":0}
2026-08-16 12:20:25,952 INFO  [it.uni.reti2.HeartbeatGenerator] (vert.x-eventloop-thread-0) 💓 [HEARTBEAT] Invio heartbeat: {"stazioneId":"PA","stato":"ONLINE","timestamp":"2026-08-16T10:20:25.952461577Z","tipoEvento":"HEARTBEAT","bufferSize":0}
2026-08-16 12:20:35,951 INFO  [it.uni.reti2.HeartbeatGenerator] (vert.x-eventloop-thread-0) 💓 [HEARTBEAT] Invio heartbeat: {"stazioneId":"PA","stato":"ONLINE","timestamp":"2026-08-16T10:20:35.951789974Z","tipoEvento":"HEARTBEAT","bufferSize":0}
2026-08-16 12:20:45,951 INFO  [it.uni.reti2.HeartbeatGenerator] (vert.x-eventloop-thread-0) 💓 [HEARTBEAT] Invio heartbeat: {"stazioneId":"PA","stato":"ONLINE","timestamp":"2026-08-16T10:20:45.951818675Z","tipoEvento":"HEARTBEAT","bufferSize":0}
2026-08-16 12:20:55,958 INFO  [it.uni.reti2.HeartbeatGenerator] (vert.x-eventloop-thread-0) 💓 [HEARTBEAT] Invio heartbeat: {"stazioneId":"PA","stato":"ONLINE","timestamp":"2026-08-16T10:20:55.958186077Z","tipoEvento":"HEARTBEAT","bufferSize":0}
2026-08-16 12:21:05,954 INFO  [it.uni.reti2.HeartbeatGenerator] (vert.x-eventloop-thread-0) 💓 [HEARTBEAT] Invio heartbeat: {"stazioneId":"PA","stato":"ONLINE","timestamp":"2026-08-16T10:21:05.954482474Z","tipoEvento":"HEARTBEAT","bufferSize":0}
2026-08-16 12:21:15,952 INFO  [it.uni.reti2.HeartbeatGenerator] (vert.x-eventloop-thread-0) 💓 [HEARTBEAT] Invio heartbeat: {"stazioneId":"PA","stato":"ONLINE","timestamp":"2026-08-16T10:21:15.952541661Z","tipoEvento":"HEARTBEAT","bufferSize":0}
2026-08-16 12:21:25,951 INFO  [it.uni.reti2.HeartbeatGenerator] (vert.x-eventloop-thread-0) 💓 [HEARTBEAT] Invio heartbeat: {"stazioneId":"PA","stato":"ONLINE","timestamp":"2026-08-16T10:21:25.951451744Z","tipoEvento":"HEARTBEAT","bufferSize":0}
2026-08-16 12:21:35,959 INFO  [it.uni.reti2.HeartbeatGenerator] (vert.x-eventloop-thread-0) 💓 [HEARTBEAT] Invio heartbeat: {"stazioneId":"PA","stato":"ONLINE","timestamp":"2026-08-16T10:21:35.959244421Z","tipoEvento":"HEARTBEAT","bufferSize":0}
2026-08-16 12:21:45,957 INFO  [it.uni.reti2.HeartbeatGenerator] (vert.x-eventloop-thread-0) 💓 [HEARTBEAT] Invio heartbeat: {"stazioneId":"PA","stato":"ONLINE","timestamp":"2026-08-16T10:21:45.957570826Z","tipoEvento":"HEARTBEAT","bufferSize":0}
2026-08-16 12:21:49,124 INFO  [it.uni.reti2.StationGateway] (vert.x-eventloop-thread-2) 🚂 [PASSAGGIO] Treno tenoAmmazzaRicchi in ENTRATA dalla stazione PA
2026-08-16 12:21:53,128 INFO  [it.uni.reti2.StationGateway] (vert.x-eventloop-thread-2) 🚂 [PASSAGGIO] Treno tenoAmmazzaRicchi in USCITA dalla stazione PA
2026-08-16 12:21:55,953 INFO  [it.uni.reti2.HeartbeatGenerator] (vert.x-eventloop-thread-0) 💓 [HEARTBEAT] Invio heartbeat: {"stazioneId":"PA","stato":"ONLINE","timestamp":"2026-08-16T10:21:55.953775031Z","tipoEvento":"HEARTBEAT","bufferSize":0}
2026-08-16 12:22:05,951 INFO  [it.uni.reti2.HeartbeatGenerator] (vert.x-eventloop-thread-0) 💓 [HEARTBEAT] Invio heartbeat: {"stazioneId":"PA","stato":"ONLINE","timestamp":"2026-08-16T10:22:05.951968365Z","tipoEvento":"HEARTBEAT","bufferSize":0}
2026-08-16 12:22:15,951 INFO  [it.uni.reti2.HeartbeatGenerator] (vert.x-eventloop-thread-0) 💓 [HEARTBEAT] Invio heartbeat: {"stazioneId":"PA","stato":"ONLINE","timestamp":"2026-08-16T10:22:15.951497098Z","tipoEvento":"HEARTBEAT","bufferSize":0}
2026-08-16 12:22:25,952 INFO  [it.uni.reti2.HeartbeatGenerator] (vert.x-eventloop-thread-0) 💓 [HEARTBEAT] Invio heartbeat: {"stazioneId":"PA","stato":"ONLINE","timestamp":"2026-08-16T10:22:25.952482082Z","tipoEvento":"HEARTBEAT","bufferSize":0}
2026-08-16 12:22:35,956 INFO  [it.uni.reti2.HeartbeatGenerator] (vert.x-eventloop-thread-0) 💓 [HEARTBEAT] Invio heartbeat: {"stazioneId":"PA","stato":"ONLINE","timestamp":"2026-08-16T10:22:35.956796145Z","tipoEvento":"HEARTBEAT","bufferSize":0}
2026-08-16 12:22:45,952 INFO  [it.uni.reti2.HeartbeatGenerator] (vert.x-eventloop-thread-0) 💓 [HEARTBEAT] Invio heartbeat: {"stazioneId":"PA","stato":"ONLINE","timestamp":"2026-08-16T10:22:45.952559543Z","tipoEvento":"HEARTBEAT","bufferSize":0}
2026-08-16 12:22:55,953 INFO  [it.uni.reti2.HeartbeatGenerator] (vert.x-eventloop-thread-0) 💓 [HEARTBEAT] Invio heartbeat: {"stazioneId":"PA","stato":"ONLINE","timestamp":"2026-08-16T10:22:55.953096914Z","tipoEvento":"HEARTBEAT","bufferSize":0}
2026-08-16 12:23:05,960 INFO  [it.uni.reti2.HeartbeatGenerator] (vert.x-eventloop-thread-0) 💓 [HEARTBEAT] Invio heartbeat: {"stazioneId":"PA","stato":"ONLINE","timestamp":"2026-08-16T10:23:05.960295911Z","tipoEvento":"HEARTBEAT","bufferSize":0}
2026-08-16 12:23:15,957 INFO  [it.uni.reti2.HeartbeatGenerator] (vert.x-eventloop-thread-0) 💓 [HEARTBEAT] Invio heartbeat: {"stazioneId":"PA","stato":"ONLINE","timestamp":"2026-08-16T10:23:15.957285784Z","tipoEvento":"HEARTBEAT","bufferSize":0}
2026-08-16 12:23:25,955 INFO  [it.uni.reti2.HeartbeatGenerator] (vert.x-eventloop-thread-0) 💓 [HEARTBEAT] Invio heartbeat: {"stazioneId":"PA","stato":"ONLINE","timestamp":"2026-08-16T10:23:25.955128981Z","tipoEvento":"HEARTBEAT","bufferSize":0}
2026-08-16 12:23:26,571 WARN  [it.uni.reti2.StationGateway] (vert.x-eventloop-thread-3) 🚨 [ALERT RICEVUTO] La Centrale dice: {"tipoEvento":"ITINERARIO_AGGIORNATO","target":"Genoveffa","timestamp":"2026-08-16T10:23:26.570836598Z"}
2026-08-16 12:23:32,124 INFO  [it.uni.reti2.StationGateway] (vert.x-eventloop-thread-2) 🚂 [PASSAGGIO] Treno tenoAmmazzaRicchi in ENTRATA dalla stazione PA
2026-08-16 12:23:35,954 INFO  [it.uni.reti2.HeartbeatGenerator] (vert.x-eventloop-thread-0) 💓 [HEARTBEAT] Invio heartbeat: {"stazioneId":"PA","stato":"ONLINE","timestamp":"2026-08-16T10:23:35.954501976Z","tipoEvento":"HEARTBEAT","bufferSize":0}
2026-08-16 12:23:37,123 INFO  [it.uni.reti2.StationGateway] (vert.x-eventloop-thread-2) 🚂 [PASSAGGIO] Treno tenoAmmazzaRicchi in USCITA dalla stazione PA
2026-08-16 12:23:45,959 INFO  [it.uni.reti2.HeartbeatGenerator] (vert.x-eventloop-thread-0) 💓 [HEARTBEAT] Invio heartbeat: {"stazioneId":"PA","stato":"ONLINE","timestamp":"2026-08-16T10:23:45.959458190Z","tipoEvento":"HEARTBEAT","bufferSize":0}
2026-08-16 12:23:46,876 WARN  [it.uni.reti2.StationGateway] (vert.x-eventloop-thread-3) 🚨 [ALERT RICEVUTO] La Centrale dice: {"tipoEvento":"ITINERARIO_AGGIORNATO","target":"Mario","timestamp":"2026-08-16T10:23:46.875528786Z"}
2026-08-16 12:23:55,957 INFO  [it.uni.reti2.HeartbeatGenerator] (vert.x-eventloop-thread-0) 💓 [HEARTBEAT] Invio heartbeat: {"stazioneId":"PA","stato":"ONLINE","timestamp":"2026-08-16T10:23:55.956958945Z","tipoEvento":"HEARTBEAT","bufferSize":0}
2026-08-16 12:24:05,628 WARN  [it.uni.reti2.StationGateway] (vert.x-eventloop-thread-3) 🚨 [ALERT RICEVUTO] La Centrale dice: {"tipoEvento":"ITINERARIO_AGGIORNATO","target":"Francesco","timestamp":"2026-08-16T10:24:05.626612869Z"}
2026-08-16 12:24:05,629 WARN  [it.uni.reti2.StationGateway] (vert.x-eventloop-thread-3) 🚨 [ALERT RICEVUTO] La Centrale dice: {"tipoEvento":"ITINERARIO_AGGIORNATO","target":"Pietro","timestamp":"2026-08-16T10:24:05.626831130Z"}
2026-08-16 12:24:05,629 WARN  [it.uni.reti2.StationGateway] (vert.x-eventloop-thread-3) 🚨 [ALERT RICEVUTO] La Centrale dice: {"tipoEvento":"ITINERARIO_AGGIORNATO","target":"tenoAmmazzaRicchi","timestamp":"2026-08-16T10:24:05.626841529Z"}
2026-08-16 12:24:05,951 INFO  [it.uni.reti2.HeartbeatGenerator] (vert.x-eventloop-thread-0) 💓 [HEARTBEAT] Invio heartbeat: {"stazioneId":"PA","stato":"ONLINE","timestamp":"2026-08-16T10:24:05.951522427Z","tipoEvento":"HEARTBEAT","bufferSize":0}
2026-08-16 12:24:15,952 INFO  [it.uni.reti2.HeartbeatGenerator] (vert.x-eventloop-thread-0) 💓 [HEARTBEAT] Invio heartbeat: {"stazioneId":"PA","stato":"ONLINE","timestamp":"2026-08-16T10:24:15.952336250Z","tipoEvento":"HEARTBEAT","bufferSize":0}
2026-08-16 12:24:25,957 INFO  [it.uni.reti2.HeartbeatGenerator] (vert.x-eventloop-thread-0) 💓 [HEARTBEAT] Invio heartbeat: {"stazioneId":"PA","stato":"ONLINE","timestamp":"2026-08-16T10:24:25.957472130Z","tipoEvento":"HEARTBEAT","bufferSize":0}
2026-08-16 12:24:35,951 INFO  [it.uni.reti2.HeartbeatGenerator] (vert.x-eventloop-thread-0) 💓 [HEARTBEAT] Invio heartbeat: {"stazioneId":"PA","stato":"ONLINE","timestamp":"2026-08-16T10:24:35.951543636Z","tipoEvento":"HEARTBEAT","bufferSize":0}
2026-08-16 12:24:45,951 INFO  [it.uni.reti2.HeartbeatGenerator] (vert.x-eventloop-thread-0) 💓 [HEARTBEAT] Invio heartbeat: {"stazioneId":"PA","stato":"ONLINE","timestamp":"2026-08-16T10:24:45.951735154Z","tipoEvento":"HEARTBEAT","bufferSize":0}
2026-08-16 12:24:55,959 INFO  [it.uni.reti2.HeartbeatGenerator] (vert.x-eventloop-thread-0) 💓 [HEARTBEAT] Invio heartbeat: {"stazioneId":"PA","stato":"ONLINE","timestamp":"2026-08-16T10:24:55.958952035Z","tipoEvento":"HEARTBEAT","bufferSize":0}
2026-08-16 12:25:05,951 INFO  [it.uni.reti2.HeartbeatGenerator] (vert.x-eventloop-thread-0) 💓 [HEARTBEAT] Invio heartbeat: {"stazioneId":"PA","stato":"ONLINE","timestamp":"2026-08-16T10:25:05.951651540Z","tipoEvento":"HEARTBEAT","bufferSize":0}
2026-08-16 12:25:15,955 INFO  [it.uni.reti2.HeartbeatGenerator] (vert.x-eventloop-thread-0) 💓 [HEARTBEAT] Invio heartbeat: {"stazioneId":"PA","stato":"ONLINE","timestamp":"2026-08-16T10:25:15.955656708Z","tipoEvento":"HEARTBEAT","bufferSize":0}
2026-08-16 12:25:25,955 INFO  [it.uni.reti2.HeartbeatGenerator] (vert.x-eventloop-thread-0) 💓 [HEARTBEAT] Invio heartbeat: {"stazioneId":"PA","stato":"ONLINE","timestamp":"2026-08-16T10:25:25.955841160Z","tipoEvento":"HEARTBEAT","bufferSize":0}
2026-08-16 12:25:35,951 INFO  [it.uni.reti2.HeartbeatGenerator] (vert.x-eventloop-thread-0) 💓 [HEARTBEAT] Invio heartbeat: {"stazioneId":"PA","stato":"ONLINE","timestamp":"2026-08-16T10:25:35.951162328Z","tipoEvento":"HEARTBEAT","bufferSize":0}
2026-08-16 12:25:44,647 WARN  [it.uni.reti2.StationGateway] (vert.x-eventloop-thread-3) 🚨 [ALERT RICEVUTO] La Centrale dice: {"tipoEvento":"GUASTO","origine":"CENTRALE","sorgenteTipo":"TRENO","sorgenteId":"tenoAmmazzaRicchi","severita":"warning","messaggio":"Convoglio fermo: il convoglio tenoAmmazzaRicchi è fermo fuori da una stazione da oltre 90 secondi","guastoId":"alert-1786875944638-f7379496","timestamp":"2026-08-16T10:25:44.638960850Z"}
2026-08-16 12:25:45,952 INFO  [it.uni.reti2.HeartbeatGenerator] (vert.x-eventloop-thread-0) 💓 [HEARTBEAT] Invio heartbeat: {"stazioneId":"PA","stato":"ONLINE","timestamp":"2026-08-16T10:25:45.952191623Z","tipoEvento":"HEARTBEAT","bufferSize":0}
2026-08-16 12:25:55,959 INFO  [it.uni.reti2.HeartbeatGenerator] (vert.x-eventloop-thread-0) 💓 [HEARTBEAT] Invio heartbeat: {"stazioneId":"PA","stato":"ONLINE","timestamp":"2026-08-16T10:25:55.959459215Z","tipoEvento":"HEARTBEAT","bufferSize":0}
2026-08-16 12:26:05,950 INFO  [it.uni.reti2.HeartbeatGenerator] (vert.x-eventloop-thread-0) 💓 [HEARTBEAT] Invio heartbeat: {"stazioneId":"PA","stato":"ONLINE","timestamp":"2026-08-16T10:26:05.950804194Z","tipoEvento":"HEARTBEAT","bufferSize":0}
2026-08-16 12:26:15,951 INFO  [it.uni.reti2.HeartbeatGenerator] (vert.x-eventloop-thread-0) 💓 [HEARTBEAT] Invio heartbeat: {"stazioneId":"PA","stato":"ONLINE","timestamp":"2026-08-16T10:26:15.951445674Z","tipoEvento":"HEARTBEAT","bufferSize":0}
2026-08-16 12:26:25,959 INFO  [it.uni.reti2.HeartbeatGenerator] (vert.x-eventloop-thread-0) 💓 [HEARTBEAT] Invio heartbeat: {"stazioneId":"PA","stato":"ONLINE","timestamp":"2026-08-16T10:26:25.959497646Z","tipoEvento":"HEARTBEAT","bufferSize":0}
2026-08-16 12:26:35,954 INFO  [it.uni.reti2.HeartbeatGenerator] (vert.x-eventloop-thread-0) 💓 [HEARTBEAT] Invio heartbeat: {"stazioneId":"PA","stato":"ONLINE","timestamp":"2026-08-16T10:26:35.954622437Z","tipoEvento":"HEARTBEAT","bufferSize":0}
2026-08-16 12:26:45,951 INFO  [it.uni.reti2.HeartbeatGenerator] (vert.x-eventloop-thread-0) 💓 [HEARTBEAT] Invio heartbeat: {"stazioneId":"PA","stato":"ONLINE","timestamp":"2026-08-16T10:26:45.951803807Z","tipoEvento":"HEARTBEAT","bufferSize":0}
2026-08-16 12:26:55,960 INFO  [it.uni.reti2.HeartbeatGenerator] (vert.x-eventloop-thread-0) 💓 [HEARTBEAT] Invio heartbeat: {"stazioneId":"PA","stato":"ONLINE","timestamp":"2026-08-16T10:26:55.959927767Z","tipoEvento":"HEARTBEAT","bufferSize":0}
2026-08-16 12:27:05,955 INFO  [it.uni.reti2.HeartbeatGenerator] (vert.x-eventloop-thread-0) 💓 [HEARTBEAT] Invio heartbeat: {"stazioneId":"PA","stato":"ONLINE","timestamp":"2026-08-16T10:27:05.955659589Z","tipoEvento":"HEARTBEAT","bufferSize":0}
2026-08-16 12:27:15,952 INFO  [it.uni.reti2.HeartbeatGenerator] (vert.x-eventloop-thread-0) 💓 [HEARTBEAT] Invio heartbeat: {"stazioneId":"PA","stato":"ONLINE","timestamp":"2026-08-16T10:27:15.951926756Z","tipoEvento":"HEARTBEAT","bufferSize":0}
2026-08-16 12:27:25,960 INFO  [it.uni.reti2.HeartbeatGenerator] (vert.x-eventloop-thread-0) 💓 [HEARTBEAT] Invio heartbeat: {"stazioneId":"PA","stato":"ONLINE","timestamp":"2026-08-16T10:27:25.960546019Z","tipoEvento":"HEARTBEAT","bufferSize":0}
2026-08-16 12:27:35,953 INFO  [it.uni.reti2.HeartbeatGenerator] (vert.x-eventloop-thread-0) 💓 [HEARTBEAT] Invio heartbeat: {"stazioneId":"PA","stato":"ONLINE","timestamp":"2026-08-16T10:27:35.953672994Z","tipoEvento":"HEARTBEAT","bufferSize":0}
2026-08-16 12:27:45,951 INFO  [it.uni.reti2.HeartbeatGenerator] (vert.x-eventloop-thread-0) 💓 [HEARTBEAT] Invio heartbeat: {"stazioneId":"PA","stato":"ONLINE","timestamp":"2026-08-16T10:27:45.951896182Z","tipoEvento":"HEARTBEAT","bufferSize":0}
2026-08-16 12:27:55,952 INFO  [it.uni.reti2.HeartbeatGenerator] (vert.x-eventloop-thread-0) 💓 [HEARTBEAT] Invio heartbeat: {"stazioneId":"PA","stato":"ONLINE","timestamp":"2026-08-16T10:27:55.952418429Z","tipoEvento":"HEARTBEAT","bufferSize":0}
2026-08-16 12:28:05,956 INFO  [it.uni.reti2.HeartbeatGenerator] (vert.x-eventloop-thread-0) 💓 [HEARTBEAT] Invio heartbeat: {"stazioneId":"PA","stato":"ONLINE","timestamp":"2026-08-16T10:28:05.956735784Z","tipoEvento":"HEARTBEAT","bufferSize":0}
2026-08-16 12:28:15,952 INFO  [it.uni.reti2.HeartbeatGenerator] (vert.x-eventloop-thread-0) 💓 [HEARTBEAT] Invio heartbeat: {"stazioneId":"PA","stato":"ONLINE","timestamp":"2026-08-16T10:28:15.952206891Z","tipoEvento":"HEARTBEAT","bufferSize":0}
2026-08-16 12:28:25,951 INFO  [it.uni.reti2.HeartbeatGenerator] (vert.x-eventloop-thread-0) 💓 [HEARTBEAT] Invio heartbeat: {"stazioneId":"PA","stato":"ONLINE","timestamp":"2026-08-16T10:28:25.951440750Z","tipoEvento":"HEARTBEAT","bufferSize":0}
2026-08-16 12:28:35,956 INFO  [it.uni.reti2.HeartbeatGenerator] (vert.x-eventloop-thread-0) 💓 [HEARTBEAT] Invio heartbeat: {"stazioneId":"PA","stato":"ONLINE","timestamp":"2026-08-16T10:28:35.956932045Z","tipoEvento":"HEARTBEAT","bufferSize":0}
2026-08-16 12:28:45,951 INFO  [it.uni.reti2.HeartbeatGenerator] (vert.x-eventloop-thread-0) 💓 [HEARTBEAT] Invio heartbeat: {"stazioneId":"PA","stato":"ONLINE","timestamp":"2026-08-16T10:28:45.951798578Z","tipoEvento":"HEARTBEAT","bufferSize":0}
2026-08-16 12:28:55,951 INFO  [it.uni.reti2.HeartbeatGenerator] (vert.x-eventloop-thread-0) 💓 [HEARTBEAT] Invio heartbeat: {"stazioneId":"PA","stato":"ONLINE","timestamp":"2026-08-16T10:28:55.951915487Z","tipoEvento":"HEARTBEAT","bufferSize":0}
2026-08-16 12:29:05,956 INFO  [it.uni.reti2.HeartbeatGenerator] (vert.x-eventloop-thread-0) 💓 [HEARTBEAT] Invio heartbeat: {"stazioneId":"PA","stato":"ONLINE","timestamp":"2026-08-16T10:29:05.956563330Z","tipoEvento":"HEARTBEAT","bufferSize":0}
2026-08-16 12:29:15,952 INFO  [it.uni.reti2.HeartbeatGenerator] (vert.x-eventloop-thread-0) 💓 [HEARTBEAT] Invio heartbeat: {"stazioneId":"PA","stato":"ONLINE","timestamp":"2026-08-16T10:29:15.952300030Z","tipoEvento":"HEARTBEAT","bufferSize":0}
2026-08-16 12:29:25,952 INFO  [it.uni.reti2.HeartbeatGenerator] (vert.x-eventloop-thread-0) 💓 [HEARTBEAT] Invio heartbeat: {"stazioneId":"PA","stato":"ONLINE","timestamp":"2026-08-16T10:29:25.952076095Z","tipoEvento":"HEARTBEAT","bufferSize":0}
2026-08-16 12:29:35,955 INFO  [it.uni.reti2.HeartbeatGenerator] (vert.x-eventloop-thread-0) 💓 [HEARTBEAT] Invio heartbeat: {"stazioneId":"PA","stato":"ONLINE","timestamp":"2026-08-16T10:29:35.955892521Z","tipoEvento":"HEARTBEAT","bufferSize":0}
2026-08-16 12:29:45,952 INFO  [it.uni.reti2.HeartbeatGenerator] (vert.x-eventloop-thread-0) 💓 [HEARTBEAT] Invio heartbeat: {"stazioneId":"PA","stato":"ONLINE","timestamp":"2026-08-16T10:29:45.952842313Z","tipoEvento":"HEARTBEAT","bufferSize":0}
2026-08-16 12:29:55,953 INFO  [it.uni.reti2.HeartbeatGenerator] (vert.x-eventloop-thread-0) 💓 [HEARTBEAT] Invio heartbeat: {"stazioneId":"PA","stato":"ONLINE","timestamp":"2026-08-16T10:29:55.953248031Z","tipoEvento":"HEARTBEAT","bufferSize":0}
2026-08-16 12:30:05,958 INFO  [it.uni.reti2.HeartbeatGenerator] (vert.x-eventloop-thread-0) 💓 [HEARTBEAT] Invio heartbeat: {"stazioneId":"PA","stato":"ONLINE","timestamp":"2026-08-16T10:30:05.958511725Z","tipoEvento":"HEARTBEAT","bufferSize":0}
2026-08-16 16:13:46,092 INFO  [io.smallrye.reactive.messaging.mqtt.session.impl.MqttClientSessionImpl] (vert.x-eventloop-thread-0) Connection closed: Connection closed
2026-08-16 16:13:46,134 INFO  [io.smallrye.reactive.messaging.mqtt.session.impl.MqttClientSessionImpl] (vert.x-eventloop-thread-0) Connection closed: Connection closed
2026-08-16 16:13:46,135 INFO  [io.smallrye.reactive.messaging.mqtt.session.impl.MqttClientSessionImpl] (vert.x-eventloop-thread-0) Connection closed: Connection closed
2026-08-16 16:13:47,104 INFO  [io.vertx.mqtt.impl.MqttClientImpl] (vert.x-eventloop-thread-0) Connection with localhost:1883 established successfully
2026-08-16 16:13:47,137 INFO  [io.vertx.mqtt.impl.MqttClientImpl] (vert.x-eventloop-thread-0) Connection with localhost:1883 established successfully
2026-08-16 16:13:47,138 INFO  [io.vertx.mqtt.impl.MqttClientImpl] (vert.x-eventloop-thread-0) Connection with localhost:1883 established successfully
2026-08-16 16:13:49,058 WARN  [it.uni.reti2.StationGateway] (vert.x-eventloop-thread-3) 🚨 [ALERT RICEVUTO] La Centrale dice: {"tipoEvento":"RESOLVED","origine":"CENTRALE","sorgenteTipo":"STAZIONE","sorgenteId":"TO","guastoId":"alert-1786889626063-3e67cb52","timestamp":"2026-08-16T14:13:49.056375100Z"}
2026-08-16 16:13:49,060 INFO  [it.uni.reti2.HeartbeatGenerator] (vert.x-eventloop-thread-0) 💓 [HEARTBEAT] Invio heartbeat: {"stazioneId":"PA","stato":"ONLINE","timestamp":"2026-08-16T14:13:49.060383521Z","tipoEvento":"HEARTBEAT","bufferSize":0}
2026-08-16 16:13:49,084 WARN  [it.uni.reti2.StationGateway] (vert.x-eventloop-thread-3) 🚨 [ALERT RICEVUTO] La Centrale dice: {"tipoEvento":"RESOLVED","origine":"CENTRALE","sorgenteTipo":"STAZIONE","sorgenteId":"PA","guastoId":"alert-1786889626003-6194663c","timestamp":"2026-08-16T14:13:49.082837970Z"}
2026-08-16 16:13:49,085 INFO  [it.uni.reti2.StationGateway] (vert.x-eventloop-thread-3) 🔧 Stazione ripristinata dalla Centrale! Stato di nuovo ONLINE.
2026-08-16 16:13:49,090 WARN  [it.uni.reti2.StationGateway] (vert.x-eventloop-thread-3) 🚨 [ALERT RICEVUTO] La Centrale dice: {"tipoEvento":"RESOLVED","origine":"CENTRALE","sorgenteTipo":"STAZIONE","sorgenteId":"stazzaDellaMadonnaTroia","guastoId":"alert-1786889626050-55db8786","timestamp":"2026-08-16T14:13:49.088722040Z"}
2026-08-16 16:13:49,096 WARN  [it.uni.reti2.StationGateway] (vert.x-eventloop-thread-3) 🚨 [ALERT RICEVUTO] La Centrale dice: {"tipoEvento":"RESOLVED","origine":"CENTRALE","sorgenteTipo":"STAZIONE","sorgenteId":"MI","guastoId":"alert-1786889626077-f98c3f53","timestamp":"2026-08-16T14:13:49.094357505Z"}
2026-08-16 16:13:49,110 WARN  [it.uni.reti2.StationGateway] (vert.x-eventloop-thread-3) 🚨 [ALERT RICEVUTO] La Centrale dice: {"tipoEvento":"RESOLVED","origine":"CENTRALE","sorgenteTipo":"STAZIONE","sorgenteId":"Padova","guastoId":"alert-1786889626084-dd493e2c","timestamp":"2026-08-16T14:13:49.108523283Z"}
2026-08-16 16:13:59,061 INFO  [it.uni.reti2.HeartbeatGenerator] (vert.x-eventloop-thread-0) 💓 [HEARTBEAT] Invio heartbeat: {"stazioneId":"PA","stato":"ONLINE","timestamp":"2026-08-16T14:13:59.061711476Z","tipoEvento":"HEARTBEAT","bufferSize":0}
2026-08-16 16:14:09,070 INFO  [it.uni.reti2.HeartbeatGenerator] (vert.x-eventloop-thread-0) 💓 [HEARTBEAT] Invio heartbeat: {"stazioneId":"PA","stato":"ONLINE","timestamp":"2026-08-16T14:14:09.070659648Z","tipoEvento":"HEARTBEAT","bufferSize":0}
2026-08-16 16:14:19,063 INFO  [it.uni.reti2.HeartbeatGenerator] (vert.x-eventloop-thread-0) 💓 [HEARTBEAT] Invio heartbeat: {"stazioneId":"PA","stato":"ONLINE","timestamp":"2026-08-16T14:14:19.063010132Z","tipoEvento":"HEARTBEAT","bufferSize":0}
2026-08-16 16:14:29,062 INFO  [it.uni.reti2.HeartbeatGenerator] (vert.x-eventloop-thread-0) 💓 [HEARTBEAT] Invio heartbeat: {"stazioneId":"PA","stato":"ONLINE","timestamp":"2026-08-16T14:14:29.062182479Z","tipoEvento":"HEARTBEAT","bufferSize":0}
2026-08-16 16:14:39,062 INFO  [it.uni.reti2.HeartbeatGenerator] (vert.x-eventloop-thread-0) 💓 [HEARTBEAT] Invio heartbeat: {"stazioneId":"PA","stato":"ONLINE","timestamp":"2026-08-16T14:14:39.062173936Z","tipoEvento":"HEARTBEAT","bufferSize":0}
2026-08-16 16:14:49,062 INFO  [it.uni.reti2.HeartbeatGenerator] (vert.x-eventloop-thread-0) 💓 [HEARTBEAT] Invio heartbeat: {"stazioneId":"PA","stato":"ONLINE","timestamp":"2026-08-16T14:14:49.062174265Z","tipoEvento":"HEARTBEAT","bufferSize":0}
2026-08-16 16:14:59,064 INFO  [it.uni.reti2.HeartbeatGenerator] (vert.x-eventloop-thread-0) 💓 [HEARTBEAT] Invio heartbeat: {"stazioneId":"PA","stato":"ONLINE","timestamp":"2026-08-16T14:14:59.063892804Z","tipoEvento":"HEARTBEAT","bufferSize":0}
2026-08-16 16:15:09,063 INFO  [it.uni.reti2.HeartbeatGenerator] (vert.x-eventloop-thread-0) 💓 [HEARTBEAT] Invio heartbeat: {"stazioneId":"PA","stato":"ONLINE","timestamp":"2026-08-16T14:15:09.063284875Z","tipoEvento":"HEARTBEAT","bufferSize":0}
2026-08-16 16:15:19,062 INFO  [it.uni.reti2.HeartbeatGenerator] (vert.x-eventloop-thread-0) 💓 [HEARTBEAT] Invio heartbeat: {"stazioneId":"PA","stato":"ONLINE","timestamp":"2026-08-16T14:15:19.062417373Z","tipoEvento":"HEARTBEAT","bufferSize":0}
2026-08-16 16:15:29,063 INFO  [it.uni.reti2.HeartbeatGenerator] (vert.x-eventloop-thread-0) 💓 [HEARTBEAT] Invio heartbeat: {"stazioneId":"PA","stato":"ONLINE","timestamp":"2026-08-16T14:15:29.063454035Z","tipoEvento":"HEARTBEAT","bufferSize":0}
2026-08-16 16:15:39,061 INFO  [it.uni.reti2.HeartbeatGenerator] (vert.x-eventloop-thread-0) 💓 [HEARTBEAT] Invio heartbeat: {"stazioneId":"PA","stato":"ONLINE","timestamp":"2026-08-16T14:15:39.061223656Z","tipoEvento":"HEARTBEAT","bufferSize":0}
2026-08-16 16:15:49,061 INFO  [it.uni.reti2.HeartbeatGenerator] (vert.x-eventloop-thread-0) 💓 [HEARTBEAT] Invio heartbeat: {"stazioneId":"PA","stato":"ONLINE","timestamp":"2026-08-16T14:15:49.061210265Z","tipoEvento":"HEARTBEAT","bufferSize":0}
2026-08-16 16:15:59,063 INFO  [it.uni.reti2.HeartbeatGenerator] (vert.x-eventloop-thread-0) 💓 [HEARTBEAT] Invio heartbeat: {"stazioneId":"PA","stato":"ONLINE","timestamp":"2026-08-16T14:15:59.063265329Z","tipoEvento":"HEARTBEAT","bufferSize":0}
2026-08-16 16:16:09,064 INFO  [it.uni.reti2.HeartbeatGenerator] (vert.x-eventloop-thread-0) 💓 [HEARTBEAT] Invio heartbeat: {"stazioneId":"PA","stato":"ONLINE","timestamp":"2026-08-16T14:16:09.064283737Z","tipoEvento":"HEARTBEAT","bufferSize":0}
2026-08-16 16:16:19,061 INFO  [it.uni.reti2.HeartbeatGenerator] (vert.x-eventloop-thread-0) 💓 [HEARTBEAT] Invio heartbeat: {"stazioneId":"PA","stato":"ONLINE","timestamp":"2026-08-16T14:16:19.061626702Z","tipoEvento":"HEARTBEAT","bufferSize":0}
2026-08-16 16:16:29,066 INFO  [it.uni.reti2.HeartbeatGenerator] (vert.x-eventloop-thread-0) 💓 [HEARTBEAT] Invio heartbeat: {"stazioneId":"PA","stato":"ONLINE","timestamp":"2026-08-16T14:16:29.066864102Z","tipoEvento":"HEARTBEAT","bufferSize":0}
2026-08-16 16:16:39,062 INFO  [it.uni.reti2.HeartbeatGenerator] (vert.x-eventloop-thread-0) 💓 [HEARTBEAT] Invio heartbeat: {"stazioneId":"PA","stato":"ONLINE","timestamp":"2026-08-16T14:16:39.061973562Z","tipoEvento":"HEARTBEAT","bufferSize":0}
2026-08-16 16:16:49,062 INFO  [it.uni.reti2.HeartbeatGenerator] (vert.x-eventloop-thread-0) 💓 [HEARTBEAT] Invio heartbeat: {"stazioneId":"PA","stato":"ONLINE","timestamp":"2026-08-16T14:16:49.062188537Z","tipoEvento":"HEARTBEAT","bufferSize":0}
2026-08-16 16:16:59,066 INFO  [it.uni.reti2.HeartbeatGenerator] (vert.x-eventloop-thread-0) 💓 [HEARTBEAT] Invio heartbeat: {"stazioneId":"PA","stato":"ONLINE","timestamp":"2026-08-16T14:16:59.066136532Z","tipoEvento":"HEARTBEAT","bufferSize":0}
2026-08-16 16:17:09,062 INFO  [it.uni.reti2.HeartbeatGenerator] (vert.x-eventloop-thread-0) 💓 [HEARTBEAT] Invio heartbeat: {"stazioneId":"PA","stato":"ONLINE","timestamp":"2026-08-16T14:17:09.062216411Z","tipoEvento":"HEARTBEAT","bufferSize":0}
2026-08-16 16:17:19,062 INFO  [it.uni.reti2.HeartbeatGenerator] (vert.x-eventloop-thread-0) 💓 [HEARTBEAT] Invio heartbeat: {"stazioneId":"PA","stato":"ONLINE","timestamp":"2026-08-16T14:17:19.062814424Z","tipoEvento":"HEARTBEAT","bufferSize":0}
2026-08-16 16:17:29,067 INFO  [it.uni.reti2.HeartbeatGenerator] (vert.x-eventloop-thread-0) 💓 [HEARTBEAT] Invio heartbeat: {"stazioneId":"PA","stato":"ONLINE","timestamp":"2026-08-16T14:17:29.067268155Z","tipoEvento":"HEARTBEAT","bufferSize":0}
2026-08-16 16:17:39,062 INFO  [it.uni.reti2.HeartbeatGenerator] (vert.x-eventloop-thread-0) 💓 [HEARTBEAT] Invio heartbeat: {"stazioneId":"PA","stato":"ONLINE","timestamp":"2026-08-16T14:17:39.062823212Z","tipoEvento":"HEARTBEAT","bufferSize":0}
2026-08-16 16:17:49,062 INFO  [it.uni.reti2.HeartbeatGenerator] (vert.x-eventloop-thread-0) 💓 [HEARTBEAT] Invio heartbeat: {"stazioneId":"PA","stato":"ONLINE","timestamp":"2026-08-16T14:17:49.062696678Z","tipoEvento":"HEARTBEAT","bufferSize":0}
2026-08-16 16:17:59,069 INFO  [it.uni.reti2.HeartbeatGenerator] (vert.x-eventloop-thread-0) 💓 [HEARTBEAT] Invio heartbeat: {"stazioneId":"PA","stato":"ONLINE","timestamp":"2026-08-16T14:17:59.068978864Z","tipoEvento":"HEARTBEAT","bufferSize":0}
2026-08-16 16:18:09,065 INFO  [it.uni.reti2.HeartbeatGenerator] (vert.x-eventloop-thread-0) 💓 [HEARTBEAT] Invio heartbeat: {"stazioneId":"PA","stato":"ONLINE","timestamp":"2026-08-16T14:18:09.065320656Z","tipoEvento":"HEARTBEAT","bufferSize":0}
2026-08-16 16:18:19,061 INFO  [it.uni.reti2.HeartbeatGenerator] (vert.x-eventloop-thread-0) 💓 [HEARTBEAT] Invio heartbeat: {"stazioneId":"PA","stato":"ONLINE","timestamp":"2026-08-16T14:18:19.061597666Z","tipoEvento":"HEARTBEAT","bufferSize":0}
2026-08-16 16:18:29,061 INFO  [it.uni.reti2.HeartbeatGenerator] (vert.x-eventloop-thread-0) 💓 [HEARTBEAT] Invio heartbeat: {"stazioneId":"PA","stato":"ONLINE","timestamp":"2026-08-16T14:18:29.061152179Z","tipoEvento":"HEARTBEAT","bufferSize":0}
2026-08-16 16:18:39,066 INFO  [it.uni.reti2.HeartbeatGenerator] (vert.x-eventloop-thread-0) 💓 [HEARTBEAT] Invio heartbeat: {"stazioneId":"PA","stato":"ONLINE","timestamp":"2026-08-16T14:18:39.066172471Z","tipoEvento":"HEARTBEAT","bufferSize":0}
2026-08-16 16:18:49,061 INFO  [it.uni.reti2.HeartbeatGenerator] (vert.x-eventloop-thread-0) 💓 [HEARTBEAT] Invio heartbeat: {"stazioneId":"PA","stato":"ONLINE","timestamp":"2026-08-16T14:18:49.061494120Z","tipoEvento":"HEARTBEAT","bufferSize":0}
2026-08-16 16:18:59,061 INFO  [it.uni.reti2.HeartbeatGenerator] (vert.x-eventloop-thread-0) 💓 [HEARTBEAT] Invio heartbeat: {"stazioneId":"PA","stato":"ONLINE","timestamp":"2026-08-16T14:18:59.061694055Z","tipoEvento":"HEARTBEAT","bufferSize":0}
2026-08-16 16:19:09,065 INFO  [it.uni.reti2.HeartbeatGenerator] (vert.x-eventloop-thread-0) 💓 [HEARTBEAT] Invio heartbeat: {"stazioneId":"PA","stato":"ONLINE","timestamp":"2026-08-16T14:19:09.065855379Z","tipoEvento":"HEARTBEAT","bufferSize":0}
2026-08-16 16:19:19,061 INFO  [it.uni.reti2.HeartbeatGenerator] (vert.x-eventloop-thread-0) 💓 [HEARTBEAT] Invio heartbeat: {"stazioneId":"PA","stato":"ONLINE","timestamp":"2026-08-16T14:19:19.061228256Z","tipoEvento":"HEARTBEAT","bufferSize":0}
2026-08-16 16:19:29,061 INFO  [it.uni.reti2.HeartbeatGenerator] (vert.x-eventloop-thread-0) 💓 [HEARTBEAT] Invio heartbeat: {"stazioneId":"PA","stato":"ONLINE","timestamp":"2026-08-16T14:19:29.061247615Z","tipoEvento":"HEARTBEAT","bufferSize":0}
2026-08-16 16:19:39,067 INFO  [it.uni.reti2.HeartbeatGenerator] (vert.x-eventloop-thread-0) 💓 [HEARTBEAT] Invio heartbeat: {"stazioneId":"PA","stato":"ONLINE","timestamp":"2026-08-16T14:19:39.067737551Z","tipoEvento":"HEARTBEAT","bufferSize":0}
2026-08-16 16:19:49,062 INFO  [it.uni.reti2.HeartbeatGenerator] (vert.x-eventloop-thread-0) 💓 [HEARTBEAT] Invio heartbeat: {"stazioneId":"PA","stato":"ONLINE","timestamp":"2026-08-16T14:19:49.062213520Z","tipoEvento":"HEARTBEAT","bufferSize":0}
2026-08-16 16:19:59,062 INFO  [it.uni.reti2.HeartbeatGenerator] (vert.x-eventloop-thread-0) 💓 [HEARTBEAT] Invio heartbeat: {"stazioneId":"PA","stato":"ONLINE","timestamp":"2026-08-16T14:19:59.062212872Z","tipoEvento":"HEARTBEAT","bufferSize":0}
2026-08-16 16:20:09,068 INFO  [it.uni.reti2.HeartbeatGenerator] (vert.x-eventloop-thread-0) 💓 [HEARTBEAT] Invio heartbeat: {"stazioneId":"PA","stato":"ONLINE","timestamp":"2026-08-16T14:20:09.068181222Z","tipoEvento":"HEARTBEAT","bufferSize":0}
2026-08-16 16:20:19,062 INFO  [it.uni.reti2.HeartbeatGenerator] (vert.x-eventloop-thread-0) 💓 [HEARTBEAT] Invio heartbeat: {"stazioneId":"PA","stato":"ONLINE","timestamp":"2026-08-16T14:20:19.062715490Z","tipoEvento":"HEARTBEAT","bufferSize":0}
2026-08-16 16:20:29,061 INFO  [it.uni.reti2.HeartbeatGenerator] (vert.x-eventloop-thread-0) 💓 [HEARTBEAT] Invio heartbeat: {"stazioneId":"PA","stato":"ONLINE","timestamp":"2026-08-16T14:20:29.061658430Z","tipoEvento":"HEARTBEAT","bufferSize":0}
2026-08-16 16:20:39,068 INFO  [it.uni.reti2.HeartbeatGenerator] (vert.x-eventloop-thread-0) 💓 [HEARTBEAT] Invio heartbeat: {"stazioneId":"PA","stato":"ONLINE","timestamp":"2026-08-16T14:20:39.068288398Z","tipoEvento":"HEARTBEAT","bufferSize":0}
2026-08-16 16:20:49,062 INFO  [it.uni.reti2.HeartbeatGenerator] (vert.x-eventloop-thread-0) 💓 [HEARTBEAT] Invio heartbeat: {"stazioneId":"PA","stato":"ONLINE","timestamp":"2026-08-16T14:20:49.062218625Z","tipoEvento":"HEARTBEAT","bufferSize":0}
2026-08-16 16:20:59,064 INFO  [it.uni.reti2.HeartbeatGenerator] (vert.x-eventloop-thread-0) 💓 [HEARTBEAT] Invio heartbeat: {"stazioneId":"PA","stato":"ONLINE","timestamp":"2026-08-16T14:20:59.064634364Z","tipoEvento":"HEARTBEAT","bufferSize":0}
2026-08-16 16:21:09,069 INFO  [it.uni.reti2.HeartbeatGenerator] (vert.x-eventloop-thread-0) 💓 [HEARTBEAT] Invio heartbeat: {"stazioneId":"PA","stato":"ONLINE","timestamp":"2026-08-16T14:21:09.069227072Z","tipoEvento":"HEARTBEAT","bufferSize":0}
2026-08-16 16:21:19,062 INFO  [it.uni.reti2.HeartbeatGenerator] (vert.x-eventloop-thread-0) 💓 [HEARTBEAT] Invio heartbeat: {"stazioneId":"PA","stato":"ONLINE","timestamp":"2026-08-16T14:21:19.062210384Z","tipoEvento":"HEARTBEAT","bufferSize":0}
2026-08-16 16:21:29,061 INFO  [it.uni.reti2.HeartbeatGenerator] (vert.x-eventloop-thread-0) 💓 [HEARTBEAT] Invio heartbeat: {"stazioneId":"PA","stato":"ONLINE","timestamp":"2026-08-16T14:21:29.061423876Z","tipoEvento":"HEARTBEAT","bufferSize":0}
2026-08-16 16:21:39,062 INFO  [it.uni.reti2.HeartbeatGenerator] (vert.x-eventloop-thread-0) 💓 [HEARTBEAT] Invio heartbeat: {"stazioneId":"PA","stato":"ONLINE","timestamp":"2026-08-16T14:21:39.062659498Z","tipoEvento":"HEARTBEAT","bufferSize":0}
2026-08-16 16:21:49,062 INFO  [it.uni.reti2.HeartbeatGenerator] (vert.x-eventloop-thread-0) 💓 [HEARTBEAT] Invio heartbeat: {"stazioneId":"PA","stato":"ONLINE","timestamp":"2026-08-16T14:21:49.062927431Z","tipoEvento":"HEARTBEAT","bufferSize":0}
2026-08-16 16:21:59,063 INFO  [it.uni.reti2.HeartbeatGenerator] (vert.x-eventloop-thread-0) 💓 [HEARTBEAT] Invio heartbeat: {"stazioneId":"PA","stato":"ONLINE","timestamp":"2026-08-16T14:21:59.063038638Z","tipoEvento":"HEARTBEAT","bufferSize":0}
2026-08-16 16:22:09,060 INFO  [it.uni.reti2.HeartbeatGenerator] (vert.x-eventloop-thread-0) 💓 [HEARTBEAT] Invio heartbeat: {"stazioneId":"PA","stato":"ONLINE","timestamp":"2026-08-16T14:22:09.060556960Z","tipoEvento":"HEARTBEAT","bufferSize":0}
2026-08-16 16:22:19,063 INFO  [it.uni.reti2.HeartbeatGenerator] (vert.x-eventloop-thread-0) 💓 [HEARTBEAT] Invio heartbeat: {"stazioneId":"PA","stato":"ONLINE","timestamp":"2026-08-16T14:22:19.063562106Z","tipoEvento":"HEARTBEAT","bufferSize":0}
2026-08-16 16:22:29,064 INFO  [it.uni.reti2.HeartbeatGenerator] (vert.x-eventloop-thread-0) 💓 [HEARTBEAT] Invio heartbeat: {"stazioneId":"PA","stato":"ONLINE","timestamp":"2026-08-16T14:22:29.064220498Z","tipoEvento":"HEARTBEAT","bufferSize":0}
2026-08-16 16:22:39,064 INFO  [it.uni.reti2.HeartbeatGenerator] (vert.x-eventloop-thread-0) 💓 [HEARTBEAT] Invio heartbeat: {"stazioneId":"PA","stato":"ONLINE","timestamp":"2026-08-16T14:22:39.064237831Z","tipoEvento":"HEARTBEAT","bufferSize":0}
2026-08-16 16:22:49,062 INFO  [it.uni.reti2.HeartbeatGenerator] (vert.x-eventloop-thread-0) 💓 [HEARTBEAT] Invio heartbeat: {"stazioneId":"PA","stato":"ONLINE","timestamp":"2026-08-16T14:22:49.062646656Z","tipoEvento":"HEARTBEAT","bufferSize":0}
2026-08-16 16:22:59,068 INFO  [it.uni.reti2.HeartbeatGenerator] (vert.x-eventloop-thread-0) 💓 [HEARTBEAT] Invio heartbeat: {"stazioneId":"PA","stato":"ONLINE","timestamp":"2026-08-16T14:22:59.063548033Z","tipoEvento":"HEARTBEAT","bufferSize":0}
2026-08-16 16:23:09,062 INFO  [it.uni.reti2.HeartbeatGenerator] (vert.x-eventloop-thread-0) 💓 [HEARTBEAT] Invio heartbeat: {"stazioneId":"PA","stato":"ONLINE","timestamp":"2026-08-16T14:23:09.062590919Z","tipoEvento":"HEARTBEAT","bufferSize":0}
2026-08-16 16:23:19,062 INFO  [it.uni.reti2.HeartbeatGenerator] (vert.x-eventloop-thread-0) 💓 [HEARTBEAT] Invio heartbeat: {"stazioneId":"PA","stato":"ONLINE","timestamp":"2026-08-16T14:23:19.062207731Z","tipoEvento":"HEARTBEAT","bufferSize":0}
2026-08-16 16:23:29,066 INFO  [it.uni.reti2.HeartbeatGenerator] (vert.x-eventloop-thread-0) 💓 [HEARTBEAT] Invio heartbeat: {"stazioneId":"PA","stato":"ONLINE","timestamp":"2026-08-16T14:23:29.066221332Z","tipoEvento":"HEARTBEAT","bufferSize":0}
2026-08-16 16:23:39,062 INFO  [it.uni.reti2.HeartbeatGenerator] (vert.x-eventloop-thread-0) 💓 [HEARTBEAT] Invio heartbeat: {"stazioneId":"PA","stato":"ONLINE","timestamp":"2026-08-16T14:23:39.062140285Z","tipoEvento":"HEARTBEAT","bufferSize":0}
2026-08-16 16:23:49,062 INFO  [it.uni.reti2.HeartbeatGenerator] (vert.x-eventloop-thread-0) 💓 [HEARTBEAT] Invio heartbeat: {"stazioneId":"PA","stato":"ONLINE","timestamp":"2026-08-16T14:23:49.062303372Z","tipoEvento":"HEARTBEAT","bufferSize":0}
2026-08-16 16:23:59,071 INFO  [it.uni.reti2.HeartbeatGenerator] (vert.x-eventloop-thread-0) 💓 [HEARTBEAT] Invio heartbeat: {"stazioneId":"PA","stato":"ONLINE","timestamp":"2026-08-16T14:23:59.067534708Z","tipoEvento":"HEARTBEAT","bufferSize":0}
2026-08-16 16:24:09,063 INFO  [it.uni.reti2.HeartbeatGenerator] (vert.x-eventloop-thread-0) 💓 [HEARTBEAT] Invio heartbeat: {"stazioneId":"PA","stato":"ONLINE","timestamp":"2026-08-16T14:24:09.063261876Z","tipoEvento":"HEARTBEAT","bufferSize":0}
2026-08-16 16:24:19,062 INFO  [it.uni.reti2.HeartbeatGenerator] (vert.x-eventloop-thread-0) 💓 [HEARTBEAT] Invio heartbeat: {"stazioneId":"PA","stato":"ONLINE","timestamp":"2026-08-16T14:24:19.062141735Z","tipoEvento":"HEARTBEAT","bufferSize":0}
2026-08-16 16:24:29,068 INFO  [it.uni.reti2.HeartbeatGenerator] (vert.x-eventloop-thread-0) 💓 [HEARTBEAT] Invio heartbeat: {"stazioneId":"PA","stato":"ONLINE","timestamp":"2026-08-16T14:24:29.068668262Z","tipoEvento":"HEARTBEAT","bufferSize":0}
2026-08-16 16:24:39,064 INFO  [it.uni.reti2.HeartbeatGenerator] (vert.x-eventloop-thread-0) 💓 [HEARTBEAT] Invio heartbeat: {"stazioneId":"PA","stato":"ONLINE","timestamp":"2026-08-16T14:24:39.064221171Z","tipoEvento":"HEARTBEAT","bufferSize":0}
2026-08-16 16:24:49,062 INFO  [it.uni.reti2.HeartbeatGenerator] (vert.x-eventloop-thread-0) 💓 [HEARTBEAT] Invio heartbeat: {"stazioneId":"PA","stato":"ONLINE","timestamp":"2026-08-16T14:24:49.062375833Z","tipoEvento":"HEARTBEAT","bufferSize":0}
2026-08-16 16:24:59,066 INFO  [it.uni.reti2.HeartbeatGenerator] (vert.x-eventloop-thread-0) 💓 [HEARTBEAT] Invio heartbeat: {"stazioneId":"PA","stato":"ONLINE","timestamp":"2026-08-16T14:24:59.066278519Z","tipoEvento":"HEARTBEAT","bufferSize":0}
2026-08-16 16:25:09,065 INFO  [it.uni.reti2.HeartbeatGenerator] (vert.x-eventloop-thread-0) 💓 [HEARTBEAT] Invio heartbeat: {"stazioneId":"PA","stato":"ONLINE","timestamp":"2026-08-16T14:25:09.065654160Z","tipoEvento":"HEARTBEAT","bufferSize":0}
2026-08-16 16:25:19,062 INFO  [it.uni.reti2.HeartbeatGenerator] (vert.x-eventloop-thread-0) 💓 [HEARTBEAT] Invio heartbeat: {"stazioneId":"PA","stato":"ONLINE","timestamp":"2026-08-16T14:25:19.061948819Z","tipoEvento":"HEARTBEAT","bufferSize":0}
2026-08-16 16:25:29,061 INFO  [it.uni.reti2.HeartbeatGenerator] (vert.x-eventloop-thread-0) 💓 [HEARTBEAT] Invio heartbeat: {"stazioneId":"PA","stato":"ONLINE","timestamp":"2026-08-16T14:25:29.061242157Z","tipoEvento":"HEARTBEAT","bufferSize":0}
2026-08-16 16:25:39,067 INFO  [it.uni.reti2.HeartbeatGenerator] (vert.x-eventloop-thread-0) 💓 [HEARTBEAT] Invio heartbeat: {"stazioneId":"PA","stato":"ONLINE","timestamp":"2026-08-16T14:25:39.067737229Z","tipoEvento":"HEARTBEAT","bufferSize":0}
2026-08-16 16:25:49,062 INFO  [it.uni.reti2.HeartbeatGenerator] (vert.x-eventloop-thread-0) 💓 [HEARTBEAT] Invio heartbeat: {"stazioneId":"PA","stato":"ONLINE","timestamp":"2026-08-16T14:25:49.062446898Z","tipoEvento":"HEARTBEAT","bufferSize":0}
2026-08-16 16:25:59,062 INFO  [it.uni.reti2.HeartbeatGenerator] (vert.x-eventloop-thread-0) 💓 [HEARTBEAT] Invio heartbeat: {"stazioneId":"PA","stato":"ONLINE","timestamp":"2026-08-16T14:25:59.062655273Z","tipoEvento":"HEARTBEAT","bufferSize":0}
2026-08-16 16:26:09,067 INFO  [it.uni.reti2.HeartbeatGenerator] (vert.x-eventloop-thread-0) 💓 [HEARTBEAT] Invio heartbeat: {"stazioneId":"PA","stato":"ONLINE","timestamp":"2026-08-16T14:26:09.067624371Z","tipoEvento":"HEARTBEAT","bufferSize":0}
2026-08-16 16:26:19,062 INFO  [it.uni.reti2.HeartbeatGenerator] (vert.x-eventloop-thread-0) 💓 [HEARTBEAT] Invio heartbeat: {"stazioneId":"PA","stato":"ONLINE","timestamp":"2026-08-16T14:26:19.062259016Z","tipoEvento":"HEARTBEAT","bufferSize":0}
2026-08-16 16:26:29,063 INFO  [it.uni.reti2.HeartbeatGenerator] (vert.x-eventloop-thread-0) 💓 [HEARTBEAT] Invio heartbeat: {"stazioneId":"PA","stato":"ONLINE","timestamp":"2026-08-16T14:26:29.063249292Z","tipoEvento":"HEARTBEAT","bufferSize":0}
2026-08-16 16:26:39,069 INFO  [it.uni.reti2.HeartbeatGenerator] (vert.x-eventloop-thread-0) 💓 [HEARTBEAT] Invio heartbeat: {"stazioneId":"PA","stato":"ONLINE","timestamp":"2026-08-16T14:26:39.069222586Z","tipoEvento":"HEARTBEAT","bufferSize":0}
2026-08-16 16:26:49,062 INFO  [it.uni.reti2.HeartbeatGenerator] (vert.x-eventloop-thread-0) 💓 [HEARTBEAT] Invio heartbeat: {"stazioneId":"PA","stato":"ONLINE","timestamp":"2026-08-16T14:26:49.062673445Z","tipoEvento":"HEARTBEAT","bufferSize":0}
2026-08-16 16:26:59,061 INFO  [it.uni.reti2.HeartbeatGenerator] (vert.x-eventloop-thread-0) 💓 [HEARTBEAT] Invio heartbeat: {"stazioneId":"PA","stato":"ONLINE","timestamp":"2026-08-16T14:26:59.061476651Z","tipoEvento":"HEARTBEAT","bufferSize":0}
2026-08-16 16:27:09,061 INFO  [it.uni.reti2.HeartbeatGenerator] (vert.x-eventloop-thread-0) 💓 [HEARTBEAT] Invio heartbeat: {"stazioneId":"PA","stato":"ONLINE","timestamp":"2026-08-16T14:27:09.061531304Z","tipoEvento":"HEARTBEAT","bufferSize":0}
2026-08-16 16:27:19,062 INFO  [it.uni.reti2.HeartbeatGenerator] (vert.x-eventloop-thread-0) 💓 [HEARTBEAT] Invio heartbeat: {"stazioneId":"PA","stato":"ONLINE","timestamp":"2026-08-16T14:27:19.062496175Z","tipoEvento":"HEARTBEAT","bufferSize":0}
2026-08-16 16:27:29,062 INFO  [it.uni.reti2.HeartbeatGenerator] (vert.x-eventloop-thread-0) 💓 [HEARTBEAT] Invio heartbeat: {"stazioneId":"PA","stato":"ONLINE","timestamp":"2026-08-16T14:27:29.062343223Z","tipoEvento":"HEARTBEAT","bufferSize":0}
2026-08-16 16:27:39,061 INFO  [it.uni.reti2.HeartbeatGenerator] (vert.x-eventloop-thread-0) 💓 [HEARTBEAT] Invio heartbeat: {"stazioneId":"PA","stato":"ONLINE","timestamp":"2026-08-16T14:27:39.061145466Z","tipoEvento":"HEARTBEAT","bufferSize":0}
2026-08-16 16:27:49,062 INFO  [it.uni.reti2.HeartbeatGenerator] (vert.x-eventloop-thread-0) 💓 [HEARTBEAT] Invio heartbeat: {"stazioneId":"PA","stato":"ONLINE","timestamp":"2026-08-16T14:27:49.062105144Z","tipoEvento":"HEARTBEAT","bufferSize":0}
2026-08-16 16:27:59,064 INFO  [it.uni.reti2.HeartbeatGenerator] (vert.x-eventloop-thread-0) 💓 [HEARTBEAT] Invio heartbeat: {"stazioneId":"PA","stato":"ONLINE","timestamp":"2026-08-16T14:27:59.064291710Z","tipoEvento":"HEARTBEAT","bufferSize":0}
2026-08-16 16:28:09,063 INFO  [it.uni.reti2.HeartbeatGenerator] (vert.x-eventloop-thread-0) 💓 [HEARTBEAT] Invio heartbeat: {"stazioneId":"PA","stato":"ONLINE","timestamp":"2026-08-16T14:28:09.063413784Z","tipoEvento":"HEARTBEAT","bufferSize":0}
2026-08-16 16:28:19,062 INFO  [it.uni.reti2.HeartbeatGenerator] (vert.x-eventloop-thread-0) 💓 [HEARTBEAT] Invio heartbeat: {"stazioneId":"PA","stato":"ONLINE","timestamp":"2026-08-16T14:28:19.062500695Z","tipoEvento":"HEARTBEAT","bufferSize":0}
2026-08-16 16:28:29,063 INFO  [it.uni.reti2.HeartbeatGenerator] (vert.x-eventloop-thread-0) 💓 [HEARTBEAT] Invio heartbeat: {"stazioneId":"PA","stato":"ONLINE","timestamp":"2026-08-16T14:28:29.063203720Z","tipoEvento":"HEARTBEAT","bufferSize":0}
2026-08-16 16:28:39,063 INFO  [it.uni.reti2.HeartbeatGenerator] (vert.x-eventloop-thread-0) 💓 [HEARTBEAT] Invio heartbeat: {"stazioneId":"PA","stato":"ONLINE","timestamp":"2026-08-16T14:28:39.063458541Z","tipoEvento":"HEARTBEAT","bufferSize":0}
2026-08-16 16:28:49,061 INFO  [it.uni.reti2.HeartbeatGenerator] (vert.x-eventloop-thread-0) 💓 [HEARTBEAT] Invio heartbeat: {"stazioneId":"PA","stato":"ONLINE","timestamp":"2026-08-16T14:28:49.061179729Z","tipoEvento":"HEARTBEAT","bufferSize":0}
2026-08-16 16:28:59,063 INFO  [it.uni.reti2.HeartbeatGenerator] (vert.x-eventloop-thread-0) 💓 [HEARTBEAT] Invio heartbeat: {"stazioneId":"PA","stato":"ONLINE","timestamp":"2026-08-16T14:28:59.063491703Z","tipoEvento":"HEARTBEAT","bufferSize":0}
2026-08-16 16:29:09,064 INFO  [it.uni.reti2.HeartbeatGenerator] (vert.x-eventloop-thread-0) 💓 [HEARTBEAT] Invio heartbeat: {"stazioneId":"PA","stato":"ONLINE","timestamp":"2026-08-16T14:29:09.064661351Z","tipoEvento":"HEARTBEAT","bufferSize":0}
2026-08-16 16:29:19,062 INFO  [it.uni.reti2.HeartbeatGenerator] (vert.x-eventloop-thread-0) 💓 [HEARTBEAT] Invio heartbeat: {"stazioneId":"PA","stato":"ONLINE","timestamp":"2026-08-16T14:29:19.062678919Z","tipoEvento":"HEARTBEAT","bufferSize":0}
2026-08-16 16:29:29,064 INFO  [it.uni.reti2.HeartbeatGenerator] (vert.x-eventloop-thread-0) 💓 [HEARTBEAT] Invio heartbeat: {"stazioneId":"PA","stato":"ONLINE","timestamp":"2026-08-16T14:29:29.064462321Z","tipoEvento":"HEARTBEAT","bufferSize":0}
2026-08-16 16:29:39,063 INFO  [it.uni.reti2.HeartbeatGenerator] (vert.x-eventloop-thread-0) 💓 [HEARTBEAT] Invio heartbeat: {"stazioneId":"PA","stato":"ONLINE","timestamp":"2026-08-16T14:29:39.063256451Z","tipoEvento":"HEARTBEAT","bufferSize":0}
2026-08-16 16:29:49,061 INFO  [it.uni.reti2.HeartbeatGenerator] (vert.x-eventloop-thread-0) 💓 [HEARTBEAT] Invio heartbeat: {"stazioneId":"PA","stato":"ONLINE","timestamp":"2026-08-16T14:29:49.061208606Z","tipoEvento":"HEARTBEAT","bufferSize":0}
2026-08-16 16:29:59,066 INFO  [it.uni.reti2.HeartbeatGenerator] (vert.x-eventloop-thread-0) 💓 [HEARTBEAT] Invio heartbeat: {"stazioneId":"PA","stato":"ONLINE","timestamp":"2026-08-16T14:29:59.066444989Z","tipoEvento":"HEARTBEAT","bufferSize":0}
2026-08-16 16:30:09,061 INFO  [it.uni.reti2.HeartbeatGenerator] (vert.x-eventloop-thread-0) 💓 [HEARTBEAT] Invio heartbeat: {"stazioneId":"PA","stato":"ONLINE","timestamp":"2026-08-16T14:30:09.061506872Z","tipoEvento":"HEARTBEAT","bufferSize":0}
2026-08-16 16:30:19,061 INFO  [it.uni.reti2.HeartbeatGenerator] (vert.x-eventloop-thread-0) 💓 [HEARTBEAT] Invio heartbeat: {"stazioneId":"PA","stato":"ONLINE","timestamp":"2026-08-16T14:30:19.061813095Z","tipoEvento":"HEARTBEAT","bufferSize":0}
2026-08-16 16:30:29,067 INFO  [it.uni.reti2.HeartbeatGenerator] (vert.x-eventloop-thread-0) 💓 [HEARTBEAT] Invio heartbeat: {"stazioneId":"PA","stato":"ONLINE","timestamp":"2026-08-16T14:30:29.066977963Z","tipoEvento":"HEARTBEAT","bufferSize":0}
2026-08-16 16:30:39,062 INFO  [it.uni.reti2.HeartbeatGenerator] (vert.x-eventloop-thread-0) 💓 [HEARTBEAT] Invio heartbeat: {"stazioneId":"PA","stato":"ONLINE","timestamp":"2026-08-16T14:30:39.062690346Z","tipoEvento":"HEARTBEAT","bufferSize":0}
2026-08-16 16:30:49,062 INFO  [it.uni.reti2.HeartbeatGenerator] (vert.x-eventloop-thread-0) 💓 [HEARTBEAT] Invio heartbeat: {"stazioneId":"PA","stato":"ONLINE","timestamp":"2026-08-16T14:30:49.062346391Z","tipoEvento":"HEARTBEAT","bufferSize":0}
2026-08-16 16:30:59,922 INFO  [it.uni.reti2.HeartbeatGenerator] (vert.x-eventloop-thread-0) 💓 [HEARTBEAT] Invio heartbeat: {"stazioneId":"PA","stato":"ONLINE","timestamp":"2026-08-16T14:30:59.921965089Z","tipoEvento":"HEARTBEAT","bufferSize":0}
2026-08-16 16:31:09,916 INFO  [it.uni.reti2.HeartbeatGenerator] (vert.x-eventloop-thread-0) 💓 [HEARTBEAT] Invio heartbeat: {"stazioneId":"PA","stato":"ONLINE","timestamp":"2026-08-16T14:31:09.916819262Z","tipoEvento":"HEARTBEAT","bufferSize":0}
2026-08-16 16:31:19,916 INFO  [it.uni.reti2.HeartbeatGenerator] (vert.x-eventloop-thread-0) 💓 [HEARTBEAT] Invio heartbeat: {"stazioneId":"PA","stato":"ONLINE","timestamp":"2026-08-16T14:31:19.916185435Z","tipoEvento":"HEARTBEAT","bufferSize":0}
2026-08-16 16:31:29,923 INFO  [it.uni.reti2.HeartbeatGenerator] (vert.x-eventloop-thread-0) 💓 [HEARTBEAT] Invio heartbeat: {"stazioneId":"PA","stato":"ONLINE","timestamp":"2026-08-16T14:31:29.923083859Z","tipoEvento":"HEARTBEAT","bufferSize":0}
2026-08-16 16:31:39,919 INFO  [it.uni.reti2.HeartbeatGenerator] (vert.x-eventloop-thread-0) 💓 [HEARTBEAT] Invio heartbeat: {"stazioneId":"PA","stato":"ONLINE","timestamp":"2026-08-16T14:31:39.919026870Z","tipoEvento":"HEARTBEAT","bufferSize":0}
2026-08-16 16:31:49,916 INFO  [it.uni.reti2.HeartbeatGenerator] (vert.x-eventloop-thread-0) 💓 [HEARTBEAT] Invio heartbeat: {"stazioneId":"PA","stato":"ONLINE","timestamp":"2026-08-16T14:31:49.916042958Z","tipoEvento":"HEARTBEAT","bufferSize":0}
2026-08-16 16:31:59,924 INFO  [it.uni.reti2.HeartbeatGenerator] (vert.x-eventloop-thread-0) 💓 [HEARTBEAT] Invio heartbeat: {"stazioneId":"PA","stato":"ONLINE","timestamp":"2026-08-16T14:31:59.924174735Z","tipoEvento":"HEARTBEAT","bufferSize":0}
2026-08-16 16:32:09,919 INFO  [it.uni.reti2.HeartbeatGenerator] (vert.x-eventloop-thread-0) 💓 [HEARTBEAT] Invio heartbeat: {"stazioneId":"PA","stato":"ONLINE","timestamp":"2026-08-16T14:32:09.919512446Z","tipoEvento":"HEARTBEAT","bufferSize":0}
2026-08-16 16:32:19,914 INFO  [it.uni.reti2.HeartbeatGenerator] (vert.x-eventloop-thread-0) 💓 [HEARTBEAT] Invio heartbeat: {"stazioneId":"PA","stato":"ONLINE","timestamp":"2026-08-16T14:32:19.914717491Z","tipoEvento":"HEARTBEAT","bufferSize":0}
2026-08-16 16:32:29,915 INFO  [it.uni.reti2.HeartbeatGenerator] (vert.x-eventloop-thread-0) 💓 [HEARTBEAT] Invio heartbeat: {"stazioneId":"PA","stato":"ONLINE","timestamp":"2026-08-16T14:32:29.915360190Z","tipoEvento":"HEARTBEAT","bufferSize":0}
2026-08-16 16:32:39,918 INFO  [it.uni.reti2.HeartbeatGenerator] (vert.x-eventloop-thread-0) 💓 [HEARTBEAT] Invio heartbeat: {"stazioneId":"PA","stato":"ONLINE","timestamp":"2026-08-16T14:32:39.918145642Z","tipoEvento":"HEARTBEAT","bufferSize":0}
2026-08-16 16:32:49,914 INFO  [it.uni.reti2.HeartbeatGenerator] (vert.x-eventloop-thread-0) 💓 [HEARTBEAT] Invio heartbeat: {"stazioneId":"PA","stato":"ONLINE","timestamp":"2026-08-16T14:32:49.914646330Z","tipoEvento":"HEARTBEAT","bufferSize":0}
2026-08-16 16:32:59,915 INFO  [it.uni.reti2.HeartbeatGenerator] (vert.x-eventloop-thread-0) 💓 [HEARTBEAT] Invio heartbeat: {"stazioneId":"PA","stato":"ONLINE","timestamp":"2026-08-16T14:32:59.915771278Z","tipoEvento":"HEARTBEAT","bufferSize":0}
2026-08-16 16:33:09,921 INFO  [it.uni.reti2.HeartbeatGenerator] (vert.x-eventloop-thread-0) 💓 [HEARTBEAT] Invio heartbeat: {"stazioneId":"PA","stato":"ONLINE","timestamp":"2026-08-16T14:33:09.921180147Z","tipoEvento":"HEARTBEAT","bufferSize":0}
2026-08-16 16:33:19,915 INFO  [it.uni.reti2.HeartbeatGenerator] (vert.x-eventloop-thread-0) 💓 [HEARTBEAT] Invio heartbeat: {"stazioneId":"PA","stato":"ONLINE","timestamp":"2026-08-16T14:33:19.915642223Z","tipoEvento":"HEARTBEAT","bufferSize":0}
2026-08-16 16:33:29,917 INFO  [it.uni.reti2.HeartbeatGenerator] (vert.x-eventloop-thread-0) 💓 [HEARTBEAT] Invio heartbeat: {"stazioneId":"PA","stato":"ONLINE","timestamp":"2026-08-16T14:33:29.917021733Z","tipoEvento":"HEARTBEAT","bufferSize":0}
2026-08-16 16:33:39,923 INFO  [it.uni.reti2.HeartbeatGenerator] (vert.x-eventloop-thread-0) 💓 [HEARTBEAT] Invio heartbeat: {"stazioneId":"PA","stato":"ONLINE","timestamp":"2026-08-16T14:33:39.923397741Z","tipoEvento":"HEARTBEAT","bufferSize":0}
2026-08-16 16:33:49,915 INFO  [it.uni.reti2.HeartbeatGenerator] (vert.x-eventloop-thread-0) 💓 [HEARTBEAT] Invio heartbeat: {"stazioneId":"PA","stato":"ONLINE","timestamp":"2026-08-16T14:33:49.915716396Z","tipoEvento":"HEARTBEAT","bufferSize":0}
2026-08-16 16:33:59,917 INFO  [it.uni.reti2.HeartbeatGenerator] (vert.x-eventloop-thread-0) 💓 [HEARTBEAT] Invio heartbeat: {"stazioneId":"PA","stato":"ONLINE","timestamp":"2026-08-16T14:33:59.917654792Z","tipoEvento":"HEARTBEAT","bufferSize":0}
2026-08-16 16:34:09,922 INFO  [it.uni.reti2.HeartbeatGenerator] (vert.x-eventloop-thread-0) 💓 [HEARTBEAT] Invio heartbeat: {"stazioneId":"PA","stato":"ONLINE","timestamp":"2026-08-16T14:34:09.922805270Z","tipoEvento":"HEARTBEAT","bufferSize":0}
2026-08-16 16:34:19,915 INFO  [it.uni.reti2.HeartbeatGenerator] (vert.x-eventloop-thread-0) 💓 [HEARTBEAT] Invio heartbeat: {"stazioneId":"PA","stato":"ONLINE","timestamp":"2026-08-16T14:34:19.915428633Z","tipoEvento":"HEARTBEAT","bufferSize":0}
2026-08-16 16:34:29,918 INFO  [it.uni.reti2.HeartbeatGenerator] (vert.x-eventloop-thread-0) 💓 [HEARTBEAT] Invio heartbeat: {"stazioneId":"PA","stato":"ONLINE","timestamp":"2026-08-16T14:34:29.918493125Z","tipoEvento":"HEARTBEAT","bufferSize":0}
2026-08-16 16:34:39,922 INFO  [it.uni.reti2.HeartbeatGenerator] (vert.x-eventloop-thread-0) 💓 [HEARTBEAT] Invio heartbeat: {"stazioneId":"PA","stato":"ONLINE","timestamp":"2026-08-16T14:34:39.921929377Z","tipoEvento":"HEARTBEAT","bufferSize":0}
2026-08-16 16:34:49,915 INFO  [it.uni.reti2.HeartbeatGenerator] (vert.x-eventloop-thread-0) 💓 [HEARTBEAT] Invio heartbeat: {"stazioneId":"PA","stato":"ONLINE","timestamp":"2026-08-16T14:34:49.915682691Z","tipoEvento":"HEARTBEAT","bufferSize":0}
2026-08-16 16:34:59,916 INFO  [it.uni.reti2.HeartbeatGenerator] (vert.x-eventloop-thread-0) 💓 [HEARTBEAT] Invio heartbeat: {"stazioneId":"PA","stato":"ONLINE","timestamp":"2026-08-16T14:34:59.916340117Z","tipoEvento":"HEARTBEAT","bufferSize":0}
2026-08-16 16:35:09,915 INFO  [it.uni.reti2.HeartbeatGenerator] (vert.x-eventloop-thread-0) 💓 [HEARTBEAT] Invio heartbeat: {"stazioneId":"PA","stato":"ONLINE","timestamp":"2026-08-16T14:35:09.915291614Z","tipoEvento":"HEARTBEAT","bufferSize":0}
2026-08-16 16:35:19,914 INFO  [it.uni.reti2.HeartbeatGenerator] (vert.x-eventloop-thread-0) 💓 [HEARTBEAT] Invio heartbeat: {"stazioneId":"PA","stato":"ONLINE","timestamp":"2026-08-16T14:35:19.914786472Z","tipoEvento":"HEARTBEAT","bufferSize":0}
2026-08-16 16:35:29,918 INFO  [it.uni.reti2.HeartbeatGenerator] (vert.x-eventloop-thread-0) 💓 [HEARTBEAT] Invio heartbeat: {"stazioneId":"PA","stato":"ONLINE","timestamp":"2026-08-16T14:35:29.918740744Z","tipoEvento":"HEARTBEAT","bufferSize":0}
2026-08-16 16:35:39,917 INFO  [it.uni.reti2.HeartbeatGenerator] (vert.x-eventloop-thread-0) 💓 [HEARTBEAT] Invio heartbeat: {"stazioneId":"PA","stato":"ONLINE","timestamp":"2026-08-16T14:35:39.917207301Z","tipoEvento":"HEARTBEAT","bufferSize":0}
2026-08-16 16:35:49,915 INFO  [it.uni.reti2.HeartbeatGenerator] (vert.x-eventloop-thread-0) 💓 [HEARTBEAT] Invio heartbeat: {"stazioneId":"PA","stato":"ONLINE","timestamp":"2026-08-16T14:35:49.914892774Z","tipoEvento":"HEARTBEAT","bufferSize":0}
2026-08-16 16:35:59,919 INFO  [it.uni.reti2.HeartbeatGenerator] (vert.x-eventloop-thread-0) 💓 [HEARTBEAT] Invio heartbeat: {"stazioneId":"PA","stato":"ONLINE","timestamp":"2026-08-16T14:35:59.919633212Z","tipoEvento":"HEARTBEAT","bufferSize":0}
2026-08-16 16:36:09,915 INFO  [it.uni.reti2.HeartbeatGenerator] (vert.x-eventloop-thread-0) 💓 [HEARTBEAT] Invio heartbeat: {"stazioneId":"PA","stato":"ONLINE","timestamp":"2026-08-16T14:36:09.915199126Z","tipoEvento":"HEARTBEAT","bufferSize":0}
2026-08-16 16:36:19,915 INFO  [it.uni.reti2.HeartbeatGenerator] (vert.x-eventloop-thread-0) 💓 [HEARTBEAT] Invio heartbeat: {"stazioneId":"PA","stato":"ONLINE","timestamp":"2026-08-16T14:36:19.915054381Z","tipoEvento":"HEARTBEAT","bufferSize":0}
2026-08-16 16:36:29,917 INFO  [it.uni.reti2.HeartbeatGenerator] (vert.x-eventloop-thread-0) 💓 [HEARTBEAT] Invio heartbeat: {"stazioneId":"PA","stato":"ONLINE","timestamp":"2026-08-16T14:36:29.917721244Z","tipoEvento":"HEARTBEAT","bufferSize":0}
2026-08-16 16:36:39,917 INFO  [it.uni.reti2.HeartbeatGenerator] (vert.x-eventloop-thread-0) 💓 [HEARTBEAT] Invio heartbeat: {"stazioneId":"PA","stato":"ONLINE","timestamp":"2026-08-16T14:36:39.917789158Z","tipoEvento":"HEARTBEAT","bufferSize":0}
2026-08-16 16:36:49,915 INFO  [it.uni.reti2.HeartbeatGenerator] (vert.x-eventloop-thread-0) 💓 [HEARTBEAT] Invio heartbeat: {"stazioneId":"PA","stato":"ONLINE","timestamp":"2026-08-16T14:36:49.915676794Z","tipoEvento":"HEARTBEAT","bufferSize":0}
2026-08-16 16:36:59,922 INFO  [it.uni.reti2.HeartbeatGenerator] (vert.x-eventloop-thread-0) 💓 [HEARTBEAT] Invio heartbeat: {"stazioneId":"PA","stato":"ONLINE","timestamp":"2026-08-16T14:36:59.922004438Z","tipoEvento":"HEARTBEAT","bufferSize":0}
2026-08-16 16:37:09,917 INFO  [it.uni.reti2.HeartbeatGenerator] (vert.x-eventloop-thread-0) 💓 [HEARTBEAT] Invio heartbeat: {"stazioneId":"PA","stato":"ONLINE","timestamp":"2026-08-16T14:37:09.917301580Z","tipoEvento":"HEARTBEAT","bufferSize":0}
2026-08-16 16:37:19,915 INFO  [it.uni.reti2.HeartbeatGenerator] (vert.x-eventloop-thread-0) 💓 [HEARTBEAT] Invio heartbeat: {"stazioneId":"PA","stato":"ONLINE","timestamp":"2026-08-16T14:37:19.915702869Z","tipoEvento":"HEARTBEAT","bufferSize":0}
2026-08-16 16:37:29,922 INFO  [it.uni.reti2.HeartbeatGenerator] (vert.x-eventloop-thread-0) 💓 [HEARTBEAT] Invio heartbeat: {"stazioneId":"PA","stato":"ONLINE","timestamp":"2026-08-16T14:37:29.922689962Z","tipoEvento":"HEARTBEAT","bufferSize":0}
2026-08-16 16:37:39,917 INFO  [it.uni.reti2.HeartbeatGenerator] (vert.x-eventloop-thread-0) 💓 [HEARTBEAT] Invio heartbeat: {"stazioneId":"PA","stato":"ONLINE","timestamp":"2026-08-16T14:37:39.917105946Z","tipoEvento":"HEARTBEAT","bufferSize":0}
2026-08-16 16:37:49,916 INFO  [it.uni.reti2.HeartbeatGenerator] (vert.x-eventloop-thread-0) 💓 [HEARTBEAT] Invio heartbeat: {"stazioneId":"PA","stato":"ONLINE","timestamp":"2026-08-16T14:37:49.916065924Z","tipoEvento":"HEARTBEAT","bufferSize":0}
2026-08-16 16:37:59,923 INFO  [it.uni.reti2.HeartbeatGenerator] (vert.x-eventloop-thread-0) 💓 [HEARTBEAT] Invio heartbeat: {"stazioneId":"PA","stato":"ONLINE","timestamp":"2026-08-16T14:37:59.923034320Z","tipoEvento":"HEARTBEAT","bufferSize":0}
2026-08-16 16:38:09,918 INFO  [it.uni.reti2.HeartbeatGenerator] (vert.x-eventloop-thread-0) 💓 [HEARTBEAT] Invio heartbeat: {"stazioneId":"PA","stato":"ONLINE","timestamp":"2026-08-16T14:38:09.918622740Z","tipoEvento":"HEARTBEAT","bufferSize":0}
2026-08-16 16:38:19,915 INFO  [it.uni.reti2.HeartbeatGenerator] (vert.x-eventloop-thread-0) 💓 [HEARTBEAT] Invio heartbeat: {"stazioneId":"PA","stato":"ONLINE","timestamp":"2026-08-16T14:38:19.915684748Z","tipoEvento":"HEARTBEAT","bufferSize":0}
2026-08-16 16:38:29,924 INFO  [it.uni.reti2.HeartbeatGenerator] (vert.x-eventloop-thread-0) 💓 [HEARTBEAT] Invio heartbeat: {"stazioneId":"PA","stato":"ONLINE","timestamp":"2026-08-16T14:38:29.924220593Z","tipoEvento":"HEARTBEAT","bufferSize":0}
2026-08-16 16:38:39,919 INFO  [it.uni.reti2.HeartbeatGenerator] (vert.x-eventloop-thread-0) 💓 [HEARTBEAT] Invio heartbeat: {"stazioneId":"PA","stato":"ONLINE","timestamp":"2026-08-16T14:38:39.919568912Z","tipoEvento":"HEARTBEAT","bufferSize":0}
2026-08-16 16:38:49,916 INFO  [it.uni.reti2.HeartbeatGenerator] (vert.x-eventloop-thread-0) 💓 [HEARTBEAT] Invio heartbeat: {"stazioneId":"PA","stato":"ONLINE","timestamp":"2026-08-16T14:38:49.916284293Z","tipoEvento":"HEARTBEAT","bufferSize":0}
2026-08-16 16:38:59,916 INFO  [it.uni.reti2.HeartbeatGenerator] (vert.x-eventloop-thread-0) 💓 [HEARTBEAT] Invio heartbeat: {"stazioneId":"PA","stato":"ONLINE","timestamp":"2026-08-16T14:38:59.916408437Z","tipoEvento":"HEARTBEAT","bufferSize":0}
2026-08-16 16:39:09,921 INFO  [it.uni.reti2.HeartbeatGenerator] (vert.x-eventloop-thread-0) 💓 [HEARTBEAT] Invio heartbeat: {"stazioneId":"PA","stato":"ONLINE","timestamp":"2026-08-16T14:39:09.921662475Z","tipoEvento":"HEARTBEAT","bufferSize":0}
2026-08-16 16:39:19,915 INFO  [it.uni.reti2.HeartbeatGenerator] (vert.x-eventloop-thread-0) 💓 [HEARTBEAT] Invio heartbeat: {"stazioneId":"PA","stato":"ONLINE","timestamp":"2026-08-16T14:39:19.915514964Z","tipoEvento":"HEARTBEAT","bufferSize":0}
2026-08-16 16:39:29,918 INFO  [it.uni.reti2.HeartbeatGenerator] (vert.x-eventloop-thread-0) 💓 [HEARTBEAT] Invio heartbeat: {"stazioneId":"PA","stato":"ONLINE","timestamp":"2026-08-16T14:39:29.918371727Z","tipoEvento":"HEARTBEAT","bufferSize":0}
2026-08-16 16:39:39,923 INFO  [it.uni.reti2.HeartbeatGenerator] (vert.x-eventloop-thread-0) 💓 [HEARTBEAT] Invio heartbeat: {"stazioneId":"PA","stato":"ONLINE","timestamp":"2026-08-16T14:39:39.922930989Z","tipoEvento":"HEARTBEAT","bufferSize":0}
2026-08-16 16:39:49,916 INFO  [it.uni.reti2.HeartbeatGenerator] (vert.x-eventloop-thread-0) 💓 [HEARTBEAT] Invio heartbeat: {"stazioneId":"PA","stato":"ONLINE","timestamp":"2026-08-16T14:39:49.916055294Z","tipoEvento":"HEARTBEAT","bufferSize":0}
2026-08-16 16:39:59,918 INFO  [it.uni.reti2.HeartbeatGenerator] (vert.x-eventloop-thread-0) 💓 [HEARTBEAT] Invio heartbeat: {"stazioneId":"PA","stato":"ONLINE","timestamp":"2026-08-16T14:39:59.918331711Z","tipoEvento":"HEARTBEAT","bufferSize":0}
2026-08-16 16:40:09,922 INFO  [it.uni.reti2.HeartbeatGenerator] (vert.x-eventloop-thread-0) 💓 [HEARTBEAT] Invio heartbeat: {"stazioneId":"PA","stato":"ONLINE","timestamp":"2026-08-16T14:40:09.922507291Z","tipoEvento":"HEARTBEAT","bufferSize":0}
2026-08-16 16:40:19,915 INFO  [it.uni.reti2.HeartbeatGenerator] (vert.x-eventloop-thread-0) 💓 [HEARTBEAT] Invio heartbeat: {"stazioneId":"PA","stato":"ONLINE","timestamp":"2026-08-16T14:40:19.915639348Z","tipoEvento":"HEARTBEAT","bufferSize":0}
2026-08-16 16:40:29,918 INFO  [it.uni.reti2.HeartbeatGenerator] (vert.x-eventloop-thread-0) 💓 [HEARTBEAT] Invio heartbeat: {"stazioneId":"PA","stato":"ONLINE","timestamp":"2026-08-16T14:40:29.918855659Z","tipoEvento":"HEARTBEAT","bufferSize":0}
2026-08-16 16:40:39,915 INFO  [it.uni.reti2.HeartbeatGenerator] (vert.x-eventloop-thread-0) 💓 [HEARTBEAT] Invio heartbeat: {"stazioneId":"PA","stato":"ONLINE","timestamp":"2026-08-16T14:40:39.915129023Z","tipoEvento":"HEARTBEAT","bufferSize":0}
2026-08-16 16:40:49,915 INFO  [it.uni.reti2.HeartbeatGenerator] (vert.x-eventloop-thread-0) 💓 [HEARTBEAT] Invio heartbeat: {"stazioneId":"PA","stato":"ONLINE","timestamp":"2026-08-16T14:40:49.915294453Z","tipoEvento":"HEARTBEAT","bufferSize":0}
2026-08-16 16:40:59,914 INFO  [it.uni.reti2.HeartbeatGenerator] (vert.x-eventloop-thread-0) 💓 [HEARTBEAT] Invio heartbeat: {"stazioneId":"PA","stato":"ONLINE","timestamp":"2026-08-16T14:40:59.914796169Z","tipoEvento":"HEARTBEAT","bufferSize":0}
2026-08-16 16:41:09,915 INFO  [it.uni.reti2.HeartbeatGenerator] (vert.x-eventloop-thread-0) 💓 [HEARTBEAT] Invio heartbeat: {"stazioneId":"PA","stato":"ONLINE","timestamp":"2026-08-16T14:41:09.915194303Z","tipoEvento":"HEARTBEAT","bufferSize":0}
2026-08-16 16:41:19,915 INFO  [it.uni.reti2.HeartbeatGenerator] (vert.x-eventloop-thread-0) 💓 [HEARTBEAT] Invio heartbeat: {"stazioneId":"PA","stato":"ONLINE","timestamp":"2026-08-16T14:41:19.915716176Z","tipoEvento":"HEARTBEAT","bufferSize":0}
2026-08-16 16:41:29,916 INFO  [it.uni.reti2.HeartbeatGenerator] (vert.x-eventloop-thread-0) 💓 [HEARTBEAT] Invio heartbeat: {"stazioneId":"PA","stato":"ONLINE","timestamp":"2026-08-16T14:41:29.916106154Z","tipoEvento":"HEARTBEAT","bufferSize":0}
2026-08-16 16:41:39,914 INFO  [it.uni.reti2.HeartbeatGenerator] (vert.x-eventloop-thread-0) 💓 [HEARTBEAT] Invio heartbeat: {"stazioneId":"PA","stato":"ONLINE","timestamp":"2026-08-16T14:41:39.914646889Z","tipoEvento":"HEARTBEAT","bufferSize":0}
2026-08-16 16:41:49,915 INFO  [it.uni.reti2.HeartbeatGenerator] (vert.x-eventloop-thread-0) 💓 [HEARTBEAT] Invio heartbeat: {"stazioneId":"PA","stato":"ONLINE","timestamp":"2026-08-16T14:41:49.915703192Z","tipoEvento":"HEARTBEAT","bufferSize":0}
2026-08-16 16:41:59,918 INFO  [it.uni.reti2.HeartbeatGenerator] (vert.x-eventloop-thread-0) 💓 [HEARTBEAT] Invio heartbeat: {"stazioneId":"PA","stato":"ONLINE","timestamp":"2026-08-16T14:41:59.918087298Z","tipoEvento":"HEARTBEAT","bufferSize":0}
2026-08-16 16:42:09,918 INFO  [it.uni.reti2.HeartbeatGenerator] (vert.x-eventloop-thread-0) 💓 [HEARTBEAT] Invio heartbeat: {"stazioneId":"PA","stato":"ONLINE","timestamp":"2026-08-16T14:42:09.918649644Z","tipoEvento":"HEARTBEAT","bufferSize":0}
2026-08-16 16:42:19,914 INFO  [it.uni.reti2.HeartbeatGenerator] (vert.x-eventloop-thread-0) 💓 [HEARTBEAT] Invio heartbeat: {"stazioneId":"PA","stato":"ONLINE","timestamp":"2026-08-16T14:42:19.914858761Z","tipoEvento":"HEARTBEAT","bufferSize":0}
2026-08-16 16:42:29,914 INFO  [it.uni.reti2.HeartbeatGenerator] (vert.x-eventloop-thread-0) 💓 [HEARTBEAT] Invio heartbeat: {"stazioneId":"PA","stato":"ONLINE","timestamp":"2026-08-16T14:42:29.914313638Z","tipoEvento":"HEARTBEAT","bufferSize":0}
2026-08-16 16:42:39,916 INFO  [it.uni.reti2.HeartbeatGenerator] (vert.x-eventloop-thread-0) 💓 [HEARTBEAT] Invio heartbeat: {"stazioneId":"PA","stato":"ONLINE","timestamp":"2026-08-16T14:42:39.916180997Z","tipoEvento":"HEARTBEAT","bufferSize":0}
2026-08-16 16:42:49,916 INFO  [it.uni.reti2.HeartbeatGenerator] (vert.x-eventloop-thread-0) 💓 [HEARTBEAT] Invio heartbeat: {"stazioneId":"PA","stato":"ONLINE","timestamp":"2026-08-16T14:42:49.916261355Z","tipoEvento":"HEARTBEAT","bufferSize":0}
2026-08-16 16:42:59,921 INFO  [it.uni.reti2.HeartbeatGenerator] (vert.x-eventloop-thread-0) 💓 [HEARTBEAT] Invio heartbeat: {"stazioneId":"PA","stato":"ONLINE","timestamp":"2026-08-16T14:42:59.921266588Z","tipoEvento":"HEARTBEAT","bufferSize":0}
2026-08-16 16:43:09,916 INFO  [it.uni.reti2.HeartbeatGenerator] (vert.x-eventloop-thread-0) 💓 [HEARTBEAT] Invio heartbeat: {"stazioneId":"PA","stato":"ONLINE","timestamp":"2026-08-16T14:43:09.916094773Z","tipoEvento":"HEARTBEAT","bufferSize":0}
2026-08-16 16:43:19,914 INFO  [it.uni.reti2.HeartbeatGenerator] (vert.x-eventloop-thread-0) 💓 [HEARTBEAT] Invio heartbeat: {"stazioneId":"PA","stato":"ONLINE","timestamp":"2026-08-16T14:43:19.914662526Z","tipoEvento":"HEARTBEAT","bufferSize":0}
2026-08-16 16:43:29,921 INFO  [it.uni.reti2.HeartbeatGenerator] (vert.x-eventloop-thread-0) 💓 [HEARTBEAT] Invio heartbeat: {"stazioneId":"PA","stato":"ONLINE","timestamp":"2026-08-16T14:43:29.921671629Z","tipoEvento":"HEARTBEAT","bufferSize":0}
2026-08-16 16:43:39,915 INFO  [it.uni.reti2.HeartbeatGenerator] (vert.x-eventloop-thread-0) 💓 [HEARTBEAT] Invio heartbeat: {"stazioneId":"PA","stato":"ONLINE","timestamp":"2026-08-16T14:43:39.915629601Z","tipoEvento":"HEARTBEAT","bufferSize":0}
2026-08-16 16:43:49,915 INFO  [it.uni.reti2.HeartbeatGenerator] (vert.x-eventloop-thread-0) 💓 [HEARTBEAT] Invio heartbeat: {"stazioneId":"PA","stato":"ONLINE","timestamp":"2026-08-16T14:43:49.915203787Z","tipoEvento":"HEARTBEAT","bufferSize":0}
2026-08-16 16:43:59,917 INFO  [it.uni.reti2.HeartbeatGenerator] (vert.x-eventloop-thread-0) 💓 [HEARTBEAT] Invio heartbeat: {"stazioneId":"PA","stato":"ONLINE","timestamp":"2026-08-16T14:43:59.917057304Z","tipoEvento":"HEARTBEAT","bufferSize":0}
2026-08-16 16:44:09,916 INFO  [it.uni.reti2.HeartbeatGenerator] (vert.x-eventloop-thread-0) 💓 [HEARTBEAT] Invio heartbeat: {"stazioneId":"PA","stato":"ONLINE","timestamp":"2026-08-16T14:44:09.916682149Z","tipoEvento":"HEARTBEAT","bufferSize":0}
2026-08-16 16:44:19,915 INFO  [it.uni.reti2.HeartbeatGenerator] (vert.x-eventloop-thread-0) 💓 [HEARTBEAT] Invio heartbeat: {"stazioneId":"PA","stato":"ONLINE","timestamp":"2026-08-16T14:44:19.915635415Z","tipoEvento":"HEARTBEAT","bufferSize":0}
2026-08-16 16:44:29,923 INFO  [it.uni.reti2.HeartbeatGenerator] (vert.x-eventloop-thread-0) 💓 [HEARTBEAT] Invio heartbeat: {"stazioneId":"PA","stato":"ONLINE","timestamp":"2026-08-16T14:44:29.922959609Z","tipoEvento":"HEARTBEAT","bufferSize":0}
2026-08-16 16:44:39,919 INFO  [it.uni.reti2.HeartbeatGenerator] (vert.x-eventloop-thread-0) 💓 [HEARTBEAT] Invio heartbeat: {"stazioneId":"PA","stato":"ONLINE","timestamp":"2026-08-16T14:44:39.919168683Z","tipoEvento":"HEARTBEAT","bufferSize":0}
2026-08-16 16:44:49,915 INFO  [it.uni.reti2.HeartbeatGenerator] (vert.x-eventloop-thread-0) 💓 [HEARTBEAT] Invio heartbeat: {"stazioneId":"PA","stato":"ONLINE","timestamp":"2026-08-16T14:44:49.915463501Z","tipoEvento":"HEARTBEAT","bufferSize":0}
2026-08-16 16:44:59,924 INFO  [it.uni.reti2.HeartbeatGenerator] (vert.x-eventloop-thread-0) 💓 [HEARTBEAT] Invio heartbeat: {"stazioneId":"PA","stato":"ONLINE","timestamp":"2026-08-16T14:44:59.924135273Z","tipoEvento":"HEARTBEAT","bufferSize":0}
2026-08-16 16:45:09,919 INFO  [it.uni.reti2.HeartbeatGenerator] (vert.x-eventloop-thread-0) 💓 [HEARTBEAT] Invio heartbeat: {"stazioneId":"PA","stato":"ONLINE","timestamp":"2026-08-16T14:45:09.919566399Z","tipoEvento":"HEARTBEAT","bufferSize":0}
2026-08-16 16:45:19,915 INFO  [it.uni.reti2.HeartbeatGenerator] (vert.x-eventloop-thread-0) 💓 [HEARTBEAT] Invio heartbeat: {"stazioneId":"PA","stato":"ONLINE","timestamp":"2026-08-16T14:45:19.915129690Z","tipoEvento":"HEARTBEAT","bufferSize":0}
2026-08-16 16:45:29,915 INFO  [it.uni.reti2.HeartbeatGenerator] (vert.x-eventloop-thread-0) 💓 [HEARTBEAT] Invio heartbeat: {"stazioneId":"PA","stato":"ONLINE","timestamp":"2026-08-16T14:45:29.915862135Z","tipoEvento":"HEARTBEAT","bufferSize":0}
2026-08-16 16:45:39,920 INFO  [it.uni.reti2.HeartbeatGenerator] (vert.x-eventloop-thread-0) 💓 [HEARTBEAT] Invio heartbeat: {"stazioneId":"PA","stato":"ONLINE","timestamp":"2026-08-16T14:45:39.920647549Z","tipoEvento":"HEARTBEAT","bufferSize":0}
2026-08-16 16:45:49,916 INFO  [it.uni.reti2.HeartbeatGenerator] (vert.x-eventloop-thread-0) 💓 [HEARTBEAT] Invio heartbeat: {"stazioneId":"PA","stato":"ONLINE","timestamp":"2026-08-16T14:45:49.916038376Z","tipoEvento":"HEARTBEAT","bufferSize":0}
2026-08-16 16:45:59,916 INFO  [it.uni.reti2.HeartbeatGenerator] (vert.x-eventloop-thread-0) 💓 [HEARTBEAT] Invio heartbeat: {"stazioneId":"PA","stato":"ONLINE","timestamp":"2026-08-16T14:45:59.916063651Z","tipoEvento":"HEARTBEAT","bufferSize":0}
2026-08-16 16:46:09,920 INFO  [it.uni.reti2.HeartbeatGenerator] (vert.x-eventloop-thread-0) 💓 [HEARTBEAT] Invio heartbeat: {"stazioneId":"PA","stato":"ONLINE","timestamp":"2026-08-16T14:46:09.920639518Z","tipoEvento":"HEARTBEAT","bufferSize":0}
2026-08-16 16:46:19,918 INFO  [it.uni.reti2.HeartbeatGenerator] (vert.x-eventloop-thread-0) 💓 [HEARTBEAT] Invio heartbeat: {"stazioneId":"PA","stato":"ONLINE","timestamp":"2026-08-16T14:46:19.914198246Z","tipoEvento":"HEARTBEAT","bufferSize":0}
2026-08-16 16:46:29,916 INFO  [it.uni.reti2.HeartbeatGenerator] (vert.x-eventloop-thread-0) 💓 [HEARTBEAT] Invio heartbeat: {"stazioneId":"PA","stato":"ONLINE","timestamp":"2026-08-16T14:46:29.916080967Z","tipoEvento":"HEARTBEAT","bufferSize":0}
2026-08-16 16:46:39,922 INFO  [it.uni.reti2.HeartbeatGenerator] (vert.x-eventloop-thread-0) 💓 [HEARTBEAT] Invio heartbeat: {"stazioneId":"PA","stato":"ONLINE","timestamp":"2026-08-16T14:46:39.922609103Z","tipoEvento":"HEARTBEAT","bufferSize":0}
2026-08-16 16:46:49,916 INFO  [it.uni.reti2.HeartbeatGenerator] (vert.x-eventloop-thread-0) 💓 [HEARTBEAT] Invio heartbeat: {"stazioneId":"PA","stato":"ONLINE","timestamp":"2026-08-16T14:46:49.916073446Z","tipoEvento":"HEARTBEAT","bufferSize":0}
2026-08-16 16:46:59,918 INFO  [it.uni.reti2.HeartbeatGenerator] (vert.x-eventloop-thread-0) 💓 [HEARTBEAT] Invio heartbeat: {"stazioneId":"PA","stato":"ONLINE","timestamp":"2026-08-16T14:46:59.918136247Z","tipoEvento":"HEARTBEAT","bufferSize":0}
2026-08-16 16:47:09,927 INFO  [it.uni.reti2.HeartbeatGenerator] (vert.x-eventloop-thread-0) 💓 [HEARTBEAT] Invio heartbeat: {"stazioneId":"PA","stato":"ONLINE","timestamp":"2026-08-16T14:47:09.923133474Z","tipoEvento":"HEARTBEAT","bufferSize":0}
2026-08-16 16:47:19,919 INFO  [it.uni.reti2.HeartbeatGenerator] (vert.x-eventloop-thread-0) 💓 [HEARTBEAT] Invio heartbeat: {"stazioneId":"PA","stato":"ONLINE","timestamp":"2026-08-16T14:47:19.919117085Z","tipoEvento":"HEARTBEAT","bufferSize":0}
2026-08-16 16:47:29,921 INFO  [it.uni.reti2.HeartbeatGenerator] (vert.x-eventloop-thread-0) 💓 [HEARTBEAT] Invio heartbeat: {"stazioneId":"PA","stato":"ONLINE","timestamp":"2026-08-16T14:47:29.921113777Z","tipoEvento":"HEARTBEAT","bufferSize":0}
2026-08-16 16:47:39,924 INFO  [it.uni.reti2.HeartbeatGenerator] (vert.x-eventloop-thread-0) 💓 [HEARTBEAT] Invio heartbeat: {"stazioneId":"PA","stato":"ONLINE","timestamp":"2026-08-16T14:47:39.924068518Z","tipoEvento":"HEARTBEAT","bufferSize":0}
2026-08-16 16:47:49,916 INFO  [it.uni.reti2.HeartbeatGenerator] (vert.x-eventloop-thread-0) 💓 [HEARTBEAT] Invio heartbeat: {"stazioneId":"PA","stato":"ONLINE","timestamp":"2026-08-16T14:47:49.916263415Z","tipoEvento":"HEARTBEAT","bufferSize":0}
2026-08-16 16:47:59,916 INFO  [it.uni.reti2.HeartbeatGenerator] (vert.x-eventloop-thread-0) 💓 [HEARTBEAT] Invio heartbeat: {"stazioneId":"PA","stato":"ONLINE","timestamp":"2026-08-16T14:47:59.916075351Z","tipoEvento":"HEARTBEAT","bufferSize":0}
2026-08-16 16:48:09,916 INFO  [it.uni.reti2.HeartbeatGenerator] (vert.x-eventloop-thread-0) 💓 [HEARTBEAT] Invio heartbeat: {"stazioneId":"PA","stato":"ONLINE","timestamp":"2026-08-16T14:48:09.916743723Z","tipoEvento":"HEARTBEAT","bufferSize":0}
2026-08-16 16:48:19,916 INFO  [it.uni.reti2.HeartbeatGenerator] (vert.x-eventloop-thread-0) 💓 [HEARTBEAT] Invio heartbeat: {"stazioneId":"PA","stato":"ONLINE","timestamp":"2026-08-16T14:48:19.916151891Z","tipoEvento":"HEARTBEAT","bufferSize":0}
2026-08-16 16:48:29,918 INFO  [it.uni.reti2.HeartbeatGenerator] (vert.x-eventloop-thread-0) 💓 [HEARTBEAT] Invio heartbeat: {"stazioneId":"PA","stato":"ONLINE","timestamp":"2026-08-16T14:48:29.918121606Z","tipoEvento":"HEARTBEAT","bufferSize":0}
2026-08-16 16:48:39,917 INFO  [it.uni.reti2.HeartbeatGenerator] (vert.x-eventloop-thread-0) 💓 [HEARTBEAT] Invio heartbeat: {"stazioneId":"PA","stato":"ONLINE","timestamp":"2026-08-16T14:48:39.917899830Z","tipoEvento":"HEARTBEAT","bufferSize":0}
2026-08-16 16:48:49,916 INFO  [it.uni.reti2.HeartbeatGenerator] (vert.x-eventloop-thread-0) 💓 [HEARTBEAT] Invio heartbeat: {"stazioneId":"PA","stato":"ONLINE","timestamp":"2026-08-16T14:48:49.916411151Z","tipoEvento":"HEARTBEAT","bufferSize":0}
2026-08-16 16:48:59,919 INFO  [it.uni.reti2.HeartbeatGenerator] (vert.x-eventloop-thread-0) 💓 [HEARTBEAT] Invio heartbeat: {"stazioneId":"PA","stato":"ONLINE","timestamp":"2026-08-16T14:48:59.919060257Z","tipoEvento":"HEARTBEAT","bufferSize":0}
2026-08-16 16:49:09,918 INFO  [it.uni.reti2.HeartbeatGenerator] (vert.x-eventloop-thread-0) 💓 [HEARTBEAT] Invio heartbeat: {"stazioneId":"PA","stato":"ONLINE","timestamp":"2026-08-16T14:49:09.918194104Z","tipoEvento":"HEARTBEAT","bufferSize":0}
2026-08-16 16:49:19,915 INFO  [it.uni.reti2.HeartbeatGenerator] (vert.x-eventloop-thread-0) 💓 [HEARTBEAT] Invio heartbeat: {"stazioneId":"PA","stato":"ONLINE","timestamp":"2026-08-16T14:49:19.915636345Z","tipoEvento":"HEARTBEAT","bufferSize":0}
2026-08-16 16:49:29,914 INFO  [it.uni.reti2.HeartbeatGenerator] (vert.x-eventloop-thread-0) 💓 [HEARTBEAT] Invio heartbeat: {"stazioneId":"PA","stato":"ONLINE","timestamp":"2026-08-16T14:49:29.914117782Z","tipoEvento":"HEARTBEAT","bufferSize":0}
2026-08-16 16:49:39,914 INFO  [it.uni.reti2.HeartbeatGenerator] (vert.x-eventloop-thread-0) 💓 [HEARTBEAT] Invio heartbeat: {"stazioneId":"PA","stato":"ONLINE","timestamp":"2026-08-16T14:49:39.914484497Z","tipoEvento":"HEARTBEAT","bufferSize":0}
2026-08-16 16:49:49,915 INFO  [it.uni.reti2.HeartbeatGenerator] (vert.x-eventloop-thread-0) 💓 [HEARTBEAT] Invio heartbeat: {"stazioneId":"PA","stato":"ONLINE","timestamp":"2026-08-16T14:49:49.915853401Z","tipoEvento":"HEARTBEAT","bufferSize":0}
2026-08-16 16:49:59,921 INFO  [it.uni.reti2.HeartbeatGenerator] (vert.x-eventloop-thread-0) 💓 [HEARTBEAT] Invio heartbeat: {"stazioneId":"PA","stato":"ONLINE","timestamp":"2026-08-16T14:49:59.921330577Z","tipoEvento":"HEARTBEAT","bufferSize":0}
2026-08-16 16:50:09,917 INFO  [it.uni.reti2.HeartbeatGenerator] (vert.x-eventloop-thread-0) 💓 [HEARTBEAT] Invio heartbeat: {"stazioneId":"PA","stato":"ONLINE","timestamp":"2026-08-16T14:50:09.917075813Z","tipoEvento":"HEARTBEAT","bufferSize":0}
2026-08-16 16:50:19,915 INFO  [it.uni.reti2.HeartbeatGenerator] (vert.x-eventloop-thread-0) 💓 [HEARTBEAT] Invio heartbeat: {"stazioneId":"PA","stato":"ONLINE","timestamp":"2026-08-16T14:50:19.915385947Z","tipoEvento":"HEARTBEAT","bufferSize":0}
2026-08-16 16:50:29,921 INFO  [it.uni.reti2.HeartbeatGenerator] (vert.x-eventloop-thread-0) 💓 [HEARTBEAT] Invio heartbeat: {"stazioneId":"PA","stato":"ONLINE","timestamp":"2026-08-16T14:50:29.921218453Z","tipoEvento":"HEARTBEAT","bufferSize":0}
2026-08-16 16:50:39,919 INFO  [it.uni.reti2.HeartbeatGenerator] (vert.x-eventloop-thread-0) 💓 [HEARTBEAT] Invio heartbeat: {"stazioneId":"PA","stato":"ONLINE","timestamp":"2026-08-16T14:50:39.919209712Z","tipoEvento":"HEARTBEAT","bufferSize":0}
2026-08-16 16:50:49,914 INFO  [it.uni.reti2.HeartbeatGenerator] (vert.x-eventloop-thread-0) 💓 [HEARTBEAT] Invio heartbeat: {"stazioneId":"PA","stato":"ONLINE","timestamp":"2026-08-16T14:50:49.914921236Z","tipoEvento":"HEARTBEAT","bufferSize":0}
2026-08-16 16:58:22,757 INFO  [io.smallrye.reactive.messaging.mqtt.session.impl.MqttClientSessionImpl] (vert.x-eventloop-thread-0) Connection closed: Connection closed
2026-08-16 16:58:22,768 INFO  [io.smallrye.reactive.messaging.mqtt.session.impl.MqttClientSessionImpl] (vert.x-eventloop-thread-0) Connection closed: Connection closed
2026-08-16 16:58:22,769 INFO  [io.smallrye.reactive.messaging.mqtt.session.impl.MqttClientSessionImpl] (vert.x-eventloop-thread-0) Connection closed: Connection closed
2026-08-16 16:58:23,791 INFO  [io.vertx.mqtt.impl.MqttClientImpl] (vert.x-eventloop-thread-0) Connection with localhost:1883 established successfully
2026-08-16 16:58:23,795 INFO  [io.vertx.mqtt.impl.MqttClientImpl] (vert.x-eventloop-thread-0) Connection with localhost:1883 established successfully
2026-08-16 16:58:23,798 INFO  [io.vertx.mqtt.impl.MqttClientImpl] (vert.x-eventloop-thread-0) Connection with localhost:1883 established successfully
2026-08-16 16:58:23,920 INFO  [it.uni.reti2.HeartbeatGenerator] (vert.x-eventloop-thread-0) 💓 [HEARTBEAT] Invio heartbeat: {"stazioneId":"PA","stato":"ONLINE","timestamp":"2026-08-16T14:58:23.920301680Z","tipoEvento":"HEARTBEAT","bufferSize":0}
2026-08-16 16:58:23,977 WARN  [it.uni.reti2.StationGateway] (vert.x-eventloop-thread-3) 🚨 [ALERT RICEVUTO] La Centrale dice: {"tipoEvento":"RESOLVED","origine":"CENTRALE","sorgenteTipo":"STAZIONE","sorgenteId":"TO","guastoId":"alert-1786892302746-f9008303","timestamp":"2026-08-16T14:58:23.975360254Z"}
2026-08-16 16:58:23,983 WARN  [it.uni.reti2.StationGateway] (vert.x-eventloop-thread-3) 🚨 [ALERT RICEVUTO] La Centrale dice: {"tipoEvento":"RESOLVED","origine":"CENTRALE","sorgenteTipo":"STAZIONE","sorgenteId":"PA","guastoId":"alert-1786892302706-587cb244","timestamp":"2026-08-16T14:58:23.981411325Z"}
2026-08-16 16:58:23,984 INFO  [it.uni.reti2.StationGateway] (vert.x-eventloop-thread-3) 🔧 Stazione ripristinata dalla Centrale! Stato di nuovo ONLINE.
2026-08-16 16:58:23,989 WARN  [it.uni.reti2.StationGateway] (vert.x-eventloop-thread-3) 🚨 [ALERT RICEVUTO] La Centrale dice: {"tipoEvento":"RESOLVED","origine":"CENTRALE","sorgenteTipo":"STAZIONE","sorgenteId":"stazzaDellaMadonnaTroia","guastoId":"alert-1786892302727-c4d7b1dc","timestamp":"2026-08-16T14:58:23.987928898Z"}
2026-08-16 16:58:23,995 WARN  [it.uni.reti2.StationGateway] (vert.x-eventloop-thread-3) 🚨 [ALERT RICEVUTO] La Centrale dice: {"tipoEvento":"RESOLVED","origine":"CENTRALE","sorgenteTipo":"STAZIONE","sorgenteId":"MI","guastoId":"alert-1786892302753-cba62386","timestamp":"2026-08-16T14:58:23.993608895Z"}
2026-08-16 16:58:24,000 WARN  [it.uni.reti2.StationGateway] (vert.x-eventloop-thread-3) 🚨 [ALERT RICEVUTO] La Centrale dice: {"tipoEvento":"RESOLVED","origine":"CENTRALE","sorgenteTipo":"STAZIONE","sorgenteId":"Padova","guastoId":"alert-1786892302763-25821d0b","timestamp":"2026-08-16T14:58:23.999326879Z"}
2026-08-16 16:58:33,926 INFO  [it.uni.reti2.HeartbeatGenerator] (vert.x-eventloop-thread-0) 💓 [HEARTBEAT] Invio heartbeat: {"stazioneId":"PA","stato":"ONLINE","timestamp":"2026-08-16T14:58:33.926740702Z","tipoEvento":"HEARTBEAT","bufferSize":0}
2026-08-16 16:58:43,922 INFO  [it.uni.reti2.HeartbeatGenerator] (vert.x-eventloop-thread-0) 💓 [HEARTBEAT] Invio heartbeat: {"stazioneId":"PA","stato":"ONLINE","timestamp":"2026-08-16T14:58:43.922162967Z","tipoEvento":"HEARTBEAT","bufferSize":0}
2026-08-16 16:58:53,920 INFO  [it.uni.reti2.HeartbeatGenerator] (vert.x-eventloop-thread-0) 💓 [HEARTBEAT] Invio heartbeat: {"stazioneId":"PA","stato":"ONLINE","timestamp":"2026-08-16T14:58:53.919995038Z","tipoEvento":"HEARTBEAT","bufferSize":0}
2026-08-16 16:59:03,926 INFO  [it.uni.reti2.HeartbeatGenerator] (vert.x-eventloop-thread-0) 💓 [HEARTBEAT] Invio heartbeat: {"stazioneId":"PA","stato":"ONLINE","timestamp":"2026-08-16T14:59:03.926543273Z","tipoEvento":"HEARTBEAT","bufferSize":0}
2026-08-16 16:59:13,923 INFO  [it.uni.reti2.HeartbeatGenerator] (vert.x-eventloop-thread-0) 💓 [HEARTBEAT] Invio heartbeat: {"stazioneId":"PA","stato":"ONLINE","timestamp":"2026-08-16T14:59:13.923491600Z","tipoEvento":"HEARTBEAT","bufferSize":0}
2026-08-16 16:59:23,921 INFO  [it.uni.reti2.HeartbeatGenerator] (vert.x-eventloop-thread-0) 💓 [HEARTBEAT] Invio heartbeat: {"stazioneId":"PA","stato":"ONLINE","timestamp":"2026-08-16T14:59:23.921074117Z","tipoEvento":"HEARTBEAT","bufferSize":0}
2026-08-16 16:59:33,928 INFO  [it.uni.reti2.HeartbeatGenerator] (vert.x-eventloop-thread-0) 💓 [HEARTBEAT] Invio heartbeat: {"stazioneId":"PA","stato":"ONLINE","timestamp":"2026-08-16T14:59:33.928167077Z","tipoEvento":"HEARTBEAT","bufferSize":0}
2026-08-16 16:59:43,924 INFO  [it.uni.reti2.HeartbeatGenerator] (vert.x-eventloop-thread-0) 💓 [HEARTBEAT] Invio heartbeat: {"stazioneId":"PA","stato":"ONLINE","timestamp":"2026-08-16T14:59:43.924481715Z","tipoEvento":"HEARTBEAT","bufferSize":0}
2026-08-16 16:59:53,919 INFO  [it.uni.reti2.HeartbeatGenerator] (vert.x-eventloop-thread-0) 💓 [HEARTBEAT] Invio heartbeat: {"stazioneId":"PA","stato":"ONLINE","timestamp":"2026-08-16T14:59:53.919901792Z","tipoEvento":"HEARTBEAT","bufferSize":0}
2026-08-16 17:00:03,929 INFO  [it.uni.reti2.HeartbeatGenerator] (vert.x-eventloop-thread-0) 💓 [HEARTBEAT] Invio heartbeat: {"stazioneId":"PA","stato":"ONLINE","timestamp":"2026-08-16T15:00:03.929203511Z","tipoEvento":"HEARTBEAT","bufferSize":0}
2026-08-16 17:00:13,925 INFO  [it.uni.reti2.HeartbeatGenerator] (vert.x-eventloop-thread-0) 💓 [HEARTBEAT] Invio heartbeat: {"stazioneId":"PA","stato":"ONLINE","timestamp":"2026-08-16T15:00:13.925216655Z","tipoEvento":"HEARTBEAT","bufferSize":0}
2026-08-16 17:00:23,920 INFO  [it.uni.reti2.HeartbeatGenerator] (vert.x-eventloop-thread-0) 💓 [HEARTBEAT] Invio heartbeat: {"stazioneId":"PA","stato":"ONLINE","timestamp":"2026-08-16T15:00:23.920068249Z","tipoEvento":"HEARTBEAT","bufferSize":0}
2026-08-16 17:00:33,920 INFO  [it.uni.reti2.HeartbeatGenerator] (vert.x-eventloop-thread-0) 💓 [HEARTBEAT] Invio heartbeat: {"stazioneId":"PA","stato":"ONLINE","timestamp":"2026-08-16T15:00:33.920801336Z","tipoEvento":"HEARTBEAT","bufferSize":0}
2026-08-16 17:00:43,926 INFO  [it.uni.reti2.HeartbeatGenerator] (vert.x-eventloop-thread-0) 💓 [HEARTBEAT] Invio heartbeat: {"stazioneId":"PA","stato":"ONLINE","timestamp":"2026-08-16T15:00:43.926813114Z","tipoEvento":"HEARTBEAT","bufferSize":0}
2026-08-16 17:00:53,920 INFO  [it.uni.reti2.HeartbeatGenerator] (vert.x-eventloop-thread-0) 💓 [HEARTBEAT] Invio heartbeat: {"stazioneId":"PA","stato":"ONLINE","timestamp":"2026-08-16T15:00:53.920258840Z","tipoEvento":"HEARTBEAT","bufferSize":0}
2026-08-16 17:01:03,923 INFO  [it.uni.reti2.HeartbeatGenerator] (vert.x-eventloop-thread-0) 💓 [HEARTBEAT] Invio heartbeat: {"stazioneId":"PA","stato":"ONLINE","timestamp":"2026-08-16T15:01:03.923776989Z","tipoEvento":"HEARTBEAT","bufferSize":0}
2026-08-16 17:01:13,928 INFO  [it.uni.reti2.HeartbeatGenerator] (vert.x-eventloop-thread-0) 💓 [HEARTBEAT] Invio heartbeat: {"stazioneId":"PA","stato":"ONLINE","timestamp":"2026-08-16T15:01:13.928916759Z","tipoEvento":"HEARTBEAT","bufferSize":0}
2026-08-16 17:01:23,920 INFO  [it.uni.reti2.HeartbeatGenerator] (vert.x-eventloop-thread-0) 💓 [HEARTBEAT] Invio heartbeat: {"stazioneId":"PA","stato":"ONLINE","timestamp":"2026-08-16T15:01:23.920071321Z","tipoEvento":"HEARTBEAT","bufferSize":0}
2026-08-16 17:01:33,923 INFO  [it.uni.reti2.HeartbeatGenerator] (vert.x-eventloop-thread-0) 💓 [HEARTBEAT] Invio heartbeat: {"stazioneId":"PA","stato":"ONLINE","timestamp":"2026-08-16T15:01:33.923789670Z","tipoEvento":"HEARTBEAT","bufferSize":0}
2026-08-16 17:01:43,928 INFO  [it.uni.reti2.HeartbeatGenerator] (vert.x-eventloop-thread-0) 💓 [HEARTBEAT] Invio heartbeat: {"stazioneId":"PA","stato":"ONLINE","timestamp":"2026-08-16T15:01:43.928187024Z","tipoEvento":"HEARTBEAT","bufferSize":0}
2026-08-16 17:01:53,921 INFO  [it.uni.reti2.HeartbeatGenerator] (vert.x-eventloop-thread-0) 💓 [HEARTBEAT] Invio heartbeat: {"stazioneId":"PA","stato":"ONLINE","timestamp":"2026-08-16T15:01:53.921125196Z","tipoEvento":"HEARTBEAT","bufferSize":0}
2026-08-16 17:02:03,921 INFO  [it.uni.reti2.HeartbeatGenerator] (vert.x-eventloop-thread-0) 💓 [HEARTBEAT] Invio heartbeat: {"stazioneId":"PA","stato":"ONLINE","timestamp":"2026-08-16T15:02:03.921261516Z","tipoEvento":"HEARTBEAT","bufferSize":0}
2026-08-16 17:02:13,921 INFO  [it.uni.reti2.HeartbeatGenerator] (vert.x-eventloop-thread-0) 💓 [HEARTBEAT] Invio heartbeat: {"stazioneId":"PA","stato":"ONLINE","timestamp":"2026-08-16T15:02:13.921089984Z","tipoEvento":"HEARTBEAT","bufferSize":0}
2026-08-16 17:02:23,920 INFO  [it.uni.reti2.HeartbeatGenerator] (vert.x-eventloop-thread-0) 💓 [HEARTBEAT] Invio heartbeat: {"stazioneId":"PA","stato":"ONLINE","timestamp":"2026-08-16T15:02:23.919943331Z","tipoEvento":"HEARTBEAT","bufferSize":0}
2026-08-16 17:02:33,921 INFO  [it.uni.reti2.HeartbeatGenerator] (vert.x-eventloop-thread-0) 💓 [HEARTBEAT] Invio heartbeat: {"stazioneId":"PA","stato":"ONLINE","timestamp":"2026-08-16T15:02:33.921163516Z","tipoEvento":"HEARTBEAT","bufferSize":0}
2026-08-16 17:02:43,921 INFO  [it.uni.reti2.HeartbeatGenerator] (vert.x-eventloop-thread-0) 💓 [HEARTBEAT] Invio heartbeat: {"stazioneId":"PA","stato":"ONLINE","timestamp":"2026-08-16T15:02:43.921565368Z","tipoEvento":"HEARTBEAT","bufferSize":0}
2026-08-16 17:02:53,920 INFO  [it.uni.reti2.HeartbeatGenerator] (vert.x-eventloop-thread-0) 💓 [HEARTBEAT] Invio heartbeat: {"stazioneId":"PA","stato":"ONLINE","timestamp":"2026-08-16T15:02:53.920461247Z","tipoEvento":"HEARTBEAT","bufferSize":0}
2026-08-16 17:03:03,923 INFO  [it.uni.reti2.HeartbeatGenerator] (vert.x-eventloop-thread-0) 💓 [HEARTBEAT] Invio heartbeat: {"stazioneId":"PA","stato":"ONLINE","timestamp":"2026-08-16T15:03:03.923901542Z","tipoEvento":"HEARTBEAT","bufferSize":0}
2026-08-16 17:03:13,923 INFO  [it.uni.reti2.HeartbeatGenerator] (vert.x-eventloop-thread-0) 💓 [HEARTBEAT] Invio heartbeat: {"stazioneId":"PA","stato":"ONLINE","timestamp":"2026-08-16T15:03:13.923314269Z","tipoEvento":"HEARTBEAT","bufferSize":0}
2026-08-16 17:03:23,920 INFO  [it.uni.reti2.HeartbeatGenerator] (vert.x-eventloop-thread-0) 💓 [HEARTBEAT] Invio heartbeat: {"stazioneId":"PA","stato":"ONLINE","timestamp":"2026-08-16T15:03:23.920013348Z","tipoEvento":"HEARTBEAT","bufferSize":0}
2026-08-16 17:03:33,923 INFO  [it.uni.reti2.HeartbeatGenerator] (vert.x-eventloop-thread-0) 💓 [HEARTBEAT] Invio heartbeat: {"stazioneId":"PA","stato":"ONLINE","timestamp":"2026-08-16T15:03:33.923568981Z","tipoEvento":"HEARTBEAT","bufferSize":0}
2026-08-16 17:03:43,923 INFO  [it.uni.reti2.HeartbeatGenerator] (vert.x-eventloop-thread-0) 💓 [HEARTBEAT] Invio heartbeat: {"stazioneId":"PA","stato":"ONLINE","timestamp":"2026-08-16T15:03:43.923599140Z","tipoEvento":"HEARTBEAT","bufferSize":0}
2026-08-16 17:03:53,920 INFO  [it.uni.reti2.HeartbeatGenerator] (vert.x-eventloop-thread-0) 💓 [HEARTBEAT] Invio heartbeat: {"stazioneId":"PA","stato":"ONLINE","timestamp":"2026-08-16T15:03:53.920809274Z","tipoEvento":"HEARTBEAT","bufferSize":0}
2026-08-16 17:04:03,924 INFO  [it.uni.reti2.HeartbeatGenerator] (vert.x-eventloop-thread-0) 💓 [HEARTBEAT] Invio heartbeat: {"stazioneId":"PA","stato":"ONLINE","timestamp":"2026-08-16T15:04:03.924187530Z","tipoEvento":"HEARTBEAT","bufferSize":0}
2026-08-16 17:04:13,924 INFO  [it.uni.reti2.HeartbeatGenerator] (vert.x-eventloop-thread-0) 💓 [HEARTBEAT] Invio heartbeat: {"stazioneId":"PA","stato":"ONLINE","timestamp":"2026-08-16T15:04:13.924500610Z","tipoEvento":"HEARTBEAT","bufferSize":0}
2026-08-16 17:04:23,921 INFO  [it.uni.reti2.HeartbeatGenerator] (vert.x-eventloop-thread-0) 💓 [HEARTBEAT] Invio heartbeat: {"stazioneId":"PA","stato":"ONLINE","timestamp":"2026-08-16T15:04:23.921461097Z","tipoEvento":"HEARTBEAT","bufferSize":0}
2026-08-16 17:04:33,925 INFO  [it.uni.reti2.HeartbeatGenerator] (vert.x-eventloop-thread-0) 💓 [HEARTBEAT] Invio heartbeat: {"stazioneId":"PA","stato":"ONLINE","timestamp":"2026-08-16T15:04:33.925626767Z","tipoEvento":"HEARTBEAT","bufferSize":0}
2026-08-16 17:04:43,922 INFO  [it.uni.reti2.HeartbeatGenerator] (vert.x-eventloop-thread-0) 💓 [HEARTBEAT] Invio heartbeat: {"stazioneId":"PA","stato":"ONLINE","timestamp":"2026-08-16T15:04:43.922247422Z","tipoEvento":"HEARTBEAT","bufferSize":0}
2026-08-16 17:04:53,919 INFO  [it.uni.reti2.HeartbeatGenerator] (vert.x-eventloop-thread-0) 💓 [HEARTBEAT] Invio heartbeat: {"stazioneId":"PA","stato":"ONLINE","timestamp":"2026-08-16T15:04:53.919750993Z","tipoEvento":"HEARTBEAT","bufferSize":0}
2026-08-16 17:05:03,926 INFO  [it.uni.reti2.HeartbeatGenerator] (vert.x-eventloop-thread-0) 💓 [HEARTBEAT] Invio heartbeat: {"stazioneId":"PA","stato":"ONLINE","timestamp":"2026-08-16T15:05:03.926152547Z","tipoEvento":"HEARTBEAT","bufferSize":0}
2026-08-16 17:05:13,922 INFO  [it.uni.reti2.HeartbeatGenerator] (vert.x-eventloop-thread-0) 💓 [HEARTBEAT] Invio heartbeat: {"stazioneId":"PA","stato":"ONLINE","timestamp":"2026-08-16T15:05:13.922174910Z","tipoEvento":"HEARTBEAT","bufferSize":0}
2026-08-16 17:05:23,920 INFO  [it.uni.reti2.HeartbeatGenerator] (vert.x-eventloop-thread-0) 💓 [HEARTBEAT] Invio heartbeat: {"stazioneId":"PA","stato":"ONLINE","timestamp":"2026-08-16T15:05:23.920096729Z","tipoEvento":"HEARTBEAT","bufferSize":0}
2026-08-16 17:05:33,927 INFO  [it.uni.reti2.HeartbeatGenerator] (vert.x-eventloop-thread-0) 💓 [HEARTBEAT] Invio heartbeat: {"stazioneId":"PA","stato":"ONLINE","timestamp":"2026-08-16T15:05:33.927195778Z","tipoEvento":"HEARTBEAT","bufferSize":0}
2026-08-16 17:05:43,923 INFO  [it.uni.reti2.HeartbeatGenerator] (vert.x-eventloop-thread-0) 💓 [HEARTBEAT] Invio heartbeat: {"stazioneId":"PA","stato":"ONLINE","timestamp":"2026-08-16T15:05:43.922976295Z","tipoEvento":"HEARTBEAT","bufferSize":0}
2026-08-16 17:05:53,921 INFO  [it.uni.reti2.HeartbeatGenerator] (vert.x-eventloop-thread-0) 💓 [HEARTBEAT] Invio heartbeat: {"stazioneId":"PA","stato":"ONLINE","timestamp":"2026-08-16T15:05:53.921105096Z","tipoEvento":"HEARTBEAT","bufferSize":0}
2026-08-16 17:06:03,930 INFO  [it.uni.reti2.HeartbeatGenerator] (vert.x-eventloop-thread-0) 💓 [HEARTBEAT] Invio heartbeat: {"stazioneId":"PA","stato":"ONLINE","timestamp":"2026-08-16T15:06:03.930445810Z","tipoEvento":"HEARTBEAT","bufferSize":0}
2026-08-16 17:06:13,921 INFO  [it.uni.reti2.HeartbeatGenerator] (vert.x-eventloop-thread-0) 💓 [HEARTBEAT] Invio heartbeat: {"stazioneId":"PA","stato":"ONLINE","timestamp":"2026-08-16T15:06:13.921830357Z","tipoEvento":"HEARTBEAT","bufferSize":0}
2026-08-16 17:06:23,920 INFO  [it.uni.reti2.HeartbeatGenerator] (vert.x-eventloop-thread-0) 💓 [HEARTBEAT] Invio heartbeat: {"stazioneId":"PA","stato":"ONLINE","timestamp":"2026-08-16T15:06:23.920069794Z","tipoEvento":"HEARTBEAT","bufferSize":0}
2026-08-16 17:06:33,928 INFO  [it.uni.reti2.HeartbeatGenerator] (vert.x-eventloop-thread-0) 💓 [HEARTBEAT] Invio heartbeat: {"stazioneId":"PA","stato":"ONLINE","timestamp":"2026-08-16T15:06:33.928143097Z","tipoEvento":"HEARTBEAT","bufferSize":0}
2026-08-16 17:06:43,926 INFO  [it.uni.reti2.HeartbeatGenerator] (vert.x-eventloop-thread-0) 💓 [HEARTBEAT] Invio heartbeat: {"stazioneId":"PA","stato":"ONLINE","timestamp":"2026-08-16T15:06:43.926450697Z","tipoEvento":"HEARTBEAT","bufferSize":0}
2026-08-16 17:06:53,920 INFO  [it.uni.reti2.HeartbeatGenerator] (vert.x-eventloop-thread-0) 💓 [HEARTBEAT] Invio heartbeat: {"stazioneId":"PA","stato":"ONLINE","timestamp":"2026-08-16T15:06:53.920121381Z","tipoEvento":"HEARTBEAT","bufferSize":0}
2026-08-16 17:07:04,726 INFO  [it.uni.reti2.HeartbeatGenerator] (vert.x-eventloop-thread-0) 💓 [HEARTBEAT] Invio heartbeat: {"stazioneId":"PA","stato":"ONLINE","timestamp":"2026-08-16T15:07:04.726839722Z","tipoEvento":"HEARTBEAT","bufferSize":0}
2026-08-16 17:07:14,731 INFO  [it.uni.reti2.HeartbeatGenerator] (vert.x-eventloop-thread-0) 💓 [HEARTBEAT] Invio heartbeat: {"stazioneId":"PA","stato":"ONLINE","timestamp":"2026-08-16T15:07:14.731696402Z","tipoEvento":"HEARTBEAT","bufferSize":0}
2026-08-16 17:07:24,725 INFO  [it.uni.reti2.HeartbeatGenerator] (vert.x-eventloop-thread-0) 💓 [HEARTBEAT] Invio heartbeat: {"stazioneId":"PA","stato":"ONLINE","timestamp":"2026-08-16T15:07:24.725246430Z","tipoEvento":"HEARTBEAT","bufferSize":0}
2026-08-16 17:07:34,728 INFO  [it.uni.reti2.HeartbeatGenerator] (vert.x-eventloop-thread-0) 💓 [HEARTBEAT] Invio heartbeat: {"stazioneId":"PA","stato":"ONLINE","timestamp":"2026-08-16T15:07:34.728834639Z","tipoEvento":"HEARTBEAT","bufferSize":0}
2026-08-16 17:07:44,725 INFO  [it.uni.reti2.HeartbeatGenerator] (vert.x-eventloop-thread-0) 💓 [HEARTBEAT] Invio heartbeat: {"stazioneId":"PA","stato":"ONLINE","timestamp":"2026-08-16T15:07:44.725654454Z","tipoEvento":"HEARTBEAT","bufferSize":0}
2026-08-16 17:07:54,725 INFO  [it.uni.reti2.HeartbeatGenerator] (vert.x-eventloop-thread-0) 💓 [HEARTBEAT] Invio heartbeat: {"stazioneId":"PA","stato":"ONLINE","timestamp":"2026-08-16T15:07:54.725136274Z","tipoEvento":"HEARTBEAT","bufferSize":0}
2026-08-16 17:08:04,726 INFO  [it.uni.reti2.HeartbeatGenerator] (vert.x-eventloop-thread-0) 💓 [HEARTBEAT] Invio heartbeat: {"stazioneId":"PA","stato":"ONLINE","timestamp":"2026-08-16T15:08:04.725966641Z","tipoEvento":"HEARTBEAT","bufferSize":0}
2026-08-16 17:08:14,724 INFO  [it.uni.reti2.HeartbeatGenerator] (vert.x-eventloop-thread-0) 💓 [HEARTBEAT] Invio heartbeat: {"stazioneId":"PA","stato":"ONLINE","timestamp":"2026-08-16T15:08:14.724806357Z","tipoEvento":"HEARTBEAT","bufferSize":0}
2026-08-16 17:08:24,725 INFO  [it.uni.reti2.HeartbeatGenerator] (vert.x-eventloop-thread-0) 💓 [HEARTBEAT] Invio heartbeat: {"stazioneId":"PA","stato":"ONLINE","timestamp":"2026-08-16T15:08:24.725403031Z","tipoEvento":"HEARTBEAT","bufferSize":0}
2026-08-16 17:08:34,726 INFO  [it.uni.reti2.HeartbeatGenerator] (vert.x-eventloop-thread-0) 💓 [HEARTBEAT] Invio heartbeat: {"stazioneId":"PA","stato":"ONLINE","timestamp":"2026-08-16T15:08:34.725892313Z","tipoEvento":"HEARTBEAT","bufferSize":0}
2026-08-16 17:08:44,727 INFO  [it.uni.reti2.HeartbeatGenerator] (vert.x-eventloop-thread-0) 💓 [HEARTBEAT] Invio heartbeat: {"stazioneId":"PA","stato":"ONLINE","timestamp":"2026-08-16T15:08:44.727039991Z","tipoEvento":"HEARTBEAT","bufferSize":0}
2026-08-16 17:08:54,724 INFO  [it.uni.reti2.HeartbeatGenerator] (vert.x-eventloop-thread-0) 💓 [HEARTBEAT] Invio heartbeat: {"stazioneId":"PA","stato":"ONLINE","timestamp":"2026-08-16T15:08:54.724822871Z","tipoEvento":"HEARTBEAT","bufferSize":0}
2026-08-16 17:09:04,727 INFO  [it.uni.reti2.HeartbeatGenerator] (vert.x-eventloop-thread-0) 💓 [HEARTBEAT] Invio heartbeat: {"stazioneId":"PA","stato":"ONLINE","timestamp":"2026-08-16T15:09:04.727810098Z","tipoEvento":"HEARTBEAT","bufferSize":0}
2026-08-16 17:09:14,728 INFO  [it.uni.reti2.HeartbeatGenerator] (vert.x-eventloop-thread-0) 💓 [HEARTBEAT] Invio heartbeat: {"stazioneId":"PA","stato":"ONLINE","timestamp":"2026-08-16T15:09:14.728049873Z","tipoEvento":"HEARTBEAT","bufferSize":0}
2026-08-16 17:09:24,724 INFO  [it.uni.reti2.HeartbeatGenerator] (vert.x-eventloop-thread-0) 💓 [HEARTBEAT] Invio heartbeat: {"stazioneId":"PA","stato":"ONLINE","timestamp":"2026-08-16T15:09:24.724638945Z","tipoEvento":"HEARTBEAT","bufferSize":0}
2026-08-16 17:09:34,729 INFO  [it.uni.reti2.HeartbeatGenerator] (vert.x-eventloop-thread-0) 💓 [HEARTBEAT] Invio heartbeat: {"stazioneId":"PA","stato":"ONLINE","timestamp":"2026-08-16T15:09:34.729046028Z","tipoEvento":"HEARTBEAT","bufferSize":0}
2026-08-16 17:09:44,730 INFO  [it.uni.reti2.HeartbeatGenerator] (vert.x-eventloop-thread-0) 💓 [HEARTBEAT] Invio heartbeat: {"stazioneId":"PA","stato":"ONLINE","timestamp":"2026-08-16T15:09:44.729914415Z","tipoEvento":"HEARTBEAT","bufferSize":0}
2026-08-16 17:09:54,725 INFO  [it.uni.reti2.HeartbeatGenerator] (vert.x-eventloop-thread-0) 💓 [HEARTBEAT] Invio heartbeat: {"stazioneId":"PA","stato":"ONLINE","timestamp":"2026-08-16T15:09:54.725629817Z","tipoEvento":"HEARTBEAT","bufferSize":0}
2026-08-16 17:10:04,731 INFO  [it.uni.reti2.HeartbeatGenerator] (vert.x-eventloop-thread-0) 💓 [HEARTBEAT] Invio heartbeat: {"stazioneId":"PA","stato":"ONLINE","timestamp":"2026-08-16T15:10:04.731078471Z","tipoEvento":"HEARTBEAT","bufferSize":0}
2026-08-16 17:10:14,726 INFO  [it.uni.reti2.HeartbeatGenerator] (vert.x-eventloop-thread-0) 💓 [HEARTBEAT] Invio heartbeat: {"stazioneId":"PA","stato":"ONLINE","timestamp":"2026-08-16T15:10:14.726852174Z","tipoEvento":"HEARTBEAT","bufferSize":0}
2026-08-16 17:10:24,725 INFO  [it.uni.reti2.HeartbeatGenerator] (vert.x-eventloop-thread-0) 💓 [HEARTBEAT] Invio heartbeat: {"stazioneId":"PA","stato":"ONLINE","timestamp":"2026-08-16T15:10:24.725246014Z","tipoEvento":"HEARTBEAT","bufferSize":0}
2026-08-16 17:10:34,732 INFO  [it.uni.reti2.HeartbeatGenerator] (vert.x-eventloop-thread-0) 💓 [HEARTBEAT] Invio heartbeat: {"stazioneId":"PA","stato":"ONLINE","timestamp":"2026-08-16T15:10:34.732704944Z","tipoEvento":"HEARTBEAT","bufferSize":0}
2026-08-16 17:10:44,727 INFO  [it.uni.reti2.HeartbeatGenerator] (vert.x-eventloop-thread-0) 💓 [HEARTBEAT] Invio heartbeat: {"stazioneId":"PA","stato":"ONLINE","timestamp":"2026-08-16T15:10:44.727792780Z","tipoEvento":"HEARTBEAT","bufferSize":0}
2026-08-16 17:10:54,725 INFO  [it.uni.reti2.HeartbeatGenerator] (vert.x-eventloop-thread-0) 💓 [HEARTBEAT] Invio heartbeat: {"stazioneId":"PA","stato":"ONLINE","timestamp":"2026-08-16T15:10:54.725896540Z","tipoEvento":"HEARTBEAT","bufferSize":0}
2026-08-16 17:11:04,733 INFO  [it.uni.reti2.HeartbeatGenerator] (vert.x-eventloop-thread-0) 💓 [HEARTBEAT] Invio heartbeat: {"stazioneId":"PA","stato":"ONLINE","timestamp":"2026-08-16T15:11:04.733752855Z","tipoEvento":"HEARTBEAT","bufferSize":0}
2026-08-16 17:11:14,731 INFO  [it.uni.reti2.HeartbeatGenerator] (vert.x-eventloop-thread-0) 💓 [HEARTBEAT] Invio heartbeat: {"stazioneId":"PA","stato":"ONLINE","timestamp":"2026-08-16T15:11:14.731105122Z","tipoEvento":"HEARTBEAT","bufferSize":0}
2026-08-16 17:11:24,725 INFO  [it.uni.reti2.HeartbeatGenerator] (vert.x-eventloop-thread-0) 💓 [HEARTBEAT] Invio heartbeat: {"stazioneId":"PA","stato":"ONLINE","timestamp":"2026-08-16T15:11:24.725835524Z","tipoEvento":"HEARTBEAT","bufferSize":0}
2026-08-16 17:11:34,725 INFO  [it.uni.reti2.HeartbeatGenerator] (vert.x-eventloop-thread-0) 💓 [HEARTBEAT] Invio heartbeat: {"stazioneId":"PA","stato":"ONLINE","timestamp":"2026-08-16T15:11:34.725680540Z","tipoEvento":"HEARTBEAT","bufferSize":0}
2026-08-16 17:11:44,730 INFO  [it.uni.reti2.HeartbeatGenerator] (vert.x-eventloop-thread-0) 💓 [HEARTBEAT] Invio heartbeat: {"stazioneId":"PA","stato":"ONLINE","timestamp":"2026-08-16T15:11:44.730828387Z","tipoEvento":"HEARTBEAT","bufferSize":0}
2026-08-16 17:11:54,725 INFO  [it.uni.reti2.HeartbeatGenerator] (vert.x-eventloop-thread-0) 💓 [HEARTBEAT] Invio heartbeat: {"stazioneId":"PA","stato":"ONLINE","timestamp":"2026-08-16T15:11:54.725084969Z","tipoEvento":"HEARTBEAT","bufferSize":0}
2026-08-16 17:12:04,727 INFO  [it.uni.reti2.HeartbeatGenerator] (vert.x-eventloop-thread-0) 💓 [HEARTBEAT] Invio heartbeat: {"stazioneId":"PA","stato":"ONLINE","timestamp":"2026-08-16T15:12:04.727171100Z","tipoEvento":"HEARTBEAT","bufferSize":0}
2026-08-16 17:12:14,731 INFO  [it.uni.reti2.HeartbeatGenerator] (vert.x-eventloop-thread-0) 💓 [HEARTBEAT] Invio heartbeat: {"stazioneId":"PA","stato":"ONLINE","timestamp":"2026-08-16T15:12:14.731134882Z","tipoEvento":"HEARTBEAT","bufferSize":0}
2026-08-16 17:12:24,724 INFO  [it.uni.reti2.HeartbeatGenerator] (vert.x-eventloop-thread-0) 💓 [HEARTBEAT] Invio heartbeat: {"stazioneId":"PA","stato":"ONLINE","timestamp":"2026-08-16T15:12:24.724877602Z","tipoEvento":"HEARTBEAT","bufferSize":0}
2026-08-16 17:12:34,728 INFO  [it.uni.reti2.HeartbeatGenerator] (vert.x-eventloop-thread-0) 💓 [HEARTBEAT] Invio heartbeat: {"stazioneId":"PA","stato":"ONLINE","timestamp":"2026-08-16T15:12:34.728632116Z","tipoEvento":"HEARTBEAT","bufferSize":0}
2026-08-16 17:12:44,731 INFO  [it.uni.reti2.HeartbeatGenerator] (vert.x-eventloop-thread-0) 💓 [HEARTBEAT] Invio heartbeat: {"stazioneId":"PA","stato":"ONLINE","timestamp":"2026-08-16T15:12:44.731433425Z","tipoEvento":"HEARTBEAT","bufferSize":0}
2026-08-16 17:12:54,728 INFO  [it.uni.reti2.HeartbeatGenerator] (vert.x-eventloop-thread-0) 💓 [HEARTBEAT] Invio heartbeat: {"stazioneId":"PA","stato":"ONLINE","timestamp":"2026-08-16T15:12:54.728477967Z","tipoEvento":"HEARTBEAT","bufferSize":0}
2026-08-16 17:13:04,729 INFO  [it.uni.reti2.HeartbeatGenerator] (vert.x-eventloop-thread-0) 💓 [HEARTBEAT] Invio heartbeat: {"stazioneId":"PA","stato":"ONLINE","timestamp":"2026-08-16T15:13:04.729397858Z","tipoEvento":"HEARTBEAT","bufferSize":0}
2026-08-16 17:13:14,732 INFO  [it.uni.reti2.HeartbeatGenerator] (vert.x-eventloop-thread-0) 💓 [HEARTBEAT] Invio heartbeat: {"stazioneId":"PA","stato":"ONLINE","timestamp":"2026-08-16T15:13:14.732890393Z","tipoEvento":"HEARTBEAT","bufferSize":0}
2026-08-16 17:13:24,730 INFO  [it.uni.reti2.HeartbeatGenerator] (vert.x-eventloop-thread-0) 💓 [HEARTBEAT] Invio heartbeat: {"stazioneId":"PA","stato":"ONLINE","timestamp":"2026-08-16T15:13:24.730059822Z","tipoEvento":"HEARTBEAT","bufferSize":0}
2026-08-16 17:13:34,730 INFO  [it.uni.reti2.HeartbeatGenerator] (vert.x-eventloop-thread-0) 💓 [HEARTBEAT] Invio heartbeat: {"stazioneId":"PA","stato":"ONLINE","timestamp":"2026-08-16T15:13:34.730291481Z","tipoEvento":"HEARTBEAT","bufferSize":0}
2026-08-16 17:13:44,734 INFO  [it.uni.reti2.HeartbeatGenerator] (vert.x-eventloop-thread-0) 💓 [HEARTBEAT] Invio heartbeat: {"stazioneId":"PA","stato":"ONLINE","timestamp":"2026-08-16T15:13:44.734632683Z","tipoEvento":"HEARTBEAT","bufferSize":0}
2026-08-16 17:13:54,730 INFO  [it.uni.reti2.HeartbeatGenerator] (vert.x-eventloop-thread-0) 💓 [HEARTBEAT] Invio heartbeat: {"stazioneId":"PA","stato":"ONLINE","timestamp":"2026-08-16T15:13:54.730077663Z","tipoEvento":"HEARTBEAT","bufferSize":0}
2026-08-16 17:14:04,725 INFO  [it.uni.reti2.HeartbeatGenerator] (vert.x-eventloop-thread-0) 💓 [HEARTBEAT] Invio heartbeat: {"stazioneId":"PA","stato":"ONLINE","timestamp":"2026-08-16T15:14:04.725630337Z","tipoEvento":"HEARTBEAT","bufferSize":0}
2026-08-16 17:14:14,725 INFO  [it.uni.reti2.HeartbeatGenerator] (vert.x-eventloop-thread-0) 💓 [HEARTBEAT] Invio heartbeat: {"stazioneId":"PA","stato":"ONLINE","timestamp":"2026-08-16T15:14:14.725661274Z","tipoEvento":"HEARTBEAT","bufferSize":0}
2026-08-16 17:14:24,731 INFO  [it.uni.reti2.HeartbeatGenerator] (vert.x-eventloop-thread-0) 💓 [HEARTBEAT] Invio heartbeat: {"stazioneId":"PA","stato":"ONLINE","timestamp":"2026-08-16T15:14:24.731239845Z","tipoEvento":"HEARTBEAT","bufferSize":0}
2026-08-16 17:14:34,726 INFO  [it.uni.reti2.HeartbeatGenerator] (vert.x-eventloop-thread-0) 💓 [HEARTBEAT] Invio heartbeat: {"stazioneId":"PA","stato":"ONLINE","timestamp":"2026-08-16T15:14:34.726282751Z","tipoEvento":"HEARTBEAT","bufferSize":0}
2026-08-16 17:14:44,726 INFO  [it.uni.reti2.HeartbeatGenerator] (vert.x-eventloop-thread-0) 💓 [HEARTBEAT] Invio heartbeat: {"stazioneId":"PA","stato":"ONLINE","timestamp":"2026-08-16T15:14:44.726648609Z","tipoEvento":"HEARTBEAT","bufferSize":0}
2026-08-16 17:14:54,728 INFO  [it.uni.reti2.HeartbeatGenerator] (vert.x-eventloop-thread-0) 💓 [HEARTBEAT] Invio heartbeat: {"stazioneId":"PA","stato":"ONLINE","timestamp":"2026-08-16T15:14:54.728817082Z","tipoEvento":"HEARTBEAT","bufferSize":0}
2026-08-16 17:15:04,726 INFO  [it.uni.reti2.HeartbeatGenerator] (vert.x-eventloop-thread-0) 💓 [HEARTBEAT] Invio heartbeat: {"stazioneId":"PA","stato":"ONLINE","timestamp":"2026-08-16T15:15:04.726599366Z","tipoEvento":"HEARTBEAT","bufferSize":0}
2026-08-16 17:15:14,728 INFO  [it.uni.reti2.HeartbeatGenerator] (vert.x-eventloop-thread-0) 💓 [HEARTBEAT] Invio heartbeat: {"stazioneId":"PA","stato":"ONLINE","timestamp":"2026-08-16T15:15:14.727982501Z","tipoEvento":"HEARTBEAT","bufferSize":0}
2026-08-16 17:15:24,733 INFO  [it.uni.reti2.HeartbeatGenerator] (vert.x-eventloop-thread-0) 💓 [HEARTBEAT] Invio heartbeat: {"stazioneId":"PA","stato":"ONLINE","timestamp":"2026-08-16T15:15:24.733042697Z","tipoEvento":"HEARTBEAT","bufferSize":0}
2026-08-16 17:15:34,728 INFO  [it.uni.reti2.HeartbeatGenerator] (vert.x-eventloop-thread-0) 💓 [HEARTBEAT] Invio heartbeat: {"stazioneId":"PA","stato":"ONLINE","timestamp":"2026-08-16T15:15:34.728062970Z","tipoEvento":"HEARTBEAT","bufferSize":0}
2026-08-16 17:15:44,728 INFO  [it.uni.reti2.HeartbeatGenerator] (vert.x-eventloop-thread-0) 💓 [HEARTBEAT] Invio heartbeat: {"stazioneId":"PA","stato":"ONLINE","timestamp":"2026-08-16T15:15:44.728110587Z","tipoEvento":"HEARTBEAT","bufferSize":0}
2026-08-16 17:15:54,734 INFO  [it.uni.reti2.HeartbeatGenerator] (vert.x-eventloop-thread-0) 💓 [HEARTBEAT] Invio heartbeat: {"stazioneId":"PA","stato":"ONLINE","timestamp":"2026-08-16T15:15:54.734350234Z","tipoEvento":"HEARTBEAT","bufferSize":0}
2026-08-16 17:16:04,729 INFO  [it.uni.reti2.HeartbeatGenerator] (vert.x-eventloop-thread-0) 💓 [HEARTBEAT] Invio heartbeat: {"stazioneId":"PA","stato":"ONLINE","timestamp":"2026-08-16T15:16:04.729357542Z","tipoEvento":"HEARTBEAT","bufferSize":0}
2026-08-16 17:16:14,728 INFO  [it.uni.reti2.HeartbeatGenerator] (vert.x-eventloop-thread-0) 💓 [HEARTBEAT] Invio heartbeat: {"stazioneId":"PA","stato":"ONLINE","timestamp":"2026-08-16T15:16:14.728071079Z","tipoEvento":"HEARTBEAT","bufferSize":0}
2026-08-16 17:16:24,734 INFO  [it.uni.reti2.HeartbeatGenerator] (vert.x-eventloop-thread-0) 💓 [HEARTBEAT] Invio heartbeat: {"stazioneId":"PA","stato":"ONLINE","timestamp":"2026-08-16T15:16:24.734021117Z","tipoEvento":"HEARTBEAT","bufferSize":0}
2026-08-16 17:16:34,729 INFO  [it.uni.reti2.HeartbeatGenerator] (vert.x-eventloop-thread-0) 💓 [HEARTBEAT] Invio heartbeat: {"stazioneId":"PA","stato":"ONLINE","timestamp":"2026-08-16T15:16:34.729020388Z","tipoEvento":"HEARTBEAT","bufferSize":0}
2026-08-16 17:16:44,728 INFO  [it.uni.reti2.HeartbeatGenerator] (vert.x-eventloop-thread-0) 💓 [HEARTBEAT] Invio heartbeat: {"stazioneId":"PA","stato":"ONLINE","timestamp":"2026-08-16T15:16:44.728885407Z","tipoEvento":"HEARTBEAT","bufferSize":0}
2026-08-16 17:16:54,734 INFO  [it.uni.reti2.HeartbeatGenerator] (vert.x-eventloop-thread-0) 💓 [HEARTBEAT] Invio heartbeat: {"stazioneId":"PA","stato":"ONLINE","timestamp":"2026-08-16T15:16:54.734181743Z","tipoEvento":"HEARTBEAT","bufferSize":0}
2026-08-16 17:17:04,730 INFO  [it.uni.reti2.HeartbeatGenerator] (vert.x-eventloop-thread-0) 💓 [HEARTBEAT] Invio heartbeat: {"stazioneId":"PA","stato":"ONLINE","timestamp":"2026-08-16T15:17:04.730399678Z","tipoEvento":"HEARTBEAT","bufferSize":0}
2026-08-16 17:17:14,726 INFO  [it.uni.reti2.HeartbeatGenerator] (vert.x-eventloop-thread-0) 💓 [HEARTBEAT] Invio heartbeat: {"stazioneId":"PA","stato":"ONLINE","timestamp":"2026-08-16T15:17:14.726163738Z","tipoEvento":"HEARTBEAT","bufferSize":0}
2026-08-16 17:17:24,726 INFO  [it.uni.reti2.HeartbeatGenerator] (vert.x-eventloop-thread-0) 💓 [HEARTBEAT] Invio heartbeat: {"stazioneId":"PA","stato":"ONLINE","timestamp":"2026-08-16T15:17:24.726197299Z","tipoEvento":"HEARTBEAT","bufferSize":0}
2026-08-16 17:17:34,730 INFO  [it.uni.reti2.HeartbeatGenerator] (vert.x-eventloop-thread-0) 💓 [HEARTBEAT] Invio heartbeat: {"stazioneId":"PA","stato":"ONLINE","timestamp":"2026-08-16T15:17:34.730658202Z","tipoEvento":"HEARTBEAT","bufferSize":0}
2026-08-16 17:17:44,725 INFO  [it.uni.reti2.HeartbeatGenerator] (vert.x-eventloop-thread-0) 💓 [HEARTBEAT] Invio heartbeat: {"stazioneId":"PA","stato":"ONLINE","timestamp":"2026-08-16T15:17:44.725693587Z","tipoEvento":"HEARTBEAT","bufferSize":0}
2026-08-16 17:17:54,727 INFO  [it.uni.reti2.HeartbeatGenerator] (vert.x-eventloop-thread-0) 💓 [HEARTBEAT] Invio heartbeat: {"stazioneId":"PA","stato":"ONLINE","timestamp":"2026-08-16T15:17:54.727040671Z","tipoEvento":"HEARTBEAT","bufferSize":0}
2026-08-16 17:18:04,732 INFO  [it.uni.reti2.HeartbeatGenerator] (vert.x-eventloop-thread-0) 💓 [HEARTBEAT] Invio heartbeat: {"stazioneId":"PA","stato":"ONLINE","timestamp":"2026-08-16T15:18:04.732664320Z","tipoEvento":"HEARTBEAT","bufferSize":0}
2026-08-16 17:18:14,727 INFO  [it.uni.reti2.HeartbeatGenerator] (vert.x-eventloop-thread-0) 💓 [HEARTBEAT] Invio heartbeat: {"stazioneId":"PA","stato":"ONLINE","timestamp":"2026-08-16T15:18:14.727673657Z","tipoEvento":"HEARTBEAT","bufferSize":0}
2026-08-16 17:18:24,726 INFO  [it.uni.reti2.HeartbeatGenerator] (vert.x-eventloop-thread-0) 💓 [HEARTBEAT] Invio heartbeat: {"stazioneId":"PA","stato":"ONLINE","timestamp":"2026-08-16T15:18:24.726648022Z","tipoEvento":"HEARTBEAT","bufferSize":0}
2026-08-16 17:18:34,733 INFO  [it.uni.reti2.HeartbeatGenerator] (vert.x-eventloop-thread-0) 💓 [HEARTBEAT] Invio heartbeat: {"stazioneId":"PA","stato":"ONLINE","timestamp":"2026-08-16T15:18:34.733270823Z","tipoEvento":"HEARTBEAT","bufferSize":0}
2026-08-16 17:18:44,728 INFO  [it.uni.reti2.HeartbeatGenerator] (vert.x-eventloop-thread-0) 💓 [HEARTBEAT] Invio heartbeat: {"stazioneId":"PA","stato":"ONLINE","timestamp":"2026-08-16T15:18:44.728176455Z","tipoEvento":"HEARTBEAT","bufferSize":0}
2026-08-16 17:18:54,727 INFO  [it.uni.reti2.HeartbeatGenerator] (vert.x-eventloop-thread-0) 💓 [HEARTBEAT] Invio heartbeat: {"stazioneId":"PA","stato":"ONLINE","timestamp":"2026-08-16T15:18:54.727750177Z","tipoEvento":"HEARTBEAT","bufferSize":0}
2026-08-16 17:19:04,733 INFO  [it.uni.reti2.HeartbeatGenerator] (vert.x-eventloop-thread-0) 💓 [HEARTBEAT] Invio heartbeat: {"stazioneId":"PA","stato":"ONLINE","timestamp":"2026-08-16T15:19:04.733461174Z","tipoEvento":"HEARTBEAT","bufferSize":0}
2026-08-16 17:19:14,729 INFO  [it.uni.reti2.HeartbeatGenerator] (vert.x-eventloop-thread-0) 💓 [HEARTBEAT] Invio heartbeat: {"stazioneId":"PA","stato":"ONLINE","timestamp":"2026-08-16T15:19:14.729683180Z","tipoEvento":"HEARTBEAT","bufferSize":0}
2026-08-16 17:19:24,725 INFO  [it.uni.reti2.HeartbeatGenerator] (vert.x-eventloop-thread-0) 💓 [HEARTBEAT] Invio heartbeat: {"stazioneId":"PA","stato":"ONLINE","timestamp":"2026-08-16T15:19:24.725945795Z","tipoEvento":"HEARTBEAT","bufferSize":0}
2026-08-16 17:19:34,726 INFO  [it.uni.reti2.HeartbeatGenerator] (vert.x-eventloop-thread-0) 💓 [HEARTBEAT] Invio heartbeat: {"stazioneId":"PA","stato":"ONLINE","timestamp":"2026-08-16T15:19:34.726258786Z","tipoEvento":"HEARTBEAT","bufferSize":0}
2026-08-16 17:19:44,731 INFO  [it.uni.reti2.HeartbeatGenerator] (vert.x-eventloop-thread-0) 💓 [HEARTBEAT] Invio heartbeat: {"stazioneId":"PA","stato":"ONLINE","timestamp":"2026-08-16T15:19:44.731252579Z","tipoEvento":"HEARTBEAT","bufferSize":0}
2026-08-16 17:19:54,726 INFO  [it.uni.reti2.HeartbeatGenerator] (vert.x-eventloop-thread-0) 💓 [HEARTBEAT] Invio heartbeat: {"stazioneId":"PA","stato":"ONLINE","timestamp":"2026-08-16T15:19:54.726722795Z","tipoEvento":"HEARTBEAT","bufferSize":0}
2026-08-16 17:20:04,727 INFO  [it.uni.reti2.HeartbeatGenerator] (vert.x-eventloop-thread-0) 💓 [HEARTBEAT] Invio heartbeat: {"stazioneId":"PA","stato":"ONLINE","timestamp":"2026-08-16T15:20:04.727332638Z","tipoEvento":"HEARTBEAT","bufferSize":0}
2026-08-16 17:20:14,732 INFO  [it.uni.reti2.HeartbeatGenerator] (vert.x-eventloop-thread-0) 💓 [HEARTBEAT] Invio heartbeat: {"stazioneId":"PA","stato":"ONLINE","timestamp":"2026-08-16T15:20:14.731999596Z","tipoEvento":"HEARTBEAT","bufferSize":0}
2026-08-16 17:20:24,727 INFO  [it.uni.reti2.HeartbeatGenerator] (vert.x-eventloop-thread-0) 💓 [HEARTBEAT] Invio heartbeat: {"stazioneId":"PA","stato":"ONLINE","timestamp":"2026-08-16T15:20:24.727614851Z","tipoEvento":"HEARTBEAT","bufferSize":0}
2026-08-16 17:20:34,727 INFO  [it.uni.reti2.HeartbeatGenerator] (vert.x-eventloop-thread-0) 💓 [HEARTBEAT] Invio heartbeat: {"stazioneId":"PA","stato":"ONLINE","timestamp":"2026-08-16T15:20:34.727694270Z","tipoEvento":"HEARTBEAT","bufferSize":0}
2026-08-16 17:20:44,732 INFO  [it.uni.reti2.HeartbeatGenerator] (vert.x-eventloop-thread-0) 💓 [HEARTBEAT] Invio heartbeat: {"stazioneId":"PA","stato":"ONLINE","timestamp":"2026-08-16T15:20:44.732653054Z","tipoEvento":"HEARTBEAT","bufferSize":0}
2026-08-16 17:20:54,729 INFO  [it.uni.reti2.HeartbeatGenerator] (vert.x-eventloop-thread-0) 💓 [HEARTBEAT] Invio heartbeat: {"stazioneId":"PA","stato":"ONLINE","timestamp":"2026-08-16T15:20:54.729227355Z","tipoEvento":"HEARTBEAT","bufferSize":0}
2026-08-16 17:21:04,729 INFO  [it.uni.reti2.HeartbeatGenerator] (vert.x-eventloop-thread-0) 💓 [HEARTBEAT] Invio heartbeat: {"stazioneId":"PA","stato":"ONLINE","timestamp":"2026-08-16T15:21:04.729780413Z","tipoEvento":"HEARTBEAT","bufferSize":0}
2026-08-16 17:21:14,735 INFO  [it.uni.reti2.HeartbeatGenerator] (vert.x-eventloop-thread-0) 💓 [HEARTBEAT] Invio heartbeat: {"stazioneId":"PA","stato":"ONLINE","timestamp":"2026-08-16T15:21:14.735188736Z","tipoEvento":"HEARTBEAT","bufferSize":0}
2026-08-16 17:21:24,729 INFO  [it.uni.reti2.HeartbeatGenerator] (vert.x-eventloop-thread-0) 💓 [HEARTBEAT] Invio heartbeat: {"stazioneId":"PA","stato":"ONLINE","timestamp":"2026-08-16T15:21:24.729651531Z","tipoEvento":"HEARTBEAT","bufferSize":0}
2026-08-16 17:21:34,730 INFO  [it.uni.reti2.HeartbeatGenerator] (vert.x-eventloop-thread-0) 💓 [HEARTBEAT] Invio heartbeat: {"stazioneId":"PA","stato":"ONLINE","timestamp":"2026-08-16T15:21:34.730580367Z","tipoEvento":"HEARTBEAT","bufferSize":0}
2026-08-16 17:21:44,725 INFO  [it.uni.reti2.HeartbeatGenerator] (vert.x-eventloop-thread-0) 💓 [HEARTBEAT] Invio heartbeat: {"stazioneId":"PA","stato":"ONLINE","timestamp":"2026-08-16T15:21:44.725465704Z","tipoEvento":"HEARTBEAT","bufferSize":0}
2026-08-16 17:21:54,731 INFO  [it.uni.reti2.HeartbeatGenerator] (vert.x-eventloop-thread-0) 💓 [HEARTBEAT] Invio heartbeat: {"stazioneId":"PA","stato":"ONLINE","timestamp":"2026-08-16T15:21:54.731063391Z","tipoEvento":"HEARTBEAT","bufferSize":0}
2026-08-16 17:22:04,727 INFO  [it.uni.reti2.HeartbeatGenerator] (vert.x-eventloop-thread-0) 💓 [HEARTBEAT] Invio heartbeat: {"stazioneId":"PA","stato":"ONLINE","timestamp":"2026-08-16T15:22:04.727194416Z","tipoEvento":"HEARTBEAT","bufferSize":0}
2026-08-16 17:22:14,726 INFO  [it.uni.reti2.HeartbeatGenerator] (vert.x-eventloop-thread-0) 💓 [HEARTBEAT] Invio heartbeat: {"stazioneId":"PA","stato":"ONLINE","timestamp":"2026-08-16T15:22:14.726780260Z","tipoEvento":"HEARTBEAT","bufferSize":0}
2026-08-16 17:22:24,732 INFO  [it.uni.reti2.HeartbeatGenerator] (vert.x-eventloop-thread-0) 💓 [HEARTBEAT] Invio heartbeat: {"stazioneId":"PA","stato":"ONLINE","timestamp":"2026-08-16T15:22:24.731958793Z","tipoEvento":"HEARTBEAT","bufferSize":0}
2026-08-16 17:22:34,728 INFO  [it.uni.reti2.HeartbeatGenerator] (vert.x-eventloop-thread-0) 💓 [HEARTBEAT] Invio heartbeat: {"stazioneId":"PA","stato":"ONLINE","timestamp":"2026-08-16T15:22:34.728858793Z","tipoEvento":"HEARTBEAT","bufferSize":0}
2026-08-16 17:22:44,726 INFO  [it.uni.reti2.HeartbeatGenerator] (vert.x-eventloop-thread-0) 💓 [HEARTBEAT] Invio heartbeat: {"stazioneId":"PA","stato":"ONLINE","timestamp":"2026-08-16T15:22:44.726618809Z","tipoEvento":"HEARTBEAT","bufferSize":0}
2026-08-16 17:22:54,732 INFO  [it.uni.reti2.HeartbeatGenerator] (vert.x-eventloop-thread-0) 💓 [HEARTBEAT] Invio heartbeat: {"stazioneId":"PA","stato":"ONLINE","timestamp":"2026-08-16T15:22:54.732849836Z","tipoEvento":"HEARTBEAT","bufferSize":0}
2026-08-16 17:23:04,729 INFO  [it.uni.reti2.HeartbeatGenerator] (vert.x-eventloop-thread-0) 💓 [HEARTBEAT] Invio heartbeat: {"stazioneId":"PA","stato":"ONLINE","timestamp":"2026-08-16T15:23:04.729166757Z","tipoEvento":"HEARTBEAT","bufferSize":0}
2026-08-16 17:23:14,730 INFO  [it.uni.reti2.HeartbeatGenerator] (vert.x-eventloop-thread-0) 💓 [HEARTBEAT] Invio heartbeat: {"stazioneId":"PA","stato":"ONLINE","timestamp":"2026-08-16T15:23:14.729973797Z","tipoEvento":"HEARTBEAT","bufferSize":0}
2026-08-16 17:23:24,734 INFO  [it.uni.reti2.HeartbeatGenerator] (vert.x-eventloop-thread-0) 💓 [HEARTBEAT] Invio heartbeat: {"stazioneId":"PA","stato":"ONLINE","timestamp":"2026-08-16T15:23:24.734647914Z","tipoEvento":"HEARTBEAT","bufferSize":0}
2026-08-16 17:23:34,729 INFO  [it.uni.reti2.HeartbeatGenerator] (vert.x-eventloop-thread-0) 💓 [HEARTBEAT] Invio heartbeat: {"stazioneId":"PA","stato":"ONLINE","timestamp":"2026-08-16T15:23:34.729639924Z","tipoEvento":"HEARTBEAT","bufferSize":0}
2026-08-16 17:23:44,725 INFO  [it.uni.reti2.HeartbeatGenerator] (vert.x-eventloop-thread-0) 💓 [HEARTBEAT] Invio heartbeat: {"stazioneId":"PA","stato":"ONLINE","timestamp":"2026-08-16T15:23:44.725614626Z","tipoEvento":"HEARTBEAT","bufferSize":0}
2026-08-16 17:23:54,726 INFO  [it.uni.reti2.HeartbeatGenerator] (vert.x-eventloop-thread-0) 💓 [HEARTBEAT] Invio heartbeat: {"stazioneId":"PA","stato":"ONLINE","timestamp":"2026-08-16T15:23:54.726088438Z","tipoEvento":"HEARTBEAT","bufferSize":0}
2026-08-16 17:24:04,765 INFO  [it.uni.reti2.HeartbeatGenerator] (vert.x-eventloop-thread-0) 💓 [HEARTBEAT] Invio heartbeat: {"stazioneId":"PA","stato":"ONLINE","timestamp":"2026-08-16T15:24:04.732048629Z","tipoEvento":"HEARTBEAT","bufferSize":0}
2026-08-16 17:24:14,725 INFO  [it.uni.reti2.HeartbeatGenerator] (vert.x-eventloop-thread-0) 💓 [HEARTBEAT] Invio heartbeat: {"stazioneId":"PA","stato":"ONLINE","timestamp":"2026-08-16T15:24:14.725617444Z","tipoEvento":"HEARTBEAT","bufferSize":0}
2026-08-16 17:24:24,725 INFO  [it.uni.reti2.HeartbeatGenerator] (vert.x-eventloop-thread-0) 💓 [HEARTBEAT] Invio heartbeat: {"stazioneId":"PA","stato":"ONLINE","timestamp":"2026-08-16T15:24:24.725096628Z","tipoEvento":"HEARTBEAT","bufferSize":0}
2026-08-16 17:24:34,733 INFO  [it.uni.reti2.HeartbeatGenerator] (vert.x-eventloop-thread-0) 💓 [HEARTBEAT] Invio heartbeat: {"stazioneId":"PA","stato":"ONLINE","timestamp":"2026-08-16T15:24:34.733244789Z","tipoEvento":"HEARTBEAT","bufferSize":0}
2026-08-16 17:24:44,726 INFO  [it.uni.reti2.HeartbeatGenerator] (vert.x-eventloop-thread-0) 💓 [HEARTBEAT] Invio heartbeat: {"stazioneId":"PA","stato":"ONLINE","timestamp":"2026-08-16T15:24:44.726768721Z","tipoEvento":"HEARTBEAT","bufferSize":0}
2026-08-16 17:24:54,727 INFO  [it.uni.reti2.HeartbeatGenerator] (vert.x-eventloop-thread-0) 💓 [HEARTBEAT] Invio heartbeat: {"stazioneId":"PA","stato":"ONLINE","timestamp":"2026-08-16T15:24:54.726929911Z","tipoEvento":"HEARTBEAT","bufferSize":0}
2026-08-16 17:25:04,733 INFO  [it.uni.reti2.HeartbeatGenerator] (vert.x-eventloop-thread-0) 💓 [HEARTBEAT] Invio heartbeat: {"stazioneId":"PA","stato":"ONLINE","timestamp":"2026-08-16T15:25:04.732919029Z","tipoEvento":"HEARTBEAT","bufferSize":0}
2026-08-16 17:25:14,732 INFO  [it.uni.reti2.HeartbeatGenerator] (vert.x-eventloop-thread-0) 💓 [HEARTBEAT] Invio heartbeat: {"stazioneId":"PA","stato":"ONLINE","timestamp":"2026-08-16T15:25:14.728622316Z","tipoEvento":"HEARTBEAT","bufferSize":0}
2026-08-16 17:25:24,735 INFO  [it.uni.reti2.HeartbeatGenerator] (vert.x-eventloop-thread-0) 💓 [HEARTBEAT] Invio heartbeat: {"stazioneId":"PA","stato":"ONLINE","timestamp":"2026-08-16T15:25:24.734304945Z","tipoEvento":"HEARTBEAT","bufferSize":0}
2026-08-16 17:25:34,733 INFO  [it.uni.reti2.HeartbeatGenerator] (vert.x-eventloop-thread-0) 💓 [HEARTBEAT] Invio heartbeat: {"stazioneId":"PA","stato":"ONLINE","timestamp":"2026-08-16T15:25:34.733665604Z","tipoEvento":"HEARTBEAT","bufferSize":0}
2026-08-16 17:25:44,728 INFO  [it.uni.reti2.HeartbeatGenerator] (vert.x-eventloop-thread-0) 💓 [HEARTBEAT] Invio heartbeat: {"stazioneId":"PA","stato":"ONLINE","timestamp":"2026-08-16T15:25:44.728639454Z","tipoEvento":"HEARTBEAT","bufferSize":0}
2026-08-16 17:25:54,728 INFO  [it.uni.reti2.HeartbeatGenerator] (vert.x-eventloop-thread-0) 💓 [HEARTBEAT] Invio heartbeat: {"stazioneId":"PA","stato":"ONLINE","timestamp":"2026-08-16T15:25:54.728570327Z","tipoEvento":"HEARTBEAT","bufferSize":0}
2026-08-16 17:26:03,907 WARN  [it.uni.reti2.StationGateway] (vert.x-eventloop-thread-3) 🚨 [ALERT RICEVUTO] La Centrale dice: {"tipoEvento":"STOP","target":"TRENO_TEST_ef22","motivo":"Soppresso da operatore","timestamp":"2026-08-16T15:26:03.896991182Z"}
2026-08-16 17:26:03,927 WARN  [it.uni.reti2.StationGateway] (vert.x-eventloop-thread-3) 🚨 [ALERT RICEVUTO] La Centrale dice: {"tipoEvento":"STOP","target":"TRENO_TEST_ef22","motivo":"Treno eliminato da operatore","timestamp":"2026-08-16T15:26:03.925829229Z"}
2026-08-16 17:26:04,757 INFO  [it.uni.reti2.HeartbeatGenerator] (vert.x-eventloop-thread-0) 💓 [HEARTBEAT] Invio heartbeat: {"stazioneId":"PA","stato":"ONLINE","timestamp":"2026-08-16T15:26:04.725593074Z","tipoEvento":"HEARTBEAT","bufferSize":0}
2026-08-16 17:26:14,730 INFO  [it.uni.reti2.HeartbeatGenerator] (vert.x-eventloop-thread-0) 💓 [HEARTBEAT] Invio heartbeat: {"stazioneId":"PA","stato":"ONLINE","timestamp":"2026-08-16T15:26:14.730817656Z","tipoEvento":"HEARTBEAT","bufferSize":0}
2026-08-16 17:26:24,726 INFO  [it.uni.reti2.HeartbeatGenerator] (vert.x-eventloop-thread-0) 💓 [HEARTBEAT] Invio heartbeat: {"stazioneId":"PA","stato":"ONLINE","timestamp":"2026-08-16T15:26:24.725907683Z","tipoEvento":"HEARTBEAT","bufferSize":0}
2026-08-16 17:26:34,725 INFO  [it.uni.reti2.HeartbeatGenerator] (vert.x-eventloop-thread-0) 💓 [HEARTBEAT] Invio heartbeat: {"stazioneId":"PA","stato":"ONLINE","timestamp":"2026-08-16T15:26:34.725465502Z","tipoEvento":"HEARTBEAT","bufferSize":0}
2026-08-16 17:26:44,726 INFO  [it.uni.reti2.HeartbeatGenerator] (vert.x-eventloop-thread-0) 💓 [HEARTBEAT] Invio heartbeat: {"stazioneId":"PA","stato":"ONLINE","timestamp":"2026-08-16T15:26:44.726961847Z","tipoEvento":"HEARTBEAT","bufferSize":0}
2026-08-16 17:26:54,726 INFO  [it.uni.reti2.HeartbeatGenerator] (vert.x-eventloop-thread-0) 💓 [HEARTBEAT] Invio heartbeat: {"stazioneId":"PA","stato":"ONLINE","timestamp":"2026-08-16T15:26:54.726660348Z","tipoEvento":"HEARTBEAT","bufferSize":0}
2026-08-16 17:27:04,725 INFO  [it.uni.reti2.HeartbeatGenerator] (vert.x-eventloop-thread-0) 💓 [HEARTBEAT] Invio heartbeat: {"stazioneId":"PA","stato":"ONLINE","timestamp":"2026-08-16T15:27:04.725328495Z","tipoEvento":"HEARTBEAT","bufferSize":0}
2026-08-16 17:27:14,735 INFO  [it.uni.reti2.HeartbeatGenerator] (vert.x-eventloop-thread-0) 💓 [HEARTBEAT] Invio heartbeat: {"stazioneId":"PA","stato":"ONLINE","timestamp":"2026-08-16T15:27:14.730995659Z","tipoEvento":"HEARTBEAT","bufferSize":0}
2026-08-16 17:27:24,731 INFO  [it.uni.reti2.HeartbeatGenerator] (vert.x-eventloop-thread-0) 💓 [HEARTBEAT] Invio heartbeat: {"stazioneId":"PA","stato":"ONLINE","timestamp":"2026-08-16T15:27:24.727657496Z","tipoEvento":"HEARTBEAT","bufferSize":0}
2026-08-16 17:27:34,726 INFO  [it.uni.reti2.HeartbeatGenerator] (vert.x-eventloop-thread-0) 💓 [HEARTBEAT] Invio heartbeat: {"stazioneId":"PA","stato":"ONLINE","timestamp":"2026-08-16T15:27:34.726166617Z","tipoEvento":"HEARTBEAT","bufferSize":0}
2026-08-16 17:27:44,733 INFO  [it.uni.reti2.HeartbeatGenerator] (vert.x-eventloop-thread-0) 💓 [HEARTBEAT] Invio heartbeat: {"stazioneId":"PA","stato":"ONLINE","timestamp":"2026-08-16T15:27:44.733314031Z","tipoEvento":"HEARTBEAT","bufferSize":0}
2026-08-16 17:27:54,728 INFO  [it.uni.reti2.HeartbeatGenerator] (vert.x-eventloop-thread-0) 💓 [HEARTBEAT] Invio heartbeat: {"stazioneId":"PA","stato":"ONLINE","timestamp":"2026-08-16T15:27:54.728674834Z","tipoEvento":"HEARTBEAT","bufferSize":0}
2026-08-16 17:28:04,726 INFO  [it.uni.reti2.HeartbeatGenerator] (vert.x-eventloop-thread-0) 💓 [HEARTBEAT] Invio heartbeat: {"stazioneId":"PA","stato":"ONLINE","timestamp":"2026-08-16T15:28:04.726429074Z","tipoEvento":"HEARTBEAT","bufferSize":0}
2026-08-16 17:28:14,734 INFO  [it.uni.reti2.HeartbeatGenerator] (vert.x-eventloop-thread-0) 💓 [HEARTBEAT] Invio heartbeat: {"stazioneId":"PA","stato":"ONLINE","timestamp":"2026-08-16T15:28:14.734652524Z","tipoEvento":"HEARTBEAT","bufferSize":0}
2026-08-16 17:28:24,730 INFO  [it.uni.reti2.HeartbeatGenerator] (vert.x-eventloop-thread-0) 💓 [HEARTBEAT] Invio heartbeat: {"stazioneId":"PA","stato":"ONLINE","timestamp":"2026-08-16T15:28:24.730300651Z","tipoEvento":"HEARTBEAT","bufferSize":0}
2026-08-16 17:28:31,068 WARN  [it.uni.reti2.StationGateway] (vert.x-eventloop-thread-3) 🚨 [ALERT RICEVUTO] La Centrale dice: {"tipoEvento":"STOP","target":"MEM_TRN_df43","motivo":"Treno eliminato da operatore","timestamp":"2026-08-16T15:28:31.063809898Z"}
2026-08-16 17:28:34,726 INFO  [it.uni.reti2.HeartbeatGenerator] (vert.x-eventloop-thread-0) 💓 [HEARTBEAT] Invio heartbeat: {"stazioneId":"PA","stato":"ONLINE","timestamp":"2026-08-16T15:28:34.725977633Z","tipoEvento":"HEARTBEAT","bufferSize":0}
2026-08-16 17:28:44,734 INFO  [it.uni.reti2.HeartbeatGenerator] (vert.x-eventloop-thread-0) 💓 [HEARTBEAT] Invio heartbeat: {"stazioneId":"PA","stato":"ONLINE","timestamp":"2026-08-16T15:28:44.734585545Z","tipoEvento":"HEARTBEAT","bufferSize":0}
2026-08-16 17:28:48,121 WARN  [it.uni.reti2.StationGateway] (vert.x-eventloop-thread-3) 🚨 [ALERT RICEVUTO] La Centrale dice: {"tipoEvento":"STOP","target":"TRENO_TEST_48e5","motivo":"Soppresso da operatore","timestamp":"2026-08-16T15:28:48.115453522Z"}
2026-08-16 17:28:48,206 WARN  [it.uni.reti2.StationGateway] (vert.x-eventloop-thread-3) 🚨 [ALERT RICEVUTO] La Centrale dice: {"tipoEvento":"STOP","target":"TRENO_TEST_48e5","motivo":"Treno eliminato da operatore","timestamp":"2026-08-16T15:28:48.144810876Z"}
2026-08-16 17:28:48,953 WARN  [it.uni.reti2.StationGateway] (vert.x-eventloop-thread-3) 🚨 [ALERT RICEVUTO] La Centrale dice: {"tipoEvento":"STOP","target":"MEM_TRN_cb83","motivo":"Treno eliminato da operatore","timestamp":"2026-08-16T15:28:48.863341411Z"}
2026-08-16 17:28:49,001 WARN  [it.uni.reti2.StationGateway] (vert.x-eventloop-thread-3) 🚨 [ALERT RICEVUTO] La Centrale dice: {"tipoEvento":"ITINERARIO_AGGIORNATO","target":"REG_TRN_951e","timestamp":"2026-08-16T15:28:48.999746248Z"}
2026-08-16 17:28:49,057 WARN  [it.uni.reti2.StationGateway] (vert.x-eventloop-thread-3) 🚨 [ALERT RICEVUTO] La Centrale dice: {"tipoEvento":"ITINERARIO_AGGIORNATO","target":"REG_TRN_951e","timestamp":"2026-08-16T15:28:49.056367190Z"}
2026-08-16 17:28:54,729 INFO  [it.uni.reti2.HeartbeatGenerator] (vert.x-eventloop-thread-0) 💓 [HEARTBEAT] Invio heartbeat: {"stazioneId":"PA","stato":"ONLINE","timestamp":"2026-08-16T15:28:54.729553163Z","tipoEvento":"HEARTBEAT","bufferSize":0}
2026-08-16 17:29:04,724 INFO  [it.uni.reti2.HeartbeatGenerator] (vert.x-eventloop-thread-0) 💓 [HEARTBEAT] Invio heartbeat: {"stazioneId":"PA","stato":"ONLINE","timestamp":"2026-08-16T15:29:04.724868855Z","tipoEvento":"HEARTBEAT","bufferSize":0}
2026-08-16 17:29:14,726 INFO  [it.uni.reti2.HeartbeatGenerator] (vert.x-eventloop-thread-0) 💓 [HEARTBEAT] Invio heartbeat: {"stazioneId":"PA","stato":"ONLINE","timestamp":"2026-08-16T15:29:14.726250440Z","tipoEvento":"HEARTBEAT","bufferSize":0}
2026-08-16 17:29:24,730 INFO  [it.uni.reti2.HeartbeatGenerator] (vert.x-eventloop-thread-0) 💓 [HEARTBEAT] Invio heartbeat: {"stazioneId":"PA","stato":"ONLINE","timestamp":"2026-08-16T15:29:24.730845362Z","tipoEvento":"HEARTBEAT","bufferSize":0}
2026-08-16 17:29:34,727 INFO  [it.uni.reti2.HeartbeatGenerator] (vert.x-eventloop-thread-0) 💓 [HEARTBEAT] Invio heartbeat: {"stazioneId":"PA","stato":"ONLINE","timestamp":"2026-08-16T15:29:34.727677796Z","tipoEvento":"HEARTBEAT","bufferSize":0}
2026-08-16 17:29:44,727 INFO  [it.uni.reti2.HeartbeatGenerator] (vert.x-eventloop-thread-0) 💓 [HEARTBEAT] Invio heartbeat: {"stazioneId":"PA","stato":"ONLINE","timestamp":"2026-08-16T15:29:44.727867582Z","tipoEvento":"HEARTBEAT","bufferSize":0}
2026-08-16 17:29:54,730 INFO  [it.uni.reti2.HeartbeatGenerator] (vert.x-eventloop-thread-0) 💓 [HEARTBEAT] Invio heartbeat: {"stazioneId":"PA","stato":"ONLINE","timestamp":"2026-08-16T15:29:54.730744320Z","tipoEvento":"HEARTBEAT","bufferSize":0}
2026-08-16 17:30:04,728 INFO  [it.uni.reti2.HeartbeatGenerator] (vert.x-eventloop-thread-0) 💓 [HEARTBEAT] Invio heartbeat: {"stazioneId":"PA","stato":"ONLINE","timestamp":"2026-08-16T15:30:04.728921358Z","tipoEvento":"HEARTBEAT","bufferSize":0}
2026-08-16 17:30:14,725 INFO  [it.uni.reti2.HeartbeatGenerator] (vert.x-eventloop-thread-0) 💓 [HEARTBEAT] Invio heartbeat: {"stazioneId":"PA","stato":"ONLINE","timestamp":"2026-08-16T15:30:14.725893012Z","tipoEvento":"HEARTBEAT","bufferSize":0}
2026-08-16 17:30:24,726 INFO  [it.uni.reti2.HeartbeatGenerator] (vert.x-eventloop-thread-0) 💓 [HEARTBEAT] Invio heartbeat: {"stazioneId":"PA","stato":"ONLINE","timestamp":"2026-08-16T15:30:24.725994414Z","tipoEvento":"HEARTBEAT","bufferSize":0}
2026-08-16 17:30:34,732 INFO  [it.uni.reti2.HeartbeatGenerator] (vert.x-eventloop-thread-0) 💓 [HEARTBEAT] Invio heartbeat: {"stazioneId":"PA","stato":"ONLINE","timestamp":"2026-08-16T15:30:34.732312356Z","tipoEvento":"HEARTBEAT","bufferSize":0}
2026-08-16 17:30:44,725 INFO  [it.uni.reti2.HeartbeatGenerator] (vert.x-eventloop-thread-0) 💓 [HEARTBEAT] Invio heartbeat: {"stazioneId":"PA","stato":"ONLINE","timestamp":"2026-08-16T15:30:44.725584959Z","tipoEvento":"HEARTBEAT","bufferSize":0}
2026-08-16 17:30:54,727 INFO  [it.uni.reti2.HeartbeatGenerator] (vert.x-eventloop-thread-0) 💓 [HEARTBEAT] Invio heartbeat: {"stazioneId":"PA","stato":"ONLINE","timestamp":"2026-08-16T15:30:54.727079253Z","tipoEvento":"HEARTBEAT","bufferSize":0}
2026-08-16 17:31:04,733 INFO  [it.uni.reti2.HeartbeatGenerator] (vert.x-eventloop-thread-0) 💓 [HEARTBEAT] Invio heartbeat: {"stazioneId":"PA","stato":"ONLINE","timestamp":"2026-08-16T15:31:04.733299496Z","tipoEvento":"HEARTBEAT","bufferSize":0}
2026-08-16 17:31:14,728 INFO  [it.uni.reti2.HeartbeatGenerator] (vert.x-eventloop-thread-0) 💓 [HEARTBEAT] Invio heartbeat: {"stazioneId":"PA","stato":"ONLINE","timestamp":"2026-08-16T15:31:14.728932633Z","tipoEvento":"HEARTBEAT","bufferSize":0}
2026-08-16 17:31:24,730 INFO  [it.uni.reti2.HeartbeatGenerator] (vert.x-eventloop-thread-0) 💓 [HEARTBEAT] Invio heartbeat: {"stazioneId":"PA","stato":"ONLINE","timestamp":"2026-08-16T15:31:24.730092425Z","tipoEvento":"HEARTBEAT","bufferSize":0}
2026-08-16 17:31:34,734 INFO  [it.uni.reti2.HeartbeatGenerator] (vert.x-eventloop-thread-0) 💓 [HEARTBEAT] Invio heartbeat: {"stazioneId":"PA","stato":"ONLINE","timestamp":"2026-08-16T15:31:34.733973140Z","tipoEvento":"HEARTBEAT","bufferSize":0}
2026-08-16 17:31:44,730 INFO  [it.uni.reti2.HeartbeatGenerator] (vert.x-eventloop-thread-0) 💓 [HEARTBEAT] Invio heartbeat: {"stazioneId":"PA","stato":"ONLINE","timestamp":"2026-08-16T15:31:44.730303654Z","tipoEvento":"HEARTBEAT","bufferSize":0}
2026-08-16 17:31:54,726 INFO  [it.uni.reti2.HeartbeatGenerator] (vert.x-eventloop-thread-0) 💓 [HEARTBEAT] Invio heartbeat: {"stazioneId":"PA","stato":"ONLINE","timestamp":"2026-08-16T15:31:54.726240644Z","tipoEvento":"HEARTBEAT","bufferSize":0}
2026-08-16 17:32:04,734 INFO  [it.uni.reti2.HeartbeatGenerator] (vert.x-eventloop-thread-0) 💓 [HEARTBEAT] Invio heartbeat: {"stazioneId":"PA","stato":"ONLINE","timestamp":"2026-08-16T15:32:04.734830550Z","tipoEvento":"HEARTBEAT","bufferSize":0}
2026-08-16 17:32:14,730 INFO  [it.uni.reti2.HeartbeatGenerator] (vert.x-eventloop-thread-0) 💓 [HEARTBEAT] Invio heartbeat: {"stazioneId":"PA","stato":"ONLINE","timestamp":"2026-08-16T15:32:14.730671957Z","tipoEvento":"HEARTBEAT","bufferSize":0}
2026-08-16 17:32:24,725 INFO  [it.uni.reti2.HeartbeatGenerator] (vert.x-eventloop-thread-0) 💓 [HEARTBEAT] Invio heartbeat: {"stazioneId":"PA","stato":"ONLINE","timestamp":"2026-08-16T15:32:24.725652354Z","tipoEvento":"HEARTBEAT","bufferSize":0}
2026-08-16 17:32:34,727 INFO  [it.uni.reti2.HeartbeatGenerator] (vert.x-eventloop-thread-0) 💓 [HEARTBEAT] Invio heartbeat: {"stazioneId":"PA","stato":"ONLINE","timestamp":"2026-08-16T15:32:34.727655786Z","tipoEvento":"HEARTBEAT","bufferSize":0}
2026-08-16 17:32:44,732 INFO  [it.uni.reti2.HeartbeatGenerator] (vert.x-eventloop-thread-0) 💓 [HEARTBEAT] Invio heartbeat: {"stazioneId":"PA","stato":"ONLINE","timestamp":"2026-08-16T15:32:44.732761959Z","tipoEvento":"HEARTBEAT","bufferSize":0}
2026-08-16 17:32:54,729 INFO  [it.uni.reti2.HeartbeatGenerator] (vert.x-eventloop-thread-0) 💓 [HEARTBEAT] Invio heartbeat: {"stazioneId":"PA","stato":"ONLINE","timestamp":"2026-08-16T15:32:54.729084098Z","tipoEvento":"HEARTBEAT","bufferSize":0}
2026-08-16 17:33:04,729 INFO  [it.uni.reti2.HeartbeatGenerator] (vert.x-eventloop-thread-0) 💓 [HEARTBEAT] Invio heartbeat: {"stazioneId":"PA","stato":"ONLINE","timestamp":"2026-08-16T15:33:04.729363563Z","tipoEvento":"HEARTBEAT","bufferSize":0}
2026-08-16 17:33:14,732 INFO  [it.uni.reti2.HeartbeatGenerator] (vert.x-eventloop-thread-0) 💓 [HEARTBEAT] Invio heartbeat: {"stazioneId":"PA","stato":"ONLINE","timestamp":"2026-08-16T15:33:14.732593561Z","tipoEvento":"HEARTBEAT","bufferSize":0}
2026-08-16 17:33:20,744 WARN  [it.uni.reti2.StationGateway] (vert.x-eventloop-thread-3) 🚨 [ALERT RICEVUTO] La Centrale dice: {"tipoEvento":"STOP","target":"MEM_TRN_c69d","motivo":"Treno eliminato da operatore","timestamp":"2026-08-16T15:33:20.671944784Z"}
2026-08-16 17:33:20,791 WARN  [it.uni.reti2.StationGateway] (vert.x-eventloop-thread-3) 🚨 [ALERT RICEVUTO] La Centrale dice: {"tipoEvento":"ITINERARIO_AGGIORNATO","target":"REG_TRN_6185","timestamp":"2026-08-16T15:33:20.790065435Z"}
2026-08-16 17:33:20,838 WARN  [it.uni.reti2.StationGateway] (vert.x-eventloop-thread-3) 🚨 [ALERT RICEVUTO] La Centrale dice: {"tipoEvento":"ITINERARIO_AGGIORNATO","target":"REG_TRN_6185","timestamp":"2026-08-16T15:33:20.836684668Z"}
2026-08-16 17:33:20,962 WARN  [it.uni.reti2.StationGateway] (vert.x-eventloop-thread-3) 🚨 [ALERT RICEVUTO] La Centrale dice: {"tipoEvento":"STOP","target":"REG_TRN_6185","motivo":"Treno eliminato da operatore","timestamp":"2026-08-16T15:33:20.960375209Z"}
2026-08-16 17:33:24,728 INFO  [it.uni.reti2.HeartbeatGenerator] (vert.x-eventloop-thread-0) 💓 [HEARTBEAT] Invio heartbeat: {"stazioneId":"PA","stato":"ONLINE","timestamp":"2026-08-16T15:33:24.728411681Z","tipoEvento":"HEARTBEAT","bufferSize":0}
2026-08-16 17:33:34,725 INFO  [it.uni.reti2.HeartbeatGenerator] (vert.x-eventloop-thread-0) 💓 [HEARTBEAT] Invio heartbeat: {"stazioneId":"PA","stato":"ONLINE","timestamp":"2026-08-16T15:33:34.725933164Z","tipoEvento":"HEARTBEAT","bufferSize":0}
2026-08-16 17:33:44,727 INFO  [it.uni.reti2.HeartbeatGenerator] (vert.x-eventloop-thread-0) 💓 [HEARTBEAT] Invio heartbeat: {"stazioneId":"PA","stato":"ONLINE","timestamp":"2026-08-16T15:33:44.727374971Z","tipoEvento":"HEARTBEAT","bufferSize":0}
2026-08-16 17:33:54,728 INFO  [it.uni.reti2.HeartbeatGenerator] (vert.x-eventloop-thread-0) 💓 [HEARTBEAT] Invio heartbeat: {"stazioneId":"PA","stato":"ONLINE","timestamp":"2026-08-16T15:33:54.728710154Z","tipoEvento":"HEARTBEAT","bufferSize":0}
2026-08-16 17:34:04,733 INFO  [it.uni.reti2.HeartbeatGenerator] (vert.x-eventloop-thread-0) 💓 [HEARTBEAT] Invio heartbeat: {"stazioneId":"PA","stato":"ONLINE","timestamp":"2026-08-16T15:34:04.728041419Z","tipoEvento":"HEARTBEAT","bufferSize":0}
2026-08-16 17:34:14,728 INFO  [it.uni.reti2.HeartbeatGenerator] (vert.x-eventloop-thread-0) 💓 [HEARTBEAT] Invio heartbeat: {"stazioneId":"PA","stato":"ONLINE","timestamp":"2026-08-16T15:34:14.728584178Z","tipoEvento":"HEARTBEAT","bufferSize":0}
2026-08-16 17:34:24,729 INFO  [it.uni.reti2.HeartbeatGenerator] (vert.x-eventloop-thread-0) 💓 [HEARTBEAT] Invio heartbeat: {"stazioneId":"PA","stato":"ONLINE","timestamp":"2026-08-16T15:34:24.728997472Z","tipoEvento":"HEARTBEAT","bufferSize":0}
2026-08-16 17:34:34,728 INFO  [it.uni.reti2.HeartbeatGenerator] (vert.x-eventloop-thread-0) 💓 [HEARTBEAT] Invio heartbeat: {"stazioneId":"PA","stato":"ONLINE","timestamp":"2026-08-16T15:34:34.728022439Z","tipoEvento":"HEARTBEAT","bufferSize":0}
2026-08-16 17:34:44,729 INFO  [it.uni.reti2.HeartbeatGenerator] (vert.x-eventloop-thread-0) 💓 [HEARTBEAT] Invio heartbeat: {"stazioneId":"PA","stato":"ONLINE","timestamp":"2026-08-16T15:34:44.729292699Z","tipoEvento":"HEARTBEAT","bufferSize":0}
2026-08-16 17:34:54,729 INFO  [it.uni.reti2.HeartbeatGenerator] (vert.x-eventloop-thread-0) 💓 [HEARTBEAT] Invio heartbeat: {"stazioneId":"PA","stato":"ONLINE","timestamp":"2026-08-16T15:34:54.729102427Z","tipoEvento":"HEARTBEAT","bufferSize":0}
2026-08-16 17:35:04,730 INFO  [it.uni.reti2.HeartbeatGenerator] (vert.x-eventloop-thread-0) 💓 [HEARTBEAT] Invio heartbeat: {"stazioneId":"PA","stato":"ONLINE","timestamp":"2026-08-16T15:35:04.730034263Z","tipoEvento":"HEARTBEAT","bufferSize":0}
2026-08-16 17:35:14,726 INFO  [it.uni.reti2.HeartbeatGenerator] (vert.x-eventloop-thread-0) 💓 [HEARTBEAT] Invio heartbeat: {"stazioneId":"PA","stato":"ONLINE","timestamp":"2026-08-16T15:35:14.726248014Z","tipoEvento":"HEARTBEAT","bufferSize":0}
2026-08-16 17:35:24,729 INFO  [it.uni.reti2.HeartbeatGenerator] (vert.x-eventloop-thread-0) 💓 [HEARTBEAT] Invio heartbeat: {"stazioneId":"PA","stato":"ONLINE","timestamp":"2026-08-16T15:35:24.726067150Z","tipoEvento":"HEARTBEAT","bufferSize":0}
2026-08-16 17:35:34,727 INFO  [it.uni.reti2.HeartbeatGenerator] (vert.x-eventloop-thread-0) 💓 [HEARTBEAT] Invio heartbeat: {"stazioneId":"PA","stato":"ONLINE","timestamp":"2026-08-16T15:35:34.726075687Z","tipoEvento":"HEARTBEAT","bufferSize":0}
2026-08-16 17:35:44,727 INFO  [it.uni.reti2.HeartbeatGenerator] (vert.x-eventloop-thread-0) 💓 [HEARTBEAT] Invio heartbeat: {"stazioneId":"PA","stato":"ONLINE","timestamp":"2026-08-16T15:35:44.727392770Z","tipoEvento":"HEARTBEAT","bufferSize":0}
2026-08-16 17:35:54,728 INFO  [it.uni.reti2.HeartbeatGenerator] (vert.x-eventloop-thread-0) 💓 [HEARTBEAT] Invio heartbeat: {"stazioneId":"PA","stato":"ONLINE","timestamp":"2026-08-16T15:35:54.728178191Z","tipoEvento":"HEARTBEAT","bufferSize":0}
2026-08-16 17:36:04,733 INFO  [it.uni.reti2.HeartbeatGenerator] (vert.x-eventloop-thread-0) 💓 [HEARTBEAT] Invio heartbeat: {"stazioneId":"PA","stato":"ONLINE","timestamp":"2026-08-16T15:36:04.733611467Z","tipoEvento":"HEARTBEAT","bufferSize":0}
2026-08-16 17:36:14,730 INFO  [it.uni.reti2.HeartbeatGenerator] (vert.x-eventloop-thread-0) 💓 [HEARTBEAT] Invio heartbeat: {"stazioneId":"PA","stato":"ONLINE","timestamp":"2026-08-16T15:36:14.729966741Z","tipoEvento":"HEARTBEAT","bufferSize":0}
2026-08-16 17:36:24,726 INFO  [it.uni.reti2.HeartbeatGenerator] (vert.x-eventloop-thread-0) 💓 [HEARTBEAT] Invio heartbeat: {"stazioneId":"PA","stato":"ONLINE","timestamp":"2026-08-16T15:36:24.726270643Z","tipoEvento":"HEARTBEAT","bufferSize":0}
2026-08-16 17:36:34,725 INFO  [it.uni.reti2.HeartbeatGenerator] (vert.x-eventloop-thread-0) 💓 [HEARTBEAT] Invio heartbeat: {"stazioneId":"PA","stato":"ONLINE","timestamp":"2026-08-16T15:36:34.725632342Z","tipoEvento":"HEARTBEAT","bufferSize":0}
2026-08-16 17:36:44,731 INFO  [it.uni.reti2.HeartbeatGenerator] (vert.x-eventloop-thread-0) 💓 [HEARTBEAT] Invio heartbeat: {"stazioneId":"PA","stato":"ONLINE","timestamp":"2026-08-16T15:36:44.731654443Z","tipoEvento":"HEARTBEAT","bufferSize":0}
2026-08-16 17:36:54,726 INFO  [it.uni.reti2.HeartbeatGenerator] (vert.x-eventloop-thread-0) 💓 [HEARTBEAT] Invio heartbeat: {"stazioneId":"PA","stato":"ONLINE","timestamp":"2026-08-16T15:36:54.726747598Z","tipoEvento":"HEARTBEAT","bufferSize":0}
2026-08-16 17:37:04,728 INFO  [it.uni.reti2.HeartbeatGenerator] (vert.x-eventloop-thread-0) 💓 [HEARTBEAT] Invio heartbeat: {"stazioneId":"PA","stato":"ONLINE","timestamp":"2026-08-16T15:37:04.728357120Z","tipoEvento":"HEARTBEAT","bufferSize":0}
2026-08-16 17:37:14,732 INFO  [it.uni.reti2.HeartbeatGenerator] (vert.x-eventloop-thread-0) 💓 [HEARTBEAT] Invio heartbeat: {"stazioneId":"PA","stato":"ONLINE","timestamp":"2026-08-16T15:37:14.732633338Z","tipoEvento":"HEARTBEAT","bufferSize":0}
2026-08-16 17:37:24,728 INFO  [it.uni.reti2.HeartbeatGenerator] (vert.x-eventloop-thread-0) 💓 [HEARTBEAT] Invio heartbeat: {"stazioneId":"PA","stato":"ONLINE","timestamp":"2026-08-16T15:37:24.728660900Z","tipoEvento":"HEARTBEAT","bufferSize":0}
2026-08-16 17:37:34,730 INFO  [it.uni.reti2.HeartbeatGenerator] (vert.x-eventloop-thread-0) 💓 [HEARTBEAT] Invio heartbeat: {"stazioneId":"PA","stato":"ONLINE","timestamp":"2026-08-16T15:37:34.730145972Z","tipoEvento":"HEARTBEAT","bufferSize":0}
2026-08-16 17:37:44,733 INFO  [it.uni.reti2.HeartbeatGenerator] (vert.x-eventloop-thread-0) 💓 [HEARTBEAT] Invio heartbeat: {"stazioneId":"PA","stato":"ONLINE","timestamp":"2026-08-16T15:37:44.733526484Z","tipoEvento":"HEARTBEAT","bufferSize":0}
2026-08-16 17:37:54,729 INFO  [it.uni.reti2.HeartbeatGenerator] (vert.x-eventloop-thread-0) 💓 [HEARTBEAT] Invio heartbeat: {"stazioneId":"PA","stato":"ONLINE","timestamp":"2026-08-16T15:37:54.729165892Z","tipoEvento":"HEARTBEAT","bufferSize":0}
2026-08-16 17:38:04,728 INFO  [it.uni.reti2.HeartbeatGenerator] (vert.x-eventloop-thread-0) 💓 [HEARTBEAT] Invio heartbeat: {"stazioneId":"PA","stato":"ONLINE","timestamp":"2026-08-16T15:38:04.728124701Z","tipoEvento":"HEARTBEAT","bufferSize":0}
2026-08-16 17:38:14,726 INFO  [it.uni.reti2.HeartbeatGenerator] (vert.x-eventloop-thread-0) 💓 [HEARTBEAT] Invio heartbeat: {"stazioneId":"PA","stato":"ONLINE","timestamp":"2026-08-16T15:38:14.726659909Z","tipoEvento":"HEARTBEAT","bufferSize":0}
2026-08-16 17:38:24,728 INFO  [it.uni.reti2.HeartbeatGenerator] (vert.x-eventloop-thread-0) 💓 [HEARTBEAT] Invio heartbeat: {"stazioneId":"PA","stato":"ONLINE","timestamp":"2026-08-16T15:38:24.728446338Z","tipoEvento":"HEARTBEAT","bufferSize":0}
2026-08-16 17:38:34,728 INFO  [it.uni.reti2.HeartbeatGenerator] (vert.x-eventloop-thread-0) 💓 [HEARTBEAT] Invio heartbeat: {"stazioneId":"PA","stato":"ONLINE","timestamp":"2026-08-16T15:38:34.728642766Z","tipoEvento":"HEARTBEAT","bufferSize":0}
2026-08-16 17:38:44,728 INFO  [it.uni.reti2.HeartbeatGenerator] (vert.x-eventloop-thread-0) 💓 [HEARTBEAT] Invio heartbeat: {"stazioneId":"PA","stato":"ONLINE","timestamp":"2026-08-16T15:38:44.728817496Z","tipoEvento":"HEARTBEAT","bufferSize":0}
2026-08-16 17:38:54,733 INFO  [it.uni.reti2.HeartbeatGenerator] (vert.x-eventloop-thread-0) 💓 [HEARTBEAT] Invio heartbeat: {"stazioneId":"PA","stato":"ONLINE","timestamp":"2026-08-16T15:38:54.728635656Z","tipoEvento":"HEARTBEAT","bufferSize":0}
2026-08-16 17:39:04,730 INFO  [it.uni.reti2.HeartbeatGenerator] (vert.x-eventloop-thread-0) 💓 [HEARTBEAT] Invio heartbeat: {"stazioneId":"PA","stato":"ONLINE","timestamp":"2026-08-16T15:39:04.730762938Z","tipoEvento":"HEARTBEAT","bufferSize":0}
2026-08-16 17:39:14,726 INFO  [it.uni.reti2.HeartbeatGenerator] (vert.x-eventloop-thread-0) 💓 [HEARTBEAT] Invio heartbeat: {"stazioneId":"PA","stato":"ONLINE","timestamp":"2026-08-16T15:39:14.726222862Z","tipoEvento":"HEARTBEAT","bufferSize":0}
2026-08-16 17:39:24,727 INFO  [it.uni.reti2.HeartbeatGenerator] (vert.x-eventloop-thread-0) 💓 [HEARTBEAT] Invio heartbeat: {"stazioneId":"PA","stato":"ONLINE","timestamp":"2026-08-16T15:39:24.727396757Z","tipoEvento":"HEARTBEAT","bufferSize":0}
2026-08-16 17:39:34,731 INFO  [it.uni.reti2.HeartbeatGenerator] (vert.x-eventloop-thread-0) 💓 [HEARTBEAT] Invio heartbeat: {"stazioneId":"PA","stato":"ONLINE","timestamp":"2026-08-16T15:39:34.731857003Z","tipoEvento":"HEARTBEAT","bufferSize":0}
2026-08-16 17:39:44,727 INFO  [it.uni.reti2.HeartbeatGenerator] (vert.x-eventloop-thread-0) 💓 [HEARTBEAT] Invio heartbeat: {"stazioneId":"PA","stato":"ONLINE","timestamp":"2026-08-16T15:39:44.727154475Z","tipoEvento":"HEARTBEAT","bufferSize":0}
2026-08-16 17:39:54,727 INFO  [it.uni.reti2.HeartbeatGenerator] (vert.x-eventloop-thread-0) 💓 [HEARTBEAT] Invio heartbeat: {"stazioneId":"PA","stato":"ONLINE","timestamp":"2026-08-16T15:39:54.727139765Z","tipoEvento":"HEARTBEAT","bufferSize":0}
2026-08-16 17:40:04,730 INFO  [it.uni.reti2.HeartbeatGenerator] (vert.x-eventloop-thread-0) 💓 [HEARTBEAT] Invio heartbeat: {"stazioneId":"PA","stato":"ONLINE","timestamp":"2026-08-16T15:40:04.730064286Z","tipoEvento":"HEARTBEAT","bufferSize":0}
2026-08-16 17:40:14,728 INFO  [it.uni.reti2.HeartbeatGenerator] (vert.x-eventloop-thread-0) 💓 [HEARTBEAT] Invio heartbeat: {"stazioneId":"PA","stato":"ONLINE","timestamp":"2026-08-16T15:40:14.728030065Z","tipoEvento":"HEARTBEAT","bufferSize":0}
2026-08-16 17:40:24,729 INFO  [it.uni.reti2.HeartbeatGenerator] (vert.x-eventloop-thread-0) 💓 [HEARTBEAT] Invio heartbeat: {"stazioneId":"PA","stato":"ONLINE","timestamp":"2026-08-16T15:40:24.729057298Z","tipoEvento":"HEARTBEAT","bufferSize":0}
2026-08-16 17:40:34,734 INFO  [it.uni.reti2.HeartbeatGenerator] (vert.x-eventloop-thread-0) 💓 [HEARTBEAT] Invio heartbeat: {"stazioneId":"PA","stato":"ONLINE","timestamp":"2026-08-16T15:40:34.734157279Z","tipoEvento":"HEARTBEAT","bufferSize":0}
2026-08-16 17:40:44,730 INFO  [it.uni.reti2.HeartbeatGenerator] (vert.x-eventloop-thread-0) 💓 [HEARTBEAT] Invio heartbeat: {"stazioneId":"PA","stato":"ONLINE","timestamp":"2026-08-16T15:40:44.730350942Z","tipoEvento":"HEARTBEAT","bufferSize":0}
2026-08-16 17:40:54,728 INFO  [it.uni.reti2.HeartbeatGenerator] (vert.x-eventloop-thread-0) 💓 [HEARTBEAT] Invio heartbeat: {"stazioneId":"PA","stato":"ONLINE","timestamp":"2026-08-16T15:40:54.728285980Z","tipoEvento":"HEARTBEAT","bufferSize":0}
2026-08-16 17:41:04,735 INFO  [it.uni.reti2.HeartbeatGenerator] (vert.x-eventloop-thread-0) 💓 [HEARTBEAT] Invio heartbeat: {"stazioneId":"PA","stato":"ONLINE","timestamp":"2026-08-16T15:41:04.735306313Z","tipoEvento":"HEARTBEAT","bufferSize":0}
2026-08-16 17:41:14,737 INFO  [it.uni.reti2.HeartbeatGenerator] (vert.x-eventloop-thread-0) 💓 [HEARTBEAT] Invio heartbeat: {"stazioneId":"PA","stato":"ONLINE","timestamp":"2026-08-16T15:41:14.731370924Z","tipoEvento":"HEARTBEAT","bufferSize":0}
2026-08-16 17:41:24,725 INFO  [it.uni.reti2.HeartbeatGenerator] (vert.x-eventloop-thread-0) 💓 [HEARTBEAT] Invio heartbeat: {"stazioneId":"PA","stato":"ONLINE","timestamp":"2026-08-16T15:41:24.725928907Z","tipoEvento":"HEARTBEAT","bufferSize":0}
2026-08-16 17:41:34,727 INFO  [it.uni.reti2.HeartbeatGenerator] (vert.x-eventloop-thread-0) 💓 [HEARTBEAT] Invio heartbeat: {"stazioneId":"PA","stato":"ONLINE","timestamp":"2026-08-16T15:41:34.727323393Z","tipoEvento":"HEARTBEAT","bufferSize":0}
2026-08-16 17:41:44,732 INFO  [it.uni.reti2.HeartbeatGenerator] (vert.x-eventloop-thread-0) 💓 [HEARTBEAT] Invio heartbeat: {"stazioneId":"PA","stato":"ONLINE","timestamp":"2026-08-16T15:41:44.732863767Z","tipoEvento":"HEARTBEAT","bufferSize":0}
2026-08-16 17:41:54,727 INFO  [it.uni.reti2.HeartbeatGenerator] (vert.x-eventloop-thread-0) 💓 [HEARTBEAT] Invio heartbeat: {"stazioneId":"PA","stato":"ONLINE","timestamp":"2026-08-16T15:41:54.727757961Z","tipoEvento":"HEARTBEAT","bufferSize":0}
2026-08-16 17:42:04,729 INFO  [it.uni.reti2.HeartbeatGenerator] (vert.x-eventloop-thread-0) 💓 [HEARTBEAT] Invio heartbeat: {"stazioneId":"PA","stato":"ONLINE","timestamp":"2026-08-16T15:42:04.729364674Z","tipoEvento":"HEARTBEAT","bufferSize":0}
2026-08-16 17:42:14,733 INFO  [it.uni.reti2.HeartbeatGenerator] (vert.x-eventloop-thread-0) 💓 [HEARTBEAT] Invio heartbeat: {"stazioneId":"PA","stato":"ONLINE","timestamp":"2026-08-16T15:42:14.733669007Z","tipoEvento":"HEARTBEAT","bufferSize":0}
2026-08-16 17:42:24,728 INFO  [it.uni.reti2.HeartbeatGenerator] (vert.x-eventloop-thread-0) 💓 [HEARTBEAT] Invio heartbeat: {"stazioneId":"PA","stato":"ONLINE","timestamp":"2026-08-16T15:42:24.728933051Z","tipoEvento":"HEARTBEAT","bufferSize":0}
2026-08-16 17:42:34,726 INFO  [it.uni.reti2.HeartbeatGenerator] (vert.x-eventloop-thread-0) 💓 [HEARTBEAT] Invio heartbeat: {"stazioneId":"PA","stato":"ONLINE","timestamp":"2026-08-16T15:42:34.726073479Z","tipoEvento":"HEARTBEAT","bufferSize":0}
2026-08-16 17:42:44,726 INFO  [it.uni.reti2.HeartbeatGenerator] (vert.x-eventloop-thread-0) 💓 [HEARTBEAT] Invio heartbeat: {"stazioneId":"PA","stato":"ONLINE","timestamp":"2026-08-16T15:42:44.726229108Z","tipoEvento":"HEARTBEAT","bufferSize":0}
2026-08-16 17:42:54,729 INFO  [it.uni.reti2.HeartbeatGenerator] (vert.x-eventloop-thread-0) 💓 [HEARTBEAT] Invio heartbeat: {"stazioneId":"PA","stato":"ONLINE","timestamp":"2026-08-16T15:42:54.729053187Z","tipoEvento":"HEARTBEAT","bufferSize":0}
2026-08-16 17:43:04,726 INFO  [it.uni.reti2.HeartbeatGenerator] (vert.x-eventloop-thread-0) 💓 [HEARTBEAT] Invio heartbeat: {"stazioneId":"PA","stato":"ONLINE","timestamp":"2026-08-16T15:43:04.726025647Z","tipoEvento":"HEARTBEAT","bufferSize":0}
2026-08-16 17:43:14,726 INFO  [it.uni.reti2.HeartbeatGenerator] (vert.x-eventloop-thread-0) 💓 [HEARTBEAT] Invio heartbeat: {"stazioneId":"PA","stato":"ONLINE","timestamp":"2026-08-16T15:43:14.726353675Z","tipoEvento":"HEARTBEAT","bufferSize":0}
2026-08-16 17:43:24,729 INFO  [it.uni.reti2.HeartbeatGenerator] (vert.x-eventloop-thread-0) 💓 [HEARTBEAT] Invio heartbeat: {"stazioneId":"PA","stato":"ONLINE","timestamp":"2026-08-16T15:43:24.729157114Z","tipoEvento":"HEARTBEAT","bufferSize":0}
2026-08-16 17:43:34,727 INFO  [it.uni.reti2.HeartbeatGenerator] (vert.x-eventloop-thread-0) 💓 [HEARTBEAT] Invio heartbeat: {"stazioneId":"PA","stato":"ONLINE","timestamp":"2026-08-16T15:43:34.727657093Z","tipoEvento":"HEARTBEAT","bufferSize":0}
2026-08-16 17:43:44,726 INFO  [it.uni.reti2.HeartbeatGenerator] (vert.x-eventloop-thread-0) 💓 [HEARTBEAT] Invio heartbeat: {"stazioneId":"PA","stato":"ONLINE","timestamp":"2026-08-16T15:43:44.726919225Z","tipoEvento":"HEARTBEAT","bufferSize":0}
2026-08-16 17:43:54,728 INFO  [it.uni.reti2.HeartbeatGenerator] (vert.x-eventloop-thread-0) 💓 [HEARTBEAT] Invio heartbeat: {"stazioneId":"PA","stato":"ONLINE","timestamp":"2026-08-16T15:43:54.728392532Z","tipoEvento":"HEARTBEAT","bufferSize":0}
2026-08-16 17:44:04,729 INFO  [it.uni.reti2.HeartbeatGenerator] (vert.x-eventloop-thread-0) 💓 [HEARTBEAT] Invio heartbeat: {"stazioneId":"PA","stato":"ONLINE","timestamp":"2026-08-16T15:44:04.729647624Z","tipoEvento":"HEARTBEAT","bufferSize":0}
2026-08-16 17:44:14,726 INFO  [it.uni.reti2.HeartbeatGenerator] (vert.x-eventloop-thread-0) 💓 [HEARTBEAT] Invio heartbeat: {"stazioneId":"PA","stato":"ONLINE","timestamp":"2026-08-16T15:44:14.726452025Z","tipoEvento":"HEARTBEAT","bufferSize":0}
2026-08-16 17:44:24,726 INFO  [it.uni.reti2.HeartbeatGenerator] (vert.x-eventloop-thread-0) 💓 [HEARTBEAT] Invio heartbeat: {"stazioneId":"PA","stato":"ONLINE","timestamp":"2026-08-16T15:44:24.726433945Z","tipoEvento":"HEARTBEAT","bufferSize":0}
2026-08-16 17:44:34,731 INFO  [it.uni.reti2.HeartbeatGenerator] (vert.x-eventloop-thread-0) 💓 [HEARTBEAT] Invio heartbeat: {"stazioneId":"PA","stato":"ONLINE","timestamp":"2026-08-16T15:44:34.731663418Z","tipoEvento":"HEARTBEAT","bufferSize":0}
2026-08-16 17:44:44,727 INFO  [it.uni.reti2.HeartbeatGenerator] (vert.x-eventloop-thread-0) 💓 [HEARTBEAT] Invio heartbeat: {"stazioneId":"PA","stato":"ONLINE","timestamp":"2026-08-16T15:44:44.727114764Z","tipoEvento":"HEARTBEAT","bufferSize":0}
2026-08-16 17:44:54,726 INFO  [it.uni.reti2.HeartbeatGenerator] (vert.x-eventloop-thread-0) 💓 [HEARTBEAT] Invio heartbeat: {"stazioneId":"PA","stato":"ONLINE","timestamp":"2026-08-16T15:44:54.726807192Z","tipoEvento":"HEARTBEAT","bufferSize":0}
2026-08-16 17:45:04,733 INFO  [it.uni.reti2.HeartbeatGenerator] (vert.x-eventloop-thread-0) 💓 [HEARTBEAT] Invio heartbeat: {"stazioneId":"PA","stato":"ONLINE","timestamp":"2026-08-16T15:45:04.733232784Z","tipoEvento":"HEARTBEAT","bufferSize":0}
2026-08-16 17:45:14,726 INFO  [it.uni.reti2.HeartbeatGenerator] (vert.x-eventloop-thread-0) 💓 [HEARTBEAT] Invio heartbeat: {"stazioneId":"PA","stato":"ONLINE","timestamp":"2026-08-16T15:45:14.726288109Z","tipoEvento":"HEARTBEAT","bufferSize":0}
2026-08-16 17:45:24,729 INFO  [it.uni.reti2.HeartbeatGenerator] (vert.x-eventloop-thread-0) 💓 [HEARTBEAT] Invio heartbeat: {"stazioneId":"PA","stato":"ONLINE","timestamp":"2026-08-16T15:45:24.728999885Z","tipoEvento":"HEARTBEAT","bufferSize":0}
2026-08-16 17:45:34,734 INFO  [it.uni.reti2.HeartbeatGenerator] (vert.x-eventloop-thread-0) 💓 [HEARTBEAT] Invio heartbeat: {"stazioneId":"PA","stato":"ONLINE","timestamp":"2026-08-16T15:45:34.733899409Z","tipoEvento":"HEARTBEAT","bufferSize":0}
2026-08-16 17:45:44,729 INFO  [it.uni.reti2.HeartbeatGenerator] (vert.x-eventloop-thread-0) 💓 [HEARTBEAT] Invio heartbeat: {"stazioneId":"PA","stato":"ONLINE","timestamp":"2026-08-16T15:45:44.729943666Z","tipoEvento":"HEARTBEAT","bufferSize":0}
2026-08-16 17:45:54,725 INFO  [it.uni.reti2.HeartbeatGenerator] (vert.x-eventloop-thread-0) 💓 [HEARTBEAT] Invio heartbeat: {"stazioneId":"PA","stato":"ONLINE","timestamp":"2026-08-16T15:45:54.725652136Z","tipoEvento":"HEARTBEAT","bufferSize":0}
2026-08-16 17:46:04,733 INFO  [it.uni.reti2.HeartbeatGenerator] (vert.x-eventloop-thread-0) 💓 [HEARTBEAT] Invio heartbeat: {"stazioneId":"PA","stato":"ONLINE","timestamp":"2026-08-16T15:46:04.733881190Z","tipoEvento":"HEARTBEAT","bufferSize":0}
2026-08-16 17:46:14,729 INFO  [it.uni.reti2.HeartbeatGenerator] (vert.x-eventloop-thread-0) 💓 [HEARTBEAT] Invio heartbeat: {"stazioneId":"PA","stato":"ONLINE","timestamp":"2026-08-16T15:46:14.729471095Z","tipoEvento":"HEARTBEAT","bufferSize":0}
2026-08-16 17:46:24,728 INFO  [it.uni.reti2.HeartbeatGenerator] (vert.x-eventloop-thread-0) 💓 [HEARTBEAT] Invio heartbeat: {"stazioneId":"PA","stato":"ONLINE","timestamp":"2026-08-16T15:46:24.728694709Z","tipoEvento":"HEARTBEAT","bufferSize":0}
2026-08-16 17:46:34,733 INFO  [it.uni.reti2.HeartbeatGenerator] (vert.x-eventloop-thread-0) 💓 [HEARTBEAT] Invio heartbeat: {"stazioneId":"PA","stato":"ONLINE","timestamp":"2026-08-16T15:46:34.733629811Z","tipoEvento":"HEARTBEAT","bufferSize":0}
2026-08-16 17:46:44,729 INFO  [it.uni.reti2.HeartbeatGenerator] (vert.x-eventloop-thread-0) 💓 [HEARTBEAT] Invio heartbeat: {"stazioneId":"PA","stato":"ONLINE","timestamp":"2026-08-16T15:46:44.729662194Z","tipoEvento":"HEARTBEAT","bufferSize":0}
2026-08-16 17:46:54,725 INFO  [it.uni.reti2.HeartbeatGenerator] (vert.x-eventloop-thread-0) 💓 [HEARTBEAT] Invio heartbeat: {"stazioneId":"PA","stato":"ONLINE","timestamp":"2026-08-16T15:46:54.725855472Z","tipoEvento":"HEARTBEAT","bufferSize":0}
2026-08-16 17:47:04,725 INFO  [it.uni.reti2.HeartbeatGenerator] (vert.x-eventloop-thread-0) 💓 [HEARTBEAT] Invio heartbeat: {"stazioneId":"PA","stato":"ONLINE","timestamp":"2026-08-16T15:47:04.725578425Z","tipoEvento":"HEARTBEAT","bufferSize":0}
2026-08-16 17:47:14,731 INFO  [it.uni.reti2.HeartbeatGenerator] (vert.x-eventloop-thread-0) 💓 [HEARTBEAT] Invio heartbeat: {"stazioneId":"PA","stato":"ONLINE","timestamp":"2026-08-16T15:47:14.731056220Z","tipoEvento":"HEARTBEAT","bufferSize":0}
2026-08-16 17:47:24,726 INFO  [it.uni.reti2.HeartbeatGenerator] (vert.x-eventloop-thread-0) 💓 [HEARTBEAT] Invio heartbeat: {"stazioneId":"PA","stato":"ONLINE","timestamp":"2026-08-16T15:47:24.726050552Z","tipoEvento":"HEARTBEAT","bufferSize":0}
2026-08-16 17:47:34,725 INFO  [it.uni.reti2.HeartbeatGenerator] (vert.x-eventloop-thread-0) 💓 [HEARTBEAT] Invio heartbeat: {"stazioneId":"PA","stato":"ONLINE","timestamp":"2026-08-16T15:47:34.725621657Z","tipoEvento":"HEARTBEAT","bufferSize":0}
2026-08-16 17:47:44,730 INFO  [it.uni.reti2.HeartbeatGenerator] (vert.x-eventloop-thread-0) 💓 [HEARTBEAT] Invio heartbeat: {"stazioneId":"PA","stato":"ONLINE","timestamp":"2026-08-16T15:47:44.730679186Z","tipoEvento":"HEARTBEAT","bufferSize":0}
2026-08-16 17:47:54,727 INFO  [it.uni.reti2.HeartbeatGenerator] (vert.x-eventloop-thread-0) 💓 [HEARTBEAT] Invio heartbeat: {"stazioneId":"PA","stato":"ONLINE","timestamp":"2026-08-16T15:47:54.727712445Z","tipoEvento":"HEARTBEAT","bufferSize":0}
2026-08-16 17:48:04,727 INFO  [it.uni.reti2.HeartbeatGenerator] (vert.x-eventloop-thread-0) 💓 [HEARTBEAT] Invio heartbeat: {"stazioneId":"PA","stato":"ONLINE","timestamp":"2026-08-16T15:48:04.727414961Z","tipoEvento":"HEARTBEAT","bufferSize":0}
2026-08-16 17:48:14,730 INFO  [it.uni.reti2.HeartbeatGenerator] (vert.x-eventloop-thread-0) 💓 [HEARTBEAT] Invio heartbeat: {"stazioneId":"PA","stato":"ONLINE","timestamp":"2026-08-16T15:48:14.730059966Z","tipoEvento":"HEARTBEAT","bufferSize":0}
2026-08-16 17:48:24,728 INFO  [it.uni.reti2.HeartbeatGenerator] (vert.x-eventloop-thread-0) 💓 [HEARTBEAT] Invio heartbeat: {"stazioneId":"PA","stato":"ONLINE","timestamp":"2026-08-16T15:48:24.728246487Z","tipoEvento":"HEARTBEAT","bufferSize":0}
2026-08-16 17:48:34,728 INFO  [it.uni.reti2.HeartbeatGenerator] (vert.x-eventloop-thread-0) 💓 [HEARTBEAT] Invio heartbeat: {"stazioneId":"PA","stato":"ONLINE","timestamp":"2026-08-16T15:48:34.728427857Z","tipoEvento":"HEARTBEAT","bufferSize":0}
2026-08-16 17:48:44,732 INFO  [it.uni.reti2.HeartbeatGenerator] (vert.x-eventloop-thread-0) 💓 [HEARTBEAT] Invio heartbeat: {"stazioneId":"PA","stato":"ONLINE","timestamp":"2026-08-16T15:48:44.732904365Z","tipoEvento":"HEARTBEAT","bufferSize":0}
2026-08-16 17:48:54,737 INFO  [it.uni.reti2.HeartbeatGenerator] (vert.x-eventloop-thread-0) 💓 [HEARTBEAT] Invio heartbeat: {"stazioneId":"PA","stato":"ONLINE","timestamp":"2026-08-16T15:48:54.737761227Z","tipoEvento":"HEARTBEAT","bufferSize":0}
2026-08-16 17:49:04,729 INFO  [it.uni.reti2.HeartbeatGenerator] (vert.x-eventloop-thread-0) 💓 [HEARTBEAT] Invio heartbeat: {"stazioneId":"PA","stato":"ONLINE","timestamp":"2026-08-16T15:49:04.729331407Z","tipoEvento":"HEARTBEAT","bufferSize":0}
2026-08-16 17:49:14,734 INFO  [it.uni.reti2.HeartbeatGenerator] (vert.x-eventloop-thread-0) 💓 [HEARTBEAT] Invio heartbeat: {"stazioneId":"PA","stato":"ONLINE","timestamp":"2026-08-16T15:49:14.734782488Z","tipoEvento":"HEARTBEAT","bufferSize":0}
2026-08-16 17:49:24,728 INFO  [it.uni.reti2.HeartbeatGenerator] (vert.x-eventloop-thread-0) 💓 [HEARTBEAT] Invio heartbeat: {"stazioneId":"PA","stato":"ONLINE","timestamp":"2026-08-16T15:49:24.728288627Z","tipoEvento":"HEARTBEAT","bufferSize":0}
2026-08-16 17:49:34,726 INFO  [it.uni.reti2.HeartbeatGenerator] (vert.x-eventloop-thread-0) 💓 [HEARTBEAT] Invio heartbeat: {"stazioneId":"PA","stato":"ONLINE","timestamp":"2026-08-16T15:49:34.726888288Z","tipoEvento":"HEARTBEAT","bufferSize":0}
2026-08-16 17:49:44,729 INFO  [it.uni.reti2.HeartbeatGenerator] (vert.x-eventloop-thread-0) 💓 [HEARTBEAT] Invio heartbeat: {"stazioneId":"PA","stato":"ONLINE","timestamp":"2026-08-16T15:49:44.729311569Z","tipoEvento":"HEARTBEAT","bufferSize":0}
2026-08-16 17:49:54,728 INFO  [it.uni.reti2.HeartbeatGenerator] (vert.x-eventloop-thread-0) 💓 [HEARTBEAT] Invio heartbeat: {"stazioneId":"PA","stato":"ONLINE","timestamp":"2026-08-16T15:49:54.728589451Z","tipoEvento":"HEARTBEAT","bufferSize":0}
2026-08-16 17:50:04,728 INFO  [it.uni.reti2.HeartbeatGenerator] (vert.x-eventloop-thread-0) 💓 [HEARTBEAT] Invio heartbeat: {"stazioneId":"PA","stato":"ONLINE","timestamp":"2026-08-16T15:50:04.728914735Z","tipoEvento":"HEARTBEAT","bufferSize":0}
2026-08-16 17:50:14,732 INFO  [it.uni.reti2.HeartbeatGenerator] (vert.x-eventloop-thread-0) 💓 [HEARTBEAT] Invio heartbeat: {"stazioneId":"PA","stato":"ONLINE","timestamp":"2026-08-16T15:50:14.732581118Z","tipoEvento":"HEARTBEAT","bufferSize":0}
2026-08-16 17:50:24,728 INFO  [it.uni.reti2.HeartbeatGenerator] (vert.x-eventloop-thread-0) 💓 [HEARTBEAT] Invio heartbeat: {"stazioneId":"PA","stato":"ONLINE","timestamp":"2026-08-16T15:50:24.728455591Z","tipoEvento":"HEARTBEAT","bufferSize":0}
2026-08-16 17:50:34,726 INFO  [it.uni.reti2.HeartbeatGenerator] (vert.x-eventloop-thread-0) 💓 [HEARTBEAT] Invio heartbeat: {"stazioneId":"PA","stato":"ONLINE","timestamp":"2026-08-16T15:50:34.726259931Z","tipoEvento":"HEARTBEAT","bufferSize":0}
2026-08-16 17:50:44,726 INFO  [it.uni.reti2.HeartbeatGenerator] (vert.x-eventloop-thread-0) 💓 [HEARTBEAT] Invio heartbeat: {"stazioneId":"PA","stato":"ONLINE","timestamp":"2026-08-16T15:50:44.726149139Z","tipoEvento":"HEARTBEAT","bufferSize":0}
2026-08-16 17:50:54,728 INFO  [it.uni.reti2.HeartbeatGenerator] (vert.x-eventloop-thread-0) 💓 [HEARTBEAT] Invio heartbeat: {"stazioneId":"PA","stato":"ONLINE","timestamp":"2026-08-16T15:50:54.728569108Z","tipoEvento":"HEARTBEAT","bufferSize":0}
2026-08-16 17:51:04,725 INFO  [it.uni.reti2.HeartbeatGenerator] (vert.x-eventloop-thread-0) 💓 [HEARTBEAT] Invio heartbeat: {"stazioneId":"PA","stato":"ONLINE","timestamp":"2026-08-16T15:51:04.725494725Z","tipoEvento":"HEARTBEAT","bufferSize":0}
2026-08-16 17:51:14,726 INFO  [it.uni.reti2.HeartbeatGenerator] (vert.x-eventloop-thread-0) 💓 [HEARTBEAT] Invio heartbeat: {"stazioneId":"PA","stato":"ONLINE","timestamp":"2026-08-16T15:51:14.726038862Z","tipoEvento":"HEARTBEAT","bufferSize":0}
2026-08-16 17:51:24,727 INFO  [it.uni.reti2.HeartbeatGenerator] (vert.x-eventloop-thread-0) 💓 [HEARTBEAT] Invio heartbeat: {"stazioneId":"PA","stato":"ONLINE","timestamp":"2026-08-16T15:51:24.727806381Z","tipoEvento":"HEARTBEAT","bufferSize":0}
2026-08-16 17:51:34,726 INFO  [it.uni.reti2.HeartbeatGenerator] (vert.x-eventloop-thread-0) 💓 [HEARTBEAT] Invio heartbeat: {"stazioneId":"PA","stato":"ONLINE","timestamp":"2026-08-16T15:51:34.726838222Z","tipoEvento":"HEARTBEAT","bufferSize":0}
2026-08-16 17:51:44,727 INFO  [it.uni.reti2.HeartbeatGenerator] (vert.x-eventloop-thread-0) 💓 [HEARTBEAT] Invio heartbeat: {"stazioneId":"PA","stato":"ONLINE","timestamp":"2026-08-16T15:51:44.727065456Z","tipoEvento":"HEARTBEAT","bufferSize":0}
2026-08-16 17:51:54,729 INFO  [it.uni.reti2.HeartbeatGenerator] (vert.x-eventloop-thread-0) 💓 [HEARTBEAT] Invio heartbeat: {"stazioneId":"PA","stato":"ONLINE","timestamp":"2026-08-16T15:51:54.729035824Z","tipoEvento":"HEARTBEAT","bufferSize":0}
2026-08-16 17:52:04,728 INFO  [it.uni.reti2.HeartbeatGenerator] (vert.x-eventloop-thread-0) 💓 [HEARTBEAT] Invio heartbeat: {"stazioneId":"PA","stato":"ONLINE","timestamp":"2026-08-16T15:52:04.728175487Z","tipoEvento":"HEARTBEAT","bufferSize":0}
2026-08-16 17:52:14,729 INFO  [it.uni.reti2.HeartbeatGenerator] (vert.x-eventloop-thread-0) 💓 [HEARTBEAT] Invio heartbeat: {"stazioneId":"PA","stato":"ONLINE","timestamp":"2026-08-16T15:52:14.728993651Z","tipoEvento":"HEARTBEAT","bufferSize":0}
2026-08-16 17:52:24,725 INFO  [it.uni.reti2.HeartbeatGenerator] (vert.x-eventloop-thread-0) 💓 [HEARTBEAT] Invio heartbeat: {"stazioneId":"PA","stato":"ONLINE","timestamp":"2026-08-16T15:52:24.725397091Z","tipoEvento":"HEARTBEAT","bufferSize":0}
2026-08-16 17:52:34,729 INFO  [it.uni.reti2.HeartbeatGenerator] (vert.x-eventloop-thread-0) 💓 [HEARTBEAT] Invio heartbeat: {"stazioneId":"PA","stato":"ONLINE","timestamp":"2026-08-16T15:52:34.729654805Z","tipoEvento":"HEARTBEAT","bufferSize":0}
2026-08-16 17:52:44,726 INFO  [it.uni.reti2.HeartbeatGenerator] (vert.x-eventloop-thread-0) 💓 [HEARTBEAT] Invio heartbeat: {"stazioneId":"PA","stato":"ONLINE","timestamp":"2026-08-16T15:52:44.726268767Z","tipoEvento":"HEARTBEAT","bufferSize":0}
2026-08-16 17:52:54,726 INFO  [it.uni.reti2.HeartbeatGenerator] (vert.x-eventloop-thread-0) 💓 [HEARTBEAT] Invio heartbeat: {"stazioneId":"PA","stato":"ONLINE","timestamp":"2026-08-16T15:52:54.726231974Z","tipoEvento":"HEARTBEAT","bufferSize":0}
2026-08-16 17:53:04,732 INFO  [it.uni.reti2.HeartbeatGenerator] (vert.x-eventloop-thread-0) 💓 [HEARTBEAT] Invio heartbeat: {"stazioneId":"PA","stato":"ONLINE","timestamp":"2026-08-16T15:53:04.732065271Z","tipoEvento":"HEARTBEAT","bufferSize":0}
2026-08-16 17:53:14,731 INFO  [it.uni.reti2.HeartbeatGenerator] (vert.x-eventloop-thread-0) 💓 [HEARTBEAT] Invio heartbeat: {"stazioneId":"PA","stato":"ONLINE","timestamp":"2026-08-16T15:53:14.727174793Z","tipoEvento":"HEARTBEAT","bufferSize":0}
2026-08-16 17:53:24,727 INFO  [it.uni.reti2.HeartbeatGenerator] (vert.x-eventloop-thread-0) 💓 [HEARTBEAT] Invio heartbeat: {"stazioneId":"PA","stato":"ONLINE","timestamp":"2026-08-16T15:53:24.727009168Z","tipoEvento":"HEARTBEAT","bufferSize":0}
2026-08-16 17:53:34,733 INFO  [it.uni.reti2.HeartbeatGenerator] (vert.x-eventloop-thread-0) 💓 [HEARTBEAT] Invio heartbeat: {"stazioneId":"PA","stato":"ONLINE","timestamp":"2026-08-16T15:53:34.733080572Z","tipoEvento":"HEARTBEAT","bufferSize":0}
2026-08-16 17:53:44,728 INFO  [it.uni.reti2.HeartbeatGenerator] (vert.x-eventloop-thread-0) 💓 [HEARTBEAT] Invio heartbeat: {"stazioneId":"PA","stato":"ONLINE","timestamp":"2026-08-16T15:53:44.728180787Z","tipoEvento":"HEARTBEAT","bufferSize":0}
2026-08-16 17:53:54,743 INFO  [it.uni.reti2.HeartbeatGenerator] (vert.x-eventloop-thread-0) 💓 [HEARTBEAT] Invio heartbeat: {"stazioneId":"PA","stato":"ONLINE","timestamp":"2026-08-16T15:53:54.727686864Z","tipoEvento":"HEARTBEAT","bufferSize":0}
2026-08-16 17:54:04,732 INFO  [it.uni.reti2.HeartbeatGenerator] (vert.x-eventloop-thread-0) 💓 [HEARTBEAT] Invio heartbeat: {"stazioneId":"PA","stato":"ONLINE","timestamp":"2026-08-16T15:54:04.732619925Z","tipoEvento":"HEARTBEAT","bufferSize":0}
2026-08-16 17:54:14,727 INFO  [it.uni.reti2.HeartbeatGenerator] (vert.x-eventloop-thread-0) 💓 [HEARTBEAT] Invio heartbeat: {"stazioneId":"PA","stato":"ONLINE","timestamp":"2026-08-16T15:54:14.727888163Z","tipoEvento":"HEARTBEAT","bufferSize":0}
2026-08-16 17:54:24,728 INFO  [it.uni.reti2.HeartbeatGenerator] (vert.x-eventloop-thread-0) 💓 [HEARTBEAT] Invio heartbeat: {"stazioneId":"PA","stato":"ONLINE","timestamp":"2026-08-16T15:54:24.728285849Z","tipoEvento":"HEARTBEAT","bufferSize":0}
2026-08-16 17:54:34,733 INFO  [it.uni.reti2.HeartbeatGenerator] (vert.x-eventloop-thread-0) 💓 [HEARTBEAT] Invio heartbeat: {"stazioneId":"PA","stato":"ONLINE","timestamp":"2026-08-16T15:54:34.733966536Z","tipoEvento":"HEARTBEAT","bufferSize":0}
2026-08-16 17:54:44,728 INFO  [it.uni.reti2.HeartbeatGenerator] (vert.x-eventloop-thread-0) 💓 [HEARTBEAT] Invio heartbeat: {"stazioneId":"PA","stato":"ONLINE","timestamp":"2026-08-16T15:54:44.728620248Z","tipoEvento":"HEARTBEAT","bufferSize":0}
2026-08-16 17:54:54,727 INFO  [it.uni.reti2.HeartbeatGenerator] (vert.x-eventloop-thread-0) 💓 [HEARTBEAT] Invio heartbeat: {"stazioneId":"PA","stato":"ONLINE","timestamp":"2026-08-16T15:54:54.727600493Z","tipoEvento":"HEARTBEAT","bufferSize":0}
2026-08-16 17:55:04,733 INFO  [it.uni.reti2.HeartbeatGenerator] (vert.x-eventloop-thread-0) 💓 [HEARTBEAT] Invio heartbeat: {"stazioneId":"PA","stato":"ONLINE","timestamp":"2026-08-16T15:55:04.733763459Z","tipoEvento":"HEARTBEAT","bufferSize":0}
2026-08-16 17:55:08,822 WARN  [it.uni.reti2.StationGateway] (vert.x-eventloop-thread-3) 🚨 [ALERT RICEVUTO] La Centrale dice: {"tipoEvento":"STOP","target":"TRENO_TEST_fdad","motivo":"Soppresso da operatore","timestamp":"2026-08-16T15:55:08.817157302Z"}
2026-08-16 17:55:08,850 WARN  [it.uni.reti2.StationGateway] (vert.x-eventloop-thread-3) 🚨 [ALERT RICEVUTO] La Centrale dice: {"tipoEvento":"STOP","target":"TRENO_TEST_fdad","motivo":"Treno eliminato da operatore","timestamp":"2026-08-16T15:55:08.849203019Z"}
2026-08-16 17:55:09,805 WARN  [it.uni.reti2.StationGateway] (vert.x-eventloop-thread-3) 🚨 [ALERT RICEVUTO] La Centrale dice: {"tipoEvento":"STOP","target":"MEM_TRN_bbf6","motivo":"Treno eliminato da operatore","timestamp":"2026-08-16T15:55:09.796263314Z"}
2026-08-16 17:55:09,914 WARN  [it.uni.reti2.StationGateway] (vert.x-eventloop-thread-3) 🚨 [ALERT RICEVUTO] La Centrale dice: {"tipoEvento":"ITINERARIO_AGGIORNATO","target":"REG_TRN_f95f","timestamp":"2026-08-16T15:55:09.913357814Z"}
2026-08-16 17:55:09,957 WARN  [it.uni.reti2.StationGateway] (vert.x-eventloop-thread-3) 🚨 [ALERT RICEVUTO] La Centrale dice: {"tipoEvento":"ITINERARIO_AGGIORNATO","target":"REG_TRN_f95f","timestamp":"2026-08-16T15:55:09.956537149Z"}
2026-08-16 17:55:10,078 WARN  [it.uni.reti2.StationGateway] (vert.x-eventloop-thread-3) 🚨 [ALERT RICEVUTO] La Centrale dice: {"tipoEvento":"STOP","target":"REG_TRN_f95f","motivo":"Treno eliminato da operatore","timestamp":"2026-08-16T15:55:10.076770742Z"}
2026-08-16 17:55:14,729 INFO  [it.uni.reti2.HeartbeatGenerator] (vert.x-eventloop-thread-0) 💓 [HEARTBEAT] Invio heartbeat: {"stazioneId":"PA","stato":"ONLINE","timestamp":"2026-08-16T15:55:14.729066625Z","tipoEvento":"HEARTBEAT","bufferSize":0}
2026-08-16 17:55:24,728 INFO  [it.uni.reti2.HeartbeatGenerator] (vert.x-eventloop-thread-0) 💓 [HEARTBEAT] Invio heartbeat: {"stazioneId":"PA","stato":"ONLINE","timestamp":"2026-08-16T15:55:24.728157658Z","tipoEvento":"HEARTBEAT","bufferSize":0}
2026-08-16 17:55:34,725 INFO  [it.uni.reti2.HeartbeatGenerator] (vert.x-eventloop-thread-0) 💓 [HEARTBEAT] Invio heartbeat: {"stazioneId":"PA","stato":"ONLINE","timestamp":"2026-08-16T15:55:34.725680565Z","tipoEvento":"HEARTBEAT","bufferSize":0}
2026-08-16 17:55:44,729 INFO  [it.uni.reti2.HeartbeatGenerator] (vert.x-eventloop-thread-0) 💓 [HEARTBEAT] Invio heartbeat: {"stazioneId":"PA","stato":"ONLINE","timestamp":"2026-08-16T15:55:44.729638762Z","tipoEvento":"HEARTBEAT","bufferSize":0}
2026-08-16 17:55:54,727 INFO  [it.uni.reti2.HeartbeatGenerator] (vert.x-eventloop-thread-0) 💓 [HEARTBEAT] Invio heartbeat: {"stazioneId":"PA","stato":"ONLINE","timestamp":"2026-08-16T15:55:54.726840130Z","tipoEvento":"HEARTBEAT","bufferSize":0}
2026-08-16 17:56:04,726 INFO  [it.uni.reti2.HeartbeatGenerator] (vert.x-eventloop-thread-0) 💓 [HEARTBEAT] Invio heartbeat: {"stazioneId":"PA","stato":"ONLINE","timestamp":"2026-08-16T15:56:04.726914164Z","tipoEvento":"HEARTBEAT","bufferSize":0}
2026-08-16 17:56:14,729 INFO  [it.uni.reti2.HeartbeatGenerator] (vert.x-eventloop-thread-0) 💓 [HEARTBEAT] Invio heartbeat: {"stazioneId":"PA","stato":"ONLINE","timestamp":"2026-08-16T15:56:14.729965347Z","tipoEvento":"HEARTBEAT","bufferSize":0}
2026-08-16 17:56:24,728 INFO  [it.uni.reti2.HeartbeatGenerator] (vert.x-eventloop-thread-0) 💓 [HEARTBEAT] Invio heartbeat: {"stazioneId":"PA","stato":"ONLINE","timestamp":"2026-08-16T15:56:24.728721335Z","tipoEvento":"HEARTBEAT","bufferSize":0}
2026-08-16 17:56:34,728 INFO  [it.uni.reti2.HeartbeatGenerator] (vert.x-eventloop-thread-0) 💓 [HEARTBEAT] Invio heartbeat: {"stazioneId":"PA","stato":"ONLINE","timestamp":"2026-08-16T15:56:34.728633308Z","tipoEvento":"HEARTBEAT","bufferSize":0}
2026-08-16 17:56:44,729 INFO  [it.uni.reti2.HeartbeatGenerator] (vert.x-eventloop-thread-0) 💓 [HEARTBEAT] Invio heartbeat: {"stazioneId":"PA","stato":"ONLINE","timestamp":"2026-08-16T15:56:44.729310028Z","tipoEvento":"HEARTBEAT","bufferSize":0}
2026-08-16 17:56:54,729 INFO  [it.uni.reti2.HeartbeatGenerator] (vert.x-eventloop-thread-0) 💓 [HEARTBEAT] Invio heartbeat: {"stazioneId":"PA","stato":"ONLINE","timestamp":"2026-08-16T15:56:54.729795572Z","tipoEvento":"HEARTBEAT","bufferSize":0}
2026-08-16 17:57:04,725 INFO  [it.uni.reti2.HeartbeatGenerator] (vert.x-eventloop-thread-0) 💓 [HEARTBEAT] Invio heartbeat: {"stazioneId":"PA","stato":"ONLINE","timestamp":"2026-08-16T15:57:04.725829867Z","tipoEvento":"HEARTBEAT","bufferSize":0}
2026-08-16 17:57:14,725 INFO  [it.uni.reti2.HeartbeatGenerator] (vert.x-eventloop-thread-0) 💓 [HEARTBEAT] Invio heartbeat: {"stazioneId":"PA","stato":"ONLINE","timestamp":"2026-08-16T15:57:14.725510758Z","tipoEvento":"HEARTBEAT","bufferSize":0}
2026-08-16 17:57:24,737 INFO  [it.uni.reti2.HeartbeatGenerator] (vert.x-eventloop-thread-0) 💓 [HEARTBEAT] Invio heartbeat: {"stazioneId":"PA","stato":"ONLINE","timestamp":"2026-08-16T15:57:24.732631516Z","tipoEvento":"HEARTBEAT","bufferSize":0}
2026-08-16 17:57:34,731 INFO  [it.uni.reti2.HeartbeatGenerator] (vert.x-eventloop-thread-0) 💓 [HEARTBEAT] Invio heartbeat: {"stazioneId":"PA","stato":"ONLINE","timestamp":"2026-08-16T15:57:34.727688147Z","tipoEvento":"HEARTBEAT","bufferSize":0}
2026-08-16 17:57:44,726 INFO  [it.uni.reti2.HeartbeatGenerator] (vert.x-eventloop-thread-0) 💓 [HEARTBEAT] Invio heartbeat: {"stazioneId":"PA","stato":"ONLINE","timestamp":"2026-08-16T15:57:44.726670636Z","tipoEvento":"HEARTBEAT","bufferSize":0}
2026-08-16 17:57:54,734 INFO  [it.uni.reti2.HeartbeatGenerator] (vert.x-eventloop-thread-0) 💓 [HEARTBEAT] Invio heartbeat: {"stazioneId":"PA","stato":"ONLINE","timestamp":"2026-08-16T15:57:54.734111523Z","tipoEvento":"HEARTBEAT","bufferSize":0}
2026-08-16 17:58:04,728 INFO  [it.uni.reti2.HeartbeatGenerator] (vert.x-eventloop-thread-0) 💓 [HEARTBEAT] Invio heartbeat: {"stazioneId":"PA","stato":"ONLINE","timestamp":"2026-08-16T15:58:04.728682121Z","tipoEvento":"HEARTBEAT","bufferSize":0}
2026-08-16 17:58:14,728 INFO  [it.uni.reti2.HeartbeatGenerator] (vert.x-eventloop-thread-0) 💓 [HEARTBEAT] Invio heartbeat: {"stazioneId":"PA","stato":"ONLINE","timestamp":"2026-08-16T15:58:14.728619229Z","tipoEvento":"HEARTBEAT","bufferSize":0}
2026-08-16 17:58:24,734 INFO  [it.uni.reti2.HeartbeatGenerator] (vert.x-eventloop-thread-0) 💓 [HEARTBEAT] Invio heartbeat: {"stazioneId":"PA","stato":"ONLINE","timestamp":"2026-08-16T15:58:24.734341466Z","tipoEvento":"HEARTBEAT","bufferSize":0}
2026-08-16 17:58:34,730 INFO  [it.uni.reti2.HeartbeatGenerator] (vert.x-eventloop-thread-0) 💓 [HEARTBEAT] Invio heartbeat: {"stazioneId":"PA","stato":"ONLINE","timestamp":"2026-08-16T15:58:34.730046053Z","tipoEvento":"HEARTBEAT","bufferSize":0}
2026-08-16 17:58:44,726 INFO  [it.uni.reti2.HeartbeatGenerator] (vert.x-eventloop-thread-0) 💓 [HEARTBEAT] Invio heartbeat: {"stazioneId":"PA","stato":"ONLINE","timestamp":"2026-08-16T15:58:44.726110657Z","tipoEvento":"HEARTBEAT","bufferSize":0}
2026-08-16 17:58:54,727 INFO  [it.uni.reti2.HeartbeatGenerator] (vert.x-eventloop-thread-0) 💓 [HEARTBEAT] Invio heartbeat: {"stazioneId":"PA","stato":"ONLINE","timestamp":"2026-08-16T15:58:54.727633362Z","tipoEvento":"HEARTBEAT","bufferSize":0}
2026-08-16 17:59:04,732 INFO  [it.uni.reti2.HeartbeatGenerator] (vert.x-eventloop-thread-0) 💓 [HEARTBEAT] Invio heartbeat: {"stazioneId":"PA","stato":"ONLINE","timestamp":"2026-08-16T15:59:04.732101324Z","tipoEvento":"HEARTBEAT","bufferSize":0}
2026-08-16 17:59:14,727 INFO  [it.uni.reti2.HeartbeatGenerator] (vert.x-eventloop-thread-0) 💓 [HEARTBEAT] Invio heartbeat: {"stazioneId":"PA","stato":"ONLINE","timestamp":"2026-08-16T15:59:14.727228683Z","tipoEvento":"HEARTBEAT","bufferSize":0}
2026-08-16 17:59:24,727 INFO  [it.uni.reti2.HeartbeatGenerator] (vert.x-eventloop-thread-0) 💓 [HEARTBEAT] Invio heartbeat: {"stazioneId":"PA","stato":"ONLINE","timestamp":"2026-08-16T15:59:24.727678517Z","tipoEvento":"HEARTBEAT","bufferSize":0}
2026-08-16 17:59:34,733 INFO  [it.uni.reti2.HeartbeatGenerator] (vert.x-eventloop-thread-0) 💓 [HEARTBEAT] Invio heartbeat: {"stazioneId":"PA","stato":"ONLINE","timestamp":"2026-08-16T15:59:34.733297365Z","tipoEvento":"HEARTBEAT","bufferSize":0}
2026-08-16 17:59:44,729 INFO  [it.uni.reti2.HeartbeatGenerator] (vert.x-eventloop-thread-0) 💓 [HEARTBEAT] Invio heartbeat: {"stazioneId":"PA","stato":"ONLINE","timestamp":"2026-08-16T15:59:44.729282765Z","tipoEvento":"HEARTBEAT","bufferSize":0}
2026-08-16 17:59:54,728 INFO  [it.uni.reti2.HeartbeatGenerator] (vert.x-eventloop-thread-0) 💓 [HEARTBEAT] Invio heartbeat: {"stazioneId":"PA","stato":"ONLINE","timestamp":"2026-08-16T15:59:54.728603123Z","tipoEvento":"HEARTBEAT","bufferSize":0}
2026-08-16 18:00:04,734 INFO  [it.uni.reti2.HeartbeatGenerator] (vert.x-eventloop-thread-0) 💓 [HEARTBEAT] Invio heartbeat: {"stazioneId":"PA","stato":"ONLINE","timestamp":"2026-08-16T16:00:04.734177778Z","tipoEvento":"HEARTBEAT","bufferSize":0}
2026-08-16 18:00:14,730 INFO  [it.uni.reti2.HeartbeatGenerator] (vert.x-eventloop-thread-0) 💓 [HEARTBEAT] Invio heartbeat: {"stazioneId":"PA","stato":"ONLINE","timestamp":"2026-08-16T16:00:14.729985756Z","tipoEvento":"HEARTBEAT","bufferSize":0}
2026-08-16 18:00:24,726 INFO  [it.uni.reti2.HeartbeatGenerator] (vert.x-eventloop-thread-0) 💓 [HEARTBEAT] Invio heartbeat: {"stazioneId":"PA","stato":"ONLINE","timestamp":"2026-08-16T16:00:24.726166414Z","tipoEvento":"HEARTBEAT","bufferSize":0}
2026-08-16 18:00:34,725 INFO  [it.uni.reti2.HeartbeatGenerator] (vert.x-eventloop-thread-0) 💓 [HEARTBEAT] Invio heartbeat: {"stazioneId":"PA","stato":"ONLINE","timestamp":"2026-08-16T16:00:34.725601782Z","tipoEvento":"HEARTBEAT","bufferSize":0}
2026-08-16 18:00:44,730 INFO  [it.uni.reti2.HeartbeatGenerator] (vert.x-eventloop-thread-0) 💓 [HEARTBEAT] Invio heartbeat: {"stazioneId":"PA","stato":"ONLINE","timestamp":"2026-08-16T16:00:44.730005112Z","tipoEvento":"HEARTBEAT","bufferSize":0}
2026-08-16 18:00:54,728 INFO  [it.uni.reti2.HeartbeatGenerator] (vert.x-eventloop-thread-0) 💓 [HEARTBEAT] Invio heartbeat: {"stazioneId":"PA","stato":"ONLINE","timestamp":"2026-08-16T16:00:54.728031506Z","tipoEvento":"HEARTBEAT","bufferSize":0}
2026-08-16 18:01:04,727 INFO  [it.uni.reti2.HeartbeatGenerator] (vert.x-eventloop-thread-0) 💓 [HEARTBEAT] Invio heartbeat: {"stazioneId":"PA","stato":"ONLINE","timestamp":"2026-08-16T16:01:04.726974825Z","tipoEvento":"HEARTBEAT","bufferSize":0}
2026-08-16 18:01:14,729 INFO  [it.uni.reti2.HeartbeatGenerator] (vert.x-eventloop-thread-0) 💓 [HEARTBEAT] Invio heartbeat: {"stazioneId":"PA","stato":"ONLINE","timestamp":"2026-08-16T16:01:14.729212871Z","tipoEvento":"HEARTBEAT","bufferSize":0}
2026-08-16 18:01:24,730 INFO  [it.uni.reti2.HeartbeatGenerator] (vert.x-eventloop-thread-0) 💓 [HEARTBEAT] Invio heartbeat: {"stazioneId":"PA","stato":"ONLINE","timestamp":"2026-08-16T16:01:24.730054505Z","tipoEvento":"HEARTBEAT","bufferSize":0}
2026-08-16 18:01:34,726 INFO  [it.uni.reti2.HeartbeatGenerator] (vert.x-eventloop-thread-0) 💓 [HEARTBEAT] Invio heartbeat: {"stazioneId":"PA","stato":"ONLINE","timestamp":"2026-08-16T16:01:34.725986788Z","tipoEvento":"HEARTBEAT","bufferSize":0}
2026-08-16 18:01:44,725 INFO  [it.uni.reti2.HeartbeatGenerator] (vert.x-eventloop-thread-0) 💓 [HEARTBEAT] Invio heartbeat: {"stazioneId":"PA","stato":"ONLINE","timestamp":"2026-08-16T16:01:44.725808492Z","tipoEvento":"HEARTBEAT","bufferSize":0}
2026-08-16 18:01:54,730 INFO  [it.uni.reti2.HeartbeatGenerator] (vert.x-eventloop-thread-0) 💓 [HEARTBEAT] Invio heartbeat: {"stazioneId":"PA","stato":"ONLINE","timestamp":"2026-08-16T16:01:54.730092502Z","tipoEvento":"HEARTBEAT","bufferSize":0}
2026-08-16 18:02:04,727 INFO  [it.uni.reti2.HeartbeatGenerator] (vert.x-eventloop-thread-0) 💓 [HEARTBEAT] Invio heartbeat: {"stazioneId":"PA","stato":"ONLINE","timestamp":"2026-08-16T16:02:04.727808871Z","tipoEvento":"HEARTBEAT","bufferSize":0}
2026-08-16 18:02:14,728 INFO  [it.uni.reti2.HeartbeatGenerator] (vert.x-eventloop-thread-0) 💓 [HEARTBEAT] Invio heartbeat: {"stazioneId":"PA","stato":"ONLINE","timestamp":"2026-08-16T16:02:14.728705892Z","tipoEvento":"HEARTBEAT","bufferSize":0}
2026-08-16 18:02:24,733 INFO  [it.uni.reti2.HeartbeatGenerator] (vert.x-eventloop-thread-0) 💓 [HEARTBEAT] Invio heartbeat: {"stazioneId":"PA","stato":"ONLINE","timestamp":"2026-08-16T16:02:24.733195498Z","tipoEvento":"HEARTBEAT","bufferSize":0}
2026-08-16 18:02:34,729 INFO  [it.uni.reti2.HeartbeatGenerator] (vert.x-eventloop-thread-0) 💓 [HEARTBEAT] Invio heartbeat: {"stazioneId":"PA","stato":"ONLINE","timestamp":"2026-08-16T16:02:34.729596799Z","tipoEvento":"HEARTBEAT","bufferSize":0}
2026-08-16 18:02:44,726 INFO  [it.uni.reti2.HeartbeatGenerator] (vert.x-eventloop-thread-0) 💓 [HEARTBEAT] Invio heartbeat: {"stazioneId":"PA","stato":"ONLINE","timestamp":"2026-08-16T16:02:44.725935979Z","tipoEvento":"HEARTBEAT","bufferSize":0}
2026-08-16 18:02:54,726 INFO  [it.uni.reti2.HeartbeatGenerator] (vert.x-eventloop-thread-0) 💓 [HEARTBEAT] Invio heartbeat: {"stazioneId":"PA","stato":"ONLINE","timestamp":"2026-08-16T16:02:54.726149221Z","tipoEvento":"HEARTBEAT","bufferSize":0}
2026-08-16 18:03:04,727 INFO  [it.uni.reti2.HeartbeatGenerator] (vert.x-eventloop-thread-0) 💓 [HEARTBEAT] Invio heartbeat: {"stazioneId":"PA","stato":"ONLINE","timestamp":"2026-08-16T16:03:04.727762148Z","tipoEvento":"HEARTBEAT","bufferSize":0}
2026-08-16 18:03:14,726 INFO  [it.uni.reti2.HeartbeatGenerator] (vert.x-eventloop-thread-0) 💓 [HEARTBEAT] Invio heartbeat: {"stazioneId":"PA","stato":"ONLINE","timestamp":"2026-08-16T16:03:14.726630009Z","tipoEvento":"HEARTBEAT","bufferSize":0}
2026-08-16 18:03:24,726 INFO  [it.uni.reti2.HeartbeatGenerator] (vert.x-eventloop-thread-0) 💓 [HEARTBEAT] Invio heartbeat: {"stazioneId":"PA","stato":"ONLINE","timestamp":"2026-08-16T16:03:24.726716486Z","tipoEvento":"HEARTBEAT","bufferSize":0}
2026-08-16 18:03:34,731 INFO  [it.uni.reti2.HeartbeatGenerator] (vert.x-eventloop-thread-0) 💓 [HEARTBEAT] Invio heartbeat: {"stazioneId":"PA","stato":"ONLINE","timestamp":"2026-08-16T16:03:34.731656350Z","tipoEvento":"HEARTBEAT","bufferSize":0}
2026-08-16 18:03:44,728 INFO  [it.uni.reti2.HeartbeatGenerator] (vert.x-eventloop-thread-0) 💓 [HEARTBEAT] Invio heartbeat: {"stazioneId":"PA","stato":"ONLINE","timestamp":"2026-08-16T16:03:44.728648761Z","tipoEvento":"HEARTBEAT","bufferSize":0}
2026-08-16 18:03:54,729 INFO  [it.uni.reti2.HeartbeatGenerator] (vert.x-eventloop-thread-0) 💓 [HEARTBEAT] Invio heartbeat: {"stazioneId":"PA","stato":"ONLINE","timestamp":"2026-08-16T16:03:54.729257694Z","tipoEvento":"HEARTBEAT","bufferSize":0}
2026-08-16 18:04:04,734 INFO  [it.uni.reti2.HeartbeatGenerator] (vert.x-eventloop-thread-0) 💓 [HEARTBEAT] Invio heartbeat: {"stazioneId":"PA","stato":"ONLINE","timestamp":"2026-08-16T16:04:04.734607508Z","tipoEvento":"HEARTBEAT","bufferSize":0}
2026-08-16 18:04:14,728 INFO  [it.uni.reti2.HeartbeatGenerator] (vert.x-eventloop-thread-0) 💓 [HEARTBEAT] Invio heartbeat: {"stazioneId":"PA","stato":"ONLINE","timestamp":"2026-08-16T16:04:14.728925306Z","tipoEvento":"HEARTBEAT","bufferSize":0}
2026-08-16 18:04:24,728 INFO  [it.uni.reti2.HeartbeatGenerator] (vert.x-eventloop-thread-0) 💓 [HEARTBEAT] Invio heartbeat: {"stazioneId":"PA","stato":"ONLINE","timestamp":"2026-08-16T16:04:24.728580938Z","tipoEvento":"HEARTBEAT","bufferSize":0}
2026-08-16 18:04:34,734 INFO  [it.uni.reti2.HeartbeatGenerator] (vert.x-eventloop-thread-0) 💓 [HEARTBEAT] Invio heartbeat: {"stazioneId":"PA","stato":"ONLINE","timestamp":"2026-08-16T16:04:34.734208217Z","tipoEvento":"HEARTBEAT","bufferSize":0}
2026-08-16 18:04:44,725 INFO  [it.uni.reti2.HeartbeatGenerator] (vert.x-eventloop-thread-0) 💓 [HEARTBEAT] Invio heartbeat: {"stazioneId":"PA","stato":"ONLINE","timestamp":"2026-08-16T16:04:44.725929807Z","tipoEvento":"HEARTBEAT","bufferSize":0}
2026-08-16 18:04:54,726 INFO  [it.uni.reti2.HeartbeatGenerator] (vert.x-eventloop-thread-0) 💓 [HEARTBEAT] Invio heartbeat: {"stazioneId":"PA","stato":"ONLINE","timestamp":"2026-08-16T16:04:54.725925151Z","tipoEvento":"HEARTBEAT","bufferSize":0}
2026-08-16 18:05:04,727 INFO  [it.uni.reti2.HeartbeatGenerator] (vert.x-eventloop-thread-0) 💓 [HEARTBEAT] Invio heartbeat: {"stazioneId":"PA","stato":"ONLINE","timestamp":"2026-08-16T16:05:04.727307488Z","tipoEvento":"HEARTBEAT","bufferSize":0}
2026-08-16 18:05:14,730 INFO  [it.uni.reti2.HeartbeatGenerator] (vert.x-eventloop-thread-0) 💓 [HEARTBEAT] Invio heartbeat: {"stazioneId":"PA","stato":"ONLINE","timestamp":"2026-08-16T16:05:14.730097002Z","tipoEvento":"HEARTBEAT","bufferSize":0}
2026-08-16 18:05:24,726 INFO  [it.uni.reti2.HeartbeatGenerator] (vert.x-eventloop-thread-0) 💓 [HEARTBEAT] Invio heartbeat: {"stazioneId":"PA","stato":"ONLINE","timestamp":"2026-08-16T16:05:24.726589598Z","tipoEvento":"HEARTBEAT","bufferSize":0}
2026-08-16 18:05:34,726 INFO  [it.uni.reti2.HeartbeatGenerator] (vert.x-eventloop-thread-0) 💓 [HEARTBEAT] Invio heartbeat: {"stazioneId":"PA","stato":"ONLINE","timestamp":"2026-08-16T16:05:34.726818203Z","tipoEvento":"HEARTBEAT","bufferSize":0}
2026-08-16 18:05:44,730 INFO  [it.uni.reti2.HeartbeatGenerator] (vert.x-eventloop-thread-0) 💓 [HEARTBEAT] Invio heartbeat: {"stazioneId":"PA","stato":"ONLINE","timestamp":"2026-08-16T16:05:44.730004564Z","tipoEvento":"HEARTBEAT","bufferSize":0}
2026-08-16 18:05:54,728 INFO  [it.uni.reti2.HeartbeatGenerator] (vert.x-eventloop-thread-0) 💓 [HEARTBEAT] Invio heartbeat: {"stazioneId":"PA","stato":"ONLINE","timestamp":"2026-08-16T16:05:54.728054702Z","tipoEvento":"HEARTBEAT","bufferSize":0}
2026-08-16 18:06:04,729 INFO  [it.uni.reti2.HeartbeatGenerator] (vert.x-eventloop-thread-0) 💓 [HEARTBEAT] Invio heartbeat: {"stazioneId":"PA","stato":"ONLINE","timestamp":"2026-08-16T16:06:04.729757850Z","tipoEvento":"HEARTBEAT","bufferSize":0}
2026-08-16 18:06:14,729 INFO  [it.uni.reti2.HeartbeatGenerator] (vert.x-eventloop-thread-0) 💓 [HEARTBEAT] Invio heartbeat: {"stazioneId":"PA","stato":"ONLINE","timestamp":"2026-08-16T16:06:14.729663834Z","tipoEvento":"HEARTBEAT","bufferSize":0}
2026-08-16 18:06:24,728 INFO  [it.uni.reti2.HeartbeatGenerator] (vert.x-eventloop-thread-0) 💓 [HEARTBEAT] Invio heartbeat: {"stazioneId":"PA","stato":"ONLINE","timestamp":"2026-08-16T16:06:24.728074731Z","tipoEvento":"HEARTBEAT","bufferSize":0}
2026-08-16 18:06:34,730 INFO  [it.uni.reti2.HeartbeatGenerator] (vert.x-eventloop-thread-0) 💓 [HEARTBEAT] Invio heartbeat: {"stazioneId":"PA","stato":"ONLINE","timestamp":"2026-08-16T16:06:34.729971864Z","tipoEvento":"HEARTBEAT","bufferSize":0}
2026-08-16 18:06:44,726 INFO  [it.uni.reti2.HeartbeatGenerator] (vert.x-eventloop-thread-0) 💓 [HEARTBEAT] Invio heartbeat: {"stazioneId":"PA","stato":"ONLINE","timestamp":"2026-08-16T16:06:44.725980206Z","tipoEvento":"HEARTBEAT","bufferSize":0}
2026-08-16 18:06:54,728 INFO  [it.uni.reti2.HeartbeatGenerator] (vert.x-eventloop-thread-0) 💓 [HEARTBEAT] Invio heartbeat: {"stazioneId":"PA","stato":"ONLINE","timestamp":"2026-08-16T16:06:54.728683926Z","tipoEvento":"HEARTBEAT","bufferSize":0}
2026-08-16 18:07:04,726 INFO  [it.uni.reti2.HeartbeatGenerator] (vert.x-eventloop-thread-0) 💓 [HEARTBEAT] Invio heartbeat: {"stazioneId":"PA","stato":"ONLINE","timestamp":"2026-08-16T16:07:04.726256453Z","tipoEvento":"HEARTBEAT","bufferSize":0}
2026-08-16 18:07:14,725 INFO  [it.uni.reti2.HeartbeatGenerator] (vert.x-eventloop-thread-0) 💓 [HEARTBEAT] Invio heartbeat: {"stazioneId":"PA","stato":"ONLINE","timestamp":"2026-08-16T16:07:14.725650834Z","tipoEvento":"HEARTBEAT","bufferSize":0}
2026-08-16 18:07:24,730 INFO  [it.uni.reti2.HeartbeatGenerator] (vert.x-eventloop-thread-0) 💓 [HEARTBEAT] Invio heartbeat: {"stazioneId":"PA","stato":"ONLINE","timestamp":"2026-08-16T16:07:24.730692907Z","tipoEvento":"HEARTBEAT","bufferSize":0}
2026-08-16 18:07:34,725 INFO  [it.uni.reti2.HeartbeatGenerator] (vert.x-eventloop-thread-0) 💓 [HEARTBEAT] Invio heartbeat: {"stazioneId":"PA","stato":"ONLINE","timestamp":"2026-08-16T16:07:34.725922921Z","tipoEvento":"HEARTBEAT","bufferSize":0}
2026-08-16 18:07:44,725 INFO  [it.uni.reti2.HeartbeatGenerator] (vert.x-eventloop-thread-0) 💓 [HEARTBEAT] Invio heartbeat: {"stazioneId":"PA","stato":"ONLINE","timestamp":"2026-08-16T16:07:44.725910756Z","tipoEvento":"HEARTBEAT","bufferSize":0}
2026-08-16 18:07:54,731 INFO  [it.uni.reti2.HeartbeatGenerator] (vert.x-eventloop-thread-0) 💓 [HEARTBEAT] Invio heartbeat: {"stazioneId":"PA","stato":"ONLINE","timestamp":"2026-08-16T16:07:54.731644458Z","tipoEvento":"HEARTBEAT","bufferSize":0}
2026-08-16 18:08:04,726 INFO  [it.uni.reti2.HeartbeatGenerator] (vert.x-eventloop-thread-0) 💓 [HEARTBEAT] Invio heartbeat: {"stazioneId":"PA","stato":"ONLINE","timestamp":"2026-08-16T16:08:04.726657438Z","tipoEvento":"HEARTBEAT","bufferSize":0}
2026-08-16 18:08:14,726 INFO  [it.uni.reti2.HeartbeatGenerator] (vert.x-eventloop-thread-0) 💓 [HEARTBEAT] Invio heartbeat: {"stazioneId":"PA","stato":"ONLINE","timestamp":"2026-08-16T16:08:14.726872514Z","tipoEvento":"HEARTBEAT","bufferSize":0}
2026-08-16 18:08:24,730 INFO  [it.uni.reti2.HeartbeatGenerator] (vert.x-eventloop-thread-0) 💓 [HEARTBEAT] Invio heartbeat: {"stazioneId":"PA","stato":"ONLINE","timestamp":"2026-08-16T16:08:24.730235689Z","tipoEvento":"HEARTBEAT","bufferSize":0}
2026-08-16 18:08:34,728 INFO  [it.uni.reti2.HeartbeatGenerator] (vert.x-eventloop-thread-0) 💓 [HEARTBEAT] Invio heartbeat: {"stazioneId":"PA","stato":"ONLINE","timestamp":"2026-08-16T16:08:34.728220278Z","tipoEvento":"HEARTBEAT","bufferSize":0}
2026-08-16 18:08:44,727 INFO  [it.uni.reti2.HeartbeatGenerator] (vert.x-eventloop-thread-0) 💓 [HEARTBEAT] Invio heartbeat: {"stazioneId":"PA","stato":"ONLINE","timestamp":"2026-08-16T16:08:44.727646034Z","tipoEvento":"HEARTBEAT","bufferSize":0}
2026-08-16 18:08:54,734 INFO  [it.uni.reti2.HeartbeatGenerator] (vert.x-eventloop-thread-0) 💓 [HEARTBEAT] Invio heartbeat: {"stazioneId":"PA","stato":"ONLINE","timestamp":"2026-08-16T16:08:54.734189329Z","tipoEvento":"HEARTBEAT","bufferSize":0}
2026-08-16 18:09:04,728 INFO  [it.uni.reti2.HeartbeatGenerator] (vert.x-eventloop-thread-0) 💓 [HEARTBEAT] Invio heartbeat: {"stazioneId":"PA","stato":"ONLINE","timestamp":"2026-08-16T16:09:04.728647861Z","tipoEvento":"HEARTBEAT","bufferSize":0}
2026-08-16 18:09:14,728 INFO  [it.uni.reti2.HeartbeatGenerator] (vert.x-eventloop-thread-0) 💓 [HEARTBEAT] Invio heartbeat: {"stazioneId":"PA","stato":"ONLINE","timestamp":"2026-08-16T16:09:14.728822895Z","tipoEvento":"HEARTBEAT","bufferSize":0}
2026-08-16 18:09:24,729 INFO  [it.uni.reti2.HeartbeatGenerator] (vert.x-eventloop-thread-0) 💓 [HEARTBEAT] Invio heartbeat: {"stazioneId":"PA","stato":"ONLINE","timestamp":"2026-08-16T16:09:24.729623466Z","tipoEvento":"HEARTBEAT","bufferSize":0}
2026-08-16 18:09:34,729 INFO  [it.uni.reti2.HeartbeatGenerator] (vert.x-eventloop-thread-0) 💓 [HEARTBEAT] Invio heartbeat: {"stazioneId":"PA","stato":"ONLINE","timestamp":"2026-08-16T16:09:34.728941605Z","tipoEvento":"HEARTBEAT","bufferSize":0}
2026-08-16 18:09:44,728 INFO  [it.uni.reti2.HeartbeatGenerator] (vert.x-eventloop-thread-0) 💓 [HEARTBEAT] Invio heartbeat: {"stazioneId":"PA","stato":"ONLINE","timestamp":"2026-08-16T16:09:44.728505314Z","tipoEvento":"HEARTBEAT","bufferSize":0}
2026-08-16 18:09:54,734 INFO  [it.uni.reti2.HeartbeatGenerator] (vert.x-eventloop-thread-0) 💓 [HEARTBEAT] Invio heartbeat: {"stazioneId":"PA","stato":"ONLINE","timestamp":"2026-08-16T16:09:54.734809521Z","tipoEvento":"HEARTBEAT","bufferSize":0}
2026-08-16 18:10:04,733 INFO  [it.uni.reti2.HeartbeatGenerator] (vert.x-eventloop-thread-0) 💓 [HEARTBEAT] Invio heartbeat: {"stazioneId":"PA","stato":"ONLINE","timestamp":"2026-08-16T16:10:04.729658260Z","tipoEvento":"HEARTBEAT","bufferSize":0}
2026-08-16 18:10:14,725 INFO  [it.uni.reti2.HeartbeatGenerator] (vert.x-eventloop-thread-0) 💓 [HEARTBEAT] Invio heartbeat: {"stazioneId":"PA","stato":"ONLINE","timestamp":"2026-08-16T16:10:14.725440553Z","tipoEvento":"HEARTBEAT","bufferSize":0}
2026-08-16 18:10:24,726 INFO  [it.uni.reti2.HeartbeatGenerator] (vert.x-eventloop-thread-0) 💓 [HEARTBEAT] Invio heartbeat: {"stazioneId":"PA","stato":"ONLINE","timestamp":"2026-08-16T16:10:24.725965799Z","tipoEvento":"HEARTBEAT","bufferSize":0}
2026-08-16 18:10:34,731 INFO  [it.uni.reti2.HeartbeatGenerator] (vert.x-eventloop-thread-0) 💓 [HEARTBEAT] Invio heartbeat: {"stazioneId":"PA","stato":"ONLINE","timestamp":"2026-08-16T16:10:34.731841224Z","tipoEvento":"HEARTBEAT","bufferSize":0}
2026-08-16 18:10:44,728 INFO  [it.uni.reti2.HeartbeatGenerator] (vert.x-eventloop-thread-0) 💓 [HEARTBEAT] Invio heartbeat: {"stazioneId":"PA","stato":"ONLINE","timestamp":"2026-08-16T16:10:44.728338642Z","tipoEvento":"HEARTBEAT","bufferSize":0}
2026-08-16 18:10:54,728 INFO  [it.uni.reti2.HeartbeatGenerator] (vert.x-eventloop-thread-0) 💓 [HEARTBEAT] Invio heartbeat: {"stazioneId":"PA","stato":"ONLINE","timestamp":"2026-08-16T16:10:54.728237401Z","tipoEvento":"HEARTBEAT","bufferSize":0}
2026-08-16 18:11:04,733 INFO  [it.uni.reti2.HeartbeatGenerator] (vert.x-eventloop-thread-0) 💓 [HEARTBEAT] Invio heartbeat: {"stazioneId":"PA","stato":"ONLINE","timestamp":"2026-08-16T16:11:04.733656294Z","tipoEvento":"HEARTBEAT","bufferSize":0}
2026-08-16 18:11:14,728 INFO  [it.uni.reti2.HeartbeatGenerator] (vert.x-eventloop-thread-0) 💓 [HEARTBEAT] Invio heartbeat: {"stazioneId":"PA","stato":"ONLINE","timestamp":"2026-08-16T16:11:14.728652122Z","tipoEvento":"HEARTBEAT","bufferSize":0}
2026-08-16 18:11:24,729 INFO  [it.uni.reti2.HeartbeatGenerator] (vert.x-eventloop-thread-0) 💓 [HEARTBEAT] Invio heartbeat: {"stazioneId":"PA","stato":"ONLINE","timestamp":"2026-08-16T16:11:24.729633937Z","tipoEvento":"HEARTBEAT","bufferSize":0}
2026-08-16 18:11:34,727 INFO  [it.uni.reti2.HeartbeatGenerator] (vert.x-eventloop-thread-0) 💓 [HEARTBEAT] Invio heartbeat: {"stazioneId":"PA","stato":"ONLINE","timestamp":"2026-08-16T16:11:34.727140417Z","tipoEvento":"HEARTBEAT","bufferSize":0}
2026-08-16 18:11:44,729 INFO  [it.uni.reti2.HeartbeatGenerator] (vert.x-eventloop-thread-0) 💓 [HEARTBEAT] Invio heartbeat: {"stazioneId":"PA","stato":"ONLINE","timestamp":"2026-08-16T16:11:44.729214364Z","tipoEvento":"HEARTBEAT","bufferSize":0}
2026-08-16 18:11:54,726 INFO  [it.uni.reti2.HeartbeatGenerator] (vert.x-eventloop-thread-0) 💓 [HEARTBEAT] Invio heartbeat: {"stazioneId":"PA","stato":"ONLINE","timestamp":"2026-08-16T16:11:54.726585555Z","tipoEvento":"HEARTBEAT","bufferSize":0}
2026-08-16 18:12:04,728 INFO  [it.uni.reti2.HeartbeatGenerator] (vert.x-eventloop-thread-0) 💓 [HEARTBEAT] Invio heartbeat: {"stazioneId":"PA","stato":"ONLINE","timestamp":"2026-08-16T16:12:04.727079870Z","tipoEvento":"HEARTBEAT","bufferSize":0}
2026-08-16 18:12:14,729 INFO  [it.uni.reti2.HeartbeatGenerator] (vert.x-eventloop-thread-0) 💓 [HEARTBEAT] Invio heartbeat: {"stazioneId":"PA","stato":"ONLINE","timestamp":"2026-08-16T16:12:14.729952125Z","tipoEvento":"HEARTBEAT","bufferSize":0}
2026-08-16 18:12:24,728 INFO  [it.uni.reti2.HeartbeatGenerator] (vert.x-eventloop-thread-0) 💓 [HEARTBEAT] Invio heartbeat: {"stazioneId":"PA","stato":"ONLINE","timestamp":"2026-08-16T16:12:24.728391671Z","tipoEvento":"HEARTBEAT","bufferSize":0}
2026-08-16 18:12:34,729 INFO  [it.uni.reti2.HeartbeatGenerator] (vert.x-eventloop-thread-0) 💓 [HEARTBEAT] Invio heartbeat: {"stazioneId":"PA","stato":"ONLINE","timestamp":"2026-08-16T16:12:34.729263194Z","tipoEvento":"HEARTBEAT","bufferSize":0}
2026-08-16 18:12:44,729 INFO  [it.uni.reti2.HeartbeatGenerator] (vert.x-eventloop-thread-0) 💓 [HEARTBEAT] Invio heartbeat: {"stazioneId":"PA","stato":"ONLINE","timestamp":"2026-08-16T16:12:44.729793103Z","tipoEvento":"HEARTBEAT","bufferSize":0}
2026-08-16 18:12:54,729 INFO  [it.uni.reti2.HeartbeatGenerator] (vert.x-eventloop-thread-0) 💓 [HEARTBEAT] Invio heartbeat: {"stazioneId":"PA","stato":"ONLINE","timestamp":"2026-08-16T16:12:54.729220236Z","tipoEvento":"HEARTBEAT","bufferSize":0}
2026-08-16 18:13:04,725 INFO  [it.uni.reti2.HeartbeatGenerator] (vert.x-eventloop-thread-0) 💓 [HEARTBEAT] Invio heartbeat: {"stazioneId":"PA","stato":"ONLINE","timestamp":"2026-08-16T16:13:04.725795224Z","tipoEvento":"HEARTBEAT","bufferSize":0}
2026-08-16 18:13:14,730 INFO  [it.uni.reti2.HeartbeatGenerator] (vert.x-eventloop-thread-0) 💓 [HEARTBEAT] Invio heartbeat: {"stazioneId":"PA","stato":"ONLINE","timestamp":"2026-08-16T16:13:14.730046096Z","tipoEvento":"HEARTBEAT","bufferSize":0}
2026-08-16 18:13:24,729 INFO  [it.uni.reti2.HeartbeatGenerator] (vert.x-eventloop-thread-0) 💓 [HEARTBEAT] Invio heartbeat: {"stazioneId":"PA","stato":"ONLINE","timestamp":"2026-08-16T16:13:24.729785367Z","tipoEvento":"HEARTBEAT","bufferSize":0}
2026-08-16 18:13:34,726 INFO  [it.uni.reti2.HeartbeatGenerator] (vert.x-eventloop-thread-0) 💓 [HEARTBEAT] Invio heartbeat: {"stazioneId":"PA","stato":"ONLINE","timestamp":"2026-08-16T16:13:34.726040550Z","tipoEvento":"HEARTBEAT","bufferSize":0}
2026-08-16 18:13:44,726 INFO  [it.uni.reti2.HeartbeatGenerator] (vert.x-eventloop-thread-0) 💓 [HEARTBEAT] Invio heartbeat: {"stazioneId":"PA","stato":"ONLINE","timestamp":"2026-08-16T16:13:44.726214101Z","tipoEvento":"HEARTBEAT","bufferSize":0}
2026-08-16 18:13:54,730 INFO  [it.uni.reti2.HeartbeatGenerator] (vert.x-eventloop-thread-0) 💓 [HEARTBEAT] Invio heartbeat: {"stazioneId":"PA","stato":"ONLINE","timestamp":"2026-08-16T16:13:54.730636404Z","tipoEvento":"HEARTBEAT","bufferSize":0}
2026-08-16 18:14:04,727 INFO  [it.uni.reti2.HeartbeatGenerator] (vert.x-eventloop-thread-0) 💓 [HEARTBEAT] Invio heartbeat: {"stazioneId":"PA","stato":"ONLINE","timestamp":"2026-08-16T16:14:04.727278191Z","tipoEvento":"HEARTBEAT","bufferSize":0}
2026-08-16 18:14:14,728 INFO  [it.uni.reti2.HeartbeatGenerator] (vert.x-eventloop-thread-0) 💓 [HEARTBEAT] Invio heartbeat: {"stazioneId":"PA","stato":"ONLINE","timestamp":"2026-08-16T16:14:14.728307962Z","tipoEvento":"HEARTBEAT","bufferSize":0}
2026-08-16 18:14:24,733 INFO  [it.uni.reti2.HeartbeatGenerator] (vert.x-eventloop-thread-0) 💓 [HEARTBEAT] Invio heartbeat: {"stazioneId":"PA","stato":"ONLINE","timestamp":"2026-08-16T16:14:24.732986296Z","tipoEvento":"HEARTBEAT","bufferSize":0}
2026-08-16 18:14:34,729 INFO  [it.uni.reti2.HeartbeatGenerator] (vert.x-eventloop-thread-0) 💓 [HEARTBEAT] Invio heartbeat: {"stazioneId":"PA","stato":"ONLINE","timestamp":"2026-08-16T16:14:34.729487125Z","tipoEvento":"HEARTBEAT","bufferSize":0}
2026-08-16 18:14:44,728 INFO  [it.uni.reti2.HeartbeatGenerator] (vert.x-eventloop-thread-0) 💓 [HEARTBEAT] Invio heartbeat: {"stazioneId":"PA","stato":"ONLINE","timestamp":"2026-08-16T16:14:44.728675120Z","tipoEvento":"HEARTBEAT","bufferSize":0}
2026-08-16 18:14:54,734 INFO  [it.uni.reti2.HeartbeatGenerator] (vert.x-eventloop-thread-0) 💓 [HEARTBEAT] Invio heartbeat: {"stazioneId":"PA","stato":"ONLINE","timestamp":"2026-08-16T16:14:54.734838689Z","tipoEvento":"HEARTBEAT","bufferSize":0}
2026-08-16 18:15:04,731 INFO  [it.uni.reti2.HeartbeatGenerator] (vert.x-eventloop-thread-0) 💓 [HEARTBEAT] Invio heartbeat: {"stazioneId":"PA","stato":"ONLINE","timestamp":"2026-08-16T16:15:04.731122196Z","tipoEvento":"HEARTBEAT","bufferSize":0}
2026-08-16 18:15:14,725 INFO  [it.uni.reti2.HeartbeatGenerator] (vert.x-eventloop-thread-0) 💓 [HEARTBEAT] Invio heartbeat: {"stazioneId":"PA","stato":"ONLINE","timestamp":"2026-08-16T16:15:14.725683453Z","tipoEvento":"HEARTBEAT","bufferSize":0}
2026-08-16 18:15:24,725 INFO  [it.uni.reti2.HeartbeatGenerator] (vert.x-eventloop-thread-0) 💓 [HEARTBEAT] Invio heartbeat: {"stazioneId":"PA","stato":"ONLINE","timestamp":"2026-08-16T16:15:24.725506662Z","tipoEvento":"HEARTBEAT","bufferSize":0}
2026-08-16 18:15:34,820 INFO  [it.uni.reti2.HeartbeatGenerator] (vert.x-eventloop-thread-0) 💓 [HEARTBEAT] Invio heartbeat: {"stazioneId":"PA","stato":"ONLINE","timestamp":"2026-08-16T16:15:34.729647491Z","tipoEvento":"HEARTBEAT","bufferSize":0}
2026-08-16 18:15:44,726 INFO  [it.uni.reti2.HeartbeatGenerator] (vert.x-eventloop-thread-0) 💓 [HEARTBEAT] Invio heartbeat: {"stazioneId":"PA","stato":"ONLINE","timestamp":"2026-08-16T16:15:44.726829369Z","tipoEvento":"HEARTBEAT","bufferSize":0}
2026-08-16 18:15:54,725 INFO  [it.uni.reti2.HeartbeatGenerator] (vert.x-eventloop-thread-0) 💓 [HEARTBEAT] Invio heartbeat: {"stazioneId":"PA","stato":"ONLINE","timestamp":"2026-08-16T16:15:54.725712262Z","tipoEvento":"HEARTBEAT","bufferSize":0}
2026-08-16 18:16:04,731 INFO  [it.uni.reti2.HeartbeatGenerator] (vert.x-eventloop-thread-0) 💓 [HEARTBEAT] Invio heartbeat: {"stazioneId":"PA","stato":"ONLINE","timestamp":"2026-08-16T16:16:04.731624292Z","tipoEvento":"HEARTBEAT","bufferSize":0}
2026-08-16 18:16:14,726 INFO  [it.uni.reti2.HeartbeatGenerator] (vert.x-eventloop-thread-0) 💓 [HEARTBEAT] Invio heartbeat: {"stazioneId":"PA","stato":"ONLINE","timestamp":"2026-08-16T16:16:14.726668756Z","tipoEvento":"HEARTBEAT","bufferSize":0}
2026-08-16 18:16:24,726 INFO  [it.uni.reti2.HeartbeatGenerator] (vert.x-eventloop-thread-0) 💓 [HEARTBEAT] Invio heartbeat: {"stazioneId":"PA","stato":"ONLINE","timestamp":"2026-08-16T16:16:24.726767337Z","tipoEvento":"HEARTBEAT","bufferSize":0}
2026-08-16 18:16:34,732 INFO  [it.uni.reti2.HeartbeatGenerator] (vert.x-eventloop-thread-0) 💓 [HEARTBEAT] Invio heartbeat: {"stazioneId":"PA","stato":"ONLINE","timestamp":"2026-08-16T16:16:34.732657860Z","tipoEvento":"HEARTBEAT","bufferSize":0}
2026-08-16 18:16:44,728 INFO  [it.uni.reti2.HeartbeatGenerator] (vert.x-eventloop-thread-0) 💓 [HEARTBEAT] Invio heartbeat: {"stazioneId":"PA","stato":"ONLINE","timestamp":"2026-08-16T16:16:44.728662649Z","tipoEvento":"HEARTBEAT","bufferSize":0}
2026-08-16 18:16:54,728 INFO  [it.uni.reti2.HeartbeatGenerator] (vert.x-eventloop-thread-0) 💓 [HEARTBEAT] Invio heartbeat: {"stazioneId":"PA","stato":"ONLINE","timestamp":"2026-08-16T16:16:54.728599171Z","tipoEvento":"HEARTBEAT","bufferSize":0}
2026-08-16 18:17:04,732 INFO  [it.uni.reti2.HeartbeatGenerator] (vert.x-eventloop-thread-0) 💓 [HEARTBEAT] Invio heartbeat: {"stazioneId":"PA","stato":"ONLINE","timestamp":"2026-08-16T16:17:04.732206632Z","tipoEvento":"HEARTBEAT","bufferSize":0}
2026-08-16 18:17:14,729 INFO  [it.uni.reti2.HeartbeatGenerator] (vert.x-eventloop-thread-0) 💓 [HEARTBEAT] Invio heartbeat: {"stazioneId":"PA","stato":"ONLINE","timestamp":"2026-08-16T16:17:14.729631297Z","tipoEvento":"HEARTBEAT","bufferSize":0}
2026-08-16 18:17:24,729 INFO  [it.uni.reti2.HeartbeatGenerator] (vert.x-eventloop-thread-0) 💓 [HEARTBEAT] Invio heartbeat: {"stazioneId":"PA","stato":"ONLINE","timestamp":"2026-08-16T16:17:24.729661671Z","tipoEvento":"HEARTBEAT","bufferSize":0}
2026-08-16 18:17:34,734 INFO  [it.uni.reti2.HeartbeatGenerator] (vert.x-eventloop-thread-0) 💓 [HEARTBEAT] Invio heartbeat: {"stazioneId":"PA","stato":"ONLINE","timestamp":"2026-08-16T16:17:34.734635225Z","tipoEvento":"HEARTBEAT","bufferSize":0}
2026-08-16 18:17:44,729 INFO  [it.uni.reti2.HeartbeatGenerator] (vert.x-eventloop-thread-0) 💓 [HEARTBEAT] Invio heartbeat: {"stazioneId":"PA","stato":"ONLINE","timestamp":"2026-08-16T16:17:44.729001069Z","tipoEvento":"HEARTBEAT","bufferSize":0}
2026-08-16 18:17:54,727 INFO  [it.uni.reti2.HeartbeatGenerator] (vert.x-eventloop-thread-0) 💓 [HEARTBEAT] Invio heartbeat: {"stazioneId":"PA","stato":"ONLINE","timestamp":"2026-08-16T16:17:54.726946186Z","tipoEvento":"HEARTBEAT","bufferSize":0}
2026-08-16 18:18:04,726 INFO  [it.uni.reti2.HeartbeatGenerator] (vert.x-eventloop-thread-0) 💓 [HEARTBEAT] Invio heartbeat: {"stazioneId":"PA","stato":"ONLINE","timestamp":"2026-08-16T16:18:04.726644142Z","tipoEvento":"HEARTBEAT","bufferSize":0}
2026-08-16 18:18:14,729 INFO  [it.uni.reti2.HeartbeatGenerator] (vert.x-eventloop-thread-0) 💓 [HEARTBEAT] Invio heartbeat: {"stazioneId":"PA","stato":"ONLINE","timestamp":"2026-08-16T16:18:14.729507129Z","tipoEvento":"HEARTBEAT","bufferSize":0}
2026-08-16 18:18:24,727 INFO  [it.uni.reti2.HeartbeatGenerator] (vert.x-eventloop-thread-0) 💓 [HEARTBEAT] Invio heartbeat: {"stazioneId":"PA","stato":"ONLINE","timestamp":"2026-08-16T16:18:24.727615558Z","tipoEvento":"HEARTBEAT","bufferSize":0}
2026-08-16 18:18:34,727 INFO  [it.uni.reti2.HeartbeatGenerator] (vert.x-eventloop-thread-0) 💓 [HEARTBEAT] Invio heartbeat: {"stazioneId":"PA","stato":"ONLINE","timestamp":"2026-08-16T16:18:34.727825957Z","tipoEvento":"HEARTBEAT","bufferSize":0}
2026-08-16 18:18:44,728 INFO  [it.uni.reti2.HeartbeatGenerator] (vert.x-eventloop-thread-0) 💓 [HEARTBEAT] Invio heartbeat: {"stazioneId":"PA","stato":"ONLINE","timestamp":"2026-08-16T16:18:44.728621991Z","tipoEvento":"HEARTBEAT","bufferSize":0}
2026-08-16 18:18:54,727 INFO  [it.uni.reti2.HeartbeatGenerator] (vert.x-eventloop-thread-0) 💓 [HEARTBEAT] Invio heartbeat: {"stazioneId":"PA","stato":"ONLINE","timestamp":"2026-08-16T16:18:54.727945365Z","tipoEvento":"HEARTBEAT","bufferSize":0}
2026-08-16 18:19:04,732 INFO  [it.uni.reti2.HeartbeatGenerator] (vert.x-eventloop-thread-0) 💓 [HEARTBEAT] Invio heartbeat: {"stazioneId":"PA","stato":"ONLINE","timestamp":"2026-08-16T16:19:04.727671015Z","tipoEvento":"HEARTBEAT","bufferSize":0}
2026-08-16 18:19:14,730 INFO  [it.uni.reti2.HeartbeatGenerator] (vert.x-eventloop-thread-0) 💓 [HEARTBEAT] Invio heartbeat: {"stazioneId":"PA","stato":"ONLINE","timestamp":"2026-08-16T16:19:14.730215097Z","tipoEvento":"HEARTBEAT","bufferSize":0}
2026-08-16 18:19:24,729 INFO  [it.uni.reti2.HeartbeatGenerator] (vert.x-eventloop-thread-0) 💓 [HEARTBEAT] Invio heartbeat: {"stazioneId":"PA","stato":"ONLINE","timestamp":"2026-08-16T16:19:24.729053445Z","tipoEvento":"HEARTBEAT","bufferSize":0}
2026-08-16 18:19:34,726 INFO  [it.uni.reti2.HeartbeatGenerator] (vert.x-eventloop-thread-0) 💓 [HEARTBEAT] Invio heartbeat: {"stazioneId":"PA","stato":"ONLINE","timestamp":"2026-08-16T16:19:34.726031188Z","tipoEvento":"HEARTBEAT","bufferSize":0}
2026-08-16 18:19:44,729 INFO  [it.uni.reti2.HeartbeatGenerator] (vert.x-eventloop-thread-0) 💓 [HEARTBEAT] Invio heartbeat: {"stazioneId":"PA","stato":"ONLINE","timestamp":"2026-08-16T16:19:44.729103176Z","tipoEvento":"HEARTBEAT","bufferSize":0}
2026-08-16 18:19:54,730 INFO  [it.uni.reti2.HeartbeatGenerator] (vert.x-eventloop-thread-0) 💓 [HEARTBEAT] Invio heartbeat: {"stazioneId":"PA","stato":"ONLINE","timestamp":"2026-08-16T16:19:54.730078315Z","tipoEvento":"HEARTBEAT","bufferSize":0}
2026-08-16 18:20:04,728 INFO  [it.uni.reti2.HeartbeatGenerator] (vert.x-eventloop-thread-0) 💓 [HEARTBEAT] Invio heartbeat: {"stazioneId":"PA","stato":"ONLINE","timestamp":"2026-08-16T16:20:04.728874046Z","tipoEvento":"HEARTBEAT","bufferSize":0}
2026-08-16 18:20:14,730 INFO  [it.uni.reti2.HeartbeatGenerator] (vert.x-eventloop-thread-0) 💓 [HEARTBEAT] Invio heartbeat: {"stazioneId":"PA","stato":"ONLINE","timestamp":"2026-08-16T16:20:14.730312237Z","tipoEvento":"HEARTBEAT","bufferSize":0}
2026-08-16 18:20:24,729 INFO  [it.uni.reti2.HeartbeatGenerator] (vert.x-eventloop-thread-0) 💓 [HEARTBEAT] Invio heartbeat: {"stazioneId":"PA","stato":"ONLINE","timestamp":"2026-08-16T16:20:24.729330840Z","tipoEvento":"HEARTBEAT","bufferSize":0}
2026-08-16 18:20:34,734 INFO  [it.uni.reti2.HeartbeatGenerator] (vert.x-eventloop-thread-0) 💓 [HEARTBEAT] Invio heartbeat: {"stazioneId":"PA","stato":"ONLINE","timestamp":"2026-08-16T16:20:34.734222599Z","tipoEvento":"HEARTBEAT","bufferSize":0}
2026-08-16 18:20:44,729 INFO  [it.uni.reti2.HeartbeatGenerator] (vert.x-eventloop-thread-0) 💓 [HEARTBEAT] Invio heartbeat: {"stazioneId":"PA","stato":"ONLINE","timestamp":"2026-08-16T16:20:44.729403114Z","tipoEvento":"HEARTBEAT","bufferSize":0}
2026-08-16 18:20:54,730 INFO  [it.uni.reti2.HeartbeatGenerator] (vert.x-eventloop-thread-0) 💓 [HEARTBEAT] Invio heartbeat: {"stazioneId":"PA","stato":"ONLINE","timestamp":"2026-08-16T16:20:54.730631286Z","tipoEvento":"HEARTBEAT","bufferSize":0}
2026-08-16 18:21:04,726 INFO  [it.uni.reti2.HeartbeatGenerator] (vert.x-eventloop-thread-0) 💓 [HEARTBEAT] Invio heartbeat: {"stazioneId":"PA","stato":"ONLINE","timestamp":"2026-08-16T16:21:04.726635791Z","tipoEvento":"HEARTBEAT","bufferSize":0}
2026-08-16 18:21:14,726 INFO  [it.uni.reti2.HeartbeatGenerator] (vert.x-eventloop-thread-0) 💓 [HEARTBEAT] Invio heartbeat: {"stazioneId":"PA","stato":"ONLINE","timestamp":"2026-08-16T16:21:14.726688348Z","tipoEvento":"HEARTBEAT","bufferSize":0}
2026-08-16 18:21:24,731 INFO  [it.uni.reti2.HeartbeatGenerator] (vert.x-eventloop-thread-0) 💓 [HEARTBEAT] Invio heartbeat: {"stazioneId":"PA","stato":"ONLINE","timestamp":"2026-08-16T16:21:24.731662732Z","tipoEvento":"HEARTBEAT","bufferSize":0}
2026-08-16 18:21:34,729 INFO  [it.uni.reti2.HeartbeatGenerator] (vert.x-eventloop-thread-0) 💓 [HEARTBEAT] Invio heartbeat: {"stazioneId":"PA","stato":"ONLINE","timestamp":"2026-08-16T16:21:34.729048334Z","tipoEvento":"HEARTBEAT","bufferSize":0}
2026-08-16 18:21:44,728 INFO  [it.uni.reti2.HeartbeatGenerator] (vert.x-eventloop-thread-0) 💓 [HEARTBEAT] Invio heartbeat: {"stazioneId":"PA","stato":"ONLINE","timestamp":"2026-08-16T16:21:44.728841279Z","tipoEvento":"HEARTBEAT","bufferSize":0}
2026-08-16 18:21:54,733 INFO  [it.uni.reti2.HeartbeatGenerator] (vert.x-eventloop-thread-0) 💓 [HEARTBEAT] Invio heartbeat: {"stazioneId":"PA","stato":"ONLINE","timestamp":"2026-08-16T16:21:54.733644585Z","tipoEvento":"HEARTBEAT","bufferSize":0}
2026-08-16 18:22:04,730 INFO  [it.uni.reti2.HeartbeatGenerator] (vert.x-eventloop-thread-0) 💓 [HEARTBEAT] Invio heartbeat: {"stazioneId":"PA","stato":"ONLINE","timestamp":"2026-08-16T16:22:04.730656222Z","tipoEvento":"HEARTBEAT","bufferSize":0}
2026-08-16 18:22:14,725 INFO  [it.uni.reti2.HeartbeatGenerator] (vert.x-eventloop-thread-0) 💓 [HEARTBEAT] Invio heartbeat: {"stazioneId":"PA","stato":"ONLINE","timestamp":"2026-08-16T16:22:14.725870193Z","tipoEvento":"HEARTBEAT","bufferSize":0}
2026-08-16 18:22:24,736 INFO  [it.uni.reti2.HeartbeatGenerator] (vert.x-eventloop-thread-0) 💓 [HEARTBEAT] Invio heartbeat: {"stazioneId":"PA","stato":"ONLINE","timestamp":"2026-08-16T16:22:24.736364505Z","tipoEvento":"HEARTBEAT","bufferSize":0}
2026-08-16 18:22:34,730 INFO  [it.uni.reti2.HeartbeatGenerator] (vert.x-eventloop-thread-0) 💓 [HEARTBEAT] Invio heartbeat: {"stazioneId":"PA","stato":"ONLINE","timestamp":"2026-08-16T16:22:34.730674734Z","tipoEvento":"HEARTBEAT","bufferSize":0}
2026-08-16 18:22:44,725 INFO  [it.uni.reti2.HeartbeatGenerator] (vert.x-eventloop-thread-0) 💓 [HEARTBEAT] Invio heartbeat: {"stazioneId":"PA","stato":"ONLINE","timestamp":"2026-08-16T16:22:44.725437290Z","tipoEvento":"HEARTBEAT","bufferSize":0}
2026-08-16 18:22:54,727 INFO  [it.uni.reti2.HeartbeatGenerator] (vert.x-eventloop-thread-0) 💓 [HEARTBEAT] Invio heartbeat: {"stazioneId":"PA","stato":"ONLINE","timestamp":"2026-08-16T16:22:54.727339487Z","tipoEvento":"HEARTBEAT","bufferSize":0}
2026-08-16 18:23:04,731 INFO  [it.uni.reti2.HeartbeatGenerator] (vert.x-eventloop-thread-0) 💓 [HEARTBEAT] Invio heartbeat: {"stazioneId":"PA","stato":"ONLINE","timestamp":"2026-08-16T16:23:04.731645483Z","tipoEvento":"HEARTBEAT","bufferSize":0}
2026-08-16 18:23:14,727 INFO  [it.uni.reti2.HeartbeatGenerator] (vert.x-eventloop-thread-0) 💓 [HEARTBEAT] Invio heartbeat: {"stazioneId":"PA","stato":"ONLINE","timestamp":"2026-08-16T16:23:14.727790624Z","tipoEvento":"HEARTBEAT","bufferSize":0}
2026-08-16 18:23:24,728 INFO  [it.uni.reti2.HeartbeatGenerator] (vert.x-eventloop-thread-0) 💓 [HEARTBEAT] Invio heartbeat: {"stazioneId":"PA","stato":"ONLINE","timestamp":"2026-08-16T16:23:24.728140418Z","tipoEvento":"HEARTBEAT","bufferSize":0}
2026-08-16 18:23:34,734 INFO  [it.uni.reti2.HeartbeatGenerator] (vert.x-eventloop-thread-0) 💓 [HEARTBEAT] Invio heartbeat: {"stazioneId":"PA","stato":"ONLINE","timestamp":"2026-08-16T16:23:34.733937288Z","tipoEvento":"HEARTBEAT","bufferSize":0}
2026-08-16 18:23:44,729 INFO  [it.uni.reti2.HeartbeatGenerator] (vert.x-eventloop-thread-0) 💓 [HEARTBEAT] Invio heartbeat: {"stazioneId":"PA","stato":"ONLINE","timestamp":"2026-08-16T16:23:44.729240876Z","tipoEvento":"HEARTBEAT","bufferSize":0}
2026-08-16 18:23:54,725 INFO  [it.uni.reti2.HeartbeatGenerator] (vert.x-eventloop-thread-0) 💓 [HEARTBEAT] Invio heartbeat: {"stazioneId":"PA","stato":"ONLINE","timestamp":"2026-08-16T16:23:54.725849335Z","tipoEvento":"HEARTBEAT","bufferSize":0}
2026-08-16 18:24:04,725 INFO  [it.uni.reti2.HeartbeatGenerator] (vert.x-eventloop-thread-0) 💓 [HEARTBEAT] Invio heartbeat: {"stazioneId":"PA","stato":"ONLINE","timestamp":"2026-08-16T16:24:04.725872568Z","tipoEvento":"HEARTBEAT","bufferSize":0}
2026-08-16 18:24:14,729 INFO  [it.uni.reti2.HeartbeatGenerator] (vert.x-eventloop-thread-0) 💓 [HEARTBEAT] Invio heartbeat: {"stazioneId":"PA","stato":"ONLINE","timestamp":"2026-08-16T16:24:14.729473167Z","tipoEvento":"HEARTBEAT","bufferSize":0}
2026-08-16 18:24:24,726 INFO  [it.uni.reti2.HeartbeatGenerator] (vert.x-eventloop-thread-0) 💓 [HEARTBEAT] Invio heartbeat: {"stazioneId":"PA","stato":"ONLINE","timestamp":"2026-08-16T16:24:24.726711399Z","tipoEvento":"HEARTBEAT","bufferSize":0}
2026-08-16 18:24:34,727 INFO  [it.uni.reti2.HeartbeatGenerator] (vert.x-eventloop-thread-0) 💓 [HEARTBEAT] Invio heartbeat: {"stazioneId":"PA","stato":"ONLINE","timestamp":"2026-08-16T16:24:34.727255453Z","tipoEvento":"HEARTBEAT","bufferSize":0}
2026-08-16 18:24:44,729 INFO  [it.uni.reti2.HeartbeatGenerator] (vert.x-eventloop-thread-0) 💓 [HEARTBEAT] Invio heartbeat: {"stazioneId":"PA","stato":"ONLINE","timestamp":"2026-08-16T16:24:44.729775858Z","tipoEvento":"HEARTBEAT","bufferSize":0}
2026-08-16 18:24:54,727 INFO  [it.uni.reti2.HeartbeatGenerator] (vert.x-eventloop-thread-0) 💓 [HEARTBEAT] Invio heartbeat: {"stazioneId":"PA","stato":"ONLINE","timestamp":"2026-08-16T16:24:54.727647674Z","tipoEvento":"HEARTBEAT","bufferSize":0}
2026-08-16 18:25:04,727 INFO  [it.uni.reti2.HeartbeatGenerator] (vert.x-eventloop-thread-0) 💓 [HEARTBEAT] Invio heartbeat: {"stazioneId":"PA","stato":"ONLINE","timestamp":"2026-08-16T16:25:04.727812107Z","tipoEvento":"HEARTBEAT","bufferSize":0}
2026-08-16 18:25:14,728 INFO  [it.uni.reti2.HeartbeatGenerator] (vert.x-eventloop-thread-0) 💓 [HEARTBEAT] Invio heartbeat: {"stazioneId":"PA","stato":"ONLINE","timestamp":"2026-08-16T16:25:14.728834687Z","tipoEvento":"HEARTBEAT","bufferSize":0}
2026-08-16 18:25:24,729 INFO  [it.uni.reti2.HeartbeatGenerator] (vert.x-eventloop-thread-0) 💓 [HEARTBEAT] Invio heartbeat: {"stazioneId":"PA","stato":"ONLINE","timestamp":"2026-08-16T16:25:24.729889935Z","tipoEvento":"HEARTBEAT","bufferSize":0}
2026-08-16 18:25:34,730 INFO  [it.uni.reti2.HeartbeatGenerator] (vert.x-eventloop-thread-0) 💓 [HEARTBEAT] Invio heartbeat: {"stazioneId":"PA","stato":"ONLINE","timestamp":"2026-08-16T16:25:34.730110390Z","tipoEvento":"HEARTBEAT","bufferSize":0}
2026-08-16 18:25:44,726 INFO  [it.uni.reti2.HeartbeatGenerator] (vert.x-eventloop-thread-0) 💓 [HEARTBEAT] Invio heartbeat: {"stazioneId":"PA","stato":"ONLINE","timestamp":"2026-08-16T16:25:44.725958558Z","tipoEvento":"HEARTBEAT","bufferSize":0}
2026-08-16 18:25:54,730 INFO  [it.uni.reti2.HeartbeatGenerator] (vert.x-eventloop-thread-0) 💓 [HEARTBEAT] Invio heartbeat: {"stazioneId":"PA","stato":"ONLINE","timestamp":"2026-08-16T16:25:54.730953930Z","tipoEvento":"HEARTBEAT","bufferSize":0}
2026-08-16 18:26:04,725 INFO  [it.uni.reti2.HeartbeatGenerator] (vert.x-eventloop-thread-0) 💓 [HEARTBEAT] Invio heartbeat: {"stazioneId":"PA","stato":"ONLINE","timestamp":"2026-08-16T16:26:04.725660137Z","tipoEvento":"HEARTBEAT","bufferSize":0}
2026-08-16 18:26:14,801 INFO  [it.uni.reti2.HeartbeatGenerator] (vert.x-eventloop-thread-0) 💓 [HEARTBEAT] Invio heartbeat: {"stazioneId":"PA","stato":"ONLINE","timestamp":"2026-08-16T16:26:14.801213831Z","tipoEvento":"HEARTBEAT","bufferSize":0}
2026-08-16 18:26:24,731 INFO  [it.uni.reti2.HeartbeatGenerator] (vert.x-eventloop-thread-0) 💓 [HEARTBEAT] Invio heartbeat: {"stazioneId":"PA","stato":"ONLINE","timestamp":"2026-08-16T16:26:24.731070456Z","tipoEvento":"HEARTBEAT","bufferSize":0}
2026-08-16 18:26:34,727 INFO  [it.uni.reti2.HeartbeatGenerator] (vert.x-eventloop-thread-0) 💓 [HEARTBEAT] Invio heartbeat: {"stazioneId":"PA","stato":"ONLINE","timestamp":"2026-08-16T16:26:34.726991661Z","tipoEvento":"HEARTBEAT","bufferSize":0}
2026-08-16 18:26:44,727 INFO  [it.uni.reti2.HeartbeatGenerator] (vert.x-eventloop-thread-0) 💓 [HEARTBEAT] Invio heartbeat: {"stazioneId":"PA","stato":"ONLINE","timestamp":"2026-08-16T16:26:44.726996467Z","tipoEvento":"HEARTBEAT","bufferSize":0}
2026-08-16 18:26:54,731 INFO  [it.uni.reti2.HeartbeatGenerator] (vert.x-eventloop-thread-0) 💓 [HEARTBEAT] Invio heartbeat: {"stazioneId":"PA","stato":"ONLINE","timestamp":"2026-08-16T16:26:54.731509866Z","tipoEvento":"HEARTBEAT","bufferSize":0}
2026-08-16 18:27:04,727 INFO  [it.uni.reti2.HeartbeatGenerator] (vert.x-eventloop-thread-0) 💓 [HEARTBEAT] Invio heartbeat: {"stazioneId":"PA","stato":"ONLINE","timestamp":"2026-08-16T16:27:04.727721694Z","tipoEvento":"HEARTBEAT","bufferSize":0}
2026-08-16 18:27:14,727 INFO  [it.uni.reti2.HeartbeatGenerator] (vert.x-eventloop-thread-0) 💓 [HEARTBEAT] Invio heartbeat: {"stazioneId":"PA","stato":"ONLINE","timestamp":"2026-08-16T16:27:14.727669621Z","tipoEvento":"HEARTBEAT","bufferSize":0}
2026-08-16 18:27:24,732 INFO  [it.uni.reti2.HeartbeatGenerator] (vert.x-eventloop-thread-0) 💓 [HEARTBEAT] Invio heartbeat: {"stazioneId":"PA","stato":"ONLINE","timestamp":"2026-08-16T16:27:24.732513028Z","tipoEvento":"HEARTBEAT","bufferSize":0}
2026-08-16 18:27:34,728 INFO  [it.uni.reti2.HeartbeatGenerator] (vert.x-eventloop-thread-0) 💓 [HEARTBEAT] Invio heartbeat: {"stazioneId":"PA","stato":"ONLINE","timestamp":"2026-08-16T16:27:34.728605425Z","tipoEvento":"HEARTBEAT","bufferSize":0}
2026-08-16 18:27:44,728 INFO  [it.uni.reti2.HeartbeatGenerator] (vert.x-eventloop-thread-0) 💓 [HEARTBEAT] Invio heartbeat: {"stazioneId":"PA","stato":"ONLINE","timestamp":"2026-08-16T16:27:44.728755882Z","tipoEvento":"HEARTBEAT","bufferSize":0}
2026-08-16 18:27:54,734 INFO  [it.uni.reti2.HeartbeatGenerator] (vert.x-eventloop-thread-0) 💓 [HEARTBEAT] Invio heartbeat: {"stazioneId":"PA","stato":"ONLINE","timestamp":"2026-08-16T16:27:54.734645147Z","tipoEvento":"HEARTBEAT","bufferSize":0}
2026-08-16 18:28:04,728 INFO  [it.uni.reti2.HeartbeatGenerator] (vert.x-eventloop-thread-0) 💓 [HEARTBEAT] Invio heartbeat: {"stazioneId":"PA","stato":"ONLINE","timestamp":"2026-08-16T16:28:04.728626616Z","tipoEvento":"HEARTBEAT","bufferSize":0}
2026-08-16 18:28:14,725 INFO  [it.uni.reti2.HeartbeatGenerator] (vert.x-eventloop-thread-0) 💓 [HEARTBEAT] Invio heartbeat: {"stazioneId":"PA","stato":"ONLINE","timestamp":"2026-08-16T16:28:14.725658254Z","tipoEvento":"HEARTBEAT","bufferSize":0}
2026-08-16 18:28:24,725 INFO  [it.uni.reti2.HeartbeatGenerator] (vert.x-eventloop-thread-0) 💓 [HEARTBEAT] Invio heartbeat: {"stazioneId":"PA","stato":"ONLINE","timestamp":"2026-08-16T16:28:24.725602666Z","tipoEvento":"HEARTBEAT","bufferSize":0}
2026-08-16 18:28:34,730 INFO  [it.uni.reti2.HeartbeatGenerator] (vert.x-eventloop-thread-0) 💓 [HEARTBEAT] Invio heartbeat: {"stazioneId":"PA","stato":"ONLINE","timestamp":"2026-08-16T16:28:34.730525997Z","tipoEvento":"HEARTBEAT","bufferSize":0}
2026-08-16 18:28:44,724 INFO  [it.uni.reti2.HeartbeatGenerator] (vert.x-eventloop-thread-0) 💓 [HEARTBEAT] Invio heartbeat: {"stazioneId":"PA","stato":"ONLINE","timestamp":"2026-08-16T16:28:44.724868381Z","tipoEvento":"HEARTBEAT","bufferSize":0}
2026-08-16 18:28:54,725 INFO  [it.uni.reti2.HeartbeatGenerator] (vert.x-eventloop-thread-0) 💓 [HEARTBEAT] Invio heartbeat: {"stazioneId":"PA","stato":"ONLINE","timestamp":"2026-08-16T16:28:54.725598615Z","tipoEvento":"HEARTBEAT","bufferSize":0}
2026-08-16 18:29:04,727 INFO  [it.uni.reti2.HeartbeatGenerator] (vert.x-eventloop-thread-0) 💓 [HEARTBEAT] Invio heartbeat: {"stazioneId":"PA","stato":"ONLINE","timestamp":"2026-08-16T16:29:04.727605663Z","tipoEvento":"HEARTBEAT","bufferSize":0}
2026-08-16 18:29:14,726 INFO  [it.uni.reti2.HeartbeatGenerator] (vert.x-eventloop-thread-0) 💓 [HEARTBEAT] Invio heartbeat: {"stazioneId":"PA","stato":"ONLINE","timestamp":"2026-08-16T16:29:14.726588669Z","tipoEvento":"HEARTBEAT","bufferSize":0}
2026-08-16 18:29:24,726 INFO  [it.uni.reti2.HeartbeatGenerator] (vert.x-eventloop-thread-0) 💓 [HEARTBEAT] Invio heartbeat: {"stazioneId":"PA","stato":"ONLINE","timestamp":"2026-08-16T16:29:24.726738952Z","tipoEvento":"HEARTBEAT","bufferSize":0}
2026-08-16 18:29:34,732 INFO  [it.uni.reti2.HeartbeatGenerator] (vert.x-eventloop-thread-0) 💓 [HEARTBEAT] Invio heartbeat: {"stazioneId":"PA","stato":"ONLINE","timestamp":"2026-08-16T16:29:34.732656534Z","tipoEvento":"HEARTBEAT","bufferSize":0}
2026-08-16 18:29:44,730 INFO  [it.uni.reti2.HeartbeatGenerator] (vert.x-eventloop-thread-0) 💓 [HEARTBEAT] Invio heartbeat: {"stazioneId":"PA","stato":"ONLINE","timestamp":"2026-08-16T16:29:44.728707403Z","tipoEvento":"HEARTBEAT","bufferSize":0}
2026-08-16 18:29:54,729 INFO  [it.uni.reti2.HeartbeatGenerator] (vert.x-eventloop-thread-0) 💓 [HEARTBEAT] Invio heartbeat: {"stazioneId":"PA","stato":"ONLINE","timestamp":"2026-08-16T16:29:54.729132164Z","tipoEvento":"HEARTBEAT","bufferSize":0}
2026-08-16 18:30:04,733 INFO  [it.uni.reti2.HeartbeatGenerator] (vert.x-eventloop-thread-0) 💓 [HEARTBEAT] Invio heartbeat: {"stazioneId":"PA","stato":"ONLINE","timestamp":"2026-08-16T16:30:04.733617048Z","tipoEvento":"HEARTBEAT","bufferSize":0}
2026-08-16 18:30:14,728 INFO  [it.uni.reti2.HeartbeatGenerator] (vert.x-eventloop-thread-0) 💓 [HEARTBEAT] Invio heartbeat: {"stazioneId":"PA","stato":"ONLINE","timestamp":"2026-08-16T16:30:14.728819814Z","tipoEvento":"HEARTBEAT","bufferSize":0}
2026-08-16 18:30:24,733 INFO  [it.uni.reti2.HeartbeatGenerator] (vert.x-eventloop-thread-0) 💓 [HEARTBEAT] Invio heartbeat: {"stazioneId":"PA","stato":"ONLINE","timestamp":"2026-08-16T16:30:24.729078397Z","tipoEvento":"HEARTBEAT","bufferSize":0}
2026-08-16 18:30:34,732 INFO  [it.uni.reti2.HeartbeatGenerator] (vert.x-eventloop-thread-0) 💓 [HEARTBEAT] Invio heartbeat: {"stazioneId":"PA","stato":"ONLINE","timestamp":"2026-08-16T16:30:34.732349448Z","tipoEvento":"HEARTBEAT","bufferSize":0}
2026-08-16 18:30:44,728 INFO  [it.uni.reti2.HeartbeatGenerator] (vert.x-eventloop-thread-0) 💓 [HEARTBEAT] Invio heartbeat: {"stazioneId":"PA","stato":"ONLINE","timestamp":"2026-08-16T16:30:44.728632639Z","tipoEvento":"HEARTBEAT","bufferSize":0}
2026-08-16 18:30:54,729 INFO  [it.uni.reti2.HeartbeatGenerator] (vert.x-eventloop-thread-0) 💓 [HEARTBEAT] Invio heartbeat: {"stazioneId":"PA","stato":"ONLINE","timestamp":"2026-08-16T16:30:54.729631984Z","tipoEvento":"HEARTBEAT","bufferSize":0}
2026-08-16 18:31:04,738 INFO  [it.uni.reti2.HeartbeatGenerator] (vert.x-eventloop-thread-0) 💓 [HEARTBEAT] Invio heartbeat: {"stazioneId":"PA","stato":"ONLINE","timestamp":"2026-08-16T16:31:04.734669256Z","tipoEvento":"HEARTBEAT","bufferSize":0}
2026-08-16 18:31:14,729 INFO  [it.uni.reti2.HeartbeatGenerator] (vert.x-eventloop-thread-0) 💓 [HEARTBEAT] Invio heartbeat: {"stazioneId":"PA","stato":"ONLINE","timestamp":"2026-08-16T16:31:14.729629325Z","tipoEvento":"HEARTBEAT","bufferSize":0}
2026-08-16 18:31:24,726 INFO  [it.uni.reti2.HeartbeatGenerator] (vert.x-eventloop-thread-0) 💓 [HEARTBEAT] Invio heartbeat: {"stazioneId":"PA","stato":"ONLINE","timestamp":"2026-08-16T16:31:24.726450171Z","tipoEvento":"HEARTBEAT","bufferSize":0}
2026-08-16 18:31:34,726 INFO  [it.uni.reti2.HeartbeatGenerator] (vert.x-eventloop-thread-0) 💓 [HEARTBEAT] Invio heartbeat: {"stazioneId":"PA","stato":"ONLINE","timestamp":"2026-08-16T16:31:34.726651855Z","tipoEvento":"HEARTBEAT","bufferSize":0}
2026-08-16 18:31:44,729 INFO  [it.uni.reti2.HeartbeatGenerator] (vert.x-eventloop-thread-0) 💓 [HEARTBEAT] Invio heartbeat: {"stazioneId":"PA","stato":"ONLINE","timestamp":"2026-08-16T16:31:44.729069Z","tipoEvento":"HEARTBEAT","bufferSize":0}
2026-08-16 18:31:54,727 INFO  [it.uni.reti2.HeartbeatGenerator] (vert.x-eventloop-thread-0) 💓 [HEARTBEAT] Invio heartbeat: {"stazioneId":"PA","stato":"ONLINE","timestamp":"2026-08-16T16:31:54.727731523Z","tipoEvento":"HEARTBEAT","bufferSize":0}
2026-08-16 18:32:04,729 INFO  [it.uni.reti2.HeartbeatGenerator] (vert.x-eventloop-thread-0) 💓 [HEARTBEAT] Invio heartbeat: {"stazioneId":"PA","stato":"ONLINE","timestamp":"2026-08-16T16:32:04.727595752Z","tipoEvento":"HEARTBEAT","bufferSize":0}
2026-08-16 18:32:14,729 INFO  [it.uni.reti2.HeartbeatGenerator] (vert.x-eventloop-thread-0) 💓 [HEARTBEAT] Invio heartbeat: {"stazioneId":"PA","stato":"ONLINE","timestamp":"2026-08-16T16:32:14.729625103Z","tipoEvento":"HEARTBEAT","bufferSize":0}
2026-08-16 18:32:24,727 INFO  [it.uni.reti2.HeartbeatGenerator] (vert.x-eventloop-thread-0) 💓 [HEARTBEAT] Invio heartbeat: {"stazioneId":"PA","stato":"ONLINE","timestamp":"2026-08-16T16:32:24.727950762Z","tipoEvento":"HEARTBEAT","bufferSize":0}
2026-08-16 18:32:34,726 INFO  [it.uni.reti2.HeartbeatGenerator] (vert.x-eventloop-thread-0) 💓 [HEARTBEAT] Invio heartbeat: {"stazioneId":"PA","stato":"ONLINE","timestamp":"2026-08-16T16:32:34.726959750Z","tipoEvento":"HEARTBEAT","bufferSize":0}
2026-08-16 18:32:44,728 INFO  [it.uni.reti2.HeartbeatGenerator] (vert.x-eventloop-thread-0) 💓 [HEARTBEAT] Invio heartbeat: {"stazioneId":"PA","stato":"ONLINE","timestamp":"2026-08-16T16:32:44.728686251Z","tipoEvento":"HEARTBEAT","bufferSize":0}
2026-08-16 18:32:54,728 INFO  [it.uni.reti2.HeartbeatGenerator] (vert.x-eventloop-thread-0) 💓 [HEARTBEAT] Invio heartbeat: {"stazioneId":"PA","stato":"ONLINE","timestamp":"2026-08-16T16:32:54.728651096Z","tipoEvento":"HEARTBEAT","bufferSize":0}
2026-08-16 18:33:04,728 INFO  [it.uni.reti2.HeartbeatGenerator] (vert.x-eventloop-thread-0) 💓 [HEARTBEAT] Invio heartbeat: {"stazioneId":"PA","stato":"ONLINE","timestamp":"2026-08-16T16:33:04.728712420Z","tipoEvento":"HEARTBEAT","bufferSize":0}
2026-08-16 18:33:14,729 INFO  [it.uni.reti2.HeartbeatGenerator] (vert.x-eventloop-thread-0) 💓 [HEARTBEAT] Invio heartbeat: {"stazioneId":"PA","stato":"ONLINE","timestamp":"2026-08-16T16:33:14.729225538Z","tipoEvento":"HEARTBEAT","bufferSize":0}
2026-08-16 18:33:24,730 INFO  [it.uni.reti2.HeartbeatGenerator] (vert.x-eventloop-thread-0) 💓 [HEARTBEAT] Invio heartbeat: {"stazioneId":"PA","stato":"ONLINE","timestamp":"2026-08-16T16:33:24.730615443Z","tipoEvento":"HEARTBEAT","bufferSize":0}
2026-08-16 18:33:34,726 INFO  [it.uni.reti2.HeartbeatGenerator] (vert.x-eventloop-thread-0) 💓 [HEARTBEAT] Invio heartbeat: {"stazioneId":"PA","stato":"ONLINE","timestamp":"2026-08-16T16:33:34.726664396Z","tipoEvento":"HEARTBEAT","bufferSize":0}
2026-08-16 18:33:44,726 INFO  [it.uni.reti2.HeartbeatGenerator] (vert.x-eventloop-thread-0) 💓 [HEARTBEAT] Invio heartbeat: {"stazioneId":"PA","stato":"ONLINE","timestamp":"2026-08-16T16:33:44.726674657Z","tipoEvento":"HEARTBEAT","bufferSize":0}
2026-08-16 18:33:54,731 INFO  [it.uni.reti2.HeartbeatGenerator] (vert.x-eventloop-thread-0) 💓 [HEARTBEAT] Invio heartbeat: {"stazioneId":"PA","stato":"ONLINE","timestamp":"2026-08-16T16:33:54.731685506Z","tipoEvento":"HEARTBEAT","bufferSize":0}
2026-08-16 18:34:04,727 INFO  [it.uni.reti2.HeartbeatGenerator] (vert.x-eventloop-thread-0) 💓 [HEARTBEAT] Invio heartbeat: {"stazioneId":"PA","stato":"ONLINE","timestamp":"2026-08-16T16:34:04.727827345Z","tipoEvento":"HEARTBEAT","bufferSize":0}
2026-08-16 18:34:14,728 INFO  [it.uni.reti2.HeartbeatGenerator] (vert.x-eventloop-thread-0) 💓 [HEARTBEAT] Invio heartbeat: {"stazioneId":"PA","stato":"ONLINE","timestamp":"2026-08-16T16:34:14.728663084Z","tipoEvento":"HEARTBEAT","bufferSize":0}
2026-08-16 18:34:24,732 INFO  [it.uni.reti2.HeartbeatGenerator] (vert.x-eventloop-thread-0) 💓 [HEARTBEAT] Invio heartbeat: {"stazioneId":"PA","stato":"ONLINE","timestamp":"2026-08-16T16:34:24.732634204Z","tipoEvento":"HEARTBEAT","bufferSize":0}
2026-08-16 18:34:34,727 INFO  [it.uni.reti2.HeartbeatGenerator] (vert.x-eventloop-thread-0) 💓 [HEARTBEAT] Invio heartbeat: {"stazioneId":"PA","stato":"ONLINE","timestamp":"2026-08-16T16:34:34.727650295Z","tipoEvento":"HEARTBEAT","bufferSize":0}
2026-08-16 18:34:44,728 INFO  [it.uni.reti2.HeartbeatGenerator] (vert.x-eventloop-thread-0) 💓 [HEARTBEAT] Invio heartbeat: {"stazioneId":"PA","stato":"ONLINE","timestamp":"2026-08-16T16:34:44.728646382Z","tipoEvento":"HEARTBEAT","bufferSize":0}
2026-08-16 18:34:54,733 INFO  [it.uni.reti2.HeartbeatGenerator] (vert.x-eventloop-thread-0) 💓 [HEARTBEAT] Invio heartbeat: {"stazioneId":"PA","stato":"ONLINE","timestamp":"2026-08-16T16:34:54.733615845Z","tipoEvento":"HEARTBEAT","bufferSize":0}
2026-08-16 18:35:04,730 INFO  [it.uni.reti2.HeartbeatGenerator] (vert.x-eventloop-thread-0) 💓 [HEARTBEAT] Invio heartbeat: {"stazioneId":"PA","stato":"ONLINE","timestamp":"2026-08-16T16:35:04.730132710Z","tipoEvento":"HEARTBEAT","bufferSize":0}
2026-08-16 18:35:14,728 INFO  [it.uni.reti2.HeartbeatGenerator] (vert.x-eventloop-thread-0) 💓 [HEARTBEAT] Invio heartbeat: {"stazioneId":"PA","stato":"ONLINE","timestamp":"2026-08-16T16:35:14.728884462Z","tipoEvento":"HEARTBEAT","bufferSize":0}
2026-08-16 18:35:24,734 INFO  [it.uni.reti2.HeartbeatGenerator] (vert.x-eventloop-thread-0) 💓 [HEARTBEAT] Invio heartbeat: {"stazioneId":"PA","stato":"ONLINE","timestamp":"2026-08-16T16:35:24.734668816Z","tipoEvento":"HEARTBEAT","bufferSize":0}
2026-08-16 18:35:34,728 INFO  [it.uni.reti2.HeartbeatGenerator] (vert.x-eventloop-thread-0) 💓 [HEARTBEAT] Invio heartbeat: {"stazioneId":"PA","stato":"ONLINE","timestamp":"2026-08-16T16:35:34.728644256Z","tipoEvento":"HEARTBEAT","bufferSize":0}
2026-08-16 18:35:44,730 INFO  [it.uni.reti2.HeartbeatGenerator] (vert.x-eventloop-thread-0) 💓 [HEARTBEAT] Invio heartbeat: {"stazioneId":"PA","stato":"ONLINE","timestamp":"2026-08-16T16:35:44.730039172Z","tipoEvento":"HEARTBEAT","bufferSize":0}
2026-08-16 18:35:54,734 INFO  [it.uni.reti2.HeartbeatGenerator] (vert.x-eventloop-thread-0) 💓 [HEARTBEAT] Invio heartbeat: {"stazioneId":"PA","stato":"ONLINE","timestamp":"2026-08-16T16:35:54.734655836Z","tipoEvento":"HEARTBEAT","bufferSize":0}
2026-08-16 18:36:04,729 INFO  [it.uni.reti2.HeartbeatGenerator] (vert.x-eventloop-thread-0) 💓 [HEARTBEAT] Invio heartbeat: {"stazioneId":"PA","stato":"ONLINE","timestamp":"2026-08-16T16:36:04.729946112Z","tipoEvento":"HEARTBEAT","bufferSize":0}
2026-08-16 18:36:14,726 INFO  [it.uni.reti2.HeartbeatGenerator] (vert.x-eventloop-thread-0) 💓 [HEARTBEAT] Invio heartbeat: {"stazioneId":"PA","stato":"ONLINE","timestamp":"2026-08-16T16:36:14.726006852Z","tipoEvento":"HEARTBEAT","bufferSize":0}
2026-08-16 18:36:24,727 INFO  [it.uni.reti2.HeartbeatGenerator] (vert.x-eventloop-thread-0) 💓 [HEARTBEAT] Invio heartbeat: {"stazioneId":"PA","stato":"ONLINE","timestamp":"2026-08-16T16:36:24.727013050Z","tipoEvento":"HEARTBEAT","bufferSize":0}
2026-08-16 18:36:34,732 INFO  [it.uni.reti2.HeartbeatGenerator] (vert.x-eventloop-thread-0) 💓 [HEARTBEAT] Invio heartbeat: {"stazioneId":"PA","stato":"ONLINE","timestamp":"2026-08-16T16:36:34.732054089Z","tipoEvento":"HEARTBEAT","bufferSize":0}
2026-08-16 18:36:44,725 INFO  [it.uni.reti2.HeartbeatGenerator] (vert.x-eventloop-thread-0) 💓 [HEARTBEAT] Invio heartbeat: {"stazioneId":"PA","stato":"ONLINE","timestamp":"2026-08-16T16:36:44.725710800Z","tipoEvento":"HEARTBEAT","bufferSize":0}
2026-08-16 18:36:54,727 INFO  [it.uni.reti2.HeartbeatGenerator] (vert.x-eventloop-thread-0) 💓 [HEARTBEAT] Invio heartbeat: {"stazioneId":"PA","stato":"ONLINE","timestamp":"2026-08-16T16:36:54.727020278Z","tipoEvento":"HEARTBEAT","bufferSize":0}
2026-08-16 18:37:04,732 INFO  [it.uni.reti2.HeartbeatGenerator] (vert.x-eventloop-thread-0) 💓 [HEARTBEAT] Invio heartbeat: {"stazioneId":"PA","stato":"ONLINE","timestamp":"2026-08-16T16:37:04.732776300Z","tipoEvento":"HEARTBEAT","bufferSize":0}
2026-08-16 18:37:14,728 INFO  [it.uni.reti2.HeartbeatGenerator] (vert.x-eventloop-thread-0) 💓 [HEARTBEAT] Invio heartbeat: {"stazioneId":"PA","stato":"ONLINE","timestamp":"2026-08-16T16:37:14.728698890Z","tipoEvento":"HEARTBEAT","bufferSize":0}
2026-08-16 18:37:24,729 INFO  [it.uni.reti2.HeartbeatGenerator] (vert.x-eventloop-thread-0) 💓 [HEARTBEAT] Invio heartbeat: {"stazioneId":"PA","stato":"ONLINE","timestamp":"2026-08-16T16:37:24.729865988Z","tipoEvento":"HEARTBEAT","bufferSize":0}
2026-08-16 18:37:34,733 INFO  [it.uni.reti2.HeartbeatGenerator] (vert.x-eventloop-thread-0) 💓 [HEARTBEAT] Invio heartbeat: {"stazioneId":"PA","stato":"ONLINE","timestamp":"2026-08-16T16:37:34.733862339Z","tipoEvento":"HEARTBEAT","bufferSize":0}
2026-08-16 18:37:44,728 INFO  [it.uni.reti2.HeartbeatGenerator] (vert.x-eventloop-thread-0) 💓 [HEARTBEAT] Invio heartbeat: {"stazioneId":"PA","stato":"ONLINE","timestamp":"2026-08-16T16:37:44.728797697Z","tipoEvento":"HEARTBEAT","bufferSize":0}
2026-08-16 18:37:54,730 INFO  [it.uni.reti2.HeartbeatGenerator] (vert.x-eventloop-thread-0) 💓 [HEARTBEAT] Invio heartbeat: {"stazioneId":"PA","stato":"ONLINE","timestamp":"2026-08-16T16:37:54.730265500Z","tipoEvento":"HEARTBEAT","bufferSize":0}
2026-08-16 18:38:04,735 INFO  [it.uni.reti2.HeartbeatGenerator] (vert.x-eventloop-thread-0) 💓 [HEARTBEAT] Invio heartbeat: {"stazioneId":"PA","stato":"ONLINE","timestamp":"2026-08-16T16:38:04.734936030Z","tipoEvento":"HEARTBEAT","bufferSize":0}
2026-08-16 18:38:14,729 INFO  [it.uni.reti2.HeartbeatGenerator] (vert.x-eventloop-thread-0) 💓 [HEARTBEAT] Invio heartbeat: {"stazioneId":"PA","stato":"ONLINE","timestamp":"2026-08-16T16:38:14.729646414Z","tipoEvento":"HEARTBEAT","bufferSize":0}
2026-08-16 18:38:24,725 INFO  [it.uni.reti2.HeartbeatGenerator] (vert.x-eventloop-thread-0) 💓 [HEARTBEAT] Invio heartbeat: {"stazioneId":"PA","stato":"ONLINE","timestamp":"2026-08-16T16:38:24.725675510Z","tipoEvento":"HEARTBEAT","bufferSize":0}
2026-08-16 18:38:34,726 INFO  [it.uni.reti2.HeartbeatGenerator] (vert.x-eventloop-thread-0) 💓 [HEARTBEAT] Invio heartbeat: {"stazioneId":"PA","stato":"ONLINE","timestamp":"2026-08-16T16:38:34.726187948Z","tipoEvento":"HEARTBEAT","bufferSize":0}
2026-08-16 18:38:44,729 INFO  [it.uni.reti2.HeartbeatGenerator] (vert.x-eventloop-thread-0) 💓 [HEARTBEAT] Invio heartbeat: {"stazioneId":"PA","stato":"ONLINE","timestamp":"2026-08-16T16:38:44.729177886Z","tipoEvento":"HEARTBEAT","bufferSize":0}
2026-08-16 18:38:54,724 INFO  [it.uni.reti2.HeartbeatGenerator] (vert.x-eventloop-thread-0) 💓 [HEARTBEAT] Invio heartbeat: {"stazioneId":"PA","stato":"ONLINE","timestamp":"2026-08-16T16:38:54.724848423Z","tipoEvento":"HEARTBEAT","bufferSize":0}
2026-08-16 18:39:04,725 INFO  [it.uni.reti2.HeartbeatGenerator] (vert.x-eventloop-thread-0) 💓 [HEARTBEAT] Invio heartbeat: {"stazioneId":"PA","stato":"ONLINE","timestamp":"2026-08-16T16:39:04.725652328Z","tipoEvento":"HEARTBEAT","bufferSize":0}
2026-08-16 18:39:14,728 INFO  [it.uni.reti2.HeartbeatGenerator] (vert.x-eventloop-thread-0) 💓 [HEARTBEAT] Invio heartbeat: {"stazioneId":"PA","stato":"ONLINE","timestamp":"2026-08-16T16:39:14.728625456Z","tipoEvento":"HEARTBEAT","bufferSize":0}
2026-08-16 18:39:24,725 INFO  [it.uni.reti2.HeartbeatGenerator] (vert.x-eventloop-thread-0) 💓 [HEARTBEAT] Invio heartbeat: {"stazioneId":"PA","stato":"ONLINE","timestamp":"2026-08-16T16:39:24.725696793Z","tipoEvento":"HEARTBEAT","bufferSize":0}
2026-08-16 18:39:34,725 INFO  [it.uni.reti2.HeartbeatGenerator] (vert.x-eventloop-thread-0) 💓 [HEARTBEAT] Invio heartbeat: {"stazioneId":"PA","stato":"ONLINE","timestamp":"2026-08-16T16:39:34.725837848Z","tipoEvento":"HEARTBEAT","bufferSize":0}
2026-08-16 18:39:44,728 INFO  [it.uni.reti2.HeartbeatGenerator] (vert.x-eventloop-thread-0) 💓 [HEARTBEAT] Invio heartbeat: {"stazioneId":"PA","stato":"ONLINE","timestamp":"2026-08-16T16:39:44.728581677Z","tipoEvento":"HEARTBEAT","bufferSize":0}
2026-08-16 18:39:54,729 INFO  [it.uni.reti2.HeartbeatGenerator] (vert.x-eventloop-thread-0) 💓 [HEARTBEAT] Invio heartbeat: {"stazioneId":"PA","stato":"ONLINE","timestamp":"2026-08-16T16:39:54.725638472Z","tipoEvento":"HEARTBEAT","bufferSize":0}
2026-08-16 18:40:04,725 INFO  [it.uni.reti2.HeartbeatGenerator] (vert.x-eventloop-thread-0) 💓 [HEARTBEAT] Invio heartbeat: {"stazioneId":"PA","stato":"ONLINE","timestamp":"2026-08-16T16:40:04.725586658Z","tipoEvento":"HEARTBEAT","bufferSize":0}
2026-08-16 18:40:14,729 INFO  [it.uni.reti2.HeartbeatGenerator] (vert.x-eventloop-thread-0) 💓 [HEARTBEAT] Invio heartbeat: {"stazioneId":"PA","stato":"ONLINE","timestamp":"2026-08-16T16:40:14.728888029Z","tipoEvento":"HEARTBEAT","bufferSize":0}
2026-08-16 18:40:24,727 INFO  [it.uni.reti2.HeartbeatGenerator] (vert.x-eventloop-thread-0) 💓 [HEARTBEAT] Invio heartbeat: {"stazioneId":"PA","stato":"ONLINE","timestamp":"2026-08-16T16:40:24.727866924Z","tipoEvento":"HEARTBEAT","bufferSize":0}
2026-08-16 18:40:34,728 INFO  [it.uni.reti2.HeartbeatGenerator] (vert.x-eventloop-thread-0) 💓 [HEARTBEAT] Invio heartbeat: {"stazioneId":"PA","stato":"ONLINE","timestamp":"2026-08-16T16:40:34.728394799Z","tipoEvento":"HEARTBEAT","bufferSize":0}
2026-08-16 18:40:44,729 INFO  [it.uni.reti2.HeartbeatGenerator] (vert.x-eventloop-thread-0) 💓 [HEARTBEAT] Invio heartbeat: {"stazioneId":"PA","stato":"ONLINE","timestamp":"2026-08-16T16:40:44.729158675Z","tipoEvento":"HEARTBEAT","bufferSize":0}
2026-08-16 18:40:54,729 INFO  [it.uni.reti2.HeartbeatGenerator] (vert.x-eventloop-thread-0) 💓 [HEARTBEAT] Invio heartbeat: {"stazioneId":"PA","stato":"ONLINE","timestamp":"2026-08-16T16:40:54.729668223Z","tipoEvento":"HEARTBEAT","bufferSize":0}
2026-08-16 18:41:04,730 INFO  [it.uni.reti2.HeartbeatGenerator] (vert.x-eventloop-thread-0) 💓 [HEARTBEAT] Invio heartbeat: {"stazioneId":"PA","stato":"ONLINE","timestamp":"2026-08-16T16:41:04.729983945Z","tipoEvento":"HEARTBEAT","bufferSize":0}
2026-08-16 18:41:14,729 INFO  [it.uni.reti2.HeartbeatGenerator] (vert.x-eventloop-thread-0) 💓 [HEARTBEAT] Invio heartbeat: {"stazioneId":"PA","stato":"ONLINE","timestamp":"2026-08-16T16:41:14.729169853Z","tipoEvento":"HEARTBEAT","bufferSize":0}
2026-08-16 18:41:24,730 INFO  [it.uni.reti2.HeartbeatGenerator] (vert.x-eventloop-thread-0) 💓 [HEARTBEAT] Invio heartbeat: {"stazioneId":"PA","stato":"ONLINE","timestamp":"2026-08-16T16:41:24.730196329Z","tipoEvento":"HEARTBEAT","bufferSize":0}
2026-08-16 18:41:34,725 INFO  [it.uni.reti2.HeartbeatGenerator] (vert.x-eventloop-thread-0) 💓 [HEARTBEAT] Invio heartbeat: {"stazioneId":"PA","stato":"ONLINE","timestamp":"2026-08-16T16:41:34.725880396Z","tipoEvento":"HEARTBEAT","bufferSize":0}
2026-08-16 18:41:44,726 INFO  [it.uni.reti2.HeartbeatGenerator] (vert.x-eventloop-thread-0) 💓 [HEARTBEAT] Invio heartbeat: {"stazioneId":"PA","stato":"ONLINE","timestamp":"2026-08-16T16:41:44.725959585Z","tipoEvento":"HEARTBEAT","bufferSize":0}
2026-08-16 18:41:54,730 INFO  [it.uni.reti2.HeartbeatGenerator] (vert.x-eventloop-thread-0) 💓 [HEARTBEAT] Invio heartbeat: {"stazioneId":"PA","stato":"ONLINE","timestamp":"2026-08-16T16:41:54.730635999Z","tipoEvento":"HEARTBEAT","bufferSize":0}
2026-08-16 18:42:04,726 INFO  [it.uni.reti2.HeartbeatGenerator] (vert.x-eventloop-thread-0) 💓 [HEARTBEAT] Invio heartbeat: {"stazioneId":"PA","stato":"ONLINE","timestamp":"2026-08-16T16:42:04.726645603Z","tipoEvento":"HEARTBEAT","bufferSize":0}
2026-08-16 18:42:14,726 INFO  [it.uni.reti2.HeartbeatGenerator] (vert.x-eventloop-thread-0) 💓 [HEARTBEAT] Invio heartbeat: {"stazioneId":"PA","stato":"ONLINE","timestamp":"2026-08-16T16:42:14.726667782Z","tipoEvento":"HEARTBEAT","bufferSize":0}
2026-08-16 18:42:24,725 INFO  [it.uni.reti2.HeartbeatGenerator] (vert.x-eventloop-thread-0) 💓 [HEARTBEAT] Invio heartbeat: {"stazioneId":"PA","stato":"ONLINE","timestamp":"2026-08-16T16:42:24.725355346Z","tipoEvento":"HEARTBEAT","bufferSize":0}
2026-08-16 22:08:39,665 INFO  [io.smallrye.reactive.messaging.mqtt.session.impl.MqttClientSessionImpl] (vert.x-eventloop-thread-0) Connection closed: Connection closed
2026-08-16 22:08:39,733 INFO  [io.smallrye.reactive.messaging.mqtt.session.impl.MqttClientSessionImpl] (vert.x-eventloop-thread-0) Connection closed: Connection closed
2026-08-16 22:08:39,738 INFO  [io.smallrye.reactive.messaging.mqtt.session.impl.MqttClientSessionImpl] (vert.x-eventloop-thread-0) Connection closed: Connection closed
2026-08-16 22:08:40,734 INFO  [io.vertx.mqtt.impl.MqttClientImpl] (vert.x-eventloop-thread-0) Connection with localhost:1883 established successfully
2026-08-16 22:08:40,756 INFO  [io.vertx.mqtt.impl.MqttClientImpl] (vert.x-eventloop-thread-0) Connection with localhost:1883 established successfully
2026-08-16 22:08:40,758 INFO  [io.vertx.mqtt.impl.MqttClientImpl] (vert.x-eventloop-thread-0) Connection with localhost:1883 established successfully
2026-08-16 22:08:42,912 INFO  [it.uni.reti2.HeartbeatGenerator] (vert.x-eventloop-thread-0) 💓 [HEARTBEAT] Invio heartbeat: {"stazioneId":"PA","stato":"ONLINE","timestamp":"2026-08-16T20:08:42.912482665Z","tipoEvento":"HEARTBEAT","bufferSize":0}
2026-08-16 22:08:52,914 INFO  [it.uni.reti2.HeartbeatGenerator] (vert.x-eventloop-thread-0) 💓 [HEARTBEAT] Invio heartbeat: {"stazioneId":"PA","stato":"ONLINE","timestamp":"2026-08-16T20:08:52.914467733Z","tipoEvento":"HEARTBEAT","bufferSize":0}
2026-08-16 22:09:02,919 INFO  [it.uni.reti2.HeartbeatGenerator] (vert.x-eventloop-thread-0) 💓 [HEARTBEAT] Invio heartbeat: {"stazioneId":"PA","stato":"ONLINE","timestamp":"2026-08-16T20:09:02.919844759Z","tipoEvento":"HEARTBEAT","bufferSize":0}
2026-08-16 22:09:12,913 INFO  [it.uni.reti2.HeartbeatGenerator] (vert.x-eventloop-thread-0) 💓 [HEARTBEAT] Invio heartbeat: {"stazioneId":"PA","stato":"ONLINE","timestamp":"2026-08-16T20:09:12.913406119Z","tipoEvento":"HEARTBEAT","bufferSize":0}
2026-08-16 22:09:22,916 INFO  [it.uni.reti2.HeartbeatGenerator] (vert.x-eventloop-thread-0) 💓 [HEARTBEAT] Invio heartbeat: {"stazioneId":"PA","stato":"ONLINE","timestamp":"2026-08-16T20:09:22.916099453Z","tipoEvento":"HEARTBEAT","bufferSize":0}
2026-08-16 22:09:32,919 INFO  [it.uni.reti2.HeartbeatGenerator] (vert.x-eventloop-thread-0) 💓 [HEARTBEAT] Invio heartbeat: {"stazioneId":"PA","stato":"ONLINE","timestamp":"2026-08-16T20:09:32.919719684Z","tipoEvento":"HEARTBEAT","bufferSize":0}
2026-08-16 22:09:42,913 INFO  [it.uni.reti2.HeartbeatGenerator] (vert.x-eventloop-thread-0) 💓 [HEARTBEAT] Invio heartbeat: {"stazioneId":"PA","stato":"ONLINE","timestamp":"2026-08-16T20:09:42.913575651Z","tipoEvento":"HEARTBEAT","bufferSize":0}
2026-08-16 22:09:52,914 INFO  [it.uni.reti2.HeartbeatGenerator] (vert.x-eventloop-thread-0) 💓 [HEARTBEAT] Invio heartbeat: {"stazioneId":"PA","stato":"ONLINE","timestamp":"2026-08-16T20:09:52.914326646Z","tipoEvento":"HEARTBEAT","bufferSize":0}
2026-08-16 22:10:02,911 INFO  [it.uni.reti2.HeartbeatGenerator] (vert.x-eventloop-thread-0) 💓 [HEARTBEAT] Invio heartbeat: {"stazioneId":"PA","stato":"ONLINE","timestamp":"2026-08-16T20:10:02.911280008Z","tipoEvento":"HEARTBEAT","bufferSize":0}
2026-08-16 22:10:12,913 INFO  [it.uni.reti2.HeartbeatGenerator] (vert.x-eventloop-thread-0) 💓 [HEARTBEAT] Invio heartbeat: {"stazioneId":"PA","stato":"ONLINE","timestamp":"2026-08-16T20:10:12.913454649Z","tipoEvento":"HEARTBEAT","bufferSize":0}
2026-08-16 22:10:22,911 INFO  [it.uni.reti2.HeartbeatGenerator] (vert.x-eventloop-thread-0) 💓 [HEARTBEAT] Invio heartbeat: {"stazioneId":"PA","stato":"ONLINE","timestamp":"2026-08-16T20:10:22.911471684Z","tipoEvento":"HEARTBEAT","bufferSize":0}
2026-08-16 22:10:32,912 INFO  [it.uni.reti2.HeartbeatGenerator] (vert.x-eventloop-thread-0) 💓 [HEARTBEAT] Invio heartbeat: {"stazioneId":"PA","stato":"ONLINE","timestamp":"2026-08-16T20:10:32.912265428Z","tipoEvento":"HEARTBEAT","bufferSize":0}
2026-08-16 22:10:42,913 INFO  [it.uni.reti2.HeartbeatGenerator] (vert.x-eventloop-thread-0) 💓 [HEARTBEAT] Invio heartbeat: {"stazioneId":"PA","stato":"ONLINE","timestamp":"2026-08-16T20:10:42.913428449Z","tipoEvento":"HEARTBEAT","bufferSize":0}
2026-08-16 22:10:52,913 INFO  [it.uni.reti2.HeartbeatGenerator] (vert.x-eventloop-thread-0) 💓 [HEARTBEAT] Invio heartbeat: {"stazioneId":"PA","stato":"ONLINE","timestamp":"2026-08-16T20:10:52.913029889Z","tipoEvento":"HEARTBEAT","bufferSize":0}
2026-08-16 22:11:02,911 INFO  [it.uni.reti2.HeartbeatGenerator] (vert.x-eventloop-thread-0) 💓 [HEARTBEAT] Invio heartbeat: {"stazioneId":"PA","stato":"ONLINE","timestamp":"2026-08-16T20:11:02.911890044Z","tipoEvento":"HEARTBEAT","bufferSize":0}
2026-08-16 22:11:12,913 INFO  [it.uni.reti2.HeartbeatGenerator] (vert.x-eventloop-thread-0) 💓 [HEARTBEAT] Invio heartbeat: {"stazioneId":"PA","stato":"ONLINE","timestamp":"2026-08-16T20:11:12.913207575Z","tipoEvento":"HEARTBEAT","bufferSize":0}
2026-08-16 22:11:22,914 INFO  [it.uni.reti2.HeartbeatGenerator] (vert.x-eventloop-thread-0) 💓 [HEARTBEAT] Invio heartbeat: {"stazioneId":"PA","stato":"ONLINE","timestamp":"2026-08-16T20:11:22.914570609Z","tipoEvento":"HEARTBEAT","bufferSize":0}
2026-08-16 22:11:32,914 INFO  [it.uni.reti2.HeartbeatGenerator] (vert.x-eventloop-thread-0) 💓 [HEARTBEAT] Invio heartbeat: {"stazioneId":"PA","stato":"ONLINE","timestamp":"2026-08-16T20:11:32.914809348Z","tipoEvento":"HEARTBEAT","bufferSize":0}
2026-08-16 22:11:42,912 INFO  [it.uni.reti2.HeartbeatGenerator] (vert.x-eventloop-thread-0) 💓 [HEARTBEAT] Invio heartbeat: {"stazioneId":"PA","stato":"ONLINE","timestamp":"2026-08-16T20:11:42.912471763Z","tipoEvento":"HEARTBEAT","bufferSize":0}
2026-08-16 22:11:52,915 INFO  [it.uni.reti2.HeartbeatGenerator] (vert.x-eventloop-thread-0) 💓 [HEARTBEAT] Invio heartbeat: {"stazioneId":"PA","stato":"ONLINE","timestamp":"2026-08-16T20:11:52.915258060Z","tipoEvento":"HEARTBEAT","bufferSize":0}
2026-08-16 22:12:02,939 INFO  [it.uni.reti2.HeartbeatGenerator] (vert.x-eventloop-thread-0) 💓 [HEARTBEAT] Invio heartbeat: {"stazioneId":"PA","stato":"ONLINE","timestamp":"2026-08-16T20:12:02.939317031Z","tipoEvento":"HEARTBEAT","bufferSize":0}
2026-08-16 22:12:12,911 INFO  [it.uni.reti2.HeartbeatGenerator] (vert.x-eventloop-thread-0) 💓 [HEARTBEAT] Invio heartbeat: {"stazioneId":"PA","stato":"ONLINE","timestamp":"2026-08-16T20:12:12.911902501Z","tipoEvento":"HEARTBEAT","bufferSize":0}
2026-08-16 22:12:22,914 INFO  [it.uni.reti2.HeartbeatGenerator] (vert.x-eventloop-thread-0) 💓 [HEARTBEAT] Invio heartbeat: {"stazioneId":"PA","stato":"ONLINE","timestamp":"2026-08-16T20:12:22.914311149Z","tipoEvento":"HEARTBEAT","bufferSize":0}
2026-08-16 22:12:32,912 INFO  [it.uni.reti2.HeartbeatGenerator] (vert.x-eventloop-thread-0) 💓 [HEARTBEAT] Invio heartbeat: {"stazioneId":"PA","stato":"ONLINE","timestamp":"2026-08-16T20:12:32.912025503Z","tipoEvento":"HEARTBEAT","bufferSize":0}
2026-08-16 22:12:42,912 INFO  [it.uni.reti2.HeartbeatGenerator] (vert.x-eventloop-thread-0) 💓 [HEARTBEAT] Invio heartbeat: {"stazioneId":"PA","stato":"ONLINE","timestamp":"2026-08-16T20:12:42.912711573Z","tipoEvento":"HEARTBEAT","bufferSize":0}
2026-08-16 22:12:52,917 INFO  [it.uni.reti2.HeartbeatGenerator] (vert.x-eventloop-thread-0) 💓 [HEARTBEAT] Invio heartbeat: {"stazioneId":"PA","stato":"ONLINE","timestamp":"2026-08-16T20:12:52.917711630Z","tipoEvento":"HEARTBEAT","bufferSize":0}
2026-08-16 22:13:02,993 INFO  [it.uni.reti2.HeartbeatGenerator] (vert.x-eventloop-thread-0) 💓 [HEARTBEAT] Invio heartbeat: {"stazioneId":"PA","stato":"ONLINE","timestamp":"2026-08-16T20:13:02.912501624Z","tipoEvento":"HEARTBEAT","bufferSize":0}
2026-08-16 22:13:12,911 INFO  [it.uni.reti2.HeartbeatGenerator] (vert.x-eventloop-thread-0) 💓 [HEARTBEAT] Invio heartbeat: {"stazioneId":"PA","stato":"ONLINE","timestamp":"2026-08-16T20:13:12.911484535Z","tipoEvento":"HEARTBEAT","bufferSize":0}
2026-08-16 22:13:22,919 INFO  [it.uni.reti2.HeartbeatGenerator] (vert.x-eventloop-thread-0) 💓 [HEARTBEAT] Invio heartbeat: {"stazioneId":"PA","stato":"ONLINE","timestamp":"2026-08-16T20:13:22.919098020Z","tipoEvento":"HEARTBEAT","bufferSize":0}
2026-08-16 22:13:32,914 INFO  [it.uni.reti2.HeartbeatGenerator] (vert.x-eventloop-thread-0) 💓 [HEARTBEAT] Invio heartbeat: {"stazioneId":"PA","stato":"ONLINE","timestamp":"2026-08-16T20:13:32.914286615Z","tipoEvento":"HEARTBEAT","bufferSize":0}
2026-08-16 22:13:42,912 INFO  [it.uni.reti2.HeartbeatGenerator] (vert.x-eventloop-thread-0) 💓 [HEARTBEAT] Invio heartbeat: {"stazioneId":"PA","stato":"ONLINE","timestamp":"2026-08-16T20:13:42.912459096Z","tipoEvento":"HEARTBEAT","bufferSize":0}
2026-08-16 22:13:52,919 INFO  [it.uni.reti2.HeartbeatGenerator] (vert.x-eventloop-thread-0) 💓 [HEARTBEAT] Invio heartbeat: {"stazioneId":"PA","stato":"ONLINE","timestamp":"2026-08-16T20:13:52.919861289Z","tipoEvento":"HEARTBEAT","bufferSize":0}
2026-08-16 22:14:02,914 INFO  [it.uni.reti2.HeartbeatGenerator] (vert.x-eventloop-thread-0) 💓 [HEARTBEAT] Invio heartbeat: {"stazioneId":"PA","stato":"ONLINE","timestamp":"2026-08-16T20:14:02.914470635Z","tipoEvento":"HEARTBEAT","bufferSize":0}
2026-08-16 22:14:12,911 INFO  [it.uni.reti2.HeartbeatGenerator] (vert.x-eventloop-thread-0) 💓 [HEARTBEAT] Invio heartbeat: {"stazioneId":"PA","stato":"ONLINE","timestamp":"2026-08-16T20:14:12.911648671Z","tipoEvento":"HEARTBEAT","bufferSize":0}
2026-08-16 22:14:22,912 INFO  [it.uni.reti2.HeartbeatGenerator] (vert.x-eventloop-thread-0) 💓 [HEARTBEAT] Invio heartbeat: {"stazioneId":"PA","stato":"ONLINE","timestamp":"2026-08-16T20:14:22.912418928Z","tipoEvento":"HEARTBEAT","bufferSize":0}
2026-08-16 22:14:32,916 INFO  [it.uni.reti2.HeartbeatGenerator] (vert.x-eventloop-thread-0) 💓 [HEARTBEAT] Invio heartbeat: {"stazioneId":"PA","stato":"ONLINE","timestamp":"2026-08-16T20:14:32.916641587Z","tipoEvento":"HEARTBEAT","bufferSize":0}
2026-08-16 22:14:42,912 INFO  [it.uni.reti2.HeartbeatGenerator] (vert.x-eventloop-thread-0) 💓 [HEARTBEAT] Invio heartbeat: {"stazioneId":"PA","stato":"ONLINE","timestamp":"2026-08-16T20:14:42.912759251Z","tipoEvento":"HEARTBEAT","bufferSize":0}
2026-08-16 22:14:52,912 INFO  [it.uni.reti2.HeartbeatGenerator] (vert.x-eventloop-thread-0) 💓 [HEARTBEAT] Invio heartbeat: {"stazioneId":"PA","stato":"ONLINE","timestamp":"2026-08-16T20:14:52.912903238Z","tipoEvento":"HEARTBEAT","bufferSize":0}
2026-08-16 22:15:02,918 INFO  [it.uni.reti2.HeartbeatGenerator] (vert.x-eventloop-thread-0) 💓 [HEARTBEAT] Invio heartbeat: {"stazioneId":"PA","stato":"ONLINE","timestamp":"2026-08-16T20:15:02.917973174Z","tipoEvento":"HEARTBEAT","bufferSize":0}
2026-08-16 22:15:12,912 INFO  [it.uni.reti2.HeartbeatGenerator] (vert.x-eventloop-thread-0) 💓 [HEARTBEAT] Invio heartbeat: {"stazioneId":"PA","stato":"ONLINE","timestamp":"2026-08-16T20:15:12.912852868Z","tipoEvento":"HEARTBEAT","bufferSize":0}
2026-08-16 22:15:22,934 INFO  [it.uni.reti2.HeartbeatGenerator] (vert.x-eventloop-thread-0) 💓 [HEARTBEAT] Invio heartbeat: {"stazioneId":"PA","stato":"ONLINE","timestamp":"2026-08-16T20:15:22.912247404Z","tipoEvento":"HEARTBEAT","bufferSize":0}
2026-08-16 22:15:32,917 INFO  [it.uni.reti2.HeartbeatGenerator] (vert.x-eventloop-thread-0) 💓 [HEARTBEAT] Invio heartbeat: {"stazioneId":"PA","stato":"ONLINE","timestamp":"2026-08-16T20:15:32.917845924Z","tipoEvento":"HEARTBEAT","bufferSize":0}
2026-08-16 22:15:42,912 INFO  [it.uni.reti2.HeartbeatGenerator] (vert.x-eventloop-thread-0) 💓 [HEARTBEAT] Invio heartbeat: {"stazioneId":"PA","stato":"ONLINE","timestamp":"2026-08-16T20:15:42.912448912Z","tipoEvento":"HEARTBEAT","bufferSize":0}
2026-08-16 22:15:52,912 INFO  [it.uni.reti2.HeartbeatGenerator] (vert.x-eventloop-thread-0) 💓 [HEARTBEAT] Invio heartbeat: {"stazioneId":"PA","stato":"ONLINE","timestamp":"2026-08-16T20:15:52.912261730Z","tipoEvento":"HEARTBEAT","bufferSize":0}
2026-08-16 22:16:02,918 INFO  [it.uni.reti2.HeartbeatGenerator] (vert.x-eventloop-thread-0) 💓 [HEARTBEAT] Invio heartbeat: {"stazioneId":"PA","stato":"ONLINE","timestamp":"2026-08-16T20:16:02.918438729Z","tipoEvento":"HEARTBEAT","bufferSize":0}
2026-08-16 22:16:12,912 INFO  [it.uni.reti2.HeartbeatGenerator] (vert.x-eventloop-thread-0) 💓 [HEARTBEAT] Invio heartbeat: {"stazioneId":"PA","stato":"ONLINE","timestamp":"2026-08-16T20:16:12.912413349Z","tipoEvento":"HEARTBEAT","bufferSize":0}
2026-08-16 22:16:22,915 INFO  [it.uni.reti2.HeartbeatGenerator] (vert.x-eventloop-thread-0) 💓 [HEARTBEAT] Invio heartbeat: {"stazioneId":"PA","stato":"ONLINE","timestamp":"2026-08-16T20:16:22.915097957Z","tipoEvento":"HEARTBEAT","bufferSize":0}
2026-08-16 22:16:32,920 INFO  [it.uni.reti2.HeartbeatGenerator] (vert.x-eventloop-thread-0) 💓 [HEARTBEAT] Invio heartbeat: {"stazioneId":"PA","stato":"ONLINE","timestamp":"2026-08-16T20:16:32.920350151Z","tipoEvento":"HEARTBEAT","bufferSize":0}
2026-08-16 22:16:42,910 INFO  [it.uni.reti2.HeartbeatGenerator] (vert.x-eventloop-thread-0) 💓 [HEARTBEAT] Invio heartbeat: {"stazioneId":"PA","stato":"ONLINE","timestamp":"2026-08-16T20:16:42.910910878Z","tipoEvento":"HEARTBEAT","bufferSize":0}
2026-08-16 22:16:52,915 INFO  [it.uni.reti2.HeartbeatGenerator] (vert.x-eventloop-thread-0) 💓 [HEARTBEAT] Invio heartbeat: {"stazioneId":"PA","stato":"ONLINE","timestamp":"2026-08-16T20:16:52.915437999Z","tipoEvento":"HEARTBEAT","bufferSize":0}
2026-08-16 22:17:02,911 INFO  [it.uni.reti2.HeartbeatGenerator] (vert.x-eventloop-thread-0) 💓 [HEARTBEAT] Invio heartbeat: {"stazioneId":"PA","stato":"ONLINE","timestamp":"2026-08-16T20:17:02.911445602Z","tipoEvento":"HEARTBEAT","bufferSize":0}
2026-08-16 22:17:12,912 INFO  [it.uni.reti2.HeartbeatGenerator] (vert.x-eventloop-thread-0) 💓 [HEARTBEAT] Invio heartbeat: {"stazioneId":"PA","stato":"ONLINE","timestamp":"2026-08-16T20:17:12.912718223Z","tipoEvento":"HEARTBEAT","bufferSize":0}
2026-08-16 22:17:22,912 INFO  [it.uni.reti2.HeartbeatGenerator] (vert.x-eventloop-thread-0) 💓 [HEARTBEAT] Invio heartbeat: {"stazioneId":"PA","stato":"ONLINE","timestamp":"2026-08-16T20:17:22.912321940Z","tipoEvento":"HEARTBEAT","bufferSize":0}
2026-08-16 22:17:32,913 INFO  [it.uni.reti2.HeartbeatGenerator] (vert.x-eventloop-thread-0) 💓 [HEARTBEAT] Invio heartbeat: {"stazioneId":"PA","stato":"ONLINE","timestamp":"2026-08-16T20:17:32.913086754Z","tipoEvento":"HEARTBEAT","bufferSize":0}
2026-08-16 22:17:42,912 INFO  [it.uni.reti2.HeartbeatGenerator] (vert.x-eventloop-thread-0) 💓 [HEARTBEAT] Invio heartbeat: {"stazioneId":"PA","stato":"ONLINE","timestamp":"2026-08-16T20:17:42.912498695Z","tipoEvento":"HEARTBEAT","bufferSize":0}
2026-08-16 22:17:52,914 INFO  [it.uni.reti2.HeartbeatGenerator] (vert.x-eventloop-thread-0) 💓 [HEARTBEAT] Invio heartbeat: {"stazioneId":"PA","stato":"ONLINE","timestamp":"2026-08-16T20:17:52.914704266Z","tipoEvento":"HEARTBEAT","bufferSize":0}
2026-08-16 22:18:02,915 INFO  [it.uni.reti2.HeartbeatGenerator] (vert.x-eventloop-thread-0) 💓 [HEARTBEAT] Invio heartbeat: {"stazioneId":"PA","stato":"ONLINE","timestamp":"2026-08-16T20:18:02.915185538Z","tipoEvento":"HEARTBEAT","bufferSize":0}
2026-08-16 22:18:12,912 INFO  [it.uni.reti2.HeartbeatGenerator] (vert.x-eventloop-thread-0) 💓 [HEARTBEAT] Invio heartbeat: {"stazioneId":"PA","stato":"ONLINE","timestamp":"2026-08-16T20:18:12.912457043Z","tipoEvento":"HEARTBEAT","bufferSize":0}
2026-08-16 22:18:22,915 INFO  [it.uni.reti2.HeartbeatGenerator] (vert.x-eventloop-thread-0) 💓 [HEARTBEAT] Invio heartbeat: {"stazioneId":"PA","stato":"ONLINE","timestamp":"2026-08-16T20:18:22.915451698Z","tipoEvento":"HEARTBEAT","bufferSize":0}
2026-08-16 22:18:32,911 INFO  [it.uni.reti2.HeartbeatGenerator] (vert.x-eventloop-thread-0) 💓 [HEARTBEAT] Invio heartbeat: {"stazioneId":"PA","stato":"ONLINE","timestamp":"2026-08-16T20:18:32.911762117Z","tipoEvento":"HEARTBEAT","bufferSize":0}
2026-08-16 22:18:42,911 INFO  [it.uni.reti2.HeartbeatGenerator] (vert.x-eventloop-thread-0) 💓 [HEARTBEAT] Invio heartbeat: {"stazioneId":"PA","stato":"ONLINE","timestamp":"2026-08-16T20:18:42.911465020Z","tipoEvento":"HEARTBEAT","bufferSize":0}
2026-08-16 22:18:52,916 INFO  [it.uni.reti2.HeartbeatGenerator] (vert.x-eventloop-thread-0) 💓 [HEARTBEAT] Invio heartbeat: {"stazioneId":"PA","stato":"ONLINE","timestamp":"2026-08-16T20:18:52.916780432Z","tipoEvento":"HEARTBEAT","bufferSize":0}
2026-08-16 22:19:02,912 INFO  [it.uni.reti2.HeartbeatGenerator] (vert.x-eventloop-thread-0) 💓 [HEARTBEAT] Invio heartbeat: {"stazioneId":"PA","stato":"ONLINE","timestamp":"2026-08-16T20:19:02.912010581Z","tipoEvento":"HEARTBEAT","bufferSize":0}
2026-08-16 22:19:12,913 INFO  [it.uni.reti2.HeartbeatGenerator] (vert.x-eventloop-thread-0) 💓 [HEARTBEAT] Invio heartbeat: {"stazioneId":"PA","stato":"ONLINE","timestamp":"2026-08-16T20:19:12.912968494Z","tipoEvento":"HEARTBEAT","bufferSize":0}
2026-08-16 22:19:22,917 INFO  [it.uni.reti2.HeartbeatGenerator] (vert.x-eventloop-thread-0) 💓 [HEARTBEAT] Invio heartbeat: {"stazioneId":"PA","stato":"ONLINE","timestamp":"2026-08-16T20:19:22.917684048Z","tipoEvento":"HEARTBEAT","bufferSize":0}
2026-08-16 22:19:32,912 INFO  [it.uni.reti2.HeartbeatGenerator] (vert.x-eventloop-thread-0) 💓 [HEARTBEAT] Invio heartbeat: {"stazioneId":"PA","stato":"ONLINE","timestamp":"2026-08-16T20:19:32.912438272Z","tipoEvento":"HEARTBEAT","bufferSize":0}
2026-08-16 22:19:42,913 INFO  [it.uni.reti2.HeartbeatGenerator] (vert.x-eventloop-thread-0) 💓 [HEARTBEAT] Invio heartbeat: {"stazioneId":"PA","stato":"ONLINE","timestamp":"2026-08-16T20:19:42.913171648Z","tipoEvento":"HEARTBEAT","bufferSize":0}
2026-08-16 22:19:52,918 INFO  [it.uni.reti2.HeartbeatGenerator] (vert.x-eventloop-thread-0) 💓 [HEARTBEAT] Invio heartbeat: {"stazioneId":"PA","stato":"ONLINE","timestamp":"2026-08-16T20:19:52.918465710Z","tipoEvento":"HEARTBEAT","bufferSize":0}
2026-08-16 22:20:02,914 INFO  [it.uni.reti2.HeartbeatGenerator] (vert.x-eventloop-thread-0) 💓 [HEARTBEAT] Invio heartbeat: {"stazioneId":"PA","stato":"ONLINE","timestamp":"2026-08-16T20:20:02.914819121Z","tipoEvento":"HEARTBEAT","bufferSize":0}
2026-08-16 22:20:12,912 INFO  [it.uni.reti2.HeartbeatGenerator] (vert.x-eventloop-thread-0) 💓 [HEARTBEAT] Invio heartbeat: {"stazioneId":"PA","stato":"ONLINE","timestamp":"2026-08-16T20:20:12.912897762Z","tipoEvento":"HEARTBEAT","bufferSize":0}
2026-08-16 22:20:22,921 INFO  [it.uni.reti2.HeartbeatGenerator] (vert.x-eventloop-thread-0) 💓 [HEARTBEAT] Invio heartbeat: {"stazioneId":"PA","stato":"ONLINE","timestamp":"2026-08-16T20:20:22.921142248Z","tipoEvento":"HEARTBEAT","bufferSize":0}
2026-08-16 22:20:32,916 INFO  [it.uni.reti2.HeartbeatGenerator] (vert.x-eventloop-thread-0) 💓 [HEARTBEAT] Invio heartbeat: {"stazioneId":"PA","stato":"ONLINE","timestamp":"2026-08-16T20:20:32.916481424Z","tipoEvento":"HEARTBEAT","bufferSize":0}
2026-08-16 22:20:42,913 INFO  [it.uni.reti2.HeartbeatGenerator] (vert.x-eventloop-thread-0) 💓 [HEARTBEAT] Invio heartbeat: {"stazioneId":"PA","stato":"ONLINE","timestamp":"2026-08-16T20:20:42.913153598Z","tipoEvento":"HEARTBEAT","bufferSize":0}
2026-08-16 22:20:52,912 INFO  [it.uni.reti2.HeartbeatGenerator] (vert.x-eventloop-thread-0) 💓 [HEARTBEAT] Invio heartbeat: {"stazioneId":"PA","stato":"ONLINE","timestamp":"2026-08-16T20:20:52.912819125Z","tipoEvento":"HEARTBEAT","bufferSize":0}
2026-08-16 22:21:02,933 INFO  [it.uni.reti2.HeartbeatGenerator] (vert.x-eventloop-thread-0) 💓 [HEARTBEAT] Invio heartbeat: {"stazioneId":"PA","stato":"ONLINE","timestamp":"2026-08-16T20:21:02.918469086Z","tipoEvento":"HEARTBEAT","bufferSize":0}
2026-08-16 22:21:12,914 INFO  [it.uni.reti2.HeartbeatGenerator] (vert.x-eventloop-thread-0) 💓 [HEARTBEAT] Invio heartbeat: {"stazioneId":"PA","stato":"ONLINE","timestamp":"2026-08-16T20:21:12.914283911Z","tipoEvento":"HEARTBEAT","bufferSize":0}
2026-08-16 22:21:22,915 INFO  [it.uni.reti2.HeartbeatGenerator] (vert.x-eventloop-thread-0) 💓 [HEARTBEAT] Invio heartbeat: {"stazioneId":"PA","stato":"ONLINE","timestamp":"2026-08-16T20:21:22.915241927Z","tipoEvento":"HEARTBEAT","bufferSize":0}
2026-08-16 22:21:32,920 INFO  [it.uni.reti2.HeartbeatGenerator] (vert.x-eventloop-thread-0) 💓 [HEARTBEAT] Invio heartbeat: {"stazioneId":"PA","stato":"ONLINE","timestamp":"2026-08-16T20:21:32.919955818Z","tipoEvento":"HEARTBEAT","bufferSize":0}
2026-08-16 22:21:42,913 INFO  [it.uni.reti2.HeartbeatGenerator] (vert.x-eventloop-thread-0) 💓 [HEARTBEAT] Invio heartbeat: {"stazioneId":"PA","stato":"ONLINE","timestamp":"2026-08-16T20:21:42.913175404Z","tipoEvento":"HEARTBEAT","bufferSize":0}
2026-08-16 22:21:52,915 INFO  [it.uni.reti2.HeartbeatGenerator] (vert.x-eventloop-thread-0) 💓 [HEARTBEAT] Invio heartbeat: {"stazioneId":"PA","stato":"ONLINE","timestamp":"2026-08-16T20:21:52.915499833Z","tipoEvento":"HEARTBEAT","bufferSize":0}
2026-08-16 22:22:02,917 INFO  [it.uni.reti2.HeartbeatGenerator] (vert.x-eventloop-thread-0) 💓 [HEARTBEAT] Invio heartbeat: {"stazioneId":"PA","stato":"ONLINE","timestamp":"2026-08-16T20:22:02.917836055Z","tipoEvento":"HEARTBEAT","bufferSize":0}
2026-08-16 22:22:12,913 INFO  [it.uni.reti2.HeartbeatGenerator] (vert.x-eventloop-thread-0) 💓 [HEARTBEAT] Invio heartbeat: {"stazioneId":"PA","stato":"ONLINE","timestamp":"2026-08-16T20:22:12.913043807Z","tipoEvento":"HEARTBEAT","bufferSize":0}
2026-08-16 22:22:22,915 INFO  [it.uni.reti2.HeartbeatGenerator] (vert.x-eventloop-thread-0) 💓 [HEARTBEAT] Invio heartbeat: {"stazioneId":"PA","stato":"ONLINE","timestamp":"2026-08-16T20:22:22.915446148Z","tipoEvento":"HEARTBEAT","bufferSize":0}
2026-08-16 22:22:32,920 INFO  [it.uni.reti2.HeartbeatGenerator] (vert.x-eventloop-thread-0) 💓 [HEARTBEAT] Invio heartbeat: {"stazioneId":"PA","stato":"ONLINE","timestamp":"2026-08-16T20:22:32.920523218Z","tipoEvento":"HEARTBEAT","bufferSize":0}
2026-08-16 22:22:42,912 INFO  [it.uni.reti2.HeartbeatGenerator] (vert.x-eventloop-thread-0) 💓 [HEARTBEAT] Invio heartbeat: {"stazioneId":"PA","stato":"ONLINE","timestamp":"2026-08-16T20:22:42.912719082Z","tipoEvento":"HEARTBEAT","bufferSize":0}
2026-08-16 22:22:52,912 INFO  [it.uni.reti2.HeartbeatGenerator] (vert.x-eventloop-thread-0) 💓 [HEARTBEAT] Invio heartbeat: {"stazioneId":"PA","stato":"ONLINE","timestamp":"2026-08-16T20:22:52.912920104Z","tipoEvento":"HEARTBEAT","bufferSize":0}
2026-08-16 22:23:02,911 INFO  [it.uni.reti2.HeartbeatGenerator] (vert.x-eventloop-thread-0) 💓 [HEARTBEAT] Invio heartbeat: {"stazioneId":"PA","stato":"ONLINE","timestamp":"2026-08-16T20:23:02.911507589Z","tipoEvento":"HEARTBEAT","bufferSize":0}
2026-08-16 22:23:12,912 INFO  [it.uni.reti2.HeartbeatGenerator] (vert.x-eventloop-thread-0) 💓 [HEARTBEAT] Invio heartbeat: {"stazioneId":"PA","stato":"ONLINE","timestamp":"2026-08-16T20:23:12.912804749Z","tipoEvento":"HEARTBEAT","bufferSize":0}
2026-08-16 22:23:22,913 INFO  [it.uni.reti2.HeartbeatGenerator] (vert.x-eventloop-thread-0) 💓 [HEARTBEAT] Invio heartbeat: {"stazioneId":"PA","stato":"ONLINE","timestamp":"2026-08-16T20:23:22.912978075Z","tipoEvento":"HEARTBEAT","bufferSize":0}
2026-08-16 22:23:32,912 INFO  [it.uni.reti2.HeartbeatGenerator] (vert.x-eventloop-thread-0) 💓 [HEARTBEAT] Invio heartbeat: {"stazioneId":"PA","stato":"ONLINE","timestamp":"2026-08-16T20:23:32.912489249Z","tipoEvento":"HEARTBEAT","bufferSize":0}
2026-08-16 22:23:42,917 INFO  [it.uni.reti2.HeartbeatGenerator] (vert.x-eventloop-thread-0) 💓 [HEARTBEAT] Invio heartbeat: {"stazioneId":"PA","stato":"ONLINE","timestamp":"2026-08-16T20:23:42.913062299Z","tipoEvento":"HEARTBEAT","bufferSize":0}
2026-08-16 22:23:52,913 INFO  [it.uni.reti2.HeartbeatGenerator] (vert.x-eventloop-thread-0) 💓 [HEARTBEAT] Invio heartbeat: {"stazioneId":"PA","stato":"ONLINE","timestamp":"2026-08-16T20:23:52.913003176Z","tipoEvento":"HEARTBEAT","bufferSize":0}
2026-08-16 22:24:02,912 INFO  [it.uni.reti2.HeartbeatGenerator] (vert.x-eventloop-thread-0) 💓 [HEARTBEAT] Invio heartbeat: {"stazioneId":"PA","stato":"ONLINE","timestamp":"2026-08-16T20:24:02.912422116Z","tipoEvento":"HEARTBEAT","bufferSize":0}
2026-08-16 22:24:12,914 INFO  [it.uni.reti2.HeartbeatGenerator] (vert.x-eventloop-thread-0) 💓 [HEARTBEAT] Invio heartbeat: {"stazioneId":"PA","stato":"ONLINE","timestamp":"2026-08-16T20:24:12.914483319Z","tipoEvento":"HEARTBEAT","bufferSize":0}
2026-08-16 22:24:22,915 INFO  [it.uni.reti2.HeartbeatGenerator] (vert.x-eventloop-thread-0) 💓 [HEARTBEAT] Invio heartbeat: {"stazioneId":"PA","stato":"ONLINE","timestamp":"2026-08-16T20:24:22.913481216Z","tipoEvento":"HEARTBEAT","bufferSize":0}
2026-08-16 22:24:32,914 INFO  [it.uni.reti2.HeartbeatGenerator] (vert.x-eventloop-thread-0) 💓 [HEARTBEAT] Invio heartbeat: {"stazioneId":"PA","stato":"ONLINE","timestamp":"2026-08-16T20:24:32.914523957Z","tipoEvento":"HEARTBEAT","bufferSize":0}
2026-08-16 22:24:42,912 INFO  [it.uni.reti2.HeartbeatGenerator] (vert.x-eventloop-thread-0) 💓 [HEARTBEAT] Invio heartbeat: {"stazioneId":"PA","stato":"ONLINE","timestamp":"2026-08-16T20:24:42.912799537Z","tipoEvento":"HEARTBEAT","bufferSize":0}
2026-08-16 22:24:52,919 INFO  [it.uni.reti2.HeartbeatGenerator] (vert.x-eventloop-thread-0) 💓 [HEARTBEAT] Invio heartbeat: {"stazioneId":"PA","stato":"ONLINE","timestamp":"2026-08-16T20:24:52.916523255Z","tipoEvento":"HEARTBEAT","bufferSize":0}
2026-08-16 22:25:02,916 INFO  [it.uni.reti2.HeartbeatGenerator] (vert.x-eventloop-thread-0) 💓 [HEARTBEAT] Invio heartbeat: {"stazioneId":"PA","stato":"ONLINE","timestamp":"2026-08-16T20:25:02.912475508Z","tipoEvento":"HEARTBEAT","bufferSize":0}
2026-08-16 22:25:12,912 INFO  [it.uni.reti2.HeartbeatGenerator] (vert.x-eventloop-thread-0) 💓 [HEARTBEAT] Invio heartbeat: {"stazioneId":"PA","stato":"ONLINE","timestamp":"2026-08-16T20:25:12.912432661Z","tipoEvento":"HEARTBEAT","bufferSize":0}
2026-08-16 22:25:22,917 INFO  [it.uni.reti2.HeartbeatGenerator] (vert.x-eventloop-thread-0) 💓 [HEARTBEAT] Invio heartbeat: {"stazioneId":"PA","stato":"ONLINE","timestamp":"2026-08-16T20:25:22.917802012Z","tipoEvento":"HEARTBEAT","bufferSize":0}
2026-08-16 22:25:32,912 INFO  [it.uni.reti2.HeartbeatGenerator] (vert.x-eventloop-thread-0) 💓 [HEARTBEAT] Invio heartbeat: {"stazioneId":"PA","stato":"ONLINE","timestamp":"2026-08-16T20:25:32.912455983Z","tipoEvento":"HEARTBEAT","bufferSize":0}
2026-08-16 22:25:42,911 INFO  [it.uni.reti2.HeartbeatGenerator] (vert.x-eventloop-thread-0) 💓 [HEARTBEAT] Invio heartbeat: {"stazioneId":"PA","stato":"ONLINE","timestamp":"2026-08-16T20:25:42.911708525Z","tipoEvento":"HEARTBEAT","bufferSize":0}
2026-08-16 22:25:52,920 INFO  [it.uni.reti2.HeartbeatGenerator] (vert.x-eventloop-thread-0) 💓 [HEARTBEAT] Invio heartbeat: {"stazioneId":"PA","stato":"ONLINE","timestamp":"2026-08-16T20:25:52.920011411Z","tipoEvento":"HEARTBEAT","bufferSize":0}
2026-08-16 22:26:02,915 INFO  [it.uni.reti2.HeartbeatGenerator] (vert.x-eventloop-thread-0) 💓 [HEARTBEAT] Invio heartbeat: {"stazioneId":"PA","stato":"ONLINE","timestamp":"2026-08-16T20:26:02.915166050Z","tipoEvento":"HEARTBEAT","bufferSize":0}
2026-08-16 22:26:12,912 INFO  [it.uni.reti2.HeartbeatGenerator] (vert.x-eventloop-thread-0) 💓 [HEARTBEAT] Invio heartbeat: {"stazioneId":"PA","stato":"ONLINE","timestamp":"2026-08-16T20:26:12.912183279Z","tipoEvento":"HEARTBEAT","bufferSize":0}
2026-08-16 22:26:22,920 INFO  [it.uni.reti2.HeartbeatGenerator] (vert.x-eventloop-thread-0) 💓 [HEARTBEAT] Invio heartbeat: {"stazioneId":"PA","stato":"ONLINE","timestamp":"2026-08-16T20:26:22.920667521Z","tipoEvento":"HEARTBEAT","bufferSize":0}
2026-08-16 22:26:32,917 INFO  [it.uni.reti2.HeartbeatGenerator] (vert.x-eventloop-thread-0) 💓 [HEARTBEAT] Invio heartbeat: {"stazioneId":"PA","stato":"ONLINE","timestamp":"2026-08-16T20:26:32.917118134Z","tipoEvento":"HEARTBEAT","bufferSize":0}
2026-08-16 22:26:42,913 INFO  [it.uni.reti2.HeartbeatGenerator] (vert.x-eventloop-thread-0) 💓 [HEARTBEAT] Invio heartbeat: {"stazioneId":"PA","stato":"ONLINE","timestamp":"2026-08-16T20:26:42.913098542Z","tipoEvento":"HEARTBEAT","bufferSize":0}
2026-08-16 22:26:52,912 INFO  [it.uni.reti2.HeartbeatGenerator] (vert.x-eventloop-thread-0) 💓 [HEARTBEAT] Invio heartbeat: {"stazioneId":"PA","stato":"ONLINE","timestamp":"2026-08-16T20:26:52.912313192Z","tipoEvento":"HEARTBEAT","bufferSize":0}
2026-08-16 22:27:02,918 INFO  [it.uni.reti2.HeartbeatGenerator] (vert.x-eventloop-thread-0) 💓 [HEARTBEAT] Invio heartbeat: {"stazioneId":"PA","stato":"ONLINE","timestamp":"2026-08-16T20:27:02.918465243Z","tipoEvento":"HEARTBEAT","bufferSize":0}
2026-08-16 22:27:12,912 INFO  [it.uni.reti2.HeartbeatGenerator] (vert.x-eventloop-thread-0) 💓 [HEARTBEAT] Invio heartbeat: {"stazioneId":"PA","stato":"ONLINE","timestamp":"2026-08-16T20:27:12.912257858Z","tipoEvento":"HEARTBEAT","bufferSize":0}
2026-08-16 22:27:22,916 INFO  [it.uni.reti2.HeartbeatGenerator] (vert.x-eventloop-thread-0) 💓 [HEARTBEAT] Invio heartbeat: {"stazioneId":"PA","stato":"ONLINE","timestamp":"2026-08-16T20:27:22.916019932Z","tipoEvento":"HEARTBEAT","bufferSize":0}
2026-08-16 22:27:32,913 INFO  [it.uni.reti2.HeartbeatGenerator] (vert.x-eventloop-thread-0) 💓 [HEARTBEAT] Invio heartbeat: {"stazioneId":"PA","stato":"ONLINE","timestamp":"2026-08-16T20:27:32.913007901Z","tipoEvento":"HEARTBEAT","bufferSize":0}
2026-08-16 22:27:42,912 INFO  [it.uni.reti2.HeartbeatGenerator] (vert.x-eventloop-thread-0) 💓 [HEARTBEAT] Invio heartbeat: {"stazioneId":"PA","stato":"ONLINE","timestamp":"2026-08-16T20:27:42.912916245Z","tipoEvento":"HEARTBEAT","bufferSize":0}
2026-08-16 22:27:52,912 INFO  [it.uni.reti2.HeartbeatGenerator] (vert.x-eventloop-thread-0) 💓 [HEARTBEAT] Invio heartbeat: {"stazioneId":"PA","stato":"ONLINE","timestamp":"2026-08-16T20:27:52.912449809Z","tipoEvento":"HEARTBEAT","bufferSize":0}
2026-08-16 22:28:02,912 INFO  [it.uni.reti2.HeartbeatGenerator] (vert.x-eventloop-thread-0) 💓 [HEARTBEAT] Invio heartbeat: {"stazioneId":"PA","stato":"ONLINE","timestamp":"2026-08-16T20:28:02.912913909Z","tipoEvento":"HEARTBEAT","bufferSize":0}
2026-08-16 22:28:12,912 INFO  [it.uni.reti2.HeartbeatGenerator] (vert.x-eventloop-thread-0) 💓 [HEARTBEAT] Invio heartbeat: {"stazioneId":"PA","stato":"ONLINE","timestamp":"2026-08-16T20:28:12.912417842Z","tipoEvento":"HEARTBEAT","bufferSize":0}
2026-08-16 22:28:22,912 INFO  [it.uni.reti2.HeartbeatGenerator] (vert.x-eventloop-thread-0) 💓 [HEARTBEAT] Invio heartbeat: {"stazioneId":"PA","stato":"ONLINE","timestamp":"2026-08-16T20:28:22.912740207Z","tipoEvento":"HEARTBEAT","bufferSize":0}
2026-08-16 22:28:32,913 INFO  [it.uni.reti2.HeartbeatGenerator] (vert.x-eventloop-thread-0) 💓 [HEARTBEAT] Invio heartbeat: {"stazioneId":"PA","stato":"ONLINE","timestamp":"2026-08-16T20:28:32.913492571Z","tipoEvento":"HEARTBEAT","bufferSize":0}
2026-08-16 22:28:42,912 INFO  [it.uni.reti2.HeartbeatGenerator] (vert.x-eventloop-thread-0) 💓 [HEARTBEAT] Invio heartbeat: {"stazioneId":"PA","stato":"ONLINE","timestamp":"2026-08-16T20:28:42.912862312Z","tipoEvento":"HEARTBEAT","bufferSize":0}
2026-08-16 22:28:52,916 INFO  [it.uni.reti2.HeartbeatGenerator] (vert.x-eventloop-thread-0) 💓 [HEARTBEAT] Invio heartbeat: {"stazioneId":"PA","stato":"ONLINE","timestamp":"2026-08-16T20:28:52.913835619Z","tipoEvento":"HEARTBEAT","bufferSize":0}
2026-08-16 22:29:02,915 INFO  [it.uni.reti2.HeartbeatGenerator] (vert.x-eventloop-thread-0) 💓 [HEARTBEAT] Invio heartbeat: {"stazioneId":"PA","stato":"ONLINE","timestamp":"2026-08-16T20:29:02.915070645Z","tipoEvento":"HEARTBEAT","bufferSize":0}
2026-08-16 22:29:12,912 INFO  [it.uni.reti2.HeartbeatGenerator] (vert.x-eventloop-thread-0) 💓 [HEARTBEAT] Invio heartbeat: {"stazioneId":"PA","stato":"ONLINE","timestamp":"2026-08-16T20:29:12.912214059Z","tipoEvento":"HEARTBEAT","bufferSize":0}
2026-08-16 22:29:22,915 INFO  [it.uni.reti2.HeartbeatGenerator] (vert.x-eventloop-thread-0) 💓 [HEARTBEAT] Invio heartbeat: {"stazioneId":"PA","stato":"ONLINE","timestamp":"2026-08-16T20:29:22.915848499Z","tipoEvento":"HEARTBEAT","bufferSize":0}
2026-08-16 22:29:32,911 INFO  [it.uni.reti2.HeartbeatGenerator] (vert.x-eventloop-thread-0) 💓 [HEARTBEAT] Invio heartbeat: {"stazioneId":"PA","stato":"ONLINE","timestamp":"2026-08-16T20:29:32.911707729Z","tipoEvento":"HEARTBEAT","bufferSize":0}
2026-08-16 22:29:42,913 INFO  [it.uni.reti2.HeartbeatGenerator] (vert.x-eventloop-thread-0) 💓 [HEARTBEAT] Invio heartbeat: {"stazioneId":"PA","stato":"ONLINE","timestamp":"2026-08-16T20:29:42.912985744Z","tipoEvento":"HEARTBEAT","bufferSize":0}
2026-08-16 22:29:52,917 INFO  [it.uni.reti2.HeartbeatGenerator] (vert.x-eventloop-thread-0) 💓 [HEARTBEAT] Invio heartbeat: {"stazioneId":"PA","stato":"ONLINE","timestamp":"2026-08-16T20:29:52.917031982Z","tipoEvento":"HEARTBEAT","bufferSize":0}
2026-08-16 22:30:02,912 INFO  [it.uni.reti2.HeartbeatGenerator] (vert.x-eventloop-thread-0) 💓 [HEARTBEAT] Invio heartbeat: {"stazioneId":"PA","stato":"ONLINE","timestamp":"2026-08-16T20:30:02.912029810Z","tipoEvento":"HEARTBEAT","bufferSize":0}
2026-08-16 22:30:12,911 INFO  [it.uni.reti2.HeartbeatGenerator] (vert.x-eventloop-thread-0) 💓 [HEARTBEAT] Invio heartbeat: {"stazioneId":"PA","stato":"ONLINE","timestamp":"2026-08-16T20:30:12.911750777Z","tipoEvento":"HEARTBEAT","bufferSize":0}
2026-08-16 22:30:22,912 INFO  [it.uni.reti2.HeartbeatGenerator] (vert.x-eventloop-thread-0) 💓 [HEARTBEAT] Invio heartbeat: {"stazioneId":"PA","stato":"ONLINE","timestamp":"2026-08-16T20:30:22.912823481Z","tipoEvento":"HEARTBEAT","bufferSize":0}
2026-08-16 22:30:32,914 INFO  [it.uni.reti2.HeartbeatGenerator] (vert.x-eventloop-thread-0) 💓 [HEARTBEAT] Invio heartbeat: {"stazioneId":"PA","stato":"ONLINE","timestamp":"2026-08-16T20:30:32.914541319Z","tipoEvento":"HEARTBEAT","bufferSize":0}
2026-08-16 22:30:42,912 INFO  [it.uni.reti2.HeartbeatGenerator] (vert.x-eventloop-thread-0) 💓 [HEARTBEAT] Invio heartbeat: {"stazioneId":"PA","stato":"ONLINE","timestamp":"2026-08-16T20:30:42.912460010Z","tipoEvento":"HEARTBEAT","bufferSize":0}
2026-08-16 22:30:52,917 INFO  [it.uni.reti2.HeartbeatGenerator] (vert.x-eventloop-thread-0) 💓 [HEARTBEAT] Invio heartbeat: {"stazioneId":"PA","stato":"ONLINE","timestamp":"2026-08-16T20:30:52.917013511Z","tipoEvento":"HEARTBEAT","bufferSize":0}
2026-08-16 22:31:02,915 INFO  [it.uni.reti2.HeartbeatGenerator] (vert.x-eventloop-thread-0) 💓 [HEARTBEAT] Invio heartbeat: {"stazioneId":"PA","stato":"ONLINE","timestamp":"2026-08-16T20:31:02.915443882Z","tipoEvento":"HEARTBEAT","bufferSize":0}
2026-08-16 22:31:12,912 INFO  [it.uni.reti2.HeartbeatGenerator] (vert.x-eventloop-thread-0) 💓 [HEARTBEAT] Invio heartbeat: {"stazioneId":"PA","stato":"ONLINE","timestamp":"2026-08-16T20:31:12.912522018Z","tipoEvento":"HEARTBEAT","bufferSize":0}
2026-08-16 22:31:22,919 INFO  [it.uni.reti2.HeartbeatGenerator] (vert.x-eventloop-thread-0) 💓 [HEARTBEAT] Invio heartbeat: {"stazioneId":"PA","stato":"ONLINE","timestamp":"2026-08-16T20:31:22.919847228Z","tipoEvento":"HEARTBEAT","bufferSize":0}
2026-08-16 22:31:32,916 INFO  [it.uni.reti2.HeartbeatGenerator] (vert.x-eventloop-thread-0) 💓 [HEARTBEAT] Invio heartbeat: {"stazioneId":"PA","stato":"ONLINE","timestamp":"2026-08-16T20:31:32.916059269Z","tipoEvento":"HEARTBEAT","bufferSize":0}
2026-08-16 22:31:42,910 INFO  [it.uni.reti2.HeartbeatGenerator] (vert.x-eventloop-thread-0) 💓 [HEARTBEAT] Invio heartbeat: {"stazioneId":"PA","stato":"ONLINE","timestamp":"2026-08-16T20:31:42.910431384Z","tipoEvento":"HEARTBEAT","bufferSize":0}
2026-08-16 22:31:52,911 INFO  [it.uni.reti2.HeartbeatGenerator] (vert.x-eventloop-thread-0) 💓 [HEARTBEAT] Invio heartbeat: {"stazioneId":"PA","stato":"ONLINE","timestamp":"2026-08-16T20:31:52.911460622Z","tipoEvento":"HEARTBEAT","bufferSize":0}
2026-08-16 22:32:02,912 INFO  [it.uni.reti2.HeartbeatGenerator] (vert.x-eventloop-thread-0) 💓 [HEARTBEAT] Invio heartbeat: {"stazioneId":"PA","stato":"ONLINE","timestamp":"2026-08-16T20:32:02.912282301Z","tipoEvento":"HEARTBEAT","bufferSize":0}
2026-08-16 22:32:12,912 INFO  [it.uni.reti2.HeartbeatGenerator] (vert.x-eventloop-thread-0) 💓 [HEARTBEAT] Invio heartbeat: {"stazioneId":"PA","stato":"ONLINE","timestamp":"2026-08-16T20:32:12.912648839Z","tipoEvento":"HEARTBEAT","bufferSize":0}
2026-08-16 22:32:22,914 INFO  [it.uni.reti2.HeartbeatGenerator] (vert.x-eventloop-thread-0) 💓 [HEARTBEAT] Invio heartbeat: {"stazioneId":"PA","stato":"ONLINE","timestamp":"2026-08-16T20:32:22.912444534Z","tipoEvento":"HEARTBEAT","bufferSize":0}
2026-08-16 22:32:32,919 INFO  [it.uni.reti2.HeartbeatGenerator] (vert.x-eventloop-thread-0) 💓 [HEARTBEAT] Invio heartbeat: {"stazioneId":"PA","stato":"ONLINE","timestamp":"2026-08-16T20:32:32.919032683Z","tipoEvento":"HEARTBEAT","bufferSize":0}
2026-08-16 22:32:42,911 INFO  [it.uni.reti2.HeartbeatGenerator] (vert.x-eventloop-thread-0) 💓 [HEARTBEAT] Invio heartbeat: {"stazioneId":"PA","stato":"ONLINE","timestamp":"2026-08-16T20:32:42.911757877Z","tipoEvento":"HEARTBEAT","bufferSize":0}
2026-08-16 22:32:52,913 INFO  [it.uni.reti2.HeartbeatGenerator] (vert.x-eventloop-thread-0) 💓 [HEARTBEAT] Invio heartbeat: {"stazioneId":"PA","stato":"ONLINE","timestamp":"2026-08-16T20:32:52.913483664Z","tipoEvento":"HEARTBEAT","bufferSize":0}
2026-08-16 22:33:02,917 INFO  [it.uni.reti2.HeartbeatGenerator] (vert.x-eventloop-thread-0) 💓 [HEARTBEAT] Invio heartbeat: {"stazioneId":"PA","stato":"ONLINE","timestamp":"2026-08-16T20:33:02.917852689Z","tipoEvento":"HEARTBEAT","bufferSize":0}
2026-08-16 22:33:12,911 INFO  [it.uni.reti2.HeartbeatGenerator] (vert.x-eventloop-thread-0) 💓 [HEARTBEAT] Invio heartbeat: {"stazioneId":"PA","stato":"ONLINE","timestamp":"2026-08-16T20:33:12.911419004Z","tipoEvento":"HEARTBEAT","bufferSize":0}
2026-08-16 22:33:22,914 INFO  [it.uni.reti2.HeartbeatGenerator] (vert.x-eventloop-thread-0) 💓 [HEARTBEAT] Invio heartbeat: {"stazioneId":"PA","stato":"ONLINE","timestamp":"2026-08-16T20:33:22.914455472Z","tipoEvento":"HEARTBEAT","bufferSize":0}
2026-08-16 22:33:32,925 INFO  [it.uni.reti2.HeartbeatGenerator] (vert.x-eventloop-thread-0) 💓 [HEARTBEAT] Invio heartbeat: {"stazioneId":"PA","stato":"ONLINE","timestamp":"2026-08-16T20:33:32.920920461Z","tipoEvento":"HEARTBEAT","bufferSize":0}
2026-08-16 22:33:42,911 INFO  [it.uni.reti2.HeartbeatGenerator] (vert.x-eventloop-thread-0) 💓 [HEARTBEAT] Invio heartbeat: {"stazioneId":"PA","stato":"ONLINE","timestamp":"2026-08-16T20:33:42.911477797Z","tipoEvento":"HEARTBEAT","bufferSize":0}
2026-08-16 22:33:52,911 INFO  [it.uni.reti2.HeartbeatGenerator] (vert.x-eventloop-thread-0) 💓 [HEARTBEAT] Invio heartbeat: {"stazioneId":"PA","stato":"ONLINE","timestamp":"2026-08-16T20:33:52.911770282Z","tipoEvento":"HEARTBEAT","bufferSize":0}
2026-08-16 22:34:02,911 INFO  [it.uni.reti2.HeartbeatGenerator] (vert.x-eventloop-thread-0) 💓 [HEARTBEAT] Invio heartbeat: {"stazioneId":"PA","stato":"ONLINE","timestamp":"2026-08-16T20:34:02.911423719Z","tipoEvento":"HEARTBEAT","bufferSize":0}
2026-08-16 22:34:12,911 INFO  [it.uni.reti2.HeartbeatGenerator] (vert.x-eventloop-thread-0) 💓 [HEARTBEAT] Invio heartbeat: {"stazioneId":"PA","stato":"ONLINE","timestamp":"2026-08-16T20:34:12.911465783Z","tipoEvento":"HEARTBEAT","bufferSize":0}
2026-08-16 22:34:22,912 INFO  [it.uni.reti2.HeartbeatGenerator] (vert.x-eventloop-thread-0) 💓 [HEARTBEAT] Invio heartbeat: {"stazioneId":"PA","stato":"ONLINE","timestamp":"2026-08-16T20:34:22.912865764Z","tipoEvento":"HEARTBEAT","bufferSize":0}
2026-08-16 22:34:32,911 INFO  [it.uni.reti2.HeartbeatGenerator] (vert.x-eventloop-thread-0) 💓 [HEARTBEAT] Invio heartbeat: {"stazioneId":"PA","stato":"ONLINE","timestamp":"2026-08-16T20:34:32.911453919Z","tipoEvento":"HEARTBEAT","bufferSize":0}
2026-08-16 22:34:42,912 INFO  [it.uni.reti2.HeartbeatGenerator] (vert.x-eventloop-thread-0) 💓 [HEARTBEAT] Invio heartbeat: {"stazioneId":"PA","stato":"ONLINE","timestamp":"2026-08-16T20:34:42.912437647Z","tipoEvento":"HEARTBEAT","bufferSize":0}
2026-08-16 22:34:52,913 INFO  [it.uni.reti2.HeartbeatGenerator] (vert.x-eventloop-thread-0) 💓 [HEARTBEAT] Invio heartbeat: {"stazioneId":"PA","stato":"ONLINE","timestamp":"2026-08-16T20:34:52.913835674Z","tipoEvento":"HEARTBEAT","bufferSize":0}
2026-08-16 22:35:02,914 INFO  [it.uni.reti2.HeartbeatGenerator] (vert.x-eventloop-thread-0) 💓 [HEARTBEAT] Invio heartbeat: {"stazioneId":"PA","stato":"ONLINE","timestamp":"2026-08-16T20:35:02.914023138Z","tipoEvento":"HEARTBEAT","bufferSize":0}
2026-08-16 22:35:12,912 INFO  [it.uni.reti2.HeartbeatGenerator] (vert.x-eventloop-thread-0) 💓 [HEARTBEAT] Invio heartbeat: {"stazioneId":"PA","stato":"ONLINE","timestamp":"2026-08-16T20:35:12.912440834Z","tipoEvento":"HEARTBEAT","bufferSize":0}
2026-08-16 22:35:22,913 INFO  [it.uni.reti2.HeartbeatGenerator] (vert.x-eventloop-thread-0) 💓 [HEARTBEAT] Invio heartbeat: {"stazioneId":"PA","stato":"ONLINE","timestamp":"2026-08-16T20:35:22.913437918Z","tipoEvento":"HEARTBEAT","bufferSize":0}
2026-08-16 22:35:32,800 WARN  [it.uni.reti2.StationGateway] (vert.x-eventloop-thread-3) 🚨 [ALERT RICEVUTO] La Centrale dice: {"tipoEvento":"ITINERARIO_AGGIORNATO","target":"MEM_TRN_bd0d","timestamp":"2026-08-16T20:35:32.726416105Z"}
2026-08-16 22:35:32,802 WARN  [it.uni.reti2.StationGateway] (vert.x-eventloop-thread-3) 🚨 [ALERT RICEVUTO] La Centrale dice: {"tipoEvento":"ITINERARIO_AGGIORNATO","target":"MEM_TRN_bd0d","timestamp":"2026-08-16T20:35:32.765759805Z"}
2026-08-16 22:35:32,911 INFO  [it.uni.reti2.HeartbeatGenerator] (vert.x-eventloop-thread-0) 💓 [HEARTBEAT] Invio heartbeat: {"stazioneId":"PA","stato":"ONLINE","timestamp":"2026-08-16T20:35:32.911302093Z","tipoEvento":"HEARTBEAT","bufferSize":0}
2026-08-16 22:35:32,988 WARN  [it.uni.reti2.StationGateway] (vert.x-eventloop-thread-3) 🚨 [ALERT RICEVUTO] La Centrale dice: {"tipoEvento":"STOP","target":"MEM_TRN_bd0d","motivo":"Treno eliminato da operatore","timestamp":"2026-08-16T20:35:32.987501735Z"}
2026-08-16 22:35:42,912 INFO  [it.uni.reti2.HeartbeatGenerator] (vert.x-eventloop-thread-0) 💓 [HEARTBEAT] Invio heartbeat: {"stazioneId":"PA","stato":"ONLINE","timestamp":"2026-08-16T20:35:42.912709554Z","tipoEvento":"HEARTBEAT","bufferSize":0}
2026-08-16 22:35:52,915 INFO  [it.uni.reti2.HeartbeatGenerator] (vert.x-eventloop-thread-0) 💓 [HEARTBEAT] Invio heartbeat: {"stazioneId":"PA","stato":"ONLINE","timestamp":"2026-08-16T20:35:52.915547533Z","tipoEvento":"HEARTBEAT","bufferSize":0}
2026-08-16 22:36:02,917 INFO  [it.uni.reti2.HeartbeatGenerator] (vert.x-eventloop-thread-0) 💓 [HEARTBEAT] Invio heartbeat: {"stazioneId":"PA","stato":"ONLINE","timestamp":"2026-08-16T20:36:02.911843557Z","tipoEvento":"HEARTBEAT","bufferSize":0}
2026-08-16 22:36:12,911 INFO  [it.uni.reti2.HeartbeatGenerator] (vert.x-eventloop-thread-0) 💓 [HEARTBEAT] Invio heartbeat: {"stazioneId":"PA","stato":"ONLINE","timestamp":"2026-08-16T20:36:12.911923441Z","tipoEvento":"HEARTBEAT","bufferSize":0}
2026-08-16 22:36:22,917 INFO  [it.uni.reti2.HeartbeatGenerator] (vert.x-eventloop-thread-0) 💓 [HEARTBEAT] Invio heartbeat: {"stazioneId":"PA","stato":"ONLINE","timestamp":"2026-08-16T20:36:22.917320135Z","tipoEvento":"HEARTBEAT","bufferSize":0}
2026-08-16 22:36:32,912 INFO  [it.uni.reti2.HeartbeatGenerator] (vert.x-eventloop-thread-0) 💓 [HEARTBEAT] Invio heartbeat: {"stazioneId":"PA","stato":"ONLINE","timestamp":"2026-08-16T20:36:32.912410846Z","tipoEvento":"HEARTBEAT","bufferSize":0}
2026-08-16 22:36:42,912 INFO  [it.uni.reti2.HeartbeatGenerator] (vert.x-eventloop-thread-0) 💓 [HEARTBEAT] Invio heartbeat: {"stazioneId":"PA","stato":"ONLINE","timestamp":"2026-08-16T20:36:42.912416026Z","tipoEvento":"HEARTBEAT","bufferSize":0}
2026-08-16 22:36:44,955 WARN  [it.uni.reti2.StationGateway] (vert.x-eventloop-thread-3) 🚨 [ALERT RICEVUTO] La Centrale dice: {"tipoEvento":"ITINERARIO_AGGIORNATO","target":"MEM_TRN_3552","timestamp":"2026-08-16T20:36:44.951099856Z"}
2026-08-16 22:36:44,985 WARN  [it.uni.reti2.StationGateway] (vert.x-eventloop-thread-3) 🚨 [ALERT RICEVUTO] La Centrale dice: {"tipoEvento":"ITINERARIO_AGGIORNATO","target":"MEM_TRN_3552","timestamp":"2026-08-16T20:36:44.984255799Z"}
2026-08-16 22:36:45,123 WARN  [it.uni.reti2.StationGateway] (vert.x-eventloop-thread-3) 🚨 [ALERT RICEVUTO] La Centrale dice: {"tipoEvento":"RESOLVED","sorgenteTipo":"STAZIONE","sorgenteId":"MEM_A_3552","guastoId":"MEM_G_3552","timestamp":"2026-08-16T20:36:45.121942494Z"}
2026-08-16 22:36:45,155 WARN  [it.uni.reti2.StationGateway] (vert.x-eventloop-thread-3) 🚨 [ALERT RICEVUTO] La Centrale dice: {"tipoEvento":"MAINTENANCE_DISPATCHED","sorgenteId":"MEM_A_3552","timestamp":"2026-08-16T20:36:45.153918395Z"}
2026-08-16 22:36:45,163 WARN  [it.uni.reti2.StationGateway] (vert.x-eventloop-thread-3) 🚨 [ALERT RICEVUTO] La Centrale dice: {"tipoEvento":"RESOLVED","sorgenteTipo":"STAZIONE","sorgenteId":"MEM_A_3552","guastoId":"MEM_GM_3552","timestamp":"2026-08-16T20:36:45.162436015Z"}
2026-08-16 22:36:45,201 WARN  [it.uni.reti2.StationGateway] (vert.x-eventloop-thread-3) 🚨 [ALERT RICEVUTO] La Centrale dice: {"tipoEvento":"STOP","target":"MEM_TRN_3552","motivo":"Treno eliminato da operatore","timestamp":"2026-08-16T20:36:45.200204694Z"}
2026-08-16 22:36:52,918 INFO  [it.uni.reti2.HeartbeatGenerator] (vert.x-eventloop-thread-0) 💓 [HEARTBEAT] Invio heartbeat: {"stazioneId":"PA","stato":"ONLINE","timestamp":"2026-08-16T20:36:52.918046969Z","tipoEvento":"HEARTBEAT","bufferSize":0}
2026-08-16 22:37:02,912 INFO  [it.uni.reti2.HeartbeatGenerator] (vert.x-eventloop-thread-0) 💓 [HEARTBEAT] Invio heartbeat: {"stazioneId":"PA","stato":"ONLINE","timestamp":"2026-08-16T20:37:02.912437709Z","tipoEvento":"HEARTBEAT","bufferSize":0}
2026-08-16 22:37:11,178 WARN  [it.uni.reti2.StationGateway] (vert.x-eventloop-thread-3) 🚨 [ALERT RICEVUTO] La Centrale dice: {"tipoEvento":"STOP","target":"TRENO_TEST_ed4c","motivo":"Soppresso da operatore","timestamp":"2026-08-16T20:37:11.174047103Z"}
2026-08-16 22:37:11,205 WARN  [it.uni.reti2.StationGateway] (vert.x-eventloop-thread-3) 🚨 [ALERT RICEVUTO] La Centrale dice: {"tipoEvento":"STOP","target":"TRENO_TEST_ed4c","motivo":"Treno eliminato da operatore","timestamp":"2026-08-16T20:37:11.204653868Z"}
2026-08-16 22:37:11,903 WARN  [it.uni.reti2.StationGateway] (vert.x-eventloop-thread-3) 🚨 [ALERT RICEVUTO] La Centrale dice: {"tipoEvento":"ITINERARIO_AGGIORNATO","target":"MEM_TRN_6fc0","timestamp":"2026-08-16T20:37:11.902230334Z"}
2026-08-16 22:37:11,932 WARN  [it.uni.reti2.StationGateway] (vert.x-eventloop-thread-3) 🚨 [ALERT RICEVUTO] La Centrale dice: {"tipoEvento":"ITINERARIO_AGGIORNATO","target":"MEM_TRN_6fc0","timestamp":"2026-08-16T20:37:11.931216895Z"}
2026-08-16 22:37:12,026 WARN  [it.uni.reti2.StationGateway] (vert.x-eventloop-thread-3) 🚨 [ALERT RICEVUTO] La Centrale dice: {"tipoEvento":"RESOLVED","sorgenteTipo":"STAZIONE","sorgenteId":"MEM_A_6fc0","guastoId":"MEM_G_6fc0","timestamp":"2026-08-16T20:37:12.025475589Z"}
2026-08-16 22:37:12,047 WARN  [it.uni.reti2.StationGateway] (vert.x-eventloop-thread-3) 🚨 [ALERT RICEVUTO] La Centrale dice: {"tipoEvento":"MAINTENANCE_DISPATCHED","sorgenteId":"MEM_A_6fc0","timestamp":"2026-08-16T20:37:12.045922300Z"}
2026-08-16 22:37:12,055 WARN  [it.uni.reti2.StationGateway] (vert.x-eventloop-thread-3) 🚨 [ALERT RICEVUTO] La Centrale dice: {"tipoEvento":"RESOLVED","sorgenteTipo":"STAZIONE","sorgenteId":"MEM_A_6fc0","guastoId":"MEM_GM_6fc0","timestamp":"2026-08-16T20:37:12.053508931Z"}
2026-08-16 22:37:12,117 WARN  [it.uni.reti2.StationGateway] (vert.x-eventloop-thread-3) 🚨 [ALERT RICEVUTO] La Centrale dice: {"tipoEvento":"STOP","target":"MEM_TRN_6fc0","motivo":"Treno eliminato da operatore","timestamp":"2026-08-16T20:37:12.079753469Z"}
2026-08-16 22:37:12,208 WARN  [it.uni.reti2.StationGateway] (vert.x-eventloop-thread-3) 🚨 [ALERT RICEVUTO] La Centrale dice: {"tipoEvento":"ITINERARIO_AGGIORNATO","target":"REG_TRN_743f","timestamp":"2026-08-16T20:37:12.207476975Z"}
2026-08-16 22:37:12,253 WARN  [it.uni.reti2.StationGateway] (vert.x-eventloop-thread-3) 🚨 [ALERT RICEVUTO] La Centrale dice: {"tipoEvento":"ITINERARIO_AGGIORNATO","target":"REG_TRN_743f","timestamp":"2026-08-16T20:37:12.252021409Z"}
2026-08-16 22:37:12,374 WARN  [it.uni.reti2.StationGateway] (vert.x-eventloop-thread-3) 🚨 [ALERT RICEVUTO] La Centrale dice: {"tipoEvento":"STOP","target":"REG_TRN_743f","motivo":"Treno eliminato da operatore","timestamp":"2026-08-16T20:37:12.373653254Z"}
2026-08-16 22:37:12,911 INFO  [it.uni.reti2.HeartbeatGenerator] (vert.x-eventloop-thread-0) 💓 [HEARTBEAT] Invio heartbeat: {"stazioneId":"PA","stato":"ONLINE","timestamp":"2026-08-16T20:37:12.911446625Z","tipoEvento":"HEARTBEAT","bufferSize":0}
2026-08-16 22:37:22,918 INFO  [it.uni.reti2.HeartbeatGenerator] (vert.x-eventloop-thread-0) 💓 [HEARTBEAT] Invio heartbeat: {"stazioneId":"PA","stato":"ONLINE","timestamp":"2026-08-16T20:37:22.918790387Z","tipoEvento":"HEARTBEAT","bufferSize":0}
2026-08-16 22:37:32,914 INFO  [it.uni.reti2.HeartbeatGenerator] (vert.x-eventloop-thread-0) 💓 [HEARTBEAT] Invio heartbeat: {"stazioneId":"PA","stato":"ONLINE","timestamp":"2026-08-16T20:37:32.914495086Z","tipoEvento":"HEARTBEAT","bufferSize":0}
2026-08-16 22:37:42,911 INFO  [it.uni.reti2.HeartbeatGenerator] (vert.x-eventloop-thread-0) 💓 [HEARTBEAT] Invio heartbeat: {"stazioneId":"PA","stato":"ONLINE","timestamp":"2026-08-16T20:37:42.911727022Z","tipoEvento":"HEARTBEAT","bufferSize":0}
2026-08-16 22:37:52,920 INFO  [it.uni.reti2.HeartbeatGenerator] (vert.x-eventloop-thread-0) 💓 [HEARTBEAT] Invio heartbeat: {"stazioneId":"PA","stato":"ONLINE","timestamp":"2026-08-16T20:37:52.920348650Z","tipoEvento":"HEARTBEAT","bufferSize":0}
2026-08-16 22:38:02,921 INFO  [it.uni.reti2.HeartbeatGenerator] (vert.x-eventloop-thread-0) 💓 [HEARTBEAT] Invio heartbeat: {"stazioneId":"PA","stato":"ONLINE","timestamp":"2026-08-16T20:38:02.914527004Z","tipoEvento":"HEARTBEAT","bufferSize":0}
2026-08-16 22:38:12,910 INFO  [it.uni.reti2.HeartbeatGenerator] (vert.x-eventloop-thread-0) 💓 [HEARTBEAT] Invio heartbeat: {"stazioneId":"PA","stato":"ONLINE","timestamp":"2026-08-16T20:38:12.910679473Z","tipoEvento":"HEARTBEAT","bufferSize":0}
2026-08-16 22:38:22,919 INFO  [it.uni.reti2.HeartbeatGenerator] (vert.x-eventloop-thread-0) 💓 [HEARTBEAT] Invio heartbeat: {"stazioneId":"PA","stato":"ONLINE","timestamp":"2026-08-16T20:38:22.919488088Z","tipoEvento":"HEARTBEAT","bufferSize":0}
2026-08-16 22:38:32,916 INFO  [it.uni.reti2.HeartbeatGenerator] (vert.x-eventloop-thread-0) 💓 [HEARTBEAT] Invio heartbeat: {"stazioneId":"PA","stato":"ONLINE","timestamp":"2026-08-16T20:38:32.916555007Z","tipoEvento":"HEARTBEAT","bufferSize":0}
2026-08-16 22:38:42,910 INFO  [it.uni.reti2.HeartbeatGenerator] (vert.x-eventloop-thread-0) 💓 [HEARTBEAT] Invio heartbeat: {"stazioneId":"PA","stato":"ONLINE","timestamp":"2026-08-16T20:38:42.910609481Z","tipoEvento":"HEARTBEAT","bufferSize":0}
2026-08-16 22:38:52,911 INFO  [it.uni.reti2.HeartbeatGenerator] (vert.x-eventloop-thread-0) 💓 [HEARTBEAT] Invio heartbeat: {"stazioneId":"PA","stato":"ONLINE","timestamp":"2026-08-16T20:38:52.911618898Z","tipoEvento":"HEARTBEAT","bufferSize":0}
2026-08-16 22:39:02,916 INFO  [it.uni.reti2.HeartbeatGenerator] (vert.x-eventloop-thread-0) 💓 [HEARTBEAT] Invio heartbeat: {"stazioneId":"PA","stato":"ONLINE","timestamp":"2026-08-16T20:39:02.916835304Z","tipoEvento":"HEARTBEAT","bufferSize":0}
2026-08-16 22:39:12,911 INFO  [it.uni.reti2.HeartbeatGenerator] (vert.x-eventloop-thread-0) 💓 [HEARTBEAT] Invio heartbeat: {"stazioneId":"PA","stato":"ONLINE","timestamp":"2026-08-16T20:39:12.911499587Z","tipoEvento":"HEARTBEAT","bufferSize":0}
2026-08-16 22:39:22,911 INFO  [it.uni.reti2.HeartbeatGenerator] (vert.x-eventloop-thread-0) 💓 [HEARTBEAT] Invio heartbeat: {"stazioneId":"PA","stato":"ONLINE","timestamp":"2026-08-16T20:39:22.911710142Z","tipoEvento":"HEARTBEAT","bufferSize":0}
2026-08-16 22:39:32,917 INFO  [it.uni.reti2.HeartbeatGenerator] (vert.x-eventloop-thread-0) 💓 [HEARTBEAT] Invio heartbeat: {"stazioneId":"PA","stato":"ONLINE","timestamp":"2026-08-16T20:39:32.917105488Z","tipoEvento":"HEARTBEAT","bufferSize":0}
2026-08-16 22:39:42,911 INFO  [it.uni.reti2.HeartbeatGenerator] (vert.x-eventloop-thread-0) 💓 [HEARTBEAT] Invio heartbeat: {"stazioneId":"PA","stato":"ONLINE","timestamp":"2026-08-16T20:39:42.911443473Z","tipoEvento":"HEARTBEAT","bufferSize":0}
2026-08-16 22:39:52,913 INFO  [it.uni.reti2.HeartbeatGenerator] (vert.x-eventloop-thread-0) 💓 [HEARTBEAT] Invio heartbeat: {"stazioneId":"PA","stato":"ONLINE","timestamp":"2026-08-16T20:39:52.913136664Z","tipoEvento":"HEARTBEAT","bufferSize":0}
2026-08-16 22:40:02,918 INFO  [it.uni.reti2.HeartbeatGenerator] (vert.x-eventloop-thread-0) 💓 [HEARTBEAT] Invio heartbeat: {"stazioneId":"PA","stato":"ONLINE","timestamp":"2026-08-16T20:40:02.918444011Z","tipoEvento":"HEARTBEAT","bufferSize":0}
2026-08-16 22:40:12,914 INFO  [it.uni.reti2.HeartbeatGenerator] (vert.x-eventloop-thread-0) 💓 [HEARTBEAT] Invio heartbeat: {"stazioneId":"PA","stato":"ONLINE","timestamp":"2026-08-16T20:40:12.911137747Z","tipoEvento":"HEARTBEAT","bufferSize":0}
2026-08-16 22:40:22,914 INFO  [it.uni.reti2.HeartbeatGenerator] (vert.x-eventloop-thread-0) 💓 [HEARTBEAT] Invio heartbeat: {"stazioneId":"PA","stato":"ONLINE","timestamp":"2026-08-16T20:40:22.914044134Z","tipoEvento":"HEARTBEAT","bufferSize":0}
2026-08-16 22:40:32,924 INFO  [it.uni.reti2.HeartbeatGenerator] (vert.x-eventloop-thread-0) 💓 [HEARTBEAT] Invio heartbeat: {"stazioneId":"PA","stato":"ONLINE","timestamp":"2026-08-16T20:40:32.919927630Z","tipoEvento":"HEARTBEAT","bufferSize":0}
2026-08-16 22:40:42,911 INFO  [it.uni.reti2.HeartbeatGenerator] (vert.x-eventloop-thread-0) 💓 [HEARTBEAT] Invio heartbeat: {"stazioneId":"PA","stato":"ONLINE","timestamp":"2026-08-16T20:40:42.911643485Z","tipoEvento":"HEARTBEAT","bufferSize":0}
2026-08-16 22:40:52,915 INFO  [it.uni.reti2.HeartbeatGenerator] (vert.x-eventloop-thread-0) 💓 [HEARTBEAT] Invio heartbeat: {"stazioneId":"PA","stato":"ONLINE","timestamp":"2026-08-16T20:40:52.915439601Z","tipoEvento":"HEARTBEAT","bufferSize":0}
2026-08-16 22:41:02,919 INFO  [it.uni.reti2.HeartbeatGenerator] (vert.x-eventloop-thread-0) 💓 [HEARTBEAT] Invio heartbeat: {"stazioneId":"PA","stato":"ONLINE","timestamp":"2026-08-16T20:41:02.919676776Z","tipoEvento":"HEARTBEAT","bufferSize":0}
2026-08-16 22:41:12,910 INFO  [it.uni.reti2.HeartbeatGenerator] (vert.x-eventloop-thread-0) 💓 [HEARTBEAT] Invio heartbeat: {"stazioneId":"PA","stato":"ONLINE","timestamp":"2026-08-16T20:41:12.910674601Z","tipoEvento":"HEARTBEAT","bufferSize":0}
2026-08-16 22:41:22,912 INFO  [it.uni.reti2.HeartbeatGenerator] (vert.x-eventloop-thread-0) 💓 [HEARTBEAT] Invio heartbeat: {"stazioneId":"PA","stato":"ONLINE","timestamp":"2026-08-16T20:41:22.912386848Z","tipoEvento":"HEARTBEAT","bufferSize":0}
2026-08-16 22:41:32,912 INFO  [it.uni.reti2.HeartbeatGenerator] (vert.x-eventloop-thread-0) 💓 [HEARTBEAT] Invio heartbeat: {"stazioneId":"PA","stato":"ONLINE","timestamp":"2026-08-16T20:41:32.912337328Z","tipoEvento":"HEARTBEAT","bufferSize":0}
2026-08-16 22:41:42,911 INFO  [it.uni.reti2.HeartbeatGenerator] (vert.x-eventloop-thread-0) 💓 [HEARTBEAT] Invio heartbeat: {"stazioneId":"PA","stato":"ONLINE","timestamp":"2026-08-16T20:41:42.910996941Z","tipoEvento":"HEARTBEAT","bufferSize":0}
2026-08-16 22:41:52,913 INFO  [it.uni.reti2.HeartbeatGenerator] (vert.x-eventloop-thread-0) 💓 [HEARTBEAT] Invio heartbeat: {"stazioneId":"PA","stato":"ONLINE","timestamp":"2026-08-16T20:41:52.913429091Z","tipoEvento":"HEARTBEAT","bufferSize":0}
2026-08-16 22:42:02,913 INFO  [it.uni.reti2.HeartbeatGenerator] (vert.x-eventloop-thread-0) 💓 [HEARTBEAT] Invio heartbeat: {"stazioneId":"PA","stato":"ONLINE","timestamp":"2026-08-16T20:42:02.913833111Z","tipoEvento":"HEARTBEAT","bufferSize":0}
2026-08-16 22:42:12,911 INFO  [it.uni.reti2.HeartbeatGenerator] (vert.x-eventloop-thread-0) 💓 [HEARTBEAT] Invio heartbeat: {"stazioneId":"PA","stato":"ONLINE","timestamp":"2026-08-16T20:42:12.911501098Z","tipoEvento":"HEARTBEAT","bufferSize":0}
2026-08-16 22:42:22,916 INFO  [it.uni.reti2.HeartbeatGenerator] (vert.x-eventloop-thread-0) 💓 [HEARTBEAT] Invio heartbeat: {"stazioneId":"PA","stato":"ONLINE","timestamp":"2026-08-16T20:42:22.914829948Z","tipoEvento":"HEARTBEAT","bufferSize":0}
2026-08-16 22:42:32,912 INFO  [it.uni.reti2.HeartbeatGenerator] (vert.x-eventloop-thread-0) 💓 [HEARTBEAT] Invio heartbeat: {"stazioneId":"PA","stato":"ONLINE","timestamp":"2026-08-16T20:42:32.911677947Z","tipoEvento":"HEARTBEAT","bufferSize":0}
2026-08-16 22:42:42,911 INFO  [it.uni.reti2.HeartbeatGenerator] (vert.x-eventloop-thread-0) 💓 [HEARTBEAT] Invio heartbeat: {"stazioneId":"PA","stato":"ONLINE","timestamp":"2026-08-16T20:42:42.911543196Z","tipoEvento":"HEARTBEAT","bufferSize":0}
2026-08-16 22:42:52,917 INFO  [it.uni.reti2.HeartbeatGenerator] (vert.x-eventloop-thread-0) 💓 [HEARTBEAT] Invio heartbeat: {"stazioneId":"PA","stato":"ONLINE","timestamp":"2026-08-16T20:42:52.917102150Z","tipoEvento":"HEARTBEAT","bufferSize":0}
2026-08-16 22:43:02,911 INFO  [it.uni.reti2.HeartbeatGenerator] (vert.x-eventloop-thread-0) 💓 [HEARTBEAT] Invio heartbeat: {"stazioneId":"PA","stato":"ONLINE","timestamp":"2026-08-16T20:43:02.911851882Z","tipoEvento":"HEARTBEAT","bufferSize":0}
2026-08-16 22:43:12,910 INFO  [it.uni.reti2.HeartbeatGenerator] (vert.x-eventloop-thread-0) 💓 [HEARTBEAT] Invio heartbeat: {"stazioneId":"PA","stato":"ONLINE","timestamp":"2026-08-16T20:43:12.910860696Z","tipoEvento":"HEARTBEAT","bufferSize":0}
2026-08-16 22:43:22,911 INFO  [it.uni.reti2.HeartbeatGenerator] (vert.x-eventloop-thread-0) 💓 [HEARTBEAT] Invio heartbeat: {"stazioneId":"PA","stato":"ONLINE","timestamp":"2026-08-16T20:43:22.911097663Z","tipoEvento":"HEARTBEAT","bufferSize":0}
2026-08-16 22:43:32,912 INFO  [it.uni.reti2.HeartbeatGenerator] (vert.x-eventloop-thread-0) 💓 [HEARTBEAT] Invio heartbeat: {"stazioneId":"PA","stato":"ONLINE","timestamp":"2026-08-16T20:43:32.912526068Z","tipoEvento":"HEARTBEAT","bufferSize":0}
2026-08-16 22:43:42,915 INFO  [it.uni.reti2.HeartbeatGenerator] (vert.x-eventloop-thread-0) 💓 [HEARTBEAT] Invio heartbeat: {"stazioneId":"PA","stato":"ONLINE","timestamp":"2026-08-16T20:43:42.911614768Z","tipoEvento":"HEARTBEAT","bufferSize":0}
2026-08-16 22:43:52,917 INFO  [it.uni.reti2.HeartbeatGenerator] (vert.x-eventloop-thread-0) 💓 [HEARTBEAT] Invio heartbeat: {"stazioneId":"PA","stato":"ONLINE","timestamp":"2026-08-16T20:43:52.917670047Z","tipoEvento":"HEARTBEAT","bufferSize":0}
2026-08-16 22:44:02,914 INFO  [it.uni.reti2.HeartbeatGenerator] (vert.x-eventloop-thread-0) 💓 [HEARTBEAT] Invio heartbeat: {"stazioneId":"PA","stato":"ONLINE","timestamp":"2026-08-16T20:44:02.914123386Z","tipoEvento":"HEARTBEAT","bufferSize":0}
2026-08-16 22:44:12,915 INFO  [it.uni.reti2.HeartbeatGenerator] (vert.x-eventloop-thread-0) 💓 [HEARTBEAT] Invio heartbeat: {"stazioneId":"PA","stato":"ONLINE","timestamp":"2026-08-16T20:44:12.915901442Z","tipoEvento":"HEARTBEAT","bufferSize":0}
2026-08-16 22:44:22,918 INFO  [it.uni.reti2.HeartbeatGenerator] (vert.x-eventloop-thread-0) 💓 [HEARTBEAT] Invio heartbeat: {"stazioneId":"PA","stato":"ONLINE","timestamp":"2026-08-16T20:44:22.918880392Z","tipoEvento":"HEARTBEAT","bufferSize":0}
2026-08-16 22:44:32,914 INFO  [it.uni.reti2.HeartbeatGenerator] (vert.x-eventloop-thread-0) 💓 [HEARTBEAT] Invio heartbeat: {"stazioneId":"PA","stato":"ONLINE","timestamp":"2026-08-16T20:44:32.914484511Z","tipoEvento":"HEARTBEAT","bufferSize":0}
2026-08-16 22:44:42,911 INFO  [it.uni.reti2.HeartbeatGenerator] (vert.x-eventloop-thread-0) 💓 [HEARTBEAT] Invio heartbeat: {"stazioneId":"PA","stato":"ONLINE","timestamp":"2026-08-16T20:44:42.911058010Z","tipoEvento":"HEARTBEAT","bufferSize":0}
2026-08-16 22:44:52,920 INFO  [it.uni.reti2.HeartbeatGenerator] (vert.x-eventloop-thread-0) 💓 [HEARTBEAT] Invio heartbeat: {"stazioneId":"PA","stato":"ONLINE","timestamp":"2026-08-16T20:44:52.920881631Z","tipoEvento":"HEARTBEAT","bufferSize":0}
2026-08-16 22:45:02,915 INFO  [it.uni.reti2.HeartbeatGenerator] (vert.x-eventloop-thread-0) 💓 [HEARTBEAT] Invio heartbeat: {"stazioneId":"PA","stato":"ONLINE","timestamp":"2026-08-16T20:45:02.915437974Z","tipoEvento":"HEARTBEAT","bufferSize":0}
2026-08-16 22:45:03,663 WARN  [it.uni.reti2.StationGateway] (vert.x-eventloop-thread-3) 🚨 [ALERT RICEVUTO] La Centrale dice: {"tipoEvento":"STOP","target":"TRENO_TEST_cff9","motivo":"Soppresso da operatore","timestamp":"2026-08-16T20:45:03.658280319Z"}
2026-08-16 22:45:03,692 WARN  [it.uni.reti2.StationGateway] (vert.x-eventloop-thread-3) 🚨 [ALERT RICEVUTO] La Centrale dice: {"tipoEvento":"STOP","target":"TRENO_TEST_cff9","motivo":"Treno eliminato da operatore","timestamp":"2026-08-16T20:45:03.690772558Z"}
2026-08-16 22:45:04,341 WARN  [it.uni.reti2.StationGateway] (vert.x-eventloop-thread-3) 🚨 [ALERT RICEVUTO] La Centrale dice: {"tipoEvento":"ITINERARIO_AGGIORNATO","target":"MEM_TRN_3c23","timestamp":"2026-08-16T20:45:04.339914395Z"}
2026-08-16 22:45:04,367 WARN  [it.uni.reti2.StationGateway] (vert.x-eventloop-thread-3) 🚨 [ALERT RICEVUTO] La Centrale dice: {"tipoEvento":"ITINERARIO_AGGIORNATO","target":"MEM_TRN_3c23","timestamp":"2026-08-16T20:45:04.365825699Z"}
2026-08-16 22:45:04,464 WARN  [it.uni.reti2.StationGateway] (vert.x-eventloop-thread-3) 🚨 [ALERT RICEVUTO] La Centrale dice: {"tipoEvento":"RESOLVED","sorgenteTipo":"STAZIONE","sorgenteId":"MEM_A_3c23","guastoId":"MEM_G_3c23","timestamp":"2026-08-16T20:45:04.461452493Z"}
2026-08-16 22:45:04,485 WARN  [it.uni.reti2.StationGateway] (vert.x-eventloop-thread-3) 🚨 [ALERT RICEVUTO] La Centrale dice: {"tipoEvento":"MAINTENANCE_DISPATCHED","sorgenteId":"MEM_A_3c23","timestamp":"2026-08-16T20:45:04.483918992Z"}
2026-08-16 22:45:04,494 WARN  [it.uni.reti2.StationGateway] (vert.x-eventloop-thread-3) 🚨 [ALERT RICEVUTO] La Centrale dice: {"tipoEvento":"RESOLVED","sorgenteTipo":"STAZIONE","sorgenteId":"MEM_A_3c23","guastoId":"MEM_GM_3c23","timestamp":"2026-08-16T20:45:04.493124304Z"}
2026-08-16 22:45:04,522 WARN  [it.uni.reti2.StationGateway] (vert.x-eventloop-thread-3) 🚨 [ALERT RICEVUTO] La Centrale dice: {"tipoEvento":"STOP","target":"MEM_TRN_3c23","motivo":"Treno eliminato da operatore","timestamp":"2026-08-16T20:45:04.520742224Z"}
2026-08-16 22:45:04,651 WARN  [it.uni.reti2.StationGateway] (vert.x-eventloop-thread-3) 🚨 [ALERT RICEVUTO] La Centrale dice: {"tipoEvento":"ITINERARIO_AGGIORNATO","target":"REG_TRN_86c1","timestamp":"2026-08-16T20:45:04.649885631Z"}
2026-08-16 22:45:04,728 WARN  [it.uni.reti2.StationGateway] (vert.x-eventloop-thread-3) 🚨 [ALERT RICEVUTO] La Centrale dice: {"tipoEvento":"ITINERARIO_AGGIORNATO","target":"REG_TRN_86c1","timestamp":"2026-08-16T20:45:04.692545939Z"}
2026-08-16 22:45:04,825 WARN  [it.uni.reti2.StationGateway] (vert.x-eventloop-thread-3) 🚨 [ALERT RICEVUTO] La Centrale dice: {"tipoEvento":"STOP","target":"REG_TRN_86c1","motivo":"Treno eliminato da operatore","timestamp":"2026-08-16T20:45:04.824410032Z"}
2026-08-16 22:45:12,911 INFO  [it.uni.reti2.HeartbeatGenerator] (vert.x-eventloop-thread-0) 💓 [HEARTBEAT] Invio heartbeat: {"stazioneId":"PA","stato":"ONLINE","timestamp":"2026-08-16T20:45:12.911676886Z","tipoEvento":"HEARTBEAT","bufferSize":0}
2026-08-16 22:45:22,911 INFO  [it.uni.reti2.HeartbeatGenerator] (vert.x-eventloop-thread-0) 💓 [HEARTBEAT] Invio heartbeat: {"stazioneId":"PA","stato":"ONLINE","timestamp":"2026-08-16T20:45:22.911888237Z","tipoEvento":"HEARTBEAT","bufferSize":0}
2026-08-16 22:45:32,914 INFO  [it.uni.reti2.HeartbeatGenerator] (vert.x-eventloop-thread-0) 💓 [HEARTBEAT] Invio heartbeat: {"stazioneId":"PA","stato":"ONLINE","timestamp":"2026-08-16T20:45:32.914085115Z","tipoEvento":"HEARTBEAT","bufferSize":0}
2026-08-16 22:45:42,912 INFO  [it.uni.reti2.HeartbeatGenerator] (vert.x-eventloop-thread-0) 💓 [HEARTBEAT] Invio heartbeat: {"stazioneId":"PA","stato":"ONLINE","timestamp":"2026-08-16T20:45:42.912488906Z","tipoEvento":"HEARTBEAT","bufferSize":0}
2026-08-16 22:45:52,912 INFO  [it.uni.reti2.HeartbeatGenerator] (vert.x-eventloop-thread-0) 💓 [HEARTBEAT] Invio heartbeat: {"stazioneId":"PA","stato":"ONLINE","timestamp":"2026-08-16T20:45:52.912434729Z","tipoEvento":"HEARTBEAT","bufferSize":0}
2026-08-16 22:46:02,917 INFO  [it.uni.reti2.HeartbeatGenerator] (vert.x-eventloop-thread-0) 💓 [HEARTBEAT] Invio heartbeat: {"stazioneId":"PA","stato":"ONLINE","timestamp":"2026-08-16T20:46:02.917413226Z","tipoEvento":"HEARTBEAT","bufferSize":0}
2026-08-16 22:46:12,912 INFO  [it.uni.reti2.HeartbeatGenerator] (vert.x-eventloop-thread-0) 💓 [HEARTBEAT] Invio heartbeat: {"stazioneId":"PA","stato":"ONLINE","timestamp":"2026-08-16T20:46:12.912435246Z","tipoEvento":"HEARTBEAT","bufferSize":0}
2026-08-16 22:46:22,913 INFO  [it.uni.reti2.HeartbeatGenerator] (vert.x-eventloop-thread-0) 💓 [HEARTBEAT] Invio heartbeat: {"stazioneId":"PA","stato":"ONLINE","timestamp":"2026-08-16T20:46:22.913431802Z","tipoEvento":"HEARTBEAT","bufferSize":0}
2026-08-16 22:46:32,920 INFO  [it.uni.reti2.HeartbeatGenerator] (vert.x-eventloop-thread-0) 💓 [HEARTBEAT] Invio heartbeat: {"stazioneId":"PA","stato":"ONLINE","timestamp":"2026-08-16T20:46:32.920020231Z","tipoEvento":"HEARTBEAT","bufferSize":0}
2026-08-16 22:46:42,911 INFO  [it.uni.reti2.HeartbeatGenerator] (vert.x-eventloop-thread-0) 💓 [HEARTBEAT] Invio heartbeat: {"stazioneId":"PA","stato":"ONLINE","timestamp":"2026-08-16T20:46:42.911473396Z","tipoEvento":"HEARTBEAT","bufferSize":0}
2026-08-16 22:46:52,911 INFO  [it.uni.reti2.HeartbeatGenerator] (vert.x-eventloop-thread-0) 💓 [HEARTBEAT] Invio heartbeat: {"stazioneId":"PA","stato":"ONLINE","timestamp":"2026-08-16T20:46:52.911434748Z","tipoEvento":"HEARTBEAT","bufferSize":0}
2026-08-16 22:47:02,911 INFO  [it.uni.reti2.HeartbeatGenerator] (vert.x-eventloop-thread-0) 💓 [HEARTBEAT] Invio heartbeat: {"stazioneId":"PA","stato":"ONLINE","timestamp":"2026-08-16T20:47:02.911429197Z","tipoEvento":"HEARTBEAT","bufferSize":0}
2026-08-16 22:47:12,960 INFO  [it.uni.reti2.HeartbeatGenerator] (vert.x-eventloop-thread-0) 💓 [HEARTBEAT] Invio heartbeat: {"stazioneId":"PA","stato":"ONLINE","timestamp":"2026-08-16T20:47:12.912947127Z","tipoEvento":"HEARTBEAT","bufferSize":0}
2026-08-16 22:47:22,913 INFO  [it.uni.reti2.HeartbeatGenerator] (vert.x-eventloop-thread-0) 💓 [HEARTBEAT] Invio heartbeat: {"stazioneId":"PA","stato":"ONLINE","timestamp":"2026-08-16T20:47:22.913019344Z","tipoEvento":"HEARTBEAT","bufferSize":0}
2026-08-16 22:47:32,914 INFO  [it.uni.reti2.HeartbeatGenerator] (vert.x-eventloop-thread-0) 💓 [HEARTBEAT] Invio heartbeat: {"stazioneId":"PA","stato":"ONLINE","timestamp":"2026-08-16T20:47:32.914773733Z","tipoEvento":"HEARTBEAT","bufferSize":0}
2026-08-16 22:47:42,911 INFO  [it.uni.reti2.HeartbeatGenerator] (vert.x-eventloop-thread-0) 💓 [HEARTBEAT] Invio heartbeat: {"stazioneId":"PA","stato":"ONLINE","timestamp":"2026-08-16T20:47:42.911852567Z","tipoEvento":"HEARTBEAT","bufferSize":0}
2026-08-16 22:47:52,916 INFO  [it.uni.reti2.HeartbeatGenerator] (vert.x-eventloop-thread-0) 💓 [HEARTBEAT] Invio heartbeat: {"stazioneId":"PA","stato":"ONLINE","timestamp":"2026-08-16T20:47:52.916116173Z","tipoEvento":"HEARTBEAT","bufferSize":0}
2026-08-16 22:48:02,914 INFO  [it.uni.reti2.HeartbeatGenerator] (vert.x-eventloop-thread-0) 💓 [HEARTBEAT] Invio heartbeat: {"stazioneId":"PA","stato":"ONLINE","timestamp":"2026-08-16T20:48:02.914886453Z","tipoEvento":"HEARTBEAT","bufferSize":0}
2026-08-16 22:48:12,911 INFO  [it.uni.reti2.HeartbeatGenerator] (vert.x-eventloop-thread-0) 💓 [HEARTBEAT] Invio heartbeat: {"stazioneId":"PA","stato":"ONLINE","timestamp":"2026-08-16T20:48:12.911424632Z","tipoEvento":"HEARTBEAT","bufferSize":0}
2026-08-16 22:48:22,916 INFO  [it.uni.reti2.HeartbeatGenerator] (vert.x-eventloop-thread-0) 💓 [HEARTBEAT] Invio heartbeat: {"stazioneId":"PA","stato":"ONLINE","timestamp":"2026-08-16T20:48:22.916444678Z","tipoEvento":"HEARTBEAT","bufferSize":0}
2026-08-16 22:48:32,912 INFO  [it.uni.reti2.HeartbeatGenerator] (vert.x-eventloop-thread-0) 💓 [HEARTBEAT] Invio heartbeat: {"stazioneId":"PA","stato":"ONLINE","timestamp":"2026-08-16T20:48:32.912143829Z","tipoEvento":"HEARTBEAT","bufferSize":0}
2026-08-16 22:48:42,912 INFO  [it.uni.reti2.HeartbeatGenerator] (vert.x-eventloop-thread-0) 💓 [HEARTBEAT] Invio heartbeat: {"stazioneId":"PA","stato":"ONLINE","timestamp":"2026-08-16T20:48:42.912437796Z","tipoEvento":"HEARTBEAT","bufferSize":0}
2026-08-16 22:48:52,911 INFO  [it.uni.reti2.HeartbeatGenerator] (vert.x-eventloop-thread-0) 💓 [HEARTBEAT] Invio heartbeat: {"stazioneId":"PA","stato":"ONLINE","timestamp":"2026-08-16T20:48:52.911854774Z","tipoEvento":"HEARTBEAT","bufferSize":0}
2026-08-16 22:49:02,911 INFO  [it.uni.reti2.HeartbeatGenerator] (vert.x-eventloop-thread-0) 💓 [HEARTBEAT] Invio heartbeat: {"stazioneId":"PA","stato":"ONLINE","timestamp":"2026-08-16T20:49:02.911825435Z","tipoEvento":"HEARTBEAT","bufferSize":0}
2026-08-16 22:49:12,912 INFO  [it.uni.reti2.HeartbeatGenerator] (vert.x-eventloop-thread-0) 💓 [HEARTBEAT] Invio heartbeat: {"stazioneId":"PA","stato":"ONLINE","timestamp":"2026-08-16T20:49:12.912626514Z","tipoEvento":"HEARTBEAT","bufferSize":0}
2026-08-16 22:49:22,911 INFO  [it.uni.reti2.HeartbeatGenerator] (vert.x-eventloop-thread-0) 💓 [HEARTBEAT] Invio heartbeat: {"stazioneId":"PA","stato":"ONLINE","timestamp":"2026-08-16T20:49:22.911404272Z","tipoEvento":"HEARTBEAT","bufferSize":0}
2026-08-16 22:49:32,914 INFO  [it.uni.reti2.HeartbeatGenerator] (vert.x-eventloop-thread-0) 💓 [HEARTBEAT] Invio heartbeat: {"stazioneId":"PA","stato":"ONLINE","timestamp":"2026-08-16T20:49:32.914071860Z","tipoEvento":"HEARTBEAT","bufferSize":0}
2026-08-16 22:49:42,911 INFO  [it.uni.reti2.HeartbeatGenerator] (vert.x-eventloop-thread-0) 💓 [HEARTBEAT] Invio heartbeat: {"stazioneId":"PA","stato":"ONLINE","timestamp":"2026-08-16T20:49:42.911451480Z","tipoEvento":"HEARTBEAT","bufferSize":0}
2026-08-16 22:49:52,919 INFO  [it.uni.reti2.HeartbeatGenerator] (vert.x-eventloop-thread-0) 💓 [HEARTBEAT] Invio heartbeat: {"stazioneId":"PA","stato":"ONLINE","timestamp":"2026-08-16T20:49:52.919637261Z","tipoEvento":"HEARTBEAT","bufferSize":0}
2026-08-16 22:50:02,914 INFO  [it.uni.reti2.HeartbeatGenerator] (vert.x-eventloop-thread-0) 💓 [HEARTBEAT] Invio heartbeat: {"stazioneId":"PA","stato":"ONLINE","timestamp":"2026-08-16T20:50:02.914465028Z","tipoEvento":"HEARTBEAT","bufferSize":0}
2026-08-16 22:50:12,912 INFO  [it.uni.reti2.HeartbeatGenerator] (vert.x-eventloop-thread-0) 💓 [HEARTBEAT] Invio heartbeat: {"stazioneId":"PA","stato":"ONLINE","timestamp":"2026-08-16T20:50:12.912636011Z","tipoEvento":"HEARTBEAT","bufferSize":0}
2026-08-16 22:50:22,920 INFO  [it.uni.reti2.HeartbeatGenerator] (vert.x-eventloop-thread-0) 💓 [HEARTBEAT] Invio heartbeat: {"stazioneId":"PA","stato":"ONLINE","timestamp":"2026-08-16T20:50:22.920475535Z","tipoEvento":"HEARTBEAT","bufferSize":0}
2026-08-16 22:50:32,915 INFO  [it.uni.reti2.HeartbeatGenerator] (vert.x-eventloop-thread-0) 💓 [HEARTBEAT] Invio heartbeat: {"stazioneId":"PA","stato":"ONLINE","timestamp":"2026-08-16T20:50:32.915695430Z","tipoEvento":"HEARTBEAT","bufferSize":0}
2026-08-16 22:50:42,913 INFO  [it.uni.reti2.HeartbeatGenerator] (vert.x-eventloop-thread-0) 💓 [HEARTBEAT] Invio heartbeat: {"stazioneId":"PA","stato":"ONLINE","timestamp":"2026-08-16T20:50:42.911879863Z","tipoEvento":"HEARTBEAT","bufferSize":0}
2026-08-16 22:50:52,911 INFO  [it.uni.reti2.HeartbeatGenerator] (vert.x-eventloop-thread-0) 💓 [HEARTBEAT] Invio heartbeat: {"stazioneId":"PA","stato":"ONLINE","timestamp":"2026-08-16T20:50:52.911470808Z","tipoEvento":"HEARTBEAT","bufferSize":0}
2026-08-16 22:51:02,917 INFO  [it.uni.reti2.HeartbeatGenerator] (vert.x-eventloop-thread-0) 💓 [HEARTBEAT] Invio heartbeat: {"stazioneId":"PA","stato":"ONLINE","timestamp":"2026-08-16T20:51:02.917439155Z","tipoEvento":"HEARTBEAT","bufferSize":0}
2026-08-16 22:51:12,912 INFO  [it.uni.reti2.HeartbeatGenerator] (vert.x-eventloop-thread-0) 💓 [HEARTBEAT] Invio heartbeat: {"stazioneId":"PA","stato":"ONLINE","timestamp":"2026-08-16T20:51:12.912625609Z","tipoEvento":"HEARTBEAT","bufferSize":0}
2026-08-16 22:51:22,913 INFO  [it.uni.reti2.HeartbeatGenerator] (vert.x-eventloop-thread-0) 💓 [HEARTBEAT] Invio heartbeat: {"stazioneId":"PA","stato":"ONLINE","timestamp":"2026-08-16T20:51:22.913273144Z","tipoEvento":"HEARTBEAT","bufferSize":0}
2026-08-16 22:51:32,918 INFO  [it.uni.reti2.HeartbeatGenerator] (vert.x-eventloop-thread-0) 💓 [HEARTBEAT] Invio heartbeat: {"stazioneId":"PA","stato":"ONLINE","timestamp":"2026-08-16T20:51:32.918394321Z","tipoEvento":"HEARTBEAT","bufferSize":0}
2026-08-16 22:51:42,912 INFO  [it.uni.reti2.HeartbeatGenerator] (vert.x-eventloop-thread-0) 💓 [HEARTBEAT] Invio heartbeat: {"stazioneId":"PA","stato":"ONLINE","timestamp":"2026-08-16T20:51:42.912609348Z","tipoEvento":"HEARTBEAT","bufferSize":0}
2026-08-16 22:51:52,914 INFO  [it.uni.reti2.HeartbeatGenerator] (vert.x-eventloop-thread-0) 💓 [HEARTBEAT] Invio heartbeat: {"stazioneId":"PA","stato":"ONLINE","timestamp":"2026-08-16T20:51:52.914419416Z","tipoEvento":"HEARTBEAT","bufferSize":0}
2026-08-16 22:52:02,918 INFO  [it.uni.reti2.HeartbeatGenerator] (vert.x-eventloop-thread-0) 💓 [HEARTBEAT] Invio heartbeat: {"stazioneId":"PA","stato":"ONLINE","timestamp":"2026-08-16T20:52:02.918972765Z","tipoEvento":"HEARTBEAT","bufferSize":0}
2026-08-16 22:52:12,912 INFO  [it.uni.reti2.HeartbeatGenerator] (vert.x-eventloop-thread-0) 💓 [HEARTBEAT] Invio heartbeat: {"stazioneId":"PA","stato":"ONLINE","timestamp":"2026-08-16T20:52:12.912419307Z","tipoEvento":"HEARTBEAT","bufferSize":0}
2026-08-16 22:52:22,912 INFO  [it.uni.reti2.HeartbeatGenerator] (vert.x-eventloop-thread-0) 💓 [HEARTBEAT] Invio heartbeat: {"stazioneId":"PA","stato":"ONLINE","timestamp":"2026-08-16T20:52:22.912878358Z","tipoEvento":"HEARTBEAT","bufferSize":0}
2026-08-16 22:52:32,912 INFO  [it.uni.reti2.HeartbeatGenerator] (vert.x-eventloop-thread-0) 💓 [HEARTBEAT] Invio heartbeat: {"stazioneId":"PA","stato":"ONLINE","timestamp":"2026-08-16T20:52:32.912909265Z","tipoEvento":"HEARTBEAT","bufferSize":0}
2026-08-16 22:52:42,912 INFO  [it.uni.reti2.HeartbeatGenerator] (vert.x-eventloop-thread-0) 💓 [HEARTBEAT] Invio heartbeat: {"stazioneId":"PA","stato":"ONLINE","timestamp":"2026-08-16T20:52:42.912435432Z","tipoEvento":"HEARTBEAT","bufferSize":0}
2026-08-16 22:52:52,913 INFO  [it.uni.reti2.HeartbeatGenerator] (vert.x-eventloop-thread-0) 💓 [HEARTBEAT] Invio heartbeat: {"stazioneId":"PA","stato":"ONLINE","timestamp":"2026-08-16T20:52:52.913693248Z","tipoEvento":"HEARTBEAT","bufferSize":0}
2026-08-16 22:53:02,915 INFO  [it.uni.reti2.HeartbeatGenerator] (vert.x-eventloop-thread-0) 💓 [HEARTBEAT] Invio heartbeat: {"stazioneId":"PA","stato":"ONLINE","timestamp":"2026-08-16T20:53:02.915212004Z","tipoEvento":"HEARTBEAT","bufferSize":0}
2026-08-16 22:53:12,911 INFO  [it.uni.reti2.HeartbeatGenerator] (vert.x-eventloop-thread-0) 💓 [HEARTBEAT] Invio heartbeat: {"stazioneId":"PA","stato":"ONLINE","timestamp":"2026-08-16T20:53:12.911463174Z","tipoEvento":"HEARTBEAT","bufferSize":0}
2026-08-16 22:53:22,915 INFO  [it.uni.reti2.HeartbeatGenerator] (vert.x-eventloop-thread-0) 💓 [HEARTBEAT] Invio heartbeat: {"stazioneId":"PA","stato":"ONLINE","timestamp":"2026-08-16T20:53:22.914990991Z","tipoEvento":"HEARTBEAT","bufferSize":0}
2026-08-16 22:53:32,914 INFO  [it.uni.reti2.HeartbeatGenerator] (vert.x-eventloop-thread-0) 💓 [HEARTBEAT] Invio heartbeat: {"stazioneId":"PA","stato":"ONLINE","timestamp":"2026-08-16T20:53:32.914860005Z","tipoEvento":"HEARTBEAT","bufferSize":0}
2026-08-16 22:53:42,911 INFO  [it.uni.reti2.HeartbeatGenerator] (vert.x-eventloop-thread-0) 💓 [HEARTBEAT] Invio heartbeat: {"stazioneId":"PA","stato":"ONLINE","timestamp":"2026-08-16T20:53:42.911443857Z","tipoEvento":"HEARTBEAT","bufferSize":0}
2026-08-16 22:53:51,224 WARN  [it.uni.reti2.StationGateway] (vert.x-eventloop-thread-3) 🚨 [ALERT RICEVUTO] La Centrale dice: {"tipoEvento":"STOP","target":"TRENO_TEST_f209","motivo":"Soppresso da operatore","timestamp":"2026-08-16T20:53:51.219251787Z"}
2026-08-16 22:53:51,256 WARN  [it.uni.reti2.StationGateway] (vert.x-eventloop-thread-3) 🚨 [ALERT RICEVUTO] La Centrale dice: {"tipoEvento":"STOP","target":"TRENO_TEST_f209","motivo":"Treno eliminato da operatore","timestamp":"2026-08-16T20:53:51.254582568Z"}
2026-08-16 22:53:51,933 WARN  [it.uni.reti2.StationGateway] (vert.x-eventloop-thread-3) 🚨 [ALERT RICEVUTO] La Centrale dice: {"tipoEvento":"ITINERARIO_AGGIORNATO","target":"MEM_TRN_0816","timestamp":"2026-08-16T20:53:51.920219806Z"}
2026-08-16 22:53:51,945 WARN  [it.uni.reti2.StationGateway] (vert.x-eventloop-thread-3) 🚨 [ALERT RICEVUTO] La Centrale dice: {"tipoEvento":"ITINERARIO_AGGIORNATO","target":"MEM_TRN_0816","timestamp":"2026-08-16T20:53:51.944581634Z"}
2026-08-16 22:53:52,041 WARN  [it.uni.reti2.StationGateway] (vert.x-eventloop-thread-3) 🚨 [ALERT RICEVUTO] La Centrale dice: {"tipoEvento":"RESOLVED","sorgenteTipo":"STAZIONE","sorgenteId":"MEM_A_0816","guastoId":"MEM_G_0816","timestamp":"2026-08-16T20:53:52.039932867Z"}
2026-08-16 22:53:52,062 WARN  [it.uni.reti2.StationGateway] (vert.x-eventloop-thread-3) 🚨 [ALERT RICEVUTO] La Centrale dice: {"tipoEvento":"MAINTENANCE_DISPATCHED","sorgenteId":"MEM_A_0816","timestamp":"2026-08-16T20:53:52.059544955Z"}
2026-08-16 22:53:52,068 WARN  [it.uni.reti2.StationGateway] (vert.x-eventloop-thread-3) 🚨 [ALERT RICEVUTO] La Centrale dice: {"tipoEvento":"RESOLVED","sorgenteTipo":"STAZIONE","sorgenteId":"MEM_A_0816","guastoId":"MEM_GM_0816","timestamp":"2026-08-16T20:53:52.066925210Z"}
2026-08-16 22:53:52,093 WARN  [it.uni.reti2.StationGateway] (vert.x-eventloop-thread-3) 🚨 [ALERT RICEVUTO] La Centrale dice: {"tipoEvento":"STOP","target":"MEM_TRN_0816","motivo":"Treno eliminato da operatore","timestamp":"2026-08-16T20:53:52.091986890Z"}
2026-08-16 22:53:52,215 WARN  [it.uni.reti2.StationGateway] (vert.x-eventloop-thread-3) 🚨 [ALERT RICEVUTO] La Centrale dice: {"tipoEvento":"ITINERARIO_AGGIORNATO","target":"REG_TRN_06a8","timestamp":"2026-08-16T20:53:52.213993238Z"}
2026-08-16 22:53:52,294 WARN  [it.uni.reti2.StationGateway] (vert.x-eventloop-thread-3) 🚨 [ALERT RICEVUTO] La Centrale dice: {"tipoEvento":"ITINERARIO_AGGIORNATO","target":"REG_TRN_06a8","timestamp":"2026-08-16T20:53:52.293214205Z"}
2026-08-16 22:53:52,420 WARN  [it.uni.reti2.StationGateway] (vert.x-eventloop-thread-3) 🚨 [ALERT RICEVUTO] La Centrale dice: {"tipoEvento":"STOP","target":"REG_TRN_06a8","motivo":"Treno eliminato da operatore","timestamp":"2026-08-16T20:53:52.414500983Z"}
2026-08-16 22:53:52,911 INFO  [it.uni.reti2.HeartbeatGenerator] (vert.x-eventloop-thread-0) 💓 [HEARTBEAT] Invio heartbeat: {"stazioneId":"PA","stato":"ONLINE","timestamp":"2026-08-16T20:53:52.911613232Z","tipoEvento":"HEARTBEAT","bufferSize":0}
2026-08-16 22:54:02,913 INFO  [it.uni.reti2.HeartbeatGenerator] (vert.x-eventloop-thread-0) 💓 [HEARTBEAT] Invio heartbeat: {"stazioneId":"PA","stato":"ONLINE","timestamp":"2026-08-16T20:54:02.913390490Z","tipoEvento":"HEARTBEAT","bufferSize":0}
2026-08-16 22:54:12,911 INFO  [it.uni.reti2.HeartbeatGenerator] (vert.x-eventloop-thread-0) 💓 [HEARTBEAT] Invio heartbeat: {"stazioneId":"PA","stato":"ONLINE","timestamp":"2026-08-16T20:54:12.911853518Z","tipoEvento":"HEARTBEAT","bufferSize":0}
2026-08-16 22:54:22,911 INFO  [it.uni.reti2.HeartbeatGenerator] (vert.x-eventloop-thread-0) 💓 [HEARTBEAT] Invio heartbeat: {"stazioneId":"PA","stato":"ONLINE","timestamp":"2026-08-16T20:54:22.911306536Z","tipoEvento":"HEARTBEAT","bufferSize":0}
2026-08-16 22:54:32,913 INFO  [it.uni.reti2.HeartbeatGenerator] (vert.x-eventloop-thread-0) 💓 [HEARTBEAT] Invio heartbeat: {"stazioneId":"PA","stato":"ONLINE","timestamp":"2026-08-16T20:54:32.913480434Z","tipoEvento":"HEARTBEAT","bufferSize":0}
2026-08-16 22:54:42,912 INFO  [it.uni.reti2.HeartbeatGenerator] (vert.x-eventloop-thread-0) 💓 [HEARTBEAT] Invio heartbeat: {"stazioneId":"PA","stato":"ONLINE","timestamp":"2026-08-16T20:54:42.912129086Z","tipoEvento":"HEARTBEAT","bufferSize":0}
2026-08-16 22:54:52,911 INFO  [it.uni.reti2.HeartbeatGenerator] (vert.x-eventloop-thread-0) 💓 [HEARTBEAT] Invio heartbeat: {"stazioneId":"PA","stato":"ONLINE","timestamp":"2026-08-16T20:54:52.911496457Z","tipoEvento":"HEARTBEAT","bufferSize":0}
2026-08-16 22:55:02,914 INFO  [it.uni.reti2.HeartbeatGenerator] (vert.x-eventloop-thread-0) 💓 [HEARTBEAT] Invio heartbeat: {"stazioneId":"PA","stato":"ONLINE","timestamp":"2026-08-16T20:55:02.913979513Z","tipoEvento":"HEARTBEAT","bufferSize":0}
2026-08-16 22:55:12,911 INFO  [it.uni.reti2.HeartbeatGenerator] (vert.x-eventloop-thread-0) 💓 [HEARTBEAT] Invio heartbeat: {"stazioneId":"PA","stato":"ONLINE","timestamp":"2026-08-16T20:55:12.911456012Z","tipoEvento":"HEARTBEAT","bufferSize":0}
2026-08-16 22:55:22,911 INFO  [it.uni.reti2.HeartbeatGenerator] (vert.x-eventloop-thread-0) 💓 [HEARTBEAT] Invio heartbeat: {"stazioneId":"PA","stato":"ONLINE","timestamp":"2026-08-16T20:55:22.911633658Z","tipoEvento":"HEARTBEAT","bufferSize":0}
2026-08-16 22:55:32,915 INFO  [it.uni.reti2.HeartbeatGenerator] (vert.x-eventloop-thread-0) 💓 [HEARTBEAT] Invio heartbeat: {"stazioneId":"PA","stato":"ONLINE","timestamp":"2026-08-16T20:55:32.915314617Z","tipoEvento":"HEARTBEAT","bufferSize":0}
2026-08-16 22:55:42,912 INFO  [it.uni.reti2.HeartbeatGenerator] (vert.x-eventloop-thread-0) 💓 [HEARTBEAT] Invio heartbeat: {"stazioneId":"PA","stato":"ONLINE","timestamp":"2026-08-16T20:55:42.912206Z","tipoEvento":"HEARTBEAT","bufferSize":0}
2026-08-16 22:55:52,911 INFO  [it.uni.reti2.HeartbeatGenerator] (vert.x-eventloop-thread-0) 💓 [HEARTBEAT] Invio heartbeat: {"stazioneId":"PA","stato":"ONLINE","timestamp":"2026-08-16T20:55:52.911556454Z","tipoEvento":"HEARTBEAT","bufferSize":0}
2026-08-16 22:56:02,915 INFO  [it.uni.reti2.HeartbeatGenerator] (vert.x-eventloop-thread-0) 💓 [HEARTBEAT] Invio heartbeat: {"stazioneId":"PA","stato":"ONLINE","timestamp":"2026-08-16T20:56:02.915249258Z","tipoEvento":"HEARTBEAT","bufferSize":0}
2026-08-16 22:56:12,911 INFO  [it.uni.reti2.HeartbeatGenerator] (vert.x-eventloop-thread-0) 💓 [HEARTBEAT] Invio heartbeat: {"stazioneId":"PA","stato":"ONLINE","timestamp":"2026-08-16T20:56:12.911344788Z","tipoEvento":"HEARTBEAT","bufferSize":0}
2026-08-16 22:56:22,911 INFO  [it.uni.reti2.HeartbeatGenerator] (vert.x-eventloop-thread-0) 💓 [HEARTBEAT] Invio heartbeat: {"stazioneId":"PA","stato":"ONLINE","timestamp":"2026-08-16T20:56:22.911507652Z","tipoEvento":"HEARTBEAT","bufferSize":0}
2026-08-16 22:56:32,918 INFO  [it.uni.reti2.HeartbeatGenerator] (vert.x-eventloop-thread-0) 💓 [HEARTBEAT] Invio heartbeat: {"stazioneId":"PA","stato":"ONLINE","timestamp":"2026-08-16T20:56:32.917983795Z","tipoEvento":"HEARTBEAT","bufferSize":0}
2026-08-16 22:56:42,912 INFO  [it.uni.reti2.HeartbeatGenerator] (vert.x-eventloop-thread-0) 💓 [HEARTBEAT] Invio heartbeat: {"stazioneId":"PA","stato":"ONLINE","timestamp":"2026-08-16T20:56:42.912246782Z","tipoEvento":"HEARTBEAT","bufferSize":0}
2026-08-16 22:56:52,911 INFO  [it.uni.reti2.HeartbeatGenerator] (vert.x-eventloop-thread-0) 💓 [HEARTBEAT] Invio heartbeat: {"stazioneId":"PA","stato":"ONLINE","timestamp":"2026-08-16T20:56:52.911144496Z","tipoEvento":"HEARTBEAT","bufferSize":0}
2026-08-16 22:57:02,918 INFO  [it.uni.reti2.HeartbeatGenerator] (vert.x-eventloop-thread-0) 💓 [HEARTBEAT] Invio heartbeat: {"stazioneId":"PA","stato":"ONLINE","timestamp":"2026-08-16T20:57:02.918820646Z","tipoEvento":"HEARTBEAT","bufferSize":0}
2026-08-16 22:57:12,912 INFO  [it.uni.reti2.HeartbeatGenerator] (vert.x-eventloop-thread-0) 💓 [HEARTBEAT] Invio heartbeat: {"stazioneId":"PA","stato":"ONLINE","timestamp":"2026-08-16T20:57:12.912770806Z","tipoEvento":"HEARTBEAT","bufferSize":0}
2026-08-16 22:57:22,911 INFO  [it.uni.reti2.HeartbeatGenerator] (vert.x-eventloop-thread-0) 💓 [HEARTBEAT] Invio heartbeat: {"stazioneId":"PA","stato":"ONLINE","timestamp":"2026-08-16T20:57:22.911225452Z","tipoEvento":"HEARTBEAT","bufferSize":0}
2026-08-16 22:57:32,921 INFO  [it.uni.reti2.HeartbeatGenerator] (vert.x-eventloop-thread-0) 💓 [HEARTBEAT] Invio heartbeat: {"stazioneId":"PA","stato":"ONLINE","timestamp":"2026-08-16T20:57:32.921169341Z","tipoEvento":"HEARTBEAT","bufferSize":0}
2026-08-16 22:57:42,912 INFO  [it.uni.reti2.HeartbeatGenerator] (vert.x-eventloop-thread-0) 💓 [HEARTBEAT] Invio heartbeat: {"stazioneId":"PA","stato":"ONLINE","timestamp":"2026-08-16T20:57:42.912310606Z","tipoEvento":"HEARTBEAT","bufferSize":0}
2026-08-16 22:57:52,911 INFO  [it.uni.reti2.HeartbeatGenerator] (vert.x-eventloop-thread-0) 💓 [HEARTBEAT] Invio heartbeat: {"stazioneId":"PA","stato":"ONLINE","timestamp":"2026-08-16T20:57:52.911288790Z","tipoEvento":"HEARTBEAT","bufferSize":0}
2026-08-16 22:58:02,911 INFO  [it.uni.reti2.HeartbeatGenerator] (vert.x-eventloop-thread-0) 💓 [HEARTBEAT] Invio heartbeat: {"stazioneId":"PA","stato":"ONLINE","timestamp":"2026-08-16T20:58:02.911684173Z","tipoEvento":"HEARTBEAT","bufferSize":0}
2026-08-16 22:58:12,911 INFO  [it.uni.reti2.HeartbeatGenerator] (vert.x-eventloop-thread-0) 💓 [HEARTBEAT] Invio heartbeat: {"stazioneId":"PA","stato":"ONLINE","timestamp":"2026-08-16T20:58:12.911922199Z","tipoEvento":"HEARTBEAT","bufferSize":0}
2026-08-16 22:58:22,911 INFO  [it.uni.reti2.HeartbeatGenerator] (vert.x-eventloop-thread-0) 💓 [HEARTBEAT] Invio heartbeat: {"stazioneId":"PA","stato":"ONLINE","timestamp":"2026-08-16T20:58:22.911860409Z","tipoEvento":"HEARTBEAT","bufferSize":0}
2026-08-16 22:58:32,914 INFO  [it.uni.reti2.HeartbeatGenerator] (vert.x-eventloop-thread-0) 💓 [HEARTBEAT] Invio heartbeat: {"stazioneId":"PA","stato":"ONLINE","timestamp":"2026-08-16T20:58:32.914413098Z","tipoEvento":"HEARTBEAT","bufferSize":0}
2026-08-16 22:58:42,912 INFO  [it.uni.reti2.HeartbeatGenerator] (vert.x-eventloop-thread-0) 💓 [HEARTBEAT] Invio heartbeat: {"stazioneId":"PA","stato":"ONLINE","timestamp":"2026-08-16T20:58:42.912455672Z","tipoEvento":"HEARTBEAT","bufferSize":0}
2026-08-16 22:58:52,911 INFO  [it.uni.reti2.HeartbeatGenerator] (vert.x-eventloop-thread-0) 💓 [HEARTBEAT] Invio heartbeat: {"stazioneId":"PA","stato":"ONLINE","timestamp":"2026-08-16T20:58:52.910936133Z","tipoEvento":"HEARTBEAT","bufferSize":0}
2026-08-16 22:59:02,913 INFO  [it.uni.reti2.HeartbeatGenerator] (vert.x-eventloop-thread-0) 💓 [HEARTBEAT] Invio heartbeat: {"stazioneId":"PA","stato":"ONLINE","timestamp":"2026-08-16T20:59:02.913506481Z","tipoEvento":"HEARTBEAT","bufferSize":0}
2026-08-16 22:59:12,911 INFO  [it.uni.reti2.HeartbeatGenerator] (vert.x-eventloop-thread-0) 💓 [HEARTBEAT] Invio heartbeat: {"stazioneId":"PA","stato":"ONLINE","timestamp":"2026-08-16T20:59:12.911924308Z","tipoEvento":"HEARTBEAT","bufferSize":0}
2026-08-16 22:59:22,911 INFO  [it.uni.reti2.HeartbeatGenerator] (vert.x-eventloop-thread-0) 💓 [HEARTBEAT] Invio heartbeat: {"stazioneId":"PA","stato":"ONLINE","timestamp":"2026-08-16T20:59:22.911111821Z","tipoEvento":"HEARTBEAT","bufferSize":0}
2026-08-16 22:59:32,914 INFO  [it.uni.reti2.HeartbeatGenerator] (vert.x-eventloop-thread-0) 💓 [HEARTBEAT] Invio heartbeat: {"stazioneId":"PA","stato":"ONLINE","timestamp":"2026-08-16T20:59:32.914920088Z","tipoEvento":"HEARTBEAT","bufferSize":0}
2026-08-16 22:59:42,912 INFO  [it.uni.reti2.HeartbeatGenerator] (vert.x-eventloop-thread-0) 💓 [HEARTBEAT] Invio heartbeat: {"stazioneId":"PA","stato":"ONLINE","timestamp":"2026-08-16T20:59:42.912030380Z","tipoEvento":"HEARTBEAT","bufferSize":0}
2026-08-16 22:59:52,911 INFO  [it.uni.reti2.HeartbeatGenerator] (vert.x-eventloop-thread-0) 💓 [HEARTBEAT] Invio heartbeat: {"stazioneId":"PA","stato":"ONLINE","timestamp":"2026-08-16T20:59:52.911304012Z","tipoEvento":"HEARTBEAT","bufferSize":0}
2026-08-16 23:00:02,916 INFO  [it.uni.reti2.HeartbeatGenerator] (vert.x-eventloop-thread-0) 💓 [HEARTBEAT] Invio heartbeat: {"stazioneId":"PA","stato":"ONLINE","timestamp":"2026-08-16T21:00:02.916082254Z","tipoEvento":"HEARTBEAT","bufferSize":0}
2026-08-16 23:00:12,911 INFO  [it.uni.reti2.HeartbeatGenerator] (vert.x-eventloop-thread-0) 💓 [HEARTBEAT] Invio heartbeat: {"stazioneId":"PA","stato":"ONLINE","timestamp":"2026-08-16T21:00:12.911473866Z","tipoEvento":"HEARTBEAT","bufferSize":0}
2026-08-16 23:00:22,911 INFO  [it.uni.reti2.HeartbeatGenerator] (vert.x-eventloop-thread-0) 💓 [HEARTBEAT] Invio heartbeat: {"stazioneId":"PA","stato":"ONLINE","timestamp":"2026-08-16T21:00:22.911553008Z","tipoEvento":"HEARTBEAT","bufferSize":0}
2026-08-16 23:00:32,912 INFO  [it.uni.reti2.HeartbeatGenerator] (vert.x-eventloop-thread-0) 💓 [HEARTBEAT] Invio heartbeat: {"stazioneId":"PA","stato":"ONLINE","timestamp":"2026-08-16T21:00:32.912464805Z","tipoEvento":"HEARTBEAT","bufferSize":0}
2026-08-16 23:00:42,912 INFO  [it.uni.reti2.HeartbeatGenerator] (vert.x-eventloop-thread-0) 💓 [HEARTBEAT] Invio heartbeat: {"stazioneId":"PA","stato":"ONLINE","timestamp":"2026-08-16T21:00:42.912288836Z","tipoEvento":"HEARTBEAT","bufferSize":0}
2026-08-16 23:00:52,384 WARN  [it.uni.reti2.StationGateway] (vert.x-eventloop-thread-3) 🚨 [ALERT RICEVUTO] La Centrale dice: {"tipoEvento":"ITINERARIO_AGGIORNATO","target":"MEM_TRN_351c","timestamp":"2026-08-16T21:00:52.380024805Z"}
2026-08-16 23:00:52,415 WARN  [it.uni.reti2.StationGateway] (vert.x-eventloop-thread-3) 🚨 [ALERT RICEVUTO] La Centrale dice: {"tipoEvento":"ITINERARIO_AGGIORNATO","target":"MEM_TRN_351c","timestamp":"2026-08-16T21:00:52.413542281Z"}
2026-08-16 23:00:52,561 WARN  [it.uni.reti2.StationGateway] (vert.x-eventloop-thread-3) 🚨 [ALERT RICEVUTO] La Centrale dice: {"tipoEvento":"RESOLVED","sorgenteTipo":"STAZIONE","sorgenteId":"MEM_A_351c","guastoId":"MEM_G_351c","timestamp":"2026-08-16T21:00:52.559133406Z"}
2026-08-16 23:00:52,585 WARN  [it.uni.reti2.StationGateway] (vert.x-eventloop-thread-3) 🚨 [ALERT RICEVUTO] La Centrale dice: {"tipoEvento":"MAINTENANCE_DISPATCHED","sorgenteId":"MEM_A_351c","timestamp":"2026-08-16T21:00:52.584753838Z"}
2026-08-16 23:00:52,668 WARN  [it.uni.reti2.StationGateway] (vert.x-eventloop-thread-3) 🚨 [ALERT RICEVUTO] La Centrale dice: {"tipoEvento":"RESOLVED","sorgenteTipo":"STAZIONE","sorgenteId":"MEM_A_351c","guastoId":"MEM_GM_351c","timestamp":"2026-08-16T21:00:52.591547432Z"}
2026-08-16 23:00:52,668 WARN  [it.uni.reti2.StationGateway] (vert.x-eventloop-thread-3) 🚨 [ALERT RICEVUTO] La Centrale dice: {"tipoEvento":"STOP","target":"MEM_TRN_351c","motivo":"Treno eliminato da operatore","timestamp":"2026-08-16T21:00:52.623755815Z"}
2026-08-16 23:00:52,911 INFO  [it.uni.reti2.HeartbeatGenerator] (vert.x-eventloop-thread-0) 💓 [HEARTBEAT] Invio heartbeat: {"stazioneId":"PA","stato":"ONLINE","timestamp":"2026-08-16T21:00:52.911328367Z","tipoEvento":"HEARTBEAT","bufferSize":0}
2026-08-16 23:01:02,913 INFO  [it.uni.reti2.HeartbeatGenerator] (vert.x-eventloop-thread-0) 💓 [HEARTBEAT] Invio heartbeat: {"stazioneId":"PA","stato":"ONLINE","timestamp":"2026-08-16T21:01:02.913697032Z","tipoEvento":"HEARTBEAT","bufferSize":0}
2026-08-16 23:01:12,916 INFO  [it.uni.reti2.HeartbeatGenerator] (vert.x-eventloop-thread-0) 💓 [HEARTBEAT] Invio heartbeat: {"stazioneId":"PA","stato":"ONLINE","timestamp":"2026-08-16T21:01:12.912575466Z","tipoEvento":"HEARTBEAT","bufferSize":0}
2026-08-16 23:01:22,911 INFO  [it.uni.reti2.HeartbeatGenerator] (vert.x-eventloop-thread-0) 💓 [HEARTBEAT] Invio heartbeat: {"stazioneId":"PA","stato":"ONLINE","timestamp":"2026-08-16T21:01:22.911050026Z","tipoEvento":"HEARTBEAT","bufferSize":0}
2026-08-16 23:01:32,916 INFO  [it.uni.reti2.HeartbeatGenerator] (vert.x-eventloop-thread-0) 💓 [HEARTBEAT] Invio heartbeat: {"stazioneId":"PA","stato":"ONLINE","timestamp":"2026-08-16T21:01:32.916036808Z","tipoEvento":"HEARTBEAT","bufferSize":0}
2026-08-16 23:01:42,911 INFO  [it.uni.reti2.HeartbeatGenerator] (vert.x-eventloop-thread-0) 💓 [HEARTBEAT] Invio heartbeat: {"stazioneId":"PA","stato":"ONLINE","timestamp":"2026-08-16T21:01:42.911936422Z","tipoEvento":"HEARTBEAT","bufferSize":0}
2026-08-16 23:01:52,915 INFO  [it.uni.reti2.HeartbeatGenerator] (vert.x-eventloop-thread-0) 💓 [HEARTBEAT] Invio heartbeat: {"stazioneId":"PA","stato":"ONLINE","timestamp":"2026-08-16T21:01:52.911463339Z","tipoEvento":"HEARTBEAT","bufferSize":0}
2026-08-16 23:02:02,915 INFO  [it.uni.reti2.HeartbeatGenerator] (vert.x-eventloop-thread-0) 💓 [HEARTBEAT] Invio heartbeat: {"stazioneId":"PA","stato":"ONLINE","timestamp":"2026-08-16T21:02:02.915465200Z","tipoEvento":"HEARTBEAT","bufferSize":0}
2026-08-16 23:02:12,911 INFO  [it.uni.reti2.HeartbeatGenerator] (vert.x-eventloop-thread-0) 💓 [HEARTBEAT] Invio heartbeat: {"stazioneId":"PA","stato":"ONLINE","timestamp":"2026-08-16T21:02:12.911481138Z","tipoEvento":"HEARTBEAT","bufferSize":0}
2026-08-16 23:02:22,910 INFO  [it.uni.reti2.HeartbeatGenerator] (vert.x-eventloop-thread-0) 💓 [HEARTBEAT] Invio heartbeat: {"stazioneId":"PA","stato":"ONLINE","timestamp":"2026-08-16T21:02:22.910645296Z","tipoEvento":"HEARTBEAT","bufferSize":0}
2026-08-16 23:02:32,917 INFO  [it.uni.reti2.HeartbeatGenerator] (vert.x-eventloop-thread-0) 💓 [HEARTBEAT] Invio heartbeat: {"stazioneId":"PA","stato":"ONLINE","timestamp":"2026-08-16T21:02:32.917488649Z","tipoEvento":"HEARTBEAT","bufferSize":0}
2026-08-16 23:02:42,912 INFO  [it.uni.reti2.HeartbeatGenerator] (vert.x-eventloop-thread-0) 💓 [HEARTBEAT] Invio heartbeat: {"stazioneId":"PA","stato":"ONLINE","timestamp":"2026-08-16T21:02:42.912388611Z","tipoEvento":"HEARTBEAT","bufferSize":0}
2026-08-16 23:02:52,910 INFO  [it.uni.reti2.HeartbeatGenerator] (vert.x-eventloop-thread-0) 💓 [HEARTBEAT] Invio heartbeat: {"stazioneId":"PA","stato":"ONLINE","timestamp":"2026-08-16T21:02:52.910443456Z","tipoEvento":"HEARTBEAT","bufferSize":0}
2026-08-16 23:03:02,920 INFO  [it.uni.reti2.HeartbeatGenerator] (vert.x-eventloop-thread-0) 💓 [HEARTBEAT] Invio heartbeat: {"stazioneId":"PA","stato":"ONLINE","timestamp":"2026-08-16T21:03:02.919979416Z","tipoEvento":"HEARTBEAT","bufferSize":0}
2026-08-16 23:03:12,911 INFO  [it.uni.reti2.HeartbeatGenerator] (vert.x-eventloop-thread-0) 💓 [HEARTBEAT] Invio heartbeat: {"stazioneId":"PA","stato":"ONLINE","timestamp":"2026-08-16T21:03:12.911434686Z","tipoEvento":"HEARTBEAT","bufferSize":0}
2026-08-16 23:03:15,612 WARN  [it.uni.reti2.StationGateway] (vert.x-eventloop-thread-3) 🚨 [ALERT RICEVUTO] La Centrale dice: {"tipoEvento":"ITINERARIO_AGGIORNATO","target":"MEM_TRN_4d60","timestamp":"2026-08-16T21:03:15.604780589Z"}
2026-08-16 23:03:15,640 WARN  [it.uni.reti2.StationGateway] (vert.x-eventloop-thread-3) 🚨 [ALERT RICEVUTO] La Centrale dice: {"tipoEvento":"ITINERARIO_AGGIORNATO","target":"MEM_TRN_4d60","timestamp":"2026-08-16T21:03:15.638807832Z"}
2026-08-16 23:03:15,779 WARN  [it.uni.reti2.StationGateway] (vert.x-eventloop-thread-3) 🚨 [ALERT RICEVUTO] La Centrale dice: {"tipoEvento":"RESOLVED","sorgenteTipo":"STAZIONE","sorgenteId":"MEM_A_4d60","guastoId":"MEM_G_4d60","timestamp":"2026-08-16T21:03:15.777793362Z"}
2026-08-16 23:03:15,807 WARN  [it.uni.reti2.StationGateway] (vert.x-eventloop-thread-3) 🚨 [ALERT RICEVUTO] La Centrale dice: {"tipoEvento":"MAINTENANCE_DISPATCHED","sorgenteId":"MEM_A_4d60","timestamp":"2026-08-16T21:03:15.805911248Z"}
2026-08-16 23:03:15,815 WARN  [it.uni.reti2.StationGateway] (vert.x-eventloop-thread-3) 🚨 [ALERT RICEVUTO] La Centrale dice: {"tipoEvento":"RESOLVED","sorgenteTipo":"STAZIONE","sorgenteId":"MEM_A_4d60","guastoId":"MEM_GM_4d60","timestamp":"2026-08-16T21:03:15.813721501Z"}
2026-08-16 23:03:15,850 WARN  [it.uni.reti2.StationGateway] (vert.x-eventloop-thread-3) 🚨 [ALERT RICEVUTO] La Centrale dice: {"tipoEvento":"STOP","target":"MEM_TRN_4d60","motivo":"Treno eliminato da operatore","timestamp":"2026-08-16T21:03:15.847067077Z"}
2026-08-16 23:03:22,911 INFO  [it.uni.reti2.HeartbeatGenerator] (vert.x-eventloop-thread-0) 💓 [HEARTBEAT] Invio heartbeat: {"stazioneId":"PA","stato":"ONLINE","timestamp":"2026-08-16T21:03:22.911339735Z","tipoEvento":"HEARTBEAT","bufferSize":0}
2026-08-16 23:03:32,911 INFO  [it.uni.reti2.HeartbeatGenerator] (vert.x-eventloop-thread-0) 💓 [HEARTBEAT] Invio heartbeat: {"stazioneId":"PA","stato":"ONLINE","timestamp":"2026-08-16T21:03:32.911437983Z","tipoEvento":"HEARTBEAT","bufferSize":0}
2026-08-16 23:03:36,047 WARN  [it.uni.reti2.StationGateway] (vert.x-eventloop-thread-3) 🚨 [ALERT RICEVUTO] La Centrale dice: {"tipoEvento":"STOP","target":"TRENO_TEST_2662","motivo":"Soppresso da operatore","timestamp":"2026-08-16T21:03:36.041814809Z"}
2026-08-16 23:03:36,081 WARN  [it.uni.reti2.StationGateway] (vert.x-eventloop-thread-3) 🚨 [ALERT RICEVUTO] La Centrale dice: {"tipoEvento":"STOP","target":"TRENO_TEST_2662","motivo":"Treno eliminato da operatore","timestamp":"2026-08-16T21:03:36.079889478Z"}
2026-08-16 23:03:36,731 WARN  [it.uni.reti2.StationGateway] (vert.x-eventloop-thread-3) 🚨 [ALERT RICEVUTO] La Centrale dice: {"tipoEvento":"ITINERARIO_AGGIORNATO","target":"MEM_TRN_7eb9","timestamp":"2026-08-16T21:03:36.730436797Z"}
2026-08-16 23:03:36,761 WARN  [it.uni.reti2.StationGateway] (vert.x-eventloop-thread-3) 🚨 [ALERT RICEVUTO] La Centrale dice: {"tipoEvento":"ITINERARIO_AGGIORNATO","target":"MEM_TRN_7eb9","timestamp":"2026-08-16T21:03:36.759888944Z"}
2026-08-16 23:03:36,854 WARN  [it.uni.reti2.StationGateway] (vert.x-eventloop-thread-3) 🚨 [ALERT RICEVUTO] La Centrale dice: {"tipoEvento":"RESOLVED","sorgenteTipo":"STAZIONE","sorgenteId":"MEM_A_7eb9","guastoId":"MEM_G_7eb9","timestamp":"2026-08-16T21:03:36.853318839Z"}
2026-08-16 23:03:36,873 WARN  [it.uni.reti2.StationGateway] (vert.x-eventloop-thread-3) 🚨 [ALERT RICEVUTO] La Centrale dice: {"tipoEvento":"MAINTENANCE_DISPATCHED","sorgenteId":"MEM_A_7eb9","timestamp":"2026-08-16T21:03:36.872609527Z"}
2026-08-16 23:03:36,881 WARN  [it.uni.reti2.StationGateway] (vert.x-eventloop-thread-3) 🚨 [ALERT RICEVUTO] La Centrale dice: {"tipoEvento":"RESOLVED","sorgenteTipo":"STAZIONE","sorgenteId":"MEM_A_7eb9","guastoId":"MEM_GM_7eb9","timestamp":"2026-08-16T21:03:36.880561873Z"}
2026-08-16 23:03:36,907 WARN  [it.uni.reti2.StationGateway] (vert.x-eventloop-thread-3) 🚨 [ALERT RICEVUTO] La Centrale dice: {"tipoEvento":"STOP","target":"MEM_TRN_7eb9","motivo":"Treno eliminato da operatore","timestamp":"2026-08-16T21:03:36.905943610Z"}
2026-08-16 23:03:37,151 WARN  [it.uni.reti2.StationGateway] (vert.x-eventloop-thread-3) 🚨 [ALERT RICEVUTO] La Centrale dice: {"tipoEvento":"ITINERARIO_AGGIORNATO","target":"REG_TRN_c3af","timestamp":"2026-08-16T21:03:37.146304491Z"}
2026-08-16 23:03:37,185 WARN  [it.uni.reti2.StationGateway] (vert.x-eventloop-thread-3) 🚨 [ALERT RICEVUTO] La Centrale dice: {"tipoEvento":"ITINERARIO_AGGIORNATO","target":"REG_TRN_c3af","timestamp":"2026-08-16T21:03:37.184022940Z"}
2026-08-16 23:03:37,312 WARN  [it.uni.reti2.StationGateway] (vert.x-eventloop-thread-3) 🚨 [ALERT RICEVUTO] La Centrale dice: {"tipoEvento":"STOP","target":"REG_TRN_c3af","motivo":"Treno eliminato da operatore","timestamp":"2026-08-16T21:03:37.311667225Z"}
2026-08-16 23:03:42,912 INFO  [it.uni.reti2.HeartbeatGenerator] (vert.x-eventloop-thread-0) 💓 [HEARTBEAT] Invio heartbeat: {"stazioneId":"PA","stato":"ONLINE","timestamp":"2026-08-16T21:03:42.912378924Z","tipoEvento":"HEARTBEAT","bufferSize":0}
2026-08-16 23:03:52,913 INFO  [it.uni.reti2.HeartbeatGenerator] (vert.x-eventloop-thread-0) 💓 [HEARTBEAT] Invio heartbeat: {"stazioneId":"PA","stato":"ONLINE","timestamp":"2026-08-16T21:03:52.913263427Z","tipoEvento":"HEARTBEAT","bufferSize":0}
2026-08-16 23:04:02,913 INFO  [it.uni.reti2.HeartbeatGenerator] (vert.x-eventloop-thread-0) 💓 [HEARTBEAT] Invio heartbeat: {"stazioneId":"PA","stato":"ONLINE","timestamp":"2026-08-16T21:04:02.913017098Z","tipoEvento":"HEARTBEAT","bufferSize":0}
2026-08-16 23:04:12,912 INFO  [it.uni.reti2.HeartbeatGenerator] (vert.x-eventloop-thread-0) 💓 [HEARTBEAT] Invio heartbeat: {"stazioneId":"PA","stato":"ONLINE","timestamp":"2026-08-16T21:04:12.912343154Z","tipoEvento":"HEARTBEAT","bufferSize":0}
2026-08-16 23:04:22,913 INFO  [it.uni.reti2.HeartbeatGenerator] (vert.x-eventloop-thread-0) 💓 [HEARTBEAT] Invio heartbeat: {"stazioneId":"PA","stato":"ONLINE","timestamp":"2026-08-16T21:04:22.913409976Z","tipoEvento":"HEARTBEAT","bufferSize":0}
2026-08-16 23:04:32,913 INFO  [it.uni.reti2.HeartbeatGenerator] (vert.x-eventloop-thread-0) 💓 [HEARTBEAT] Invio heartbeat: {"stazioneId":"PA","stato":"ONLINE","timestamp":"2026-08-16T21:04:32.913419070Z","tipoEvento":"HEARTBEAT","bufferSize":0}
2026-08-16 23:04:42,912 INFO  [it.uni.reti2.HeartbeatGenerator] (vert.x-eventloop-thread-0) 💓 [HEARTBEAT] Invio heartbeat: {"stazioneId":"PA","stato":"ONLINE","timestamp":"2026-08-16T21:04:42.912454138Z","tipoEvento":"HEARTBEAT","bufferSize":0}
2026-08-16 23:04:52,914 INFO  [it.uni.reti2.HeartbeatGenerator] (vert.x-eventloop-thread-0) 💓 [HEARTBEAT] Invio heartbeat: {"stazioneId":"PA","stato":"ONLINE","timestamp":"2026-08-16T21:04:52.914439033Z","tipoEvento":"HEARTBEAT","bufferSize":0}
2026-08-16 23:05:02,915 INFO  [it.uni.reti2.HeartbeatGenerator] (vert.x-eventloop-thread-0) 💓 [HEARTBEAT] Invio heartbeat: {"stazioneId":"PA","stato":"ONLINE","timestamp":"2026-08-16T21:05:02.915182329Z","tipoEvento":"HEARTBEAT","bufferSize":0}
2026-08-16 23:05:12,913 INFO  [it.uni.reti2.HeartbeatGenerator] (vert.x-eventloop-thread-0) 💓 [HEARTBEAT] Invio heartbeat: {"stazioneId":"PA","stato":"ONLINE","timestamp":"2026-08-16T21:05:12.913010342Z","tipoEvento":"HEARTBEAT","bufferSize":0}
2026-08-16 23:05:22,915 INFO  [it.uni.reti2.HeartbeatGenerator] (vert.x-eventloop-thread-0) 💓 [HEARTBEAT] Invio heartbeat: {"stazioneId":"PA","stato":"ONLINE","timestamp":"2026-08-16T21:05:22.915700006Z","tipoEvento":"HEARTBEAT","bufferSize":0}
2026-08-16 23:05:32,915 INFO  [it.uni.reti2.HeartbeatGenerator] (vert.x-eventloop-thread-0) 💓 [HEARTBEAT] Invio heartbeat: {"stazioneId":"PA","stato":"ONLINE","timestamp":"2026-08-16T21:05:32.915459098Z","tipoEvento":"HEARTBEAT","bufferSize":0}
2026-08-16 23:05:42,911 INFO  [it.uni.reti2.HeartbeatGenerator] (vert.x-eventloop-thread-0) 💓 [HEARTBEAT] Invio heartbeat: {"stazioneId":"PA","stato":"ONLINE","timestamp":"2026-08-16T21:05:42.911712346Z","tipoEvento":"HEARTBEAT","bufferSize":0}
2026-08-16 23:05:52,917 INFO  [it.uni.reti2.HeartbeatGenerator] (vert.x-eventloop-thread-0) 💓 [HEARTBEAT] Invio heartbeat: {"stazioneId":"PA","stato":"ONLINE","timestamp":"2026-08-16T21:05:52.917203778Z","tipoEvento":"HEARTBEAT","bufferSize":0}
2026-08-16 23:06:02,911 INFO  [it.uni.reti2.HeartbeatGenerator] (vert.x-eventloop-thread-0) 💓 [HEARTBEAT] Invio heartbeat: {"stazioneId":"PA","stato":"ONLINE","timestamp":"2026-08-16T21:06:02.911440577Z","tipoEvento":"HEARTBEAT","bufferSize":0}
2026-08-16 23:06:12,967 INFO  [it.uni.reti2.HeartbeatGenerator] (vert.x-eventloop-thread-0) 💓 [HEARTBEAT] Invio heartbeat: {"stazioneId":"PA","stato":"ONLINE","timestamp":"2026-08-16T21:06:12.911748504Z","tipoEvento":"HEARTBEAT","bufferSize":0}
2026-08-16 23:06:22,919 INFO  [it.uni.reti2.HeartbeatGenerator] (vert.x-eventloop-thread-0) 💓 [HEARTBEAT] Invio heartbeat: {"stazioneId":"PA","stato":"ONLINE","timestamp":"2026-08-16T21:06:22.919136510Z","tipoEvento":"HEARTBEAT","bufferSize":0}
2026-08-16 23:06:32,913 INFO  [it.uni.reti2.HeartbeatGenerator] (vert.x-eventloop-thread-0) 💓 [HEARTBEAT] Invio heartbeat: {"stazioneId":"PA","stato":"ONLINE","timestamp":"2026-08-16T21:06:32.913705786Z","tipoEvento":"HEARTBEAT","bufferSize":0}
2026-08-16 23:06:42,912 INFO  [it.uni.reti2.HeartbeatGenerator] (vert.x-eventloop-thread-0) 💓 [HEARTBEAT] Invio heartbeat: {"stazioneId":"PA","stato":"ONLINE","timestamp":"2026-08-16T21:06:42.911987263Z","tipoEvento":"HEARTBEAT","bufferSize":0}
2026-08-16 23:06:52,913 INFO  [it.uni.reti2.HeartbeatGenerator] (vert.x-eventloop-thread-0) 💓 [HEARTBEAT] Invio heartbeat: {"stazioneId":"PA","stato":"ONLINE","timestamp":"2026-08-16T21:06:52.913626945Z","tipoEvento":"HEARTBEAT","bufferSize":0}
2026-08-16 23:07:02,915 INFO  [it.uni.reti2.HeartbeatGenerator] (vert.x-eventloop-thread-0) 💓 [HEARTBEAT] Invio heartbeat: {"stazioneId":"PA","stato":"ONLINE","timestamp":"2026-08-16T21:07:02.915465859Z","tipoEvento":"HEARTBEAT","bufferSize":0}
2026-08-16 23:07:12,910 INFO  [it.uni.reti2.HeartbeatGenerator] (vert.x-eventloop-thread-0) 💓 [HEARTBEAT] Invio heartbeat: {"stazioneId":"PA","stato":"ONLINE","timestamp":"2026-08-16T21:07:12.910446925Z","tipoEvento":"HEARTBEAT","bufferSize":0}
2026-08-16 23:07:22,911 INFO  [it.uni.reti2.HeartbeatGenerator] (vert.x-eventloop-thread-0) 💓 [HEARTBEAT] Invio heartbeat: {"stazioneId":"PA","stato":"ONLINE","timestamp":"2026-08-16T21:07:22.911436146Z","tipoEvento":"HEARTBEAT","bufferSize":0}
2026-08-16 23:07:32,917 INFO  [it.uni.reti2.HeartbeatGenerator] (vert.x-eventloop-thread-0) 💓 [HEARTBEAT] Invio heartbeat: {"stazioneId":"PA","stato":"ONLINE","timestamp":"2026-08-16T21:07:32.917109705Z","tipoEvento":"HEARTBEAT","bufferSize":0}
2026-08-16 23:07:36,860 WARN  [it.uni.reti2.StationGateway] (vert.x-eventloop-thread-3) 🚨 [ALERT RICEVUTO] La Centrale dice: {"tipoEvento":"STOP","target":"TRENO_TEST_48b5","motivo":"Soppresso da operatore","timestamp":"2026-08-16T21:07:36.855985696Z"}
2026-08-16 23:07:36,996 WARN  [it.uni.reti2.StationGateway] (vert.x-eventloop-thread-3) 🚨 [ALERT RICEVUTO] La Centrale dice: {"tipoEvento":"STOP","target":"TRENO_TEST_48b5","motivo":"Treno eliminato da operatore","timestamp":"2026-08-16T21:07:36.993351365Z"}
2026-08-16 23:07:38,205 WARN  [it.uni.reti2.StationGateway] (vert.x-eventloop-thread-3) 🚨 [ALERT RICEVUTO] La Centrale dice: {"tipoEvento":"ITINERARIO_AGGIORNATO","target":"MEM_TRN_d65a","timestamp":"2026-08-16T21:07:38.204430069Z"}
2026-08-16 23:07:38,326 WARN  [it.uni.reti2.StationGateway] (vert.x-eventloop-thread-3) 🚨 [ALERT RICEVUTO] La Centrale dice: {"tipoEvento":"ITINERARIO_AGGIORNATO","target":"MEM_TRN_d65a","timestamp":"2026-08-16T21:07:38.230948326Z"}
2026-08-16 23:07:38,335 WARN  [it.uni.reti2.StationGateway] (vert.x-eventloop-thread-3) 🚨 [ALERT RICEVUTO] La Centrale dice: {"tipoEvento":"RESOLVED","sorgenteTipo":"STAZIONE","sorgenteId":"MEM_A_d65a","guastoId":"MEM_G_d65a","timestamp":"2026-08-16T21:07:38.333942336Z"}
2026-08-16 23:07:38,355 WARN  [it.uni.reti2.StationGateway] (vert.x-eventloop-thread-3) 🚨 [ALERT RICEVUTO] La Centrale dice: {"tipoEvento":"MAINTENANCE_DISPATCHED","sorgenteId":"MEM_A_d65a","timestamp":"2026-08-16T21:07:38.354177921Z"}
2026-08-16 23:07:38,377 WARN  [it.uni.reti2.StationGateway] (vert.x-eventloop-thread-3) 🚨 [ALERT RICEVUTO] La Centrale dice: {"tipoEvento":"RESOLVED","sorgenteTipo":"STAZIONE","sorgenteId":"MEM_A_d65a","guastoId":"MEM_GM_d65a","timestamp":"2026-08-16T21:07:38.375831622Z"}
2026-08-16 23:07:38,401 WARN  [it.uni.reti2.StationGateway] (vert.x-eventloop-thread-3) 🚨 [ALERT RICEVUTO] La Centrale dice: {"tipoEvento":"STOP","target":"MEM_TRN_d65a","motivo":"Treno eliminato da operatore","timestamp":"2026-08-16T21:07:38.400151918Z"}
2026-08-16 23:07:38,658 WARN  [it.uni.reti2.StationGateway] (vert.x-eventloop-thread-3) 🚨 [ALERT RICEVUTO] La Centrale dice: {"tipoEvento":"ITINERARIO_AGGIORNATO","target":"REG_TRN_8903","timestamp":"2026-08-16T21:07:38.657402738Z"}
2026-08-16 23:07:38,800 WARN  [it.uni.reti2.StationGateway] (vert.x-eventloop-thread-3) 🚨 [ALERT RICEVUTO] La Centrale dice: {"tipoEvento":"ITINERARIO_AGGIORNATO","target":"REG_TRN_8903","timestamp":"2026-08-16T21:07:38.698755576Z"}
2026-08-16 23:07:38,830 WARN  [it.uni.reti2.StationGateway] (vert.x-eventloop-thread-3) 🚨 [ALERT RICEVUTO] La Centrale dice: {"tipoEvento":"STOP","target":"REG_TRN_8903","motivo":"Treno eliminato da operatore","timestamp":"2026-08-16T21:07:38.829546802Z"}
2026-08-16 23:07:42,912 INFO  [it.uni.reti2.HeartbeatGenerator] (vert.x-eventloop-thread-0) 💓 [HEARTBEAT] Invio heartbeat: {"stazioneId":"PA","stato":"ONLINE","timestamp":"2026-08-16T21:07:42.911985575Z","tipoEvento":"HEARTBEAT","bufferSize":0}
2026-08-16 23:07:52,912 INFO  [it.uni.reti2.HeartbeatGenerator] (vert.x-eventloop-thread-0) 💓 [HEARTBEAT] Invio heartbeat: {"stazioneId":"PA","stato":"ONLINE","timestamp":"2026-08-16T21:07:52.912851687Z","tipoEvento":"HEARTBEAT","bufferSize":0}
2026-08-16 23:08:02,917 INFO  [it.uni.reti2.HeartbeatGenerator] (vert.x-eventloop-thread-0) 💓 [HEARTBEAT] Invio heartbeat: {"stazioneId":"PA","stato":"ONLINE","timestamp":"2026-08-16T21:08:02.917671085Z","tipoEvento":"HEARTBEAT","bufferSize":0}
2026-08-16 23:08:12,912 INFO  [it.uni.reti2.HeartbeatGenerator] (vert.x-eventloop-thread-0) 💓 [HEARTBEAT] Invio heartbeat: {"stazioneId":"PA","stato":"ONLINE","timestamp":"2026-08-16T21:08:12.912287491Z","tipoEvento":"HEARTBEAT","bufferSize":0}
2026-08-16 23:08:22,912 INFO  [it.uni.reti2.HeartbeatGenerator] (vert.x-eventloop-thread-0) 💓 [HEARTBEAT] Invio heartbeat: {"stazioneId":"PA","stato":"ONLINE","timestamp":"2026-08-16T21:08:22.912240927Z","tipoEvento":"HEARTBEAT","bufferSize":0}
2026-08-16 23:08:32,917 INFO  [it.uni.reti2.HeartbeatGenerator] (vert.x-eventloop-thread-0) 💓 [HEARTBEAT] Invio heartbeat: {"stazioneId":"PA","stato":"ONLINE","timestamp":"2026-08-16T21:08:32.917634411Z","tipoEvento":"HEARTBEAT","bufferSize":0}
2026-08-16 23:08:42,911 INFO  [it.uni.reti2.HeartbeatGenerator] (vert.x-eventloop-thread-0) 💓 [HEARTBEAT] Invio heartbeat: {"stazioneId":"PA","stato":"ONLINE","timestamp":"2026-08-16T21:08:42.911795843Z","tipoEvento":"HEARTBEAT","bufferSize":0}
2026-08-16 23:08:52,912 INFO  [it.uni.reti2.HeartbeatGenerator] (vert.x-eventloop-thread-0) 💓 [HEARTBEAT] Invio heartbeat: {"stazioneId":"PA","stato":"ONLINE","timestamp":"2026-08-16T21:08:52.912426242Z","tipoEvento":"HEARTBEAT","bufferSize":0}
2026-08-16 23:09:02,919 INFO  [it.uni.reti2.HeartbeatGenerator] (vert.x-eventloop-thread-0) 💓 [HEARTBEAT] Invio heartbeat: {"stazioneId":"PA","stato":"ONLINE","timestamp":"2026-08-16T21:09:02.919169606Z","tipoEvento":"HEARTBEAT","bufferSize":0}
2026-08-16 23:09:12,911 INFO  [it.uni.reti2.HeartbeatGenerator] (vert.x-eventloop-thread-0) 💓 [HEARTBEAT] Invio heartbeat: {"stazioneId":"PA","stato":"ONLINE","timestamp":"2026-08-16T21:09:12.911413825Z","tipoEvento":"HEARTBEAT","bufferSize":0}
2026-08-16 23:09:22,914 INFO  [it.uni.reti2.HeartbeatGenerator] (vert.x-eventloop-thread-0) 💓 [HEARTBEAT] Invio heartbeat: {"stazioneId":"PA","stato":"ONLINE","timestamp":"2026-08-16T21:09:22.914130991Z","tipoEvento":"HEARTBEAT","bufferSize":0}
2026-08-16 23:09:32,917 INFO  [it.uni.reti2.HeartbeatGenerator] (vert.x-eventloop-thread-0) 💓 [HEARTBEAT] Invio heartbeat: {"stazioneId":"PA","stato":"ONLINE","timestamp":"2026-08-16T21:09:32.917451016Z","tipoEvento":"HEARTBEAT","bufferSize":0}
2026-08-16 23:09:42,911 INFO  [it.uni.reti2.HeartbeatGenerator] (vert.x-eventloop-thread-0) 💓 [HEARTBEAT] Invio heartbeat: {"stazioneId":"PA","stato":"ONLINE","timestamp":"2026-08-16T21:09:42.911438775Z","tipoEvento":"HEARTBEAT","bufferSize":0}
2026-08-16 23:09:52,915 INFO  [it.uni.reti2.HeartbeatGenerator] (vert.x-eventloop-thread-0) 💓 [HEARTBEAT] Invio heartbeat: {"stazioneId":"PA","stato":"ONLINE","timestamp":"2026-08-16T21:09:52.915904285Z","tipoEvento":"HEARTBEAT","bufferSize":0}
2026-08-16 23:10:02,920 INFO  [it.uni.reti2.HeartbeatGenerator] (vert.x-eventloop-thread-0) 💓 [HEARTBEAT] Invio heartbeat: {"stazioneId":"PA","stato":"ONLINE","timestamp":"2026-08-16T21:10:02.920411378Z","tipoEvento":"HEARTBEAT","bufferSize":0}
2026-08-16 23:10:12,912 INFO  [it.uni.reti2.HeartbeatGenerator] (vert.x-eventloop-thread-0) 💓 [HEARTBEAT] Invio heartbeat: {"stazioneId":"PA","stato":"ONLINE","timestamp":"2026-08-16T21:10:12.912370669Z","tipoEvento":"HEARTBEAT","bufferSize":0}
2026-08-16 23:10:22,912 INFO  [it.uni.reti2.HeartbeatGenerator] (vert.x-eventloop-thread-0) 💓 [HEARTBEAT] Invio heartbeat: {"stazioneId":"PA","stato":"ONLINE","timestamp":"2026-08-16T21:10:22.912439155Z","tipoEvento":"HEARTBEAT","bufferSize":0}
2026-08-16 23:10:32,911 INFO  [it.uni.reti2.HeartbeatGenerator] (vert.x-eventloop-thread-0) 💓 [HEARTBEAT] Invio heartbeat: {"stazioneId":"PA","stato":"ONLINE","timestamp":"2026-08-16T21:10:32.911465768Z","tipoEvento":"HEARTBEAT","bufferSize":0}
2026-08-16 23:10:42,912 INFO  [it.uni.reti2.HeartbeatGenerator] (vert.x-eventloop-thread-0) 💓 [HEARTBEAT] Invio heartbeat: {"stazioneId":"PA","stato":"ONLINE","timestamp":"2026-08-16T21:10:42.912205475Z","tipoEvento":"HEARTBEAT","bufferSize":0}
2026-08-16 23:10:52,914 INFO  [it.uni.reti2.HeartbeatGenerator] (vert.x-eventloop-thread-0) 💓 [HEARTBEAT] Invio heartbeat: {"stazioneId":"PA","stato":"ONLINE","timestamp":"2026-08-16T21:10:52.914110604Z","tipoEvento":"HEARTBEAT","bufferSize":0}
2026-08-16 23:11:02,913 INFO  [it.uni.reti2.HeartbeatGenerator] (vert.x-eventloop-thread-0) 💓 [HEARTBEAT] Invio heartbeat: {"stazioneId":"PA","stato":"ONLINE","timestamp":"2026-08-16T21:11:02.913349583Z","tipoEvento":"HEARTBEAT","bufferSize":0}
2026-08-16 23:11:08,299 WARN  [it.uni.reti2.StationGateway] (vert.x-eventloop-thread-3) 🚨 [ALERT RICEVUTO] La Centrale dice: {"tipoEvento":"STOP","target":"TRENO_TEST_9b35","motivo":"Soppresso da operatore","timestamp":"2026-08-16T21:11:08.290326341Z"}
2026-08-16 23:11:08,324 WARN  [it.uni.reti2.StationGateway] (vert.x-eventloop-thread-3) 🚨 [ALERT RICEVUTO] La Centrale dice: {"tipoEvento":"STOP","target":"TRENO_TEST_9b35","motivo":"Treno eliminato da operatore","timestamp":"2026-08-16T21:11:08.322934826Z"}
2026-08-16 23:11:09,003 WARN  [it.uni.reti2.StationGateway] (vert.x-eventloop-thread-3) 🚨 [ALERT RICEVUTO] La Centrale dice: {"tipoEvento":"ITINERARIO_AGGIORNATO","target":"MEM_TRN_d815","timestamp":"2026-08-16T21:11:09.002311528Z"}
2026-08-16 23:11:09,028 WARN  [it.uni.reti2.StationGateway] (vert.x-eventloop-thread-3) 🚨 [ALERT RICEVUTO] La Centrale dice: {"tipoEvento":"ITINERARIO_AGGIORNATO","target":"MEM_TRN_d815","timestamp":"2026-08-16T21:11:09.027463998Z"}
2026-08-16 23:11:09,124 WARN  [it.uni.reti2.StationGateway] (vert.x-eventloop-thread-3) 🚨 [ALERT RICEVUTO] La Centrale dice: {"tipoEvento":"RESOLVED","sorgenteTipo":"STAZIONE","sorgenteId":"MEM_A_d815","guastoId":"MEM_G_d815","timestamp":"2026-08-16T21:11:09.123583131Z"}
2026-08-16 23:11:09,145 WARN  [it.uni.reti2.StationGateway] (vert.x-eventloop-thread-3) 🚨 [ALERT RICEVUTO] La Centrale dice: {"tipoEvento":"MAINTENANCE_DISPATCHED","sorgenteId":"MEM_A_d815","timestamp":"2026-08-16T21:11:09.144494386Z"}
2026-08-16 23:11:09,152 WARN  [it.uni.reti2.StationGateway] (vert.x-eventloop-thread-3) 🚨 [ALERT RICEVUTO] La Centrale dice: {"tipoEvento":"RESOLVED","sorgenteTipo":"STAZIONE","sorgenteId":"MEM_A_d815","guastoId":"MEM_GM_d815","timestamp":"2026-08-16T21:11:09.151126095Z"}
2026-08-16 23:11:09,173 WARN  [it.uni.reti2.StationGateway] (vert.x-eventloop-thread-3) 🚨 [ALERT RICEVUTO] La Centrale dice: {"tipoEvento":"STOP","target":"MEM_TRN_d815","motivo":"Treno eliminato da operatore","timestamp":"2026-08-16T21:11:09.172290040Z"}
2026-08-16 23:11:09,425 WARN  [it.uni.reti2.StationGateway] (vert.x-eventloop-thread-3) 🚨 [ALERT RICEVUTO] La Centrale dice: {"tipoEvento":"ITINERARIO_AGGIORNATO","target":"REG_TRN_b2a1","timestamp":"2026-08-16T21:11:09.424566132Z"}
2026-08-16 23:11:09,466 WARN  [it.uni.reti2.StationGateway] (vert.x-eventloop-thread-3) 🚨 [ALERT RICEVUTO] La Centrale dice: {"tipoEvento":"ITINERARIO_AGGIORNATO","target":"REG_TRN_b2a1","timestamp":"2026-08-16T21:11:09.465884665Z"}
2026-08-16 23:11:09,588 WARN  [it.uni.reti2.StationGateway] (vert.x-eventloop-thread-3) 🚨 [ALERT RICEVUTO] La Centrale dice: {"tipoEvento":"STOP","target":"REG_TRN_b2a1","motivo":"Treno eliminato da operatore","timestamp":"2026-08-16T21:11:09.583292358Z"}
2026-08-16 23:11:12,912 INFO  [it.uni.reti2.HeartbeatGenerator] (vert.x-eventloop-thread-0) 💓 [HEARTBEAT] Invio heartbeat: {"stazioneId":"PA","stato":"ONLINE","timestamp":"2026-08-16T21:11:12.912639834Z","tipoEvento":"HEARTBEAT","bufferSize":0}
2026-08-16 23:11:22,914 INFO  [it.uni.reti2.HeartbeatGenerator] (vert.x-eventloop-thread-0) 💓 [HEARTBEAT] Invio heartbeat: {"stazioneId":"PA","stato":"ONLINE","timestamp":"2026-08-16T21:11:22.914469621Z","tipoEvento":"HEARTBEAT","bufferSize":0}
2026-08-16 23:11:32,914 INFO  [it.uni.reti2.HeartbeatGenerator] (vert.x-eventloop-thread-0) 💓 [HEARTBEAT] Invio heartbeat: {"stazioneId":"PA","stato":"ONLINE","timestamp":"2026-08-16T21:11:32.914468613Z","tipoEvento":"HEARTBEAT","bufferSize":0}
2026-08-16 23:11:42,911 INFO  [it.uni.reti2.HeartbeatGenerator] (vert.x-eventloop-thread-0) 💓 [HEARTBEAT] Invio heartbeat: {"stazioneId":"PA","stato":"ONLINE","timestamp":"2026-08-16T21:11:42.911461134Z","tipoEvento":"HEARTBEAT","bufferSize":0}
2026-08-16 23:11:52,915 INFO  [it.uni.reti2.HeartbeatGenerator] (vert.x-eventloop-thread-0) 💓 [HEARTBEAT] Invio heartbeat: {"stazioneId":"PA","stato":"ONLINE","timestamp":"2026-08-16T21:11:52.915034165Z","tipoEvento":"HEARTBEAT","bufferSize":0}
2026-08-16 23:12:02,915 INFO  [it.uni.reti2.HeartbeatGenerator] (vert.x-eventloop-thread-0) 💓 [HEARTBEAT] Invio heartbeat: {"stazioneId":"PA","stato":"ONLINE","timestamp":"2026-08-16T21:12:02.915078922Z","tipoEvento":"HEARTBEAT","bufferSize":0}
2026-08-16 23:12:12,911 INFO  [it.uni.reti2.HeartbeatGenerator] (vert.x-eventloop-thread-0) 💓 [HEARTBEAT] Invio heartbeat: {"stazioneId":"PA","stato":"ONLINE","timestamp":"2026-08-16T21:12:12.911725607Z","tipoEvento":"HEARTBEAT","bufferSize":0}
2026-08-16 23:12:22,914 INFO  [it.uni.reti2.HeartbeatGenerator] (vert.x-eventloop-thread-0) 💓 [HEARTBEAT] Invio heartbeat: {"stazioneId":"PA","stato":"ONLINE","timestamp":"2026-08-16T21:12:22.914444225Z","tipoEvento":"HEARTBEAT","bufferSize":0}
2026-08-16 23:12:32,914 INFO  [it.uni.reti2.HeartbeatGenerator] (vert.x-eventloop-thread-0) 💓 [HEARTBEAT] Invio heartbeat: {"stazioneId":"PA","stato":"ONLINE","timestamp":"2026-08-16T21:12:32.914471952Z","tipoEvento":"HEARTBEAT","bufferSize":0}
2026-08-16 23:12:42,912 INFO  [it.uni.reti2.HeartbeatGenerator] (vert.x-eventloop-thread-0) 💓 [HEARTBEAT] Invio heartbeat: {"stazioneId":"PA","stato":"ONLINE","timestamp":"2026-08-16T21:12:42.912036283Z","tipoEvento":"HEARTBEAT","bufferSize":0}
2026-08-16 23:12:52,914 INFO  [it.uni.reti2.HeartbeatGenerator] (vert.x-eventloop-thread-0) 💓 [HEARTBEAT] Invio heartbeat: {"stazioneId":"PA","stato":"ONLINE","timestamp":"2026-08-16T21:12:52.914469112Z","tipoEvento":"HEARTBEAT","bufferSize":0}
2026-08-16 23:13:02,914 INFO  [it.uni.reti2.HeartbeatGenerator] (vert.x-eventloop-thread-0) 💓 [HEARTBEAT] Invio heartbeat: {"stazioneId":"PA","stato":"ONLINE","timestamp":"2026-08-16T21:13:02.914677776Z","tipoEvento":"HEARTBEAT","bufferSize":0}
2026-08-16 23:13:12,912 INFO  [it.uni.reti2.HeartbeatGenerator] (vert.x-eventloop-thread-0) 💓 [HEARTBEAT] Invio heartbeat: {"stazioneId":"PA","stato":"ONLINE","timestamp":"2026-08-16T21:13:12.912255148Z","tipoEvento":"HEARTBEAT","bufferSize":0}
2026-08-16 23:13:22,915 INFO  [it.uni.reti2.HeartbeatGenerator] (vert.x-eventloop-thread-0) 💓 [HEARTBEAT] Invio heartbeat: {"stazioneId":"PA","stato":"ONLINE","timestamp":"2026-08-16T21:13:22.914972716Z","tipoEvento":"HEARTBEAT","bufferSize":0}
2026-08-16 23:13:32,911 INFO  [it.uni.reti2.HeartbeatGenerator] (vert.x-eventloop-thread-0) 💓 [HEARTBEAT] Invio heartbeat: {"stazioneId":"PA","stato":"ONLINE","timestamp":"2026-08-16T21:13:32.911346087Z","tipoEvento":"HEARTBEAT","bufferSize":0}
2026-08-16 23:13:42,911 INFO  [it.uni.reti2.HeartbeatGenerator] (vert.x-eventloop-thread-0) 💓 [HEARTBEAT] Invio heartbeat: {"stazioneId":"PA","stato":"ONLINE","timestamp":"2026-08-16T21:13:42.911481253Z","tipoEvento":"HEARTBEAT","bufferSize":0}
2026-08-16 23:13:52,916 INFO  [it.uni.reti2.HeartbeatGenerator] (vert.x-eventloop-thread-0) 💓 [HEARTBEAT] Invio heartbeat: {"stazioneId":"PA","stato":"ONLINE","timestamp":"2026-08-16T21:13:52.916503781Z","tipoEvento":"HEARTBEAT","bufferSize":0}
2026-08-16 23:14:02,911 INFO  [it.uni.reti2.HeartbeatGenerator] (vert.x-eventloop-thread-0) 💓 [HEARTBEAT] Invio heartbeat: {"stazioneId":"PA","stato":"ONLINE","timestamp":"2026-08-16T21:14:02.911630543Z","tipoEvento":"HEARTBEAT","bufferSize":0}
2026-08-16 23:14:12,911 INFO  [it.uni.reti2.HeartbeatGenerator] (vert.x-eventloop-thread-0) 💓 [HEARTBEAT] Invio heartbeat: {"stazioneId":"PA","stato":"ONLINE","timestamp":"2026-08-16T21:14:12.911424779Z","tipoEvento":"HEARTBEAT","bufferSize":0}
2026-08-16 23:14:22,917 INFO  [it.uni.reti2.HeartbeatGenerator] (vert.x-eventloop-thread-0) 💓 [HEARTBEAT] Invio heartbeat: {"stazioneId":"PA","stato":"ONLINE","timestamp":"2026-08-16T21:14:22.917682993Z","tipoEvento":"HEARTBEAT","bufferSize":0}
2026-08-16 23:14:32,914 INFO  [it.uni.reti2.HeartbeatGenerator] (vert.x-eventloop-thread-0) 💓 [HEARTBEAT] Invio heartbeat: {"stazioneId":"PA","stato":"ONLINE","timestamp":"2026-08-16T21:14:32.914166074Z","tipoEvento":"HEARTBEAT","bufferSize":0}
2026-08-16 23:14:42,912 INFO  [it.uni.reti2.HeartbeatGenerator] (vert.x-eventloop-thread-0) 💓 [HEARTBEAT] Invio heartbeat: {"stazioneId":"PA","stato":"ONLINE","timestamp":"2026-08-16T21:14:42.912484669Z","tipoEvento":"HEARTBEAT","bufferSize":0}
2026-08-16 23:14:52,919 INFO  [it.uni.reti2.HeartbeatGenerator] (vert.x-eventloop-thread-0) 💓 [HEARTBEAT] Invio heartbeat: {"stazioneId":"PA","stato":"ONLINE","timestamp":"2026-08-16T21:14:52.919460812Z","tipoEvento":"HEARTBEAT","bufferSize":0}
2026-08-16 23:15:02,915 INFO  [it.uni.reti2.HeartbeatGenerator] (vert.x-eventloop-thread-0) 💓 [HEARTBEAT] Invio heartbeat: {"stazioneId":"PA","stato":"ONLINE","timestamp":"2026-08-16T21:15:02.915444730Z","tipoEvento":"HEARTBEAT","bufferSize":0}
2026-08-16 23:15:12,911 INFO  [it.uni.reti2.HeartbeatGenerator] (vert.x-eventloop-thread-0) 💓 [HEARTBEAT] Invio heartbeat: {"stazioneId":"PA","stato":"ONLINE","timestamp":"2026-08-16T21:15:12.911448296Z","tipoEvento":"HEARTBEAT","bufferSize":0}
2026-08-16 23:15:22,912 INFO  [it.uni.reti2.HeartbeatGenerator] (vert.x-eventloop-thread-0) 💓 [HEARTBEAT] Invio heartbeat: {"stazioneId":"PA","stato":"ONLINE","timestamp":"2026-08-16T21:15:22.911980862Z","tipoEvento":"HEARTBEAT","bufferSize":0}
2026-08-16 23:15:32,916 INFO  [it.uni.reti2.HeartbeatGenerator] (vert.x-eventloop-thread-0) 💓 [HEARTBEAT] Invio heartbeat: {"stazioneId":"PA","stato":"ONLINE","timestamp":"2026-08-16T21:15:32.916916582Z","tipoEvento":"HEARTBEAT","bufferSize":0}
2026-08-16 23:15:42,912 INFO  [it.uni.reti2.HeartbeatGenerator] (vert.x-eventloop-thread-0) 💓 [HEARTBEAT] Invio heartbeat: {"stazioneId":"PA","stato":"ONLINE","timestamp":"2026-08-16T21:15:42.912287984Z","tipoEvento":"HEARTBEAT","bufferSize":0}
2026-08-16 23:15:52,912 INFO  [it.uni.reti2.HeartbeatGenerator] (vert.x-eventloop-thread-0) 💓 [HEARTBEAT] Invio heartbeat: {"stazioneId":"PA","stato":"ONLINE","timestamp":"2026-08-16T21:15:52.912389994Z","tipoEvento":"HEARTBEAT","bufferSize":0}
2026-08-16 23:16:02,917 INFO  [it.uni.reti2.HeartbeatGenerator] (vert.x-eventloop-thread-0) 💓 [HEARTBEAT] Invio heartbeat: {"stazioneId":"PA","stato":"ONLINE","timestamp":"2026-08-16T21:16:02.917546724Z","tipoEvento":"HEARTBEAT","bufferSize":0}
2026-08-16 23:16:12,912 INFO  [it.uni.reti2.HeartbeatGenerator] (vert.x-eventloop-thread-0) 💓 [HEARTBEAT] Invio heartbeat: {"stazioneId":"PA","stato":"ONLINE","timestamp":"2026-08-16T21:16:12.912402275Z","tipoEvento":"HEARTBEAT","bufferSize":0}
2026-08-16 23:16:22,912 INFO  [it.uni.reti2.HeartbeatGenerator] (vert.x-eventloop-thread-0) 💓 [HEARTBEAT] Invio heartbeat: {"stazioneId":"PA","stato":"ONLINE","timestamp":"2026-08-16T21:16:22.912468956Z","tipoEvento":"HEARTBEAT","bufferSize":0}
2026-08-16 23:16:32,917 INFO  [it.uni.reti2.HeartbeatGenerator] (vert.x-eventloop-thread-0) 💓 [HEARTBEAT] Invio heartbeat: {"stazioneId":"PA","stato":"ONLINE","timestamp":"2026-08-16T21:16:32.917910459Z","tipoEvento":"HEARTBEAT","bufferSize":0}
2026-08-16 23:16:42,912 INFO  [it.uni.reti2.HeartbeatGenerator] (vert.x-eventloop-thread-0) 💓 [HEARTBEAT] Invio heartbeat: {"stazioneId":"PA","stato":"ONLINE","timestamp":"2026-08-16T21:16:42.912038908Z","tipoEvento":"HEARTBEAT","bufferSize":0}
2026-08-16 23:16:52,913 INFO  [it.uni.reti2.HeartbeatGenerator] (vert.x-eventloop-thread-0) 💓 [HEARTBEAT] Invio heartbeat: {"stazioneId":"PA","stato":"ONLINE","timestamp":"2026-08-16T21:16:52.912961557Z","tipoEvento":"HEARTBEAT","bufferSize":0}
2026-08-16 23:17:02,918 INFO  [it.uni.reti2.HeartbeatGenerator] (vert.x-eventloop-thread-0) 💓 [HEARTBEAT] Invio heartbeat: {"stazioneId":"PA","stato":"ONLINE","timestamp":"2026-08-16T21:17:02.918753730Z","tipoEvento":"HEARTBEAT","bufferSize":0}
2026-08-16 23:17:12,912 INFO  [it.uni.reti2.HeartbeatGenerator] (vert.x-eventloop-thread-0) 💓 [HEARTBEAT] Invio heartbeat: {"stazioneId":"PA","stato":"ONLINE","timestamp":"2026-08-16T21:17:12.912170034Z","tipoEvento":"HEARTBEAT","bufferSize":0}
2026-08-16 23:17:22,912 INFO  [it.uni.reti2.HeartbeatGenerator] (vert.x-eventloop-thread-0) 💓 [HEARTBEAT] Invio heartbeat: {"stazioneId":"PA","stato":"ONLINE","timestamp":"2026-08-16T21:17:22.912813527Z","tipoEvento":"HEARTBEAT","bufferSize":0}
2026-08-16 23:17:32,916 INFO  [it.uni.reti2.HeartbeatGenerator] (vert.x-eventloop-thread-0) 💓 [HEARTBEAT] Invio heartbeat: {"stazioneId":"PA","stato":"ONLINE","timestamp":"2026-08-16T21:17:32.916510230Z","tipoEvento":"HEARTBEAT","bufferSize":0}
2026-08-16 23:17:42,911 INFO  [it.uni.reti2.HeartbeatGenerator] (vert.x-eventloop-thread-0) 💓 [HEARTBEAT] Invio heartbeat: {"stazioneId":"PA","stato":"ONLINE","timestamp":"2026-08-16T21:17:42.911480194Z","tipoEvento":"HEARTBEAT","bufferSize":0}
2026-08-16 23:17:52,911 INFO  [it.uni.reti2.HeartbeatGenerator] (vert.x-eventloop-thread-0) 💓 [HEARTBEAT] Invio heartbeat: {"stazioneId":"PA","stato":"ONLINE","timestamp":"2026-08-16T21:17:52.911581589Z","tipoEvento":"HEARTBEAT","bufferSize":0}
2026-08-16 23:18:02,914 INFO  [it.uni.reti2.HeartbeatGenerator] (vert.x-eventloop-thread-0) 💓 [HEARTBEAT] Invio heartbeat: {"stazioneId":"PA","stato":"ONLINE","timestamp":"2026-08-16T21:18:02.914457158Z","tipoEvento":"HEARTBEAT","bufferSize":0}
2026-08-16 23:18:12,911 INFO  [it.uni.reti2.HeartbeatGenerator] (vert.x-eventloop-thread-0) 💓 [HEARTBEAT] Invio heartbeat: {"stazioneId":"PA","stato":"ONLINE","timestamp":"2026-08-16T21:18:12.911891606Z","tipoEvento":"HEARTBEAT","bufferSize":0}
2026-08-16 23:18:22,914 INFO  [it.uni.reti2.HeartbeatGenerator] (vert.x-eventloop-thread-0) 💓 [HEARTBEAT] Invio heartbeat: {"stazioneId":"PA","stato":"ONLINE","timestamp":"2026-08-16T21:18:22.914513105Z","tipoEvento":"HEARTBEAT","bufferSize":0}
2026-08-16 23:18:32,914 INFO  [it.uni.reti2.HeartbeatGenerator] (vert.x-eventloop-thread-0) 💓 [HEARTBEAT] Invio heartbeat: {"stazioneId":"PA","stato":"ONLINE","timestamp":"2026-08-16T21:18:32.914061433Z","tipoEvento":"HEARTBEAT","bufferSize":0}
2026-08-16 23:18:42,911 INFO  [it.uni.reti2.HeartbeatGenerator] (vert.x-eventloop-thread-0) 💓 [HEARTBEAT] Invio heartbeat: {"stazioneId":"PA","stato":"ONLINE","timestamp":"2026-08-16T21:18:42.911443404Z","tipoEvento":"HEARTBEAT","bufferSize":0}
2026-08-16 23:18:52,914 INFO  [it.uni.reti2.HeartbeatGenerator] (vert.x-eventloop-thread-0) 💓 [HEARTBEAT] Invio heartbeat: {"stazioneId":"PA","stato":"ONLINE","timestamp":"2026-08-16T21:18:52.914789762Z","tipoEvento":"HEARTBEAT","bufferSize":0}
2026-08-16 23:19:02,911 INFO  [it.uni.reti2.HeartbeatGenerator] (vert.x-eventloop-thread-0) 💓 [HEARTBEAT] Invio heartbeat: {"stazioneId":"PA","stato":"ONLINE","timestamp":"2026-08-16T21:19:02.911110899Z","tipoEvento":"HEARTBEAT","bufferSize":0}
2026-08-16 23:19:12,911 INFO  [it.uni.reti2.HeartbeatGenerator] (vert.x-eventloop-thread-0) 💓 [HEARTBEAT] Invio heartbeat: {"stazioneId":"PA","stato":"ONLINE","timestamp":"2026-08-16T21:19:12.911442976Z","tipoEvento":"HEARTBEAT","bufferSize":0}
2026-08-16 23:19:22,912 INFO  [it.uni.reti2.HeartbeatGenerator] (vert.x-eventloop-thread-0) 💓 [HEARTBEAT] Invio heartbeat: {"stazioneId":"PA","stato":"ONLINE","timestamp":"2026-08-16T21:19:22.912561662Z","tipoEvento":"HEARTBEAT","bufferSize":0}
2026-08-16 23:19:32,913 INFO  [it.uni.reti2.HeartbeatGenerator] (vert.x-eventloop-thread-0) 💓 [HEARTBEAT] Invio heartbeat: {"stazioneId":"PA","stato":"ONLINE","timestamp":"2026-08-16T21:19:32.913017534Z","tipoEvento":"HEARTBEAT","bufferSize":0}
2026-08-16 23:19:42,911 INFO  [it.uni.reti2.HeartbeatGenerator] (vert.x-eventloop-thread-0) 💓 [HEARTBEAT] Invio heartbeat: {"stazioneId":"PA","stato":"ONLINE","timestamp":"2026-08-16T21:19:42.911662205Z","tipoEvento":"HEARTBEAT","bufferSize":0}
2026-08-16 23:19:52,914 INFO  [it.uni.reti2.HeartbeatGenerator] (vert.x-eventloop-thread-0) 💓 [HEARTBEAT] Invio heartbeat: {"stazioneId":"PA","stato":"ONLINE","timestamp":"2026-08-16T21:19:52.914488561Z","tipoEvento":"HEARTBEAT","bufferSize":0}
2026-08-16 23:20:03,013 INFO  [it.uni.reti2.HeartbeatGenerator] (vert.x-eventloop-thread-0) 💓 [HEARTBEAT] Invio heartbeat: {"stazioneId":"PA","stato":"ONLINE","timestamp":"2026-08-16T21:20:02.914648533Z","tipoEvento":"HEARTBEAT","bufferSize":0}
2026-08-16 23:20:12,911 INFO  [it.uni.reti2.HeartbeatGenerator] (vert.x-eventloop-thread-0) 💓 [HEARTBEAT] Invio heartbeat: {"stazioneId":"PA","stato":"ONLINE","timestamp":"2026-08-16T21:20:12.911492037Z","tipoEvento":"HEARTBEAT","bufferSize":0}
2026-08-16 23:20:22,914 INFO  [it.uni.reti2.HeartbeatGenerator] (vert.x-eventloop-thread-0) 💓 [HEARTBEAT] Invio heartbeat: {"stazioneId":"PA","stato":"ONLINE","timestamp":"2026-08-16T21:20:22.914654860Z","tipoEvento":"HEARTBEAT","bufferSize":0}
2026-08-16 23:20:32,912 INFO  [it.uni.reti2.HeartbeatGenerator] (vert.x-eventloop-thread-0) 💓 [HEARTBEAT] Invio heartbeat: {"stazioneId":"PA","stato":"ONLINE","timestamp":"2026-08-16T21:20:32.911997683Z","tipoEvento":"HEARTBEAT","bufferSize":0}
2026-08-16 23:20:42,911 INFO  [it.uni.reti2.HeartbeatGenerator] (vert.x-eventloop-thread-0) 💓 [HEARTBEAT] Invio heartbeat: {"stazioneId":"PA","stato":"ONLINE","timestamp":"2026-08-16T21:20:42.911450284Z","tipoEvento":"HEARTBEAT","bufferSize":0}
2026-08-16 23:20:52,917 INFO  [it.uni.reti2.HeartbeatGenerator] (vert.x-eventloop-thread-0) 💓 [HEARTBEAT] Invio heartbeat: {"stazioneId":"PA","stato":"ONLINE","timestamp":"2026-08-16T21:20:52.915848147Z","tipoEvento":"HEARTBEAT","bufferSize":0}
2026-08-16 23:21:02,911 INFO  [it.uni.reti2.HeartbeatGenerator] (vert.x-eventloop-thread-0) 💓 [HEARTBEAT] Invio heartbeat: {"stazioneId":"PA","stato":"ONLINE","timestamp":"2026-08-16T21:21:02.911746912Z","tipoEvento":"HEARTBEAT","bufferSize":0}
2026-08-16 23:21:12,914 INFO  [it.uni.reti2.HeartbeatGenerator] (vert.x-eventloop-thread-0) 💓 [HEARTBEAT] Invio heartbeat: {"stazioneId":"PA","stato":"ONLINE","timestamp":"2026-08-16T21:21:12.911957167Z","tipoEvento":"HEARTBEAT","bufferSize":0}
2026-08-16 23:21:22,916 INFO  [it.uni.reti2.HeartbeatGenerator] (vert.x-eventloop-thread-0) 💓 [HEARTBEAT] Invio heartbeat: {"stazioneId":"PA","stato":"ONLINE","timestamp":"2026-08-16T21:21:22.916469867Z","tipoEvento":"HEARTBEAT","bufferSize":0}
2026-08-16 23:21:32,914 INFO  [it.uni.reti2.HeartbeatGenerator] (vert.x-eventloop-thread-0) 💓 [HEARTBEAT] Invio heartbeat: {"stazioneId":"PA","stato":"ONLINE","timestamp":"2026-08-16T21:21:32.914231563Z","tipoEvento":"HEARTBEAT","bufferSize":0}
2026-08-16 23:21:42,912 INFO  [it.uni.reti2.HeartbeatGenerator] (vert.x-eventloop-thread-0) 💓 [HEARTBEAT] Invio heartbeat: {"stazioneId":"PA","stato":"ONLINE","timestamp":"2026-08-16T21:21:42.912072895Z","tipoEvento":"HEARTBEAT","bufferSize":0}
2026-08-16 23:21:52,919 INFO  [it.uni.reti2.HeartbeatGenerator] (vert.x-eventloop-thread-0) 💓 [HEARTBEAT] Invio heartbeat: {"stazioneId":"PA","stato":"ONLINE","timestamp":"2026-08-16T21:21:52.919190156Z","tipoEvento":"HEARTBEAT","bufferSize":0}
2026-08-16 23:22:02,913 INFO  [it.uni.reti2.HeartbeatGenerator] (vert.x-eventloop-thread-0) 💓 [HEARTBEAT] Invio heartbeat: {"stazioneId":"PA","stato":"ONLINE","timestamp":"2026-08-16T21:22:02.913459234Z","tipoEvento":"HEARTBEAT","bufferSize":0}
2026-08-16 23:22:12,911 INFO  [it.uni.reti2.HeartbeatGenerator] (vert.x-eventloop-thread-0) 💓 [HEARTBEAT] Invio heartbeat: {"stazioneId":"PA","stato":"ONLINE","timestamp":"2026-08-16T21:22:12.911421817Z","tipoEvento":"HEARTBEAT","bufferSize":0}
2026-08-16 23:22:22,918 INFO  [it.uni.reti2.HeartbeatGenerator] (vert.x-eventloop-thread-0) 💓 [HEARTBEAT] Invio heartbeat: {"stazioneId":"PA","stato":"ONLINE","timestamp":"2026-08-16T21:22:22.918402274Z","tipoEvento":"HEARTBEAT","bufferSize":0}
2026-08-16 23:22:32,914 INFO  [it.uni.reti2.HeartbeatGenerator] (vert.x-eventloop-thread-0) 💓 [HEARTBEAT] Invio heartbeat: {"stazioneId":"PA","stato":"ONLINE","timestamp":"2026-08-16T21:22:32.914699440Z","tipoEvento":"HEARTBEAT","bufferSize":0}
2026-08-16 23:22:42,912 INFO  [it.uni.reti2.HeartbeatGenerator] (vert.x-eventloop-thread-0) 💓 [HEARTBEAT] Invio heartbeat: {"stazioneId":"PA","stato":"ONLINE","timestamp":"2026-08-16T21:22:42.912269491Z","tipoEvento":"HEARTBEAT","bufferSize":0}
2026-08-16 23:22:52,921 INFO  [it.uni.reti2.HeartbeatGenerator] (vert.x-eventloop-thread-0) 💓 [HEARTBEAT] Invio heartbeat: {"stazioneId":"PA","stato":"ONLINE","timestamp":"2026-08-16T21:22:52.921024603Z","tipoEvento":"HEARTBEAT","bufferSize":0}
2026-08-16 23:23:02,916 INFO  [it.uni.reti2.HeartbeatGenerator] (vert.x-eventloop-thread-0) 💓 [HEARTBEAT] Invio heartbeat: {"stazioneId":"PA","stato":"ONLINE","timestamp":"2026-08-16T21:23:02.916257788Z","tipoEvento":"HEARTBEAT","bufferSize":0}
2026-08-16 23:23:12,912 INFO  [it.uni.reti2.HeartbeatGenerator] (vert.x-eventloop-thread-0) 💓 [HEARTBEAT] Invio heartbeat: {"stazioneId":"PA","stato":"ONLINE","timestamp":"2026-08-16T21:23:12.912402196Z","tipoEvento":"HEARTBEAT","bufferSize":0}
2026-08-16 23:23:22,912 INFO  [it.uni.reti2.HeartbeatGenerator] (vert.x-eventloop-thread-0) 💓 [HEARTBEAT] Invio heartbeat: {"stazioneId":"PA","stato":"ONLINE","timestamp":"2026-08-16T21:23:22.912273003Z","tipoEvento":"HEARTBEAT","bufferSize":0}
2026-08-16 23:23:32,918 INFO  [it.uni.reti2.HeartbeatGenerator] (vert.x-eventloop-thread-0) 💓 [HEARTBEAT] Invio heartbeat: {"stazioneId":"PA","stato":"ONLINE","timestamp":"2026-08-16T21:23:32.918282838Z","tipoEvento":"HEARTBEAT","bufferSize":0}
2026-08-16 23:23:42,912 INFO  [it.uni.reti2.HeartbeatGenerator] (vert.x-eventloop-thread-0) 💓 [HEARTBEAT] Invio heartbeat: {"stazioneId":"PA","stato":"ONLINE","timestamp":"2026-08-16T21:23:42.912087818Z","tipoEvento":"HEARTBEAT","bufferSize":0}
2026-08-16 23:23:52,914 INFO  [it.uni.reti2.HeartbeatGenerator] (vert.x-eventloop-thread-0) 💓 [HEARTBEAT] Invio heartbeat: {"stazioneId":"PA","stato":"ONLINE","timestamp":"2026-08-16T21:23:52.911950545Z","tipoEvento":"HEARTBEAT","bufferSize":0}
2026-08-16 23:24:02,919 INFO  [it.uni.reti2.HeartbeatGenerator] (vert.x-eventloop-thread-0) 💓 [HEARTBEAT] Invio heartbeat: {"stazioneId":"PA","stato":"ONLINE","timestamp":"2026-08-16T21:24:02.919244024Z","tipoEvento":"HEARTBEAT","bufferSize":0}
2026-08-16 23:24:12,910 INFO  [it.uni.reti2.HeartbeatGenerator] (vert.x-eventloop-thread-0) 💓 [HEARTBEAT] Invio heartbeat: {"stazioneId":"PA","stato":"ONLINE","timestamp":"2026-08-16T21:24:12.910766384Z","tipoEvento":"HEARTBEAT","bufferSize":0}
2026-08-16 23:24:22,910 INFO  [it.uni.reti2.HeartbeatGenerator] (vert.x-eventloop-thread-0) 💓 [HEARTBEAT] Invio heartbeat: {"stazioneId":"PA","stato":"ONLINE","timestamp":"2026-08-16T21:24:22.910744570Z","tipoEvento":"HEARTBEAT","bufferSize":0}
2026-08-16 23:24:32,911 INFO  [it.uni.reti2.HeartbeatGenerator] (vert.x-eventloop-thread-0) 💓 [HEARTBEAT] Invio heartbeat: {"stazioneId":"PA","stato":"ONLINE","timestamp":"2026-08-16T21:24:32.911485340Z","tipoEvento":"HEARTBEAT","bufferSize":0}
2026-08-16 23:24:42,911 INFO  [it.uni.reti2.HeartbeatGenerator] (vert.x-eventloop-thread-0) 💓 [HEARTBEAT] Invio heartbeat: {"stazioneId":"PA","stato":"ONLINE","timestamp":"2026-08-16T21:24:42.911491445Z","tipoEvento":"HEARTBEAT","bufferSize":0}
2026-08-16 23:24:52,913 INFO  [it.uni.reti2.HeartbeatGenerator] (vert.x-eventloop-thread-0) 💓 [HEARTBEAT] Invio heartbeat: {"stazioneId":"PA","stato":"ONLINE","timestamp":"2026-08-16T21:24:52.913112454Z","tipoEvento":"HEARTBEAT","bufferSize":0}
2026-08-16 23:25:02,913 INFO  [it.uni.reti2.HeartbeatGenerator] (vert.x-eventloop-thread-0) 💓 [HEARTBEAT] Invio heartbeat: {"stazioneId":"PA","stato":"ONLINE","timestamp":"2026-08-16T21:25:02.913217618Z","tipoEvento":"HEARTBEAT","bufferSize":0}
2026-08-16 23:25:12,912 INFO  [it.uni.reti2.HeartbeatGenerator] (vert.x-eventloop-thread-0) 💓 [HEARTBEAT] Invio heartbeat: {"stazioneId":"PA","stato":"ONLINE","timestamp":"2026-08-16T21:25:12.911983688Z","tipoEvento":"HEARTBEAT","bufferSize":0}
2026-08-16 23:25:22,914 INFO  [it.uni.reti2.HeartbeatGenerator] (vert.x-eventloop-thread-0) 💓 [HEARTBEAT] Invio heartbeat: {"stazioneId":"PA","stato":"ONLINE","timestamp":"2026-08-16T21:25:22.913906257Z","tipoEvento":"HEARTBEAT","bufferSize":0}
2026-08-16 23:25:32,913 INFO  [it.uni.reti2.HeartbeatGenerator] (vert.x-eventloop-thread-0) 💓 [HEARTBEAT] Invio heartbeat: {"stazioneId":"PA","stato":"ONLINE","timestamp":"2026-08-16T21:25:32.913467990Z","tipoEvento":"HEARTBEAT","bufferSize":0}
2026-08-16 23:25:42,912 INFO  [it.uni.reti2.HeartbeatGenerator] (vert.x-eventloop-thread-0) 💓 [HEARTBEAT] Invio heartbeat: {"stazioneId":"PA","stato":"ONLINE","timestamp":"2026-08-16T21:25:42.912138216Z","tipoEvento":"HEARTBEAT","bufferSize":0}
2026-08-16 23:25:52,916 INFO  [it.uni.reti2.HeartbeatGenerator] (vert.x-eventloop-thread-0) 💓 [HEARTBEAT] Invio heartbeat: {"stazioneId":"PA","stato":"ONLINE","timestamp":"2026-08-16T21:25:52.916273076Z","tipoEvento":"HEARTBEAT","bufferSize":0}
2026-08-16 23:26:02,911 INFO  [it.uni.reti2.HeartbeatGenerator] (vert.x-eventloop-thread-0) 💓 [HEARTBEAT] Invio heartbeat: {"stazioneId":"PA","stato":"ONLINE","timestamp":"2026-08-16T21:26:02.911511541Z","tipoEvento":"HEARTBEAT","bufferSize":0}
2026-08-16 23:26:12,910 INFO  [it.uni.reti2.HeartbeatGenerator] (vert.x-eventloop-thread-0) 💓 [HEARTBEAT] Invio heartbeat: {"stazioneId":"PA","stato":"ONLINE","timestamp":"2026-08-16T21:26:12.910434616Z","tipoEvento":"HEARTBEAT","bufferSize":0}
2026-08-16 23:26:22,916 INFO  [it.uni.reti2.HeartbeatGenerator] (vert.x-eventloop-thread-0) 💓 [HEARTBEAT] Invio heartbeat: {"stazioneId":"PA","stato":"ONLINE","timestamp":"2026-08-16T21:26:22.916646818Z","tipoEvento":"HEARTBEAT","bufferSize":0}
2026-08-16 23:26:32,912 INFO  [it.uni.reti2.HeartbeatGenerator] (vert.x-eventloop-thread-0) 💓 [HEARTBEAT] Invio heartbeat: {"stazioneId":"PA","stato":"ONLINE","timestamp":"2026-08-16T21:26:32.912186301Z","tipoEvento":"HEARTBEAT","bufferSize":0}
2026-08-16 23:26:42,912 INFO  [it.uni.reti2.HeartbeatGenerator] (vert.x-eventloop-thread-0) 💓 [HEARTBEAT] Invio heartbeat: {"stazioneId":"PA","stato":"ONLINE","timestamp":"2026-08-16T21:26:42.912176425Z","tipoEvento":"HEARTBEAT","bufferSize":0}
2026-08-16 23:26:52,916 INFO  [it.uni.reti2.HeartbeatGenerator] (vert.x-eventloop-thread-0) 💓 [HEARTBEAT] Invio heartbeat: {"stazioneId":"PA","stato":"ONLINE","timestamp":"2026-08-16T21:26:52.916476933Z","tipoEvento":"HEARTBEAT","bufferSize":0}
2026-08-16 23:27:02,911 INFO  [it.uni.reti2.HeartbeatGenerator] (vert.x-eventloop-thread-0) 💓 [HEARTBEAT] Invio heartbeat: {"stazioneId":"PA","stato":"ONLINE","timestamp":"2026-08-16T21:27:02.911558008Z","tipoEvento":"HEARTBEAT","bufferSize":0}
2026-08-16 23:27:12,912 INFO  [it.uni.reti2.HeartbeatGenerator] (vert.x-eventloop-thread-0) 💓 [HEARTBEAT] Invio heartbeat: {"stazioneId":"PA","stato":"ONLINE","timestamp":"2026-08-16T21:27:12.912234603Z","tipoEvento":"HEARTBEAT","bufferSize":0}
2026-08-16 23:27:22,917 INFO  [it.uni.reti2.HeartbeatGenerator] (vert.x-eventloop-thread-0) 💓 [HEARTBEAT] Invio heartbeat: {"stazioneId":"PA","stato":"ONLINE","timestamp":"2026-08-16T21:27:22.917552186Z","tipoEvento":"HEARTBEAT","bufferSize":0}
2026-08-16 23:27:32,913 INFO  [it.uni.reti2.HeartbeatGenerator] (vert.x-eventloop-thread-0) 💓 [HEARTBEAT] Invio heartbeat: {"stazioneId":"PA","stato":"ONLINE","timestamp":"2026-08-16T21:27:32.913778441Z","tipoEvento":"HEARTBEAT","bufferSize":0}
2026-08-16 23:27:42,911 INFO  [it.uni.reti2.HeartbeatGenerator] (vert.x-eventloop-thread-0) 💓 [HEARTBEAT] Invio heartbeat: {"stazioneId":"PA","stato":"ONLINE","timestamp":"2026-08-16T21:27:42.911697093Z","tipoEvento":"HEARTBEAT","bufferSize":0}
2026-08-16 23:27:52,919 INFO  [it.uni.reti2.HeartbeatGenerator] (vert.x-eventloop-thread-0) 💓 [HEARTBEAT] Invio heartbeat: {"stazioneId":"PA","stato":"ONLINE","timestamp":"2026-08-16T21:27:52.919738649Z","tipoEvento":"HEARTBEAT","bufferSize":0}
2026-08-16 23:28:02,914 INFO  [it.uni.reti2.HeartbeatGenerator] (vert.x-eventloop-thread-0) 💓 [HEARTBEAT] Invio heartbeat: {"stazioneId":"PA","stato":"ONLINE","timestamp":"2026-08-16T21:28:02.914809963Z","tipoEvento":"HEARTBEAT","bufferSize":0}
2026-08-16 23:28:12,911 INFO  [it.uni.reti2.HeartbeatGenerator] (vert.x-eventloop-thread-0) 💓 [HEARTBEAT] Invio heartbeat: {"stazioneId":"PA","stato":"ONLINE","timestamp":"2026-08-16T21:28:12.911437896Z","tipoEvento":"HEARTBEAT","bufferSize":0}
2026-08-16 23:28:22,917 INFO  [it.uni.reti2.HeartbeatGenerator] (vert.x-eventloop-thread-0) 💓 [HEARTBEAT] Invio heartbeat: {"stazioneId":"PA","stato":"ONLINE","timestamp":"2026-08-16T21:28:22.917068228Z","tipoEvento":"HEARTBEAT","bufferSize":0}
2026-08-16 23:28:32,917 INFO  [it.uni.reti2.HeartbeatGenerator] (vert.x-eventloop-thread-0) 💓 [HEARTBEAT] Invio heartbeat: {"stazioneId":"PA","stato":"ONLINE","timestamp":"2026-08-16T21:28:32.917270567Z","tipoEvento":"HEARTBEAT","bufferSize":0}
2026-08-16 23:28:42,912 INFO  [it.uni.reti2.HeartbeatGenerator] (vert.x-eventloop-thread-0) 💓 [HEARTBEAT] Invio heartbeat: {"stazioneId":"PA","stato":"ONLINE","timestamp":"2026-08-16T21:28:42.912231432Z","tipoEvento":"HEARTBEAT","bufferSize":0}
2026-08-16 23:28:52,913 INFO  [it.uni.reti2.HeartbeatGenerator] (vert.x-eventloop-thread-0) 💓 [HEARTBEAT] Invio heartbeat: {"stazioneId":"PA","stato":"ONLINE","timestamp":"2026-08-16T21:28:52.913899018Z","tipoEvento":"HEARTBEAT","bufferSize":0}
2026-08-16 23:29:02,913 INFO  [it.uni.reti2.HeartbeatGenerator] (vert.x-eventloop-thread-0) 💓 [HEARTBEAT] Invio heartbeat: {"stazioneId":"PA","stato":"ONLINE","timestamp":"2026-08-16T21:29:02.913193507Z","tipoEvento":"HEARTBEAT","bufferSize":0}
2026-08-16 23:29:12,911 INFO  [it.uni.reti2.HeartbeatGenerator] (vert.x-eventloop-thread-0) 💓 [HEARTBEAT] Invio heartbeat: {"stazioneId":"PA","stato":"ONLINE","timestamp":"2026-08-16T21:29:12.911274096Z","tipoEvento":"HEARTBEAT","bufferSize":0}
2026-08-16 23:29:22,912 INFO  [it.uni.reti2.HeartbeatGenerator] (vert.x-eventloop-thread-0) 💓 [HEARTBEAT] Invio heartbeat: {"stazioneId":"PA","stato":"ONLINE","timestamp":"2026-08-16T21:29:22.912086355Z","tipoEvento":"HEARTBEAT","bufferSize":0}
2026-08-16 23:29:32,911 INFO  [it.uni.reti2.HeartbeatGenerator] (vert.x-eventloop-thread-0) 💓 [HEARTBEAT] Invio heartbeat: {"stazioneId":"PA","stato":"ONLINE","timestamp":"2026-08-16T21:29:32.911663753Z","tipoEvento":"HEARTBEAT","bufferSize":0}
2026-08-16 23:29:42,912 INFO  [it.uni.reti2.HeartbeatGenerator] (vert.x-eventloop-thread-0) 💓 [HEARTBEAT] Invio heartbeat: {"stazioneId":"PA","stato":"ONLINE","timestamp":"2026-08-16T21:29:42.911985488Z","tipoEvento":"HEARTBEAT","bufferSize":0}
2026-08-16 23:29:52,911 INFO  [it.uni.reti2.HeartbeatGenerator] (vert.x-eventloop-thread-0) 💓 [HEARTBEAT] Invio heartbeat: {"stazioneId":"PA","stato":"ONLINE","timestamp":"2026-08-16T21:29:52.911779909Z","tipoEvento":"HEARTBEAT","bufferSize":0}
2026-08-16 23:30:02,911 INFO  [it.uni.reti2.HeartbeatGenerator] (vert.x-eventloop-thread-0) 💓 [HEARTBEAT] Invio heartbeat: {"stazioneId":"PA","stato":"ONLINE","timestamp":"2026-08-16T21:30:02.911477013Z","tipoEvento":"HEARTBEAT","bufferSize":0}
2026-08-16 23:30:12,913 INFO  [it.uni.reti2.HeartbeatGenerator] (vert.x-eventloop-thread-0) 💓 [HEARTBEAT] Invio heartbeat: {"stazioneId":"PA","stato":"ONLINE","timestamp":"2026-08-16T21:30:12.912908181Z","tipoEvento":"HEARTBEAT","bufferSize":0}
2026-08-16 23:30:22,912 INFO  [it.uni.reti2.HeartbeatGenerator] (vert.x-eventloop-thread-0) 💓 [HEARTBEAT] Invio heartbeat: {"stazioneId":"PA","stato":"ONLINE","timestamp":"2026-08-16T21:30:22.912491247Z","tipoEvento":"HEARTBEAT","bufferSize":0}
2026-08-16 23:30:32,911 INFO  [it.uni.reti2.HeartbeatGenerator] (vert.x-eventloop-thread-0) 💓 [HEARTBEAT] Invio heartbeat: {"stazioneId":"PA","stato":"ONLINE","timestamp":"2026-08-16T21:30:32.911430956Z","tipoEvento":"HEARTBEAT","bufferSize":0}
2026-08-16 23:30:42,911 INFO  [it.uni.reti2.HeartbeatGenerator] (vert.x-eventloop-thread-0) 💓 [HEARTBEAT] Invio heartbeat: {"stazioneId":"PA","stato":"ONLINE","timestamp":"2026-08-16T21:30:42.911424410Z","tipoEvento":"HEARTBEAT","bufferSize":0}
2026-08-16 23:30:52,913 INFO  [it.uni.reti2.HeartbeatGenerator] (vert.x-eventloop-thread-0) 💓 [HEARTBEAT] Invio heartbeat: {"stazioneId":"PA","stato":"ONLINE","timestamp":"2026-08-16T21:30:52.913411631Z","tipoEvento":"HEARTBEAT","bufferSize":0}
2026-08-16 23:31:02,913 INFO  [it.uni.reti2.HeartbeatGenerator] (vert.x-eventloop-thread-0) 💓 [HEARTBEAT] Invio heartbeat: {"stazioneId":"PA","stato":"ONLINE","timestamp":"2026-08-16T21:31:02.913442656Z","tipoEvento":"HEARTBEAT","bufferSize":0}
2026-08-16 23:31:12,911 INFO  [it.uni.reti2.HeartbeatGenerator] (vert.x-eventloop-thread-0) 💓 [HEARTBEAT] Invio heartbeat: {"stazioneId":"PA","stato":"ONLINE","timestamp":"2026-08-16T21:31:12.911419492Z","tipoEvento":"HEARTBEAT","bufferSize":0}
2026-08-16 23:31:22,914 INFO  [it.uni.reti2.HeartbeatGenerator] (vert.x-eventloop-thread-0) 💓 [HEARTBEAT] Invio heartbeat: {"stazioneId":"PA","stato":"ONLINE","timestamp":"2026-08-16T21:31:22.914575019Z","tipoEvento":"HEARTBEAT","bufferSize":0}
2026-08-16 23:31:32,914 INFO  [it.uni.reti2.HeartbeatGenerator] (vert.x-eventloop-thread-0) 💓 [HEARTBEAT] Invio heartbeat: {"stazioneId":"PA","stato":"ONLINE","timestamp":"2026-08-16T21:31:32.914434931Z","tipoEvento":"HEARTBEAT","bufferSize":0}
2026-08-16 23:31:42,912 INFO  [it.uni.reti2.HeartbeatGenerator] (vert.x-eventloop-thread-0) 💓 [HEARTBEAT] Invio heartbeat: {"stazioneId":"PA","stato":"ONLINE","timestamp":"2026-08-16T21:31:42.912300612Z","tipoEvento":"HEARTBEAT","bufferSize":0}
2026-08-16 23:31:52,915 INFO  [it.uni.reti2.HeartbeatGenerator] (vert.x-eventloop-thread-0) 💓 [HEARTBEAT] Invio heartbeat: {"stazioneId":"PA","stato":"ONLINE","timestamp":"2026-08-16T21:31:52.915393341Z","tipoEvento":"HEARTBEAT","bufferSize":0}
2026-08-16 23:32:02,915 INFO  [it.uni.reti2.HeartbeatGenerator] (vert.x-eventloop-thread-0) 💓 [HEARTBEAT] Invio heartbeat: {"stazioneId":"PA","stato":"ONLINE","timestamp":"2026-08-16T21:32:02.915938870Z","tipoEvento":"HEARTBEAT","bufferSize":0}
2026-08-16 23:32:12,911 INFO  [it.uni.reti2.HeartbeatGenerator] (vert.x-eventloop-thread-0) 💓 [HEARTBEAT] Invio heartbeat: {"stazioneId":"PA","stato":"ONLINE","timestamp":"2026-08-16T21:32:12.911481477Z","tipoEvento":"HEARTBEAT","bufferSize":0}
2026-08-16 23:32:22,915 INFO  [it.uni.reti2.HeartbeatGenerator] (vert.x-eventloop-thread-0) 💓 [HEARTBEAT] Invio heartbeat: {"stazioneId":"PA","stato":"ONLINE","timestamp":"2026-08-16T21:32:22.915705676Z","tipoEvento":"HEARTBEAT","bufferSize":0}
2026-08-16 23:32:32,915 INFO  [it.uni.reti2.HeartbeatGenerator] (vert.x-eventloop-thread-0) 💓 [HEARTBEAT] Invio heartbeat: {"stazioneId":"PA","stato":"ONLINE","timestamp":"2026-08-16T21:32:32.915939588Z","tipoEvento":"HEARTBEAT","bufferSize":0}
2026-08-16 23:32:42,911 INFO  [it.uni.reti2.HeartbeatGenerator] (vert.x-eventloop-thread-0) 💓 [HEARTBEAT] Invio heartbeat: {"stazioneId":"PA","stato":"ONLINE","timestamp":"2026-08-16T21:32:42.911476854Z","tipoEvento":"HEARTBEAT","bufferSize":0}
2026-08-16 23:32:52,917 INFO  [it.uni.reti2.HeartbeatGenerator] (vert.x-eventloop-thread-0) 💓 [HEARTBEAT] Invio heartbeat: {"stazioneId":"PA","stato":"ONLINE","timestamp":"2026-08-16T21:32:52.917340786Z","tipoEvento":"HEARTBEAT","bufferSize":0}
2026-08-16 23:33:02,911 INFO  [it.uni.reti2.HeartbeatGenerator] (vert.x-eventloop-thread-0) 💓 [HEARTBEAT] Invio heartbeat: {"stazioneId":"PA","stato":"ONLINE","timestamp":"2026-08-16T21:33:02.911769253Z","tipoEvento":"HEARTBEAT","bufferSize":0}
2026-08-16 23:33:12,912 INFO  [it.uni.reti2.HeartbeatGenerator] (vert.x-eventloop-thread-0) 💓 [HEARTBEAT] Invio heartbeat: {"stazioneId":"PA","stato":"ONLINE","timestamp":"2026-08-16T21:33:12.911947806Z","tipoEvento":"HEARTBEAT","bufferSize":0}
2026-08-16 23:33:22,912 INFO  [it.uni.reti2.HeartbeatGenerator] (vert.x-eventloop-thread-0) 💓 [HEARTBEAT] Invio heartbeat: {"stazioneId":"PA","stato":"ONLINE","timestamp":"2026-08-16T21:33:22.912835901Z","tipoEvento":"HEARTBEAT","bufferSize":0}
2026-08-16 23:33:32,913 INFO  [it.uni.reti2.HeartbeatGenerator] (vert.x-eventloop-thread-0) 💓 [HEARTBEAT] Invio heartbeat: {"stazioneId":"PA","stato":"ONLINE","timestamp":"2026-08-16T21:33:32.913430094Z","tipoEvento":"HEARTBEAT","bufferSize":0}
2026-08-16 23:33:42,912 INFO  [it.uni.reti2.HeartbeatGenerator] (vert.x-eventloop-thread-0) 💓 [HEARTBEAT] Invio heartbeat: {"stazioneId":"PA","stato":"ONLINE","timestamp":"2026-08-16T21:33:42.912205315Z","tipoEvento":"HEARTBEAT","bufferSize":0}
2026-08-16 23:33:52,919 INFO  [it.uni.reti2.HeartbeatGenerator] (vert.x-eventloop-thread-0) 💓 [HEARTBEAT] Invio heartbeat: {"stazioneId":"PA","stato":"ONLINE","timestamp":"2026-08-16T21:33:52.918965787Z","tipoEvento":"HEARTBEAT","bufferSize":0}
2026-08-16 23:34:02,914 INFO  [it.uni.reti2.HeartbeatGenerator] (vert.x-eventloop-thread-0) 💓 [HEARTBEAT] Invio heartbeat: {"stazioneId":"PA","stato":"ONLINE","timestamp":"2026-08-16T21:34:02.914899786Z","tipoEvento":"HEARTBEAT","bufferSize":0}
2026-08-16 23:34:12,911 INFO  [it.uni.reti2.HeartbeatGenerator] (vert.x-eventloop-thread-0) 💓 [HEARTBEAT] Invio heartbeat: {"stazioneId":"PA","stato":"ONLINE","timestamp":"2026-08-16T21:34:12.911485456Z","tipoEvento":"HEARTBEAT","bufferSize":0}
2026-08-16 23:34:22,919 INFO  [it.uni.reti2.HeartbeatGenerator] (vert.x-eventloop-thread-0) 💓 [HEARTBEAT] Invio heartbeat: {"stazioneId":"PA","stato":"ONLINE","timestamp":"2026-08-16T21:34:22.919425931Z","tipoEvento":"HEARTBEAT","bufferSize":0}
2026-08-16 23:34:32,914 INFO  [it.uni.reti2.HeartbeatGenerator] (vert.x-eventloop-thread-0) 💓 [HEARTBEAT] Invio heartbeat: {"stazioneId":"PA","stato":"ONLINE","timestamp":"2026-08-16T21:34:32.914737450Z","tipoEvento":"HEARTBEAT","bufferSize":0}
2026-08-16 23:34:42,912 INFO  [it.uni.reti2.HeartbeatGenerator] (vert.x-eventloop-thread-0) 💓 [HEARTBEAT] Invio heartbeat: {"stazioneId":"PA","stato":"ONLINE","timestamp":"2026-08-16T21:34:42.912557849Z","tipoEvento":"HEARTBEAT","bufferSize":0}
2026-08-16 23:34:52,919 INFO  [it.uni.reti2.HeartbeatGenerator] (vert.x-eventloop-thread-0) 💓 [HEARTBEAT] Invio heartbeat: {"stazioneId":"PA","stato":"ONLINE","timestamp":"2026-08-16T21:34:52.919493198Z","tipoEvento":"HEARTBEAT","bufferSize":0}
2026-08-16 23:35:02,914 INFO  [it.uni.reti2.HeartbeatGenerator] (vert.x-eventloop-thread-0) 💓 [HEARTBEAT] Invio heartbeat: {"stazioneId":"PA","stato":"ONLINE","timestamp":"2026-08-16T21:35:02.914491842Z","tipoEvento":"HEARTBEAT","bufferSize":0}
2026-08-16 23:35:12,912 INFO  [it.uni.reti2.HeartbeatGenerator] (vert.x-eventloop-thread-0) 💓 [HEARTBEAT] Invio heartbeat: {"stazioneId":"PA","stato":"ONLINE","timestamp":"2026-08-16T21:35:12.912311465Z","tipoEvento":"HEARTBEAT","bufferSize":0}
2026-08-16 23:35:22,919 INFO  [it.uni.reti2.HeartbeatGenerator] (vert.x-eventloop-thread-0) 💓 [HEARTBEAT] Invio heartbeat: {"stazioneId":"PA","stato":"ONLINE","timestamp":"2026-08-16T21:35:22.919473671Z","tipoEvento":"HEARTBEAT","bufferSize":0}
2026-08-16 23:35:32,913 INFO  [it.uni.reti2.HeartbeatGenerator] (vert.x-eventloop-thread-0) 💓 [HEARTBEAT] Invio heartbeat: {"stazioneId":"PA","stato":"ONLINE","timestamp":"2026-08-16T21:35:32.913416724Z","tipoEvento":"HEARTBEAT","bufferSize":0}
2026-08-16 23:38:51,991 INFO  [io.smallrye.reactive.messaging.mqtt.session.impl.MqttClientSessionImpl] (vert.x-eventloop-thread-0) Connection closed: Connection closed
2026-08-16 23:38:52,121 INFO  [io.smallrye.reactive.messaging.mqtt.session.impl.MqttClientSessionImpl] (vert.x-eventloop-thread-0) Connection closed: Connection closed
2026-08-16 23:38:52,121 INFO  [io.smallrye.reactive.messaging.mqtt.session.impl.MqttClientSessionImpl] (vert.x-eventloop-thread-0) Connection closed: Connection closed
2026-08-16 23:38:52,795 INFO  [it.uni.reti2.HeartbeatGenerator] (vert.x-eventloop-thread-0) 💓 [HEARTBEAT] Invio heartbeat: {"stazioneId":"PA","stato":"ONLINE","timestamp":"2026-08-16T21:38:52.794971583Z","tipoEvento":"HEARTBEAT","bufferSize":0}
2026-08-16 23:38:53,114 INFO  [io.vertx.mqtt.impl.MqttClientImpl] (vert.x-eventloop-thread-0) Connection with localhost:1883 established successfully
2026-08-16 23:38:53,122 INFO  [io.vertx.mqtt.impl.MqttClientImpl] (vert.x-eventloop-thread-0) Connection with localhost:1883 established successfully
2026-08-16 23:38:53,123 INFO  [io.vertx.mqtt.impl.MqttClientImpl] (vert.x-eventloop-thread-0) Connection with localhost:1883 established successfully
2026-08-16 23:39:02,794 INFO  [it.uni.reti2.HeartbeatGenerator] (vert.x-eventloop-thread-0) 💓 [HEARTBEAT] Invio heartbeat: {"stazioneId":"PA","stato":"ONLINE","timestamp":"2026-08-16T21:39:02.794334300Z","tipoEvento":"HEARTBEAT","bufferSize":0}
2026-08-16 23:39:12,799 INFO  [it.uni.reti2.HeartbeatGenerator] (vert.x-eventloop-thread-0) 💓 [HEARTBEAT] Invio heartbeat: {"stazioneId":"PA","stato":"ONLINE","timestamp":"2026-08-16T21:39:12.799922573Z","tipoEvento":"HEARTBEAT","bufferSize":0}
2026-08-16 23:39:22,795 INFO  [it.uni.reti2.HeartbeatGenerator] (vert.x-eventloop-thread-0) 💓 [HEARTBEAT] Invio heartbeat: {"stazioneId":"PA","stato":"ONLINE","timestamp":"2026-08-16T21:39:22.795281841Z","tipoEvento":"HEARTBEAT","bufferSize":0}
2026-08-16 23:39:32,796 INFO  [it.uni.reti2.HeartbeatGenerator] (vert.x-eventloop-thread-0) 💓 [HEARTBEAT] Invio heartbeat: {"stazioneId":"PA","stato":"ONLINE","timestamp":"2026-08-16T21:39:32.796161313Z","tipoEvento":"HEARTBEAT","bufferSize":0}
2026-08-16 23:39:42,802 INFO  [it.uni.reti2.HeartbeatGenerator] (vert.x-eventloop-thread-0) 💓 [HEARTBEAT] Invio heartbeat: {"stazioneId":"PA","stato":"ONLINE","timestamp":"2026-08-16T21:39:42.802152601Z","tipoEvento":"HEARTBEAT","bufferSize":0}
2026-08-16 23:39:52,796 INFO  [it.uni.reti2.HeartbeatGenerator] (vert.x-eventloop-thread-0) 💓 [HEARTBEAT] Invio heartbeat: {"stazioneId":"PA","stato":"ONLINE","timestamp":"2026-08-16T21:39:52.796558623Z","tipoEvento":"HEARTBEAT","bufferSize":0}
2026-08-16 23:40:02,797 INFO  [it.uni.reti2.HeartbeatGenerator] (vert.x-eventloop-thread-0) 💓 [HEARTBEAT] Invio heartbeat: {"stazioneId":"PA","stato":"ONLINE","timestamp":"2026-08-16T21:40:02.797869143Z","tipoEvento":"HEARTBEAT","bufferSize":0}
2026-08-16 23:40:12,802 INFO  [it.uni.reti2.HeartbeatGenerator] (vert.x-eventloop-thread-0) 💓 [HEARTBEAT] Invio heartbeat: {"stazioneId":"PA","stato":"ONLINE","timestamp":"2026-08-16T21:40:12.802623465Z","tipoEvento":"HEARTBEAT","bufferSize":0}
2026-08-16 23:40:22,798 INFO  [it.uni.reti2.HeartbeatGenerator] (vert.x-eventloop-thread-0) 💓 [HEARTBEAT] Invio heartbeat: {"stazioneId":"PA","stato":"ONLINE","timestamp":"2026-08-16T21:40:22.798196753Z","tipoEvento":"HEARTBEAT","bufferSize":0}
2026-08-16 23:40:32,794 INFO  [it.uni.reti2.HeartbeatGenerator] (vert.x-eventloop-thread-0) 💓 [HEARTBEAT] Invio heartbeat: {"stazioneId":"PA","stato":"ONLINE","timestamp":"2026-08-16T21:40:32.794729288Z","tipoEvento":"HEARTBEAT","bufferSize":0}
2026-08-16 23:40:42,794 INFO  [it.uni.reti2.HeartbeatGenerator] (vert.x-eventloop-thread-0) 💓 [HEARTBEAT] Invio heartbeat: {"stazioneId":"PA","stato":"ONLINE","timestamp":"2026-08-16T21:40:42.794416226Z","tipoEvento":"HEARTBEAT","bufferSize":0}
2026-08-16 23:40:52,800 INFO  [it.uni.reti2.HeartbeatGenerator] (vert.x-eventloop-thread-0) 💓 [HEARTBEAT] Invio heartbeat: {"stazioneId":"PA","stato":"ONLINE","timestamp":"2026-08-16T21:40:52.800930958Z","tipoEvento":"HEARTBEAT","bufferSize":0}
2026-08-16 23:41:02,796 INFO  [it.uni.reti2.HeartbeatGenerator] (vert.x-eventloop-thread-0) 💓 [HEARTBEAT] Invio heartbeat: {"stazioneId":"PA","stato":"ONLINE","timestamp":"2026-08-16T21:41:02.796892208Z","tipoEvento":"HEARTBEAT","bufferSize":0}
2026-08-16 23:41:12,794 INFO  [it.uni.reti2.HeartbeatGenerator] (vert.x-eventloop-thread-0) 💓 [HEARTBEAT] Invio heartbeat: {"stazioneId":"PA","stato":"ONLINE","timestamp":"2026-08-16T21:41:12.794864251Z","tipoEvento":"HEARTBEAT","bufferSize":0}
2026-08-16 23:41:22,801 INFO  [it.uni.reti2.HeartbeatGenerator] (vert.x-eventloop-thread-0) 💓 [HEARTBEAT] Invio heartbeat: {"stazioneId":"PA","stato":"ONLINE","timestamp":"2026-08-16T21:41:22.801812504Z","tipoEvento":"HEARTBEAT","bufferSize":0}
2026-08-16 23:41:32,796 INFO  [it.uni.reti2.HeartbeatGenerator] (vert.x-eventloop-thread-0) 💓 [HEARTBEAT] Invio heartbeat: {"stazioneId":"PA","stato":"ONLINE","timestamp":"2026-08-16T21:41:32.796347897Z","tipoEvento":"HEARTBEAT","bufferSize":0}
2026-08-16 23:41:42,796 INFO  [it.uni.reti2.HeartbeatGenerator] (vert.x-eventloop-thread-0) 💓 [HEARTBEAT] Invio heartbeat: {"stazioneId":"PA","stato":"ONLINE","timestamp":"2026-08-16T21:41:42.796328039Z","tipoEvento":"HEARTBEAT","bufferSize":0}
2026-08-16 23:41:52,801 INFO  [it.uni.reti2.HeartbeatGenerator] (vert.x-eventloop-thread-0) 💓 [HEARTBEAT] Invio heartbeat: {"stazioneId":"PA","stato":"ONLINE","timestamp":"2026-08-16T21:41:52.801415733Z","tipoEvento":"HEARTBEAT","bufferSize":0}
2026-08-16 23:42:02,797 INFO  [it.uni.reti2.HeartbeatGenerator] (vert.x-eventloop-thread-0) 💓 [HEARTBEAT] Invio heartbeat: {"stazioneId":"PA","stato":"ONLINE","timestamp":"2026-08-16T21:42:02.797811911Z","tipoEvento":"HEARTBEAT","bufferSize":0}
2026-08-16 23:42:12,798 INFO  [it.uni.reti2.HeartbeatGenerator] (vert.x-eventloop-thread-0) 💓 [HEARTBEAT] Invio heartbeat: {"stazioneId":"PA","stato":"ONLINE","timestamp":"2026-08-16T21:42:12.798717345Z","tipoEvento":"HEARTBEAT","bufferSize":0}
2026-08-16 23:42:22,794 INFO  [it.uni.reti2.HeartbeatGenerator] (vert.x-eventloop-thread-0) 💓 [HEARTBEAT] Invio heartbeat: {"stazioneId":"PA","stato":"ONLINE","timestamp":"2026-08-16T21:42:22.794352932Z","tipoEvento":"HEARTBEAT","bufferSize":0}
2026-08-16 23:42:32,799 INFO  [it.uni.reti2.HeartbeatGenerator] (vert.x-eventloop-thread-0) 💓 [HEARTBEAT] Invio heartbeat: {"stazioneId":"PA","stato":"ONLINE","timestamp":"2026-08-16T21:42:32.799647673Z","tipoEvento":"HEARTBEAT","bufferSize":0}
2026-08-16 23:42:42,795 INFO  [it.uni.reti2.HeartbeatGenerator] (vert.x-eventloop-thread-0) 💓 [HEARTBEAT] Invio heartbeat: {"stazioneId":"PA","stato":"ONLINE","timestamp":"2026-08-16T21:42:42.795031108Z","tipoEvento":"HEARTBEAT","bufferSize":0}
2026-08-16 23:42:52,795 INFO  [it.uni.reti2.HeartbeatGenerator] (vert.x-eventloop-thread-0) 💓 [HEARTBEAT] Invio heartbeat: {"stazioneId":"PA","stato":"ONLINE","timestamp":"2026-08-16T21:42:52.795116670Z","tipoEvento":"HEARTBEAT","bufferSize":0}
2026-08-16 23:43:02,801 INFO  [it.uni.reti2.HeartbeatGenerator] (vert.x-eventloop-thread-0) 💓 [HEARTBEAT] Invio heartbeat: {"stazioneId":"PA","stato":"ONLINE","timestamp":"2026-08-16T21:43:02.801362011Z","tipoEvento":"HEARTBEAT","bufferSize":0}
2026-08-16 23:43:13,855 INFO  [it.uni.reti2.HeartbeatGenerator] (vert.x-eventloop-thread-0) 💓 [HEARTBEAT] Invio heartbeat: {"stazioneId":"PA","stato":"ONLINE","timestamp":"2026-08-16T21:43:13.855171411Z","tipoEvento":"HEARTBEAT","bufferSize":0}
2026-08-16 23:43:23,855 INFO  [it.uni.reti2.HeartbeatGenerator] (vert.x-eventloop-thread-0) 💓 [HEARTBEAT] Invio heartbeat: {"stazioneId":"PA","stato":"ONLINE","timestamp":"2026-08-16T21:43:23.855385320Z","tipoEvento":"HEARTBEAT","bufferSize":0}
2026-08-16 23:43:33,852 INFO  [it.uni.reti2.HeartbeatGenerator] (vert.x-eventloop-thread-0) 💓 [HEARTBEAT] Invio heartbeat: {"stazioneId":"PA","stato":"ONLINE","timestamp":"2026-08-16T21:43:33.852407624Z","tipoEvento":"HEARTBEAT","bufferSize":0}
2026-08-16 23:43:43,857 INFO  [it.uni.reti2.HeartbeatGenerator] (vert.x-eventloop-thread-0) 💓 [HEARTBEAT] Invio heartbeat: {"stazioneId":"PA","stato":"ONLINE","timestamp":"2026-08-16T21:43:43.856955384Z","tipoEvento":"HEARTBEAT","bufferSize":0}
2026-08-16 23:43:53,852 INFO  [it.uni.reti2.HeartbeatGenerator] (vert.x-eventloop-thread-0) 💓 [HEARTBEAT] Invio heartbeat: {"stazioneId":"PA","stato":"ONLINE","timestamp":"2026-08-16T21:43:53.852404518Z","tipoEvento":"HEARTBEAT","bufferSize":0}
2026-08-16 23:44:03,852 INFO  [it.uni.reti2.HeartbeatGenerator] (vert.x-eventloop-thread-0) 💓 [HEARTBEAT] Invio heartbeat: {"stazioneId":"PA","stato":"ONLINE","timestamp":"2026-08-16T21:44:03.852409245Z","tipoEvento":"HEARTBEAT","bufferSize":0}
2026-08-16 23:44:13,855 INFO  [it.uni.reti2.HeartbeatGenerator] (vert.x-eventloop-thread-0) 💓 [HEARTBEAT] Invio heartbeat: {"stazioneId":"PA","stato":"ONLINE","timestamp":"2026-08-16T21:44:13.855536719Z","tipoEvento":"HEARTBEAT","bufferSize":0}
2026-08-16 23:44:23,853 INFO  [it.uni.reti2.HeartbeatGenerator] (vert.x-eventloop-thread-0) 💓 [HEARTBEAT] Invio heartbeat: {"stazioneId":"PA","stato":"ONLINE","timestamp":"2026-08-16T21:44:23.853843754Z","tipoEvento":"HEARTBEAT","bufferSize":0}
2026-08-16 23:44:33,854 INFO  [it.uni.reti2.HeartbeatGenerator] (vert.x-eventloop-thread-0) 💓 [HEARTBEAT] Invio heartbeat: {"stazioneId":"PA","stato":"ONLINE","timestamp":"2026-08-16T21:44:33.854212037Z","tipoEvento":"HEARTBEAT","bufferSize":0}
2026-08-16 23:44:43,861 INFO  [it.uni.reti2.HeartbeatGenerator] (vert.x-eventloop-thread-0) 💓 [HEARTBEAT] Invio heartbeat: {"stazioneId":"PA","stato":"ONLINE","timestamp":"2026-08-16T21:44:43.861030580Z","tipoEvento":"HEARTBEAT","bufferSize":0}
2026-08-16 23:44:53,855 INFO  [it.uni.reti2.HeartbeatGenerator] (vert.x-eventloop-thread-0) 💓 [HEARTBEAT] Invio heartbeat: {"stazioneId":"PA","stato":"ONLINE","timestamp":"2026-08-16T21:44:53.855054963Z","tipoEvento":"HEARTBEAT","bufferSize":0}
2026-08-16 23:45:03,856 INFO  [it.uni.reti2.HeartbeatGenerator] (vert.x-eventloop-thread-0) 💓 [HEARTBEAT] Invio heartbeat: {"stazioneId":"PA","stato":"ONLINE","timestamp":"2026-08-16T21:45:03.855908911Z","tipoEvento":"HEARTBEAT","bufferSize":0}
2026-08-16 23:45:13,860 INFO  [it.uni.reti2.HeartbeatGenerator] (vert.x-eventloop-thread-0) 💓 [HEARTBEAT] Invio heartbeat: {"stazioneId":"PA","stato":"ONLINE","timestamp":"2026-08-16T21:45:13.860201287Z","tipoEvento":"HEARTBEAT","bufferSize":0}
2026-08-16 23:45:23,854 INFO  [it.uni.reti2.HeartbeatGenerator] (vert.x-eventloop-thread-0) 💓 [HEARTBEAT] Invio heartbeat: {"stazioneId":"PA","stato":"ONLINE","timestamp":"2026-08-16T21:45:23.854725011Z","tipoEvento":"HEARTBEAT","bufferSize":0}
2026-08-16 23:45:33,856 INFO  [it.uni.reti2.HeartbeatGenerator] (vert.x-eventloop-thread-0) 💓 [HEARTBEAT] Invio heartbeat: {"stazioneId":"PA","stato":"ONLINE","timestamp":"2026-08-16T21:45:33.856538911Z","tipoEvento":"HEARTBEAT","bufferSize":0}
2026-08-16 23:45:43,876 INFO  [it.uni.reti2.HeartbeatGenerator] (vert.x-eventloop-thread-0) 💓 [HEARTBEAT] Invio heartbeat: {"stazioneId":"PA","stato":"ONLINE","timestamp":"2026-08-16T21:45:43.861151458Z","tipoEvento":"HEARTBEAT","bufferSize":0}
2026-08-16 23:45:53,857 INFO  [it.uni.reti2.HeartbeatGenerator] (vert.x-eventloop-thread-0) 💓 [HEARTBEAT] Invio heartbeat: {"stazioneId":"PA","stato":"ONLINE","timestamp":"2026-08-16T21:45:53.857176956Z","tipoEvento":"HEARTBEAT","bufferSize":0}
2026-08-16 23:46:03,852 INFO  [it.uni.reti2.HeartbeatGenerator] (vert.x-eventloop-thread-0) 💓 [HEARTBEAT] Invio heartbeat: {"stazioneId":"PA","stato":"ONLINE","timestamp":"2026-08-16T21:46:03.852781975Z","tipoEvento":"HEARTBEAT","bufferSize":0}
2026-08-16 23:46:13,852 INFO  [it.uni.reti2.HeartbeatGenerator] (vert.x-eventloop-thread-0) 💓 [HEARTBEAT] Invio heartbeat: {"stazioneId":"PA","stato":"ONLINE","timestamp":"2026-08-16T21:46:13.852376122Z","tipoEvento":"HEARTBEAT","bufferSize":0}
2026-08-16 23:46:23,858 INFO  [it.uni.reti2.HeartbeatGenerator] (vert.x-eventloop-thread-0) 💓 [HEARTBEAT] Invio heartbeat: {"stazioneId":"PA","stato":"ONLINE","timestamp":"2026-08-16T21:46:23.858258663Z","tipoEvento":"HEARTBEAT","bufferSize":0}
2026-08-16 23:46:33,854 INFO  [it.uni.reti2.HeartbeatGenerator] (vert.x-eventloop-thread-0) 💓 [HEARTBEAT] Invio heartbeat: {"stazioneId":"PA","stato":"ONLINE","timestamp":"2026-08-16T21:46:33.854255470Z","tipoEvento":"HEARTBEAT","bufferSize":0}
2026-08-16 23:46:43,855 INFO  [it.uni.reti2.HeartbeatGenerator] (vert.x-eventloop-thread-0) 💓 [HEARTBEAT] Invio heartbeat: {"stazioneId":"PA","stato":"ONLINE","timestamp":"2026-08-16T21:46:43.855219917Z","tipoEvento":"HEARTBEAT","bufferSize":0}
2026-08-16 23:46:53,860 INFO  [it.uni.reti2.HeartbeatGenerator] (vert.x-eventloop-thread-0) 💓 [HEARTBEAT] Invio heartbeat: {"stazioneId":"PA","stato":"ONLINE","timestamp":"2026-08-16T21:46:53.860367009Z","tipoEvento":"HEARTBEAT","bufferSize":0}
2026-08-16 23:47:03,856 INFO  [it.uni.reti2.HeartbeatGenerator] (vert.x-eventloop-thread-0) 💓 [HEARTBEAT] Invio heartbeat: {"stazioneId":"PA","stato":"ONLINE","timestamp":"2026-08-16T21:47:03.856456442Z","tipoEvento":"HEARTBEAT","bufferSize":0}
2026-08-16 23:47:13,860 INFO  [it.uni.reti2.HeartbeatGenerator] (vert.x-eventloop-thread-0) 💓 [HEARTBEAT] Invio heartbeat: {"stazioneId":"PA","stato":"ONLINE","timestamp":"2026-08-16T21:47:13.856129408Z","tipoEvento":"HEARTBEAT","bufferSize":0}
2026-08-16 23:47:23,862 INFO  [it.uni.reti2.HeartbeatGenerator] (vert.x-eventloop-thread-0) 💓 [HEARTBEAT] Invio heartbeat: {"stazioneId":"PA","stato":"ONLINE","timestamp":"2026-08-16T21:47:23.862180121Z","tipoEvento":"HEARTBEAT","bufferSize":0}
2026-08-16 23:47:33,856 INFO  [it.uni.reti2.HeartbeatGenerator] (vert.x-eventloop-thread-0) 💓 [HEARTBEAT] Invio heartbeat: {"stazioneId":"PA","stato":"ONLINE","timestamp":"2026-08-16T21:47:33.856042900Z","tipoEvento":"HEARTBEAT","bufferSize":0}
2026-08-16 23:47:43,851 INFO  [it.uni.reti2.HeartbeatGenerator] (vert.x-eventloop-thread-0) 💓 [HEARTBEAT] Invio heartbeat: {"stazioneId":"PA","stato":"ONLINE","timestamp":"2026-08-16T21:47:43.851121238Z","tipoEvento":"HEARTBEAT","bufferSize":0}
2026-08-16 23:47:53,852 INFO  [it.uni.reti2.HeartbeatGenerator] (vert.x-eventloop-thread-0) 💓 [HEARTBEAT] Invio heartbeat: {"stazioneId":"PA","stato":"ONLINE","timestamp":"2026-08-16T21:47:53.852130166Z","tipoEvento":"HEARTBEAT","bufferSize":0}
2026-08-16 23:48:03,853 INFO  [it.uni.reti2.HeartbeatGenerator] (vert.x-eventloop-thread-0) 💓 [HEARTBEAT] Invio heartbeat: {"stazioneId":"PA","stato":"ONLINE","timestamp":"2026-08-16T21:48:03.853869796Z","tipoEvento":"HEARTBEAT","bufferSize":0}
2026-08-16 23:48:13,855 INFO  [it.uni.reti2.HeartbeatGenerator] (vert.x-eventloop-thread-0) 💓 [HEARTBEAT] Invio heartbeat: {"stazioneId":"PA","stato":"ONLINE","timestamp":"2026-08-16T21:48:13.855179734Z","tipoEvento":"HEARTBEAT","bufferSize":0}
2026-08-16 23:48:23,855 INFO  [it.uni.reti2.HeartbeatGenerator] (vert.x-eventloop-thread-0) 💓 [HEARTBEAT] Invio heartbeat: {"stazioneId":"PA","stato":"ONLINE","timestamp":"2026-08-16T21:48:23.854995875Z","tipoEvento":"HEARTBEAT","bufferSize":0}
2026-08-16 23:48:33,864 INFO  [it.uni.reti2.HeartbeatGenerator] (vert.x-eventloop-thread-0) 💓 [HEARTBEAT] Invio heartbeat: {"stazioneId":"PA","stato":"ONLINE","timestamp":"2026-08-16T21:48:33.860153930Z","tipoEvento":"HEARTBEAT","bufferSize":0}
2026-08-16 23:48:43,855 INFO  [it.uni.reti2.HeartbeatGenerator] (vert.x-eventloop-thread-0) 💓 [HEARTBEAT] Invio heartbeat: {"stazioneId":"PA","stato":"ONLINE","timestamp":"2026-08-16T21:48:43.855221014Z","tipoEvento":"HEARTBEAT","bufferSize":0}
2026-08-16 23:48:53,852 INFO  [it.uni.reti2.HeartbeatGenerator] (vert.x-eventloop-thread-0) 💓 [HEARTBEAT] Invio heartbeat: {"stazioneId":"PA","stato":"ONLINE","timestamp":"2026-08-16T21:48:53.852265026Z","tipoEvento":"HEARTBEAT","bufferSize":0}
2026-08-16 23:49:03,852 INFO  [it.uni.reti2.HeartbeatGenerator] (vert.x-eventloop-thread-0) 💓 [HEARTBEAT] Invio heartbeat: {"stazioneId":"PA","stato":"ONLINE","timestamp":"2026-08-16T21:49:03.852143519Z","tipoEvento":"HEARTBEAT","bufferSize":0}
2026-08-16 23:49:13,859 INFO  [it.uni.reti2.HeartbeatGenerator] (vert.x-eventloop-thread-0) 💓 [HEARTBEAT] Invio heartbeat: {"stazioneId":"PA","stato":"ONLINE","timestamp":"2026-08-16T21:49:13.855505466Z","tipoEvento":"HEARTBEAT","bufferSize":0}
2026-08-16 23:49:23,854 INFO  [it.uni.reti2.HeartbeatGenerator] (vert.x-eventloop-thread-0) 💓 [HEARTBEAT] Invio heartbeat: {"stazioneId":"PA","stato":"ONLINE","timestamp":"2026-08-16T21:49:23.854145023Z","tipoEvento":"HEARTBEAT","bufferSize":0}
2026-08-16 23:49:33,854 INFO  [it.uni.reti2.HeartbeatGenerator] (vert.x-eventloop-thread-0) 💓 [HEARTBEAT] Invio heartbeat: {"stazioneId":"PA","stato":"ONLINE","timestamp":"2026-08-16T21:49:33.854039726Z","tipoEvento":"HEARTBEAT","bufferSize":0}
2026-08-16 23:49:43,855 INFO  [it.uni.reti2.HeartbeatGenerator] (vert.x-eventloop-thread-0) 💓 [HEARTBEAT] Invio heartbeat: {"stazioneId":"PA","stato":"ONLINE","timestamp":"2026-08-16T21:49:43.855599530Z","tipoEvento":"HEARTBEAT","bufferSize":0}
2026-08-16 23:49:53,854 INFO  [it.uni.reti2.HeartbeatGenerator] (vert.x-eventloop-thread-0) 💓 [HEARTBEAT] Invio heartbeat: {"stazioneId":"PA","stato":"ONLINE","timestamp":"2026-08-16T21:49:53.854113717Z","tipoEvento":"HEARTBEAT","bufferSize":0}
2026-08-16 23:50:03,851 INFO  [it.uni.reti2.HeartbeatGenerator] (vert.x-eventloop-thread-0) 💓 [HEARTBEAT] Invio heartbeat: {"stazioneId":"PA","stato":"ONLINE","timestamp":"2026-08-16T21:50:03.851684756Z","tipoEvento":"HEARTBEAT","bufferSize":0}
2026-08-16 23:50:13,860 INFO  [it.uni.reti2.HeartbeatGenerator] (vert.x-eventloop-thread-0) 💓 [HEARTBEAT] Invio heartbeat: {"stazioneId":"PA","stato":"ONLINE","timestamp":"2026-08-16T21:50:13.860140001Z","tipoEvento":"HEARTBEAT","bufferSize":0}
2026-08-16 23:50:23,856 INFO  [it.uni.reti2.HeartbeatGenerator] (vert.x-eventloop-thread-0) 💓 [HEARTBEAT] Invio heartbeat: {"stazioneId":"PA","stato":"ONLINE","timestamp":"2026-08-16T21:50:23.856139123Z","tipoEvento":"HEARTBEAT","bufferSize":0}
2026-08-16 23:50:33,851 INFO  [it.uni.reti2.HeartbeatGenerator] (vert.x-eventloop-thread-0) 💓 [HEARTBEAT] Invio heartbeat: {"stazioneId":"PA","stato":"ONLINE","timestamp":"2026-08-16T21:50:33.851897814Z","tipoEvento":"HEARTBEAT","bufferSize":0}
2026-08-16 23:50:43,852 INFO  [it.uni.reti2.HeartbeatGenerator] (vert.x-eventloop-thread-0) 💓 [HEARTBEAT] Invio heartbeat: {"stazioneId":"PA","stato":"ONLINE","timestamp":"2026-08-16T21:50:43.852057217Z","tipoEvento":"HEARTBEAT","bufferSize":0}
2026-08-16 23:50:53,857 INFO  [it.uni.reti2.HeartbeatGenerator] (vert.x-eventloop-thread-0) 💓 [HEARTBEAT] Invio heartbeat: {"stazioneId":"PA","stato":"ONLINE","timestamp":"2026-08-16T21:50:53.857139143Z","tipoEvento":"HEARTBEAT","bufferSize":0}
2026-08-16 23:51:03,852 INFO  [it.uni.reti2.HeartbeatGenerator] (vert.x-eventloop-thread-0) 💓 [HEARTBEAT] Invio heartbeat: {"stazioneId":"PA","stato":"ONLINE","timestamp":"2026-08-16T21:51:03.852190076Z","tipoEvento":"HEARTBEAT","bufferSize":0}
2026-08-16 23:51:13,854 INFO  [it.uni.reti2.HeartbeatGenerator] (vert.x-eventloop-thread-0) 💓 [HEARTBEAT] Invio heartbeat: {"stazioneId":"PA","stato":"ONLINE","timestamp":"2026-08-16T21:51:13.853979306Z","tipoEvento":"HEARTBEAT","bufferSize":0}
2026-08-16 23:51:23,859 INFO  [it.uni.reti2.HeartbeatGenerator] (vert.x-eventloop-thread-0) 💓 [HEARTBEAT] Invio heartbeat: {"stazioneId":"PA","stato":"ONLINE","timestamp":"2026-08-16T21:51:23.859122778Z","tipoEvento":"HEARTBEAT","bufferSize":0}
2026-08-16 23:51:33,855 INFO  [it.uni.reti2.HeartbeatGenerator] (vert.x-eventloop-thread-0) 💓 [HEARTBEAT] Invio heartbeat: {"stazioneId":"PA","stato":"ONLINE","timestamp":"2026-08-16T21:51:33.855163464Z","tipoEvento":"HEARTBEAT","bufferSize":0}
2026-08-16 23:51:43,855 INFO  [it.uni.reti2.HeartbeatGenerator] (vert.x-eventloop-thread-0) 💓 [HEARTBEAT] Invio heartbeat: {"stazioneId":"PA","stato":"ONLINE","timestamp":"2026-08-16T21:51:43.855316037Z","tipoEvento":"HEARTBEAT","bufferSize":0}
2026-08-16 23:51:53,858 INFO  [it.uni.reti2.HeartbeatGenerator] (vert.x-eventloop-thread-0) 💓 [HEARTBEAT] Invio heartbeat: {"stazioneId":"PA","stato":"ONLINE","timestamp":"2026-08-16T21:51:53.858424782Z","tipoEvento":"HEARTBEAT","bufferSize":0}
2026-08-16 23:52:03,856 INFO  [it.uni.reti2.HeartbeatGenerator] (vert.x-eventloop-thread-0) 💓 [HEARTBEAT] Invio heartbeat: {"stazioneId":"PA","stato":"ONLINE","timestamp":"2026-08-16T21:52:03.856040067Z","tipoEvento":"HEARTBEAT","bufferSize":0}
2026-08-16 23:52:13,855 INFO  [it.uni.reti2.HeartbeatGenerator] (vert.x-eventloop-thread-0) 💓 [HEARTBEAT] Invio heartbeat: {"stazioneId":"PA","stato":"ONLINE","timestamp":"2026-08-16T21:52:13.855216382Z","tipoEvento":"HEARTBEAT","bufferSize":0}
2026-08-16 23:52:23,860 INFO  [it.uni.reti2.HeartbeatGenerator] (vert.x-eventloop-thread-0) 💓 [HEARTBEAT] Invio heartbeat: {"stazioneId":"PA","stato":"ONLINE","timestamp":"2026-08-16T21:52:23.860149593Z","tipoEvento":"HEARTBEAT","bufferSize":0}
2026-08-16 23:52:33,854 INFO  [it.uni.reti2.HeartbeatGenerator] (vert.x-eventloop-thread-0) 💓 [HEARTBEAT] Invio heartbeat: {"stazioneId":"PA","stato":"ONLINE","timestamp":"2026-08-16T21:52:33.854236443Z","tipoEvento":"HEARTBEAT","bufferSize":0}
2026-08-16 23:52:43,856 INFO  [it.uni.reti2.HeartbeatGenerator] (vert.x-eventloop-thread-0) 💓 [HEARTBEAT] Invio heartbeat: {"stazioneId":"PA","stato":"ONLINE","timestamp":"2026-08-16T21:52:43.856031804Z","tipoEvento":"HEARTBEAT","bufferSize":0}
2026-08-16 23:52:53,852 INFO  [it.uni.reti2.HeartbeatGenerator] (vert.x-eventloop-thread-0) 💓 [HEARTBEAT] Invio heartbeat: {"stazioneId":"PA","stato":"ONLINE","timestamp":"2026-08-16T21:52:53.852903374Z","tipoEvento":"HEARTBEAT","bufferSize":0}
2026-08-16 23:53:03,857 INFO  [it.uni.reti2.HeartbeatGenerator] (vert.x-eventloop-thread-0) 💓 [HEARTBEAT] Invio heartbeat: {"stazioneId":"PA","stato":"ONLINE","timestamp":"2026-08-16T21:53:03.857791075Z","tipoEvento":"HEARTBEAT","bufferSize":0}
2026-08-16 23:53:13,853 INFO  [it.uni.reti2.HeartbeatGenerator] (vert.x-eventloop-thread-0) 💓 [HEARTBEAT] Invio heartbeat: {"stazioneId":"PA","stato":"ONLINE","timestamp":"2026-08-16T21:53:13.853268424Z","tipoEvento":"HEARTBEAT","bufferSize":0}
2026-08-16 23:53:23,857 INFO  [it.uni.reti2.HeartbeatGenerator] (vert.x-eventloop-thread-0) 💓 [HEARTBEAT] Invio heartbeat: {"stazioneId":"PA","stato":"ONLINE","timestamp":"2026-08-16T21:53:23.853417903Z","tipoEvento":"HEARTBEAT","bufferSize":0}
2026-08-16 23:53:33,859 INFO  [it.uni.reti2.HeartbeatGenerator] (vert.x-eventloop-thread-0) 💓 [HEARTBEAT] Invio heartbeat: {"stazioneId":"PA","stato":"ONLINE","timestamp":"2026-08-16T21:53:33.859463265Z","tipoEvento":"HEARTBEAT","bufferSize":0}
2026-08-16 23:53:43,851 INFO  [it.uni.reti2.HeartbeatGenerator] (vert.x-eventloop-thread-0) 💓 [HEARTBEAT] Invio heartbeat: {"stazioneId":"PA","stato":"ONLINE","timestamp":"2026-08-16T21:53:43.851704140Z","tipoEvento":"HEARTBEAT","bufferSize":0}
2026-08-16 23:53:53,854 INFO  [it.uni.reti2.HeartbeatGenerator] (vert.x-eventloop-thread-0) 💓 [HEARTBEAT] Invio heartbeat: {"stazioneId":"PA","stato":"ONLINE","timestamp":"2026-08-16T21:53:53.854547820Z","tipoEvento":"HEARTBEAT","bufferSize":0}
2026-08-16 23:54:03,859 INFO  [it.uni.reti2.HeartbeatGenerator] (vert.x-eventloop-thread-0) 💓 [HEARTBEAT] Invio heartbeat: {"stazioneId":"PA","stato":"ONLINE","timestamp":"2026-08-16T21:54:03.859566381Z","tipoEvento":"HEARTBEAT","bufferSize":0}
2026-08-16 23:54:13,853 INFO  [it.uni.reti2.HeartbeatGenerator] (vert.x-eventloop-thread-0) 💓 [HEARTBEAT] Invio heartbeat: {"stazioneId":"PA","stato":"ONLINE","timestamp":"2026-08-16T21:54:13.853233202Z","tipoEvento":"HEARTBEAT","bufferSize":0}
2026-08-16 23:54:23,854 INFO  [it.uni.reti2.HeartbeatGenerator] (vert.x-eventloop-thread-0) 💓 [HEARTBEAT] Invio heartbeat: {"stazioneId":"PA","stato":"ONLINE","timestamp":"2026-08-16T21:54:23.854207449Z","tipoEvento":"HEARTBEAT","bufferSize":0}
2026-08-16 23:54:33,859 INFO  [it.uni.reti2.HeartbeatGenerator] (vert.x-eventloop-thread-0) 💓 [HEARTBEAT] Invio heartbeat: {"stazioneId":"PA","stato":"ONLINE","timestamp":"2026-08-16T21:54:33.859149063Z","tipoEvento":"HEARTBEAT","bufferSize":0}
2026-08-16 23:54:43,853 INFO  [it.uni.reti2.HeartbeatGenerator] (vert.x-eventloop-thread-0) 💓 [HEARTBEAT] Invio heartbeat: {"stazioneId":"PA","stato":"ONLINE","timestamp":"2026-08-16T21:54:43.853845918Z","tipoEvento":"HEARTBEAT","bufferSize":0}
2026-08-16 23:54:53,853 INFO  [it.uni.reti2.HeartbeatGenerator] (vert.x-eventloop-thread-0) 💓 [HEARTBEAT] Invio heartbeat: {"stazioneId":"PA","stato":"ONLINE","timestamp":"2026-08-16T21:54:53.853129651Z","tipoEvento":"HEARTBEAT","bufferSize":0}
2026-08-17 13:47:25,910 INFO  [it.uni.reti2.HeartbeatGenerator] (vert.x-eventloop-thread-0) 💓 [HEARTBEAT] Invio heartbeat: {"stazioneId":"PA","stato":"ONLINE","timestamp":"2026-08-17T11:47:25.910324730Z","tipoEvento":"HEARTBEAT","bufferSize":0}
2026-08-17 13:47:25,913 INFO  [io.smallrye.reactive.messaging.mqtt.session.impl.MqttClientSessionImpl] (vert.x-eventloop-thread-0) Connection closed: Connection closed
2026-08-17 13:47:25,913 INFO  [io.smallrye.reactive.messaging.mqtt.session.impl.MqttClientSessionImpl] (vert.x-eventloop-thread-0) Connection closed: Connection closed
2026-08-17 13:47:25,913 INFO  [io.smallrye.reactive.messaging.mqtt.session.impl.MqttClientSessionImpl] (vert.x-eventloop-thread-0) Connection closed: Connection closed
2026-08-17 13:47:26,923 INFO  [io.vertx.mqtt.impl.MqttClientImpl] (vert.x-eventloop-thread-0) Connection with localhost:1883 established successfully
2026-08-17 13:47:26,926 INFO  [io.vertx.mqtt.impl.MqttClientImpl] (vert.x-eventloop-thread-0) Connection with localhost:1883 established successfully
2026-08-17 13:47:26,926 INFO  [io.vertx.mqtt.impl.MqttClientImpl] (vert.x-eventloop-thread-0) Connection with localhost:1883 established successfully
2026-08-17 13:47:34,074 INFO  [it.uni.reti2.HeartbeatGenerator] (vert.x-eventloop-thread-0) 💓 [HEARTBEAT] Invio heartbeat: {"stazioneId":"PA","stato":"ONLINE","timestamp":"2026-08-17T11:47:34.074024809Z","tipoEvento":"HEARTBEAT","bufferSize":0}
2026-08-17 13:47:44,073 INFO  [it.uni.reti2.HeartbeatGenerator] (vert.x-eventloop-thread-0) 💓 [HEARTBEAT] Invio heartbeat: {"stazioneId":"PA","stato":"ONLINE","timestamp":"2026-08-17T11:47:44.073415826Z","tipoEvento":"HEARTBEAT","bufferSize":0}
2026-08-17 13:47:54,078 INFO  [it.uni.reti2.HeartbeatGenerator] (vert.x-eventloop-thread-0) 💓 [HEARTBEAT] Invio heartbeat: {"stazioneId":"PA","stato":"ONLINE","timestamp":"2026-08-17T11:47:54.078829921Z","tipoEvento":"HEARTBEAT","bufferSize":0}
2026-08-17 13:48:04,075 INFO  [it.uni.reti2.HeartbeatGenerator] (vert.x-eventloop-thread-0) 💓 [HEARTBEAT] Invio heartbeat: {"stazioneId":"PA","stato":"ONLINE","timestamp":"2026-08-17T11:48:04.075466616Z","tipoEvento":"HEARTBEAT","bufferSize":0}
2026-08-17 13:48:14,075 INFO  [it.uni.reti2.HeartbeatGenerator] (vert.x-eventloop-thread-0) 💓 [HEARTBEAT] Invio heartbeat: {"stazioneId":"PA","stato":"ONLINE","timestamp":"2026-08-17T11:48:14.075761420Z","tipoEvento":"HEARTBEAT","bufferSize":0}
2026-08-17 13:48:24,071 INFO  [it.uni.reti2.HeartbeatGenerator] (vert.x-eventloop-thread-0) 💓 [HEARTBEAT] Invio heartbeat: {"stazioneId":"PA","stato":"ONLINE","timestamp":"2026-08-17T11:48:24.071035762Z","tipoEvento":"HEARTBEAT","bufferSize":0}
2026-08-17 13:48:34,076 INFO  [it.uni.reti2.HeartbeatGenerator] (vert.x-eventloop-thread-0) 💓 [HEARTBEAT] Invio heartbeat: {"stazioneId":"PA","stato":"ONLINE","timestamp":"2026-08-17T11:48:34.075986815Z","tipoEvento":"HEARTBEAT","bufferSize":0}
2026-08-17 13:48:44,071 INFO  [it.uni.reti2.HeartbeatGenerator] (vert.x-eventloop-thread-0) 💓 [HEARTBEAT] Invio heartbeat: {"stazioneId":"PA","stato":"ONLINE","timestamp":"2026-08-17T11:48:44.071368218Z","tipoEvento":"HEARTBEAT","bufferSize":0}
2026-08-17 13:48:54,071 INFO  [it.uni.reti2.HeartbeatGenerator] (vert.x-eventloop-thread-0) 💓 [HEARTBEAT] Invio heartbeat: {"stazioneId":"PA","stato":"ONLINE","timestamp":"2026-08-17T11:48:54.071335760Z","tipoEvento":"HEARTBEAT","bufferSize":0}
2026-08-17 13:49:04,071 INFO  [it.uni.reti2.HeartbeatGenerator] (vert.x-eventloop-thread-0) 💓 [HEARTBEAT] Invio heartbeat: {"stazioneId":"PA","stato":"ONLINE","timestamp":"2026-08-17T11:49:04.071068136Z","tipoEvento":"HEARTBEAT","bufferSize":0}
2026-08-17 13:49:14,071 INFO  [it.uni.reti2.HeartbeatGenerator] (vert.x-eventloop-thread-0) 💓 [HEARTBEAT] Invio heartbeat: {"stazioneId":"PA","stato":"ONLINE","timestamp":"2026-08-17T11:49:14.071838764Z","tipoEvento":"HEARTBEAT","bufferSize":0}
2026-08-17 13:49:24,073 INFO  [it.uni.reti2.HeartbeatGenerator] (vert.x-eventloop-thread-0) 💓 [HEARTBEAT] Invio heartbeat: {"stazioneId":"PA","stato":"ONLINE","timestamp":"2026-08-17T11:49:24.073341944Z","tipoEvento":"HEARTBEAT","bufferSize":0}
2026-08-17 13:49:34,077 INFO  [it.uni.reti2.HeartbeatGenerator] (vert.x-eventloop-thread-0) 💓 [HEARTBEAT] Invio heartbeat: {"stazioneId":"PA","stato":"ONLINE","timestamp":"2026-08-17T11:49:34.077686293Z","tipoEvento":"HEARTBEAT","bufferSize":0}
2026-08-17 13:49:44,074 INFO  [it.uni.reti2.HeartbeatGenerator] (vert.x-eventloop-thread-0) 💓 [HEARTBEAT] Invio heartbeat: {"stazioneId":"PA","stato":"ONLINE","timestamp":"2026-08-17T11:49:44.074330626Z","tipoEvento":"HEARTBEAT","bufferSize":0}
2026-08-17 13:49:54,074 INFO  [it.uni.reti2.HeartbeatGenerator] (vert.x-eventloop-thread-0) 💓 [HEARTBEAT] Invio heartbeat: {"stazioneId":"PA","stato":"ONLINE","timestamp":"2026-08-17T11:49:54.074204770Z","tipoEvento":"HEARTBEAT","bufferSize":0}
2026-08-17 13:50:04,076 INFO  [it.uni.reti2.HeartbeatGenerator] (vert.x-eventloop-thread-0) 💓 [HEARTBEAT] Invio heartbeat: {"stazioneId":"PA","stato":"ONLINE","timestamp":"2026-08-17T11:50:04.076006480Z","tipoEvento":"HEARTBEAT","bufferSize":0}
2026-08-17 13:50:14,075 INFO  [it.uni.reti2.HeartbeatGenerator] (vert.x-eventloop-thread-0) 💓 [HEARTBEAT] Invio heartbeat: {"stazioneId":"PA","stato":"ONLINE","timestamp":"2026-08-17T11:50:14.075446732Z","tipoEvento":"HEARTBEAT","bufferSize":0}
2026-08-17 13:50:24,075 INFO  [it.uni.reti2.HeartbeatGenerator] (vert.x-eventloop-thread-0) 💓 [HEARTBEAT] Invio heartbeat: {"stazioneId":"PA","stato":"ONLINE","timestamp":"2026-08-17T11:50:24.075508896Z","tipoEvento":"HEARTBEAT","bufferSize":0}
2026-08-17 13:50:34,077 INFO  [it.uni.reti2.HeartbeatGenerator] (vert.x-eventloop-thread-0) 💓 [HEARTBEAT] Invio heartbeat: {"stazioneId":"PA","stato":"ONLINE","timestamp":"2026-08-17T11:50:34.077039042Z","tipoEvento":"HEARTBEAT","bufferSize":0}
2026-08-17 13:50:44,074 INFO  [it.uni.reti2.HeartbeatGenerator] (vert.x-eventloop-thread-0) 💓 [HEARTBEAT] Invio heartbeat: {"stazioneId":"PA","stato":"ONLINE","timestamp":"2026-08-17T11:50:44.074071364Z","tipoEvento":"HEARTBEAT","bufferSize":0}
2026-08-17 13:50:54,071 INFO  [it.uni.reti2.HeartbeatGenerator] (vert.x-eventloop-thread-0) 💓 [HEARTBEAT] Invio heartbeat: {"stazioneId":"PA","stato":"ONLINE","timestamp":"2026-08-17T11:50:54.070986984Z","tipoEvento":"HEARTBEAT","bufferSize":0}
2026-08-17 13:51:04,073 INFO  [it.uni.reti2.HeartbeatGenerator] (vert.x-eventloop-thread-0) 💓 [HEARTBEAT] Invio heartbeat: {"stazioneId":"PA","stato":"ONLINE","timestamp":"2026-08-17T11:51:04.071789296Z","tipoEvento":"HEARTBEAT","bufferSize":0}
2026-08-17 13:51:14,077 INFO  [it.uni.reti2.HeartbeatGenerator] (vert.x-eventloop-thread-0) 💓 [HEARTBEAT] Invio heartbeat: {"stazioneId":"PA","stato":"ONLINE","timestamp":"2026-08-17T11:51:14.077268703Z","tipoEvento":"HEARTBEAT","bufferSize":0}
2026-08-17 13:51:24,073 INFO  [it.uni.reti2.HeartbeatGenerator] (vert.x-eventloop-thread-0) 💓 [HEARTBEAT] Invio heartbeat: {"stazioneId":"PA","stato":"ONLINE","timestamp":"2026-08-17T11:51:24.072571090Z","tipoEvento":"HEARTBEAT","bufferSize":0}
2026-08-17 13:51:34,073 INFO  [it.uni.reti2.HeartbeatGenerator] (vert.x-eventloop-thread-0) 💓 [HEARTBEAT] Invio heartbeat: {"stazioneId":"PA","stato":"ONLINE","timestamp":"2026-08-17T11:51:34.073449606Z","tipoEvento":"HEARTBEAT","bufferSize":0}
2026-08-17 13:51:44,077 INFO  [it.uni.reti2.HeartbeatGenerator] (vert.x-eventloop-thread-0) 💓 [HEARTBEAT] Invio heartbeat: {"stazioneId":"PA","stato":"ONLINE","timestamp":"2026-08-17T11:51:44.077102264Z","tipoEvento":"HEARTBEAT","bufferSize":0}
2026-08-17 13:51:54,074 INFO  [it.uni.reti2.HeartbeatGenerator] (vert.x-eventloop-thread-0) 💓 [HEARTBEAT] Invio heartbeat: {"stazioneId":"PA","stato":"ONLINE","timestamp":"2026-08-17T11:51:54.074022249Z","tipoEvento":"HEARTBEAT","bufferSize":0}
2026-08-17 13:52:04,074 INFO  [it.uni.reti2.HeartbeatGenerator] (vert.x-eventloop-thread-0) 💓 [HEARTBEAT] Invio heartbeat: {"stazioneId":"PA","stato":"ONLINE","timestamp":"2026-08-17T11:52:04.074183005Z","tipoEvento":"HEARTBEAT","bufferSize":0}
2026-08-17 13:52:14,079 INFO  [it.uni.reti2.HeartbeatGenerator] (vert.x-eventloop-thread-0) 💓 [HEARTBEAT] Invio heartbeat: {"stazioneId":"PA","stato":"ONLINE","timestamp":"2026-08-17T11:52:14.079858029Z","tipoEvento":"HEARTBEAT","bufferSize":0}
2026-08-17 13:52:24,075 INFO  [it.uni.reti2.HeartbeatGenerator] (vert.x-eventloop-thread-0) 💓 [HEARTBEAT] Invio heartbeat: {"stazioneId":"PA","stato":"ONLINE","timestamp":"2026-08-17T11:52:24.075042340Z","tipoEvento":"HEARTBEAT","bufferSize":0}
2026-08-17 13:52:34,072 INFO  [it.uni.reti2.HeartbeatGenerator] (vert.x-eventloop-thread-0) 💓 [HEARTBEAT] Invio heartbeat: {"stazioneId":"PA","stato":"ONLINE","timestamp":"2026-08-17T11:52:34.072093232Z","tipoEvento":"HEARTBEAT","bufferSize":0}
2026-08-17 13:52:44,071 INFO  [it.uni.reti2.HeartbeatGenerator] (vert.x-eventloop-thread-0) 💓 [HEARTBEAT] Invio heartbeat: {"stazioneId":"PA","stato":"ONLINE","timestamp":"2026-08-17T11:52:44.071886107Z","tipoEvento":"HEARTBEAT","bufferSize":0}
2026-08-17 13:52:54,077 INFO  [it.uni.reti2.HeartbeatGenerator] (vert.x-eventloop-thread-0) 💓 [HEARTBEAT] Invio heartbeat: {"stazioneId":"PA","stato":"ONLINE","timestamp":"2026-08-17T11:52:54.077030893Z","tipoEvento":"HEARTBEAT","bufferSize":0}
2026-08-17 13:53:04,073 INFO  [it.uni.reti2.HeartbeatGenerator] (vert.x-eventloop-thread-0) 💓 [HEARTBEAT] Invio heartbeat: {"stazioneId":"PA","stato":"ONLINE","timestamp":"2026-08-17T11:53:04.072999031Z","tipoEvento":"HEARTBEAT","bufferSize":0}
2026-08-17 13:53:14,073 INFO  [it.uni.reti2.HeartbeatGenerator] (vert.x-eventloop-thread-0) 💓 [HEARTBEAT] Invio heartbeat: {"stazioneId":"PA","stato":"ONLINE","timestamp":"2026-08-17T11:53:14.073021900Z","tipoEvento":"HEARTBEAT","bufferSize":0}
2026-08-17 13:53:24,074 INFO  [it.uni.reti2.HeartbeatGenerator] (vert.x-eventloop-thread-0) 💓 [HEARTBEAT] Invio heartbeat: {"stazioneId":"PA","stato":"ONLINE","timestamp":"2026-08-17T11:53:24.074060174Z","tipoEvento":"HEARTBEAT","bufferSize":0}
2026-08-17 13:53:34,074 INFO  [it.uni.reti2.HeartbeatGenerator] (vert.x-eventloop-thread-0) 💓 [HEARTBEAT] Invio heartbeat: {"stazioneId":"PA","stato":"ONLINE","timestamp":"2026-08-17T11:53:34.074059240Z","tipoEvento":"HEARTBEAT","bufferSize":0}
2026-08-17 13:53:44,071 INFO  [it.uni.reti2.HeartbeatGenerator] (vert.x-eventloop-thread-0) 💓 [HEARTBEAT] Invio heartbeat: {"stazioneId":"PA","stato":"ONLINE","timestamp":"2026-08-17T11:53:44.071473281Z","tipoEvento":"HEARTBEAT","bufferSize":0}
2026-08-17 13:53:54,080 INFO  [it.uni.reti2.HeartbeatGenerator] (vert.x-eventloop-thread-0) 💓 [HEARTBEAT] Invio heartbeat: {"stazioneId":"PA","stato":"ONLINE","timestamp":"2026-08-17T11:53:54.080866535Z","tipoEvento":"HEARTBEAT","bufferSize":0}
2026-08-17 13:54:04,076 INFO  [it.uni.reti2.HeartbeatGenerator] (vert.x-eventloop-thread-0) 💓 [HEARTBEAT] Invio heartbeat: {"stazioneId":"PA","stato":"ONLINE","timestamp":"2026-08-17T11:54:04.076057894Z","tipoEvento":"HEARTBEAT","bufferSize":0}
2026-08-17 13:54:14,072 INFO  [it.uni.reti2.HeartbeatGenerator] (vert.x-eventloop-thread-0) 💓 [HEARTBEAT] Invio heartbeat: {"stazioneId":"PA","stato":"ONLINE","timestamp":"2026-08-17T11:54:14.072805129Z","tipoEvento":"HEARTBEAT","bufferSize":0}
2026-08-17 13:54:24,076 INFO  [it.uni.reti2.HeartbeatGenerator] (vert.x-eventloop-thread-0) 💓 [HEARTBEAT] Invio heartbeat: {"stazioneId":"PA","stato":"ONLINE","timestamp":"2026-08-17T11:54:24.072614076Z","tipoEvento":"HEARTBEAT","bufferSize":0}
2026-08-17 13:54:34,077 INFO  [it.uni.reti2.HeartbeatGenerator] (vert.x-eventloop-thread-0) 💓 [HEARTBEAT] Invio heartbeat: {"stazioneId":"PA","stato":"ONLINE","timestamp":"2026-08-17T11:54:34.077052186Z","tipoEvento":"HEARTBEAT","bufferSize":0}
2026-08-17 13:54:44,072 INFO  [it.uni.reti2.HeartbeatGenerator] (vert.x-eventloop-thread-0) 💓 [HEARTBEAT] Invio heartbeat: {"stazioneId":"PA","stato":"ONLINE","timestamp":"2026-08-17T11:54:44.072647344Z","tipoEvento":"HEARTBEAT","bufferSize":0}
2026-08-17 13:54:54,072 INFO  [it.uni.reti2.HeartbeatGenerator] (vert.x-eventloop-thread-0) 💓 [HEARTBEAT] Invio heartbeat: {"stazioneId":"PA","stato":"ONLINE","timestamp":"2026-08-17T11:54:54.072446052Z","tipoEvento":"HEARTBEAT","bufferSize":0}
2026-08-17 13:55:04,077 INFO  [it.uni.reti2.HeartbeatGenerator] (vert.x-eventloop-thread-0) 💓 [HEARTBEAT] Invio heartbeat: {"stazioneId":"PA","stato":"ONLINE","timestamp":"2026-08-17T11:55:04.077459779Z","tipoEvento":"HEARTBEAT","bufferSize":0}
2026-08-17 13:55:14,073 INFO  [it.uni.reti2.HeartbeatGenerator] (vert.x-eventloop-thread-0) 💓 [HEARTBEAT] Invio heartbeat: {"stazioneId":"PA","stato":"ONLINE","timestamp":"2026-08-17T11:55:14.073507352Z","tipoEvento":"HEARTBEAT","bufferSize":0}
2026-08-17 13:55:24,073 INFO  [it.uni.reti2.HeartbeatGenerator] (vert.x-eventloop-thread-0) 💓 [HEARTBEAT] Invio heartbeat: {"stazioneId":"PA","stato":"ONLINE","timestamp":"2026-08-17T11:55:24.073226053Z","tipoEvento":"HEARTBEAT","bufferSize":0}
2026-08-17 13:55:34,077 INFO  [it.uni.reti2.HeartbeatGenerator] (vert.x-eventloop-thread-0) 💓 [HEARTBEAT] Invio heartbeat: {"stazioneId":"PA","stato":"ONLINE","timestamp":"2026-08-17T11:55:34.077025209Z","tipoEvento":"HEARTBEAT","bufferSize":0}
2026-08-17 13:55:44,074 INFO  [it.uni.reti2.HeartbeatGenerator] (vert.x-eventloop-thread-0) 💓 [HEARTBEAT] Invio heartbeat: {"stazioneId":"PA","stato":"ONLINE","timestamp":"2026-08-17T11:55:44.074500845Z","tipoEvento":"HEARTBEAT","bufferSize":0}
2026-08-17 13:55:54,074 INFO  [it.uni.reti2.HeartbeatGenerator] (vert.x-eventloop-thread-0) 💓 [HEARTBEAT] Invio heartbeat: {"stazioneId":"PA","stato":"ONLINE","timestamp":"2026-08-17T11:55:54.074386050Z","tipoEvento":"HEARTBEAT","bufferSize":0}
2026-08-17 13:56:04,076 INFO  [it.uni.reti2.HeartbeatGenerator] (vert.x-eventloop-thread-0) 💓 [HEARTBEAT] Invio heartbeat: {"stazioneId":"PA","stato":"ONLINE","timestamp":"2026-08-17T11:56:04.076166713Z","tipoEvento":"HEARTBEAT","bufferSize":0}
2026-08-17 13:56:14,074 INFO  [it.uni.reti2.HeartbeatGenerator] (vert.x-eventloop-thread-0) 💓 [HEARTBEAT] Invio heartbeat: {"stazioneId":"PA","stato":"ONLINE","timestamp":"2026-08-17T11:56:14.074368400Z","tipoEvento":"HEARTBEAT","bufferSize":0}
2026-08-17 13:56:24,087 INFO  [it.uni.reti2.HeartbeatGenerator] (vert.x-eventloop-thread-0) 💓 [HEARTBEAT] Invio heartbeat: {"stazioneId":"PA","stato":"ONLINE","timestamp":"2026-08-17T11:56:24.075010996Z","tipoEvento":"HEARTBEAT","bufferSize":0}
2026-08-17 13:56:34,070 INFO  [it.uni.reti2.HeartbeatGenerator] (vert.x-eventloop-thread-0) 💓 [HEARTBEAT] Invio heartbeat: {"stazioneId":"PA","stato":"ONLINE","timestamp":"2026-08-17T11:56:34.070082809Z","tipoEvento":"HEARTBEAT","bufferSize":0}
2026-08-17 13:56:44,076 INFO  [it.uni.reti2.HeartbeatGenerator] (vert.x-eventloop-thread-0) 💓 [HEARTBEAT] Invio heartbeat: {"stazioneId":"PA","stato":"ONLINE","timestamp":"2026-08-17T11:56:44.076661243Z","tipoEvento":"HEARTBEAT","bufferSize":0}
2026-08-17 13:56:54,072 INFO  [it.uni.reti2.HeartbeatGenerator] (vert.x-eventloop-thread-0) 💓 [HEARTBEAT] Invio heartbeat: {"stazioneId":"PA","stato":"ONLINE","timestamp":"2026-08-17T11:56:54.071992346Z","tipoEvento":"HEARTBEAT","bufferSize":0}
2026-08-17 13:57:04,072 INFO  [it.uni.reti2.HeartbeatGenerator] (vert.x-eventloop-thread-0) 💓 [HEARTBEAT] Invio heartbeat: {"stazioneId":"PA","stato":"ONLINE","timestamp":"2026-08-17T11:57:04.072463041Z","tipoEvento":"HEARTBEAT","bufferSize":0}
2026-08-17 13:57:14,078 INFO  [it.uni.reti2.HeartbeatGenerator] (vert.x-eventloop-thread-0) 💓 [HEARTBEAT] Invio heartbeat: {"stazioneId":"PA","stato":"ONLINE","timestamp":"2026-08-17T11:57:14.078269203Z","tipoEvento":"HEARTBEAT","bufferSize":0}
2026-08-17 13:57:24,073 INFO  [it.uni.reti2.HeartbeatGenerator] (vert.x-eventloop-thread-0) 💓 [HEARTBEAT] Invio heartbeat: {"stazioneId":"PA","stato":"ONLINE","timestamp":"2026-08-17T11:57:24.073455255Z","tipoEvento":"HEARTBEAT","bufferSize":0}
2026-08-17 13:57:34,073 INFO  [it.uni.reti2.HeartbeatGenerator] (vert.x-eventloop-thread-0) 💓 [HEARTBEAT] Invio heartbeat: {"stazioneId":"PA","stato":"ONLINE","timestamp":"2026-08-17T11:57:34.073744532Z","tipoEvento":"HEARTBEAT","bufferSize":0}
2026-08-17 13:57:44,073 INFO  [it.uni.reti2.HeartbeatGenerator] (vert.x-eventloop-thread-0) 💓 [HEARTBEAT] Invio heartbeat: {"stazioneId":"PA","stato":"ONLINE","timestamp":"2026-08-17T11:57:44.073673196Z","tipoEvento":"HEARTBEAT","bufferSize":0}
2026-08-17 13:57:54,071 INFO  [it.uni.reti2.HeartbeatGenerator] (vert.x-eventloop-thread-0) 💓 [HEARTBEAT] Invio heartbeat: {"stazioneId":"PA","stato":"ONLINE","timestamp":"2026-08-17T11:57:54.071030801Z","tipoEvento":"HEARTBEAT","bufferSize":0}
2026-08-17 13:58:04,073 INFO  [it.uni.reti2.HeartbeatGenerator] (vert.x-eventloop-thread-0) 💓 [HEARTBEAT] Invio heartbeat: {"stazioneId":"PA","stato":"ONLINE","timestamp":"2026-08-17T11:58:04.073132176Z","tipoEvento":"HEARTBEAT","bufferSize":0}
2026-08-17 13:58:14,078 INFO  [it.uni.reti2.HeartbeatGenerator] (vert.x-eventloop-thread-0) 💓 [HEARTBEAT] Invio heartbeat: {"stazioneId":"PA","stato":"ONLINE","timestamp":"2026-08-17T11:58:14.078334811Z","tipoEvento":"HEARTBEAT","bufferSize":0}
2026-08-17 13:58:24,073 INFO  [it.uni.reti2.HeartbeatGenerator] (vert.x-eventloop-thread-0) 💓 [HEARTBEAT] Invio heartbeat: {"stazioneId":"PA","stato":"ONLINE","timestamp":"2026-08-17T11:58:24.073488923Z","tipoEvento":"HEARTBEAT","bufferSize":0}
2026-08-17 13:58:34,073 INFO  [it.uni.reti2.HeartbeatGenerator] (vert.x-eventloop-thread-0) 💓 [HEARTBEAT] Invio heartbeat: {"stazioneId":"PA","stato":"ONLINE","timestamp":"2026-08-17T11:58:34.073284997Z","tipoEvento":"HEARTBEAT","bufferSize":0}
2026-08-17 13:58:44,079 INFO  [it.uni.reti2.HeartbeatGenerator] (vert.x-eventloop-thread-0) 💓 [HEARTBEAT] Invio heartbeat: {"stazioneId":"PA","stato":"ONLINE","timestamp":"2026-08-17T11:58:44.079157511Z","tipoEvento":"HEARTBEAT","bufferSize":0}
2026-08-17 13:58:54,074 INFO  [it.uni.reti2.HeartbeatGenerator] (vert.x-eventloop-thread-0) 💓 [HEARTBEAT] Invio heartbeat: {"stazioneId":"PA","stato":"ONLINE","timestamp":"2026-08-17T11:58:54.074003424Z","tipoEvento":"HEARTBEAT","bufferSize":0}
2026-08-17 13:59:04,073 INFO  [it.uni.reti2.HeartbeatGenerator] (vert.x-eventloop-thread-0) 💓 [HEARTBEAT] Invio heartbeat: {"stazioneId":"PA","stato":"ONLINE","timestamp":"2026-08-17T11:59:04.073826787Z","tipoEvento":"HEARTBEAT","bufferSize":0}
2026-08-17 13:59:14,079 INFO  [it.uni.reti2.HeartbeatGenerator] (vert.x-eventloop-thread-0) 💓 [HEARTBEAT] Invio heartbeat: {"stazioneId":"PA","stato":"ONLINE","timestamp":"2026-08-17T11:59:14.079310976Z","tipoEvento":"HEARTBEAT","bufferSize":0}
2026-08-17 13:59:24,074 INFO  [it.uni.reti2.HeartbeatGenerator] (vert.x-eventloop-thread-0) 💓 [HEARTBEAT] Invio heartbeat: {"stazioneId":"PA","stato":"ONLINE","timestamp":"2026-08-17T11:59:24.074053616Z","tipoEvento":"HEARTBEAT","bufferSize":0}
2026-08-17 13:59:34,074 INFO  [it.uni.reti2.HeartbeatGenerator] (vert.x-eventloop-thread-0) 💓 [HEARTBEAT] Invio heartbeat: {"stazioneId":"PA","stato":"ONLINE","timestamp":"2026-08-17T11:59:34.074354649Z","tipoEvento":"HEARTBEAT","bufferSize":0}
2026-08-17 13:59:44,080 INFO  [it.uni.reti2.HeartbeatGenerator] (vert.x-eventloop-thread-0) 💓 [HEARTBEAT] Invio heartbeat: {"stazioneId":"PA","stato":"ONLINE","timestamp":"2026-08-17T11:59:44.080731492Z","tipoEvento":"HEARTBEAT","bufferSize":0}
2026-08-17 13:59:54,074 INFO  [it.uni.reti2.HeartbeatGenerator] (vert.x-eventloop-thread-0) 💓 [HEARTBEAT] Invio heartbeat: {"stazioneId":"PA","stato":"ONLINE","timestamp":"2026-08-17T11:59:54.074463454Z","tipoEvento":"HEARTBEAT","bufferSize":0}
2026-08-17 14:00:04,072 INFO  [it.uni.reti2.HeartbeatGenerator] (vert.x-eventloop-thread-0) 💓 [HEARTBEAT] Invio heartbeat: {"stazioneId":"PA","stato":"ONLINE","timestamp":"2026-08-17T12:00:04.072594737Z","tipoEvento":"HEARTBEAT","bufferSize":0}
2026-08-17 14:00:14,072 INFO  [it.uni.reti2.HeartbeatGenerator] (vert.x-eventloop-thread-0) 💓 [HEARTBEAT] Invio heartbeat: {"stazioneId":"PA","stato":"ONLINE","timestamp":"2026-08-17T12:00:14.072091038Z","tipoEvento":"HEARTBEAT","bufferSize":0}
2026-08-17 14:00:24,078 INFO  [it.uni.reti2.HeartbeatGenerator] (vert.x-eventloop-thread-0) 💓 [HEARTBEAT] Invio heartbeat: {"stazioneId":"PA","stato":"ONLINE","timestamp":"2026-08-17T12:00:24.078336583Z","tipoEvento":"HEARTBEAT","bufferSize":0}
2026-08-17 14:00:34,050 WARN  [it.uni.reti2.StationGateway] (vert.x-eventloop-thread-3) 🚨 [ALERT RICEVUTO] La Centrale dice: {"tipoEvento":"STOP","target":"TRENO_TEST_b148","motivo":"Soppresso da operatore","timestamp":"2026-08-17T12:00:34.044405083Z"}
2026-08-17 14:00:34,070 INFO  [it.uni.reti2.HeartbeatGenerator] (vert.x-eventloop-thread-0) 💓 [HEARTBEAT] Invio heartbeat: {"stazioneId":"PA","stato":"ONLINE","timestamp":"2026-08-17T12:00:34.070156397Z","tipoEvento":"HEARTBEAT","bufferSize":0}
2026-08-17 14:00:34,077 WARN  [it.uni.reti2.StationGateway] (vert.x-eventloop-thread-3) 🚨 [ALERT RICEVUTO] La Centrale dice: {"tipoEvento":"STOP","target":"TRENO_TEST_b148","motivo":"Treno eliminato da operatore","timestamp":"2026-08-17T12:00:34.076376063Z"}
2026-08-17 14:00:34,871 WARN  [it.uni.reti2.StationGateway] (vert.x-eventloop-thread-3) 🚨 [ALERT RICEVUTO] La Centrale dice: {"tipoEvento":"ITINERARIO_AGGIORNATO","target":"MEM_TRN_f389","timestamp":"2026-08-17T12:00:34.858345367Z"}
2026-08-17 14:00:34,890 WARN  [it.uni.reti2.StationGateway] (vert.x-eventloop-thread-3) 🚨 [ALERT RICEVUTO] La Centrale dice: {"tipoEvento":"ITINERARIO_AGGIORNATO","target":"MEM_TRN_f389","timestamp":"2026-08-17T12:00:34.889514814Z"}
2026-08-17 14:00:34,992 WARN  [it.uni.reti2.StationGateway] (vert.x-eventloop-thread-3) 🚨 [ALERT RICEVUTO] La Centrale dice: {"tipoEvento":"RESOLVED","sorgenteTipo":"STAZIONE","sorgenteId":"MEM_A_f389","guastoId":"MEM_G_f389","timestamp":"2026-08-17T12:00:34.990570246Z"}
2026-08-17 14:00:35,012 WARN  [it.uni.reti2.StationGateway] (vert.x-eventloop-thread-3) 🚨 [ALERT RICEVUTO] La Centrale dice: {"tipoEvento":"MAINTENANCE_DISPATCHED","sorgenteId":"MEM_A_f389","timestamp":"2026-08-17T12:00:35.011132750Z"}
2026-08-17 14:00:35,019 WARN  [it.uni.reti2.StationGateway] (vert.x-eventloop-thread-3) 🚨 [ALERT RICEVUTO] La Centrale dice: {"tipoEvento":"RESOLVED","sorgenteTipo":"STAZIONE","sorgenteId":"MEM_A_f389","guastoId":"MEM_GM_f389","timestamp":"2026-08-17T12:00:35.018385365Z"}
2026-08-17 14:00:35,045 WARN  [it.uni.reti2.StationGateway] (vert.x-eventloop-thread-3) 🚨 [ALERT RICEVUTO] La Centrale dice: {"tipoEvento":"STOP","target":"MEM_TRN_f389","motivo":"Treno eliminato da operatore","timestamp":"2026-08-17T12:00:35.044205181Z"}
2026-08-17 14:00:35,305 WARN  [it.uni.reti2.StationGateway] (vert.x-eventloop-thread-3) 🚨 [ALERT RICEVUTO] La Centrale dice: {"tipoEvento":"ITINERARIO_AGGIORNATO","target":"REG_TRN_bb42","timestamp":"2026-08-17T12:00:35.304121610Z"}
2026-08-17 14:00:35,346 WARN  [it.uni.reti2.StationGateway] (vert.x-eventloop-thread-3) 🚨 [ALERT RICEVUTO] La Centrale dice: {"tipoEvento":"ITINERARIO_AGGIORNATO","target":"REG_TRN_bb42","timestamp":"2026-08-17T12:00:35.345387598Z"}
2026-08-17 14:00:35,464 WARN  [it.uni.reti2.StationGateway] (vert.x-eventloop-thread-3) 🚨 [ALERT RICEVUTO] La Centrale dice: {"tipoEvento":"STOP","target":"REG_TRN_bb42","motivo":"Treno eliminato da operatore","timestamp":"2026-08-17T12:00:35.463282505Z"}
2026-08-17 14:00:44,074 INFO  [it.uni.reti2.HeartbeatGenerator] (vert.x-eventloop-thread-0) 💓 [HEARTBEAT] Invio heartbeat: {"stazioneId":"PA","stato":"ONLINE","timestamp":"2026-08-17T12:00:44.074037623Z","tipoEvento":"HEARTBEAT","bufferSize":0}
2026-08-17 14:00:54,080 INFO  [it.uni.reti2.HeartbeatGenerator] (vert.x-eventloop-thread-0) 💓 [HEARTBEAT] Invio heartbeat: {"stazioneId":"PA","stato":"ONLINE","timestamp":"2026-08-17T12:00:54.079989777Z","tipoEvento":"HEARTBEAT","bufferSize":0}
2026-08-17 14:01:04,078 INFO  [it.uni.reti2.HeartbeatGenerator] (vert.x-eventloop-thread-0) 💓 [HEARTBEAT] Invio heartbeat: {"stazioneId":"PA","stato":"ONLINE","timestamp":"2026-08-17T12:01:04.075074950Z","tipoEvento":"HEARTBEAT","bufferSize":0}
2026-08-17 14:01:14,075 INFO  [it.uni.reti2.HeartbeatGenerator] (vert.x-eventloop-thread-0) 💓 [HEARTBEAT] Invio heartbeat: {"stazioneId":"PA","stato":"ONLINE","timestamp":"2026-08-17T12:01:14.075707Z","tipoEvento":"HEARTBEAT","bufferSize":0}
2026-08-17 14:01:24,128 INFO  [it.uni.reti2.HeartbeatGenerator] (vert.x-eventloop-thread-0) 💓 [HEARTBEAT] Invio heartbeat: {"stazioneId":"PA","stato":"ONLINE","timestamp":"2026-08-17T12:01:24.080228877Z","tipoEvento":"HEARTBEAT","bufferSize":0}
2026-08-17 14:01:34,076 INFO  [it.uni.reti2.HeartbeatGenerator] (vert.x-eventloop-thread-0) 💓 [HEARTBEAT] Invio heartbeat: {"stazioneId":"PA","stato":"ONLINE","timestamp":"2026-08-17T12:01:34.076775845Z","tipoEvento":"HEARTBEAT","bufferSize":0}
2026-08-17 14:01:44,071 INFO  [it.uni.reti2.HeartbeatGenerator] (vert.x-eventloop-thread-0) 💓 [HEARTBEAT] Invio heartbeat: {"stazioneId":"PA","stato":"ONLINE","timestamp":"2026-08-17T12:01:44.071023338Z","tipoEvento":"HEARTBEAT","bufferSize":0}
2026-08-17 14:01:54,071 INFO  [it.uni.reti2.HeartbeatGenerator] (vert.x-eventloop-thread-0) 💓 [HEARTBEAT] Invio heartbeat: {"stazioneId":"PA","stato":"ONLINE","timestamp":"2026-08-17T12:01:54.071035516Z","tipoEvento":"HEARTBEAT","bufferSize":0}
2026-08-17 14:02:04,077 INFO  [it.uni.reti2.HeartbeatGenerator] (vert.x-eventloop-thread-0) 💓 [HEARTBEAT] Invio heartbeat: {"stazioneId":"PA","stato":"ONLINE","timestamp":"2026-08-17T12:02:04.076983891Z","tipoEvento":"HEARTBEAT","bufferSize":0}
2026-08-17 14:02:14,073 INFO  [it.uni.reti2.HeartbeatGenerator] (vert.x-eventloop-thread-0) 💓 [HEARTBEAT] Invio heartbeat: {"stazioneId":"PA","stato":"ONLINE","timestamp":"2026-08-17T12:02:14.073004937Z","tipoEvento":"HEARTBEAT","bufferSize":0}
2026-08-17 14:02:24,073 INFO  [it.uni.reti2.HeartbeatGenerator] (vert.x-eventloop-thread-0) 💓 [HEARTBEAT] Invio heartbeat: {"stazioneId":"PA","stato":"ONLINE","timestamp":"2026-08-17T12:02:24.072980947Z","tipoEvento":"HEARTBEAT","bufferSize":0}
2026-08-17 14:02:34,077 INFO  [it.uni.reti2.HeartbeatGenerator] (vert.x-eventloop-thread-0) 💓 [HEARTBEAT] Invio heartbeat: {"stazioneId":"PA","stato":"ONLINE","timestamp":"2026-08-17T12:02:34.077450597Z","tipoEvento":"HEARTBEAT","bufferSize":0}
2026-08-17 14:02:44,074 INFO  [it.uni.reti2.HeartbeatGenerator] (vert.x-eventloop-thread-0) 💓 [HEARTBEAT] Invio heartbeat: {"stazioneId":"PA","stato":"ONLINE","timestamp":"2026-08-17T12:02:44.074598357Z","tipoEvento":"HEARTBEAT","bufferSize":0}
2026-08-17 14:02:54,074 INFO  [it.uni.reti2.HeartbeatGenerator] (vert.x-eventloop-thread-0) 💓 [HEARTBEAT] Invio heartbeat: {"stazioneId":"PA","stato":"ONLINE","timestamp":"2026-08-17T12:02:54.074060362Z","tipoEvento":"HEARTBEAT","bufferSize":0}
2026-08-17 14:03:04,085 INFO  [it.uni.reti2.HeartbeatGenerator] (vert.x-eventloop-thread-0) 💓 [HEARTBEAT] Invio heartbeat: {"stazioneId":"PA","stato":"ONLINE","timestamp":"2026-08-17T12:03:04.071102769Z","tipoEvento":"HEARTBEAT","bufferSize":0}
2026-08-17 14:03:14,076 INFO  [it.uni.reti2.HeartbeatGenerator] (vert.x-eventloop-thread-0) 💓 [HEARTBEAT] Invio heartbeat: {"stazioneId":"PA","stato":"ONLINE","timestamp":"2026-08-17T12:03:14.076085941Z","tipoEvento":"HEARTBEAT","bufferSize":0}
2026-08-17 14:03:24,071 INFO  [it.uni.reti2.HeartbeatGenerator] (vert.x-eventloop-thread-0) 💓 [HEARTBEAT] Invio heartbeat: {"stazioneId":"PA","stato":"ONLINE","timestamp":"2026-08-17T12:03:24.070989377Z","tipoEvento":"HEARTBEAT","bufferSize":0}
2026-08-17 14:03:34,071 INFO  [it.uni.reti2.HeartbeatGenerator] (vert.x-eventloop-thread-0) 💓 [HEARTBEAT] Invio heartbeat: {"stazioneId":"PA","stato":"ONLINE","timestamp":"2026-08-17T12:03:34.071851114Z","tipoEvento":"HEARTBEAT","bufferSize":0}
2026-08-17 14:03:44,076 INFO  [it.uni.reti2.HeartbeatGenerator] (vert.x-eventloop-thread-0) 💓 [HEARTBEAT] Invio heartbeat: {"stazioneId":"PA","stato":"ONLINE","timestamp":"2026-08-17T12:03:44.076897259Z","tipoEvento":"HEARTBEAT","bufferSize":0}
2026-08-17 14:03:54,072 INFO  [it.uni.reti2.HeartbeatGenerator] (vert.x-eventloop-thread-0) 💓 [HEARTBEAT] Invio heartbeat: {"stazioneId":"PA","stato":"ONLINE","timestamp":"2026-08-17T12:03:54.072775209Z","tipoEvento":"HEARTBEAT","bufferSize":0}
2026-08-17 14:04:04,072 INFO  [it.uni.reti2.HeartbeatGenerator] (vert.x-eventloop-thread-0) 💓 [HEARTBEAT] Invio heartbeat: {"stazioneId":"PA","stato":"ONLINE","timestamp":"2026-08-17T12:04:04.072047754Z","tipoEvento":"HEARTBEAT","bufferSize":0}
2026-08-17 14:04:14,078 INFO  [it.uni.reti2.HeartbeatGenerator] (vert.x-eventloop-thread-0) 💓 [HEARTBEAT] Invio heartbeat: {"stazioneId":"PA","stato":"ONLINE","timestamp":"2026-08-17T12:04:14.078233132Z","tipoEvento":"HEARTBEAT","bufferSize":0}
2026-08-17 14:04:24,074 INFO  [it.uni.reti2.HeartbeatGenerator] (vert.x-eventloop-thread-0) 💓 [HEARTBEAT] Invio heartbeat: {"stazioneId":"PA","stato":"ONLINE","timestamp":"2026-08-17T12:04:24.074548227Z","tipoEvento":"HEARTBEAT","bufferSize":0}
2026-08-17 14:04:34,073 INFO  [it.uni.reti2.HeartbeatGenerator] (vert.x-eventloop-thread-0) 💓 [HEARTBEAT] Invio heartbeat: {"stazioneId":"PA","stato":"ONLINE","timestamp":"2026-08-17T12:04:34.073873879Z","tipoEvento":"HEARTBEAT","bufferSize":0}
2026-08-17 14:04:44,071 INFO  [it.uni.reti2.HeartbeatGenerator] (vert.x-eventloop-thread-0) 💓 [HEARTBEAT] Invio heartbeat: {"stazioneId":"PA","stato":"ONLINE","timestamp":"2026-08-17T12:04:44.071538321Z","tipoEvento":"HEARTBEAT","bufferSize":0}
2026-08-17 14:04:54,075 INFO  [it.uni.reti2.HeartbeatGenerator] (vert.x-eventloop-thread-0) 💓 [HEARTBEAT] Invio heartbeat: {"stazioneId":"PA","stato":"ONLINE","timestamp":"2026-08-17T12:04:54.075840443Z","tipoEvento":"HEARTBEAT","bufferSize":0}
2026-08-17 14:05:04,070 INFO  [it.uni.reti2.HeartbeatGenerator] (vert.x-eventloop-thread-0) 💓 [HEARTBEAT] Invio heartbeat: {"stazioneId":"PA","stato":"ONLINE","timestamp":"2026-08-17T12:05:04.070908677Z","tipoEvento":"HEARTBEAT","bufferSize":0}
2026-08-17 14:05:14,072 INFO  [it.uni.reti2.HeartbeatGenerator] (vert.x-eventloop-thread-0) 💓 [HEARTBEAT] Invio heartbeat: {"stazioneId":"PA","stato":"ONLINE","timestamp":"2026-08-17T12:05:14.072514596Z","tipoEvento":"HEARTBEAT","bufferSize":0}
2026-08-17 14:05:24,077 INFO  [it.uni.reti2.HeartbeatGenerator] (vert.x-eventloop-thread-0) 💓 [HEARTBEAT] Invio heartbeat: {"stazioneId":"PA","stato":"ONLINE","timestamp":"2026-08-17T12:05:24.077506295Z","tipoEvento":"HEARTBEAT","bufferSize":0}
2026-08-17 14:05:34,070 INFO  [it.uni.reti2.HeartbeatGenerator] (vert.x-eventloop-thread-0) 💓 [HEARTBEAT] Invio heartbeat: {"stazioneId":"PA","stato":"ONLINE","timestamp":"2026-08-17T12:05:34.070461978Z","tipoEvento":"HEARTBEAT","bufferSize":0}
2026-08-17 14:05:44,073 INFO  [it.uni.reti2.HeartbeatGenerator] (vert.x-eventloop-thread-0) 💓 [HEARTBEAT] Invio heartbeat: {"stazioneId":"PA","stato":"ONLINE","timestamp":"2026-08-17T12:05:44.073451203Z","tipoEvento":"HEARTBEAT","bufferSize":0}
2026-08-17 14:05:54,079 INFO  [it.uni.reti2.HeartbeatGenerator] (vert.x-eventloop-thread-0) 💓 [HEARTBEAT] Invio heartbeat: {"stazioneId":"PA","stato":"ONLINE","timestamp":"2026-08-17T12:05:54.079064239Z","tipoEvento":"HEARTBEAT","bufferSize":0}
2026-08-17 14:06:04,075 INFO  [it.uni.reti2.HeartbeatGenerator] (vert.x-eventloop-thread-0) 💓 [HEARTBEAT] Invio heartbeat: {"stazioneId":"PA","stato":"ONLINE","timestamp":"2026-08-17T12:06:04.075675511Z","tipoEvento":"HEARTBEAT","bufferSize":0}
2026-08-17 14:06:14,071 INFO  [it.uni.reti2.HeartbeatGenerator] (vert.x-eventloop-thread-0) 💓 [HEARTBEAT] Invio heartbeat: {"stazioneId":"PA","stato":"ONLINE","timestamp":"2026-08-17T12:06:14.071087414Z","tipoEvento":"HEARTBEAT","bufferSize":0}
2026-08-17 14:06:24,071 INFO  [it.uni.reti2.HeartbeatGenerator] (vert.x-eventloop-thread-0) 💓 [HEARTBEAT] Invio heartbeat: {"stazioneId":"PA","stato":"ONLINE","timestamp":"2026-08-17T12:06:24.071015842Z","tipoEvento":"HEARTBEAT","bufferSize":0}
2026-08-17 14:06:34,077 INFO  [it.uni.reti2.HeartbeatGenerator] (vert.x-eventloop-thread-0) 💓 [HEARTBEAT] Invio heartbeat: {"stazioneId":"PA","stato":"ONLINE","timestamp":"2026-08-17T12:06:34.077391909Z","tipoEvento":"HEARTBEAT","bufferSize":0}
2026-08-17 14:06:44,073 INFO  [it.uni.reti2.HeartbeatGenerator] (vert.x-eventloop-thread-0) 💓 [HEARTBEAT] Invio heartbeat: {"stazioneId":"PA","stato":"ONLINE","timestamp":"2026-08-17T12:06:44.073741916Z","tipoEvento":"HEARTBEAT","bufferSize":0}
2026-08-17 14:06:54,073 INFO  [it.uni.reti2.HeartbeatGenerator] (vert.x-eventloop-thread-0) 💓 [HEARTBEAT] Invio heartbeat: {"stazioneId":"PA","stato":"ONLINE","timestamp":"2026-08-17T12:06:54.073659654Z","tipoEvento":"HEARTBEAT","bufferSize":0}
2026-08-17 14:07:04,077 INFO  [it.uni.reti2.HeartbeatGenerator] (vert.x-eventloop-thread-0) 💓 [HEARTBEAT] Invio heartbeat: {"stazioneId":"PA","stato":"ONLINE","timestamp":"2026-08-17T12:07:04.077313207Z","tipoEvento":"HEARTBEAT","bufferSize":0}
2026-08-17 14:07:14,073 INFO  [it.uni.reti2.HeartbeatGenerator] (vert.x-eventloop-thread-0) 💓 [HEARTBEAT] Invio heartbeat: {"stazioneId":"PA","stato":"ONLINE","timestamp":"2026-08-17T12:07:14.073274778Z","tipoEvento":"HEARTBEAT","bufferSize":0}
2026-08-17 14:07:24,073 INFO  [it.uni.reti2.HeartbeatGenerator] (vert.x-eventloop-thread-0) 💓 [HEARTBEAT] Invio heartbeat: {"stazioneId":"PA","stato":"ONLINE","timestamp":"2026-08-17T12:07:24.073419923Z","tipoEvento":"HEARTBEAT","bufferSize":0}
2026-08-17 14:07:34,071 INFO  [it.uni.reti2.HeartbeatGenerator] (vert.x-eventloop-thread-0) 💓 [HEARTBEAT] Invio heartbeat: {"stazioneId":"PA","stato":"ONLINE","timestamp":"2026-08-17T12:07:34.071871872Z","tipoEvento":"HEARTBEAT","bufferSize":0}
2026-08-17 14:07:44,075 INFO  [it.uni.reti2.HeartbeatGenerator] (vert.x-eventloop-thread-0) 💓 [HEARTBEAT] Invio heartbeat: {"stazioneId":"PA","stato":"ONLINE","timestamp":"2026-08-17T12:07:44.075196580Z","tipoEvento":"HEARTBEAT","bufferSize":0}
2026-08-17 14:07:54,071 INFO  [it.uni.reti2.HeartbeatGenerator] (vert.x-eventloop-thread-0) 💓 [HEARTBEAT] Invio heartbeat: {"stazioneId":"PA","stato":"ONLINE","timestamp":"2026-08-17T12:07:54.071252165Z","tipoEvento":"HEARTBEAT","bufferSize":0}
2026-08-17 14:08:04,071 INFO  [it.uni.reti2.HeartbeatGenerator] (vert.x-eventloop-thread-0) 💓 [HEARTBEAT] Invio heartbeat: {"stazioneId":"PA","stato":"ONLINE","timestamp":"2026-08-17T12:08:04.071019996Z","tipoEvento":"HEARTBEAT","bufferSize":0}
2026-08-17 14:08:14,076 INFO  [it.uni.reti2.HeartbeatGenerator] (vert.x-eventloop-thread-0) 💓 [HEARTBEAT] Invio heartbeat: {"stazioneId":"PA","stato":"ONLINE","timestamp":"2026-08-17T12:08:14.076608305Z","tipoEvento":"HEARTBEAT","bufferSize":0}
2026-08-17 14:08:24,071 INFO  [it.uni.reti2.HeartbeatGenerator] (vert.x-eventloop-thread-0) 💓 [HEARTBEAT] Invio heartbeat: {"stazioneId":"PA","stato":"ONLINE","timestamp":"2026-08-17T12:08:24.071581146Z","tipoEvento":"HEARTBEAT","bufferSize":0}
2026-08-17 14:08:34,072 INFO  [it.uni.reti2.HeartbeatGenerator] (vert.x-eventloop-thread-0) 💓 [HEARTBEAT] Invio heartbeat: {"stazioneId":"PA","stato":"ONLINE","timestamp":"2026-08-17T12:08:34.072043516Z","tipoEvento":"HEARTBEAT","bufferSize":0}
2026-08-17 14:08:44,076 INFO  [it.uni.reti2.HeartbeatGenerator] (vert.x-eventloop-thread-0) 💓 [HEARTBEAT] Invio heartbeat: {"stazioneId":"PA","stato":"ONLINE","timestamp":"2026-08-17T12:08:44.076243022Z","tipoEvento":"HEARTBEAT","bufferSize":0}
2026-08-17 14:08:54,073 INFO  [it.uni.reti2.HeartbeatGenerator] (vert.x-eventloop-thread-0) 💓 [HEARTBEAT] Invio heartbeat: {"stazioneId":"PA","stato":"ONLINE","timestamp":"2026-08-17T12:08:54.073013774Z","tipoEvento":"HEARTBEAT","bufferSize":0}
2026-08-17 14:09:04,073 INFO  [it.uni.reti2.HeartbeatGenerator] (vert.x-eventloop-thread-0) 💓 [HEARTBEAT] Invio heartbeat: {"stazioneId":"PA","stato":"ONLINE","timestamp":"2026-08-17T12:09:04.073058847Z","tipoEvento":"HEARTBEAT","bufferSize":0}
2026-08-17 14:09:12,532 WARN  [it.uni.reti2.StationGateway] (vert.x-eventloop-thread-3) 🚨 [ALERT RICEVUTO] La Centrale dice: {"tipoEvento":"STOP","target":"TRENO_TEST_f342","motivo":"Soppresso da operatore","timestamp":"2026-08-17T12:09:12.476917992Z"}
2026-08-17 14:09:12,533 WARN  [it.uni.reti2.StationGateway] (vert.x-eventloop-thread-3) 🚨 [ALERT RICEVUTO] La Centrale dice: {"tipoEvento":"STOP","target":"TRENO_TEST_f342","motivo":"Treno eliminato da operatore","timestamp":"2026-08-17T12:09:12.509226515Z"}
2026-08-17 14:09:13,270 WARN  [it.uni.reti2.StationGateway] (vert.x-eventloop-thread-3) 🚨 [ALERT RICEVUTO] La Centrale dice: {"tipoEvento":"ITINERARIO_AGGIORNATO","target":"MEM_TRN_da0d","timestamp":"2026-08-17T12:09:13.269223236Z"}
2026-08-17 14:09:13,309 WARN  [it.uni.reti2.StationGateway] (vert.x-eventloop-thread-3) 🚨 [ALERT RICEVUTO] La Centrale dice: {"tipoEvento":"ITINERARIO_AGGIORNATO","target":"MEM_TRN_da0d","timestamp":"2026-08-17T12:09:13.294076557Z"}
2026-08-17 14:09:13,388 WARN  [it.uni.reti2.StationGateway] (vert.x-eventloop-thread-3) 🚨 [ALERT RICEVUTO] La Centrale dice: {"tipoEvento":"RESOLVED","sorgenteTipo":"STAZIONE","sorgenteId":"MEM_A_da0d","guastoId":"MEM_G_da0d","timestamp":"2026-08-17T12:09:13.386921550Z"}
2026-08-17 14:09:13,426 WARN  [it.uni.reti2.StationGateway] (vert.x-eventloop-thread-3) 🚨 [ALERT RICEVUTO] La Centrale dice: {"tipoEvento":"MAINTENANCE_DISPATCHED","sorgenteId":"MEM_A_da0d","timestamp":"2026-08-17T12:09:13.408289969Z"}
2026-08-17 14:09:13,426 WARN  [it.uni.reti2.StationGateway] (vert.x-eventloop-thread-3) 🚨 [ALERT RICEVUTO] La Centrale dice: {"tipoEvento":"RESOLVED","sorgenteTipo":"STAZIONE","sorgenteId":"MEM_A_da0d","guastoId":"MEM_GM_da0d","timestamp":"2026-08-17T12:09:13.414898158Z"}
2026-08-17 14:09:13,441 WARN  [it.uni.reti2.StationGateway] (vert.x-eventloop-thread-3) 🚨 [ALERT RICEVUTO] La Centrale dice: {"tipoEvento":"STOP","target":"MEM_TRN_da0d","motivo":"Treno eliminato da operatore","timestamp":"2026-08-17T12:09:13.439842013Z"}
2026-08-17 14:09:13,700 WARN  [it.uni.reti2.StationGateway] (vert.x-eventloop-thread-3) 🚨 [ALERT RICEVUTO] La Centrale dice: {"tipoEvento":"ITINERARIO_AGGIORNATO","target":"REG_TRN_046a","timestamp":"2026-08-17T12:09:13.699350707Z"}
2026-08-17 14:09:13,740 WARN  [it.uni.reti2.StationGateway] (vert.x-eventloop-thread-3) 🚨 [ALERT RICEVUTO] La Centrale dice: {"tipoEvento":"ITINERARIO_AGGIORNATO","target":"REG_TRN_046a","timestamp":"2026-08-17T12:09:13.739142644Z"}
2026-08-17 14:09:13,861 WARN  [it.uni.reti2.StationGateway] (vert.x-eventloop-thread-3) 🚨 [ALERT RICEVUTO] La Centrale dice: {"tipoEvento":"STOP","target":"REG_TRN_046a","motivo":"Treno eliminato da operatore","timestamp":"2026-08-17T12:09:13.860018709Z"}
2026-08-17 14:09:14,070 INFO  [it.uni.reti2.HeartbeatGenerator] (vert.x-eventloop-thread-0) 💓 [HEARTBEAT] Invio heartbeat: {"stazioneId":"PA","stato":"ONLINE","timestamp":"2026-08-17T12:09:14.070593049Z","tipoEvento":"HEARTBEAT","bufferSize":0}
2026-08-17 14:09:24,075 INFO  [it.uni.reti2.HeartbeatGenerator] (vert.x-eventloop-thread-0) 💓 [HEARTBEAT] Invio heartbeat: {"stazioneId":"PA","stato":"ONLINE","timestamp":"2026-08-17T12:09:24.075675042Z","tipoEvento":"HEARTBEAT","bufferSize":0}
2026-08-17 14:09:34,075 INFO  [it.uni.reti2.HeartbeatGenerator] (vert.x-eventloop-thread-0) 💓 [HEARTBEAT] Invio heartbeat: {"stazioneId":"PA","stato":"ONLINE","timestamp":"2026-08-17T12:09:34.075682710Z","tipoEvento":"HEARTBEAT","bufferSize":0}
2026-08-17 14:09:44,070 INFO  [it.uni.reti2.HeartbeatGenerator] (vert.x-eventloop-thread-0) 💓 [HEARTBEAT] Invio heartbeat: {"stazioneId":"PA","stato":"ONLINE","timestamp":"2026-08-17T12:09:44.070862260Z","tipoEvento":"HEARTBEAT","bufferSize":0}
2026-08-17 14:09:54,089 INFO  [it.uni.reti2.HeartbeatGenerator] (vert.x-eventloop-thread-0) 💓 [HEARTBEAT] Invio heartbeat: {"stazioneId":"PA","stato":"ONLINE","timestamp":"2026-08-17T12:09:54.075056132Z","tipoEvento":"HEARTBEAT","bufferSize":0}
2026-08-17 14:10:04,071 INFO  [it.uni.reti2.HeartbeatGenerator] (vert.x-eventloop-thread-0) 💓 [HEARTBEAT] Invio heartbeat: {"stazioneId":"PA","stato":"ONLINE","timestamp":"2026-08-17T12:10:04.070896467Z","tipoEvento":"HEARTBEAT","bufferSize":0}
2026-08-17 14:10:14,084 INFO  [it.uni.reti2.HeartbeatGenerator] (vert.x-eventloop-thread-0) 💓 [HEARTBEAT] Invio heartbeat: {"stazioneId":"PA","stato":"ONLINE","timestamp":"2026-08-17T12:10:14.071064606Z","tipoEvento":"HEARTBEAT","bufferSize":0}
2026-08-17 14:10:24,077 INFO  [it.uni.reti2.HeartbeatGenerator] (vert.x-eventloop-thread-0) 💓 [HEARTBEAT] Invio heartbeat: {"stazioneId":"PA","stato":"ONLINE","timestamp":"2026-08-17T12:10:24.077260475Z","tipoEvento":"HEARTBEAT","bufferSize":0}
2026-08-17 14:10:34,073 INFO  [it.uni.reti2.HeartbeatGenerator] (vert.x-eventloop-thread-0) 💓 [HEARTBEAT] Invio heartbeat: {"stazioneId":"PA","stato":"ONLINE","timestamp":"2026-08-17T12:10:34.073158133Z","tipoEvento":"HEARTBEAT","bufferSize":0}
2026-08-17 14:10:44,070 INFO  [it.uni.reti2.HeartbeatGenerator] (vert.x-eventloop-thread-0) 💓 [HEARTBEAT] Invio heartbeat: {"stazioneId":"PA","stato":"ONLINE","timestamp":"2026-08-17T12:10:44.070840250Z","tipoEvento":"HEARTBEAT","bufferSize":0}
2026-08-17 14:10:54,079 INFO  [it.uni.reti2.HeartbeatGenerator] (vert.x-eventloop-thread-0) 💓 [HEARTBEAT] Invio heartbeat: {"stazioneId":"PA","stato":"ONLINE","timestamp":"2026-08-17T12:10:54.079677489Z","tipoEvento":"HEARTBEAT","bufferSize":0}
2026-08-17 14:11:04,074 INFO  [it.uni.reti2.HeartbeatGenerator] (vert.x-eventloop-thread-0) 💓 [HEARTBEAT] Invio heartbeat: {"stazioneId":"PA","stato":"ONLINE","timestamp":"2026-08-17T12:11:04.074043538Z","tipoEvento":"HEARTBEAT","bufferSize":0}
2026-08-17 14:11:14,070 INFO  [it.uni.reti2.HeartbeatGenerator] (vert.x-eventloop-thread-0) 💓 [HEARTBEAT] Invio heartbeat: {"stazioneId":"PA","stato":"ONLINE","timestamp":"2026-08-17T12:11:14.070773116Z","tipoEvento":"HEARTBEAT","bufferSize":0}
2026-08-17 14:11:24,071 INFO  [it.uni.reti2.HeartbeatGenerator] (vert.x-eventloop-thread-0) 💓 [HEARTBEAT] Invio heartbeat: {"stazioneId":"PA","stato":"ONLINE","timestamp":"2026-08-17T12:11:24.071183382Z","tipoEvento":"HEARTBEAT","bufferSize":0}
2026-08-17 14:11:34,077 INFO  [it.uni.reti2.HeartbeatGenerator] (vert.x-eventloop-thread-0) 💓 [HEARTBEAT] Invio heartbeat: {"stazioneId":"PA","stato":"ONLINE","timestamp":"2026-08-17T12:11:34.077821848Z","tipoEvento":"HEARTBEAT","bufferSize":0}
2026-08-17 14:11:44,070 INFO  [it.uni.reti2.HeartbeatGenerator] (vert.x-eventloop-thread-0) 💓 [HEARTBEAT] Invio heartbeat: {"stazioneId":"PA","stato":"ONLINE","timestamp":"2026-08-17T12:11:44.070735983Z","tipoEvento":"HEARTBEAT","bufferSize":0}
2026-08-17 14:11:54,073 INFO  [it.uni.reti2.HeartbeatGenerator] (vert.x-eventloop-thread-0) 💓 [HEARTBEAT] Invio heartbeat: {"stazioneId":"PA","stato":"ONLINE","timestamp":"2026-08-17T12:11:54.073397217Z","tipoEvento":"HEARTBEAT","bufferSize":0}
2026-08-17 14:12:04,077 INFO  [it.uni.reti2.HeartbeatGenerator] (vert.x-eventloop-thread-0) 💓 [HEARTBEAT] Invio heartbeat: {"stazioneId":"PA","stato":"ONLINE","timestamp":"2026-08-17T12:12:04.077244904Z","tipoEvento":"HEARTBEAT","bufferSize":0}
2026-08-17 14:12:14,070 INFO  [it.uni.reti2.HeartbeatGenerator] (vert.x-eventloop-thread-0) 💓 [HEARTBEAT] Invio heartbeat: {"stazioneId":"PA","stato":"ONLINE","timestamp":"2026-08-17T12:12:14.070470517Z","tipoEvento":"HEARTBEAT","bufferSize":0}
2026-08-17 14:12:24,074 INFO  [it.uni.reti2.HeartbeatGenerator] (vert.x-eventloop-thread-0) 💓 [HEARTBEAT] Invio heartbeat: {"stazioneId":"PA","stato":"ONLINE","timestamp":"2026-08-17T12:12:24.074061445Z","tipoEvento":"HEARTBEAT","bufferSize":0}
2026-08-17 14:12:34,077 INFO  [it.uni.reti2.HeartbeatGenerator] (vert.x-eventloop-thread-0) 💓 [HEARTBEAT] Invio heartbeat: {"stazioneId":"PA","stato":"ONLINE","timestamp":"2026-08-17T12:12:34.077097100Z","tipoEvento":"HEARTBEAT","bufferSize":0}
2026-08-17 14:12:44,071 INFO  [it.uni.reti2.HeartbeatGenerator] (vert.x-eventloop-thread-0) 💓 [HEARTBEAT] Invio heartbeat: {"stazioneId":"PA","stato":"ONLINE","timestamp":"2026-08-17T12:12:44.071044160Z","tipoEvento":"HEARTBEAT","bufferSize":0}
2026-08-17 14:12:54,071 INFO  [it.uni.reti2.HeartbeatGenerator] (vert.x-eventloop-thread-0) 💓 [HEARTBEAT] Invio heartbeat: {"stazioneId":"PA","stato":"ONLINE","timestamp":"2026-08-17T12:12:54.071056336Z","tipoEvento":"HEARTBEAT","bufferSize":0}
2026-08-17 14:13:04,083 INFO  [it.uni.reti2.HeartbeatGenerator] (vert.x-eventloop-thread-0) 💓 [HEARTBEAT] Invio heartbeat: {"stazioneId":"PA","stato":"ONLINE","timestamp":"2026-08-17T12:13:04.071528272Z","tipoEvento":"HEARTBEAT","bufferSize":0}
2026-08-17 14:13:14,070 INFO  [it.uni.reti2.HeartbeatGenerator] (vert.x-eventloop-thread-0) 💓 [HEARTBEAT] Invio heartbeat: {"stazioneId":"PA","stato":"ONLINE","timestamp":"2026-08-17T12:13:14.070612883Z","tipoEvento":"HEARTBEAT","bufferSize":0}
2026-08-17 14:13:24,072 INFO  [it.uni.reti2.HeartbeatGenerator] (vert.x-eventloop-thread-0) 💓 [HEARTBEAT] Invio heartbeat: {"stazioneId":"PA","stato":"ONLINE","timestamp":"2026-08-17T12:13:24.072004697Z","tipoEvento":"HEARTBEAT","bufferSize":0}
2026-08-17 14:13:34,130 INFO  [it.uni.reti2.HeartbeatGenerator] (vert.x-eventloop-thread-0) 💓 [HEARTBEAT] Invio heartbeat: {"stazioneId":"PA","stato":"ONLINE","timestamp":"2026-08-17T12:13:34.072020471Z","tipoEvento":"HEARTBEAT","bufferSize":0}
2026-08-17 14:13:44,079 INFO  [it.uni.reti2.HeartbeatGenerator] (vert.x-eventloop-thread-0) 💓 [HEARTBEAT] Invio heartbeat: {"stazioneId":"PA","stato":"ONLINE","timestamp":"2026-08-17T12:13:44.070629240Z","tipoEvento":"HEARTBEAT","bufferSize":0}
2026-08-17 14:13:54,074 INFO  [it.uni.reti2.HeartbeatGenerator] (vert.x-eventloop-thread-0) 💓 [HEARTBEAT] Invio heartbeat: {"stazioneId":"PA","stato":"ONLINE","timestamp":"2026-08-17T12:13:54.074062973Z","tipoEvento":"HEARTBEAT","bufferSize":0}
2026-08-17 14:14:04,074 INFO  [it.uni.reti2.HeartbeatGenerator] (vert.x-eventloop-thread-0) 💓 [HEARTBEAT] Invio heartbeat: {"stazioneId":"PA","stato":"ONLINE","timestamp":"2026-08-17T12:14:04.074227796Z","tipoEvento":"HEARTBEAT","bufferSize":0}
2026-08-17 14:14:14,071 INFO  [it.uni.reti2.HeartbeatGenerator] (vert.x-eventloop-thread-0) 💓 [HEARTBEAT] Invio heartbeat: {"stazioneId":"PA","stato":"ONLINE","timestamp":"2026-08-17T12:14:14.070962330Z","tipoEvento":"HEARTBEAT","bufferSize":0}
2026-08-17 14:14:24,076 INFO  [it.uni.reti2.HeartbeatGenerator] (vert.x-eventloop-thread-0) 💓 [HEARTBEAT] Invio heartbeat: {"stazioneId":"PA","stato":"ONLINE","timestamp":"2026-08-17T12:14:24.076099880Z","tipoEvento":"HEARTBEAT","bufferSize":0}
2026-08-17 14:14:34,072 INFO  [it.uni.reti2.HeartbeatGenerator] (vert.x-eventloop-thread-0) 💓 [HEARTBEAT] Invio heartbeat: {"stazioneId":"PA","stato":"ONLINE","timestamp":"2026-08-17T12:14:34.072008257Z","tipoEvento":"HEARTBEAT","bufferSize":0}
2026-08-17 14:14:44,070 INFO  [it.uni.reti2.HeartbeatGenerator] (vert.x-eventloop-thread-0) 💓 [HEARTBEAT] Invio heartbeat: {"stazioneId":"PA","stato":"ONLINE","timestamp":"2026-08-17T12:14:44.070258040Z","tipoEvento":"HEARTBEAT","bufferSize":0}
2026-08-17 14:14:54,078 INFO  [it.uni.reti2.HeartbeatGenerator] (vert.x-eventloop-thread-0) 💓 [HEARTBEAT] Invio heartbeat: {"stazioneId":"PA","stato":"ONLINE","timestamp":"2026-08-17T12:14:54.078408073Z","tipoEvento":"HEARTBEAT","bufferSize":0}
2026-08-17 14:15:04,074 INFO  [it.uni.reti2.HeartbeatGenerator] (vert.x-eventloop-thread-0) 💓 [HEARTBEAT] Invio heartbeat: {"stazioneId":"PA","stato":"ONLINE","timestamp":"2026-08-17T12:15:04.074543035Z","tipoEvento":"HEARTBEAT","bufferSize":0}
2026-08-17 14:15:14,070 INFO  [it.uni.reti2.HeartbeatGenerator] (vert.x-eventloop-thread-0) 💓 [HEARTBEAT] Invio heartbeat: {"stazioneId":"PA","stato":"ONLINE","timestamp":"2026-08-17T12:15:14.070231029Z","tipoEvento":"HEARTBEAT","bufferSize":0}
2026-08-17 14:15:24,079 INFO  [it.uni.reti2.HeartbeatGenerator] (vert.x-eventloop-thread-0) 💓 [HEARTBEAT] Invio heartbeat: {"stazioneId":"PA","stato":"ONLINE","timestamp":"2026-08-17T12:15:24.079044573Z","tipoEvento":"HEARTBEAT","bufferSize":0}
2026-08-17 14:15:34,074 INFO  [it.uni.reti2.HeartbeatGenerator] (vert.x-eventloop-thread-0) 💓 [HEARTBEAT] Invio heartbeat: {"stazioneId":"PA","stato":"ONLINE","timestamp":"2026-08-17T12:15:34.074275846Z","tipoEvento":"HEARTBEAT","bufferSize":0}
2026-08-17 14:15:44,070 INFO  [it.uni.reti2.HeartbeatGenerator] (vert.x-eventloop-thread-0) 💓 [HEARTBEAT] Invio heartbeat: {"stazioneId":"PA","stato":"ONLINE","timestamp":"2026-08-17T12:15:44.070646769Z","tipoEvento":"HEARTBEAT","bufferSize":0}
2026-08-17 14:15:54,077 INFO  [it.uni.reti2.HeartbeatGenerator] (vert.x-eventloop-thread-0) 💓 [HEARTBEAT] Invio heartbeat: {"stazioneId":"PA","stato":"ONLINE","timestamp":"2026-08-17T12:15:54.077676536Z","tipoEvento":"HEARTBEAT","bufferSize":0}
2026-08-17 14:16:04,076 INFO  [it.uni.reti2.HeartbeatGenerator] (vert.x-eventloop-thread-0) 💓 [HEARTBEAT] Invio heartbeat: {"stazioneId":"PA","stato":"ONLINE","timestamp":"2026-08-17T12:16:04.076545565Z","tipoEvento":"HEARTBEAT","bufferSize":0}
2026-08-17 14:16:14,071 INFO  [it.uni.reti2.HeartbeatGenerator] (vert.x-eventloop-thread-0) 💓 [HEARTBEAT] Invio heartbeat: {"stazioneId":"PA","stato":"ONLINE","timestamp":"2026-08-17T12:16:14.070999465Z","tipoEvento":"HEARTBEAT","bufferSize":0}
2026-08-17 14:16:24,071 INFO  [it.uni.reti2.HeartbeatGenerator] (vert.x-eventloop-thread-0) 💓 [HEARTBEAT] Invio heartbeat: {"stazioneId":"PA","stato":"ONLINE","timestamp":"2026-08-17T12:16:24.071738050Z","tipoEvento":"HEARTBEAT","bufferSize":0}
2026-08-17 14:16:34,072 INFO  [it.uni.reti2.HeartbeatGenerator] (vert.x-eventloop-thread-0) 💓 [HEARTBEAT] Invio heartbeat: {"stazioneId":"PA","stato":"ONLINE","timestamp":"2026-08-17T12:16:34.072114267Z","tipoEvento":"HEARTBEAT","bufferSize":0}
2026-08-17 14:16:44,070 INFO  [it.uni.reti2.HeartbeatGenerator] (vert.x-eventloop-thread-0) 💓 [HEARTBEAT] Invio heartbeat: {"stazioneId":"PA","stato":"ONLINE","timestamp":"2026-08-17T12:16:44.070870192Z","tipoEvento":"HEARTBEAT","bufferSize":0}
2026-08-17 14:16:54,073 INFO  [it.uni.reti2.HeartbeatGenerator] (vert.x-eventloop-thread-0) 💓 [HEARTBEAT] Invio heartbeat: {"stazioneId":"PA","stato":"ONLINE","timestamp":"2026-08-17T12:16:54.073267490Z","tipoEvento":"HEARTBEAT","bufferSize":0}
2026-08-17 14:17:04,077 INFO  [it.uni.reti2.HeartbeatGenerator] (vert.x-eventloop-thread-0) 💓 [HEARTBEAT] Invio heartbeat: {"stazioneId":"PA","stato":"ONLINE","timestamp":"2026-08-17T12:17:04.077865373Z","tipoEvento":"HEARTBEAT","bufferSize":0}
2026-08-17 14:17:14,070 INFO  [it.uni.reti2.HeartbeatGenerator] (vert.x-eventloop-thread-0) 💓 [HEARTBEAT] Invio heartbeat: {"stazioneId":"PA","stato":"ONLINE","timestamp":"2026-08-17T12:17:14.070697912Z","tipoEvento":"HEARTBEAT","bufferSize":0}
2026-08-17 14:17:24,074 INFO  [it.uni.reti2.HeartbeatGenerator] (vert.x-eventloop-thread-0) 💓 [HEARTBEAT] Invio heartbeat: {"stazioneId":"PA","stato":"ONLINE","timestamp":"2026-08-17T12:17:24.074256377Z","tipoEvento":"HEARTBEAT","bufferSize":0}
2026-08-17 14:17:34,077 INFO  [it.uni.reti2.HeartbeatGenerator] (vert.x-eventloop-thread-0) 💓 [HEARTBEAT] Invio heartbeat: {"stazioneId":"PA","stato":"ONLINE","timestamp":"2026-08-17T12:17:34.077674853Z","tipoEvento":"HEARTBEAT","bufferSize":0}
2026-08-17 14:17:44,070 INFO  [it.uni.reti2.HeartbeatGenerator] (vert.x-eventloop-thread-0) 💓 [HEARTBEAT] Invio heartbeat: {"stazioneId":"PA","stato":"ONLINE","timestamp":"2026-08-17T12:17:44.070465130Z","tipoEvento":"HEARTBEAT","bufferSize":0}
2026-08-17 14:17:54,071 INFO  [it.uni.reti2.HeartbeatGenerator] (vert.x-eventloop-thread-0) 💓 [HEARTBEAT] Invio heartbeat: {"stazioneId":"PA","stato":"ONLINE","timestamp":"2026-08-17T12:17:54.071689554Z","tipoEvento":"HEARTBEAT","bufferSize":0}
2026-08-17 14:18:04,077 INFO  [it.uni.reti2.HeartbeatGenerator] (vert.x-eventloop-thread-0) 💓 [HEARTBEAT] Invio heartbeat: {"stazioneId":"PA","stato":"ONLINE","timestamp":"2026-08-17T12:18:04.077579779Z","tipoEvento":"HEARTBEAT","bufferSize":0}
2026-08-17 14:18:14,070 INFO  [it.uni.reti2.HeartbeatGenerator] (vert.x-eventloop-thread-0) 💓 [HEARTBEAT] Invio heartbeat: {"stazioneId":"PA","stato":"ONLINE","timestamp":"2026-08-17T12:18:14.070552622Z","tipoEvento":"HEARTBEAT","bufferSize":0}
2026-08-17 14:18:24,083 INFO  [it.uni.reti2.HeartbeatGenerator] (vert.x-eventloop-thread-0) 💓 [HEARTBEAT] Invio heartbeat: {"stazioneId":"PA","stato":"ONLINE","timestamp":"2026-08-17T12:18:24.071129267Z","tipoEvento":"HEARTBEAT","bufferSize":0}
2026-08-17 14:18:34,073 INFO  [it.uni.reti2.HeartbeatGenerator] (vert.x-eventloop-thread-0) 💓 [HEARTBEAT] Invio heartbeat: {"stazioneId":"PA","stato":"ONLINE","timestamp":"2026-08-17T12:18:34.073102919Z","tipoEvento":"HEARTBEAT","bufferSize":0}
2026-08-17 14:18:44,070 INFO  [it.uni.reti2.HeartbeatGenerator] (vert.x-eventloop-thread-0) 💓 [HEARTBEAT] Invio heartbeat: {"stazioneId":"PA","stato":"ONLINE","timestamp":"2026-08-17T12:18:44.070439964Z","tipoEvento":"HEARTBEAT","bufferSize":0}
2026-08-17 14:18:54,073 INFO  [it.uni.reti2.HeartbeatGenerator] (vert.x-eventloop-thread-0) 💓 [HEARTBEAT] Invio heartbeat: {"stazioneId":"PA","stato":"ONLINE","timestamp":"2026-08-17T12:18:54.073040457Z","tipoEvento":"HEARTBEAT","bufferSize":0}
2026-08-17 14:19:04,071 INFO  [it.uni.reti2.HeartbeatGenerator] (vert.x-eventloop-thread-0) 💓 [HEARTBEAT] Invio heartbeat: {"stazioneId":"PA","stato":"ONLINE","timestamp":"2026-08-17T12:19:04.071020664Z","tipoEvento":"HEARTBEAT","bufferSize":0}
2026-08-17 14:19:14,070 INFO  [it.uni.reti2.HeartbeatGenerator] (vert.x-eventloop-thread-0) 💓 [HEARTBEAT] Invio heartbeat: {"stazioneId":"PA","stato":"ONLINE","timestamp":"2026-08-17T12:19:14.070122702Z","tipoEvento":"HEARTBEAT","bufferSize":0}
2026-08-17 14:19:24,072 INFO  [it.uni.reti2.HeartbeatGenerator] (vert.x-eventloop-thread-0) 💓 [HEARTBEAT] Invio heartbeat: {"stazioneId":"PA","stato":"ONLINE","timestamp":"2026-08-17T12:19:24.072018570Z","tipoEvento":"HEARTBEAT","bufferSize":0}
2026-08-17 14:19:34,072 INFO  [it.uni.reti2.HeartbeatGenerator] (vert.x-eventloop-thread-0) 💓 [HEARTBEAT] Invio heartbeat: {"stazioneId":"PA","stato":"ONLINE","timestamp":"2026-08-17T12:19:34.072012428Z","tipoEvento":"HEARTBEAT","bufferSize":0}
2026-08-17 14:19:44,070 INFO  [it.uni.reti2.HeartbeatGenerator] (vert.x-eventloop-thread-0) 💓 [HEARTBEAT] Invio heartbeat: {"stazioneId":"PA","stato":"ONLINE","timestamp":"2026-08-17T12:19:44.070402220Z","tipoEvento":"HEARTBEAT","bufferSize":0}
2026-08-17 14:19:54,152 INFO  [it.uni.reti2.HeartbeatGenerator] (vert.x-eventloop-thread-0) 💓 [HEARTBEAT] Invio heartbeat: {"stazioneId":"PA","stato":"ONLINE","timestamp":"2026-08-17T12:19:54.074888550Z","tipoEvento":"HEARTBEAT","bufferSize":0}
2026-08-17 14:20:04,074 INFO  [it.uni.reti2.HeartbeatGenerator] (vert.x-eventloop-thread-0) 💓 [HEARTBEAT] Invio heartbeat: {"stazioneId":"PA","stato":"ONLINE","timestamp":"2026-08-17T12:20:04.074917760Z","tipoEvento":"HEARTBEAT","bufferSize":0}
2026-08-17 14:20:14,070 INFO  [it.uni.reti2.HeartbeatGenerator] (vert.x-eventloop-thread-0) 💓 [HEARTBEAT] Invio heartbeat: {"stazioneId":"PA","stato":"ONLINE","timestamp":"2026-08-17T12:20:14.070101096Z","tipoEvento":"HEARTBEAT","bufferSize":0}
2026-08-17 14:20:24,075 INFO  [it.uni.reti2.HeartbeatGenerator] (vert.x-eventloop-thread-0) 💓 [HEARTBEAT] Invio heartbeat: {"stazioneId":"PA","stato":"ONLINE","timestamp":"2026-08-17T12:20:24.074985492Z","tipoEvento":"HEARTBEAT","bufferSize":0}
2026-08-17 14:20:34,071 INFO  [it.uni.reti2.HeartbeatGenerator] (vert.x-eventloop-thread-0) 💓 [HEARTBEAT] Invio heartbeat: {"stazioneId":"PA","stato":"ONLINE","timestamp":"2026-08-17T12:20:34.071031215Z","tipoEvento":"HEARTBEAT","bufferSize":0}
2026-08-17 14:20:44,070 INFO  [it.uni.reti2.HeartbeatGenerator] (vert.x-eventloop-thread-0) 💓 [HEARTBEAT] Invio heartbeat: {"stazioneId":"PA","stato":"ONLINE","timestamp":"2026-08-17T12:20:44.070430976Z","tipoEvento":"HEARTBEAT","bufferSize":0}
2026-08-17 14:20:54,078 INFO  [it.uni.reti2.HeartbeatGenerator] (vert.x-eventloop-thread-0) 💓 [HEARTBEAT] Invio heartbeat: {"stazioneId":"PA","stato":"ONLINE","timestamp":"2026-08-17T12:20:54.077995535Z","tipoEvento":"HEARTBEAT","bufferSize":0}
2026-08-17 14:21:04,074 INFO  [it.uni.reti2.HeartbeatGenerator] (vert.x-eventloop-thread-0) 💓 [HEARTBEAT] Invio heartbeat: {"stazioneId":"PA","stato":"ONLINE","timestamp":"2026-08-17T12:21:04.073994477Z","tipoEvento":"HEARTBEAT","bufferSize":0}
2026-08-17 14:21:14,070 INFO  [it.uni.reti2.HeartbeatGenerator] (vert.x-eventloop-thread-0) 💓 [HEARTBEAT] Invio heartbeat: {"stazioneId":"PA","stato":"ONLINE","timestamp":"2026-08-17T12:21:14.070647986Z","tipoEvento":"HEARTBEAT","bufferSize":0}
2026-08-17 14:21:24,081 INFO  [it.uni.reti2.HeartbeatGenerator] (vert.x-eventloop-thread-0) 💓 [HEARTBEAT] Invio heartbeat: {"stazioneId":"PA","stato":"ONLINE","timestamp":"2026-08-17T12:21:24.079072055Z","tipoEvento":"HEARTBEAT","bufferSize":0}
2026-08-17 14:21:34,075 INFO  [it.uni.reti2.HeartbeatGenerator] (vert.x-eventloop-thread-0) 💓 [HEARTBEAT] Invio heartbeat: {"stazioneId":"PA","stato":"ONLINE","timestamp":"2026-08-17T12:21:34.075662264Z","tipoEvento":"HEARTBEAT","bufferSize":0}
2026-08-17 14:21:44,070 INFO  [it.uni.reti2.HeartbeatGenerator] (vert.x-eventloop-thread-0) 💓 [HEARTBEAT] Invio heartbeat: {"stazioneId":"PA","stato":"ONLINE","timestamp":"2026-08-17T12:21:44.070606994Z","tipoEvento":"HEARTBEAT","bufferSize":0}
2026-08-17 14:21:54,080 INFO  [it.uni.reti2.HeartbeatGenerator] (vert.x-eventloop-thread-0) 💓 [HEARTBEAT] Invio heartbeat: {"stazioneId":"PA","stato":"ONLINE","timestamp":"2026-08-17T12:21:54.080010427Z","tipoEvento":"HEARTBEAT","bufferSize":0}
2026-08-17 14:22:04,076 INFO  [it.uni.reti2.HeartbeatGenerator] (vert.x-eventloop-thread-0) 💓 [HEARTBEAT] Invio heartbeat: {"stazioneId":"PA","stato":"ONLINE","timestamp":"2026-08-17T12:22:04.076019009Z","tipoEvento":"HEARTBEAT","bufferSize":0}
2026-08-17 14:22:14,070 INFO  [it.uni.reti2.HeartbeatGenerator] (vert.x-eventloop-thread-0) 💓 [HEARTBEAT] Invio heartbeat: {"stazioneId":"PA","stato":"ONLINE","timestamp":"2026-08-17T12:22:14.070670040Z","tipoEvento":"HEARTBEAT","bufferSize":0}
2026-08-17 14:22:24,072 INFO  [it.uni.reti2.HeartbeatGenerator] (vert.x-eventloop-thread-0) 💓 [HEARTBEAT] Invio heartbeat: {"stazioneId":"PA","stato":"ONLINE","timestamp":"2026-08-17T12:22:24.072017954Z","tipoEvento":"HEARTBEAT","bufferSize":0}
2026-08-17 14:22:34,077 INFO  [it.uni.reti2.HeartbeatGenerator] (vert.x-eventloop-thread-0) 💓 [HEARTBEAT] Invio heartbeat: {"stazioneId":"PA","stato":"ONLINE","timestamp":"2026-08-17T12:22:34.077440093Z","tipoEvento":"HEARTBEAT","bufferSize":0}
2026-08-17 14:22:44,070 INFO  [it.uni.reti2.HeartbeatGenerator] (vert.x-eventloop-thread-0) 💓 [HEARTBEAT] Invio heartbeat: {"stazioneId":"PA","stato":"ONLINE","timestamp":"2026-08-17T12:22:44.069931418Z","tipoEvento":"HEARTBEAT","bufferSize":0}
2026-08-17 14:22:54,074 INFO  [it.uni.reti2.HeartbeatGenerator] (vert.x-eventloop-thread-0) 💓 [HEARTBEAT] Invio heartbeat: {"stazioneId":"PA","stato":"ONLINE","timestamp":"2026-08-17T12:22:54.074016632Z","tipoEvento":"HEARTBEAT","bufferSize":0}
2026-08-17 14:23:04,077 INFO  [it.uni.reti2.HeartbeatGenerator] (vert.x-eventloop-thread-0) 💓 [HEARTBEAT] Invio heartbeat: {"stazioneId":"PA","stato":"ONLINE","timestamp":"2026-08-17T12:23:04.077626148Z","tipoEvento":"HEARTBEAT","bufferSize":0}
2026-08-17 14:23:14,074 INFO  [it.uni.reti2.HeartbeatGenerator] (vert.x-eventloop-thread-0) 💓 [HEARTBEAT] Invio heartbeat: {"stazioneId":"PA","stato":"ONLINE","timestamp":"2026-08-17T12:23:14.074627240Z","tipoEvento":"HEARTBEAT","bufferSize":0}
2026-08-17 14:23:24,071 INFO  [it.uni.reti2.HeartbeatGenerator] (vert.x-eventloop-thread-0) 💓 [HEARTBEAT] Invio heartbeat: {"stazioneId":"PA","stato":"ONLINE","timestamp":"2026-08-17T12:23:24.071098166Z","tipoEvento":"HEARTBEAT","bufferSize":0}
2026-08-17 14:23:34,071 INFO  [it.uni.reti2.HeartbeatGenerator] (vert.x-eventloop-thread-0) 💓 [HEARTBEAT] Invio heartbeat: {"stazioneId":"PA","stato":"ONLINE","timestamp":"2026-08-17T12:23:34.071044536Z","tipoEvento":"HEARTBEAT","bufferSize":0}
2026-08-17 14:23:44,076 INFO  [it.uni.reti2.HeartbeatGenerator] (vert.x-eventloop-thread-0) 💓 [HEARTBEAT] Invio heartbeat: {"stazioneId":"PA","stato":"ONLINE","timestamp":"2026-08-17T12:23:44.076509245Z","tipoEvento":"HEARTBEAT","bufferSize":0}
2026-08-17 14:23:54,071 INFO  [it.uni.reti2.HeartbeatGenerator] (vert.x-eventloop-thread-0) 💓 [HEARTBEAT] Invio heartbeat: {"stazioneId":"PA","stato":"ONLINE","timestamp":"2026-08-17T12:23:54.071079555Z","tipoEvento":"HEARTBEAT","bufferSize":0}
2026-08-17 14:24:04,071 INFO  [it.uni.reti2.HeartbeatGenerator] (vert.x-eventloop-thread-0) 💓 [HEARTBEAT] Invio heartbeat: {"stazioneId":"PA","stato":"ONLINE","timestamp":"2026-08-17T12:24:04.071284108Z","tipoEvento":"HEARTBEAT","bufferSize":0}
2026-08-17 14:24:14,076 INFO  [it.uni.reti2.HeartbeatGenerator] (vert.x-eventloop-thread-0) 💓 [HEARTBEAT] Invio heartbeat: {"stazioneId":"PA","stato":"ONLINE","timestamp":"2026-08-17T12:24:14.076348214Z","tipoEvento":"HEARTBEAT","bufferSize":0}
2026-08-17 14:24:24,072 INFO  [it.uni.reti2.HeartbeatGenerator] (vert.x-eventloop-thread-0) 💓 [HEARTBEAT] Invio heartbeat: {"stazioneId":"PA","stato":"ONLINE","timestamp":"2026-08-17T12:24:24.072393440Z","tipoEvento":"HEARTBEAT","bufferSize":0}
2026-08-17 14:24:34,072 INFO  [it.uni.reti2.HeartbeatGenerator] (vert.x-eventloop-thread-0) 💓 [HEARTBEAT] Invio heartbeat: {"stazioneId":"PA","stato":"ONLINE","timestamp":"2026-08-17T12:24:34.072483815Z","tipoEvento":"HEARTBEAT","bufferSize":0}
2026-08-17 14:24:44,077 INFO  [it.uni.reti2.HeartbeatGenerator] (vert.x-eventloop-thread-0) 💓 [HEARTBEAT] Invio heartbeat: {"stazioneId":"PA","stato":"ONLINE","timestamp":"2026-08-17T12:24:44.077042112Z","tipoEvento":"HEARTBEAT","bufferSize":0}
2026-08-17 14:24:54,073 INFO  [it.uni.reti2.HeartbeatGenerator] (vert.x-eventloop-thread-0) 💓 [HEARTBEAT] Invio heartbeat: {"stazioneId":"PA","stato":"ONLINE","timestamp":"2026-08-17T12:24:54.073397221Z","tipoEvento":"HEARTBEAT","bufferSize":0}
2026-08-17 14:25:04,073 INFO  [it.uni.reti2.HeartbeatGenerator] (vert.x-eventloop-thread-0) 💓 [HEARTBEAT] Invio heartbeat: {"stazioneId":"PA","stato":"ONLINE","timestamp":"2026-08-17T12:25:04.073032851Z","tipoEvento":"HEARTBEAT","bufferSize":0}
2026-08-17 14:25:14,078 INFO  [it.uni.reti2.HeartbeatGenerator] (vert.x-eventloop-thread-0) 💓 [HEARTBEAT] Invio heartbeat: {"stazioneId":"PA","stato":"ONLINE","timestamp":"2026-08-17T12:25:14.078013584Z","tipoEvento":"HEARTBEAT","bufferSize":0}
2026-08-17 14:25:24,082 INFO  [it.uni.reti2.HeartbeatGenerator] (vert.x-eventloop-thread-0) 💓 [HEARTBEAT] Invio heartbeat: {"stazioneId":"PA","stato":"ONLINE","timestamp":"2026-08-17T12:25:24.073393262Z","tipoEvento":"HEARTBEAT","bufferSize":0}
2026-08-17 14:25:34,073 INFO  [it.uni.reti2.HeartbeatGenerator] (vert.x-eventloop-thread-0) 💓 [HEARTBEAT] Invio heartbeat: {"stazioneId":"PA","stato":"ONLINE","timestamp":"2026-08-17T12:25:34.073503641Z","tipoEvento":"HEARTBEAT","bufferSize":0}
2026-08-17 14:25:44,078 INFO  [it.uni.reti2.HeartbeatGenerator] (vert.x-eventloop-thread-0) 💓 [HEARTBEAT] Invio heartbeat: {"stazioneId":"PA","stato":"ONLINE","timestamp":"2026-08-17T12:25:44.078447522Z","tipoEvento":"HEARTBEAT","bufferSize":0}
2026-08-17 14:25:54,073 INFO  [it.uni.reti2.HeartbeatGenerator] (vert.x-eventloop-thread-0) 💓 [HEARTBEAT] Invio heartbeat: {"stazioneId":"PA","stato":"ONLINE","timestamp":"2026-08-17T12:25:54.073730759Z","tipoEvento":"HEARTBEAT","bufferSize":0}
2026-08-17 14:26:04,074 INFO  [it.uni.reti2.HeartbeatGenerator] (vert.x-eventloop-thread-0) 💓 [HEARTBEAT] Invio heartbeat: {"stazioneId":"PA","stato":"ONLINE","timestamp":"2026-08-17T12:26:04.074039173Z","tipoEvento":"HEARTBEAT","bufferSize":0}
2026-08-17 14:26:14,078 INFO  [it.uni.reti2.HeartbeatGenerator] (vert.x-eventloop-thread-0) 💓 [HEARTBEAT] Invio heartbeat: {"stazioneId":"PA","stato":"ONLINE","timestamp":"2026-08-17T12:26:14.078053944Z","tipoEvento":"HEARTBEAT","bufferSize":0}
2026-08-17 14:26:24,076 INFO  [it.uni.reti2.HeartbeatGenerator] (vert.x-eventloop-thread-0) 💓 [HEARTBEAT] Invio heartbeat: {"stazioneId":"PA","stato":"ONLINE","timestamp":"2026-08-17T12:26:24.076838949Z","tipoEvento":"HEARTBEAT","bufferSize":0}
2026-08-17 14:26:34,071 INFO  [it.uni.reti2.HeartbeatGenerator] (vert.x-eventloop-thread-0) 💓 [HEARTBEAT] Invio heartbeat: {"stazioneId":"PA","stato":"ONLINE","timestamp":"2026-08-17T12:26:34.071078703Z","tipoEvento":"HEARTBEAT","bufferSize":0}
2026-08-17 14:26:44,083 INFO  [it.uni.reti2.HeartbeatGenerator] (vert.x-eventloop-thread-0) 💓 [HEARTBEAT] Invio heartbeat: {"stazioneId":"PA","stato":"ONLINE","timestamp":"2026-08-17T12:26:44.071692758Z","tipoEvento":"HEARTBEAT","bufferSize":0}
2026-08-17 14:26:54,076 INFO  [it.uni.reti2.HeartbeatGenerator] (vert.x-eventloop-thread-0) 💓 [HEARTBEAT] Invio heartbeat: {"stazioneId":"PA","stato":"ONLINE","timestamp":"2026-08-17T12:26:54.076034248Z","tipoEvento":"HEARTBEAT","bufferSize":0}
2026-08-17 14:27:04,070 INFO  [it.uni.reti2.HeartbeatGenerator] (vert.x-eventloop-thread-0) 💓 [HEARTBEAT] Invio heartbeat: {"stazioneId":"PA","stato":"ONLINE","timestamp":"2026-08-17T12:27:04.070846043Z","tipoEvento":"HEARTBEAT","bufferSize":0}
2026-08-17 14:27:14,071 INFO  [it.uni.reti2.HeartbeatGenerator] (vert.x-eventloop-thread-0) 💓 [HEARTBEAT] Invio heartbeat: {"stazioneId":"PA","stato":"ONLINE","timestamp":"2026-08-17T12:27:14.071037155Z","tipoEvento":"HEARTBEAT","bufferSize":0}
2026-08-17 14:27:24,070 INFO  [it.uni.reti2.HeartbeatGenerator] (vert.x-eventloop-thread-0) 💓 [HEARTBEAT] Invio heartbeat: {"stazioneId":"PA","stato":"ONLINE","timestamp":"2026-08-17T12:27:24.070820490Z","tipoEvento":"HEARTBEAT","bufferSize":0}
2026-08-17 14:27:34,072 INFO  [it.uni.reti2.HeartbeatGenerator] (vert.x-eventloop-thread-0) 💓 [HEARTBEAT] Invio heartbeat: {"stazioneId":"PA","stato":"ONLINE","timestamp":"2026-08-17T12:27:34.072499330Z","tipoEvento":"HEARTBEAT","bufferSize":0}
2026-08-17 14:27:44,072 INFO  [it.uni.reti2.HeartbeatGenerator] (vert.x-eventloop-thread-0) 💓 [HEARTBEAT] Invio heartbeat: {"stazioneId":"PA","stato":"ONLINE","timestamp":"2026-08-17T12:27:44.072444342Z","tipoEvento":"HEARTBEAT","bufferSize":0}
2026-08-17 14:27:54,083 INFO  [it.uni.reti2.HeartbeatGenerator] (vert.x-eventloop-thread-0) 💓 [HEARTBEAT] Invio heartbeat: {"stazioneId":"PA","stato":"ONLINE","timestamp":"2026-08-17T12:27:54.077938273Z","tipoEvento":"HEARTBEAT","bufferSize":0}
2026-08-17 14:28:04,074 INFO  [it.uni.reti2.HeartbeatGenerator] (vert.x-eventloop-thread-0) 💓 [HEARTBEAT] Invio heartbeat: {"stazioneId":"PA","stato":"ONLINE","timestamp":"2026-08-17T12:28:04.074120017Z","tipoEvento":"HEARTBEAT","bufferSize":0}
2026-08-17 14:28:14,073 INFO  [it.uni.reti2.HeartbeatGenerator] (vert.x-eventloop-thread-0) 💓 [HEARTBEAT] Invio heartbeat: {"stazioneId":"PA","stato":"ONLINE","timestamp":"2026-08-17T12:28:14.073606275Z","tipoEvento":"HEARTBEAT","bufferSize":0}
2026-08-17 14:28:24,079 INFO  [it.uni.reti2.HeartbeatGenerator] (vert.x-eventloop-thread-0) 💓 [HEARTBEAT] Invio heartbeat: {"stazioneId":"PA","stato":"ONLINE","timestamp":"2026-08-17T12:28:24.079346726Z","tipoEvento":"HEARTBEAT","bufferSize":0}
2026-08-17 14:28:34,073 INFO  [it.uni.reti2.HeartbeatGenerator] (vert.x-eventloop-thread-0) 💓 [HEARTBEAT] Invio heartbeat: {"stazioneId":"PA","stato":"ONLINE","timestamp":"2026-08-17T12:28:34.073528073Z","tipoEvento":"HEARTBEAT","bufferSize":0}
2026-08-17 14:28:44,075 INFO  [it.uni.reti2.HeartbeatGenerator] (vert.x-eventloop-thread-0) 💓 [HEARTBEAT] Invio heartbeat: {"stazioneId":"PA","stato":"ONLINE","timestamp":"2026-08-17T12:28:44.075064737Z","tipoEvento":"HEARTBEAT","bufferSize":0}
2026-08-17 14:28:54,074 INFO  [it.uni.reti2.HeartbeatGenerator] (vert.x-eventloop-thread-0) 💓 [HEARTBEAT] Invio heartbeat: {"stazioneId":"PA","stato":"ONLINE","timestamp":"2026-08-17T12:28:54.074855782Z","tipoEvento":"HEARTBEAT","bufferSize":0}
2026-08-17 14:29:04,074 INFO  [it.uni.reti2.HeartbeatGenerator] (vert.x-eventloop-thread-0) 💓 [HEARTBEAT] Invio heartbeat: {"stazioneId":"PA","stato":"ONLINE","timestamp":"2026-08-17T12:29:04.074460350Z","tipoEvento":"HEARTBEAT","bufferSize":0}
2026-08-17 14:29:14,073 INFO  [it.uni.reti2.HeartbeatGenerator] (vert.x-eventloop-thread-0) 💓 [HEARTBEAT] Invio heartbeat: {"stazioneId":"PA","stato":"ONLINE","timestamp":"2026-08-17T12:29:14.073654839Z","tipoEvento":"HEARTBEAT","bufferSize":0}
2026-08-17 14:29:24,073 INFO  [it.uni.reti2.HeartbeatGenerator] (vert.x-eventloop-thread-0) 💓 [HEARTBEAT] Invio heartbeat: {"stazioneId":"PA","stato":"ONLINE","timestamp":"2026-08-17T12:29:24.073074834Z","tipoEvento":"HEARTBEAT","bufferSize":0}
2026-08-17 14:29:34,072 INFO  [it.uni.reti2.HeartbeatGenerator] (vert.x-eventloop-thread-0) 💓 [HEARTBEAT] Invio heartbeat: {"stazioneId":"PA","stato":"ONLINE","timestamp":"2026-08-17T12:29:34.072520365Z","tipoEvento":"HEARTBEAT","bufferSize":0}
2026-08-17 14:29:44,075 INFO  [it.uni.reti2.HeartbeatGenerator] (vert.x-eventloop-thread-0) 💓 [HEARTBEAT] Invio heartbeat: {"stazioneId":"PA","stato":"ONLINE","timestamp":"2026-08-17T12:29:44.075014669Z","tipoEvento":"HEARTBEAT","bufferSize":0}
2026-08-17 14:29:54,079 INFO  [it.uni.reti2.HeartbeatGenerator] (vert.x-eventloop-thread-0) 💓 [HEARTBEAT] Invio heartbeat: {"stazioneId":"PA","stato":"ONLINE","timestamp":"2026-08-17T12:29:54.079514620Z","tipoEvento":"HEARTBEAT","bufferSize":0}
2026-08-17 14:30:04,074 INFO  [it.uni.reti2.HeartbeatGenerator] (vert.x-eventloop-thread-0) 💓 [HEARTBEAT] Invio heartbeat: {"stazioneId":"PA","stato":"ONLINE","timestamp":"2026-08-17T12:30:04.074095542Z","tipoEvento":"HEARTBEAT","bufferSize":0}
2026-08-17 14:30:14,074 INFO  [it.uni.reti2.HeartbeatGenerator] (vert.x-eventloop-thread-0) 💓 [HEARTBEAT] Invio heartbeat: {"stazioneId":"PA","stato":"ONLINE","timestamp":"2026-08-17T12:30:14.074448749Z","tipoEvento":"HEARTBEAT","bufferSize":0}
2026-08-17 14:30:24,080 INFO  [it.uni.reti2.HeartbeatGenerator] (vert.x-eventloop-thread-0) 💓 [HEARTBEAT] Invio heartbeat: {"stazioneId":"PA","stato":"ONLINE","timestamp":"2026-08-17T12:30:24.080180574Z","tipoEvento":"HEARTBEAT","bufferSize":0}
2026-08-17 14:30:34,071 INFO  [it.uni.reti2.HeartbeatGenerator] (vert.x-eventloop-thread-0) 💓 [HEARTBEAT] Invio heartbeat: {"stazioneId":"PA","stato":"ONLINE","timestamp":"2026-08-17T12:30:34.071501022Z","tipoEvento":"HEARTBEAT","bufferSize":0}
2026-08-17 14:30:44,072 INFO  [it.uni.reti2.HeartbeatGenerator] (vert.x-eventloop-thread-0) 💓 [HEARTBEAT] Invio heartbeat: {"stazioneId":"PA","stato":"ONLINE","timestamp":"2026-08-17T12:30:44.071873141Z","tipoEvento":"HEARTBEAT","bufferSize":0}
2026-08-17 14:30:54,072 INFO  [it.uni.reti2.HeartbeatGenerator] (vert.x-eventloop-thread-0) 💓 [HEARTBEAT] Invio heartbeat: {"stazioneId":"PA","stato":"ONLINE","timestamp":"2026-08-17T12:30:54.072836419Z","tipoEvento":"HEARTBEAT","bufferSize":0}
2026-08-17 14:31:04,077 INFO  [it.uni.reti2.HeartbeatGenerator] (vert.x-eventloop-thread-0) 💓 [HEARTBEAT] Invio heartbeat: {"stazioneId":"PA","stato":"ONLINE","timestamp":"2026-08-17T12:31:04.077276967Z","tipoEvento":"HEARTBEAT","bufferSize":0}
2026-08-17 14:31:14,074 INFO  [it.uni.reti2.HeartbeatGenerator] (vert.x-eventloop-thread-0) 💓 [HEARTBEAT] Invio heartbeat: {"stazioneId":"PA","stato":"ONLINE","timestamp":"2026-08-17T12:31:14.074409946Z","tipoEvento":"HEARTBEAT","bufferSize":0}
2026-08-17 14:31:24,076 INFO  [it.uni.reti2.HeartbeatGenerator] (vert.x-eventloop-thread-0) 💓 [HEARTBEAT] Invio heartbeat: {"stazioneId":"PA","stato":"ONLINE","timestamp":"2026-08-17T12:31:24.076174594Z","tipoEvento":"HEARTBEAT","bufferSize":0}
2026-08-17 14:31:34,077 INFO  [it.uni.reti2.HeartbeatGenerator] (vert.x-eventloop-thread-0) 💓 [HEARTBEAT] Invio heartbeat: {"stazioneId":"PA","stato":"ONLINE","timestamp":"2026-08-17T12:31:34.077175781Z","tipoEvento":"HEARTBEAT","bufferSize":0}
2026-08-17 14:31:44,076 INFO  [it.uni.reti2.HeartbeatGenerator] (vert.x-eventloop-thread-0) 💓 [HEARTBEAT] Invio heartbeat: {"stazioneId":"PA","stato":"ONLINE","timestamp":"2026-08-17T12:31:44.076642653Z","tipoEvento":"HEARTBEAT","bufferSize":0}
2026-08-17 14:31:54,072 INFO  [it.uni.reti2.HeartbeatGenerator] (vert.x-eventloop-thread-0) 💓 [HEARTBEAT] Invio heartbeat: {"stazioneId":"PA","stato":"ONLINE","timestamp":"2026-08-17T12:31:54.072738513Z","tipoEvento":"HEARTBEAT","bufferSize":0}
2026-08-17 14:32:04,072 INFO  [it.uni.reti2.HeartbeatGenerator] (vert.x-eventloop-thread-0) 💓 [HEARTBEAT] Invio heartbeat: {"stazioneId":"PA","stato":"ONLINE","timestamp":"2026-08-17T12:32:04.072719348Z","tipoEvento":"HEARTBEAT","bufferSize":0}
2026-08-17 14:32:14,076 INFO  [it.uni.reti2.HeartbeatGenerator] (vert.x-eventloop-thread-0) 💓 [HEARTBEAT] Invio heartbeat: {"stazioneId":"PA","stato":"ONLINE","timestamp":"2026-08-17T12:32:14.076843874Z","tipoEvento":"HEARTBEAT","bufferSize":0}
2026-08-17 14:32:24,072 INFO  [it.uni.reti2.HeartbeatGenerator] (vert.x-eventloop-thread-0) 💓 [HEARTBEAT] Invio heartbeat: {"stazioneId":"PA","stato":"ONLINE","timestamp":"2026-08-17T12:32:24.072574747Z","tipoEvento":"HEARTBEAT","bufferSize":0}
2026-08-17 14:32:34,073 INFO  [it.uni.reti2.HeartbeatGenerator] (vert.x-eventloop-thread-0) 💓 [HEARTBEAT] Invio heartbeat: {"stazioneId":"PA","stato":"ONLINE","timestamp":"2026-08-17T12:32:34.072936848Z","tipoEvento":"HEARTBEAT","bufferSize":0}
2026-08-17 14:32:44,078 INFO  [it.uni.reti2.HeartbeatGenerator] (vert.x-eventloop-thread-0) 💓 [HEARTBEAT] Invio heartbeat: {"stazioneId":"PA","stato":"ONLINE","timestamp":"2026-08-17T12:32:44.078433922Z","tipoEvento":"HEARTBEAT","bufferSize":0}
2026-08-17 14:32:54,074 INFO  [it.uni.reti2.HeartbeatGenerator] (vert.x-eventloop-thread-0) 💓 [HEARTBEAT] Invio heartbeat: {"stazioneId":"PA","stato":"ONLINE","timestamp":"2026-08-17T12:32:54.074201006Z","tipoEvento":"HEARTBEAT","bufferSize":0}
2026-08-17 14:33:04,075 INFO  [it.uni.reti2.HeartbeatGenerator] (vert.x-eventloop-thread-0) 💓 [HEARTBEAT] Invio heartbeat: {"stazioneId":"PA","stato":"ONLINE","timestamp":"2026-08-17T12:33:04.075363615Z","tipoEvento":"HEARTBEAT","bufferSize":0}
2026-08-17 14:33:14,080 INFO  [it.uni.reti2.HeartbeatGenerator] (vert.x-eventloop-thread-0) 💓 [HEARTBEAT] Invio heartbeat: {"stazioneId":"PA","stato":"ONLINE","timestamp":"2026-08-17T12:33:14.080456472Z","tipoEvento":"HEARTBEAT","bufferSize":0}
2026-08-17 14:33:24,076 INFO  [it.uni.reti2.HeartbeatGenerator] (vert.x-eventloop-thread-0) 💓 [HEARTBEAT] Invio heartbeat: {"stazioneId":"PA","stato":"ONLINE","timestamp":"2026-08-17T12:33:24.076787763Z","tipoEvento":"HEARTBEAT","bufferSize":0}
2026-08-17 14:33:34,072 INFO  [it.uni.reti2.HeartbeatGenerator] (vert.x-eventloop-thread-0) 💓 [HEARTBEAT] Invio heartbeat: {"stazioneId":"PA","stato":"ONLINE","timestamp":"2026-08-17T12:33:34.072074417Z","tipoEvento":"HEARTBEAT","bufferSize":0}
2026-08-17 14:33:44,073 INFO  [it.uni.reti2.HeartbeatGenerator] (vert.x-eventloop-thread-0) 💓 [HEARTBEAT] Invio heartbeat: {"stazioneId":"PA","stato":"ONLINE","timestamp":"2026-08-17T12:33:44.073814075Z","tipoEvento":"HEARTBEAT","bufferSize":0}
2026-08-17 14:33:54,079 INFO  [it.uni.reti2.HeartbeatGenerator] (vert.x-eventloop-thread-0) 💓 [HEARTBEAT] Invio heartbeat: {"stazioneId":"PA","stato":"ONLINE","timestamp":"2026-08-17T12:33:54.079744858Z","tipoEvento":"HEARTBEAT","bufferSize":0}
2026-08-17 14:34:04,079 INFO  [it.uni.reti2.HeartbeatGenerator] (vert.x-eventloop-thread-0) 💓 [HEARTBEAT] Invio heartbeat: {"stazioneId":"PA","stato":"ONLINE","timestamp":"2026-08-17T12:34:04.074028496Z","tipoEvento":"HEARTBEAT","bufferSize":0}
2026-08-17 14:34:14,074 INFO  [it.uni.reti2.HeartbeatGenerator] (vert.x-eventloop-thread-0) 💓 [HEARTBEAT] Invio heartbeat: {"stazioneId":"PA","stato":"ONLINE","timestamp":"2026-08-17T12:34:14.074193829Z","tipoEvento":"HEARTBEAT","bufferSize":0}
2026-08-17 14:34:24,080 INFO  [it.uni.reti2.HeartbeatGenerator] (vert.x-eventloop-thread-0) 💓 [HEARTBEAT] Invio heartbeat: {"stazioneId":"PA","stato":"ONLINE","timestamp":"2026-08-17T12:34:24.080129124Z","tipoEvento":"HEARTBEAT","bufferSize":0}
2026-08-17 14:34:34,075 INFO  [it.uni.reti2.HeartbeatGenerator] (vert.x-eventloop-thread-0) 💓 [HEARTBEAT] Invio heartbeat: {"stazioneId":"PA","stato":"ONLINE","timestamp":"2026-08-17T12:34:34.075011002Z","tipoEvento":"HEARTBEAT","bufferSize":0}
2026-08-17 14:34:44,072 INFO  [it.uni.reti2.HeartbeatGenerator] (vert.x-eventloop-thread-0) 💓 [HEARTBEAT] Invio heartbeat: {"stazioneId":"PA","stato":"ONLINE","timestamp":"2026-08-17T12:34:44.072056152Z","tipoEvento":"HEARTBEAT","bufferSize":0}
2026-08-17 14:34:54,072 INFO  [it.uni.reti2.HeartbeatGenerator] (vert.x-eventloop-thread-0) 💓 [HEARTBEAT] Invio heartbeat: {"stazioneId":"PA","stato":"ONLINE","timestamp":"2026-08-17T12:34:54.072111160Z","tipoEvento":"HEARTBEAT","bufferSize":0}
2026-08-17 14:35:04,071 INFO  [it.uni.reti2.HeartbeatGenerator] (vert.x-eventloop-thread-0) 💓 [HEARTBEAT] Invio heartbeat: {"stazioneId":"PA","stato":"ONLINE","timestamp":"2026-08-17T12:35:04.071406104Z","tipoEvento":"HEARTBEAT","bufferSize":0}
2026-08-17 14:35:14,075 INFO  [it.uni.reti2.HeartbeatGenerator] (vert.x-eventloop-thread-0) 💓 [HEARTBEAT] Invio heartbeat: {"stazioneId":"PA","stato":"ONLINE","timestamp":"2026-08-17T12:35:14.075412792Z","tipoEvento":"HEARTBEAT","bufferSize":0}
2026-08-17 14:35:24,071 INFO  [it.uni.reti2.HeartbeatGenerator] (vert.x-eventloop-thread-0) 💓 [HEARTBEAT] Invio heartbeat: {"stazioneId":"PA","stato":"ONLINE","timestamp":"2026-08-17T12:35:24.071727622Z","tipoEvento":"HEARTBEAT","bufferSize":0}
2026-08-17 14:35:34,071 INFO  [it.uni.reti2.HeartbeatGenerator] (vert.x-eventloop-thread-0) 💓 [HEARTBEAT] Invio heartbeat: {"stazioneId":"PA","stato":"ONLINE","timestamp":"2026-08-17T12:35:34.071346407Z","tipoEvento":"HEARTBEAT","bufferSize":0}
2026-08-17 14:35:44,076 INFO  [it.uni.reti2.HeartbeatGenerator] (vert.x-eventloop-thread-0) 💓 [HEARTBEAT] Invio heartbeat: {"stazioneId":"PA","stato":"ONLINE","timestamp":"2026-08-17T12:35:44.076369989Z","tipoEvento":"HEARTBEAT","bufferSize":0}
2026-08-17 14:35:54,071 INFO  [it.uni.reti2.HeartbeatGenerator] (vert.x-eventloop-thread-0) 💓 [HEARTBEAT] Invio heartbeat: {"stazioneId":"PA","stato":"ONLINE","timestamp":"2026-08-17T12:35:54.071807125Z","tipoEvento":"HEARTBEAT","bufferSize":0}
2026-08-17 14:36:04,072 INFO  [it.uni.reti2.HeartbeatGenerator] (vert.x-eventloop-thread-0) 💓 [HEARTBEAT] Invio heartbeat: {"stazioneId":"PA","stato":"ONLINE","timestamp":"2026-08-17T12:36:04.072506026Z","tipoEvento":"HEARTBEAT","bufferSize":0}
2026-08-17 14:36:14,078 INFO  [it.uni.reti2.HeartbeatGenerator] (vert.x-eventloop-thread-0) 💓 [HEARTBEAT] Invio heartbeat: {"stazioneId":"PA","stato":"ONLINE","timestamp":"2026-08-17T12:36:14.078392246Z","tipoEvento":"HEARTBEAT","bufferSize":0}
2026-08-17 14:36:24,074 INFO  [it.uni.reti2.HeartbeatGenerator] (vert.x-eventloop-thread-0) 💓 [HEARTBEAT] Invio heartbeat: {"stazioneId":"PA","stato":"ONLINE","timestamp":"2026-08-17T12:36:24.074283446Z","tipoEvento":"HEARTBEAT","bufferSize":0}
2026-08-17 14:36:34,073 INFO  [it.uni.reti2.HeartbeatGenerator] (vert.x-eventloop-thread-0) 💓 [HEARTBEAT] Invio heartbeat: {"stazioneId":"PA","stato":"ONLINE","timestamp":"2026-08-17T12:36:34.073417849Z","tipoEvento":"HEARTBEAT","bufferSize":0}
2026-08-17 14:36:44,072 INFO  [it.uni.reti2.HeartbeatGenerator] (vert.x-eventloop-thread-0) 💓 [HEARTBEAT] Invio heartbeat: {"stazioneId":"PA","stato":"ONLINE","timestamp":"2026-08-17T12:36:44.072760281Z","tipoEvento":"HEARTBEAT","bufferSize":0}
2026-08-17 14:36:54,075 INFO  [it.uni.reti2.HeartbeatGenerator] (vert.x-eventloop-thread-0) 💓 [HEARTBEAT] Invio heartbeat: {"stazioneId":"PA","stato":"ONLINE","timestamp":"2026-08-17T12:36:54.075459386Z","tipoEvento":"HEARTBEAT","bufferSize":0}
2026-08-17 14:37:04,071 INFO  [it.uni.reti2.HeartbeatGenerator] (vert.x-eventloop-thread-0) 💓 [HEARTBEAT] Invio heartbeat: {"stazioneId":"PA","stato":"ONLINE","timestamp":"2026-08-17T12:37:04.071482555Z","tipoEvento":"HEARTBEAT","bufferSize":0}
2026-08-17 14:37:14,071 INFO  [it.uni.reti2.HeartbeatGenerator] (vert.x-eventloop-thread-0) 💓 [HEARTBEAT] Invio heartbeat: {"stazioneId":"PA","stato":"ONLINE","timestamp":"2026-08-17T12:37:14.071480220Z","tipoEvento":"HEARTBEAT","bufferSize":0}
2026-08-17 14:37:24,074 INFO  [it.uni.reti2.HeartbeatGenerator] (vert.x-eventloop-thread-0) 💓 [HEARTBEAT] Invio heartbeat: {"stazioneId":"PA","stato":"ONLINE","timestamp":"2026-08-17T12:37:24.074448401Z","tipoEvento":"HEARTBEAT","bufferSize":0}
2026-08-17 14:37:34,073 INFO  [it.uni.reti2.HeartbeatGenerator] (vert.x-eventloop-thread-0) 💓 [HEARTBEAT] Invio heartbeat: {"stazioneId":"PA","stato":"ONLINE","timestamp":"2026-08-17T12:37:34.073539524Z","tipoEvento":"HEARTBEAT","bufferSize":0}
2026-08-17 14:37:44,073 INFO  [it.uni.reti2.HeartbeatGenerator] (vert.x-eventloop-thread-0) 💓 [HEARTBEAT] Invio heartbeat: {"stazioneId":"PA","stato":"ONLINE","timestamp":"2026-08-17T12:37:44.073236033Z","tipoEvento":"HEARTBEAT","bufferSize":0}
2026-08-17 14:37:54,079 INFO  [it.uni.reti2.HeartbeatGenerator] (vert.x-eventloop-thread-0) 💓 [HEARTBEAT] Invio heartbeat: {"stazioneId":"PA","stato":"ONLINE","timestamp":"2026-08-17T12:37:54.079688986Z","tipoEvento":"HEARTBEAT","bufferSize":0}
2026-08-17 14:38:04,075 INFO  [it.uni.reti2.HeartbeatGenerator] (vert.x-eventloop-thread-0) 💓 [HEARTBEAT] Invio heartbeat: {"stazioneId":"PA","stato":"ONLINE","timestamp":"2026-08-17T12:38:04.075741373Z","tipoEvento":"HEARTBEAT","bufferSize":0}
2026-08-17 14:38:14,071 INFO  [it.uni.reti2.HeartbeatGenerator] (vert.x-eventloop-thread-0) 💓 [HEARTBEAT] Invio heartbeat: {"stazioneId":"PA","stato":"ONLINE","timestamp":"2026-08-17T12:38:14.071584520Z","tipoEvento":"HEARTBEAT","bufferSize":0}
2026-08-17 14:38:24,071 INFO  [it.uni.reti2.HeartbeatGenerator] (vert.x-eventloop-thread-0) 💓 [HEARTBEAT] Invio heartbeat: {"stazioneId":"PA","stato":"ONLINE","timestamp":"2026-08-17T12:38:24.071400049Z","tipoEvento":"HEARTBEAT","bufferSize":0}
2026-08-17 14:38:34,076 INFO  [it.uni.reti2.HeartbeatGenerator] (vert.x-eventloop-thread-0) 💓 [HEARTBEAT] Invio heartbeat: {"stazioneId":"PA","stato":"ONLINE","timestamp":"2026-08-17T12:38:34.076069917Z","tipoEvento":"HEARTBEAT","bufferSize":0}
2026-08-17 14:38:44,072 INFO  [it.uni.reti2.HeartbeatGenerator] (vert.x-eventloop-thread-0) 💓 [HEARTBEAT] Invio heartbeat: {"stazioneId":"PA","stato":"ONLINE","timestamp":"2026-08-17T12:38:44.072065094Z","tipoEvento":"HEARTBEAT","bufferSize":0}
2026-08-17 14:38:54,073 INFO  [it.uni.reti2.HeartbeatGenerator] (vert.x-eventloop-thread-0) 💓 [HEARTBEAT] Invio heartbeat: {"stazioneId":"PA","stato":"ONLINE","timestamp":"2026-08-17T12:38:54.073465240Z","tipoEvento":"HEARTBEAT","bufferSize":0}
2026-08-17 14:39:04,077 INFO  [it.uni.reti2.HeartbeatGenerator] (vert.x-eventloop-thread-0) 💓 [HEARTBEAT] Invio heartbeat: {"stazioneId":"PA","stato":"ONLINE","timestamp":"2026-08-17T12:39:04.077477438Z","tipoEvento":"HEARTBEAT","bufferSize":0}
2026-08-17 14:39:14,072 INFO  [it.uni.reti2.HeartbeatGenerator] (vert.x-eventloop-thread-0) 💓 [HEARTBEAT] Invio heartbeat: {"stazioneId":"PA","stato":"ONLINE","timestamp":"2026-08-17T12:39:14.072461987Z","tipoEvento":"HEARTBEAT","bufferSize":0}
2026-08-17 14:39:24,074 INFO  [it.uni.reti2.HeartbeatGenerator] (vert.x-eventloop-thread-0) 💓 [HEARTBEAT] Invio heartbeat: {"stazioneId":"PA","stato":"ONLINE","timestamp":"2026-08-17T12:39:24.074500785Z","tipoEvento":"HEARTBEAT","bufferSize":0}
2026-08-17 14:39:34,076 INFO  [it.uni.reti2.HeartbeatGenerator] (vert.x-eventloop-thread-0) 💓 [HEARTBEAT] Invio heartbeat: {"stazioneId":"PA","stato":"ONLINE","timestamp":"2026-08-17T12:39:34.076699714Z","tipoEvento":"HEARTBEAT","bufferSize":0}
2026-08-17 14:39:44,076 INFO  [it.uni.reti2.HeartbeatGenerator] (vert.x-eventloop-thread-0) 💓 [HEARTBEAT] Invio heartbeat: {"stazioneId":"PA","stato":"ONLINE","timestamp":"2026-08-17T12:39:44.076020603Z","tipoEvento":"HEARTBEAT","bufferSize":0}
2026-08-17 14:39:54,072 INFO  [it.uni.reti2.HeartbeatGenerator] (vert.x-eventloop-thread-0) 💓 [HEARTBEAT] Invio heartbeat: {"stazioneId":"PA","stato":"ONLINE","timestamp":"2026-08-17T12:39:54.071682900Z","tipoEvento":"HEARTBEAT","bufferSize":0}
2026-08-17 14:40:04,070 INFO  [it.uni.reti2.HeartbeatGenerator] (vert.x-eventloop-thread-0) 💓 [HEARTBEAT] Invio heartbeat: {"stazioneId":"PA","stato":"ONLINE","timestamp":"2026-08-17T12:40:04.070108962Z","tipoEvento":"HEARTBEAT","bufferSize":0}
2026-08-17 14:40:14,078 INFO  [it.uni.reti2.HeartbeatGenerator] (vert.x-eventloop-thread-0) 💓 [HEARTBEAT] Invio heartbeat: {"stazioneId":"PA","stato":"ONLINE","timestamp":"2026-08-17T12:40:14.078020876Z","tipoEvento":"HEARTBEAT","bufferSize":0}
2026-08-17 14:40:24,071 INFO  [it.uni.reti2.HeartbeatGenerator] (vert.x-eventloop-thread-0) 💓 [HEARTBEAT] Invio heartbeat: {"stazioneId":"PA","stato":"ONLINE","timestamp":"2026-08-17T12:40:24.071075108Z","tipoEvento":"HEARTBEAT","bufferSize":0}
2026-08-17 14:40:34,072 INFO  [it.uni.reti2.HeartbeatGenerator] (vert.x-eventloop-thread-0) 💓 [HEARTBEAT] Invio heartbeat: {"stazioneId":"PA","stato":"ONLINE","timestamp":"2026-08-17T12:40:34.072008436Z","tipoEvento":"HEARTBEAT","bufferSize":0}
2026-08-17 14:40:44,078 INFO  [it.uni.reti2.HeartbeatGenerator] (vert.x-eventloop-thread-0) 💓 [HEARTBEAT] Invio heartbeat: {"stazioneId":"PA","stato":"ONLINE","timestamp":"2026-08-17T12:40:44.078064488Z","tipoEvento":"HEARTBEAT","bufferSize":0}
2026-08-17 14:40:54,074 INFO  [it.uni.reti2.HeartbeatGenerator] (vert.x-eventloop-thread-0) 💓 [HEARTBEAT] Invio heartbeat: {"stazioneId":"PA","stato":"ONLINE","timestamp":"2026-08-17T12:40:54.073996160Z","tipoEvento":"HEARTBEAT","bufferSize":0}
2026-08-17 14:41:04,073 INFO  [it.uni.reti2.HeartbeatGenerator] (vert.x-eventloop-thread-0) 💓 [HEARTBEAT] Invio heartbeat: {"stazioneId":"PA","stato":"ONLINE","timestamp":"2026-08-17T12:41:04.073255882Z","tipoEvento":"HEARTBEAT","bufferSize":0}
2026-08-17 14:41:14,078 INFO  [it.uni.reti2.HeartbeatGenerator] (vert.x-eventloop-thread-0) 💓 [HEARTBEAT] Invio heartbeat: {"stazioneId":"PA","stato":"ONLINE","timestamp":"2026-08-17T12:41:14.078465498Z","tipoEvento":"HEARTBEAT","bufferSize":0}
2026-08-17 14:41:24,074 INFO  [it.uni.reti2.HeartbeatGenerator] (vert.x-eventloop-thread-0) 💓 [HEARTBEAT] Invio heartbeat: {"stazioneId":"PA","stato":"ONLINE","timestamp":"2026-08-17T12:41:24.074668911Z","tipoEvento":"HEARTBEAT","bufferSize":0}
2026-08-17 14:41:34,073 INFO  [it.uni.reti2.HeartbeatGenerator] (vert.x-eventloop-thread-0) 💓 [HEARTBEAT] Invio heartbeat: {"stazioneId":"PA","stato":"ONLINE","timestamp":"2026-08-17T12:41:34.073871419Z","tipoEvento":"HEARTBEAT","bufferSize":0}
2026-08-17 14:41:44,079 INFO  [it.uni.reti2.HeartbeatGenerator] (vert.x-eventloop-thread-0) 💓 [HEARTBEAT] Invio heartbeat: {"stazioneId":"PA","stato":"ONLINE","timestamp":"2026-08-17T12:41:44.079591605Z","tipoEvento":"HEARTBEAT","bufferSize":0}
2026-08-17 14:41:54,081 INFO  [it.uni.reti2.HeartbeatGenerator] (vert.x-eventloop-thread-0) 💓 [HEARTBEAT] Invio heartbeat: {"stazioneId":"PA","stato":"ONLINE","timestamp":"2026-08-17T12:41:54.074412961Z","tipoEvento":"HEARTBEAT","bufferSize":0}
2026-08-17 14:42:04,071 INFO  [it.uni.reti2.HeartbeatGenerator] (vert.x-eventloop-thread-0) 💓 [HEARTBEAT] Invio heartbeat: {"stazioneId":"PA","stato":"ONLINE","timestamp":"2026-08-17T12:42:04.071544775Z","tipoEvento":"HEARTBEAT","bufferSize":0}
2026-08-17 14:42:14,070 INFO  [it.uni.reti2.HeartbeatGenerator] (vert.x-eventloop-thread-0) 💓 [HEARTBEAT] Invio heartbeat: {"stazioneId":"PA","stato":"ONLINE","timestamp":"2026-08-17T12:42:14.070067553Z","tipoEvento":"HEARTBEAT","bufferSize":0}
2026-08-17 14:42:24,078 INFO  [it.uni.reti2.HeartbeatGenerator] (vert.x-eventloop-thread-0) 💓 [HEARTBEAT] Invio heartbeat: {"stazioneId":"PA","stato":"ONLINE","timestamp":"2026-08-17T12:42:24.078140230Z","tipoEvento":"HEARTBEAT","bufferSize":0}
2026-08-17 14:42:34,071 INFO  [it.uni.reti2.HeartbeatGenerator] (vert.x-eventloop-thread-0) 💓 [HEARTBEAT] Invio heartbeat: {"stazioneId":"PA","stato":"ONLINE","timestamp":"2026-08-17T12:42:34.071083257Z","tipoEvento":"HEARTBEAT","bufferSize":0}
2026-08-17 14:42:44,072 INFO  [it.uni.reti2.HeartbeatGenerator] (vert.x-eventloop-thread-0) 💓 [HEARTBEAT] Invio heartbeat: {"stazioneId":"PA","stato":"ONLINE","timestamp":"2026-08-17T12:42:44.072524811Z","tipoEvento":"HEARTBEAT","bufferSize":0}
2026-08-17 14:42:54,077 INFO  [it.uni.reti2.HeartbeatGenerator] (vert.x-eventloop-thread-0) 💓 [HEARTBEAT] Invio heartbeat: {"stazioneId":"PA","stato":"ONLINE","timestamp":"2026-08-17T12:42:54.077337722Z","tipoEvento":"HEARTBEAT","bufferSize":0}
2026-08-17 14:43:04,073 INFO  [it.uni.reti2.HeartbeatGenerator] (vert.x-eventloop-thread-0) 💓 [HEARTBEAT] Invio heartbeat: {"stazioneId":"PA","stato":"ONLINE","timestamp":"2026-08-17T12:43:04.073216511Z","tipoEvento":"HEARTBEAT","bufferSize":0}
2026-08-17 14:43:14,079 INFO  [it.uni.reti2.HeartbeatGenerator] (vert.x-eventloop-thread-0) 💓 [HEARTBEAT] Invio heartbeat: {"stazioneId":"PA","stato":"ONLINE","timestamp":"2026-08-17T12:43:14.079262525Z","tipoEvento":"HEARTBEAT","bufferSize":0}
2026-08-17 14:43:24,079 INFO  [it.uni.reti2.HeartbeatGenerator] (vert.x-eventloop-thread-0) 💓 [HEARTBEAT] Invio heartbeat: {"stazioneId":"PA","stato":"ONLINE","timestamp":"2026-08-17T12:43:24.079229593Z","tipoEvento":"HEARTBEAT","bufferSize":0}
2026-08-17 14:43:34,076 INFO  [it.uni.reti2.HeartbeatGenerator] (vert.x-eventloop-thread-0) 💓 [HEARTBEAT] Invio heartbeat: {"stazioneId":"PA","stato":"ONLINE","timestamp":"2026-08-17T12:43:34.076460846Z","tipoEvento":"HEARTBEAT","bufferSize":0}
2026-08-17 14:43:44,071 INFO  [it.uni.reti2.HeartbeatGenerator] (vert.x-eventloop-thread-0) 💓 [HEARTBEAT] Invio heartbeat: {"stazioneId":"PA","stato":"ONLINE","timestamp":"2026-08-17T12:43:44.071469389Z","tipoEvento":"HEARTBEAT","bufferSize":0}
2026-08-17 14:43:54,072 INFO  [it.uni.reti2.HeartbeatGenerator] (vert.x-eventloop-thread-0) 💓 [HEARTBEAT] Invio heartbeat: {"stazioneId":"PA","stato":"ONLINE","timestamp":"2026-08-17T12:43:54.072742818Z","tipoEvento":"HEARTBEAT","bufferSize":0}
2026-08-17 14:44:04,076 INFO  [it.uni.reti2.HeartbeatGenerator] (vert.x-eventloop-thread-0) 💓 [HEARTBEAT] Invio heartbeat: {"stazioneId":"PA","stato":"ONLINE","timestamp":"2026-08-17T12:44:04.076608781Z","tipoEvento":"HEARTBEAT","bufferSize":0}
2026-08-17 14:44:14,077 INFO  [it.uni.reti2.HeartbeatGenerator] (vert.x-eventloop-thread-0) 💓 [HEARTBEAT] Invio heartbeat: {"stazioneId":"PA","stato":"ONLINE","timestamp":"2026-08-17T12:44:14.073279275Z","tipoEvento":"HEARTBEAT","bufferSize":0}
2026-08-17 14:44:24,073 INFO  [it.uni.reti2.HeartbeatGenerator] (vert.x-eventloop-thread-0) 💓 [HEARTBEAT] Invio heartbeat: {"stazioneId":"PA","stato":"ONLINE","timestamp":"2026-08-17T12:44:24.073846906Z","tipoEvento":"HEARTBEAT","bufferSize":0}
2026-08-17 14:44:34,077 INFO  [it.uni.reti2.HeartbeatGenerator] (vert.x-eventloop-thread-0) 💓 [HEARTBEAT] Invio heartbeat: {"stazioneId":"PA","stato":"ONLINE","timestamp":"2026-08-17T12:44:34.077577598Z","tipoEvento":"HEARTBEAT","bufferSize":0}
2026-08-17 14:44:44,079 INFO  [it.uni.reti2.HeartbeatGenerator] (vert.x-eventloop-thread-0) 💓 [HEARTBEAT] Invio heartbeat: {"stazioneId":"PA","stato":"ONLINE","timestamp":"2026-08-17T12:44:44.075323842Z","tipoEvento":"HEARTBEAT","bufferSize":0}
2026-08-17 14:44:54,071 INFO  [it.uni.reti2.HeartbeatGenerator] (vert.x-eventloop-thread-0) 💓 [HEARTBEAT] Invio heartbeat: {"stazioneId":"PA","stato":"ONLINE","timestamp":"2026-08-17T12:44:54.071008709Z","tipoEvento":"HEARTBEAT","bufferSize":0}
2026-08-17 14:45:04,075 INFO  [it.uni.reti2.HeartbeatGenerator] (vert.x-eventloop-thread-0) 💓 [HEARTBEAT] Invio heartbeat: {"stazioneId":"PA","stato":"ONLINE","timestamp":"2026-08-17T12:45:04.071366164Z","tipoEvento":"HEARTBEAT","bufferSize":0}
2026-08-17 14:45:14,074 INFO  [it.uni.reti2.HeartbeatGenerator] (vert.x-eventloop-thread-0) 💓 [HEARTBEAT] Invio heartbeat: {"stazioneId":"PA","stato":"ONLINE","timestamp":"2026-08-17T12:45:14.074321955Z","tipoEvento":"HEARTBEAT","bufferSize":0}
2026-08-17 14:45:24,073 INFO  [it.uni.reti2.HeartbeatGenerator] (vert.x-eventloop-thread-0) 💓 [HEARTBEAT] Invio heartbeat: {"stazioneId":"PA","stato":"ONLINE","timestamp":"2026-08-17T12:45:24.073627131Z","tipoEvento":"HEARTBEAT","bufferSize":0}
2026-08-17 14:45:34,073 INFO  [it.uni.reti2.HeartbeatGenerator] (vert.x-eventloop-thread-0) 💓 [HEARTBEAT] Invio heartbeat: {"stazioneId":"PA","stato":"ONLINE","timestamp":"2026-08-17T12:45:34.073527734Z","tipoEvento":"HEARTBEAT","bufferSize":0}
2026-08-17 14:45:44,079 INFO  [it.uni.reti2.HeartbeatGenerator] (vert.x-eventloop-thread-0) 💓 [HEARTBEAT] Invio heartbeat: {"stazioneId":"PA","stato":"ONLINE","timestamp":"2026-08-17T12:45:44.079533114Z","tipoEvento":"HEARTBEAT","bufferSize":0}
2026-08-17 14:45:54,070 INFO  [it.uni.reti2.HeartbeatGenerator] (vert.x-eventloop-thread-0) 💓 [HEARTBEAT] Invio heartbeat: {"stazioneId":"PA","stato":"ONLINE","timestamp":"2026-08-17T12:45:54.070411856Z","tipoEvento":"HEARTBEAT","bufferSize":0}
2026-08-17 14:46:04,075 INFO  [it.uni.reti2.HeartbeatGenerator] (vert.x-eventloop-thread-0) 💓 [HEARTBEAT] Invio heartbeat: {"stazioneId":"PA","stato":"ONLINE","timestamp":"2026-08-17T12:46:04.075473934Z","tipoEvento":"HEARTBEAT","bufferSize":0}
2026-08-17 14:46:14,077 INFO  [it.uni.reti2.HeartbeatGenerator] (vert.x-eventloop-thread-0) 💓 [HEARTBEAT] Invio heartbeat: {"stazioneId":"PA","stato":"ONLINE","timestamp":"2026-08-17T12:46:14.077405510Z","tipoEvento":"HEARTBEAT","bufferSize":0}
2026-08-17 14:46:24,075 INFO  [it.uni.reti2.HeartbeatGenerator] (vert.x-eventloop-thread-0) 💓 [HEARTBEAT] Invio heartbeat: {"stazioneId":"PA","stato":"ONLINE","timestamp":"2026-08-17T12:46:24.075443496Z","tipoEvento":"HEARTBEAT","bufferSize":0}
2026-08-17 14:46:34,072 INFO  [it.uni.reti2.HeartbeatGenerator] (vert.x-eventloop-thread-0) 💓 [HEARTBEAT] Invio heartbeat: {"stazioneId":"PA","stato":"ONLINE","timestamp":"2026-08-17T12:46:34.072026633Z","tipoEvento":"HEARTBEAT","bufferSize":0}
2026-08-17 14:46:44,071 INFO  [it.uni.reti2.HeartbeatGenerator] (vert.x-eventloop-thread-0) 💓 [HEARTBEAT] Invio heartbeat: {"stazioneId":"PA","stato":"ONLINE","timestamp":"2026-08-17T12:46:44.071559436Z","tipoEvento":"HEARTBEAT","bufferSize":0}
2026-08-17 14:46:54,077 INFO  [it.uni.reti2.HeartbeatGenerator] (vert.x-eventloop-thread-0) 💓 [HEARTBEAT] Invio heartbeat: {"stazioneId":"PA","stato":"ONLINE","timestamp":"2026-08-17T12:46:54.077632056Z","tipoEvento":"HEARTBEAT","bufferSize":0}
2026-08-17 14:47:04,073 INFO  [it.uni.reti2.HeartbeatGenerator] (vert.x-eventloop-thread-0) 💓 [HEARTBEAT] Invio heartbeat: {"stazioneId":"PA","stato":"ONLINE","timestamp":"2026-08-17T12:47:04.073541144Z","tipoEvento":"HEARTBEAT","bufferSize":0}
2026-08-17 14:47:14,073 INFO  [it.uni.reti2.HeartbeatGenerator] (vert.x-eventloop-thread-0) 💓 [HEARTBEAT] Invio heartbeat: {"stazioneId":"PA","stato":"ONLINE","timestamp":"2026-08-17T12:47:14.073417273Z","tipoEvento":"HEARTBEAT","bufferSize":0}
2026-08-17 14:47:24,076 INFO  [it.uni.reti2.HeartbeatGenerator] (vert.x-eventloop-thread-0) 💓 [HEARTBEAT] Invio heartbeat: {"stazioneId":"PA","stato":"ONLINE","timestamp":"2026-08-17T12:47:24.076513034Z","tipoEvento":"HEARTBEAT","bufferSize":0}
2026-08-17 14:47:34,072 INFO  [it.uni.reti2.HeartbeatGenerator] (vert.x-eventloop-thread-0) 💓 [HEARTBEAT] Invio heartbeat: {"stazioneId":"PA","stato":"ONLINE","timestamp":"2026-08-17T12:47:34.071997028Z","tipoEvento":"HEARTBEAT","bufferSize":0}
2026-08-17 14:47:44,073 INFO  [it.uni.reti2.HeartbeatGenerator] (vert.x-eventloop-thread-0) 💓 [HEARTBEAT] Invio heartbeat: {"stazioneId":"PA","stato":"ONLINE","timestamp":"2026-08-17T12:47:44.073050833Z","tipoEvento":"HEARTBEAT","bufferSize":0}
2026-08-17 14:47:54,083 INFO  [it.uni.reti2.HeartbeatGenerator] (vert.x-eventloop-thread-0) 💓 [HEARTBEAT] Invio heartbeat: {"stazioneId":"PA","stato":"ONLINE","timestamp":"2026-08-17T12:47:54.079445619Z","tipoEvento":"HEARTBEAT","bufferSize":0}
2026-08-17 14:48:04,071 INFO  [it.uni.reti2.HeartbeatGenerator] (vert.x-eventloop-thread-0) 💓 [HEARTBEAT] Invio heartbeat: {"stazioneId":"PA","stato":"ONLINE","timestamp":"2026-08-17T12:48:04.071118256Z","tipoEvento":"HEARTBEAT","bufferSize":0}
2026-08-17 14:48:14,075 INFO  [it.uni.reti2.HeartbeatGenerator] (vert.x-eventloop-thread-0) 💓 [HEARTBEAT] Invio heartbeat: {"stazioneId":"PA","stato":"ONLINE","timestamp":"2026-08-17T12:48:14.075335038Z","tipoEvento":"HEARTBEAT","bufferSize":0}
2026-08-17 14:48:24,080 INFO  [it.uni.reti2.HeartbeatGenerator] (vert.x-eventloop-thread-0) 💓 [HEARTBEAT] Invio heartbeat: {"stazioneId":"PA","stato":"ONLINE","timestamp":"2026-08-17T12:48:24.080162803Z","tipoEvento":"HEARTBEAT","bufferSize":0}
2026-08-17 14:48:34,074 INFO  [it.uni.reti2.HeartbeatGenerator] (vert.x-eventloop-thread-0) 💓 [HEARTBEAT] Invio heartbeat: {"stazioneId":"PA","stato":"ONLINE","timestamp":"2026-08-17T12:48:34.074863678Z","tipoEvento":"HEARTBEAT","bufferSize":0}
2026-08-17 14:48:44,071 INFO  [it.uni.reti2.HeartbeatGenerator] (vert.x-eventloop-thread-0) 💓 [HEARTBEAT] Invio heartbeat: {"stazioneId":"PA","stato":"ONLINE","timestamp":"2026-08-17T12:48:44.071276291Z","tipoEvento":"HEARTBEAT","bufferSize":0}
2026-08-17 14:48:54,071 INFO  [it.uni.reti2.HeartbeatGenerator] (vert.x-eventloop-thread-0) 💓 [HEARTBEAT] Invio heartbeat: {"stazioneId":"PA","stato":"ONLINE","timestamp":"2026-08-17T12:48:54.071459420Z","tipoEvento":"HEARTBEAT","bufferSize":0}
2026-08-17 14:49:04,077 INFO  [it.uni.reti2.HeartbeatGenerator] (vert.x-eventloop-thread-0) 💓 [HEARTBEAT] Invio heartbeat: {"stazioneId":"PA","stato":"ONLINE","timestamp":"2026-08-17T12:49:04.077160969Z","tipoEvento":"HEARTBEAT","bufferSize":0}
2026-08-17 14:49:14,073 INFO  [it.uni.reti2.HeartbeatGenerator] (vert.x-eventloop-thread-0) 💓 [HEARTBEAT] Invio heartbeat: {"stazioneId":"PA","stato":"ONLINE","timestamp":"2026-08-17T12:49:14.073280666Z","tipoEvento":"HEARTBEAT","bufferSize":0}
2026-08-17 14:49:24,072 INFO  [it.uni.reti2.HeartbeatGenerator] (vert.x-eventloop-thread-0) 💓 [HEARTBEAT] Invio heartbeat: {"stazioneId":"PA","stato":"ONLINE","timestamp":"2026-08-17T12:49:24.072059456Z","tipoEvento":"HEARTBEAT","bufferSize":0}
2026-08-17 14:49:34,077 INFO  [it.uni.reti2.HeartbeatGenerator] (vert.x-eventloop-thread-0) 💓 [HEARTBEAT] Invio heartbeat: {"stazioneId":"PA","stato":"ONLINE","timestamp":"2026-08-17T12:49:34.077029257Z","tipoEvento":"HEARTBEAT","bufferSize":0}
2026-08-17 14:49:44,074 INFO  [it.uni.reti2.HeartbeatGenerator] (vert.x-eventloop-thread-0) 💓 [HEARTBEAT] Invio heartbeat: {"stazioneId":"PA","stato":"ONLINE","timestamp":"2026-08-17T12:49:44.074098256Z","tipoEvento":"HEARTBEAT","bufferSize":0}
2026-08-17 14:49:54,074 INFO  [it.uni.reti2.HeartbeatGenerator] (vert.x-eventloop-thread-0) 💓 [HEARTBEAT] Invio heartbeat: {"stazioneId":"PA","stato":"ONLINE","timestamp":"2026-08-17T12:49:54.074900893Z","tipoEvento":"HEARTBEAT","bufferSize":0}
2026-08-17 14:50:04,076 INFO  [it.uni.reti2.HeartbeatGenerator] (vert.x-eventloop-thread-0) 💓 [HEARTBEAT] Invio heartbeat: {"stazioneId":"PA","stato":"ONLINE","timestamp":"2026-08-17T12:50:04.076817865Z","tipoEvento":"HEARTBEAT","bufferSize":0}
2026-08-17 14:50:14,078 INFO  [it.uni.reti2.HeartbeatGenerator] (vert.x-eventloop-thread-0) 💓 [HEARTBEAT] Invio heartbeat: {"stazioneId":"PA","stato":"ONLINE","timestamp":"2026-08-17T12:50:14.074369984Z","tipoEvento":"HEARTBEAT","bufferSize":0}
2026-08-17 14:50:24,073 INFO  [it.uni.reti2.HeartbeatGenerator] (vert.x-eventloop-thread-0) 💓 [HEARTBEAT] Invio heartbeat: {"stazioneId":"PA","stato":"ONLINE","timestamp":"2026-08-17T12:50:24.071671752Z","tipoEvento":"HEARTBEAT","bufferSize":0}
2026-08-17 14:50:34,071 INFO  [it.uni.reti2.HeartbeatGenerator] (vert.x-eventloop-thread-0) 💓 [HEARTBEAT] Invio heartbeat: {"stazioneId":"PA","stato":"ONLINE","timestamp":"2026-08-17T12:50:34.071436838Z","tipoEvento":"HEARTBEAT","bufferSize":0}
2026-08-17 14:50:44,076 INFO  [it.uni.reti2.HeartbeatGenerator] (vert.x-eventloop-thread-0) 💓 [HEARTBEAT] Invio heartbeat: {"stazioneId":"PA","stato":"ONLINE","timestamp":"2026-08-17T12:50:44.072191350Z","tipoEvento":"HEARTBEAT","bufferSize":0}
2026-08-17 14:50:54,077 INFO  [it.uni.reti2.HeartbeatGenerator] (vert.x-eventloop-thread-0) 💓 [HEARTBEAT] Invio heartbeat: {"stazioneId":"PA","stato":"ONLINE","timestamp":"2026-08-17T12:50:54.073264183Z","tipoEvento":"HEARTBEAT","bufferSize":0}
2026-08-17 14:51:04,074 INFO  [it.uni.reti2.HeartbeatGenerator] (vert.x-eventloop-thread-0) 💓 [HEARTBEAT] Invio heartbeat: {"stazioneId":"PA","stato":"ONLINE","timestamp":"2026-08-17T12:51:04.074411470Z","tipoEvento":"HEARTBEAT","bufferSize":0}
2026-08-17 14:51:14,083 INFO  [it.uni.reti2.HeartbeatGenerator] (vert.x-eventloop-thread-0) 💓 [HEARTBEAT] Invio heartbeat: {"stazioneId":"PA","stato":"ONLINE","timestamp":"2026-08-17T12:51:14.083445671Z","tipoEvento":"HEARTBEAT","bufferSize":0}
2026-08-17 14:51:24,189 INFO  [it.uni.reti2.HeartbeatGenerator] (vert.x-eventloop-thread-0) 💓 [HEARTBEAT] Invio heartbeat: {"stazioneId":"PA","stato":"ONLINE","timestamp":"2026-08-17T12:51:24.189043519Z","tipoEvento":"HEARTBEAT","bufferSize":0}
2026-08-17 14:51:34,074 INFO  [it.uni.reti2.HeartbeatGenerator] (vert.x-eventloop-thread-0) 💓 [HEARTBEAT] Invio heartbeat: {"stazioneId":"PA","stato":"ONLINE","timestamp":"2026-08-17T12:51:34.074013604Z","tipoEvento":"HEARTBEAT","bufferSize":0}
2026-08-17 14:51:44,080 INFO  [it.uni.reti2.HeartbeatGenerator] (vert.x-eventloop-thread-0) 💓 [HEARTBEAT] Invio heartbeat: {"stazioneId":"PA","stato":"ONLINE","timestamp":"2026-08-17T12:51:44.080349626Z","tipoEvento":"HEARTBEAT","bufferSize":0}
2026-08-17 14:51:54,075 INFO  [it.uni.reti2.HeartbeatGenerator] (vert.x-eventloop-thread-0) 💓 [HEARTBEAT] Invio heartbeat: {"stazioneId":"PA","stato":"ONLINE","timestamp":"2026-08-17T12:51:54.075452056Z","tipoEvento":"HEARTBEAT","bufferSize":0}
2026-08-17 14:52:04,075 INFO  [it.uni.reti2.HeartbeatGenerator] (vert.x-eventloop-thread-0) 💓 [HEARTBEAT] Invio heartbeat: {"stazioneId":"PA","stato":"ONLINE","timestamp":"2026-08-17T12:52:04.075402811Z","tipoEvento":"HEARTBEAT","bufferSize":0}
2026-08-17 14:52:14,077 INFO  [it.uni.reti2.HeartbeatGenerator] (vert.x-eventloop-thread-0) 💓 [HEARTBEAT] Invio heartbeat: {"stazioneId":"PA","stato":"ONLINE","timestamp":"2026-08-17T12:52:14.077747979Z","tipoEvento":"HEARTBEAT","bufferSize":0}
2026-08-17 14:52:24,071 INFO  [it.uni.reti2.HeartbeatGenerator] (vert.x-eventloop-thread-0) 💓 [HEARTBEAT] Invio heartbeat: {"stazioneId":"PA","stato":"ONLINE","timestamp":"2026-08-17T12:52:24.071032500Z","tipoEvento":"HEARTBEAT","bufferSize":0}
2026-08-17 14:52:34,070 INFO  [it.uni.reti2.HeartbeatGenerator] (vert.x-eventloop-thread-0) 💓 [HEARTBEAT] Invio heartbeat: {"stazioneId":"PA","stato":"ONLINE","timestamp":"2026-08-17T12:52:34.070226456Z","tipoEvento":"HEARTBEAT","bufferSize":0}
2026-08-17 14:52:44,071 INFO  [it.uni.reti2.HeartbeatGenerator] (vert.x-eventloop-thread-0) 💓 [HEARTBEAT] Invio heartbeat: {"stazioneId":"PA","stato":"ONLINE","timestamp":"2026-08-17T12:52:44.071764857Z","tipoEvento":"HEARTBEAT","bufferSize":0}
2026-08-17 14:52:54,077 INFO  [it.uni.reti2.HeartbeatGenerator] (vert.x-eventloop-thread-0) 💓 [HEARTBEAT] Invio heartbeat: {"stazioneId":"PA","stato":"ONLINE","timestamp":"2026-08-17T12:52:54.077390533Z","tipoEvento":"HEARTBEAT","bufferSize":0}
2026-08-17 14:53:04,073 INFO  [it.uni.reti2.HeartbeatGenerator] (vert.x-eventloop-thread-0) 💓 [HEARTBEAT] Invio heartbeat: {"stazioneId":"PA","stato":"ONLINE","timestamp":"2026-08-17T12:53:04.073460359Z","tipoEvento":"HEARTBEAT","bufferSize":0}
2026-08-17 14:53:14,073 INFO  [it.uni.reti2.HeartbeatGenerator] (vert.x-eventloop-thread-0) 💓 [HEARTBEAT] Invio heartbeat: {"stazioneId":"PA","stato":"ONLINE","timestamp":"2026-08-17T12:53:14.073379406Z","tipoEvento":"HEARTBEAT","bufferSize":0}
2026-08-17 14:53:24,079 INFO  [it.uni.reti2.HeartbeatGenerator] (vert.x-eventloop-thread-0) 💓 [HEARTBEAT] Invio heartbeat: {"stazioneId":"PA","stato":"ONLINE","timestamp":"2026-08-17T12:53:24.079693266Z","tipoEvento":"HEARTBEAT","bufferSize":0}
2026-08-17 14:53:34,075 INFO  [it.uni.reti2.HeartbeatGenerator] (vert.x-eventloop-thread-0) 💓 [HEARTBEAT] Invio heartbeat: {"stazioneId":"PA","stato":"ONLINE","timestamp":"2026-08-17T12:53:34.075449633Z","tipoEvento":"HEARTBEAT","bufferSize":0}
2026-08-17 14:53:44,071 INFO  [it.uni.reti2.HeartbeatGenerator] (vert.x-eventloop-thread-0) 💓 [HEARTBEAT] Invio heartbeat: {"stazioneId":"PA","stato":"ONLINE","timestamp":"2026-08-17T12:53:44.071157121Z","tipoEvento":"HEARTBEAT","bufferSize":0}
2026-08-17 14:53:54,071 INFO  [it.uni.reti2.HeartbeatGenerator] (vert.x-eventloop-thread-0) 💓 [HEARTBEAT] Invio heartbeat: {"stazioneId":"PA","stato":"ONLINE","timestamp":"2026-08-17T12:53:54.071106650Z","tipoEvento":"HEARTBEAT","bufferSize":0}
2026-08-17 14:54:04,077 INFO  [it.uni.reti2.HeartbeatGenerator] (vert.x-eventloop-thread-0) 💓 [HEARTBEAT] Invio heartbeat: {"stazioneId":"PA","stato":"ONLINE","timestamp":"2026-08-17T12:54:04.077686791Z","tipoEvento":"HEARTBEAT","bufferSize":0}
2026-08-17 14:54:14,072 INFO  [it.uni.reti2.HeartbeatGenerator] (vert.x-eventloop-thread-0) 💓 [HEARTBEAT] Invio heartbeat: {"stazioneId":"PA","stato":"ONLINE","timestamp":"2026-08-17T12:54:14.072194119Z","tipoEvento":"HEARTBEAT","bufferSize":0}
2026-08-17 14:54:24,072 INFO  [it.uni.reti2.HeartbeatGenerator] (vert.x-eventloop-thread-0) 💓 [HEARTBEAT] Invio heartbeat: {"stazioneId":"PA","stato":"ONLINE","timestamp":"2026-08-17T12:54:24.072468754Z","tipoEvento":"HEARTBEAT","bufferSize":0}
2026-08-17 14:54:34,077 INFO  [it.uni.reti2.HeartbeatGenerator] (vert.x-eventloop-thread-0) 💓 [HEARTBEAT] Invio heartbeat: {"stazioneId":"PA","stato":"ONLINE","timestamp":"2026-08-17T12:54:34.077432895Z","tipoEvento":"HEARTBEAT","bufferSize":0}
2026-08-17 14:54:44,074 INFO  [it.uni.reti2.HeartbeatGenerator] (vert.x-eventloop-thread-0) 💓 [HEARTBEAT] Invio heartbeat: {"stazioneId":"PA","stato":"ONLINE","timestamp":"2026-08-17T12:54:44.074431482Z","tipoEvento":"HEARTBEAT","bufferSize":0}
2026-08-17 14:54:54,073 INFO  [it.uni.reti2.HeartbeatGenerator] (vert.x-eventloop-thread-0) 💓 [HEARTBEAT] Invio heartbeat: {"stazioneId":"PA","stato":"ONLINE","timestamp":"2026-08-17T12:54:54.073480246Z","tipoEvento":"HEARTBEAT","bufferSize":0}
2026-08-17 14:55:04,077 INFO  [it.uni.reti2.HeartbeatGenerator] (vert.x-eventloop-thread-0) 💓 [HEARTBEAT] Invio heartbeat: {"stazioneId":"PA","stato":"ONLINE","timestamp":"2026-08-17T12:55:04.077559292Z","tipoEvento":"HEARTBEAT","bufferSize":0}
2026-08-17 14:55:14,075 INFO  [it.uni.reti2.HeartbeatGenerator] (vert.x-eventloop-thread-0) 💓 [HEARTBEAT] Invio heartbeat: {"stazioneId":"PA","stato":"ONLINE","timestamp":"2026-08-17T12:55:14.075641719Z","tipoEvento":"HEARTBEAT","bufferSize":0}
2026-08-17 14:55:24,075 INFO  [it.uni.reti2.HeartbeatGenerator] (vert.x-eventloop-thread-0) 💓 [HEARTBEAT] Invio heartbeat: {"stazioneId":"PA","stato":"ONLINE","timestamp":"2026-08-17T12:55:24.075514682Z","tipoEvento":"HEARTBEAT","bufferSize":0}
2026-08-17 14:55:34,071 INFO  [it.uni.reti2.HeartbeatGenerator] (vert.x-eventloop-thread-0) 💓 [HEARTBEAT] Invio heartbeat: {"stazioneId":"PA","stato":"ONLINE","timestamp":"2026-08-17T12:55:34.071037277Z","tipoEvento":"HEARTBEAT","bufferSize":0}
2026-08-17 14:55:44,077 INFO  [it.uni.reti2.HeartbeatGenerator] (vert.x-eventloop-thread-0) 💓 [HEARTBEAT] Invio heartbeat: {"stazioneId":"PA","stato":"ONLINE","timestamp":"2026-08-17T12:55:44.077059529Z","tipoEvento":"HEARTBEAT","bufferSize":0}
2026-08-17 14:55:54,073 INFO  [it.uni.reti2.HeartbeatGenerator] (vert.x-eventloop-thread-0) 💓 [HEARTBEAT] Invio heartbeat: {"stazioneId":"PA","stato":"ONLINE","timestamp":"2026-08-17T12:55:54.073218759Z","tipoEvento":"HEARTBEAT","bufferSize":0}
2026-08-17 14:56:04,073 INFO  [it.uni.reti2.HeartbeatGenerator] (vert.x-eventloop-thread-0) 💓 [HEARTBEAT] Invio heartbeat: {"stazioneId":"PA","stato":"ONLINE","timestamp":"2026-08-17T12:56:04.073377018Z","tipoEvento":"HEARTBEAT","bufferSize":0}
2026-08-17 14:56:14,078 INFO  [it.uni.reti2.HeartbeatGenerator] (vert.x-eventloop-thread-0) 💓 [HEARTBEAT] Invio heartbeat: {"stazioneId":"PA","stato":"ONLINE","timestamp":"2026-08-17T12:56:14.077987915Z","tipoEvento":"HEARTBEAT","bufferSize":0}
2026-08-17 14:56:24,074 INFO  [it.uni.reti2.HeartbeatGenerator] (vert.x-eventloop-thread-0) 💓 [HEARTBEAT] Invio heartbeat: {"stazioneId":"PA","stato":"ONLINE","timestamp":"2026-08-17T12:56:24.074079436Z","tipoEvento":"HEARTBEAT","bufferSize":0}
2026-08-17 14:56:34,075 INFO  [it.uni.reti2.HeartbeatGenerator] (vert.x-eventloop-thread-0) 💓 [HEARTBEAT] Invio heartbeat: {"stazioneId":"PA","stato":"ONLINE","timestamp":"2026-08-17T12:56:34.075028066Z","tipoEvento":"HEARTBEAT","bufferSize":0}
2026-08-17 14:56:44,080 INFO  [it.uni.reti2.HeartbeatGenerator] (vert.x-eventloop-thread-0) 💓 [HEARTBEAT] Invio heartbeat: {"stazioneId":"PA","stato":"ONLINE","timestamp":"2026-08-17T12:56:44.080063768Z","tipoEvento":"HEARTBEAT","bufferSize":0}
2026-08-17 14:56:54,075 INFO  [it.uni.reti2.HeartbeatGenerator] (vert.x-eventloop-thread-0) 💓 [HEARTBEAT] Invio heartbeat: {"stazioneId":"PA","stato":"ONLINE","timestamp":"2026-08-17T12:56:54.075061210Z","tipoEvento":"HEARTBEAT","bufferSize":0}
2026-08-17 14:57:04,071 INFO  [it.uni.reti2.HeartbeatGenerator] (vert.x-eventloop-thread-0) 💓 [HEARTBEAT] Invio heartbeat: {"stazioneId":"PA","stato":"ONLINE","timestamp":"2026-08-17T12:57:04.071621087Z","tipoEvento":"HEARTBEAT","bufferSize":0}
2026-08-17 14:57:14,071 INFO  [it.uni.reti2.HeartbeatGenerator] (vert.x-eventloop-thread-0) 💓 [HEARTBEAT] Invio heartbeat: {"stazioneId":"PA","stato":"ONLINE","timestamp":"2026-08-17T12:57:14.071230346Z","tipoEvento":"HEARTBEAT","bufferSize":0}
2026-08-17 14:57:24,075 INFO  [it.uni.reti2.HeartbeatGenerator] (vert.x-eventloop-thread-0) 💓 [HEARTBEAT] Invio heartbeat: {"stazioneId":"PA","stato":"ONLINE","timestamp":"2026-08-17T12:57:24.075004477Z","tipoEvento":"HEARTBEAT","bufferSize":0}
2026-08-17 14:57:34,071 INFO  [it.uni.reti2.HeartbeatGenerator] (vert.x-eventloop-thread-0) 💓 [HEARTBEAT] Invio heartbeat: {"stazioneId":"PA","stato":"ONLINE","timestamp":"2026-08-17T12:57:34.071017104Z","tipoEvento":"HEARTBEAT","bufferSize":0}
2026-08-17 14:57:44,071 INFO  [it.uni.reti2.HeartbeatGenerator] (vert.x-eventloop-thread-0) 💓 [HEARTBEAT] Invio heartbeat: {"stazioneId":"PA","stato":"ONLINE","timestamp":"2026-08-17T12:57:44.070997433Z","tipoEvento":"HEARTBEAT","bufferSize":0}
2026-08-17 14:57:54,076 INFO  [it.uni.reti2.HeartbeatGenerator] (vert.x-eventloop-thread-0) 💓 [HEARTBEAT] Invio heartbeat: {"stazioneId":"PA","stato":"ONLINE","timestamp":"2026-08-17T12:57:54.076040794Z","tipoEvento":"HEARTBEAT","bufferSize":0}
2026-08-17 14:58:04,071 INFO  [it.uni.reti2.HeartbeatGenerator] (vert.x-eventloop-thread-0) 💓 [HEARTBEAT] Invio heartbeat: {"stazioneId":"PA","stato":"ONLINE","timestamp":"2026-08-17T12:58:04.070989939Z","tipoEvento":"HEARTBEAT","bufferSize":0}
2026-08-17 14:58:14,071 INFO  [it.uni.reti2.HeartbeatGenerator] (vert.x-eventloop-thread-0) 💓 [HEARTBEAT] Invio heartbeat: {"stazioneId":"PA","stato":"ONLINE","timestamp":"2026-08-17T12:58:14.070977513Z","tipoEvento":"HEARTBEAT","bufferSize":0}
2026-08-17 14:58:24,077 INFO  [it.uni.reti2.HeartbeatGenerator] (vert.x-eventloop-thread-0) 💓 [HEARTBEAT] Invio heartbeat: {"stazioneId":"PA","stato":"ONLINE","timestamp":"2026-08-17T12:58:24.077020276Z","tipoEvento":"HEARTBEAT","bufferSize":0}
2026-08-17 14:58:34,073 INFO  [it.uni.reti2.HeartbeatGenerator] (vert.x-eventloop-thread-0) 💓 [HEARTBEAT] Invio heartbeat: {"stazioneId":"PA","stato":"ONLINE","timestamp":"2026-08-17T12:58:34.073006458Z","tipoEvento":"HEARTBEAT","bufferSize":0}
2026-08-17 14:58:44,072 INFO  [it.uni.reti2.HeartbeatGenerator] (vert.x-eventloop-thread-0) 💓 [HEARTBEAT] Invio heartbeat: {"stazioneId":"PA","stato":"ONLINE","timestamp":"2026-08-17T12:58:44.072024466Z","tipoEvento":"HEARTBEAT","bufferSize":0}
2026-08-17 14:58:54,079 INFO  [it.uni.reti2.HeartbeatGenerator] (vert.x-eventloop-thread-0) 💓 [HEARTBEAT] Invio heartbeat: {"stazioneId":"PA","stato":"ONLINE","timestamp":"2026-08-17T12:58:54.079186299Z","tipoEvento":"HEARTBEAT","bufferSize":0}
2026-08-17 14:59:04,074 INFO  [it.uni.reti2.HeartbeatGenerator] (vert.x-eventloop-thread-0) 💓 [HEARTBEAT] Invio heartbeat: {"stazioneId":"PA","stato":"ONLINE","timestamp":"2026-08-17T12:59:04.073989141Z","tipoEvento":"HEARTBEAT","bufferSize":0}
2026-08-17 14:59:14,071 INFO  [it.uni.reti2.HeartbeatGenerator] (vert.x-eventloop-thread-0) 💓 [HEARTBEAT] Invio heartbeat: {"stazioneId":"PA","stato":"ONLINE","timestamp":"2026-08-17T12:59:14.071285899Z","tipoEvento":"HEARTBEAT","bufferSize":0}
2026-08-17 14:59:24,071 INFO  [it.uni.reti2.HeartbeatGenerator] (vert.x-eventloop-thread-0) 💓 [HEARTBEAT] Invio heartbeat: {"stazioneId":"PA","stato":"ONLINE","timestamp":"2026-08-17T12:59:24.071482858Z","tipoEvento":"HEARTBEAT","bufferSize":0}
2026-08-17 14:59:34,075 INFO  [it.uni.reti2.HeartbeatGenerator] (vert.x-eventloop-thread-0) 💓 [HEARTBEAT] Invio heartbeat: {"stazioneId":"PA","stato":"ONLINE","timestamp":"2026-08-17T12:59:34.075021592Z","tipoEvento":"HEARTBEAT","bufferSize":0}
2026-08-17 14:59:44,071 INFO  [it.uni.reti2.HeartbeatGenerator] (vert.x-eventloop-thread-0) 💓 [HEARTBEAT] Invio heartbeat: {"stazioneId":"PA","stato":"ONLINE","timestamp":"2026-08-17T12:59:44.071928841Z","tipoEvento":"HEARTBEAT","bufferSize":0}
2026-08-17 14:59:54,072 INFO  [it.uni.reti2.HeartbeatGenerator] (vert.x-eventloop-thread-0) 💓 [HEARTBEAT] Invio heartbeat: {"stazioneId":"PA","stato":"ONLINE","timestamp":"2026-08-17T12:59:54.072722136Z","tipoEvento":"HEARTBEAT","bufferSize":0}
2026-08-17 15:00:04,077 INFO  [it.uni.reti2.HeartbeatGenerator] (vert.x-eventloop-thread-0) 💓 [HEARTBEAT] Invio heartbeat: {"stazioneId":"PA","stato":"ONLINE","timestamp":"2026-08-17T13:00:04.077017683Z","tipoEvento":"HEARTBEAT","bufferSize":0}
2026-08-17 15:00:14,074 INFO  [it.uni.reti2.HeartbeatGenerator] (vert.x-eventloop-thread-0) 💓 [HEARTBEAT] Invio heartbeat: {"stazioneId":"PA","stato":"ONLINE","timestamp":"2026-08-17T13:00:14.073987983Z","tipoEvento":"HEARTBEAT","bufferSize":0}
2026-08-17 15:00:24,073 INFO  [it.uni.reti2.HeartbeatGenerator] (vert.x-eventloop-thread-0) 💓 [HEARTBEAT] Invio heartbeat: {"stazioneId":"PA","stato":"ONLINE","timestamp":"2026-08-17T13:00:24.073029657Z","tipoEvento":"HEARTBEAT","bufferSize":0}
2026-08-17 15:00:34,077 INFO  [it.uni.reti2.HeartbeatGenerator] (vert.x-eventloop-thread-0) 💓 [HEARTBEAT] Invio heartbeat: {"stazioneId":"PA","stato":"ONLINE","timestamp":"2026-08-17T13:00:34.077056411Z","tipoEvento":"HEARTBEAT","bufferSize":0}
2026-08-17 15:00:44,076 INFO  [it.uni.reti2.HeartbeatGenerator] (vert.x-eventloop-thread-0) 💓 [HEARTBEAT] Invio heartbeat: {"stazioneId":"PA","stato":"ONLINE","timestamp":"2026-08-17T13:00:44.076203500Z","tipoEvento":"HEARTBEAT","bufferSize":0}
2026-08-17 15:00:54,070 INFO  [it.uni.reti2.HeartbeatGenerator] (vert.x-eventloop-thread-0) 💓 [HEARTBEAT] Invio heartbeat: {"stazioneId":"PA","stato":"ONLINE","timestamp":"2026-08-17T13:00:54.070912377Z","tipoEvento":"HEARTBEAT","bufferSize":0}
2026-08-17 15:01:04,071 INFO  [it.uni.reti2.HeartbeatGenerator] (vert.x-eventloop-thread-0) 💓 [HEARTBEAT] Invio heartbeat: {"stazioneId":"PA","stato":"ONLINE","timestamp":"2026-08-17T13:01:04.071046659Z","tipoEvento":"HEARTBEAT","bufferSize":0}
2026-08-17 15:01:14,074 INFO  [it.uni.reti2.HeartbeatGenerator] (vert.x-eventloop-thread-0) 💓 [HEARTBEAT] Invio heartbeat: {"stazioneId":"PA","stato":"ONLINE","timestamp":"2026-08-17T13:01:14.073992761Z","tipoEvento":"HEARTBEAT","bufferSize":0}
2026-08-17 15:01:24,073 INFO  [it.uni.reti2.HeartbeatGenerator] (vert.x-eventloop-thread-0) 💓 [HEARTBEAT] Invio heartbeat: {"stazioneId":"PA","stato":"ONLINE","timestamp":"2026-08-17T13:01:24.073492747Z","tipoEvento":"HEARTBEAT","bufferSize":0}
2026-08-17 15:01:34,073 INFO  [it.uni.reti2.HeartbeatGenerator] (vert.x-eventloop-thread-0) 💓 [HEARTBEAT] Invio heartbeat: {"stazioneId":"PA","stato":"ONLINE","timestamp":"2026-08-17T13:01:34.073682229Z","tipoEvento":"HEARTBEAT","bufferSize":0}
2026-08-17 15:01:44,079 INFO  [it.uni.reti2.HeartbeatGenerator] (vert.x-eventloop-thread-0) 💓 [HEARTBEAT] Invio heartbeat: {"stazioneId":"PA","stato":"ONLINE","timestamp":"2026-08-17T13:01:44.078907901Z","tipoEvento":"HEARTBEAT","bufferSize":0}
2026-08-17 15:01:54,074 INFO  [it.uni.reti2.HeartbeatGenerator] (vert.x-eventloop-thread-0) 💓 [HEARTBEAT] Invio heartbeat: {"stazioneId":"PA","stato":"ONLINE","timestamp":"2026-08-17T13:01:54.073997401Z","tipoEvento":"HEARTBEAT","bufferSize":0}
2026-08-17 15:02:04,074 INFO  [it.uni.reti2.HeartbeatGenerator] (vert.x-eventloop-thread-0) 💓 [HEARTBEAT] Invio heartbeat: {"stazioneId":"PA","stato":"ONLINE","timestamp":"2026-08-17T13:02:04.074022420Z","tipoEvento":"HEARTBEAT","bufferSize":0}
2026-08-17 15:02:14,071 INFO  [it.uni.reti2.HeartbeatGenerator] (vert.x-eventloop-thread-0) 💓 [HEARTBEAT] Invio heartbeat: {"stazioneId":"PA","stato":"ONLINE","timestamp":"2026-08-17T13:02:14.071329827Z","tipoEvento":"HEARTBEAT","bufferSize":0}
2026-08-17 15:02:24,076 INFO  [it.uni.reti2.HeartbeatGenerator] (vert.x-eventloop-thread-0) 💓 [HEARTBEAT] Invio heartbeat: {"stazioneId":"PA","stato":"ONLINE","timestamp":"2026-08-17T13:02:24.076053118Z","tipoEvento":"HEARTBEAT","bufferSize":0}
2026-08-17 15:02:34,071 INFO  [it.uni.reti2.HeartbeatGenerator] (vert.x-eventloop-thread-0) 💓 [HEARTBEAT] Invio heartbeat: {"stazioneId":"PA","stato":"ONLINE","timestamp":"2026-08-17T13:02:34.070997014Z","tipoEvento":"HEARTBEAT","bufferSize":0}
2026-08-17 15:02:44,071 INFO  [it.uni.reti2.HeartbeatGenerator] (vert.x-eventloop-thread-0) 💓 [HEARTBEAT] Invio heartbeat: {"stazioneId":"PA","stato":"ONLINE","timestamp":"2026-08-17T13:02:44.071107768Z","tipoEvento":"HEARTBEAT","bufferSize":0}
2026-08-17 15:02:54,077 INFO  [it.uni.reti2.HeartbeatGenerator] (vert.x-eventloop-thread-0) 💓 [HEARTBEAT] Invio heartbeat: {"stazioneId":"PA","stato":"ONLINE","timestamp":"2026-08-17T13:02:54.077029840Z","tipoEvento":"HEARTBEAT","bufferSize":0}
2026-08-17 15:03:04,073 INFO  [it.uni.reti2.HeartbeatGenerator] (vert.x-eventloop-thread-0) 💓 [HEARTBEAT] Invio heartbeat: {"stazioneId":"PA","stato":"ONLINE","timestamp":"2026-08-17T13:03:04.073362272Z","tipoEvento":"HEARTBEAT","bufferSize":0}
2026-08-17 15:03:14,073 INFO  [it.uni.reti2.HeartbeatGenerator] (vert.x-eventloop-thread-0) 💓 [HEARTBEAT] Invio heartbeat: {"stazioneId":"PA","stato":"ONLINE","timestamp":"2026-08-17T13:03:14.073538672Z","tipoEvento":"HEARTBEAT","bufferSize":0}
2026-08-17 15:03:24,078 INFO  [it.uni.reti2.HeartbeatGenerator] (vert.x-eventloop-thread-0) 💓 [HEARTBEAT] Invio heartbeat: {"stazioneId":"PA","stato":"ONLINE","timestamp":"2026-08-17T13:03:24.078693572Z","tipoEvento":"HEARTBEAT","bufferSize":0}
2026-08-17 15:03:34,075 INFO  [it.uni.reti2.HeartbeatGenerator] (vert.x-eventloop-thread-0) 💓 [HEARTBEAT] Invio heartbeat: {"stazioneId":"PA","stato":"ONLINE","timestamp":"2026-08-17T13:03:34.075284384Z","tipoEvento":"HEARTBEAT","bufferSize":0}
2026-08-17 15:03:44,071 INFO  [it.uni.reti2.HeartbeatGenerator] (vert.x-eventloop-thread-0) 💓 [HEARTBEAT] Invio heartbeat: {"stazioneId":"PA","stato":"ONLINE","timestamp":"2026-08-17T13:03:44.071347068Z","tipoEvento":"HEARTBEAT","bufferSize":0}
2026-08-17 15:03:54,071 INFO  [it.uni.reti2.HeartbeatGenerator] (vert.x-eventloop-thread-0) 💓 [HEARTBEAT] Invio heartbeat: {"stazioneId":"PA","stato":"ONLINE","timestamp":"2026-08-17T13:03:54.071105604Z","tipoEvento":"HEARTBEAT","bufferSize":0}
2026-08-17 15:04:04,071 INFO  [it.uni.reti2.HeartbeatGenerator] (vert.x-eventloop-thread-0) 💓 [HEARTBEAT] Invio heartbeat: {"stazioneId":"PA","stato":"ONLINE","timestamp":"2026-08-17T13:04:04.071549598Z","tipoEvento":"HEARTBEAT","bufferSize":0}
2026-08-17 15:04:14,071 INFO  [it.uni.reti2.HeartbeatGenerator] (vert.x-eventloop-thread-0) 💓 [HEARTBEAT] Invio heartbeat: {"stazioneId":"PA","stato":"ONLINE","timestamp":"2026-08-17T13:04:14.071834761Z","tipoEvento":"HEARTBEAT","bufferSize":0}
2026-08-17 15:04:24,072 INFO  [it.uni.reti2.HeartbeatGenerator] (vert.x-eventloop-thread-0) 💓 [HEARTBEAT] Invio heartbeat: {"stazioneId":"PA","stato":"ONLINE","timestamp":"2026-08-17T13:04:24.072368750Z","tipoEvento":"HEARTBEAT","bufferSize":0}
2026-08-17 15:04:34,077 INFO  [it.uni.reti2.HeartbeatGenerator] (vert.x-eventloop-thread-0) 💓 [HEARTBEAT] Invio heartbeat: {"stazioneId":"PA","stato":"ONLINE","timestamp":"2026-08-17T13:04:34.077510824Z","tipoEvento":"HEARTBEAT","bufferSize":0}
2026-08-17 15:04:44,073 INFO  [it.uni.reti2.HeartbeatGenerator] (vert.x-eventloop-thread-0) 💓 [HEARTBEAT] Invio heartbeat: {"stazioneId":"PA","stato":"ONLINE","timestamp":"2026-08-17T13:04:44.073543678Z","tipoEvento":"HEARTBEAT","bufferSize":0}
2026-08-17 15:04:54,077 INFO  [it.uni.reti2.HeartbeatGenerator] (vert.x-eventloop-thread-0) 💓 [HEARTBEAT] Invio heartbeat: {"stazioneId":"PA","stato":"ONLINE","timestamp":"2026-08-17T13:04:54.073657637Z","tipoEvento":"HEARTBEAT","bufferSize":0}
2026-08-17 15:05:04,080 INFO  [it.uni.reti2.HeartbeatGenerator] (vert.x-eventloop-thread-0) 💓 [HEARTBEAT] Invio heartbeat: {"stazioneId":"PA","stato":"ONLINE","timestamp":"2026-08-17T13:05:04.077058366Z","tipoEvento":"HEARTBEAT","bufferSize":0}
2026-08-17 15:05:14,073 INFO  [it.uni.reti2.HeartbeatGenerator] (vert.x-eventloop-thread-0) 💓 [HEARTBEAT] Invio heartbeat: {"stazioneId":"PA","stato":"ONLINE","timestamp":"2026-08-17T13:05:14.073651141Z","tipoEvento":"HEARTBEAT","bufferSize":0}
2026-08-17 15:05:24,073 INFO  [it.uni.reti2.HeartbeatGenerator] (vert.x-eventloop-thread-0) 💓 [HEARTBEAT] Invio heartbeat: {"stazioneId":"PA","stato":"ONLINE","timestamp":"2026-08-17T13:05:24.073564619Z","tipoEvento":"HEARTBEAT","bufferSize":0}
2026-08-17 15:05:34,077 INFO  [it.uni.reti2.HeartbeatGenerator] (vert.x-eventloop-thread-0) 💓 [HEARTBEAT] Invio heartbeat: {"stazioneId":"PA","stato":"ONLINE","timestamp":"2026-08-17T13:05:34.077114372Z","tipoEvento":"HEARTBEAT","bufferSize":0}
2026-08-17 15:05:44,075 INFO  [it.uni.reti2.HeartbeatGenerator] (vert.x-eventloop-thread-0) 💓 [HEARTBEAT] Invio heartbeat: {"stazioneId":"PA","stato":"ONLINE","timestamp":"2026-08-17T13:05:44.075063642Z","tipoEvento":"HEARTBEAT","bufferSize":0}
2026-08-17 15:05:54,074 INFO  [it.uni.reti2.HeartbeatGenerator] (vert.x-eventloop-thread-0) 💓 [HEARTBEAT] Invio heartbeat: {"stazioneId":"PA","stato":"ONLINE","timestamp":"2026-08-17T13:05:54.074186865Z","tipoEvento":"HEARTBEAT","bufferSize":0}
2026-08-17 15:06:04,077 INFO  [it.uni.reti2.HeartbeatGenerator] (vert.x-eventloop-thread-0) 💓 [HEARTBEAT] Invio heartbeat: {"stazioneId":"PA","stato":"ONLINE","timestamp":"2026-08-17T13:06:04.077291855Z","tipoEvento":"HEARTBEAT","bufferSize":0}
2026-08-17 15:06:14,074 INFO  [it.uni.reti2.HeartbeatGenerator] (vert.x-eventloop-thread-0) 💓 [HEARTBEAT] Invio heartbeat: {"stazioneId":"PA","stato":"ONLINE","timestamp":"2026-08-17T13:06:14.074078783Z","tipoEvento":"HEARTBEAT","bufferSize":0}
2026-08-17 15:06:24,071 INFO  [it.uni.reti2.HeartbeatGenerator] (vert.x-eventloop-thread-0) 💓 [HEARTBEAT] Invio heartbeat: {"stazioneId":"PA","stato":"ONLINE","timestamp":"2026-08-17T13:06:24.071548125Z","tipoEvento":"HEARTBEAT","bufferSize":0}
2026-08-17 15:06:34,072 INFO  [it.uni.reti2.HeartbeatGenerator] (vert.x-eventloop-thread-0) 💓 [HEARTBEAT] Invio heartbeat: {"stazioneId":"PA","stato":"ONLINE","timestamp":"2026-08-17T13:06:34.072556613Z","tipoEvento":"HEARTBEAT","bufferSize":0}
2026-08-17 15:06:44,072 INFO  [it.uni.reti2.HeartbeatGenerator] (vert.x-eventloop-thread-0) 💓 [HEARTBEAT] Invio heartbeat: {"stazioneId":"PA","stato":"ONLINE","timestamp":"2026-08-17T13:06:44.072381621Z","tipoEvento":"HEARTBEAT","bufferSize":0}
2026-08-17 15:06:54,073 INFO  [it.uni.reti2.HeartbeatGenerator] (vert.x-eventloop-thread-0) 💓 [HEARTBEAT] Invio heartbeat: {"stazioneId":"PA","stato":"ONLINE","timestamp":"2026-08-17T13:06:54.073823659Z","tipoEvento":"HEARTBEAT","bufferSize":0}
2026-08-17 15:07:04,074 INFO  [it.uni.reti2.HeartbeatGenerator] (vert.x-eventloop-thread-0) 💓 [HEARTBEAT] Invio heartbeat: {"stazioneId":"PA","stato":"ONLINE","timestamp":"2026-08-17T13:07:04.074772597Z","tipoEvento":"HEARTBEAT","bufferSize":0}
2026-08-17 15:07:14,079 INFO  [it.uni.reti2.HeartbeatGenerator] (vert.x-eventloop-thread-0) 💓 [HEARTBEAT] Invio heartbeat: {"stazioneId":"PA","stato":"ONLINE","timestamp":"2026-08-17T13:07:14.079871952Z","tipoEvento":"HEARTBEAT","bufferSize":0}
2026-08-17 15:07:24,076 INFO  [it.uni.reti2.HeartbeatGenerator] (vert.x-eventloop-thread-0) 💓 [HEARTBEAT] Invio heartbeat: {"stazioneId":"PA","stato":"ONLINE","timestamp":"2026-08-17T13:07:24.076063523Z","tipoEvento":"HEARTBEAT","bufferSize":0}
2026-08-17 15:07:34,072 INFO  [it.uni.reti2.HeartbeatGenerator] (vert.x-eventloop-thread-0) 💓 [HEARTBEAT] Invio heartbeat: {"stazioneId":"PA","stato":"ONLINE","timestamp":"2026-08-17T13:07:34.072488200Z","tipoEvento":"HEARTBEAT","bufferSize":0}
2026-08-17 15:07:44,073 INFO  [it.uni.reti2.HeartbeatGenerator] (vert.x-eventloop-thread-0) 💓 [HEARTBEAT] Invio heartbeat: {"stazioneId":"PA","stato":"ONLINE","timestamp":"2026-08-17T13:07:44.072907995Z","tipoEvento":"HEARTBEAT","bufferSize":0}
2026-08-17 15:07:54,078 INFO  [it.uni.reti2.HeartbeatGenerator] (vert.x-eventloop-thread-0) 💓 [HEARTBEAT] Invio heartbeat: {"stazioneId":"PA","stato":"ONLINE","timestamp":"2026-08-17T13:07:54.078062848Z","tipoEvento":"HEARTBEAT","bufferSize":0}
2026-08-17 15:08:04,073 INFO  [it.uni.reti2.HeartbeatGenerator] (vert.x-eventloop-thread-0) 💓 [HEARTBEAT] Invio heartbeat: {"stazioneId":"PA","stato":"ONLINE","timestamp":"2026-08-17T13:08:04.073077120Z","tipoEvento":"HEARTBEAT","bufferSize":0}
2026-08-17 15:08:14,073 INFO  [it.uni.reti2.HeartbeatGenerator] (vert.x-eventloop-thread-0) 💓 [HEARTBEAT] Invio heartbeat: {"stazioneId":"PA","stato":"ONLINE","timestamp":"2026-08-17T13:08:14.073369003Z","tipoEvento":"HEARTBEAT","bufferSize":0}
2026-08-17 15:08:24,074 INFO  [it.uni.reti2.HeartbeatGenerator] (vert.x-eventloop-thread-0) 💓 [HEARTBEAT] Invio heartbeat: {"stazioneId":"PA","stato":"ONLINE","timestamp":"2026-08-17T13:08:24.074079455Z","tipoEvento":"HEARTBEAT","bufferSize":0}
2026-08-17 15:08:34,073 INFO  [it.uni.reti2.HeartbeatGenerator] (vert.x-eventloop-thread-0) 💓 [HEARTBEAT] Invio heartbeat: {"stazioneId":"PA","stato":"ONLINE","timestamp":"2026-08-17T13:08:34.073055027Z","tipoEvento":"HEARTBEAT","bufferSize":0}
2026-08-17 15:08:44,071 INFO  [it.uni.reti2.HeartbeatGenerator] (vert.x-eventloop-thread-0) 💓 [HEARTBEAT] Invio heartbeat: {"stazioneId":"PA","stato":"ONLINE","timestamp":"2026-08-17T13:08:44.071276724Z","tipoEvento":"HEARTBEAT","bufferSize":0}
2026-08-17 15:08:54,079 INFO  [it.uni.reti2.HeartbeatGenerator] (vert.x-eventloop-thread-0) 💓 [HEARTBEAT] Invio heartbeat: {"stazioneId":"PA","stato":"ONLINE","timestamp":"2026-08-17T13:08:54.079381146Z","tipoEvento":"HEARTBEAT","bufferSize":0}
2026-08-17 15:09:04,073 INFO  [it.uni.reti2.HeartbeatGenerator] (vert.x-eventloop-thread-0) 💓 [HEARTBEAT] Invio heartbeat: {"stazioneId":"PA","stato":"ONLINE","timestamp":"2026-08-17T13:09:04.073857888Z","tipoEvento":"HEARTBEAT","bufferSize":0}
2026-08-17 15:09:14,071 INFO  [it.uni.reti2.HeartbeatGenerator] (vert.x-eventloop-thread-0) 💓 [HEARTBEAT] Invio heartbeat: {"stazioneId":"PA","stato":"ONLINE","timestamp":"2026-08-17T13:09:14.071731207Z","tipoEvento":"HEARTBEAT","bufferSize":0}
2026-08-17 15:09:24,071 INFO  [it.uni.reti2.HeartbeatGenerator] (vert.x-eventloop-thread-0) 💓 [HEARTBEAT] Invio heartbeat: {"stazioneId":"PA","stato":"ONLINE","timestamp":"2026-08-17T13:09:24.071335087Z","tipoEvento":"HEARTBEAT","bufferSize":0}
2026-08-17 15:09:34,077 INFO  [it.uni.reti2.HeartbeatGenerator] (vert.x-eventloop-thread-0) 💓 [HEARTBEAT] Invio heartbeat: {"stazioneId":"PA","stato":"ONLINE","timestamp":"2026-08-17T13:09:34.077446786Z","tipoEvento":"HEARTBEAT","bufferSize":0}
2026-08-17 15:09:44,073 INFO  [it.uni.reti2.HeartbeatGenerator] (vert.x-eventloop-thread-0) 💓 [HEARTBEAT] Invio heartbeat: {"stazioneId":"PA","stato":"ONLINE","timestamp":"2026-08-17T13:09:44.073372763Z","tipoEvento":"HEARTBEAT","bufferSize":0}
2026-08-17 15:09:54,073 INFO  [it.uni.reti2.HeartbeatGenerator] (vert.x-eventloop-thread-0) 💓 [HEARTBEAT] Invio heartbeat: {"stazioneId":"PA","stato":"ONLINE","timestamp":"2026-08-17T13:09:54.073877523Z","tipoEvento":"HEARTBEAT","bufferSize":0}
2026-08-17 15:10:04,077 INFO  [it.uni.reti2.HeartbeatGenerator] (vert.x-eventloop-thread-0) 💓 [HEARTBEAT] Invio heartbeat: {"stazioneId":"PA","stato":"ONLINE","timestamp":"2026-08-17T13:10:04.077392472Z","tipoEvento":"HEARTBEAT","bufferSize":0}
2026-08-17 15:10:14,075 INFO  [it.uni.reti2.HeartbeatGenerator] (vert.x-eventloop-thread-0) 💓 [HEARTBEAT] Invio heartbeat: {"stazioneId":"PA","stato":"ONLINE","timestamp":"2026-08-17T13:10:14.075794315Z","tipoEvento":"HEARTBEAT","bufferSize":0}
2026-08-17 15:10:24,071 INFO  [it.uni.reti2.HeartbeatGenerator] (vert.x-eventloop-thread-0) 💓 [HEARTBEAT] Invio heartbeat: {"stazioneId":"PA","stato":"ONLINE","timestamp":"2026-08-17T13:10:24.071686859Z","tipoEvento":"HEARTBEAT","bufferSize":0}
2026-08-17 15:10:34,072 INFO  [it.uni.reti2.HeartbeatGenerator] (vert.x-eventloop-thread-0) 💓 [HEARTBEAT] Invio heartbeat: {"stazioneId":"PA","stato":"ONLINE","timestamp":"2026-08-17T13:10:34.072090700Z","tipoEvento":"HEARTBEAT","bufferSize":0}
2026-08-17 15:10:44,076 INFO  [it.uni.reti2.HeartbeatGenerator] (vert.x-eventloop-thread-0) 💓 [HEARTBEAT] Invio heartbeat: {"stazioneId":"PA","stato":"ONLINE","timestamp":"2026-08-17T13:10:44.076705690Z","tipoEvento":"HEARTBEAT","bufferSize":0}
2026-08-17 15:10:54,073 INFO  [it.uni.reti2.HeartbeatGenerator] (vert.x-eventloop-thread-0) 💓 [HEARTBEAT] Invio heartbeat: {"stazioneId":"PA","stato":"ONLINE","timestamp":"2026-08-17T13:10:54.073030466Z","tipoEvento":"HEARTBEAT","bufferSize":0}
2026-08-17 15:11:04,071 INFO  [it.uni.reti2.HeartbeatGenerator] (vert.x-eventloop-thread-0) 💓 [HEARTBEAT] Invio heartbeat: {"stazioneId":"PA","stato":"ONLINE","timestamp":"2026-08-17T13:11:04.071815185Z","tipoEvento":"HEARTBEAT","bufferSize":0}
2026-08-17 15:11:14,077 INFO  [it.uni.reti2.HeartbeatGenerator] (vert.x-eventloop-thread-0) 💓 [HEARTBEAT] Invio heartbeat: {"stazioneId":"PA","stato":"ONLINE","timestamp":"2026-08-17T13:11:14.077686057Z","tipoEvento":"HEARTBEAT","bufferSize":0}
2026-08-17 15:11:24,072 INFO  [it.uni.reti2.HeartbeatGenerator] (vert.x-eventloop-thread-0) 💓 [HEARTBEAT] Invio heartbeat: {"stazioneId":"PA","stato":"ONLINE","timestamp":"2026-08-17T13:11:24.072722461Z","tipoEvento":"HEARTBEAT","bufferSize":0}
2026-08-17 15:11:34,072 INFO  [it.uni.reti2.HeartbeatGenerator] (vert.x-eventloop-thread-0) 💓 [HEARTBEAT] Invio heartbeat: {"stazioneId":"PA","stato":"ONLINE","timestamp":"2026-08-17T13:11:34.072059644Z","tipoEvento":"HEARTBEAT","bufferSize":0}
2026-08-17 15:11:44,078 INFO  [it.uni.reti2.HeartbeatGenerator] (vert.x-eventloop-thread-0) 💓 [HEARTBEAT] Invio heartbeat: {"stazioneId":"PA","stato":"ONLINE","timestamp":"2026-08-17T13:11:44.078370323Z","tipoEvento":"HEARTBEAT","bufferSize":0}
2026-08-17 15:11:54,074 INFO  [it.uni.reti2.HeartbeatGenerator] (vert.x-eventloop-thread-0) 💓 [HEARTBEAT] Invio heartbeat: {"stazioneId":"PA","stato":"ONLINE","timestamp":"2026-08-17T13:11:54.074476932Z","tipoEvento":"HEARTBEAT","bufferSize":0}
2026-08-17 15:12:04,074 INFO  [it.uni.reti2.HeartbeatGenerator] (vert.x-eventloop-thread-0) 💓 [HEARTBEAT] Invio heartbeat: {"stazioneId":"PA","stato":"ONLINE","timestamp":"2026-08-17T13:12:04.074459638Z","tipoEvento":"HEARTBEAT","bufferSize":0}
2026-08-17 15:12:14,080 INFO  [it.uni.reti2.HeartbeatGenerator] (vert.x-eventloop-thread-0) 💓 [HEARTBEAT] Invio heartbeat: {"stazioneId":"PA","stato":"ONLINE","timestamp":"2026-08-17T13:12:14.080374710Z","tipoEvento":"HEARTBEAT","bufferSize":0}
2026-08-17 15:12:24,076 INFO  [it.uni.reti2.HeartbeatGenerator] (vert.x-eventloop-thread-0) 💓 [HEARTBEAT] Invio heartbeat: {"stazioneId":"PA","stato":"ONLINE","timestamp":"2026-08-17T13:12:24.076232845Z","tipoEvento":"HEARTBEAT","bufferSize":0}
2026-08-17 15:12:34,071 INFO  [it.uni.reti2.HeartbeatGenerator] (vert.x-eventloop-thread-0) 💓 [HEARTBEAT] Invio heartbeat: {"stazioneId":"PA","stato":"ONLINE","timestamp":"2026-08-17T13:12:34.071443280Z","tipoEvento":"HEARTBEAT","bufferSize":0}
2026-08-17 15:12:44,071 INFO  [it.uni.reti2.HeartbeatGenerator] (vert.x-eventloop-thread-0) 💓 [HEARTBEAT] Invio heartbeat: {"stazioneId":"PA","stato":"ONLINE","timestamp":"2026-08-17T13:12:44.071689352Z","tipoEvento":"HEARTBEAT","bufferSize":0}
2026-08-17 15:12:54,076 INFO  [it.uni.reti2.HeartbeatGenerator] (vert.x-eventloop-thread-0) 💓 [HEARTBEAT] Invio heartbeat: {"stazioneId":"PA","stato":"ONLINE","timestamp":"2026-08-17T13:12:54.076804794Z","tipoEvento":"HEARTBEAT","bufferSize":0}
2026-08-17 15:13:04,071 INFO  [it.uni.reti2.HeartbeatGenerator] (vert.x-eventloop-thread-0) 💓 [HEARTBEAT] Invio heartbeat: {"stazioneId":"PA","stato":"ONLINE","timestamp":"2026-08-17T13:13:04.071442245Z","tipoEvento":"HEARTBEAT","bufferSize":0}
2026-08-17 15:13:14,071 INFO  [it.uni.reti2.HeartbeatGenerator] (vert.x-eventloop-thread-0) 💓 [HEARTBEAT] Invio heartbeat: {"stazioneId":"PA","stato":"ONLINE","timestamp":"2026-08-17T13:13:14.070919365Z","tipoEvento":"HEARTBEAT","bufferSize":0}
2026-08-17 15:13:24,076 INFO  [it.uni.reti2.HeartbeatGenerator] (vert.x-eventloop-thread-0) 💓 [HEARTBEAT] Invio heartbeat: {"stazioneId":"PA","stato":"ONLINE","timestamp":"2026-08-17T13:13:24.076485441Z","tipoEvento":"HEARTBEAT","bufferSize":0}
2026-08-17 15:13:34,072 INFO  [it.uni.reti2.HeartbeatGenerator] (vert.x-eventloop-thread-0) 💓 [HEARTBEAT] Invio heartbeat: {"stazioneId":"PA","stato":"ONLINE","timestamp":"2026-08-17T13:13:34.072569630Z","tipoEvento":"HEARTBEAT","bufferSize":0}
2026-08-17 15:13:44,072 INFO  [it.uni.reti2.HeartbeatGenerator] (vert.x-eventloop-thread-0) 💓 [HEARTBEAT] Invio heartbeat: {"stazioneId":"PA","stato":"ONLINE","timestamp":"2026-08-17T13:13:44.072444980Z","tipoEvento":"HEARTBEAT","bufferSize":0}
2026-08-17 15:13:54,077 INFO  [it.uni.reti2.HeartbeatGenerator] (vert.x-eventloop-thread-0) 💓 [HEARTBEAT] Invio heartbeat: {"stazioneId":"PA","stato":"ONLINE","timestamp":"2026-08-17T13:13:54.077108714Z","tipoEvento":"HEARTBEAT","bufferSize":0}
2026-08-17 15:14:04,073 INFO  [it.uni.reti2.HeartbeatGenerator] (vert.x-eventloop-thread-0) 💓 [HEARTBEAT] Invio heartbeat: {"stazioneId":"PA","stato":"ONLINE","timestamp":"2026-08-17T13:14:04.073606927Z","tipoEvento":"HEARTBEAT","bufferSize":0}
2026-08-17 15:14:14,073 INFO  [it.uni.reti2.HeartbeatGenerator] (vert.x-eventloop-thread-0) 💓 [HEARTBEAT] Invio heartbeat: {"stazioneId":"PA","stato":"ONLINE","timestamp":"2026-08-17T13:14:14.073853128Z","tipoEvento":"HEARTBEAT","bufferSize":0}
2026-08-17 15:14:24,079 INFO  [it.uni.reti2.HeartbeatGenerator] (vert.x-eventloop-thread-0) 💓 [HEARTBEAT] Invio heartbeat: {"stazioneId":"PA","stato":"ONLINE","timestamp":"2026-08-17T13:14:24.079441562Z","tipoEvento":"HEARTBEAT","bufferSize":0}
2026-08-17 15:14:34,073 INFO  [it.uni.reti2.HeartbeatGenerator] (vert.x-eventloop-thread-0) 💓 [HEARTBEAT] Invio heartbeat: {"stazioneId":"PA","stato":"ONLINE","timestamp":"2026-08-17T13:14:34.073780708Z","tipoEvento":"HEARTBEAT","bufferSize":0}
2026-08-17 15:14:44,071 INFO  [it.uni.reti2.HeartbeatGenerator] (vert.x-eventloop-thread-0) 💓 [HEARTBEAT] Invio heartbeat: {"stazioneId":"PA","stato":"ONLINE","timestamp":"2026-08-17T13:14:44.071419717Z","tipoEvento":"HEARTBEAT","bufferSize":0}
2026-08-17 15:14:54,070 INFO  [it.uni.reti2.HeartbeatGenerator] (vert.x-eventloop-thread-0) 💓 [HEARTBEAT] Invio heartbeat: {"stazioneId":"PA","stato":"ONLINE","timestamp":"2026-08-17T13:14:54.070484040Z","tipoEvento":"HEARTBEAT","bufferSize":0}
2026-08-17 15:15:04,077 INFO  [it.uni.reti2.HeartbeatGenerator] (vert.x-eventloop-thread-0) 💓 [HEARTBEAT] Invio heartbeat: {"stazioneId":"PA","stato":"ONLINE","timestamp":"2026-08-17T13:15:04.077517686Z","tipoEvento":"HEARTBEAT","bufferSize":0}
2026-08-17 15:15:14,073 INFO  [it.uni.reti2.HeartbeatGenerator] (vert.x-eventloop-thread-0) 💓 [HEARTBEAT] Invio heartbeat: {"stazioneId":"PA","stato":"ONLINE","timestamp":"2026-08-17T13:15:14.073056780Z","tipoEvento":"HEARTBEAT","bufferSize":0}
2026-08-17 15:15:24,073 INFO  [it.uni.reti2.HeartbeatGenerator] (vert.x-eventloop-thread-0) 💓 [HEARTBEAT] Invio heartbeat: {"stazioneId":"PA","stato":"ONLINE","timestamp":"2026-08-17T13:15:24.073926383Z","tipoEvento":"HEARTBEAT","bufferSize":0}
2026-08-17 15:15:34,077 INFO  [it.uni.reti2.HeartbeatGenerator] (vert.x-eventloop-thread-0) 💓 [HEARTBEAT] Invio heartbeat: {"stazioneId":"PA","stato":"ONLINE","timestamp":"2026-08-17T13:15:34.077134970Z","tipoEvento":"HEARTBEAT","bufferSize":0}
2026-08-17 15:15:44,075 INFO  [it.uni.reti2.HeartbeatGenerator] (vert.x-eventloop-thread-0) 💓 [HEARTBEAT] Invio heartbeat: {"stazioneId":"PA","stato":"ONLINE","timestamp":"2026-08-17T13:15:44.075667597Z","tipoEvento":"HEARTBEAT","bufferSize":0}
2026-08-17 15:15:54,075 INFO  [it.uni.reti2.HeartbeatGenerator] (vert.x-eventloop-thread-0) 💓 [HEARTBEAT] Invio heartbeat: {"stazioneId":"PA","stato":"ONLINE","timestamp":"2026-08-17T13:15:54.075579299Z","tipoEvento":"HEARTBEAT","bufferSize":0}
2026-08-17 15:16:04,071 INFO  [it.uni.reti2.HeartbeatGenerator] (vert.x-eventloop-thread-0) 💓 [HEARTBEAT] Invio heartbeat: {"stazioneId":"PA","stato":"ONLINE","timestamp":"2026-08-17T13:16:04.071829864Z","tipoEvento":"HEARTBEAT","bufferSize":0}
2026-08-17 15:16:14,076 INFO  [it.uni.reti2.HeartbeatGenerator] (vert.x-eventloop-thread-0) 💓 [HEARTBEAT] Invio heartbeat: {"stazioneId":"PA","stato":"ONLINE","timestamp":"2026-08-17T13:16:14.076220429Z","tipoEvento":"HEARTBEAT","bufferSize":0}
2026-08-17 15:16:24,071 INFO  [it.uni.reti2.HeartbeatGenerator] (vert.x-eventloop-thread-0) 💓 [HEARTBEAT] Invio heartbeat: {"stazioneId":"PA","stato":"ONLINE","timestamp":"2026-08-17T13:16:24.071280376Z","tipoEvento":"HEARTBEAT","bufferSize":0}
2026-08-17 15:16:34,071 INFO  [it.uni.reti2.HeartbeatGenerator] (vert.x-eventloop-thread-0) 💓 [HEARTBEAT] Invio heartbeat: {"stazioneId":"PA","stato":"ONLINE","timestamp":"2026-08-17T13:16:34.071488997Z","tipoEvento":"HEARTBEAT","bufferSize":0}
2026-08-17 15:16:44,077 INFO  [it.uni.reti2.HeartbeatGenerator] (vert.x-eventloop-thread-0) 💓 [HEARTBEAT] Invio heartbeat: {"stazioneId":"PA","stato":"ONLINE","timestamp":"2026-08-17T13:16:44.077163759Z","tipoEvento":"HEARTBEAT","bufferSize":0}
2026-08-17 15:16:54,072 INFO  [it.uni.reti2.HeartbeatGenerator] (vert.x-eventloop-thread-0) 💓 [HEARTBEAT] Invio heartbeat: {"stazioneId":"PA","stato":"ONLINE","timestamp":"2026-08-17T13:16:54.072513139Z","tipoEvento":"HEARTBEAT","bufferSize":0}
2026-08-17 15:17:04,072 INFO  [it.uni.reti2.HeartbeatGenerator] (vert.x-eventloop-thread-0) 💓 [HEARTBEAT] Invio heartbeat: {"stazioneId":"PA","stato":"ONLINE","timestamp":"2026-08-17T13:17:04.072435868Z","tipoEvento":"HEARTBEAT","bufferSize":0}
2026-08-17 15:17:14,078 INFO  [it.uni.reti2.HeartbeatGenerator] (vert.x-eventloop-thread-0) 💓 [HEARTBEAT] Invio heartbeat: {"stazioneId":"PA","stato":"ONLINE","timestamp":"2026-08-17T13:17:14.078399473Z","tipoEvento":"HEARTBEAT","bufferSize":0}
2026-08-17 15:17:24,073 INFO  [it.uni.reti2.HeartbeatGenerator] (vert.x-eventloop-thread-0) 💓 [HEARTBEAT] Invio heartbeat: {"stazioneId":"PA","stato":"ONLINE","timestamp":"2026-08-17T13:17:24.073500080Z","tipoEvento":"HEARTBEAT","bufferSize":0}
2026-08-17 15:17:34,074 INFO  [it.uni.reti2.HeartbeatGenerator] (vert.x-eventloop-thread-0) 💓 [HEARTBEAT] Invio heartbeat: {"stazioneId":"PA","stato":"ONLINE","timestamp":"2026-08-17T13:17:34.074388686Z","tipoEvento":"HEARTBEAT","bufferSize":0}
2026-08-17 15:17:44,079 INFO  [it.uni.reti2.HeartbeatGenerator] (vert.x-eventloop-thread-0) 💓 [HEARTBEAT] Invio heartbeat: {"stazioneId":"PA","stato":"ONLINE","timestamp":"2026-08-17T13:17:44.079210468Z","tipoEvento":"HEARTBEAT","bufferSize":0}
2026-08-17 15:17:54,074 INFO  [it.uni.reti2.HeartbeatGenerator] (vert.x-eventloop-thread-0) 💓 [HEARTBEAT] Invio heartbeat: {"stazioneId":"PA","stato":"ONLINE","timestamp":"2026-08-17T13:17:54.074465087Z","tipoEvento":"HEARTBEAT","bufferSize":0}
2026-08-17 15:18:04,070 INFO  [it.uni.reti2.HeartbeatGenerator] (vert.x-eventloop-thread-0) 💓 [HEARTBEAT] Invio heartbeat: {"stazioneId":"PA","stato":"ONLINE","timestamp":"2026-08-17T13:18:04.070751351Z","tipoEvento":"HEARTBEAT","bufferSize":0}
2026-08-17 15:18:14,080 INFO  [it.uni.reti2.HeartbeatGenerator] (vert.x-eventloop-thread-0) 💓 [HEARTBEAT] Invio heartbeat: {"stazioneId":"PA","stato":"ONLINE","timestamp":"2026-08-17T13:18:14.080414820Z","tipoEvento":"HEARTBEAT","bufferSize":0}
2026-08-17 15:18:24,077 INFO  [it.uni.reti2.HeartbeatGenerator] (vert.x-eventloop-thread-0) 💓 [HEARTBEAT] Invio heartbeat: {"stazioneId":"PA","stato":"ONLINE","timestamp":"2026-08-17T13:18:24.077048640Z","tipoEvento":"HEARTBEAT","bufferSize":0}
2026-08-17 15:18:34,072 INFO  [it.uni.reti2.HeartbeatGenerator] (vert.x-eventloop-thread-0) 💓 [HEARTBEAT] Invio heartbeat: {"stazioneId":"PA","stato":"ONLINE","timestamp":"2026-08-17T13:18:34.072074150Z","tipoEvento":"HEARTBEAT","bufferSize":0}
2026-08-17 15:18:44,071 INFO  [it.uni.reti2.HeartbeatGenerator] (vert.x-eventloop-thread-0) 💓 [HEARTBEAT] Invio heartbeat: {"stazioneId":"PA","stato":"ONLINE","timestamp":"2026-08-17T13:18:44.071495940Z","tipoEvento":"HEARTBEAT","bufferSize":0}
2026-08-17 15:18:54,077 INFO  [it.uni.reti2.HeartbeatGenerator] (vert.x-eventloop-thread-0) 💓 [HEARTBEAT] Invio heartbeat: {"stazioneId":"PA","stato":"ONLINE","timestamp":"2026-08-17T13:18:54.076848874Z","tipoEvento":"HEARTBEAT","bufferSize":0}
2026-08-17 15:19:04,072 INFO  [it.uni.reti2.HeartbeatGenerator] (vert.x-eventloop-thread-0) 💓 [HEARTBEAT] Invio heartbeat: {"stazioneId":"PA","stato":"ONLINE","timestamp":"2026-08-17T13:19:04.072025427Z","tipoEvento":"HEARTBEAT","bufferSize":0}
2026-08-17 15:19:14,072 INFO  [it.uni.reti2.HeartbeatGenerator] (vert.x-eventloop-thread-0) 💓 [HEARTBEAT] Invio heartbeat: {"stazioneId":"PA","stato":"ONLINE","timestamp":"2026-08-17T13:19:14.072477554Z","tipoEvento":"HEARTBEAT","bufferSize":0}
2026-08-17 15:19:24,077 INFO  [it.uni.reti2.HeartbeatGenerator] (vert.x-eventloop-thread-0) 💓 [HEARTBEAT] Invio heartbeat: {"stazioneId":"PA","stato":"ONLINE","timestamp":"2026-08-17T13:19:24.077661464Z","tipoEvento":"HEARTBEAT","bufferSize":0}
2026-08-17 15:19:34,072 INFO  [it.uni.reti2.HeartbeatGenerator] (vert.x-eventloop-thread-0) 💓 [HEARTBEAT] Invio heartbeat: {"stazioneId":"PA","stato":"ONLINE","timestamp":"2026-08-17T13:19:34.072426608Z","tipoEvento":"HEARTBEAT","bufferSize":0}
2026-08-17 15:19:44,072 INFO  [it.uni.reti2.HeartbeatGenerator] (vert.x-eventloop-thread-0) 💓 [HEARTBEAT] Invio heartbeat: {"stazioneId":"PA","stato":"ONLINE","timestamp":"2026-08-17T13:19:44.072068470Z","tipoEvento":"HEARTBEAT","bufferSize":0}
2026-08-17 15:19:54,077 INFO  [it.uni.reti2.HeartbeatGenerator] (vert.x-eventloop-thread-0) 💓 [HEARTBEAT] Invio heartbeat: {"stazioneId":"PA","stato":"ONLINE","timestamp":"2026-08-17T13:19:54.077757782Z","tipoEvento":"HEARTBEAT","bufferSize":0}
2026-08-17 15:20:04,072 INFO  [it.uni.reti2.HeartbeatGenerator] (vert.x-eventloop-thread-0) 💓 [HEARTBEAT] Invio heartbeat: {"stazioneId":"PA","stato":"ONLINE","timestamp":"2026-08-17T13:20:04.072245610Z","tipoEvento":"HEARTBEAT","bufferSize":0}
2026-08-17 15:20:14,073 INFO  [it.uni.reti2.HeartbeatGenerator] (vert.x-eventloop-thread-0) 💓 [HEARTBEAT] Invio heartbeat: {"stazioneId":"PA","stato":"ONLINE","timestamp":"2026-08-17T13:20:14.072997030Z","tipoEvento":"HEARTBEAT","bufferSize":0}
2026-08-17 15:20:24,075 INFO  [it.uni.reti2.HeartbeatGenerator] (vert.x-eventloop-thread-0) 💓 [HEARTBEAT] Invio heartbeat: {"stazioneId":"PA","stato":"ONLINE","timestamp":"2026-08-17T13:20:24.074926622Z","tipoEvento":"HEARTBEAT","bufferSize":0}
2026-08-17 15:20:34,075 INFO  [it.uni.reti2.HeartbeatGenerator] (vert.x-eventloop-thread-0) 💓 [HEARTBEAT] Invio heartbeat: {"stazioneId":"PA","stato":"ONLINE","timestamp":"2026-08-17T13:20:34.075089772Z","tipoEvento":"HEARTBEAT","bufferSize":0}
2026-08-17 15:20:44,074 INFO  [it.uni.reti2.HeartbeatGenerator] (vert.x-eventloop-thread-0) 💓 [HEARTBEAT] Invio heartbeat: {"stazioneId":"PA","stato":"ONLINE","timestamp":"2026-08-17T13:20:44.074588899Z","tipoEvento":"HEARTBEAT","bufferSize":0}
2026-08-17 15:20:54,079 INFO  [it.uni.reti2.HeartbeatGenerator] (vert.x-eventloop-thread-0) 💓 [HEARTBEAT] Invio heartbeat: {"stazioneId":"PA","stato":"ONLINE","timestamp":"2026-08-17T13:20:54.079602185Z","tipoEvento":"HEARTBEAT","bufferSize":0}
2026-08-17 15:21:04,074 INFO  [it.uni.reti2.HeartbeatGenerator] (vert.x-eventloop-thread-0) 💓 [HEARTBEAT] Invio heartbeat: {"stazioneId":"PA","stato":"ONLINE","timestamp":"2026-08-17T13:21:04.074507326Z","tipoEvento":"HEARTBEAT","bufferSize":0}
2026-08-17 15:21:14,074 INFO  [it.uni.reti2.HeartbeatGenerator] (vert.x-eventloop-thread-0) 💓 [HEARTBEAT] Invio heartbeat: {"stazioneId":"PA","stato":"ONLINE","timestamp":"2026-08-17T13:21:14.074161278Z","tipoEvento":"HEARTBEAT","bufferSize":0}
2026-08-17 15:21:24,079 INFO  [it.uni.reti2.HeartbeatGenerator] (vert.x-eventloop-thread-0) 💓 [HEARTBEAT] Invio heartbeat: {"stazioneId":"PA","stato":"ONLINE","timestamp":"2026-08-17T13:21:24.079036515Z","tipoEvento":"HEARTBEAT","bufferSize":0}
2026-08-17 15:21:34,075 INFO  [it.uni.reti2.HeartbeatGenerator] (vert.x-eventloop-thread-0) 💓 [HEARTBEAT] Invio heartbeat: {"stazioneId":"PA","stato":"ONLINE","timestamp":"2026-08-17T13:21:34.075852734Z","tipoEvento":"HEARTBEAT","bufferSize":0}
2026-08-17 15:21:44,071 INFO  [it.uni.reti2.HeartbeatGenerator] (vert.x-eventloop-thread-0) 💓 [HEARTBEAT] Invio heartbeat: {"stazioneId":"PA","stato":"ONLINE","timestamp":"2026-08-17T13:21:44.071229141Z","tipoEvento":"HEARTBEAT","bufferSize":0}
2026-08-17 15:21:54,071 INFO  [it.uni.reti2.HeartbeatGenerator] (vert.x-eventloop-thread-0) 💓 [HEARTBEAT] Invio heartbeat: {"stazioneId":"PA","stato":"ONLINE","timestamp":"2026-08-17T13:21:54.071820069Z","tipoEvento":"HEARTBEAT","bufferSize":0}
2026-08-17 15:22:04,076 INFO  [it.uni.reti2.HeartbeatGenerator] (vert.x-eventloop-thread-0) 💓 [HEARTBEAT] Invio heartbeat: {"stazioneId":"PA","stato":"ONLINE","timestamp":"2026-08-17T13:22:04.076653574Z","tipoEvento":"HEARTBEAT","bufferSize":0}
2026-08-17 15:22:14,072 INFO  [it.uni.reti2.HeartbeatGenerator] (vert.x-eventloop-thread-0) 💓 [HEARTBEAT] Invio heartbeat: {"stazioneId":"PA","stato":"ONLINE","timestamp":"2026-08-17T13:22:14.072465843Z","tipoEvento":"HEARTBEAT","bufferSize":0}
2026-08-17 15:22:24,072 INFO  [it.uni.reti2.HeartbeatGenerator] (vert.x-eventloop-thread-0) 💓 [HEARTBEAT] Invio heartbeat: {"stazioneId":"PA","stato":"ONLINE","timestamp":"2026-08-17T13:22:24.072315352Z","tipoEvento":"HEARTBEAT","bufferSize":0}
2026-08-17 15:22:34,077 INFO  [it.uni.reti2.HeartbeatGenerator] (vert.x-eventloop-thread-0) 💓 [HEARTBEAT] Invio heartbeat: {"stazioneId":"PA","stato":"ONLINE","timestamp":"2026-08-17T13:22:34.077206896Z","tipoEvento":"HEARTBEAT","bufferSize":0}
2026-08-17 15:22:44,073 INFO  [it.uni.reti2.HeartbeatGenerator] (vert.x-eventloop-thread-0) 💓 [HEARTBEAT] Invio heartbeat: {"stazioneId":"PA","stato":"ONLINE","timestamp":"2026-08-17T13:22:44.073563888Z","tipoEvento":"HEARTBEAT","bufferSize":0}
2026-08-17 15:22:54,074 INFO  [it.uni.reti2.HeartbeatGenerator] (vert.x-eventloop-thread-0) 💓 [HEARTBEAT] Invio heartbeat: {"stazioneId":"PA","stato":"ONLINE","timestamp":"2026-08-17T13:22:54.074179182Z","tipoEvento":"HEARTBEAT","bufferSize":0}
2026-08-17 15:23:04,077 INFO  [it.uni.reti2.HeartbeatGenerator] (vert.x-eventloop-thread-0) 💓 [HEARTBEAT] Invio heartbeat: {"stazioneId":"PA","stato":"ONLINE","timestamp":"2026-08-17T13:23:04.077446757Z","tipoEvento":"HEARTBEAT","bufferSize":0}
2026-08-17 15:23:14,074 INFO  [it.uni.reti2.HeartbeatGenerator] (vert.x-eventloop-thread-0) 💓 [HEARTBEAT] Invio heartbeat: {"stazioneId":"PA","stato":"ONLINE","timestamp":"2026-08-17T13:23:14.074377330Z","tipoEvento":"HEARTBEAT","bufferSize":0}
2026-08-17 15:23:24,074 INFO  [it.uni.reti2.HeartbeatGenerator] (vert.x-eventloop-thread-0) 💓 [HEARTBEAT] Invio heartbeat: {"stazioneId":"PA","stato":"ONLINE","timestamp":"2026-08-17T13:23:24.074727356Z","tipoEvento":"HEARTBEAT","bufferSize":0}
2026-08-17 15:23:34,077 INFO  [it.uni.reti2.HeartbeatGenerator] (vert.x-eventloop-thread-0) 💓 [HEARTBEAT] Invio heartbeat: {"stazioneId":"PA","stato":"ONLINE","timestamp":"2026-08-17T13:23:34.077223598Z","tipoEvento":"HEARTBEAT","bufferSize":0}
2026-08-17 15:23:44,075 INFO  [it.uni.reti2.HeartbeatGenerator] (vert.x-eventloop-thread-0) 💓 [HEARTBEAT] Invio heartbeat: {"stazioneId":"PA","stato":"ONLINE","timestamp":"2026-08-17T13:23:44.075010748Z","tipoEvento":"HEARTBEAT","bufferSize":0}
2026-08-17 15:23:54,071 INFO  [it.uni.reti2.HeartbeatGenerator] (vert.x-eventloop-thread-0) 💓 [HEARTBEAT] Invio heartbeat: {"stazioneId":"PA","stato":"ONLINE","timestamp":"2026-08-17T13:23:54.071611007Z","tipoEvento":"HEARTBEAT","bufferSize":0}
2026-08-17 15:24:04,071 INFO  [it.uni.reti2.HeartbeatGenerator] (vert.x-eventloop-thread-0) 💓 [HEARTBEAT] Invio heartbeat: {"stazioneId":"PA","stato":"ONLINE","timestamp":"2026-08-17T13:24:04.071699357Z","tipoEvento":"HEARTBEAT","bufferSize":0}
2026-08-17 15:24:14,076 INFO  [it.uni.reti2.HeartbeatGenerator] (vert.x-eventloop-thread-0) 💓 [HEARTBEAT] Invio heartbeat: {"stazioneId":"PA","stato":"ONLINE","timestamp":"2026-08-17T13:24:14.076526527Z","tipoEvento":"HEARTBEAT","bufferSize":0}
2026-08-17 15:24:24,071 INFO  [it.uni.reti2.HeartbeatGenerator] (vert.x-eventloop-thread-0) 💓 [HEARTBEAT] Invio heartbeat: {"stazioneId":"PA","stato":"ONLINE","timestamp":"2026-08-17T13:24:24.071261708Z","tipoEvento":"HEARTBEAT","bufferSize":0}
2026-08-17 15:24:34,072 INFO  [it.uni.reti2.HeartbeatGenerator] (vert.x-eventloop-thread-0) 💓 [HEARTBEAT] Invio heartbeat: {"stazioneId":"PA","stato":"ONLINE","timestamp":"2026-08-17T13:24:34.072912125Z","tipoEvento":"HEARTBEAT","bufferSize":0}
2026-08-17 15:24:44,077 INFO  [it.uni.reti2.HeartbeatGenerator] (vert.x-eventloop-thread-0) 💓 [HEARTBEAT] Invio heartbeat: {"stazioneId":"PA","stato":"ONLINE","timestamp":"2026-08-17T13:24:44.077263070Z","tipoEvento":"HEARTBEAT","bufferSize":0}
2026-08-17 15:24:54,070 INFO  [it.uni.reti2.HeartbeatGenerator] (vert.x-eventloop-thread-0) 💓 [HEARTBEAT] Invio heartbeat: {"stazioneId":"PA","stato":"ONLINE","timestamp":"2026-08-17T13:24:54.070771785Z","tipoEvento":"HEARTBEAT","bufferSize":0}
2026-08-17 15:25:04,073 INFO  [it.uni.reti2.HeartbeatGenerator] (vert.x-eventloop-thread-0) 💓 [HEARTBEAT] Invio heartbeat: {"stazioneId":"PA","stato":"ONLINE","timestamp":"2026-08-17T13:25:04.073686164Z","tipoEvento":"HEARTBEAT","bufferSize":0}
2026-08-17 15:25:14,078 INFO  [it.uni.reti2.HeartbeatGenerator] (vert.x-eventloop-thread-0) 💓 [HEARTBEAT] Invio heartbeat: {"stazioneId":"PA","stato":"ONLINE","timestamp":"2026-08-17T13:25:14.078032126Z","tipoEvento":"HEARTBEAT","bufferSize":0}
2026-08-17 15:25:24,074 INFO  [it.uni.reti2.HeartbeatGenerator] (vert.x-eventloop-thread-0) 💓 [HEARTBEAT] Invio heartbeat: {"stazioneId":"PA","stato":"ONLINE","timestamp":"2026-08-17T13:25:24.074373544Z","tipoEvento":"HEARTBEAT","bufferSize":0}
2026-08-17 15:25:34,075 INFO  [it.uni.reti2.HeartbeatGenerator] (vert.x-eventloop-thread-0) 💓 [HEARTBEAT] Invio heartbeat: {"stazioneId":"PA","stato":"ONLINE","timestamp":"2026-08-17T13:25:34.075006763Z","tipoEvento":"HEARTBEAT","bufferSize":0}
2026-08-17 15:25:44,071 INFO  [it.uni.reti2.HeartbeatGenerator] (vert.x-eventloop-thread-0) 💓 [HEARTBEAT] Invio heartbeat: {"stazioneId":"PA","stato":"ONLINE","timestamp":"2026-08-17T13:25:44.071447433Z","tipoEvento":"HEARTBEAT","bufferSize":0}
2026-08-17 15:25:54,076 INFO  [it.uni.reti2.HeartbeatGenerator] (vert.x-eventloop-thread-0) 💓 [HEARTBEAT] Invio heartbeat: {"stazioneId":"PA","stato":"ONLINE","timestamp":"2026-08-17T13:25:54.076057604Z","tipoEvento":"HEARTBEAT","bufferSize":0}
2026-08-17 15:26:04,071 INFO  [it.uni.reti2.HeartbeatGenerator] (vert.x-eventloop-thread-0) 💓 [HEARTBEAT] Invio heartbeat: {"stazioneId":"PA","stato":"ONLINE","timestamp":"2026-08-17T13:26:04.070996340Z","tipoEvento":"HEARTBEAT","bufferSize":0}
2026-08-17 15:26:14,070 INFO  [it.uni.reti2.HeartbeatGenerator] (vert.x-eventloop-thread-0) 💓 [HEARTBEAT] Invio heartbeat: {"stazioneId":"PA","stato":"ONLINE","timestamp":"2026-08-17T13:26:14.070093145Z","tipoEvento":"HEARTBEAT","bufferSize":0}
2026-08-17 15:26:24,077 INFO  [it.uni.reti2.HeartbeatGenerator] (vert.x-eventloop-thread-0) 💓 [HEARTBEAT] Invio heartbeat: {"stazioneId":"PA","stato":"ONLINE","timestamp":"2026-08-17T13:26:24.077188764Z","tipoEvento":"HEARTBEAT","bufferSize":0}
2026-08-17 15:26:34,073 INFO  [it.uni.reti2.HeartbeatGenerator] (vert.x-eventloop-thread-0) 💓 [HEARTBEAT] Invio heartbeat: {"stazioneId":"PA","stato":"ONLINE","timestamp":"2026-08-17T13:26:34.073225981Z","tipoEvento":"HEARTBEAT","bufferSize":0}
2026-08-17 15:26:44,073 INFO  [it.uni.reti2.HeartbeatGenerator] (vert.x-eventloop-thread-0) 💓 [HEARTBEAT] Invio heartbeat: {"stazioneId":"PA","stato":"ONLINE","timestamp":"2026-08-17T13:26:44.073408775Z","tipoEvento":"HEARTBEAT","bufferSize":0}
2026-08-17 15:26:54,079 INFO  [it.uni.reti2.HeartbeatGenerator] (vert.x-eventloop-thread-0) 💓 [HEARTBEAT] Invio heartbeat: {"stazioneId":"PA","stato":"ONLINE","timestamp":"2026-08-17T13:26:54.079125105Z","tipoEvento":"HEARTBEAT","bufferSize":0}
2026-08-17 15:27:04,075 INFO  [it.uni.reti2.HeartbeatGenerator] (vert.x-eventloop-thread-0) 💓 [HEARTBEAT] Invio heartbeat: {"stazioneId":"PA","stato":"ONLINE","timestamp":"2026-08-17T13:27:04.075568418Z","tipoEvento":"HEARTBEAT","bufferSize":0}
2026-08-17 15:27:14,075 INFO  [it.uni.reti2.HeartbeatGenerator] (vert.x-eventloop-thread-0) 💓 [HEARTBEAT] Invio heartbeat: {"stazioneId":"PA","stato":"ONLINE","timestamp":"2026-08-17T13:27:14.075044583Z","tipoEvento":"HEARTBEAT","bufferSize":0}
2026-08-17 15:27:24,079 INFO  [it.uni.reti2.HeartbeatGenerator] (vert.x-eventloop-thread-0) 💓 [HEARTBEAT] Invio heartbeat: {"stazioneId":"PA","stato":"ONLINE","timestamp":"2026-08-17T13:27:24.079725956Z","tipoEvento":"HEARTBEAT","bufferSize":0}
2026-08-17 15:27:34,075 INFO  [it.uni.reti2.HeartbeatGenerator] (vert.x-eventloop-thread-0) 💓 [HEARTBEAT] Invio heartbeat: {"stazioneId":"PA","stato":"ONLINE","timestamp":"2026-08-17T13:27:34.075380820Z","tipoEvento":"HEARTBEAT","bufferSize":0}
2026-08-17 15:27:44,071 INFO  [it.uni.reti2.HeartbeatGenerator] (vert.x-eventloop-thread-0) 💓 [HEARTBEAT] Invio heartbeat: {"stazioneId":"PA","stato":"ONLINE","timestamp":"2026-08-17T13:27:44.071267607Z","tipoEvento":"HEARTBEAT","bufferSize":0}
2026-08-17 15:27:54,071 INFO  [it.uni.reti2.HeartbeatGenerator] (vert.x-eventloop-thread-0) 💓 [HEARTBEAT] Invio heartbeat: {"stazioneId":"PA","stato":"ONLINE","timestamp":"2026-08-17T13:27:54.071815437Z","tipoEvento":"HEARTBEAT","bufferSize":0}
2026-08-17 15:28:04,076 INFO  [it.uni.reti2.HeartbeatGenerator] (vert.x-eventloop-thread-0) 💓 [HEARTBEAT] Invio heartbeat: {"stazioneId":"PA","stato":"ONLINE","timestamp":"2026-08-17T13:28:04.076260474Z","tipoEvento":"HEARTBEAT","bufferSize":0}
2026-08-17 15:28:14,071 INFO  [it.uni.reti2.HeartbeatGenerator] (vert.x-eventloop-thread-0) 💓 [HEARTBEAT] Invio heartbeat: {"stazioneId":"PA","stato":"ONLINE","timestamp":"2026-08-17T13:28:14.071500086Z","tipoEvento":"HEARTBEAT","bufferSize":0}
2026-08-17 15:28:24,073 INFO  [it.uni.reti2.HeartbeatGenerator] (vert.x-eventloop-thread-0) 💓 [HEARTBEAT] Invio heartbeat: {"stazioneId":"PA","stato":"ONLINE","timestamp":"2026-08-17T13:28:24.073419529Z","tipoEvento":"HEARTBEAT","bufferSize":0}
2026-08-17 15:28:34,076 INFO  [it.uni.reti2.HeartbeatGenerator] (vert.x-eventloop-thread-0) 💓 [HEARTBEAT] Invio heartbeat: {"stazioneId":"PA","stato":"ONLINE","timestamp":"2026-08-17T13:28:34.076783308Z","tipoEvento":"HEARTBEAT","bufferSize":0}
2026-08-17 15:28:44,075 INFO  [it.uni.reti2.HeartbeatGenerator] (vert.x-eventloop-thread-0) 💓 [HEARTBEAT] Invio heartbeat: {"stazioneId":"PA","stato":"ONLINE","timestamp":"2026-08-17T13:28:44.075545061Z","tipoEvento":"HEARTBEAT","bufferSize":0}
2026-08-17 15:28:54,073 INFO  [it.uni.reti2.HeartbeatGenerator] (vert.x-eventloop-thread-0) 💓 [HEARTBEAT] Invio heartbeat: {"stazioneId":"PA","stato":"ONLINE","timestamp":"2026-08-17T13:28:54.073544167Z","tipoEvento":"HEARTBEAT","bufferSize":0}
2026-08-17 15:29:04,077 INFO  [it.uni.reti2.HeartbeatGenerator] (vert.x-eventloop-thread-0) 💓 [HEARTBEAT] Invio heartbeat: {"stazioneId":"PA","stato":"ONLINE","timestamp":"2026-08-17T13:29:04.076971415Z","tipoEvento":"HEARTBEAT","bufferSize":0}
2026-08-17 15:29:14,076 INFO  [it.uni.reti2.HeartbeatGenerator] (vert.x-eventloop-thread-0) 💓 [HEARTBEAT] Invio heartbeat: {"stazioneId":"PA","stato":"ONLINE","timestamp":"2026-08-17T13:29:14.076233996Z","tipoEvento":"HEARTBEAT","bufferSize":0}
2026-08-17 15:29:24,072 INFO  [it.uni.reti2.HeartbeatGenerator] (vert.x-eventloop-thread-0) 💓 [HEARTBEAT] Invio heartbeat: {"stazioneId":"PA","stato":"ONLINE","timestamp":"2026-08-17T13:29:24.072648204Z","tipoEvento":"HEARTBEAT","bufferSize":0}
2026-08-17 15:29:34,072 INFO  [it.uni.reti2.HeartbeatGenerator] (vert.x-eventloop-thread-0) 💓 [HEARTBEAT] Invio heartbeat: {"stazioneId":"PA","stato":"ONLINE","timestamp":"2026-08-17T13:29:34.072309284Z","tipoEvento":"HEARTBEAT","bufferSize":0}
2026-08-17 15:29:44,077 INFO  [it.uni.reti2.HeartbeatGenerator] (vert.x-eventloop-thread-0) 💓 [HEARTBEAT] Invio heartbeat: {"stazioneId":"PA","stato":"ONLINE","timestamp":"2026-08-17T13:29:44.077021054Z","tipoEvento":"HEARTBEAT","bufferSize":0}
2026-08-17 15:29:54,073 INFO  [it.uni.reti2.HeartbeatGenerator] (vert.x-eventloop-thread-0) 💓 [HEARTBEAT] Invio heartbeat: {"stazioneId":"PA","stato":"ONLINE","timestamp":"2026-08-17T13:29:54.073536325Z","tipoEvento":"HEARTBEAT","bufferSize":0}
2026-08-17 15:30:04,073 INFO  [it.uni.reti2.HeartbeatGenerator] (vert.x-eventloop-thread-0) 💓 [HEARTBEAT] Invio heartbeat: {"stazioneId":"PA","stato":"ONLINE","timestamp":"2026-08-17T13:30:04.073049500Z","tipoEvento":"HEARTBEAT","bufferSize":0}
2026-08-17 15:30:14,077 INFO  [it.uni.reti2.HeartbeatGenerator] (vert.x-eventloop-thread-0) 💓 [HEARTBEAT] Invio heartbeat: {"stazioneId":"PA","stato":"ONLINE","timestamp":"2026-08-17T13:30:14.077851061Z","tipoEvento":"HEARTBEAT","bufferSize":0}
2026-08-17 15:30:24,074 INFO  [it.uni.reti2.HeartbeatGenerator] (vert.x-eventloop-thread-0) 💓 [HEARTBEAT] Invio heartbeat: {"stazioneId":"PA","stato":"ONLINE","timestamp":"2026-08-17T13:30:24.074428699Z","tipoEvento":"HEARTBEAT","bufferSize":0}
2026-08-17 15:30:34,074 INFO  [it.uni.reti2.HeartbeatGenerator] (vert.x-eventloop-thread-0) 💓 [HEARTBEAT] Invio heartbeat: {"stazioneId":"PA","stato":"ONLINE","timestamp":"2026-08-17T13:30:34.074066539Z","tipoEvento":"HEARTBEAT","bufferSize":0}
2026-08-17 15:30:44,075 INFO  [it.uni.reti2.HeartbeatGenerator] (vert.x-eventloop-thread-0) 💓 [HEARTBEAT] Invio heartbeat: {"stazioneId":"PA","stato":"ONLINE","timestamp":"2026-08-17T13:30:44.075122084Z","tipoEvento":"HEARTBEAT","bufferSize":0}
2026-08-17 15:30:54,073 INFO  [it.uni.reti2.HeartbeatGenerator] (vert.x-eventloop-thread-0) 💓 [HEARTBEAT] Invio heartbeat: {"stazioneId":"PA","stato":"ONLINE","timestamp":"2026-08-17T13:30:54.073089904Z","tipoEvento":"HEARTBEAT","bufferSize":0}
2026-08-17 15:31:04,071 INFO  [it.uni.reti2.HeartbeatGenerator] (vert.x-eventloop-thread-0) 💓 [HEARTBEAT] Invio heartbeat: {"stazioneId":"PA","stato":"ONLINE","timestamp":"2026-08-17T13:31:04.071518562Z","tipoEvento":"HEARTBEAT","bufferSize":0}
2026-08-17 15:31:14,071 INFO  [it.uni.reti2.HeartbeatGenerator] (vert.x-eventloop-thread-0) 💓 [HEARTBEAT] Invio heartbeat: {"stazioneId":"PA","stato":"ONLINE","timestamp":"2026-08-17T13:31:14.071099018Z","tipoEvento":"HEARTBEAT","bufferSize":0}
2026-08-17 15:31:24,076 INFO  [it.uni.reti2.HeartbeatGenerator] (vert.x-eventloop-thread-0) 💓 [HEARTBEAT] Invio heartbeat: {"stazioneId":"PA","stato":"ONLINE","timestamp":"2026-08-17T13:31:24.076398808Z","tipoEvento":"HEARTBEAT","bufferSize":0}
2026-08-17 15:31:34,073 INFO  [it.uni.reti2.HeartbeatGenerator] (vert.x-eventloop-thread-0) 💓 [HEARTBEAT] Invio heartbeat: {"stazioneId":"PA","stato":"ONLINE","timestamp":"2026-08-17T13:31:34.072897744Z","tipoEvento":"HEARTBEAT","bufferSize":0}
2026-08-17 15:31:44,072 INFO  [it.uni.reti2.HeartbeatGenerator] (vert.x-eventloop-thread-0) 💓 [HEARTBEAT] Invio heartbeat: {"stazioneId":"PA","stato":"ONLINE","timestamp":"2026-08-17T13:31:44.072483601Z","tipoEvento":"HEARTBEAT","bufferSize":0}
2026-08-17 15:31:54,077 INFO  [it.uni.reti2.HeartbeatGenerator] (vert.x-eventloop-thread-0) 💓 [HEARTBEAT] Invio heartbeat: {"stazioneId":"PA","stato":"ONLINE","timestamp":"2026-08-17T13:31:54.077191289Z","tipoEvento":"HEARTBEAT","bufferSize":0}
2026-08-17 15:32:04,073 INFO  [it.uni.reti2.HeartbeatGenerator] (vert.x-eventloop-thread-0) 💓 [HEARTBEAT] Invio heartbeat: {"stazioneId":"PA","stato":"ONLINE","timestamp":"2026-08-17T13:32:04.073852018Z","tipoEvento":"HEARTBEAT","bufferSize":0}
2026-08-17 15:32:14,070 INFO  [it.uni.reti2.HeartbeatGenerator] (vert.x-eventloop-thread-0) 💓 [HEARTBEAT] Invio heartbeat: {"stazioneId":"PA","stato":"ONLINE","timestamp":"2026-08-17T13:32:14.070505383Z","tipoEvento":"HEARTBEAT","bufferSize":0}
2026-08-17 15:32:24,079 INFO  [it.uni.reti2.HeartbeatGenerator] (vert.x-eventloop-thread-0) 💓 [HEARTBEAT] Invio heartbeat: {"stazioneId":"PA","stato":"ONLINE","timestamp":"2026-08-17T13:32:24.079410568Z","tipoEvento":"HEARTBEAT","bufferSize":0}
2026-08-17 15:32:34,075 INFO  [it.uni.reti2.HeartbeatGenerator] (vert.x-eventloop-thread-0) 💓 [HEARTBEAT] Invio heartbeat: {"stazioneId":"PA","stato":"ONLINE","timestamp":"2026-08-17T13:32:34.075794139Z","tipoEvento":"HEARTBEAT","bufferSize":0}
2026-08-17 15:32:44,070 INFO  [it.uni.reti2.HeartbeatGenerator] (vert.x-eventloop-thread-0) 💓 [HEARTBEAT] Invio heartbeat: {"stazioneId":"PA","stato":"ONLINE","timestamp":"2026-08-17T13:32:44.070227598Z","tipoEvento":"HEARTBEAT","bufferSize":0}
2026-08-17 15:32:54,071 INFO  [it.uni.reti2.HeartbeatGenerator] (vert.x-eventloop-thread-0) 💓 [HEARTBEAT] Invio heartbeat: {"stazioneId":"PA","stato":"ONLINE","timestamp":"2026-08-17T13:32:54.071700234Z","tipoEvento":"HEARTBEAT","bufferSize":0}
2026-08-17 15:33:04,075 INFO  [it.uni.reti2.HeartbeatGenerator] (vert.x-eventloop-thread-0) 💓 [HEARTBEAT] Invio heartbeat: {"stazioneId":"PA","stato":"ONLINE","timestamp":"2026-08-17T13:33:04.075238990Z","tipoEvento":"HEARTBEAT","bufferSize":0}
2026-08-17 15:33:14,071 INFO  [it.uni.reti2.HeartbeatGenerator] (vert.x-eventloop-thread-0) 💓 [HEARTBEAT] Invio heartbeat: {"stazioneId":"PA","stato":"ONLINE","timestamp":"2026-08-17T13:33:14.071277451Z","tipoEvento":"HEARTBEAT","bufferSize":0}
2026-08-17 15:33:24,071 INFO  [it.uni.reti2.HeartbeatGenerator] (vert.x-eventloop-thread-0) 💓 [HEARTBEAT] Invio heartbeat: {"stazioneId":"PA","stato":"ONLINE","timestamp":"2026-08-17T13:33:24.071480991Z","tipoEvento":"HEARTBEAT","bufferSize":0}
2026-08-17 15:33:34,076 INFO  [it.uni.reti2.HeartbeatGenerator] (vert.x-eventloop-thread-0) 💓 [HEARTBEAT] Invio heartbeat: {"stazioneId":"PA","stato":"ONLINE","timestamp":"2026-08-17T13:33:34.076746166Z","tipoEvento":"HEARTBEAT","bufferSize":0}
2026-08-17 15:33:44,072 INFO  [it.uni.reti2.HeartbeatGenerator] (vert.x-eventloop-thread-0) 💓 [HEARTBEAT] Invio heartbeat: {"stazioneId":"PA","stato":"ONLINE","timestamp":"2026-08-17T13:33:44.072055624Z","tipoEvento":"HEARTBEAT","bufferSize":0}
2026-08-17 15:33:54,072 INFO  [it.uni.reti2.HeartbeatGenerator] (vert.x-eventloop-thread-0) 💓 [HEARTBEAT] Invio heartbeat: {"stazioneId":"PA","stato":"ONLINE","timestamp":"2026-08-17T13:33:54.072411292Z","tipoEvento":"HEARTBEAT","bufferSize":0}
2026-08-17 15:34:04,076 INFO  [it.uni.reti2.HeartbeatGenerator] (vert.x-eventloop-thread-0) 💓 [HEARTBEAT] Invio heartbeat: {"stazioneId":"PA","stato":"ONLINE","timestamp":"2026-08-17T13:34:04.076597681Z","tipoEvento":"HEARTBEAT","bufferSize":0}
2026-08-17 15:34:14,074 INFO  [it.uni.reti2.HeartbeatGenerator] (vert.x-eventloop-thread-0) 💓 [HEARTBEAT] Invio heartbeat: {"stazioneId":"PA","stato":"ONLINE","timestamp":"2026-08-17T13:34:14.074188454Z","tipoEvento":"HEARTBEAT","bufferSize":0}
2026-08-17 15:34:24,074 INFO  [it.uni.reti2.HeartbeatGenerator] (vert.x-eventloop-thread-0) 💓 [HEARTBEAT] Invio heartbeat: {"stazioneId":"PA","stato":"ONLINE","timestamp":"2026-08-17T13:34:24.074779579Z","tipoEvento":"HEARTBEAT","bufferSize":0}
2026-08-17 15:34:34,077 INFO  [it.uni.reti2.HeartbeatGenerator] (vert.x-eventloop-thread-0) 💓 [HEARTBEAT] Invio heartbeat: {"stazioneId":"PA","stato":"ONLINE","timestamp":"2026-08-17T13:34:34.077060800Z","tipoEvento":"HEARTBEAT","bufferSize":0}
2026-08-17 15:34:44,075 INFO  [it.uni.reti2.HeartbeatGenerator] (vert.x-eventloop-thread-0) 💓 [HEARTBEAT] Invio heartbeat: {"stazioneId":"PA","stato":"ONLINE","timestamp":"2026-08-17T13:34:44.075015979Z","tipoEvento":"HEARTBEAT","bufferSize":0}
2026-08-17 15:34:54,075 INFO  [it.uni.reti2.HeartbeatGenerator] (vert.x-eventloop-thread-0) 💓 [HEARTBEAT] Invio heartbeat: {"stazioneId":"PA","stato":"ONLINE","timestamp":"2026-08-17T13:34:54.075578329Z","tipoEvento":"HEARTBEAT","bufferSize":0}
2026-08-17 15:35:04,071 INFO  [it.uni.reti2.HeartbeatGenerator] (vert.x-eventloop-thread-0) 💓 [HEARTBEAT] Invio heartbeat: {"stazioneId":"PA","stato":"ONLINE","timestamp":"2026-08-17T13:35:04.071581551Z","tipoEvento":"HEARTBEAT","bufferSize":0}
2026-08-17 15:35:14,076 INFO  [it.uni.reti2.HeartbeatGenerator] (vert.x-eventloop-thread-0) 💓 [HEARTBEAT] Invio heartbeat: {"stazioneId":"PA","stato":"ONLINE","timestamp":"2026-08-17T13:35:14.076400974Z","tipoEvento":"HEARTBEAT","bufferSize":0}
2026-08-17 15:35:24,072 INFO  [it.uni.reti2.HeartbeatGenerator] (vert.x-eventloop-thread-0) 💓 [HEARTBEAT] Invio heartbeat: {"stazioneId":"PA","stato":"ONLINE","timestamp":"2026-08-17T13:35:24.072379837Z","tipoEvento":"HEARTBEAT","bufferSize":0}
2026-08-17 15:35:34,071 INFO  [it.uni.reti2.HeartbeatGenerator] (vert.x-eventloop-thread-0) 💓 [HEARTBEAT] Invio heartbeat: {"stazioneId":"PA","stato":"ONLINE","timestamp":"2026-08-17T13:35:34.071889671Z","tipoEvento":"HEARTBEAT","bufferSize":0}
2026-08-17 15:35:44,077 INFO  [it.uni.reti2.HeartbeatGenerator] (vert.x-eventloop-thread-0) 💓 [HEARTBEAT] Invio heartbeat: {"stazioneId":"PA","stato":"ONLINE","timestamp":"2026-08-17T13:35:44.077273323Z","tipoEvento":"HEARTBEAT","bufferSize":0}
2026-08-17 15:35:54,072 INFO  [it.uni.reti2.HeartbeatGenerator] (vert.x-eventloop-thread-0) 💓 [HEARTBEAT] Invio heartbeat: {"stazioneId":"PA","stato":"ONLINE","timestamp":"2026-08-17T13:35:54.072665254Z","tipoEvento":"HEARTBEAT","bufferSize":0}
2026-08-17 15:36:04,073 INFO  [it.uni.reti2.HeartbeatGenerator] (vert.x-eventloop-thread-0) 💓 [HEARTBEAT] Invio heartbeat: {"stazioneId":"PA","stato":"ONLINE","timestamp":"2026-08-17T13:36:04.073878772Z","tipoEvento":"HEARTBEAT","bufferSize":0}
2026-08-17 15:36:14,078 INFO  [it.uni.reti2.HeartbeatGenerator] (vert.x-eventloop-thread-0) 💓 [HEARTBEAT] Invio heartbeat: {"stazioneId":"PA","stato":"ONLINE","timestamp":"2026-08-17T13:36:14.078601993Z","tipoEvento":"HEARTBEAT","bufferSize":0}
2026-08-17 15:36:24,072 INFO  [it.uni.reti2.HeartbeatGenerator] (vert.x-eventloop-thread-0) 💓 [HEARTBEAT] Invio heartbeat: {"stazioneId":"PA","stato":"ONLINE","timestamp":"2026-08-17T13:36:24.072196956Z","tipoEvento":"HEARTBEAT","bufferSize":0}
2026-08-17 15:36:34,074 INFO  [it.uni.reti2.HeartbeatGenerator] (vert.x-eventloop-thread-0) 💓 [HEARTBEAT] Invio heartbeat: {"stazioneId":"PA","stato":"ONLINE","timestamp":"2026-08-17T13:36:34.074258407Z","tipoEvento":"HEARTBEAT","bufferSize":0}
2026-08-17 15:36:44,078 INFO  [it.uni.reti2.HeartbeatGenerator] (vert.x-eventloop-thread-0) 💓 [HEARTBEAT] Invio heartbeat: {"stazioneId":"PA","stato":"ONLINE","timestamp":"2026-08-17T13:36:44.078290499Z","tipoEvento":"HEARTBEAT","bufferSize":0}
2026-08-17 15:36:54,075 INFO  [it.uni.reti2.HeartbeatGenerator] (vert.x-eventloop-thread-0) 💓 [HEARTBEAT] Invio heartbeat: {"stazioneId":"PA","stato":"ONLINE","timestamp":"2026-08-17T13:36:54.075328179Z","tipoEvento":"HEARTBEAT","bufferSize":0}
2026-08-17 15:37:04,071 INFO  [it.uni.reti2.HeartbeatGenerator] (vert.x-eventloop-thread-0) 💓 [HEARTBEAT] Invio heartbeat: {"stazioneId":"PA","stato":"ONLINE","timestamp":"2026-08-17T13:37:04.071160164Z","tipoEvento":"HEARTBEAT","bufferSize":0}
2026-08-17 15:37:14,071 INFO  [it.uni.reti2.HeartbeatGenerator] (vert.x-eventloop-thread-0) 💓 [HEARTBEAT] Invio heartbeat: {"stazioneId":"PA","stato":"ONLINE","timestamp":"2026-08-17T13:37:14.071340903Z","tipoEvento":"HEARTBEAT","bufferSize":0}
2026-08-17 15:37:24,077 INFO  [it.uni.reti2.HeartbeatGenerator] (vert.x-eventloop-thread-0) 💓 [HEARTBEAT] Invio heartbeat: {"stazioneId":"PA","stato":"ONLINE","timestamp":"2026-08-17T13:37:24.077273155Z","tipoEvento":"HEARTBEAT","bufferSize":0}
2026-08-17 15:37:34,073 INFO  [it.uni.reti2.HeartbeatGenerator] (vert.x-eventloop-thread-0) 💓 [HEARTBEAT] Invio heartbeat: {"stazioneId":"PA","stato":"ONLINE","timestamp":"2026-08-17T13:37:34.073462035Z","tipoEvento":"HEARTBEAT","bufferSize":0}
2026-08-17 15:37:44,074 INFO  [it.uni.reti2.HeartbeatGenerator] (vert.x-eventloop-thread-0) 💓 [HEARTBEAT] Invio heartbeat: {"stazioneId":"PA","stato":"ONLINE","timestamp":"2026-08-17T13:37:44.074098691Z","tipoEvento":"HEARTBEAT","bufferSize":0}
2026-08-17 15:37:54,079 INFO  [it.uni.reti2.HeartbeatGenerator] (vert.x-eventloop-thread-0) 💓 [HEARTBEAT] Invio heartbeat: {"stazioneId":"PA","stato":"ONLINE","timestamp":"2026-08-17T13:37:54.079244556Z","tipoEvento":"HEARTBEAT","bufferSize":0}
2026-08-17 15:38:04,075 INFO  [it.uni.reti2.HeartbeatGenerator] (vert.x-eventloop-thread-0) 💓 [HEARTBEAT] Invio heartbeat: {"stazioneId":"PA","stato":"ONLINE","timestamp":"2026-08-17T13:38:04.075359301Z","tipoEvento":"HEARTBEAT","bufferSize":0}
2026-08-17 15:38:14,070 INFO  [it.uni.reti2.HeartbeatGenerator] (vert.x-eventloop-thread-0) 💓 [HEARTBEAT] Invio heartbeat: {"stazioneId":"PA","stato":"ONLINE","timestamp":"2026-08-17T13:38:14.070906240Z","tipoEvento":"HEARTBEAT","bufferSize":0}
2026-08-17 15:38:24,071 INFO  [it.uni.reti2.HeartbeatGenerator] (vert.x-eventloop-thread-0) 💓 [HEARTBEAT] Invio heartbeat: {"stazioneId":"PA","stato":"ONLINE","timestamp":"2026-08-17T13:38:24.071584351Z","tipoEvento":"HEARTBEAT","bufferSize":0}
2026-08-17 15:38:34,076 INFO  [it.uni.reti2.HeartbeatGenerator] (vert.x-eventloop-thread-0) 💓 [HEARTBEAT] Invio heartbeat: {"stazioneId":"PA","stato":"ONLINE","timestamp":"2026-08-17T13:38:34.076099601Z","tipoEvento":"HEARTBEAT","bufferSize":0}
2026-08-17 15:38:44,072 INFO  [it.uni.reti2.HeartbeatGenerator] (vert.x-eventloop-thread-0) 💓 [HEARTBEAT] Invio heartbeat: {"stazioneId":"PA","stato":"ONLINE","timestamp":"2026-08-17T13:38:44.072003697Z","tipoEvento":"HEARTBEAT","bufferSize":0}
2026-08-17 15:38:54,073 INFO  [it.uni.reti2.HeartbeatGenerator] (vert.x-eventloop-thread-0) 💓 [HEARTBEAT] Invio heartbeat: {"stazioneId":"PA","stato":"ONLINE","timestamp":"2026-08-17T13:38:54.073297468Z","tipoEvento":"HEARTBEAT","bufferSize":0}
2026-08-17 15:39:04,077 INFO  [it.uni.reti2.HeartbeatGenerator] (vert.x-eventloop-thread-0) 💓 [HEARTBEAT] Invio heartbeat: {"stazioneId":"PA","stato":"ONLINE","timestamp":"2026-08-17T13:39:04.077086884Z","tipoEvento":"HEARTBEAT","bufferSize":0}
2026-08-17 15:39:14,073 INFO  [it.uni.reti2.HeartbeatGenerator] (vert.x-eventloop-thread-0) 💓 [HEARTBEAT] Invio heartbeat: {"stazioneId":"PA","stato":"ONLINE","timestamp":"2026-08-17T13:39:14.073714004Z","tipoEvento":"HEARTBEAT","bufferSize":0}
2026-08-17 15:39:24,074 INFO  [it.uni.reti2.HeartbeatGenerator] (vert.x-eventloop-thread-0) 💓 [HEARTBEAT] Invio heartbeat: {"stazioneId":"PA","stato":"ONLINE","timestamp":"2026-08-17T13:39:24.074788509Z","tipoEvento":"HEARTBEAT","bufferSize":0}
2026-08-17 15:39:34,077 INFO  [it.uni.reti2.HeartbeatGenerator] (vert.x-eventloop-thread-0) 💓 [HEARTBEAT] Invio heartbeat: {"stazioneId":"PA","stato":"ONLINE","timestamp":"2026-08-17T13:39:34.077081148Z","tipoEvento":"HEARTBEAT","bufferSize":0}
2026-08-17 15:39:44,076 INFO  [it.uni.reti2.HeartbeatGenerator] (vert.x-eventloop-thread-0) 💓 [HEARTBEAT] Invio heartbeat: {"stazioneId":"PA","stato":"ONLINE","timestamp":"2026-08-17T13:39:44.076222635Z","tipoEvento":"HEARTBEAT","bufferSize":0}
2026-08-17 15:39:54,072 INFO  [it.uni.reti2.HeartbeatGenerator] (vert.x-eventloop-thread-0) 💓 [HEARTBEAT] Invio heartbeat: {"stazioneId":"PA","stato":"ONLINE","timestamp":"2026-08-17T13:39:54.072299413Z","tipoEvento":"HEARTBEAT","bufferSize":0}
2026-08-17 15:40:04,072 INFO  [it.uni.reti2.HeartbeatGenerator] (vert.x-eventloop-thread-0) 💓 [HEARTBEAT] Invio heartbeat: {"stazioneId":"PA","stato":"ONLINE","timestamp":"2026-08-17T13:40:04.072272662Z","tipoEvento":"HEARTBEAT","bufferSize":0}
2026-08-17 15:40:14,077 INFO  [it.uni.reti2.HeartbeatGenerator] (vert.x-eventloop-thread-0) 💓 [HEARTBEAT] Invio heartbeat: {"stazioneId":"PA","stato":"ONLINE","timestamp":"2026-08-17T13:40:14.077100272Z","tipoEvento":"HEARTBEAT","bufferSize":0}
2026-08-17 15:40:24,073 INFO  [it.uni.reti2.HeartbeatGenerator] (vert.x-eventloop-thread-0) 💓 [HEARTBEAT] Invio heartbeat: {"stazioneId":"PA","stato":"ONLINE","timestamp":"2026-08-17T13:40:24.073085083Z","tipoEvento":"HEARTBEAT","bufferSize":0}
2026-08-17 15:40:34,073 INFO  [it.uni.reti2.HeartbeatGenerator] (vert.x-eventloop-thread-0) 💓 [HEARTBEAT] Invio heartbeat: {"stazioneId":"PA","stato":"ONLINE","timestamp":"2026-08-17T13:40:34.073477346Z","tipoEvento":"HEARTBEAT","bufferSize":0}
2026-08-17 15:40:44,079 INFO  [it.uni.reti2.HeartbeatGenerator] (vert.x-eventloop-thread-0) 💓 [HEARTBEAT] Invio heartbeat: {"stazioneId":"PA","stato":"ONLINE","timestamp":"2026-08-17T13:40:44.079020581Z","tipoEvento":"HEARTBEAT","bufferSize":0}
2026-08-17 15:40:54,076 INFO  [it.uni.reti2.HeartbeatGenerator] (vert.x-eventloop-thread-0) 💓 [HEARTBEAT] Invio heartbeat: {"stazioneId":"PA","stato":"ONLINE","timestamp":"2026-08-17T13:40:54.076269860Z","tipoEvento":"HEARTBEAT","bufferSize":0}
2026-08-17 15:41:04,071 INFO  [it.uni.reti2.HeartbeatGenerator] (vert.x-eventloop-thread-0) 💓 [HEARTBEAT] Invio heartbeat: {"stazioneId":"PA","stato":"ONLINE","timestamp":"2026-08-17T13:41:04.071249506Z","tipoEvento":"HEARTBEAT","bufferSize":0}
2026-08-17 15:41:14,072 INFO  [it.uni.reti2.HeartbeatGenerator] (vert.x-eventloop-thread-0) 💓 [HEARTBEAT] Invio heartbeat: {"stazioneId":"PA","stato":"ONLINE","timestamp":"2026-08-17T13:41:14.072058255Z","tipoEvento":"HEARTBEAT","bufferSize":0}
2026-08-17 15:41:24,077 INFO  [it.uni.reti2.HeartbeatGenerator] (vert.x-eventloop-thread-0) 💓 [HEARTBEAT] Invio heartbeat: {"stazioneId":"PA","stato":"ONLINE","timestamp":"2026-08-17T13:41:24.077626365Z","tipoEvento":"HEARTBEAT","bufferSize":0}
2026-08-17 15:41:34,073 INFO  [it.uni.reti2.HeartbeatGenerator] (vert.x-eventloop-thread-0) 💓 [HEARTBEAT] Invio heartbeat: {"stazioneId":"PA","stato":"ONLINE","timestamp":"2026-08-17T13:41:34.073224789Z","tipoEvento":"HEARTBEAT","bufferSize":0}
2026-08-17 15:41:44,073 INFO  [it.uni.reti2.HeartbeatGenerator] (vert.x-eventloop-thread-0) 💓 [HEARTBEAT] Invio heartbeat: {"stazioneId":"PA","stato":"ONLINE","timestamp":"2026-08-17T13:41:44.073119102Z","tipoEvento":"HEARTBEAT","bufferSize":0}
2026-08-17 15:41:54,074 INFO  [it.uni.reti2.HeartbeatGenerator] (vert.x-eventloop-thread-0) 💓 [HEARTBEAT] Invio heartbeat: {"stazioneId":"PA","stato":"ONLINE","timestamp":"2026-08-17T13:41:54.074039863Z","tipoEvento":"HEARTBEAT","bufferSize":0}
2026-08-17 15:42:04,073 INFO  [it.uni.reti2.HeartbeatGenerator] (vert.x-eventloop-thread-0) 💓 [HEARTBEAT] Invio heartbeat: {"stazioneId":"PA","stato":"ONLINE","timestamp":"2026-08-17T13:42:04.073071186Z","tipoEvento":"HEARTBEAT","bufferSize":0}
2026-08-17 15:42:14,071 INFO  [it.uni.reti2.HeartbeatGenerator] (vert.x-eventloop-thread-0) 💓 [HEARTBEAT] Invio heartbeat: {"stazioneId":"PA","stato":"ONLINE","timestamp":"2026-08-17T13:42:14.071673635Z","tipoEvento":"HEARTBEAT","bufferSize":0}
2026-08-17 15:42:24,078 INFO  [it.uni.reti2.HeartbeatGenerator] (vert.x-eventloop-thread-0) 💓 [HEARTBEAT] Invio heartbeat: {"stazioneId":"PA","stato":"ONLINE","timestamp":"2026-08-17T13:42:24.078364344Z","tipoEvento":"HEARTBEAT","bufferSize":0}
2026-08-17 15:42:34,070 INFO  [it.uni.reti2.HeartbeatGenerator] (vert.x-eventloop-thread-0) 💓 [HEARTBEAT] Invio heartbeat: {"stazioneId":"PA","stato":"ONLINE","timestamp":"2026-08-17T13:42:34.070764760Z","tipoEvento":"HEARTBEAT","bufferSize":0}
2026-08-17 15:42:44,075 INFO  [it.uni.reti2.HeartbeatGenerator] (vert.x-eventloop-thread-0) 💓 [HEARTBEAT] Invio heartbeat: {"stazioneId":"PA","stato":"ONLINE","timestamp":"2026-08-17T13:42:44.075541803Z","tipoEvento":"HEARTBEAT","bufferSize":0}
2026-08-17 15:42:54,080 INFO  [it.uni.reti2.HeartbeatGenerator] (vert.x-eventloop-thread-0) 💓 [HEARTBEAT] Invio heartbeat: {"stazioneId":"PA","stato":"ONLINE","timestamp":"2026-08-17T13:42:54.080095938Z","tipoEvento":"HEARTBEAT","bufferSize":0}
2026-08-17 15:43:04,075 INFO  [it.uni.reti2.HeartbeatGenerator] (vert.x-eventloop-thread-0) 💓 [HEARTBEAT] Invio heartbeat: {"stazioneId":"PA","stato":"ONLINE","timestamp":"2026-08-17T13:43:04.075420984Z","tipoEvento":"HEARTBEAT","bufferSize":0}
2026-08-17 15:43:14,071 INFO  [it.uni.reti2.HeartbeatGenerator] (vert.x-eventloop-thread-0) 💓 [HEARTBEAT] Invio heartbeat: {"stazioneId":"PA","stato":"ONLINE","timestamp":"2026-08-17T13:43:14.071494526Z","tipoEvento":"HEARTBEAT","bufferSize":0}
2026-08-17 15:43:24,071 INFO  [it.uni.reti2.HeartbeatGenerator] (vert.x-eventloop-thread-0) 💓 [HEARTBEAT] Invio heartbeat: {"stazioneId":"PA","stato":"ONLINE","timestamp":"2026-08-17T13:43:24.071559797Z","tipoEvento":"HEARTBEAT","bufferSize":0}
2026-08-17 15:43:34,075 INFO  [it.uni.reti2.HeartbeatGenerator] (vert.x-eventloop-thread-0) 💓 [HEARTBEAT] Invio heartbeat: {"stazioneId":"PA","stato":"ONLINE","timestamp":"2026-08-17T13:43:34.075057449Z","tipoEvento":"HEARTBEAT","bufferSize":0}
2026-08-17 15:43:43,455 WARN  [it.uni.reti2.StationGateway] (vert.x-eventloop-thread-3) 🚨 [ALERT RICEVUTO] La Centrale dice: {"tipoEvento":"STOP","target":"TRENO_TEST_887b","motivo":"Soppresso da operatore","timestamp":"2026-08-17T13:43:43.441931286Z"}
2026-08-17 15:43:43,476 WARN  [it.uni.reti2.StationGateway] (vert.x-eventloop-thread-3) 🚨 [ALERT RICEVUTO] La Centrale dice: {"tipoEvento":"STOP","target":"TRENO_TEST_887b","motivo":"Treno eliminato da operatore","timestamp":"2026-08-17T13:43:43.475106566Z"}
2026-08-17 15:43:44,070 INFO  [it.uni.reti2.HeartbeatGenerator] (vert.x-eventloop-thread-0) 💓 [HEARTBEAT] Invio heartbeat: {"stazioneId":"PA","stato":"ONLINE","timestamp":"2026-08-17T13:43:44.070828447Z","tipoEvento":"HEARTBEAT","bufferSize":0}
2026-08-17 15:43:44,135 WARN  [it.uni.reti2.StationGateway] (vert.x-eventloop-thread-3) 🚨 [ALERT RICEVUTO] La Centrale dice: {"tipoEvento":"ITINERARIO_AGGIORNATO","target":"MEM_TRN_78ea","timestamp":"2026-08-17T13:43:44.133590288Z"}
2026-08-17 15:43:44,162 WARN  [it.uni.reti2.StationGateway] (vert.x-eventloop-thread-3) 🚨 [ALERT RICEVUTO] La Centrale dice: {"tipoEvento":"ITINERARIO_AGGIORNATO","target":"MEM_TRN_78ea","timestamp":"2026-08-17T13:43:44.160767670Z"}
2026-08-17 15:43:44,256 WARN  [it.uni.reti2.StationGateway] (vert.x-eventloop-thread-3) 🚨 [ALERT RICEVUTO] La Centrale dice: {"tipoEvento":"RESOLVED","sorgenteTipo":"STAZIONE","sorgenteId":"MEM_A_78ea","guastoId":"MEM_G_78ea","timestamp":"2026-08-17T13:43:44.255022484Z"}
2026-08-17 15:43:44,275 WARN  [it.uni.reti2.StationGateway] (vert.x-eventloop-thread-3) 🚨 [ALERT RICEVUTO] La Centrale dice: {"tipoEvento":"MAINTENANCE_DISPATCHED","sorgenteId":"MEM_A_78ea","timestamp":"2026-08-17T13:43:44.274266171Z"}
2026-08-17 15:43:44,282 WARN  [it.uni.reti2.StationGateway] (vert.x-eventloop-thread-3) 🚨 [ALERT RICEVUTO] La Centrale dice: {"tipoEvento":"RESOLVED","sorgenteTipo":"STAZIONE","sorgenteId":"MEM_A_78ea","guastoId":"MEM_GM_78ea","timestamp":"2026-08-17T13:43:44.281429859Z"}
2026-08-17 15:43:44,308 WARN  [it.uni.reti2.StationGateway] (vert.x-eventloop-thread-3) 🚨 [ALERT RICEVUTO] La Centrale dice: {"tipoEvento":"STOP","target":"MEM_TRN_78ea","motivo":"Treno eliminato da operatore","timestamp":"2026-08-17T13:43:44.307047503Z"}
2026-08-17 15:43:54,073 INFO  [it.uni.reti2.HeartbeatGenerator] (vert.x-eventloop-thread-0) 💓 [HEARTBEAT] Invio heartbeat: {"stazioneId":"PA","stato":"ONLINE","timestamp":"2026-08-17T13:43:54.073271421Z","tipoEvento":"HEARTBEAT","bufferSize":0}
2026-08-17 15:44:04,077 INFO  [it.uni.reti2.HeartbeatGenerator] (vert.x-eventloop-thread-0) 💓 [HEARTBEAT] Invio heartbeat: {"stazioneId":"PA","stato":"ONLINE","timestamp":"2026-08-17T13:44:04.077127007Z","tipoEvento":"HEARTBEAT","bufferSize":0}
2026-08-17 15:44:14,073 INFO  [it.uni.reti2.HeartbeatGenerator] (vert.x-eventloop-thread-0) 💓 [HEARTBEAT] Invio heartbeat: {"stazioneId":"PA","stato":"ONLINE","timestamp":"2026-08-17T13:44:14.073491863Z","tipoEvento":"HEARTBEAT","bufferSize":0}
2026-08-17 15:44:24,073 INFO  [it.uni.reti2.HeartbeatGenerator] (vert.x-eventloop-thread-0) 💓 [HEARTBEAT] Invio heartbeat: {"stazioneId":"PA","stato":"ONLINE","timestamp":"2026-08-17T13:44:24.073064228Z","tipoEvento":"HEARTBEAT","bufferSize":0}
2026-08-17 15:44:34,076 INFO  [it.uni.reti2.HeartbeatGenerator] (vert.x-eventloop-thread-0) 💓 [HEARTBEAT] Invio heartbeat: {"stazioneId":"PA","stato":"ONLINE","timestamp":"2026-08-17T13:44:34.076809932Z","tipoEvento":"HEARTBEAT","bufferSize":0}
2026-08-17 15:44:44,074 INFO  [it.uni.reti2.HeartbeatGenerator] (vert.x-eventloop-thread-0) 💓 [HEARTBEAT] Invio heartbeat: {"stazioneId":"PA","stato":"ONLINE","timestamp":"2026-08-17T13:44:44.074154678Z","tipoEvento":"HEARTBEAT","bufferSize":0}
2026-08-17 15:44:54,074 INFO  [it.uni.reti2.HeartbeatGenerator] (vert.x-eventloop-thread-0) 💓 [HEARTBEAT] Invio heartbeat: {"stazioneId":"PA","stato":"ONLINE","timestamp":"2026-08-17T13:44:54.074666704Z","tipoEvento":"HEARTBEAT","bufferSize":0}
2026-08-17 15:45:04,076 INFO  [it.uni.reti2.HeartbeatGenerator] (vert.x-eventloop-thread-0) 💓 [HEARTBEAT] Invio heartbeat: {"stazioneId":"PA","stato":"ONLINE","timestamp":"2026-08-17T13:45:04.076456999Z","tipoEvento":"HEARTBEAT","bufferSize":0}
2026-08-17 15:45:14,075 INFO  [it.uni.reti2.HeartbeatGenerator] (vert.x-eventloop-thread-0) 💓 [HEARTBEAT] Invio heartbeat: {"stazioneId":"PA","stato":"ONLINE","timestamp":"2026-08-17T13:45:14.075781162Z","tipoEvento":"HEARTBEAT","bufferSize":0}
2026-08-17 15:45:24,075 INFO  [it.uni.reti2.HeartbeatGenerator] (vert.x-eventloop-thread-0) 💓 [HEARTBEAT] Invio heartbeat: {"stazioneId":"PA","stato":"ONLINE","timestamp":"2026-08-17T13:45:24.075110228Z","tipoEvento":"HEARTBEAT","bufferSize":0}
2026-08-17 15:45:34,076 INFO  [it.uni.reti2.HeartbeatGenerator] (vert.x-eventloop-thread-0) 💓 [HEARTBEAT] Invio heartbeat: {"stazioneId":"PA","stato":"ONLINE","timestamp":"2026-08-17T13:45:34.076006187Z","tipoEvento":"HEARTBEAT","bufferSize":0}
2026-08-17 15:45:44,075 INFO  [it.uni.reti2.HeartbeatGenerator] (vert.x-eventloop-thread-0) 💓 [HEARTBEAT] Invio heartbeat: {"stazioneId":"PA","stato":"ONLINE","timestamp":"2026-08-17T13:45:44.075865427Z","tipoEvento":"HEARTBEAT","bufferSize":0}
2026-08-17 15:45:54,075 INFO  [it.uni.reti2.HeartbeatGenerator] (vert.x-eventloop-thread-0) 💓 [HEARTBEAT] Invio heartbeat: {"stazioneId":"PA","stato":"ONLINE","timestamp":"2026-08-17T13:45:54.075348305Z","tipoEvento":"HEARTBEAT","bufferSize":0}
2026-08-17 15:46:04,077 INFO  [it.uni.reti2.HeartbeatGenerator] (vert.x-eventloop-thread-0) 💓 [HEARTBEAT] Invio heartbeat: {"stazioneId":"PA","stato":"ONLINE","timestamp":"2026-08-17T13:46:04.077021234Z","tipoEvento":"HEARTBEAT","bufferSize":0}
2026-08-17 15:46:13,259 WARN  [it.uni.reti2.StationGateway] (vert.x-eventloop-thread-3) 🚨 [ALERT RICEVUTO] La Centrale dice: {"tipoEvento":"ITINERARIO_AGGIORNATO","target":"MEM_TRN_d867","timestamp":"2026-08-17T13:46:13.256917037Z"}
2026-08-17 15:46:13,283 WARN  [it.uni.reti2.StationGateway] (vert.x-eventloop-thread-3) 🚨 [ALERT RICEVUTO] La Centrale dice: {"tipoEvento":"ITINERARIO_AGGIORNATO","target":"MEM_TRN_d867","timestamp":"2026-08-17T13:46:13.282579154Z"}
2026-08-17 15:46:13,373 WARN  [it.uni.reti2.StationGateway] (vert.x-eventloop-thread-3) 🚨 [ALERT RICEVUTO] La Centrale dice: {"tipoEvento":"RESOLVED","sorgenteTipo":"STAZIONE","sorgenteId":"MEM_A_d867","guastoId":"MEM_G_d867","timestamp":"2026-08-17T13:46:13.372057351Z"}
2026-08-17 15:46:13,394 WARN  [it.uni.reti2.StationGateway] (vert.x-eventloop-thread-3) 🚨 [ALERT RICEVUTO] La Centrale dice: {"tipoEvento":"MAINTENANCE_DISPATCHED","sorgenteId":"MEM_A_d867","timestamp":"2026-08-17T13:46:13.393445861Z"}
2026-08-17 15:46:13,401 WARN  [it.uni.reti2.StationGateway] (vert.x-eventloop-thread-3) 🚨 [ALERT RICEVUTO] La Centrale dice: {"tipoEvento":"RESOLVED","sorgenteTipo":"STAZIONE","sorgenteId":"MEM_A_d867","guastoId":"MEM_GM_d867","timestamp":"2026-08-17T13:46:13.400146120Z"}
2026-08-17 15:46:13,442 WARN  [it.uni.reti2.StationGateway] (vert.x-eventloop-thread-3) 🚨 [ALERT RICEVUTO] La Centrale dice: {"tipoEvento":"STOP","target":"MEM_TRN_d867","motivo":"Treno eliminato da operatore","timestamp":"2026-08-17T13:46:13.422366873Z"}
2026-08-17 15:46:13,666 WARN  [it.uni.reti2.StationGateway] (vert.x-eventloop-thread-3) 🚨 [ALERT RICEVUTO] La Centrale dice: {"tipoEvento":"ITINERARIO_AGGIORNATO","target":"REG_TRN_ba7b","timestamp":"2026-08-17T13:46:13.665649788Z"}
2026-08-17 15:46:13,712 WARN  [it.uni.reti2.StationGateway] (vert.x-eventloop-thread-3) 🚨 [ALERT RICEVUTO] La Centrale dice: {"tipoEvento":"ITINERARIO_AGGIORNATO","target":"REG_TRN_ba7b","timestamp":"2026-08-17T13:46:13.711009351Z"}
2026-08-17 15:46:13,824 WARN  [it.uni.reti2.StationGateway] (vert.x-eventloop-thread-3) 🚨 [ALERT RICEVUTO] La Centrale dice: {"tipoEvento":"STOP","target":"REG_TRN_ba7b","motivo":"Treno eliminato da operatore","timestamp":"2026-08-17T13:46:13.823022468Z"}
2026-08-17 15:46:14,070 INFO  [it.uni.reti2.HeartbeatGenerator] (vert.x-eventloop-thread-0) 💓 [HEARTBEAT] Invio heartbeat: {"stazioneId":"PA","stato":"ONLINE","timestamp":"2026-08-17T13:46:14.070068480Z","tipoEvento":"HEARTBEAT","bufferSize":0}
2026-08-17 15:46:24,070 INFO  [it.uni.reti2.HeartbeatGenerator] (vert.x-eventloop-thread-0) 💓 [HEARTBEAT] Invio heartbeat: {"stazioneId":"PA","stato":"ONLINE","timestamp":"2026-08-17T13:46:24.070042699Z","tipoEvento":"HEARTBEAT","bufferSize":0}
2026-08-17 15:46:34,072 INFO  [it.uni.reti2.HeartbeatGenerator] (vert.x-eventloop-thread-0) 💓 [HEARTBEAT] Invio heartbeat: {"stazioneId":"PA","stato":"ONLINE","timestamp":"2026-08-17T13:46:34.072633773Z","tipoEvento":"HEARTBEAT","bufferSize":0}
2026-08-17 15:46:44,071 INFO  [it.uni.reti2.HeartbeatGenerator] (vert.x-eventloop-thread-0) 💓 [HEARTBEAT] Invio heartbeat: {"stazioneId":"PA","stato":"ONLINE","timestamp":"2026-08-17T13:46:44.071359908Z","tipoEvento":"HEARTBEAT","bufferSize":0}
2026-08-17 15:46:54,073 INFO  [it.uni.reti2.HeartbeatGenerator] (vert.x-eventloop-thread-0) 💓 [HEARTBEAT] Invio heartbeat: {"stazioneId":"PA","stato":"ONLINE","timestamp":"2026-08-17T13:46:54.073460671Z","tipoEvento":"HEARTBEAT","bufferSize":0}
2026-08-17 15:47:04,074 INFO  [it.uni.reti2.HeartbeatGenerator] (vert.x-eventloop-thread-0) 💓 [HEARTBEAT] Invio heartbeat: {"stazioneId":"PA","stato":"ONLINE","timestamp":"2026-08-17T13:47:04.074032162Z","tipoEvento":"HEARTBEAT","bufferSize":0}
2026-08-17 15:47:14,070 INFO  [it.uni.reti2.HeartbeatGenerator] (vert.x-eventloop-thread-0) 💓 [HEARTBEAT] Invio heartbeat: {"stazioneId":"PA","stato":"ONLINE","timestamp":"2026-08-17T13:47:14.070610957Z","tipoEvento":"HEARTBEAT","bufferSize":0}
2026-08-17 15:47:24,075 INFO  [it.uni.reti2.HeartbeatGenerator] (vert.x-eventloop-thread-0) 💓 [HEARTBEAT] Invio heartbeat: {"stazioneId":"PA","stato":"ONLINE","timestamp":"2026-08-17T13:47:24.075111270Z","tipoEvento":"HEARTBEAT","bufferSize":0}
2026-08-17 15:47:34,071 INFO  [it.uni.reti2.HeartbeatGenerator] (vert.x-eventloop-thread-0) 💓 [HEARTBEAT] Invio heartbeat: {"stazioneId":"PA","stato":"ONLINE","timestamp":"2026-08-17T13:47:34.071410611Z","tipoEvento":"HEARTBEAT","bufferSize":0}
2026-08-17 15:47:44,070 INFO  [it.uni.reti2.HeartbeatGenerator] (vert.x-eventloop-thread-0) 💓 [HEARTBEAT] Invio heartbeat: {"stazioneId":"PA","stato":"ONLINE","timestamp":"2026-08-17T13:47:44.070477225Z","tipoEvento":"HEARTBEAT","bufferSize":0}
2026-08-17 15:47:54,077 INFO  [it.uni.reti2.HeartbeatGenerator] (vert.x-eventloop-thread-0) 💓 [HEARTBEAT] Invio heartbeat: {"stazioneId":"PA","stato":"ONLINE","timestamp":"2026-08-17T13:47:54.077022193Z","tipoEvento":"HEARTBEAT","bufferSize":0}
2026-08-17 15:48:04,073 INFO  [it.uni.reti2.HeartbeatGenerator] (vert.x-eventloop-thread-0) 💓 [HEARTBEAT] Invio heartbeat: {"stazioneId":"PA","stato":"ONLINE","timestamp":"2026-08-17T13:48:04.073465107Z","tipoEvento":"HEARTBEAT","bufferSize":0}
2026-08-17 15:48:14,070 INFO  [it.uni.reti2.HeartbeatGenerator] (vert.x-eventloop-thread-0) 💓 [HEARTBEAT] Invio heartbeat: {"stazioneId":"PA","stato":"ONLINE","timestamp":"2026-08-17T13:48:14.070413529Z","tipoEvento":"HEARTBEAT","bufferSize":0}
2026-08-17 15:48:24,078 INFO  [it.uni.reti2.HeartbeatGenerator] (vert.x-eventloop-thread-0) 💓 [HEARTBEAT] Invio heartbeat: {"stazioneId":"PA","stato":"ONLINE","timestamp":"2026-08-17T13:48:24.078150342Z","tipoEvento":"HEARTBEAT","bufferSize":0}
2026-08-17 15:48:34,074 INFO  [it.uni.reti2.HeartbeatGenerator] (vert.x-eventloop-thread-0) 💓 [HEARTBEAT] Invio heartbeat: {"stazioneId":"PA","stato":"ONLINE","timestamp":"2026-08-17T13:48:34.074583758Z","tipoEvento":"HEARTBEAT","bufferSize":0}
2026-08-17 15:48:44,070 INFO  [it.uni.reti2.HeartbeatGenerator] (vert.x-eventloop-thread-0) 💓 [HEARTBEAT] Invio heartbeat: {"stazioneId":"PA","stato":"ONLINE","timestamp":"2026-08-17T13:48:44.070805206Z","tipoEvento":"HEARTBEAT","bufferSize":0}
2026-08-17 15:48:54,070 INFO  [it.uni.reti2.HeartbeatGenerator] (vert.x-eventloop-thread-0) 💓 [HEARTBEAT] Invio heartbeat: {"stazioneId":"PA","stato":"ONLINE","timestamp":"2026-08-17T13:48:54.070082249Z","tipoEvento":"HEARTBEAT","bufferSize":0}
2026-08-17 15:49:04,071 INFO  [it.uni.reti2.HeartbeatGenerator] (vert.x-eventloop-thread-0) 💓 [HEARTBEAT] Invio heartbeat: {"stazioneId":"PA","stato":"ONLINE","timestamp":"2026-08-17T13:49:04.071455555Z","tipoEvento":"HEARTBEAT","bufferSize":0}
2026-08-17 15:49:14,070 INFO  [it.uni.reti2.HeartbeatGenerator] (vert.x-eventloop-thread-0) 💓 [HEARTBEAT] Invio heartbeat: {"stazioneId":"PA","stato":"ONLINE","timestamp":"2026-08-17T13:49:14.070539891Z","tipoEvento":"HEARTBEAT","bufferSize":0}
2026-08-17 15:49:24,071 INFO  [it.uni.reti2.HeartbeatGenerator] (vert.x-eventloop-thread-0) 💓 [HEARTBEAT] Invio heartbeat: {"stazioneId":"PA","stato":"ONLINE","timestamp":"2026-08-17T13:49:24.071064744Z","tipoEvento":"HEARTBEAT","bufferSize":0}
2026-08-17 15:49:34,076 INFO  [it.uni.reti2.HeartbeatGenerator] (vert.x-eventloop-thread-0) 💓 [HEARTBEAT] Invio heartbeat: {"stazioneId":"PA","stato":"ONLINE","timestamp":"2026-08-17T13:49:34.076390734Z","tipoEvento":"HEARTBEAT","bufferSize":0}
2026-08-17 15:49:44,070 INFO  [it.uni.reti2.HeartbeatGenerator] (vert.x-eventloop-thread-0) 💓 [HEARTBEAT] Invio heartbeat: {"stazioneId":"PA","stato":"ONLINE","timestamp":"2026-08-17T13:49:44.070652886Z","tipoEvento":"HEARTBEAT","bufferSize":0}
2026-08-17 15:49:54,073 INFO  [it.uni.reti2.HeartbeatGenerator] (vert.x-eventloop-thread-0) 💓 [HEARTBEAT] Invio heartbeat: {"stazioneId":"PA","stato":"ONLINE","timestamp":"2026-08-17T13:49:54.073416715Z","tipoEvento":"HEARTBEAT","bufferSize":0}
2026-08-17 15:50:00,156 WARN  [it.uni.reti2.StationGateway] (vert.x-eventloop-thread-3) 🚨 [ALERT RICEVUTO] La Centrale dice: {"tipoEvento":"ITINERARIO_AGGIORNATO","target":"MEM_TRN_dc48","timestamp":"2026-08-17T13:50:00.154050665Z"}
2026-08-17 15:50:00,183 WARN  [it.uni.reti2.StationGateway] (vert.x-eventloop-thread-3) 🚨 [ALERT RICEVUTO] La Centrale dice: {"tipoEvento":"ITINERARIO_AGGIORNATO","target":"MEM_TRN_dc48","timestamp":"2026-08-17T13:50:00.182588492Z"}
2026-08-17 15:50:00,282 WARN  [it.uni.reti2.StationGateway] (vert.x-eventloop-thread-3) 🚨 [ALERT RICEVUTO] La Centrale dice: {"tipoEvento":"RESOLVED","sorgenteTipo":"STAZIONE","sorgenteId":"MEM_A_dc48","guastoId":"MEM_G_dc48","timestamp":"2026-08-17T13:50:00.280725031Z"}
2026-08-17 15:50:00,304 WARN  [it.uni.reti2.StationGateway] (vert.x-eventloop-thread-3) 🚨 [ALERT RICEVUTO] La Centrale dice: {"tipoEvento":"MAINTENANCE_DISPATCHED","sorgenteId":"MEM_A_dc48","timestamp":"2026-08-17T13:50:00.303237615Z"}
2026-08-17 15:50:00,311 WARN  [it.uni.reti2.StationGateway] (vert.x-eventloop-thread-3) 🚨 [ALERT RICEVUTO] La Centrale dice: {"tipoEvento":"RESOLVED","sorgenteTipo":"STAZIONE","sorgenteId":"MEM_A_dc48","guastoId":"MEM_GM_dc48","timestamp":"2026-08-17T13:50:00.310619925Z"}
2026-08-17 15:50:00,334 WARN  [it.uni.reti2.StationGateway] (vert.x-eventloop-thread-3) 🚨 [ALERT RICEVUTO] La Centrale dice: {"tipoEvento":"STOP","target":"MEM_TRN_dc48","motivo":"Treno eliminato da operatore","timestamp":"2026-08-17T13:50:00.333804576Z"}
2026-08-17 15:50:00,575 WARN  [it.uni.reti2.StationGateway] (vert.x-eventloop-thread-3) 🚨 [ALERT RICEVUTO] La Centrale dice: {"tipoEvento":"ITINERARIO_AGGIORNATO","target":"REG_TRN_0324","timestamp":"2026-08-17T13:50:00.574294267Z"}
2026-08-17 15:50:00,620 WARN  [it.uni.reti2.StationGateway] (vert.x-eventloop-thread-3) 🚨 [ALERT RICEVUTO] La Centrale dice: {"tipoEvento":"ITINERARIO_AGGIORNATO","target":"REG_TRN_0324","timestamp":"2026-08-17T13:50:00.619369535Z"}
2026-08-17 15:50:04,074 INFO  [it.uni.reti2.HeartbeatGenerator] (vert.x-eventloop-thread-0) 💓 [HEARTBEAT] Invio heartbeat: {"stazioneId":"PA","stato":"ONLINE","timestamp":"2026-08-17T13:50:04.074085404Z","tipoEvento":"HEARTBEAT","bufferSize":0}
2026-08-17 15:50:14,071 INFO  [it.uni.reti2.HeartbeatGenerator] (vert.x-eventloop-thread-0) 💓 [HEARTBEAT] Invio heartbeat: {"stazioneId":"PA","stato":"ONLINE","timestamp":"2026-08-17T13:50:14.071251297Z","tipoEvento":"HEARTBEAT","bufferSize":0}
2026-08-17 15:50:24,072 INFO  [it.uni.reti2.HeartbeatGenerator] (vert.x-eventloop-thread-0) 💓 [HEARTBEAT] Invio heartbeat: {"stazioneId":"PA","stato":"ONLINE","timestamp":"2026-08-17T13:50:24.072273641Z","tipoEvento":"HEARTBEAT","bufferSize":0}
2026-08-17 15:50:34,072 INFO  [it.uni.reti2.HeartbeatGenerator] (vert.x-eventloop-thread-0) 💓 [HEARTBEAT] Invio heartbeat: {"stazioneId":"PA","stato":"ONLINE","timestamp":"2026-08-17T13:50:34.072088038Z","tipoEvento":"HEARTBEAT","bufferSize":0}
2026-08-17 15:50:44,077 INFO  [it.uni.reti2.HeartbeatGenerator] (vert.x-eventloop-thread-0) 💓 [HEARTBEAT] Invio heartbeat: {"stazioneId":"PA","stato":"ONLINE","timestamp":"2026-08-17T13:50:44.077248589Z","tipoEvento":"HEARTBEAT","bufferSize":0}
2026-08-17 15:50:54,073 INFO  [it.uni.reti2.HeartbeatGenerator] (vert.x-eventloop-thread-0) 💓 [HEARTBEAT] Invio heartbeat: {"stazioneId":"PA","stato":"ONLINE","timestamp":"2026-08-17T13:50:54.073475139Z","tipoEvento":"HEARTBEAT","bufferSize":0}
2026-08-17 15:51:04,074 INFO  [it.uni.reti2.HeartbeatGenerator] (vert.x-eventloop-thread-0) 💓 [HEARTBEAT] Invio heartbeat: {"stazioneId":"PA","stato":"ONLINE","timestamp":"2026-08-17T13:51:04.074093053Z","tipoEvento":"HEARTBEAT","bufferSize":0}
2026-08-17 15:51:14,079 INFO  [it.uni.reti2.HeartbeatGenerator] (vert.x-eventloop-thread-0) 💓 [HEARTBEAT] Invio heartbeat: {"stazioneId":"PA","stato":"ONLINE","timestamp":"2026-08-17T13:51:14.079457728Z","tipoEvento":"HEARTBEAT","bufferSize":0}
2026-08-17 15:51:24,075 INFO  [it.uni.reti2.HeartbeatGenerator] (vert.x-eventloop-thread-0) 💓 [HEARTBEAT] Invio heartbeat: {"stazioneId":"PA","stato":"ONLINE","timestamp":"2026-08-17T13:51:24.075165558Z","tipoEvento":"HEARTBEAT","bufferSize":0}
2026-08-17 15:51:34,072 INFO  [it.uni.reti2.HeartbeatGenerator] (vert.x-eventloop-thread-0) 💓 [HEARTBEAT] Invio heartbeat: {"stazioneId":"PA","stato":"ONLINE","timestamp":"2026-08-17T13:51:34.072666238Z","tipoEvento":"HEARTBEAT","bufferSize":0}
2026-08-17 15:51:44,072 INFO  [it.uni.reti2.HeartbeatGenerator] (vert.x-eventloop-thread-0) 💓 [HEARTBEAT] Invio heartbeat: {"stazioneId":"PA","stato":"ONLINE","timestamp":"2026-08-17T13:51:44.072697671Z","tipoEvento":"HEARTBEAT","bufferSize":0}
2026-08-17 15:51:54,071 INFO  [it.uni.reti2.HeartbeatGenerator] (vert.x-eventloop-thread-0) 💓 [HEARTBEAT] Invio heartbeat: {"stazioneId":"PA","stato":"ONLINE","timestamp":"2026-08-17T13:51:54.071478705Z","tipoEvento":"HEARTBEAT","bufferSize":0}
2026-08-17 15:52:04,072 INFO  [it.uni.reti2.HeartbeatGenerator] (vert.x-eventloop-thread-0) 💓 [HEARTBEAT] Invio heartbeat: {"stazioneId":"PA","stato":"ONLINE","timestamp":"2026-08-17T13:52:04.072045468Z","tipoEvento":"HEARTBEAT","bufferSize":0}
2026-08-17 15:52:14,073 INFO  [it.uni.reti2.HeartbeatGenerator] (vert.x-eventloop-thread-0) 💓 [HEARTBEAT] Invio heartbeat: {"stazioneId":"PA","stato":"ONLINE","timestamp":"2026-08-17T13:52:14.073470217Z","tipoEvento":"HEARTBEAT","bufferSize":0}
2026-08-17 15:52:24,078 INFO  [it.uni.reti2.HeartbeatGenerator] (vert.x-eventloop-thread-0) 💓 [HEARTBEAT] Invio heartbeat: {"stazioneId":"PA","stato":"ONLINE","timestamp":"2026-08-17T13:52:24.078501324Z","tipoEvento":"HEARTBEAT","bufferSize":0}
2026-08-17 15:52:34,073 INFO  [it.uni.reti2.HeartbeatGenerator] (vert.x-eventloop-thread-0) 💓 [HEARTBEAT] Invio heartbeat: {"stazioneId":"PA","stato":"ONLINE","timestamp":"2026-08-17T13:52:34.073895861Z","tipoEvento":"HEARTBEAT","bufferSize":0}
2026-08-17 15:52:44,074 INFO  [it.uni.reti2.HeartbeatGenerator] (vert.x-eventloop-thread-0) 💓 [HEARTBEAT] Invio heartbeat: {"stazioneId":"PA","stato":"ONLINE","timestamp":"2026-08-17T13:52:44.074792600Z","tipoEvento":"HEARTBEAT","bufferSize":0}
2026-08-17 15:52:54,080 INFO  [it.uni.reti2.HeartbeatGenerator] (vert.x-eventloop-thread-0) 💓 [HEARTBEAT] Invio heartbeat: {"stazioneId":"PA","stato":"ONLINE","timestamp":"2026-08-17T13:52:54.080463508Z","tipoEvento":"HEARTBEAT","bufferSize":0}
2026-08-17 15:53:04,074 INFO  [it.uni.reti2.HeartbeatGenerator] (vert.x-eventloop-thread-0) 💓 [HEARTBEAT] Invio heartbeat: {"stazioneId":"PA","stato":"ONLINE","timestamp":"2026-08-17T13:53:04.074386546Z","tipoEvento":"HEARTBEAT","bufferSize":0}
2026-08-17 15:53:14,073 INFO  [it.uni.reti2.HeartbeatGenerator] (vert.x-eventloop-thread-0) 💓 [HEARTBEAT] Invio heartbeat: {"stazioneId":"PA","stato":"ONLINE","timestamp":"2026-08-17T13:53:14.073455450Z","tipoEvento":"HEARTBEAT","bufferSize":0}
2026-08-17 15:53:24,073 INFO  [it.uni.reti2.HeartbeatGenerator] (vert.x-eventloop-thread-0) 💓 [HEARTBEAT] Invio heartbeat: {"stazioneId":"PA","stato":"ONLINE","timestamp":"2026-08-17T13:53:24.073239253Z","tipoEvento":"HEARTBEAT","bufferSize":0}
2026-08-17 15:53:34,073 INFO  [it.uni.reti2.HeartbeatGenerator] (vert.x-eventloop-thread-0) 💓 [HEARTBEAT] Invio heartbeat: {"stazioneId":"PA","stato":"ONLINE","timestamp":"2026-08-17T13:53:34.073625294Z","tipoEvento":"HEARTBEAT","bufferSize":0}
2026-08-17 15:53:44,075 INFO  [it.uni.reti2.HeartbeatGenerator] (vert.x-eventloop-thread-0) 💓 [HEARTBEAT] Invio heartbeat: {"stazioneId":"PA","stato":"ONLINE","timestamp":"2026-08-17T13:53:44.075339227Z","tipoEvento":"HEARTBEAT","bufferSize":0}
2026-08-17 15:53:54,071 INFO  [it.uni.reti2.HeartbeatGenerator] (vert.x-eventloop-thread-0) 💓 [HEARTBEAT] Invio heartbeat: {"stazioneId":"PA","stato":"ONLINE","timestamp":"2026-08-17T13:53:54.071438213Z","tipoEvento":"HEARTBEAT","bufferSize":0}
2026-08-17 15:54:04,071 INFO  [it.uni.reti2.HeartbeatGenerator] (vert.x-eventloop-thread-0) 💓 [HEARTBEAT] Invio heartbeat: {"stazioneId":"PA","stato":"ONLINE","timestamp":"2026-08-17T13:54:04.071101065Z","tipoEvento":"HEARTBEAT","bufferSize":0}
2026-08-17 15:54:14,077 INFO  [it.uni.reti2.HeartbeatGenerator] (vert.x-eventloop-thread-0) 💓 [HEARTBEAT] Invio heartbeat: {"stazioneId":"PA","stato":"ONLINE","timestamp":"2026-08-17T13:54:14.077034360Z","tipoEvento":"HEARTBEAT","bufferSize":0}
2026-08-17 15:54:24,071 INFO  [it.uni.reti2.HeartbeatGenerator] (vert.x-eventloop-thread-0) 💓 [HEARTBEAT] Invio heartbeat: {"stazioneId":"PA","stato":"ONLINE","timestamp":"2026-08-17T13:54:24.071493027Z","tipoEvento":"HEARTBEAT","bufferSize":0}
2026-08-17 15:54:34,073 INFO  [it.uni.reti2.HeartbeatGenerator] (vert.x-eventloop-thread-0) 💓 [HEARTBEAT] Invio heartbeat: {"stazioneId":"PA","stato":"ONLINE","timestamp":"2026-08-17T13:54:34.073679663Z","tipoEvento":"HEARTBEAT","bufferSize":0}
2026-08-17 15:54:44,078 INFO  [it.uni.reti2.HeartbeatGenerator] (vert.x-eventloop-thread-0) 💓 [HEARTBEAT] Invio heartbeat: {"stazioneId":"PA","stato":"ONLINE","timestamp":"2026-08-17T13:54:44.078657775Z","tipoEvento":"HEARTBEAT","bufferSize":0}
2026-08-17 15:54:54,074 INFO  [it.uni.reti2.HeartbeatGenerator] (vert.x-eventloop-thread-0) 💓 [HEARTBEAT] Invio heartbeat: {"stazioneId":"PA","stato":"ONLINE","timestamp":"2026-08-17T13:54:54.074503848Z","tipoEvento":"HEARTBEAT","bufferSize":0}
2026-08-17 15:55:04,074 INFO  [it.uni.reti2.HeartbeatGenerator] (vert.x-eventloop-thread-0) 💓 [HEARTBEAT] Invio heartbeat: {"stazioneId":"PA","stato":"ONLINE","timestamp":"2026-08-17T13:55:04.074069891Z","tipoEvento":"HEARTBEAT","bufferSize":0}
2026-08-17 15:55:14,080 INFO  [it.uni.reti2.HeartbeatGenerator] (vert.x-eventloop-thread-0) 💓 [HEARTBEAT] Invio heartbeat: {"stazioneId":"PA","stato":"ONLINE","timestamp":"2026-08-17T13:55:14.080156761Z","tipoEvento":"HEARTBEAT","bufferSize":0}
2026-08-17 15:55:24,075 INFO  [it.uni.reti2.HeartbeatGenerator] (vert.x-eventloop-thread-0) 💓 [HEARTBEAT] Invio heartbeat: {"stazioneId":"PA","stato":"ONLINE","timestamp":"2026-08-17T13:55:24.075451078Z","tipoEvento":"HEARTBEAT","bufferSize":0}
2026-08-17 15:55:34,074 INFO  [it.uni.reti2.HeartbeatGenerator] (vert.x-eventloop-thread-0) 💓 [HEARTBEAT] Invio heartbeat: {"stazioneId":"PA","stato":"ONLINE","timestamp":"2026-08-17T13:55:34.074387214Z","tipoEvento":"HEARTBEAT","bufferSize":0}
2026-08-17 15:55:44,080 INFO  [it.uni.reti2.HeartbeatGenerator] (vert.x-eventloop-thread-0) 💓 [HEARTBEAT] Invio heartbeat: {"stazioneId":"PA","stato":"ONLINE","timestamp":"2026-08-17T13:55:44.080145484Z","tipoEvento":"HEARTBEAT","bufferSize":0}
2026-08-17 15:55:54,076 INFO  [it.uni.reti2.HeartbeatGenerator] (vert.x-eventloop-thread-0) 💓 [HEARTBEAT] Invio heartbeat: {"stazioneId":"PA","stato":"ONLINE","timestamp":"2026-08-17T13:55:54.076162528Z","tipoEvento":"HEARTBEAT","bufferSize":0}
2026-08-17 15:56:04,072 INFO  [it.uni.reti2.HeartbeatGenerator] (vert.x-eventloop-thread-0) 💓 [HEARTBEAT] Invio heartbeat: {"stazioneId":"PA","stato":"ONLINE","timestamp":"2026-08-17T13:56:04.072030281Z","tipoEvento":"HEARTBEAT","bufferSize":0}
2026-08-17 15:56:14,071 INFO  [it.uni.reti2.HeartbeatGenerator] (vert.x-eventloop-thread-0) 💓 [HEARTBEAT] Invio heartbeat: {"stazioneId":"PA","stato":"ONLINE","timestamp":"2026-08-17T13:56:14.071313167Z","tipoEvento":"HEARTBEAT","bufferSize":0}
2026-08-17 15:56:24,077 INFO  [it.uni.reti2.HeartbeatGenerator] (vert.x-eventloop-thread-0) 💓 [HEARTBEAT] Invio heartbeat: {"stazioneId":"PA","stato":"ONLINE","timestamp":"2026-08-17T13:56:24.077489926Z","tipoEvento":"HEARTBEAT","bufferSize":0}
2026-08-17 15:56:34,073 INFO  [it.uni.reti2.HeartbeatGenerator] (vert.x-eventloop-thread-0) 💓 [HEARTBEAT] Invio heartbeat: {"stazioneId":"PA","stato":"ONLINE","timestamp":"2026-08-17T13:56:34.073560693Z","tipoEvento":"HEARTBEAT","bufferSize":0}
2026-08-17 15:56:44,073 INFO  [it.uni.reti2.HeartbeatGenerator] (vert.x-eventloop-thread-0) 💓 [HEARTBEAT] Invio heartbeat: {"stazioneId":"PA","stato":"ONLINE","timestamp":"2026-08-17T13:56:44.073456153Z","tipoEvento":"HEARTBEAT","bufferSize":0}
2026-08-17 15:56:54,074 INFO  [it.uni.reti2.HeartbeatGenerator] (vert.x-eventloop-thread-0) 💓 [HEARTBEAT] Invio heartbeat: {"stazioneId":"PA","stato":"ONLINE","timestamp":"2026-08-17T13:56:54.074288584Z","tipoEvento":"HEARTBEAT","bufferSize":0}
2026-08-17 15:57:04,074 INFO  [it.uni.reti2.HeartbeatGenerator] (vert.x-eventloop-thread-0) 💓 [HEARTBEAT] Invio heartbeat: {"stazioneId":"PA","stato":"ONLINE","timestamp":"2026-08-17T13:57:04.074716297Z","tipoEvento":"HEARTBEAT","bufferSize":0}
2026-08-17 15:57:14,072 INFO  [it.uni.reti2.HeartbeatGenerator] (vert.x-eventloop-thread-0) 💓 [HEARTBEAT] Invio heartbeat: {"stazioneId":"PA","stato":"ONLINE","timestamp":"2026-08-17T13:57:14.072109674Z","tipoEvento":"HEARTBEAT","bufferSize":0}
2026-08-17 15:57:24,073 INFO  [it.uni.reti2.HeartbeatGenerator] (vert.x-eventloop-thread-0) 💓 [HEARTBEAT] Invio heartbeat: {"stazioneId":"PA","stato":"ONLINE","timestamp":"2026-08-17T13:57:24.072868180Z","tipoEvento":"HEARTBEAT","bufferSize":0}
2026-08-17 15:57:34,074 INFO  [it.uni.reti2.HeartbeatGenerator] (vert.x-eventloop-thread-0) 💓 [HEARTBEAT] Invio heartbeat: {"stazioneId":"PA","stato":"ONLINE","timestamp":"2026-08-17T13:57:34.074455745Z","tipoEvento":"HEARTBEAT","bufferSize":0}
2026-08-17 15:57:44,072 INFO  [it.uni.reti2.HeartbeatGenerator] (vert.x-eventloop-thread-0) 💓 [HEARTBEAT] Invio heartbeat: {"stazioneId":"PA","stato":"ONLINE","timestamp":"2026-08-17T13:57:44.072578369Z","tipoEvento":"HEARTBEAT","bufferSize":0}
2026-08-17 15:57:54,070 INFO  [it.uni.reti2.HeartbeatGenerator] (vert.x-eventloop-thread-0) 💓 [HEARTBEAT] Invio heartbeat: {"stazioneId":"PA","stato":"ONLINE","timestamp":"2026-08-17T13:57:54.070473646Z","tipoEvento":"HEARTBEAT","bufferSize":0}
2026-08-17 15:58:04,073 INFO  [it.uni.reti2.HeartbeatGenerator] (vert.x-eventloop-thread-0) 💓 [HEARTBEAT] Invio heartbeat: {"stazioneId":"PA","stato":"ONLINE","timestamp":"2026-08-17T13:58:04.073347272Z","tipoEvento":"HEARTBEAT","bufferSize":0}
2026-08-17 15:58:14,073 INFO  [it.uni.reti2.HeartbeatGenerator] (vert.x-eventloop-thread-0) 💓 [HEARTBEAT] Invio heartbeat: {"stazioneId":"PA","stato":"ONLINE","timestamp":"2026-08-17T13:58:14.073258443Z","tipoEvento":"HEARTBEAT","bufferSize":0}
2026-08-17 15:58:24,073 INFO  [it.uni.reti2.HeartbeatGenerator] (vert.x-eventloop-thread-0) 💓 [HEARTBEAT] Invio heartbeat: {"stazioneId":"PA","stato":"ONLINE","timestamp":"2026-08-17T13:58:24.073500799Z","tipoEvento":"HEARTBEAT","bufferSize":0}
2026-08-17 15:58:34,073 INFO  [it.uni.reti2.HeartbeatGenerator] (vert.x-eventloop-thread-0) 💓 [HEARTBEAT] Invio heartbeat: {"stazioneId":"PA","stato":"ONLINE","timestamp":"2026-08-17T13:58:34.073795749Z","tipoEvento":"HEARTBEAT","bufferSize":0}
2026-08-17 15:58:44,074 INFO  [it.uni.reti2.HeartbeatGenerator] (vert.x-eventloop-thread-0) 💓 [HEARTBEAT] Invio heartbeat: {"stazioneId":"PA","stato":"ONLINE","timestamp":"2026-08-17T13:58:44.074263254Z","tipoEvento":"HEARTBEAT","bufferSize":0}
2026-08-17 15:58:54,074 INFO  [it.uni.reti2.HeartbeatGenerator] (vert.x-eventloop-thread-0) 💓 [HEARTBEAT] Invio heartbeat: {"stazioneId":"PA","stato":"ONLINE","timestamp":"2026-08-17T13:58:54.074259884Z","tipoEvento":"HEARTBEAT","bufferSize":0}
2026-08-17 15:59:04,074 INFO  [it.uni.reti2.HeartbeatGenerator] (vert.x-eventloop-thread-0) 💓 [HEARTBEAT] Invio heartbeat: {"stazioneId":"PA","stato":"ONLINE","timestamp":"2026-08-17T13:59:04.074150328Z","tipoEvento":"HEARTBEAT","bufferSize":0}
2026-08-17 15:59:14,074 INFO  [it.uni.reti2.HeartbeatGenerator] (vert.x-eventloop-thread-0) 💓 [HEARTBEAT] Invio heartbeat: {"stazioneId":"PA","stato":"ONLINE","timestamp":"2026-08-17T13:59:14.074099186Z","tipoEvento":"HEARTBEAT","bufferSize":0}
2026-08-17 15:59:24,074 INFO  [it.uni.reti2.HeartbeatGenerator] (vert.x-eventloop-thread-0) 💓 [HEARTBEAT] Invio heartbeat: {"stazioneId":"PA","stato":"ONLINE","timestamp":"2026-08-17T13:59:24.074444804Z","tipoEvento":"HEARTBEAT","bufferSize":0}
2026-08-17 15:59:34,074 INFO  [it.uni.reti2.HeartbeatGenerator] (vert.x-eventloop-thread-0) 💓 [HEARTBEAT] Invio heartbeat: {"stazioneId":"PA","stato":"ONLINE","timestamp":"2026-08-17T13:59:34.074029564Z","tipoEvento":"HEARTBEAT","bufferSize":0}
2026-08-17 15:59:44,076 INFO  [it.uni.reti2.HeartbeatGenerator] (vert.x-eventloop-thread-0) 💓 [HEARTBEAT] Invio heartbeat: {"stazioneId":"PA","stato":"ONLINE","timestamp":"2026-08-17T13:59:44.076300485Z","tipoEvento":"HEARTBEAT","bufferSize":0}
2026-08-17 15:59:54,073 INFO  [it.uni.reti2.HeartbeatGenerator] (vert.x-eventloop-thread-0) 💓 [HEARTBEAT] Invio heartbeat: {"stazioneId":"PA","stato":"ONLINE","timestamp":"2026-08-17T13:59:54.073526278Z","tipoEvento":"HEARTBEAT","bufferSize":0}
2026-08-17 16:00:04,074 INFO  [it.uni.reti2.HeartbeatGenerator] (vert.x-eventloop-thread-0) 💓 [HEARTBEAT] Invio heartbeat: {"stazioneId":"PA","stato":"ONLINE","timestamp":"2026-08-17T14:00:04.074271374Z","tipoEvento":"HEARTBEAT","bufferSize":0}
2026-08-17 16:00:14,075 INFO  [it.uni.reti2.HeartbeatGenerator] (vert.x-eventloop-thread-0) 💓 [HEARTBEAT] Invio heartbeat: {"stazioneId":"PA","stato":"ONLINE","timestamp":"2026-08-17T14:00:14.075663244Z","tipoEvento":"HEARTBEAT","bufferSize":0}
2026-08-17 16:00:24,073 INFO  [it.uni.reti2.HeartbeatGenerator] (vert.x-eventloop-thread-0) 💓 [HEARTBEAT] Invio heartbeat: {"stazioneId":"PA","stato":"ONLINE","timestamp":"2026-08-17T14:00:24.073500784Z","tipoEvento":"HEARTBEAT","bufferSize":0}
2026-08-17 16:00:34,074 INFO  [it.uni.reti2.HeartbeatGenerator] (vert.x-eventloop-thread-0) 💓 [HEARTBEAT] Invio heartbeat: {"stazioneId":"PA","stato":"ONLINE","timestamp":"2026-08-17T14:00:34.074494718Z","tipoEvento":"HEARTBEAT","bufferSize":0}
2026-08-17 16:00:44,075 INFO  [it.uni.reti2.HeartbeatGenerator] (vert.x-eventloop-thread-0) 💓 [HEARTBEAT] Invio heartbeat: {"stazioneId":"PA","stato":"ONLINE","timestamp":"2026-08-17T14:00:44.075745526Z","tipoEvento":"HEARTBEAT","bufferSize":0}
2026-08-17 16:00:54,071 INFO  [it.uni.reti2.HeartbeatGenerator] (vert.x-eventloop-thread-0) 💓 [HEARTBEAT] Invio heartbeat: {"stazioneId":"PA","stato":"ONLINE","timestamp":"2026-08-17T14:00:54.071568943Z","tipoEvento":"HEARTBEAT","bufferSize":0}
2026-08-17 16:01:04,072 INFO  [it.uni.reti2.HeartbeatGenerator] (vert.x-eventloop-thread-0) 💓 [HEARTBEAT] Invio heartbeat: {"stazioneId":"PA","stato":"ONLINE","timestamp":"2026-08-17T14:01:04.072548764Z","tipoEvento":"HEARTBEAT","bufferSize":0}
2026-08-17 16:01:14,077 INFO  [it.uni.reti2.HeartbeatGenerator] (vert.x-eventloop-thread-0) 💓 [HEARTBEAT] Invio heartbeat: {"stazioneId":"PA","stato":"ONLINE","timestamp":"2026-08-17T14:01:14.077195578Z","tipoEvento":"HEARTBEAT","bufferSize":0}
2026-08-17 16:01:24,072 INFO  [it.uni.reti2.HeartbeatGenerator] (vert.x-eventloop-thread-0) 💓 [HEARTBEAT] Invio heartbeat: {"stazioneId":"PA","stato":"ONLINE","timestamp":"2026-08-17T14:01:24.072060966Z","tipoEvento":"HEARTBEAT","bufferSize":0}
2026-08-17 16:01:34,072 INFO  [it.uni.reti2.HeartbeatGenerator] (vert.x-eventloop-thread-0) 💓 [HEARTBEAT] Invio heartbeat: {"stazioneId":"PA","stato":"ONLINE","timestamp":"2026-08-17T14:01:34.072415983Z","tipoEvento":"HEARTBEAT","bufferSize":0}
2026-08-17 16:01:44,078 INFO  [it.uni.reti2.HeartbeatGenerator] (vert.x-eventloop-thread-0) 💓 [HEARTBEAT] Invio heartbeat: {"stazioneId":"PA","stato":"ONLINE","timestamp":"2026-08-17T14:01:44.078558066Z","tipoEvento":"HEARTBEAT","bufferSize":0}
2026-08-17 16:01:54,072 INFO  [it.uni.reti2.HeartbeatGenerator] (vert.x-eventloop-thread-0) 💓 [HEARTBEAT] Invio heartbeat: {"stazioneId":"PA","stato":"ONLINE","timestamp":"2026-08-17T14:01:54.072866460Z","tipoEvento":"HEARTBEAT","bufferSize":0}
2026-08-17 16:02:04,074 INFO  [it.uni.reti2.HeartbeatGenerator] (vert.x-eventloop-thread-0) 💓 [HEARTBEAT] Invio heartbeat: {"stazioneId":"PA","stato":"ONLINE","timestamp":"2026-08-17T14:02:04.074351179Z","tipoEvento":"HEARTBEAT","bufferSize":0}
2026-08-17 16:02:14,080 INFO  [it.uni.reti2.HeartbeatGenerator] (vert.x-eventloop-thread-0) 💓 [HEARTBEAT] Invio heartbeat: {"stazioneId":"PA","stato":"ONLINE","timestamp":"2026-08-17T14:02:14.080491286Z","tipoEvento":"HEARTBEAT","bufferSize":0}
2026-08-17 16:02:24,075 INFO  [it.uni.reti2.HeartbeatGenerator] (vert.x-eventloop-thread-0) 💓 [HEARTBEAT] Invio heartbeat: {"stazioneId":"PA","stato":"ONLINE","timestamp":"2026-08-17T14:02:24.075050884Z","tipoEvento":"HEARTBEAT","bufferSize":0}
2026-08-17 16:02:34,071 INFO  [it.uni.reti2.HeartbeatGenerator] (vert.x-eventloop-thread-0) 💓 [HEARTBEAT] Invio heartbeat: {"stazioneId":"PA","stato":"ONLINE","timestamp":"2026-08-17T14:02:34.071147946Z","tipoEvento":"HEARTBEAT","bufferSize":0}
2026-08-17 16:02:44,071 INFO  [it.uni.reti2.HeartbeatGenerator] (vert.x-eventloop-thread-0) 💓 [HEARTBEAT] Invio heartbeat: {"stazioneId":"PA","stato":"ONLINE","timestamp":"2026-08-17T14:02:44.071310811Z","tipoEvento":"HEARTBEAT","bufferSize":0}
2026-08-17 16:02:54,074 INFO  [it.uni.reti2.HeartbeatGenerator] (vert.x-eventloop-thread-0) 💓 [HEARTBEAT] Invio heartbeat: {"stazioneId":"PA","stato":"ONLINE","timestamp":"2026-08-17T14:02:54.074036895Z","tipoEvento":"HEARTBEAT","bufferSize":0}
2026-08-17 16:03:04,072 INFO  [it.uni.reti2.HeartbeatGenerator] (vert.x-eventloop-thread-0) 💓 [HEARTBEAT] Invio heartbeat: {"stazioneId":"PA","stato":"ONLINE","timestamp":"2026-08-17T14:03:04.072671937Z","tipoEvento":"HEARTBEAT","bufferSize":0}
2026-08-17 16:03:14,072 INFO  [it.uni.reti2.HeartbeatGenerator] (vert.x-eventloop-thread-0) 💓 [HEARTBEAT] Invio heartbeat: {"stazioneId":"PA","stato":"ONLINE","timestamp":"2026-08-17T14:03:14.072068192Z","tipoEvento":"HEARTBEAT","bufferSize":0}
2026-08-17 16:03:24,078 INFO  [it.uni.reti2.HeartbeatGenerator] (vert.x-eventloop-thread-0) 💓 [HEARTBEAT] Invio heartbeat: {"stazioneId":"PA","stato":"ONLINE","timestamp":"2026-08-17T14:03:24.078063669Z","tipoEvento":"HEARTBEAT","bufferSize":0}
2026-08-17 16:03:34,073 INFO  [it.uni.reti2.HeartbeatGenerator] (vert.x-eventloop-thread-0) 💓 [HEARTBEAT] Invio heartbeat: {"stazioneId":"PA","stato":"ONLINE","timestamp":"2026-08-17T14:03:34.073321557Z","tipoEvento":"HEARTBEAT","bufferSize":0}
2026-08-17 16:03:44,073 INFO  [it.uni.reti2.HeartbeatGenerator] (vert.x-eventloop-thread-0) 💓 [HEARTBEAT] Invio heartbeat: {"stazioneId":"PA","stato":"ONLINE","timestamp":"2026-08-17T14:03:44.073003540Z","tipoEvento":"HEARTBEAT","bufferSize":0}
2026-08-17 16:03:54,078 INFO  [it.uni.reti2.HeartbeatGenerator] (vert.x-eventloop-thread-0) 💓 [HEARTBEAT] Invio heartbeat: {"stazioneId":"PA","stato":"ONLINE","timestamp":"2026-08-17T14:03:54.078035806Z","tipoEvento":"HEARTBEAT","bufferSize":0}
2026-08-17 16:04:04,074 INFO  [it.uni.reti2.HeartbeatGenerator] (vert.x-eventloop-thread-0) 💓 [HEARTBEAT] Invio heartbeat: {"stazioneId":"PA","stato":"ONLINE","timestamp":"2026-08-17T14:04:04.074147240Z","tipoEvento":"HEARTBEAT","bufferSize":0}
2026-08-17 16:04:14,074 INFO  [it.uni.reti2.HeartbeatGenerator] (vert.x-eventloop-thread-0) 💓 [HEARTBEAT] Invio heartbeat: {"stazioneId":"PA","stato":"ONLINE","timestamp":"2026-08-17T14:04:14.074453760Z","tipoEvento":"HEARTBEAT","bufferSize":0}
2026-08-17 16:04:24,080 INFO  [it.uni.reti2.HeartbeatGenerator] (vert.x-eventloop-thread-0) 💓 [HEARTBEAT] Invio heartbeat: {"stazioneId":"PA","stato":"ONLINE","timestamp":"2026-08-17T14:04:24.080076396Z","tipoEvento":"HEARTBEAT","bufferSize":0}
2026-08-17 16:04:34,073 INFO  [it.uni.reti2.HeartbeatGenerator] (vert.x-eventloop-thread-0) 💓 [HEARTBEAT] Invio heartbeat: {"stazioneId":"PA","stato":"ONLINE","timestamp":"2026-08-17T14:04:34.073538902Z","tipoEvento":"HEARTBEAT","bufferSize":0}
2026-08-17 16:04:44,071 INFO  [it.uni.reti2.HeartbeatGenerator] (vert.x-eventloop-thread-0) 💓 [HEARTBEAT] Invio heartbeat: {"stazioneId":"PA","stato":"ONLINE","timestamp":"2026-08-17T14:04:44.071532219Z","tipoEvento":"HEARTBEAT","bufferSize":0}
2026-08-17 16:04:54,072 INFO  [it.uni.reti2.HeartbeatGenerator] (vert.x-eventloop-thread-0) 💓 [HEARTBEAT] Invio heartbeat: {"stazioneId":"PA","stato":"ONLINE","timestamp":"2026-08-17T14:04:54.072797303Z","tipoEvento":"HEARTBEAT","bufferSize":0}
2026-08-17 16:05:04,073 INFO  [it.uni.reti2.HeartbeatGenerator] (vert.x-eventloop-thread-0) 💓 [HEARTBEAT] Invio heartbeat: {"stazioneId":"PA","stato":"ONLINE","timestamp":"2026-08-17T14:05:04.073090577Z","tipoEvento":"HEARTBEAT","bufferSize":0}
2026-08-17 16:05:14,073 INFO  [it.uni.reti2.HeartbeatGenerator] (vert.x-eventloop-thread-0) 💓 [HEARTBEAT] Invio heartbeat: {"stazioneId":"PA","stato":"ONLINE","timestamp":"2026-08-17T14:05:14.073598341Z","tipoEvento":"HEARTBEAT","bufferSize":0}
2026-08-17 16:05:24,073 INFO  [it.uni.reti2.HeartbeatGenerator] (vert.x-eventloop-thread-0) 💓 [HEARTBEAT] Invio heartbeat: {"stazioneId":"PA","stato":"ONLINE","timestamp":"2026-08-17T14:05:24.073063748Z","tipoEvento":"HEARTBEAT","bufferSize":0}
2026-08-17 16:05:34,074 INFO  [it.uni.reti2.HeartbeatGenerator] (vert.x-eventloop-thread-0) 💓 [HEARTBEAT] Invio heartbeat: {"stazioneId":"PA","stato":"ONLINE","timestamp":"2026-08-17T14:05:34.074040907Z","tipoEvento":"HEARTBEAT","bufferSize":0}
2026-08-17 16:05:44,071 INFO  [it.uni.reti2.HeartbeatGenerator] (vert.x-eventloop-thread-0) 💓 [HEARTBEAT] Invio heartbeat: {"stazioneId":"PA","stato":"ONLINE","timestamp":"2026-08-17T14:05:44.071597090Z","tipoEvento":"HEARTBEAT","bufferSize":0}
2026-08-17 16:05:54,073 INFO  [it.uni.reti2.HeartbeatGenerator] (vert.x-eventloop-thread-0) 💓 [HEARTBEAT] Invio heartbeat: {"stazioneId":"PA","stato":"ONLINE","timestamp":"2026-08-17T14:05:54.073089274Z","tipoEvento":"HEARTBEAT","bufferSize":0}
2026-08-17 16:06:04,073 INFO  [it.uni.reti2.HeartbeatGenerator] (vert.x-eventloop-thread-0) 💓 [HEARTBEAT] Invio heartbeat: {"stazioneId":"PA","stato":"ONLINE","timestamp":"2026-08-17T14:06:04.073076339Z","tipoEvento":"HEARTBEAT","bufferSize":0}
2026-08-17 16:06:14,076 INFO  [it.uni.reti2.HeartbeatGenerator] (vert.x-eventloop-thread-0) 💓 [HEARTBEAT] Invio heartbeat: {"stazioneId":"PA","stato":"ONLINE","timestamp":"2026-08-17T14:06:14.076131854Z","tipoEvento":"HEARTBEAT","bufferSize":0}
2026-08-17 16:06:24,072 INFO  [it.uni.reti2.HeartbeatGenerator] (vert.x-eventloop-thread-0) 💓 [HEARTBEAT] Invio heartbeat: {"stazioneId":"PA","stato":"ONLINE","timestamp":"2026-08-17T14:06:24.072065577Z","tipoEvento":"HEARTBEAT","bufferSize":0}
2026-08-17 16:06:34,074 INFO  [it.uni.reti2.HeartbeatGenerator] (vert.x-eventloop-thread-0) 💓 [HEARTBEAT] Invio heartbeat: {"stazioneId":"PA","stato":"ONLINE","timestamp":"2026-08-17T14:06:34.074062060Z","tipoEvento":"HEARTBEAT","bufferSize":0}
2026-08-17 16:06:44,079 INFO  [it.uni.reti2.HeartbeatGenerator] (vert.x-eventloop-thread-0) 💓 [HEARTBEAT] Invio heartbeat: {"stazioneId":"PA","stato":"ONLINE","timestamp":"2026-08-17T14:06:44.079505190Z","tipoEvento":"HEARTBEAT","bufferSize":0}
2026-08-17 16:06:54,074 INFO  [it.uni.reti2.HeartbeatGenerator] (vert.x-eventloop-thread-0) 💓 [HEARTBEAT] Invio heartbeat: {"stazioneId":"PA","stato":"ONLINE","timestamp":"2026-08-17T14:06:54.074434108Z","tipoEvento":"HEARTBEAT","bufferSize":0}
2026-08-17 16:07:04,073 INFO  [it.uni.reti2.HeartbeatGenerator] (vert.x-eventloop-thread-0) 💓 [HEARTBEAT] Invio heartbeat: {"stazioneId":"PA","stato":"ONLINE","timestamp":"2026-08-17T14:07:04.073069429Z","tipoEvento":"HEARTBEAT","bufferSize":0}
2026-08-17 16:07:14,079 INFO  [it.uni.reti2.HeartbeatGenerator] (vert.x-eventloop-thread-0) 💓 [HEARTBEAT] Invio heartbeat: {"stazioneId":"PA","stato":"ONLINE","timestamp":"2026-08-17T14:07:14.079433837Z","tipoEvento":"HEARTBEAT","bufferSize":0}
2026-08-17 16:07:24,078 INFO  [it.uni.reti2.HeartbeatGenerator] (vert.x-eventloop-thread-0) 💓 [HEARTBEAT] Invio heartbeat: {"stazioneId":"PA","stato":"ONLINE","timestamp":"2026-08-17T14:07:24.074049063Z","tipoEvento":"HEARTBEAT","bufferSize":0}
2026-08-17 16:07:34,074 INFO  [it.uni.reti2.HeartbeatGenerator] (vert.x-eventloop-thread-0) 💓 [HEARTBEAT] Invio heartbeat: {"stazioneId":"PA","stato":"ONLINE","timestamp":"2026-08-17T14:07:34.074291893Z","tipoEvento":"HEARTBEAT","bufferSize":0}
2026-08-17 16:07:44,073 INFO  [it.uni.reti2.HeartbeatGenerator] (vert.x-eventloop-thread-0) 💓 [HEARTBEAT] Invio heartbeat: {"stazioneId":"PA","stato":"ONLINE","timestamp":"2026-08-17T14:07:44.073519137Z","tipoEvento":"HEARTBEAT","bufferSize":0}
2026-08-17 16:07:54,075 INFO  [it.uni.reti2.HeartbeatGenerator] (vert.x-eventloop-thread-0) 💓 [HEARTBEAT] Invio heartbeat: {"stazioneId":"PA","stato":"ONLINE","timestamp":"2026-08-17T14:07:54.075017217Z","tipoEvento":"HEARTBEAT","bufferSize":0}
2026-08-17 16:08:04,071 INFO  [it.uni.reti2.HeartbeatGenerator] (vert.x-eventloop-thread-0) 💓 [HEARTBEAT] Invio heartbeat: {"stazioneId":"PA","stato":"ONLINE","timestamp":"2026-08-17T14:08:04.071181043Z","tipoEvento":"HEARTBEAT","bufferSize":0}
2026-08-17 16:08:14,072 INFO  [it.uni.reti2.HeartbeatGenerator] (vert.x-eventloop-thread-0) 💓 [HEARTBEAT] Invio heartbeat: {"stazioneId":"PA","stato":"ONLINE","timestamp":"2026-08-17T14:08:14.072071010Z","tipoEvento":"HEARTBEAT","bufferSize":0}
2026-08-17 16:08:24,077 INFO  [it.uni.reti2.HeartbeatGenerator] (vert.x-eventloop-thread-0) 💓 [HEARTBEAT] Invio heartbeat: {"stazioneId":"PA","stato":"ONLINE","timestamp":"2026-08-17T14:08:24.077068771Z","tipoEvento":"HEARTBEAT","bufferSize":0}
2026-08-17 16:08:34,073 INFO  [it.uni.reti2.HeartbeatGenerator] (vert.x-eventloop-thread-0) 💓 [HEARTBEAT] Invio heartbeat: {"stazioneId":"PA","stato":"ONLINE","timestamp":"2026-08-17T14:08:34.073833873Z","tipoEvento":"HEARTBEAT","bufferSize":0}
2026-08-17 16:08:44,074 INFO  [it.uni.reti2.HeartbeatGenerator] (vert.x-eventloop-thread-0) 💓 [HEARTBEAT] Invio heartbeat: {"stazioneId":"PA","stato":"ONLINE","timestamp":"2026-08-17T14:08:44.074019855Z","tipoEvento":"HEARTBEAT","bufferSize":0}
2026-08-17 16:08:54,079 INFO  [it.uni.reti2.HeartbeatGenerator] (vert.x-eventloop-thread-0) 💓 [HEARTBEAT] Invio heartbeat: {"stazioneId":"PA","stato":"ONLINE","timestamp":"2026-08-17T14:08:54.079034141Z","tipoEvento":"HEARTBEAT","bufferSize":0}
2026-08-17 16:09:04,074 INFO  [it.uni.reti2.HeartbeatGenerator] (vert.x-eventloop-thread-0) 💓 [HEARTBEAT] Invio heartbeat: {"stazioneId":"PA","stato":"ONLINE","timestamp":"2026-08-17T14:09:04.074196637Z","tipoEvento":"HEARTBEAT","bufferSize":0}
2026-08-17 16:09:14,074 INFO  [it.uni.reti2.HeartbeatGenerator] (vert.x-eventloop-thread-0) 💓 [HEARTBEAT] Invio heartbeat: {"stazioneId":"PA","stato":"ONLINE","timestamp":"2026-08-17T14:09:14.074615079Z","tipoEvento":"HEARTBEAT","bufferSize":0}
2026-08-17 16:09:24,080 INFO  [it.uni.reti2.HeartbeatGenerator] (vert.x-eventloop-thread-0) 💓 [HEARTBEAT] Invio heartbeat: {"stazioneId":"PA","stato":"ONLINE","timestamp":"2026-08-17T14:09:24.080018814Z","tipoEvento":"HEARTBEAT","bufferSize":0}
2026-08-17 16:09:34,073 INFO  [it.uni.reti2.HeartbeatGenerator] (vert.x-eventloop-thread-0) 💓 [HEARTBEAT] Invio heartbeat: {"stazioneId":"PA","stato":"ONLINE","timestamp":"2026-08-17T14:09:34.073706841Z","tipoEvento":"HEARTBEAT","bufferSize":0}
2026-08-17 16:09:44,072 INFO  [it.uni.reti2.HeartbeatGenerator] (vert.x-eventloop-thread-0) 💓 [HEARTBEAT] Invio heartbeat: {"stazioneId":"PA","stato":"ONLINE","timestamp":"2026-08-17T14:09:44.072466782Z","tipoEvento":"HEARTBEAT","bufferSize":0}
2026-08-17 16:09:54,072 INFO  [it.uni.reti2.HeartbeatGenerator] (vert.x-eventloop-thread-0) 💓 [HEARTBEAT] Invio heartbeat: {"stazioneId":"PA","stato":"ONLINE","timestamp":"2026-08-17T14:09:54.072324551Z","tipoEvento":"HEARTBEAT","bufferSize":0}
2026-08-17 16:10:04,074 INFO  [it.uni.reti2.HeartbeatGenerator] (vert.x-eventloop-thread-0) 💓 [HEARTBEAT] Invio heartbeat: {"stazioneId":"PA","stato":"ONLINE","timestamp":"2026-08-17T14:10:04.074569459Z","tipoEvento":"HEARTBEAT","bufferSize":0}
2026-08-17 16:10:14,073 INFO  [it.uni.reti2.HeartbeatGenerator] (vert.x-eventloop-thread-0) 💓 [HEARTBEAT] Invio heartbeat: {"stazioneId":"PA","stato":"ONLINE","timestamp":"2026-08-17T14:10:14.073596903Z","tipoEvento":"HEARTBEAT","bufferSize":0}
2026-08-17 16:10:24,073 INFO  [it.uni.reti2.HeartbeatGenerator] (vert.x-eventloop-thread-0) 💓 [HEARTBEAT] Invio heartbeat: {"stazioneId":"PA","stato":"ONLINE","timestamp":"2026-08-17T14:10:24.073474950Z","tipoEvento":"HEARTBEAT","bufferSize":0}
2026-08-17 16:10:34,073 INFO  [it.uni.reti2.HeartbeatGenerator] (vert.x-eventloop-thread-0) 💓 [HEARTBEAT] Invio heartbeat: {"stazioneId":"PA","stato":"ONLINE","timestamp":"2026-08-17T14:10:34.073391488Z","tipoEvento":"HEARTBEAT","bufferSize":0}
2026-08-17 16:10:44,074 INFO  [it.uni.reti2.HeartbeatGenerator] (vert.x-eventloop-thread-0) 💓 [HEARTBEAT] Invio heartbeat: {"stazioneId":"PA","stato":"ONLINE","timestamp":"2026-08-17T14:10:44.074501400Z","tipoEvento":"HEARTBEAT","bufferSize":0}
2026-08-17 16:10:54,074 INFO  [it.uni.reti2.HeartbeatGenerator] (vert.x-eventloop-thread-0) 💓 [HEARTBEAT] Invio heartbeat: {"stazioneId":"PA","stato":"ONLINE","timestamp":"2026-08-17T14:10:54.074318484Z","tipoEvento":"HEARTBEAT","bufferSize":0}
2026-08-17 16:11:04,074 INFO  [it.uni.reti2.HeartbeatGenerator] (vert.x-eventloop-thread-0) 💓 [HEARTBEAT] Invio heartbeat: {"stazioneId":"PA","stato":"ONLINE","timestamp":"2026-08-17T14:11:04.074688172Z","tipoEvento":"HEARTBEAT","bufferSize":0}
2026-08-17 16:11:14,074 INFO  [it.uni.reti2.HeartbeatGenerator] (vert.x-eventloop-thread-0) 💓 [HEARTBEAT] Invio heartbeat: {"stazioneId":"PA","stato":"ONLINE","timestamp":"2026-08-17T14:11:14.074608698Z","tipoEvento":"HEARTBEAT","bufferSize":0}
2026-08-17 16:11:24,074 INFO  [it.uni.reti2.HeartbeatGenerator] (vert.x-eventloop-thread-0) 💓 [HEARTBEAT] Invio heartbeat: {"stazioneId":"PA","stato":"ONLINE","timestamp":"2026-08-17T14:11:24.074217807Z","tipoEvento":"HEARTBEAT","bufferSize":0}
2026-08-17 16:11:34,074 INFO  [it.uni.reti2.HeartbeatGenerator] (vert.x-eventloop-thread-0) 💓 [HEARTBEAT] Invio heartbeat: {"stazioneId":"PA","stato":"ONLINE","timestamp":"2026-08-17T14:11:34.074476214Z","tipoEvento":"HEARTBEAT","bufferSize":0}
2026-08-17 16:11:44,075 INFO  [it.uni.reti2.HeartbeatGenerator] (vert.x-eventloop-thread-0) 💓 [HEARTBEAT] Invio heartbeat: {"stazioneId":"PA","stato":"ONLINE","timestamp":"2026-08-17T14:11:44.075287143Z","tipoEvento":"HEARTBEAT","bufferSize":0}
2026-08-17 16:11:54,072 INFO  [it.uni.reti2.HeartbeatGenerator] (vert.x-eventloop-thread-0) 💓 [HEARTBEAT] Invio heartbeat: {"stazioneId":"PA","stato":"ONLINE","timestamp":"2026-08-17T14:11:54.071988964Z","tipoEvento":"HEARTBEAT","bufferSize":0}
2026-08-17 16:12:04,071 INFO  [it.uni.reti2.HeartbeatGenerator] (vert.x-eventloop-thread-0) 💓 [HEARTBEAT] Invio heartbeat: {"stazioneId":"PA","stato":"ONLINE","timestamp":"2026-08-17T14:12:04.070988049Z","tipoEvento":"HEARTBEAT","bufferSize":0}
2026-08-17 16:12:14,077 INFO  [it.uni.reti2.HeartbeatGenerator] (vert.x-eventloop-thread-0) 💓 [HEARTBEAT] Invio heartbeat: {"stazioneId":"PA","stato":"ONLINE","timestamp":"2026-08-17T14:12:14.077649060Z","tipoEvento":"HEARTBEAT","bufferSize":0}
2026-08-17 16:12:24,071 INFO  [it.uni.reti2.HeartbeatGenerator] (vert.x-eventloop-thread-0) 💓 [HEARTBEAT] Invio heartbeat: {"stazioneId":"PA","stato":"ONLINE","timestamp":"2026-08-17T14:12:24.071278221Z","tipoEvento":"HEARTBEAT","bufferSize":0}
2026-08-17 16:12:34,073 INFO  [it.uni.reti2.HeartbeatGenerator] (vert.x-eventloop-thread-0) 💓 [HEARTBEAT] Invio heartbeat: {"stazioneId":"PA","stato":"ONLINE","timestamp":"2026-08-17T14:12:34.073188718Z","tipoEvento":"HEARTBEAT","bufferSize":0}
2026-08-17 16:12:44,078 INFO  [it.uni.reti2.HeartbeatGenerator] (vert.x-eventloop-thread-0) 💓 [HEARTBEAT] Invio heartbeat: {"stazioneId":"PA","stato":"ONLINE","timestamp":"2026-08-17T14:12:44.078546748Z","tipoEvento":"HEARTBEAT","bufferSize":0}
2026-08-17 16:12:54,074 INFO  [it.uni.reti2.HeartbeatGenerator] (vert.x-eventloop-thread-0) 💓 [HEARTBEAT] Invio heartbeat: {"stazioneId":"PA","stato":"ONLINE","timestamp":"2026-08-17T14:12:54.074505842Z","tipoEvento":"HEARTBEAT","bufferSize":0}
2026-08-17 16:13:04,074 INFO  [it.uni.reti2.HeartbeatGenerator] (vert.x-eventloop-thread-0) 💓 [HEARTBEAT] Invio heartbeat: {"stazioneId":"PA","stato":"ONLINE","timestamp":"2026-08-17T14:13:04.074303570Z","tipoEvento":"HEARTBEAT","bufferSize":0}
2026-08-17 16:13:14,080 INFO  [it.uni.reti2.HeartbeatGenerator] (vert.x-eventloop-thread-0) 💓 [HEARTBEAT] Invio heartbeat: {"stazioneId":"PA","stato":"ONLINE","timestamp":"2026-08-17T14:13:14.080233589Z","tipoEvento":"HEARTBEAT","bufferSize":0}
2026-08-17 16:13:24,074 INFO  [it.uni.reti2.HeartbeatGenerator] (vert.x-eventloop-thread-0) 💓 [HEARTBEAT] Invio heartbeat: {"stazioneId":"PA","stato":"ONLINE","timestamp":"2026-08-17T14:13:24.074863202Z","tipoEvento":"HEARTBEAT","bufferSize":0}
2026-08-17 16:13:34,071 INFO  [it.uni.reti2.HeartbeatGenerator] (vert.x-eventloop-thread-0) 💓 [HEARTBEAT] Invio heartbeat: {"stazioneId":"PA","stato":"ONLINE","timestamp":"2026-08-17T14:13:34.071371931Z","tipoEvento":"HEARTBEAT","bufferSize":0}
2026-08-17 16:13:44,071 INFO  [it.uni.reti2.HeartbeatGenerator] (vert.x-eventloop-thread-0) 💓 [HEARTBEAT] Invio heartbeat: {"stazioneId":"PA","stato":"ONLINE","timestamp":"2026-08-17T14:13:44.071554354Z","tipoEvento":"HEARTBEAT","bufferSize":0}
2026-08-17 16:13:54,077 INFO  [it.uni.reti2.HeartbeatGenerator] (vert.x-eventloop-thread-0) 💓 [HEARTBEAT] Invio heartbeat: {"stazioneId":"PA","stato":"ONLINE","timestamp":"2026-08-17T14:13:54.077277824Z","tipoEvento":"HEARTBEAT","bufferSize":0}
2026-08-17 16:14:04,073 INFO  [it.uni.reti2.HeartbeatGenerator] (vert.x-eventloop-thread-0) 💓 [HEARTBEAT] Invio heartbeat: {"stazioneId":"PA","stato":"ONLINE","timestamp":"2026-08-17T14:14:04.073143417Z","tipoEvento":"HEARTBEAT","bufferSize":0}
2026-08-17 16:14:14,074 INFO  [it.uni.reti2.HeartbeatGenerator] (vert.x-eventloop-thread-0) 💓 [HEARTBEAT] Invio heartbeat: {"stazioneId":"PA","stato":"ONLINE","timestamp":"2026-08-17T14:14:14.074653737Z","tipoEvento":"HEARTBEAT","bufferSize":0}
2026-08-17 16:14:24,071 INFO  [it.uni.reti2.HeartbeatGenerator] (vert.x-eventloop-thread-0) 💓 [HEARTBEAT] Invio heartbeat: {"stazioneId":"PA","stato":"ONLINE","timestamp":"2026-08-17T14:14:24.071065955Z","tipoEvento":"HEARTBEAT","bufferSize":0}
2026-08-17 16:14:34,073 INFO  [it.uni.reti2.HeartbeatGenerator] (vert.x-eventloop-thread-0) 💓 [HEARTBEAT] Invio heartbeat: {"stazioneId":"PA","stato":"ONLINE","timestamp":"2026-08-17T14:14:34.073729705Z","tipoEvento":"HEARTBEAT","bufferSize":0}
2026-08-17 16:14:44,070 INFO  [it.uni.reti2.HeartbeatGenerator] (vert.x-eventloop-thread-0) 💓 [HEARTBEAT] Invio heartbeat: {"stazioneId":"PA","stato":"ONLINE","timestamp":"2026-08-17T14:14:44.070336848Z","tipoEvento":"HEARTBEAT","bufferSize":0}
2026-08-17 16:14:54,071 INFO  [it.uni.reti2.HeartbeatGenerator] (vert.x-eventloop-thread-0) 💓 [HEARTBEAT] Invio heartbeat: {"stazioneId":"PA","stato":"ONLINE","timestamp":"2026-08-17T14:14:54.071714049Z","tipoEvento":"HEARTBEAT","bufferSize":0}
2026-08-17 16:15:04,074 INFO  [it.uni.reti2.HeartbeatGenerator] (vert.x-eventloop-thread-0) 💓 [HEARTBEAT] Invio heartbeat: {"stazioneId":"PA","stato":"ONLINE","timestamp":"2026-08-17T14:15:04.074331276Z","tipoEvento":"HEARTBEAT","bufferSize":0}
2026-08-17 16:15:14,073 INFO  [it.uni.reti2.HeartbeatGenerator] (vert.x-eventloop-thread-0) 💓 [HEARTBEAT] Invio heartbeat: {"stazioneId":"PA","stato":"ONLINE","timestamp":"2026-08-17T14:15:14.073066114Z","tipoEvento":"HEARTBEAT","bufferSize":0}
2026-08-17 16:15:24,074 INFO  [it.uni.reti2.HeartbeatGenerator] (vert.x-eventloop-thread-0) 💓 [HEARTBEAT] Invio heartbeat: {"stazioneId":"PA","stato":"ONLINE","timestamp":"2026-08-17T14:15:24.074308787Z","tipoEvento":"HEARTBEAT","bufferSize":0}
2026-08-17 16:15:34,073 INFO  [it.uni.reti2.HeartbeatGenerator] (vert.x-eventloop-thread-0) 💓 [HEARTBEAT] Invio heartbeat: {"stazioneId":"PA","stato":"ONLINE","timestamp":"2026-08-17T14:15:34.073442658Z","tipoEvento":"HEARTBEAT","bufferSize":0}
2026-08-17 16:15:44,073 INFO  [it.uni.reti2.HeartbeatGenerator] (vert.x-eventloop-thread-0) 💓 [HEARTBEAT] Invio heartbeat: {"stazioneId":"PA","stato":"ONLINE","timestamp":"2026-08-17T14:15:44.073162052Z","tipoEvento":"HEARTBEAT","bufferSize":0}
2026-08-17 16:15:54,071 INFO  [it.uni.reti2.HeartbeatGenerator] (vert.x-eventloop-thread-0) 💓 [HEARTBEAT] Invio heartbeat: {"stazioneId":"PA","stato":"ONLINE","timestamp":"2026-08-17T14:15:54.071045603Z","tipoEvento":"HEARTBEAT","bufferSize":0}
2026-08-17 16:16:04,072 INFO  [it.uni.reti2.HeartbeatGenerator] (vert.x-eventloop-thread-0) 💓 [HEARTBEAT] Invio heartbeat: {"stazioneId":"PA","stato":"ONLINE","timestamp":"2026-08-17T14:16:04.072471750Z","tipoEvento":"HEARTBEAT","bufferSize":0}
2026-08-17 16:16:14,072 INFO  [it.uni.reti2.HeartbeatGenerator] (vert.x-eventloop-thread-0) 💓 [HEARTBEAT] Invio heartbeat: {"stazioneId":"PA","stato":"ONLINE","timestamp":"2026-08-17T14:16:14.072357748Z","tipoEvento":"HEARTBEAT","bufferSize":0}
2026-08-17 16:16:24,073 INFO  [it.uni.reti2.HeartbeatGenerator] (vert.x-eventloop-thread-0) 💓 [HEARTBEAT] Invio heartbeat: {"stazioneId":"PA","stato":"ONLINE","timestamp":"2026-08-17T14:16:24.073582792Z","tipoEvento":"HEARTBEAT","bufferSize":0}
2026-08-17 16:16:34,073 INFO  [it.uni.reti2.HeartbeatGenerator] (vert.x-eventloop-thread-0) 💓 [HEARTBEAT] Invio heartbeat: {"stazioneId":"PA","stato":"ONLINE","timestamp":"2026-08-17T14:16:34.073133653Z","tipoEvento":"HEARTBEAT","bufferSize":0}
2026-08-17 16:16:44,078 INFO  [it.uni.reti2.HeartbeatGenerator] (vert.x-eventloop-thread-0) 💓 [HEARTBEAT] Invio heartbeat: {"stazioneId":"PA","stato":"ONLINE","timestamp":"2026-08-17T14:16:44.078163478Z","tipoEvento":"HEARTBEAT","bufferSize":0}
2026-08-17 16:16:54,074 INFO  [it.uni.reti2.HeartbeatGenerator] (vert.x-eventloop-thread-0) 💓 [HEARTBEAT] Invio heartbeat: {"stazioneId":"PA","stato":"ONLINE","timestamp":"2026-08-17T14:16:54.074739869Z","tipoEvento":"HEARTBEAT","bufferSize":0}
2026-08-17 16:17:04,073 INFO  [it.uni.reti2.HeartbeatGenerator] (vert.x-eventloop-thread-0) 💓 [HEARTBEAT] Invio heartbeat: {"stazioneId":"PA","stato":"ONLINE","timestamp":"2026-08-17T14:17:04.073892615Z","tipoEvento":"HEARTBEAT","bufferSize":0}
2026-08-17 16:17:14,077 INFO  [it.uni.reti2.HeartbeatGenerator] (vert.x-eventloop-thread-0) 💓 [HEARTBEAT] Invio heartbeat: {"stazioneId":"PA","stato":"ONLINE","timestamp":"2026-08-17T14:17:14.077334814Z","tipoEvento":"HEARTBEAT","bufferSize":0}
2026-08-17 16:17:24,076 INFO  [it.uni.reti2.HeartbeatGenerator] (vert.x-eventloop-thread-0) 💓 [HEARTBEAT] Invio heartbeat: {"stazioneId":"PA","stato":"ONLINE","timestamp":"2026-08-17T14:17:24.076818471Z","tipoEvento":"HEARTBEAT","bufferSize":0}
2026-08-17 16:17:34,073 INFO  [it.uni.reti2.HeartbeatGenerator] (vert.x-eventloop-thread-0) 💓 [HEARTBEAT] Invio heartbeat: {"stazioneId":"PA","stato":"ONLINE","timestamp":"2026-08-17T14:17:34.073025719Z","tipoEvento":"HEARTBEAT","bufferSize":0}
2026-08-17 16:17:44,073 INFO  [it.uni.reti2.HeartbeatGenerator] (vert.x-eventloop-thread-0) 💓 [HEARTBEAT] Invio heartbeat: {"stazioneId":"PA","stato":"ONLINE","timestamp":"2026-08-17T14:17:44.073155817Z","tipoEvento":"HEARTBEAT","bufferSize":0}
2026-08-17 16:17:54,078 INFO  [it.uni.reti2.HeartbeatGenerator] (vert.x-eventloop-thread-0) 💓 [HEARTBEAT] Invio heartbeat: {"stazioneId":"PA","stato":"ONLINE","timestamp":"2026-08-17T14:17:54.078112979Z","tipoEvento":"HEARTBEAT","bufferSize":0}
2026-08-17 16:18:04,073 INFO  [it.uni.reti2.HeartbeatGenerator] (vert.x-eventloop-thread-0) 💓 [HEARTBEAT] Invio heartbeat: {"stazioneId":"PA","stato":"ONLINE","timestamp":"2026-08-17T14:18:04.073746735Z","tipoEvento":"HEARTBEAT","bufferSize":0}
2026-08-17 16:18:14,074 INFO  [it.uni.reti2.HeartbeatGenerator] (vert.x-eventloop-thread-0) 💓 [HEARTBEAT] Invio heartbeat: {"stazioneId":"PA","stato":"ONLINE","timestamp":"2026-08-17T14:18:14.074612591Z","tipoEvento":"HEARTBEAT","bufferSize":0}
2026-08-17 16:18:24,080 INFO  [it.uni.reti2.HeartbeatGenerator] (vert.x-eventloop-thread-0) 💓 [HEARTBEAT] Invio heartbeat: {"stazioneId":"PA","stato":"ONLINE","timestamp":"2026-08-17T14:18:24.080673279Z","tipoEvento":"HEARTBEAT","bufferSize":0}
2026-08-17 16:18:34,073 INFO  [it.uni.reti2.HeartbeatGenerator] (vert.x-eventloop-thread-0) 💓 [HEARTBEAT] Invio heartbeat: {"stazioneId":"PA","stato":"ONLINE","timestamp":"2026-08-17T14:18:34.073679565Z","tipoEvento":"HEARTBEAT","bufferSize":0}
2026-08-17 16:18:44,071 INFO  [it.uni.reti2.HeartbeatGenerator] (vert.x-eventloop-thread-0) 💓 [HEARTBEAT] Invio heartbeat: {"stazioneId":"PA","stato":"ONLINE","timestamp":"2026-08-17T14:18:44.071317488Z","tipoEvento":"HEARTBEAT","bufferSize":0}
2026-08-17 16:18:54,071 INFO  [it.uni.reti2.HeartbeatGenerator] (vert.x-eventloop-thread-0) 💓 [HEARTBEAT] Invio heartbeat: {"stazioneId":"PA","stato":"ONLINE","timestamp":"2026-08-17T14:18:54.071027556Z","tipoEvento":"HEARTBEAT","bufferSize":0}
2026-08-17 16:19:04,071 INFO  [it.uni.reti2.HeartbeatGenerator] (vert.x-eventloop-thread-0) 💓 [HEARTBEAT] Invio heartbeat: {"stazioneId":"PA","stato":"ONLINE","timestamp":"2026-08-17T14:19:04.071376137Z","tipoEvento":"HEARTBEAT","bufferSize":0}
2026-08-17 16:19:14,072 INFO  [it.uni.reti2.HeartbeatGenerator] (vert.x-eventloop-thread-0) 💓 [HEARTBEAT] Invio heartbeat: {"stazioneId":"PA","stato":"ONLINE","timestamp":"2026-08-17T14:19:14.072030185Z","tipoEvento":"HEARTBEAT","bufferSize":0}
2026-08-17 16:19:24,073 INFO  [it.uni.reti2.HeartbeatGenerator] (vert.x-eventloop-thread-0) 💓 [HEARTBEAT] Invio heartbeat: {"stazioneId":"PA","stato":"ONLINE","timestamp":"2026-08-17T14:19:24.073059499Z","tipoEvento":"HEARTBEAT","bufferSize":0}
2026-08-17 16:19:34,073 INFO  [it.uni.reti2.HeartbeatGenerator] (vert.x-eventloop-thread-0) 💓 [HEARTBEAT] Invio heartbeat: {"stazioneId":"PA","stato":"ONLINE","timestamp":"2026-08-17T14:19:34.073116064Z","tipoEvento":"HEARTBEAT","bufferSize":0}
2026-08-17 16:19:44,075 INFO  [it.uni.reti2.HeartbeatGenerator] (vert.x-eventloop-thread-0) 💓 [HEARTBEAT] Invio heartbeat: {"stazioneId":"PA","stato":"ONLINE","timestamp":"2026-08-17T14:19:44.075760239Z","tipoEvento":"HEARTBEAT","bufferSize":0}
2026-08-17 16:19:54,070 INFO  [it.uni.reti2.HeartbeatGenerator] (vert.x-eventloop-thread-0) 💓 [HEARTBEAT] Invio heartbeat: {"stazioneId":"PA","stato":"ONLINE","timestamp":"2026-08-17T14:19:54.070538382Z","tipoEvento":"HEARTBEAT","bufferSize":0}
2026-08-17 16:20:04,071 INFO  [it.uni.reti2.HeartbeatGenerator] (vert.x-eventloop-thread-0) 💓 [HEARTBEAT] Invio heartbeat: {"stazioneId":"PA","stato":"ONLINE","timestamp":"2026-08-17T14:20:04.071674301Z","tipoEvento":"HEARTBEAT","bufferSize":0}
2026-08-17 16:20:14,072 INFO  [it.uni.reti2.HeartbeatGenerator] (vert.x-eventloop-thread-0) 💓 [HEARTBEAT] Invio heartbeat: {"stazioneId":"PA","stato":"ONLINE","timestamp":"2026-08-17T14:20:14.072679817Z","tipoEvento":"HEARTBEAT","bufferSize":0}
2026-08-17 16:20:24,071 INFO  [it.uni.reti2.HeartbeatGenerator] (vert.x-eventloop-thread-0) 💓 [HEARTBEAT] Invio heartbeat: {"stazioneId":"PA","stato":"ONLINE","timestamp":"2026-08-17T14:20:24.071893477Z","tipoEvento":"HEARTBEAT","bufferSize":0}
2026-08-17 16:20:34,072 INFO  [it.uni.reti2.HeartbeatGenerator] (vert.x-eventloop-thread-0) 💓 [HEARTBEAT] Invio heartbeat: {"stazioneId":"PA","stato":"ONLINE","timestamp":"2026-08-17T14:20:34.072667226Z","tipoEvento":"HEARTBEAT","bufferSize":0}
2026-08-17 16:20:44,078 INFO  [it.uni.reti2.HeartbeatGenerator] (vert.x-eventloop-thread-0) 💓 [HEARTBEAT] Invio heartbeat: {"stazioneId":"PA","stato":"ONLINE","timestamp":"2026-08-17T14:20:44.078477471Z","tipoEvento":"HEARTBEAT","bufferSize":0}
2026-08-17 16:20:54,072 INFO  [it.uni.reti2.HeartbeatGenerator] (vert.x-eventloop-thread-0) 💓 [HEARTBEAT] Invio heartbeat: {"stazioneId":"PA","stato":"ONLINE","timestamp":"2026-08-17T14:20:54.072572124Z","tipoEvento":"HEARTBEAT","bufferSize":0}
2026-08-17 16:21:04,073 INFO  [it.uni.reti2.HeartbeatGenerator] (vert.x-eventloop-thread-0) 💓 [HEARTBEAT] Invio heartbeat: {"stazioneId":"PA","stato":"ONLINE","timestamp":"2026-08-17T14:21:04.073049655Z","tipoEvento":"HEARTBEAT","bufferSize":0}
2026-08-17 16:21:14,080 INFO  [it.uni.reti2.HeartbeatGenerator] (vert.x-eventloop-thread-0) 💓 [HEARTBEAT] Invio heartbeat: {"stazioneId":"PA","stato":"ONLINE","timestamp":"2026-08-17T14:21:14.080795645Z","tipoEvento":"HEARTBEAT","bufferSize":0}
2026-08-17 16:21:24,075 INFO  [it.uni.reti2.HeartbeatGenerator] (vert.x-eventloop-thread-0) 💓 [HEARTBEAT] Invio heartbeat: {"stazioneId":"PA","stato":"ONLINE","timestamp":"2026-08-17T14:21:24.075902181Z","tipoEvento":"HEARTBEAT","bufferSize":0}
2026-08-17 16:21:34,073 INFO  [it.uni.reti2.HeartbeatGenerator] (vert.x-eventloop-thread-0) 💓 [HEARTBEAT] Invio heartbeat: {"stazioneId":"PA","stato":"ONLINE","timestamp":"2026-08-17T14:21:34.072789701Z","tipoEvento":"HEARTBEAT","bufferSize":0}
2026-08-17 16:21:44,072 INFO  [it.uni.reti2.HeartbeatGenerator] (vert.x-eventloop-thread-0) 💓 [HEARTBEAT] Invio heartbeat: {"stazioneId":"PA","stato":"ONLINE","timestamp":"2026-08-17T14:21:44.072314791Z","tipoEvento":"HEARTBEAT","bufferSize":0}
2026-08-17 16:21:54,077 INFO  [it.uni.reti2.HeartbeatGenerator] (vert.x-eventloop-thread-0) 💓 [HEARTBEAT] Invio heartbeat: {"stazioneId":"PA","stato":"ONLINE","timestamp":"2026-08-17T14:21:54.077575039Z","tipoEvento":"HEARTBEAT","bufferSize":0}
2026-08-17 16:22:04,071 INFO  [it.uni.reti2.HeartbeatGenerator] (vert.x-eventloop-thread-0) 💓 [HEARTBEAT] Invio heartbeat: {"stazioneId":"PA","stato":"ONLINE","timestamp":"2026-08-17T14:22:04.070985361Z","tipoEvento":"HEARTBEAT","bufferSize":0}
2026-08-17 16:22:14,072 INFO  [it.uni.reti2.HeartbeatGenerator] (vert.x-eventloop-thread-0) 💓 [HEARTBEAT] Invio heartbeat: {"stazioneId":"PA","stato":"ONLINE","timestamp":"2026-08-17T14:22:14.072379316Z","tipoEvento":"HEARTBEAT","bufferSize":0}
2026-08-17 16:22:24,078 INFO  [it.uni.reti2.HeartbeatGenerator] (vert.x-eventloop-thread-0) 💓 [HEARTBEAT] Invio heartbeat: {"stazioneId":"PA","stato":"ONLINE","timestamp":"2026-08-17T14:22:24.078657939Z","tipoEvento":"HEARTBEAT","bufferSize":0}
2026-08-17 16:22:34,073 INFO  [it.uni.reti2.HeartbeatGenerator] (vert.x-eventloop-thread-0) 💓 [HEARTBEAT] Invio heartbeat: {"stazioneId":"PA","stato":"ONLINE","timestamp":"2026-08-17T14:22:34.073013291Z","tipoEvento":"HEARTBEAT","bufferSize":0}
2026-08-17 16:22:44,073 INFO  [it.uni.reti2.HeartbeatGenerator] (vert.x-eventloop-thread-0) 💓 [HEARTBEAT] Invio heartbeat: {"stazioneId":"PA","stato":"ONLINE","timestamp":"2026-08-17T14:22:44.072982443Z","tipoEvento":"HEARTBEAT","bufferSize":0}
2026-08-17 16:22:54,078 INFO  [it.uni.reti2.HeartbeatGenerator] (vert.x-eventloop-thread-0) 💓 [HEARTBEAT] Invio heartbeat: {"stazioneId":"PA","stato":"ONLINE","timestamp":"2026-08-17T14:22:54.078417517Z","tipoEvento":"HEARTBEAT","bufferSize":0}
2026-08-17 16:23:04,073 INFO  [it.uni.reti2.HeartbeatGenerator] (vert.x-eventloop-thread-0) 💓 [HEARTBEAT] Invio heartbeat: {"stazioneId":"PA","stato":"ONLINE","timestamp":"2026-08-17T14:23:04.073728182Z","tipoEvento":"HEARTBEAT","bufferSize":0}
2026-08-17 16:23:14,074 INFO  [it.uni.reti2.HeartbeatGenerator] (vert.x-eventloop-thread-0) 💓 [HEARTBEAT] Invio heartbeat: {"stazioneId":"PA","stato":"ONLINE","timestamp":"2026-08-17T14:23:14.074811177Z","tipoEvento":"HEARTBEAT","bufferSize":0}
2026-08-17 16:23:24,079 INFO  [it.uni.reti2.HeartbeatGenerator] (vert.x-eventloop-thread-0) 💓 [HEARTBEAT] Invio heartbeat: {"stazioneId":"PA","stato":"ONLINE","timestamp":"2026-08-17T14:23:24.079414859Z","tipoEvento":"HEARTBEAT","bufferSize":0}
2026-08-17 16:23:34,073 INFO  [it.uni.reti2.HeartbeatGenerator] (vert.x-eventloop-thread-0) 💓 [HEARTBEAT] Invio heartbeat: {"stazioneId":"PA","stato":"ONLINE","timestamp":"2026-08-17T14:23:34.073475791Z","tipoEvento":"HEARTBEAT","bufferSize":0}
2026-08-17 16:23:44,074 INFO  [it.uni.reti2.HeartbeatGenerator] (vert.x-eventloop-thread-0) 💓 [HEARTBEAT] Invio heartbeat: {"stazioneId":"PA","stato":"ONLINE","timestamp":"2026-08-17T14:23:44.074636511Z","tipoEvento":"HEARTBEAT","bufferSize":0}
2026-08-17 16:23:54,077 INFO  [it.uni.reti2.HeartbeatGenerator] (vert.x-eventloop-thread-0) 💓 [HEARTBEAT] Invio heartbeat: {"stazioneId":"PA","stato":"ONLINE","timestamp":"2026-08-17T14:23:54.077299690Z","tipoEvento":"HEARTBEAT","bufferSize":0}
2026-08-17 16:24:04,075 INFO  [it.uni.reti2.HeartbeatGenerator] (vert.x-eventloop-thread-0) 💓 [HEARTBEAT] Invio heartbeat: {"stazioneId":"PA","stato":"ONLINE","timestamp":"2026-08-17T14:24:04.075141133Z","tipoEvento":"HEARTBEAT","bufferSize":0}
2026-08-17 16:24:14,071 INFO  [it.uni.reti2.HeartbeatGenerator] (vert.x-eventloop-thread-0) 💓 [HEARTBEAT] Invio heartbeat: {"stazioneId":"PA","stato":"ONLINE","timestamp":"2026-08-17T14:24:14.071767989Z","tipoEvento":"HEARTBEAT","bufferSize":0}
2026-08-17 16:24:24,072 INFO  [it.uni.reti2.HeartbeatGenerator] (vert.x-eventloop-thread-0) 💓 [HEARTBEAT] Invio heartbeat: {"stazioneId":"PA","stato":"ONLINE","timestamp":"2026-08-17T14:24:24.072330881Z","tipoEvento":"HEARTBEAT","bufferSize":0}
2026-08-17 16:24:34,073 INFO  [it.uni.reti2.HeartbeatGenerator] (vert.x-eventloop-thread-0) 💓 [HEARTBEAT] Invio heartbeat: {"stazioneId":"PA","stato":"ONLINE","timestamp":"2026-08-17T14:24:34.073781510Z","tipoEvento":"HEARTBEAT","bufferSize":0}
2026-08-17 16:24:44,074 INFO  [it.uni.reti2.HeartbeatGenerator] (vert.x-eventloop-thread-0) 💓 [HEARTBEAT] Invio heartbeat: {"stazioneId":"PA","stato":"ONLINE","timestamp":"2026-08-17T14:24:44.073999312Z","tipoEvento":"HEARTBEAT","bufferSize":0}
2026-08-17 16:24:54,073 INFO  [it.uni.reti2.HeartbeatGenerator] (vert.x-eventloop-thread-0) 💓 [HEARTBEAT] Invio heartbeat: {"stazioneId":"PA","stato":"ONLINE","timestamp":"2026-08-17T14:24:54.073302958Z","tipoEvento":"HEARTBEAT","bufferSize":0}
2026-08-17 16:25:04,074 INFO  [it.uni.reti2.HeartbeatGenerator] (vert.x-eventloop-thread-0) 💓 [HEARTBEAT] Invio heartbeat: {"stazioneId":"PA","stato":"ONLINE","timestamp":"2026-08-17T14:25:04.074294882Z","tipoEvento":"HEARTBEAT","bufferSize":0}
2026-08-17 16:25:14,077 INFO  [it.uni.reti2.HeartbeatGenerator] (vert.x-eventloop-thread-0) 💓 [HEARTBEAT] Invio heartbeat: {"stazioneId":"PA","stato":"ONLINE","timestamp":"2026-08-17T14:25:14.077303385Z","tipoEvento":"HEARTBEAT","bufferSize":0}
2026-08-17 16:25:24,072 INFO  [it.uni.reti2.HeartbeatGenerator] (vert.x-eventloop-thread-0) 💓 [HEARTBEAT] Invio heartbeat: {"stazioneId":"PA","stato":"ONLINE","timestamp":"2026-08-17T14:25:24.072493140Z","tipoEvento":"HEARTBEAT","bufferSize":0}
2026-08-17 16:25:34,072 INFO  [it.uni.reti2.HeartbeatGenerator] (vert.x-eventloop-thread-0) 💓 [HEARTBEAT] Invio heartbeat: {"stazioneId":"PA","stato":"ONLINE","timestamp":"2026-08-17T14:25:34.072306983Z","tipoEvento":"HEARTBEAT","bufferSize":0}
2026-08-17 16:25:44,073 INFO  [it.uni.reti2.HeartbeatGenerator] (vert.x-eventloop-thread-0) 💓 [HEARTBEAT] Invio heartbeat: {"stazioneId":"PA","stato":"ONLINE","timestamp":"2026-08-17T14:25:44.073480762Z","tipoEvento":"HEARTBEAT","bufferSize":0}
2026-08-17 16:25:54,074 INFO  [it.uni.reti2.HeartbeatGenerator] (vert.x-eventloop-thread-0) 💓 [HEARTBEAT] Invio heartbeat: {"stazioneId":"PA","stato":"ONLINE","timestamp":"2026-08-17T14:25:54.074694476Z","tipoEvento":"HEARTBEAT","bufferSize":0}
2026-08-17 16:26:04,073 INFO  [it.uni.reti2.HeartbeatGenerator] (vert.x-eventloop-thread-0) 💓 [HEARTBEAT] Invio heartbeat: {"stazioneId":"PA","stato":"ONLINE","timestamp":"2026-08-17T14:26:04.073416947Z","tipoEvento":"HEARTBEAT","bufferSize":0}
2026-08-17 16:26:14,081 INFO  [it.uni.reti2.HeartbeatGenerator] (vert.x-eventloop-thread-0) 💓 [HEARTBEAT] Invio heartbeat: {"stazioneId":"PA","stato":"ONLINE","timestamp":"2026-08-17T14:26:14.081326477Z","tipoEvento":"HEARTBEAT","bufferSize":0}
2026-08-17 16:26:24,075 INFO  [it.uni.reti2.HeartbeatGenerator] (vert.x-eventloop-thread-0) 💓 [HEARTBEAT] Invio heartbeat: {"stazioneId":"PA","stato":"ONLINE","timestamp":"2026-08-17T14:26:24.075080256Z","tipoEvento":"HEARTBEAT","bufferSize":0}
2026-08-17 16:26:34,071 INFO  [it.uni.reti2.HeartbeatGenerator] (vert.x-eventloop-thread-0) 💓 [HEARTBEAT] Invio heartbeat: {"stazioneId":"PA","stato":"ONLINE","timestamp":"2026-08-17T14:26:34.071801368Z","tipoEvento":"HEARTBEAT","bufferSize":0}
2026-08-17 16:26:44,070 INFO  [it.uni.reti2.HeartbeatGenerator] (vert.x-eventloop-thread-0) 💓 [HEARTBEAT] Invio heartbeat: {"stazioneId":"PA","stato":"ONLINE","timestamp":"2026-08-17T14:26:44.070339145Z","tipoEvento":"HEARTBEAT","bufferSize":0}
2026-08-17 16:26:54,072 INFO  [it.uni.reti2.HeartbeatGenerator] (vert.x-eventloop-thread-0) 💓 [HEARTBEAT] Invio heartbeat: {"stazioneId":"PA","stato":"ONLINE","timestamp":"2026-08-17T14:26:54.072035256Z","tipoEvento":"HEARTBEAT","bufferSize":0}
2026-08-17 16:27:04,071 INFO  [it.uni.reti2.HeartbeatGenerator] (vert.x-eventloop-thread-0) 💓 [HEARTBEAT] Invio heartbeat: {"stazioneId":"PA","stato":"ONLINE","timestamp":"2026-08-17T14:27:04.070910943Z","tipoEvento":"HEARTBEAT","bufferSize":0}
2026-08-17 16:27:14,072 INFO  [it.uni.reti2.HeartbeatGenerator] (vert.x-eventloop-thread-0) 💓 [HEARTBEAT] Invio heartbeat: {"stazioneId":"PA","stato":"ONLINE","timestamp":"2026-08-17T14:27:14.072246720Z","tipoEvento":"HEARTBEAT","bufferSize":0}
2026-08-17 16:27:24,076 INFO  [it.uni.reti2.HeartbeatGenerator] (vert.x-eventloop-thread-0) 💓 [HEARTBEAT] Invio heartbeat: {"stazioneId":"PA","stato":"ONLINE","timestamp":"2026-08-17T14:27:24.075986753Z","tipoEvento":"HEARTBEAT","bufferSize":0}
2026-08-17 16:27:34,071 INFO  [it.uni.reti2.HeartbeatGenerator] (vert.x-eventloop-thread-0) 💓 [HEARTBEAT] Invio heartbeat: {"stazioneId":"PA","stato":"ONLINE","timestamp":"2026-08-17T14:27:34.071775812Z","tipoEvento":"HEARTBEAT","bufferSize":0}
2026-08-17 16:27:44,071 INFO  [it.uni.reti2.HeartbeatGenerator] (vert.x-eventloop-thread-0) 💓 [HEARTBEAT] Invio heartbeat: {"stazioneId":"PA","stato":"ONLINE","timestamp":"2026-08-17T14:27:44.071562023Z","tipoEvento":"HEARTBEAT","bufferSize":0}
2026-08-17 16:27:54,074 INFO  [it.uni.reti2.HeartbeatGenerator] (vert.x-eventloop-thread-0) 💓 [HEARTBEAT] Invio heartbeat: {"stazioneId":"PA","stato":"ONLINE","timestamp":"2026-08-17T14:27:54.074276267Z","tipoEvento":"HEARTBEAT","bufferSize":0}
2026-08-17 16:28:04,072 INFO  [it.uni.reti2.HeartbeatGenerator] (vert.x-eventloop-thread-0) 💓 [HEARTBEAT] Invio heartbeat: {"stazioneId":"PA","stato":"ONLINE","timestamp":"2026-08-17T14:28:04.072472068Z","tipoEvento":"HEARTBEAT","bufferSize":0}
2026-08-17 16:28:14,077 INFO  [it.uni.reti2.HeartbeatGenerator] (vert.x-eventloop-thread-0) 💓 [HEARTBEAT] Invio heartbeat: {"stazioneId":"PA","stato":"ONLINE","timestamp":"2026-08-17T14:28:14.073248570Z","tipoEvento":"HEARTBEAT","bufferSize":0}
2026-08-17 16:28:24,078 INFO  [it.uni.reti2.HeartbeatGenerator] (vert.x-eventloop-thread-0) 💓 [HEARTBEAT] Invio heartbeat: {"stazioneId":"PA","stato":"ONLINE","timestamp":"2026-08-17T14:28:24.078775173Z","tipoEvento":"HEARTBEAT","bufferSize":0}
2026-08-17 16:28:34,073 INFO  [it.uni.reti2.HeartbeatGenerator] (vert.x-eventloop-thread-0) 💓 [HEARTBEAT] Invio heartbeat: {"stazioneId":"PA","stato":"ONLINE","timestamp":"2026-08-17T14:28:34.073590724Z","tipoEvento":"HEARTBEAT","bufferSize":0}
2026-08-17 16:28:44,074 INFO  [it.uni.reti2.HeartbeatGenerator] (vert.x-eventloop-thread-0) 💓 [HEARTBEAT] Invio heartbeat: {"stazioneId":"PA","stato":"ONLINE","timestamp":"2026-08-17T14:28:44.073991345Z","tipoEvento":"HEARTBEAT","bufferSize":0}
2026-08-17 16:28:54,080 INFO  [it.uni.reti2.HeartbeatGenerator] (vert.x-eventloop-thread-0) 💓 [HEARTBEAT] Invio heartbeat: {"stazioneId":"PA","stato":"ONLINE","timestamp":"2026-08-17T14:28:54.079998947Z","tipoEvento":"HEARTBEAT","bufferSize":0}
2026-08-17 16:29:04,071 INFO  [it.uni.reti2.HeartbeatGenerator] (vert.x-eventloop-thread-0) 💓 [HEARTBEAT] Invio heartbeat: {"stazioneId":"PA","stato":"ONLINE","timestamp":"2026-08-17T14:29:04.071000224Z","tipoEvento":"HEARTBEAT","bufferSize":0}
2026-08-17 16:29:14,075 INFO  [it.uni.reti2.HeartbeatGenerator] (vert.x-eventloop-thread-0) 💓 [HEARTBEAT] Invio heartbeat: {"stazioneId":"PA","stato":"ONLINE","timestamp":"2026-08-17T14:29:14.075054118Z","tipoEvento":"HEARTBEAT","bufferSize":0}
2026-08-17 16:29:24,071 INFO  [it.uni.reti2.HeartbeatGenerator] (vert.x-eventloop-thread-0) 💓 [HEARTBEAT] Invio heartbeat: {"stazioneId":"PA","stato":"ONLINE","timestamp":"2026-08-17T14:29:24.071373770Z","tipoEvento":"HEARTBEAT","bufferSize":0}
2026-08-17 16:29:34,072 INFO  [it.uni.reti2.HeartbeatGenerator] (vert.x-eventloop-thread-0) 💓 [HEARTBEAT] Invio heartbeat: {"stazioneId":"PA","stato":"ONLINE","timestamp":"2026-08-17T14:29:34.072495765Z","tipoEvento":"HEARTBEAT","bufferSize":0}
2026-08-17 16:29:44,071 INFO  [it.uni.reti2.HeartbeatGenerator] (vert.x-eventloop-thread-0) 💓 [HEARTBEAT] Invio heartbeat: {"stazioneId":"PA","stato":"ONLINE","timestamp":"2026-08-17T14:29:44.071338547Z","tipoEvento":"HEARTBEAT","bufferSize":0}
2026-08-17 16:29:54,071 INFO  [it.uni.reti2.HeartbeatGenerator] (vert.x-eventloop-thread-0) 💓 [HEARTBEAT] Invio heartbeat: {"stazioneId":"PA","stato":"ONLINE","timestamp":"2026-08-17T14:29:54.071047140Z","tipoEvento":"HEARTBEAT","bufferSize":0}
2026-08-17 16:30:07,268 INFO  [it.uni.reti2.HeartbeatGenerator] (vert.x-eventloop-thread-0) 💓 [HEARTBEAT] Invio heartbeat: {"stazioneId":"PA","stato":"ONLINE","timestamp":"2026-08-17T14:30:07.268458459Z","tipoEvento":"HEARTBEAT","bufferSize":0}
2026-08-17 16:30:17,273 INFO  [it.uni.reti2.HeartbeatGenerator] (vert.x-eventloop-thread-0) 💓 [HEARTBEAT] Invio heartbeat: {"stazioneId":"PA","stato":"ONLINE","timestamp":"2026-08-17T14:30:17.272920106Z","tipoEvento":"HEARTBEAT","bufferSize":0}
2026-08-17 16:30:27,268 INFO  [it.uni.reti2.HeartbeatGenerator] (vert.x-eventloop-thread-0) 💓 [HEARTBEAT] Invio heartbeat: {"stazioneId":"PA","stato":"ONLINE","timestamp":"2026-08-17T14:30:27.268602486Z","tipoEvento":"HEARTBEAT","bufferSize":0}
2026-08-17 16:46:16,842 INFO  [io.smallrye.reactive.messaging.mqtt.session.impl.MqttClientSessionImpl] (vert.x-eventloop-thread-0) Connection closed: Connection closed
2026-08-17 16:46:16,847 INFO  [io.smallrye.reactive.messaging.mqtt.session.impl.MqttClientSessionImpl] (vert.x-eventloop-thread-0) Connection closed: Connection closed
2026-08-17 16:46:16,848 INFO  [io.smallrye.reactive.messaging.mqtt.session.impl.MqttClientSessionImpl] (vert.x-eventloop-thread-0) Connection closed: Connection closed
2026-08-17 16:46:17,899 INFO  [io.vertx.mqtt.impl.MqttClientImpl] (vert.x-eventloop-thread-0) Connection with localhost:1883 established successfully
2026-08-17 16:46:17,901 INFO  [io.vertx.mqtt.impl.MqttClientImpl] (vert.x-eventloop-thread-0) Connection with localhost:1883 established successfully
2026-08-17 16:46:17,903 INFO  [io.vertx.mqtt.impl.MqttClientImpl] (vert.x-eventloop-thread-0) Connection with localhost:1883 established successfully
2026-08-17 16:46:18,014 INFO  [it.uni.reti2.HeartbeatGenerator] (vert.x-eventloop-thread-0) 💓 [HEARTBEAT] Invio heartbeat: {"stazioneId":"PA","stato":"ONLINE","timestamp":"2026-08-17T14:46:18.014812709Z","tipoEvento":"HEARTBEAT","bufferSize":0}
2026-08-17 16:46:18,039 WARN  [it.uni.reti2.StationGateway] (vert.x-eventloop-thread-3) 🚨 [ALERT RICEVUTO] La Centrale dice: {"tipoEvento":"RESOLVED","origine":"CENTRALE","sorgenteTipo":"STAZIONE","sorgenteId":"TO","guastoId":"alert-1786977976878-0fac9718","timestamp":"2026-08-17T14:46:18.035768928Z"}
2026-08-17 16:46:18,043 WARN  [it.uni.reti2.StationGateway] (vert.x-eventloop-thread-3) 🚨 [ALERT RICEVUTO] La Centrale dice: {"tipoEvento":"RESOLVED","origine":"CENTRALE","sorgenteTipo":"STAZIONE","sorgenteId":"PA","guastoId":"alert-1786977976844-9fb06590","timestamp":"2026-08-17T14:46:18.042982864Z"}
2026-08-17 16:46:18,043 INFO  [it.uni.reti2.StationGateway] (vert.x-eventloop-thread-3) 🔧 Stazione ripristinata dalla Centrale! Stato di nuovo ONLINE.
2026-08-17 16:46:18,047 WARN  [it.uni.reti2.StationGateway] (vert.x-eventloop-thread-3) 🚨 [ALERT RICEVUTO] La Centrale dice: {"tipoEvento":"RESOLVED","origine":"CENTRALE","sorgenteTipo":"STAZIONE","sorgenteId":"stazzaDellaMadonnaTroia","guastoId":"alert-1786977976874-f90413db","timestamp":"2026-08-17T14:46:18.046698379Z"}
2026-08-17 16:46:18,050 WARN  [it.uni.reti2.StationGateway] (vert.x-eventloop-thread-3) 🚨 [ALERT RICEVUTO] La Centrale dice: {"tipoEvento":"RESOLVED","origine":"CENTRALE","sorgenteTipo":"STAZIONE","sorgenteId":"MI","guastoId":"alert-1786977976880-6e296e58","timestamp":"2026-08-17T14:46:18.049974896Z"}
2026-08-17 16:46:18,060 WARN  [it.uni.reti2.StationGateway] (vert.x-eventloop-thread-3) 🚨 [ALERT RICEVUTO] La Centrale dice: {"tipoEvento":"RESOLVED","origine":"CENTRALE","sorgenteTipo":"STAZIONE","sorgenteId":"Padova","guastoId":"alert-1786977976882-8e01719d","timestamp":"2026-08-17T14:46:18.059899417Z"}
2026-08-17 16:46:28,016 INFO  [it.uni.reti2.HeartbeatGenerator] (vert.x-eventloop-thread-0) 💓 [HEARTBEAT] Invio heartbeat: {"stazioneId":"PA","stato":"ONLINE","timestamp":"2026-08-17T14:46:28.016632514Z","tipoEvento":"HEARTBEAT","bufferSize":0}
2026-08-17 16:46:38,021 INFO  [it.uni.reti2.HeartbeatGenerator] (vert.x-eventloop-thread-0) 💓 [HEARTBEAT] Invio heartbeat: {"stazioneId":"PA","stato":"ONLINE","timestamp":"2026-08-17T14:46:38.021400443Z","tipoEvento":"HEARTBEAT","bufferSize":0}
2026-08-17 16:46:48,014 INFO  [it.uni.reti2.HeartbeatGenerator] (vert.x-eventloop-thread-0) 💓 [HEARTBEAT] Invio heartbeat: {"stazioneId":"PA","stato":"ONLINE","timestamp":"2026-08-17T14:46:48.014949110Z","tipoEvento":"HEARTBEAT","bufferSize":0}
2026-08-17 16:46:58,016 INFO  [it.uni.reti2.HeartbeatGenerator] (vert.x-eventloop-thread-0) 💓 [HEARTBEAT] Invio heartbeat: {"stazioneId":"PA","stato":"ONLINE","timestamp":"2026-08-17T14:46:58.016622606Z","tipoEvento":"HEARTBEAT","bufferSize":0}
2026-08-17 16:47:08,022 INFO  [it.uni.reti2.HeartbeatGenerator] (vert.x-eventloop-thread-0) 💓 [HEARTBEAT] Invio heartbeat: {"stazioneId":"PA","stato":"ONLINE","timestamp":"2026-08-17T14:47:08.022529315Z","tipoEvento":"HEARTBEAT","bufferSize":0}
2026-08-17 16:47:18,890 INFO  [it.uni.reti2.HeartbeatGenerator] (vert.x-eventloop-thread-0) 💓 [HEARTBEAT] Invio heartbeat: {"stazioneId":"PA","stato":"ONLINE","timestamp":"2026-08-17T14:47:18.886342951Z","tipoEvento":"HEARTBEAT","bufferSize":0}
2026-08-17 16:47:28,889 INFO  [it.uni.reti2.HeartbeatGenerator] (vert.x-eventloop-thread-0) 💓 [HEARTBEAT] Invio heartbeat: {"stazioneId":"PA","stato":"ONLINE","timestamp":"2026-08-17T14:47:28.889042702Z","tipoEvento":"HEARTBEAT","bufferSize":0}
2026-08-17 16:47:38,894 INFO  [it.uni.reti2.HeartbeatGenerator] (vert.x-eventloop-thread-0) 💓 [HEARTBEAT] Invio heartbeat: {"stazioneId":"PA","stato":"ONLINE","timestamp":"2026-08-17T14:47:38.894029079Z","tipoEvento":"HEARTBEAT","bufferSize":0}
2026-08-17 16:47:48,886 INFO  [it.uni.reti2.HeartbeatGenerator] (vert.x-eventloop-thread-0) 💓 [HEARTBEAT] Invio heartbeat: {"stazioneId":"PA","stato":"ONLINE","timestamp":"2026-08-17T14:47:48.886310171Z","tipoEvento":"HEARTBEAT","bufferSize":0}
2026-08-17 16:47:58,890 INFO  [it.uni.reti2.HeartbeatGenerator] (vert.x-eventloop-thread-0) 💓 [HEARTBEAT] Invio heartbeat: {"stazioneId":"PA","stato":"ONLINE","timestamp":"2026-08-17T14:47:58.890002181Z","tipoEvento":"HEARTBEAT","bufferSize":0}
2026-08-17 16:48:08,895 INFO  [it.uni.reti2.HeartbeatGenerator] (vert.x-eventloop-thread-0) 💓 [HEARTBEAT] Invio heartbeat: {"stazioneId":"PA","stato":"ONLINE","timestamp":"2026-08-17T14:48:08.895690637Z","tipoEvento":"HEARTBEAT","bufferSize":0}
2026-08-17 16:48:18,886 INFO  [it.uni.reti2.HeartbeatGenerator] (vert.x-eventloop-thread-0) 💓 [HEARTBEAT] Invio heartbeat: {"stazioneId":"PA","stato":"ONLINE","timestamp":"2026-08-17T14:48:18.886558676Z","tipoEvento":"HEARTBEAT","bufferSize":0}
2026-08-17 16:48:28,889 INFO  [it.uni.reti2.HeartbeatGenerator] (vert.x-eventloop-thread-0) 💓 [HEARTBEAT] Invio heartbeat: {"stazioneId":"PA","stato":"ONLINE","timestamp":"2026-08-17T14:48:28.888964502Z","tipoEvento":"HEARTBEAT","bufferSize":0}
2026-08-17 16:48:38,893 INFO  [it.uni.reti2.HeartbeatGenerator] (vert.x-eventloop-thread-0) 💓 [HEARTBEAT] Invio heartbeat: {"stazioneId":"PA","stato":"ONLINE","timestamp":"2026-08-17T14:48:38.892993910Z","tipoEvento":"HEARTBEAT","bufferSize":0}
2026-08-17 16:48:48,886 INFO  [it.uni.reti2.HeartbeatGenerator] (vert.x-eventloop-thread-0) 💓 [HEARTBEAT] Invio heartbeat: {"stazioneId":"PA","stato":"ONLINE","timestamp":"2026-08-17T14:48:48.886332650Z","tipoEvento":"HEARTBEAT","bufferSize":0}
2026-08-17 16:48:58,891 INFO  [it.uni.reti2.HeartbeatGenerator] (vert.x-eventloop-thread-0) 💓 [HEARTBEAT] Invio heartbeat: {"stazioneId":"PA","stato":"ONLINE","timestamp":"2026-08-17T14:48:58.891021765Z","tipoEvento":"HEARTBEAT","bufferSize":0}
2026-08-17 16:49:08,886 INFO  [it.uni.reti2.HeartbeatGenerator] (vert.x-eventloop-thread-0) 💓 [HEARTBEAT] Invio heartbeat: {"stazioneId":"PA","stato":"ONLINE","timestamp":"2026-08-17T14:49:08.886841900Z","tipoEvento":"HEARTBEAT","bufferSize":0}
2026-08-17 16:49:18,886 INFO  [it.uni.reti2.HeartbeatGenerator] (vert.x-eventloop-thread-0) 💓 [HEARTBEAT] Invio heartbeat: {"stazioneId":"PA","stato":"ONLINE","timestamp":"2026-08-17T14:49:18.886699073Z","tipoEvento":"HEARTBEAT","bufferSize":0}
2026-08-17 16:49:28,887 INFO  [it.uni.reti2.HeartbeatGenerator] (vert.x-eventloop-thread-0) 💓 [HEARTBEAT] Invio heartbeat: {"stazioneId":"PA","stato":"ONLINE","timestamp":"2026-08-17T14:49:28.887830664Z","tipoEvento":"HEARTBEAT","bufferSize":0}
2026-08-17 16:49:38,888 INFO  [it.uni.reti2.HeartbeatGenerator] (vert.x-eventloop-thread-0) 💓 [HEARTBEAT] Invio heartbeat: {"stazioneId":"PA","stato":"ONLINE","timestamp":"2026-08-17T14:49:38.888169306Z","tipoEvento":"HEARTBEAT","bufferSize":0}
2026-08-17 16:49:48,886 INFO  [it.uni.reti2.HeartbeatGenerator] (vert.x-eventloop-thread-0) 💓 [HEARTBEAT] Invio heartbeat: {"stazioneId":"PA","stato":"ONLINE","timestamp":"2026-08-17T14:49:48.886659377Z","tipoEvento":"HEARTBEAT","bufferSize":0}
2026-08-17 16:49:58,889 INFO  [it.uni.reti2.HeartbeatGenerator] (vert.x-eventloop-thread-0) 💓 [HEARTBEAT] Invio heartbeat: {"stazioneId":"PA","stato":"ONLINE","timestamp":"2026-08-17T14:49:58.889742362Z","tipoEvento":"HEARTBEAT","bufferSize":0}
2026-08-17 16:50:08,889 INFO  [it.uni.reti2.HeartbeatGenerator] (vert.x-eventloop-thread-0) 💓 [HEARTBEAT] Invio heartbeat: {"stazioneId":"PA","stato":"ONLINE","timestamp":"2026-08-17T14:50:08.889788888Z","tipoEvento":"HEARTBEAT","bufferSize":0}
2026-08-17 16:50:18,886 INFO  [it.uni.reti2.HeartbeatGenerator] (vert.x-eventloop-thread-0) 💓 [HEARTBEAT] Invio heartbeat: {"stazioneId":"PA","stato":"ONLINE","timestamp":"2026-08-17T14:50:18.886415765Z","tipoEvento":"HEARTBEAT","bufferSize":0}
2026-08-17 16:50:28,889 INFO  [it.uni.reti2.HeartbeatGenerator] (vert.x-eventloop-thread-0) 💓 [HEARTBEAT] Invio heartbeat: {"stazioneId":"PA","stato":"ONLINE","timestamp":"2026-08-17T14:50:28.889963625Z","tipoEvento":"HEARTBEAT","bufferSize":0}
2026-08-17 16:50:38,890 INFO  [it.uni.reti2.HeartbeatGenerator] (vert.x-eventloop-thread-0) 💓 [HEARTBEAT] Invio heartbeat: {"stazioneId":"PA","stato":"ONLINE","timestamp":"2026-08-17T14:50:38.890020770Z","tipoEvento":"HEARTBEAT","bufferSize":0}
2026-08-17 16:50:48,886 INFO  [it.uni.reti2.HeartbeatGenerator] (vert.x-eventloop-thread-0) 💓 [HEARTBEAT] Invio heartbeat: {"stazioneId":"PA","stato":"ONLINE","timestamp":"2026-08-17T14:50:48.886246559Z","tipoEvento":"HEARTBEAT","bufferSize":0}
2026-08-17 16:50:58,891 INFO  [it.uni.reti2.HeartbeatGenerator] (vert.x-eventloop-thread-0) 💓 [HEARTBEAT] Invio heartbeat: {"stazioneId":"PA","stato":"ONLINE","timestamp":"2026-08-17T14:50:58.891863677Z","tipoEvento":"HEARTBEAT","bufferSize":0}
2026-08-17 16:51:08,887 INFO  [it.uni.reti2.HeartbeatGenerator] (vert.x-eventloop-thread-0) 💓 [HEARTBEAT] Invio heartbeat: {"stazioneId":"PA","stato":"ONLINE","timestamp":"2026-08-17T14:51:08.887862455Z","tipoEvento":"HEARTBEAT","bufferSize":0}
2026-08-17 16:51:18,886 INFO  [it.uni.reti2.HeartbeatGenerator] (vert.x-eventloop-thread-0) 💓 [HEARTBEAT] Invio heartbeat: {"stazioneId":"PA","stato":"ONLINE","timestamp":"2026-08-17T14:51:18.886521146Z","tipoEvento":"HEARTBEAT","bufferSize":0}
2026-08-17 16:51:28,893 INFO  [it.uni.reti2.HeartbeatGenerator] (vert.x-eventloop-thread-0) 💓 [HEARTBEAT] Invio heartbeat: {"stazioneId":"PA","stato":"ONLINE","timestamp":"2026-08-17T14:51:28.892963404Z","tipoEvento":"HEARTBEAT","bufferSize":0}
2026-08-17 16:51:38,889 INFO  [it.uni.reti2.HeartbeatGenerator] (vert.x-eventloop-thread-0) 💓 [HEARTBEAT] Invio heartbeat: {"stazioneId":"PA","stato":"ONLINE","timestamp":"2026-08-17T14:51:38.889019384Z","tipoEvento":"HEARTBEAT","bufferSize":0}
2026-08-17 16:51:48,886 INFO  [it.uni.reti2.HeartbeatGenerator] (vert.x-eventloop-thread-0) 💓 [HEARTBEAT] Invio heartbeat: {"stazioneId":"PA","stato":"ONLINE","timestamp":"2026-08-17T14:51:48.886299535Z","tipoEvento":"HEARTBEAT","bufferSize":0}
2026-08-17 16:51:58,895 INFO  [it.uni.reti2.HeartbeatGenerator] (vert.x-eventloop-thread-0) 💓 [HEARTBEAT] Invio heartbeat: {"stazioneId":"PA","stato":"ONLINE","timestamp":"2026-08-17T14:51:58.895651631Z","tipoEvento":"HEARTBEAT","bufferSize":0}
2026-08-17 16:52:08,891 INFO  [it.uni.reti2.HeartbeatGenerator] (vert.x-eventloop-thread-0) 💓 [HEARTBEAT] Invio heartbeat: {"stazioneId":"PA","stato":"ONLINE","timestamp":"2026-08-17T14:52:08.891007158Z","tipoEvento":"HEARTBEAT","bufferSize":0}
2026-08-17 16:52:18,886 INFO  [it.uni.reti2.HeartbeatGenerator] (vert.x-eventloop-thread-0) 💓 [HEARTBEAT] Invio heartbeat: {"stazioneId":"PA","stato":"ONLINE","timestamp":"2026-08-17T14:52:18.886766468Z","tipoEvento":"HEARTBEAT","bufferSize":0}
2026-08-17 16:52:28,887 INFO  [it.uni.reti2.HeartbeatGenerator] (vert.x-eventloop-thread-0) 💓 [HEARTBEAT] Invio heartbeat: {"stazioneId":"PA","stato":"ONLINE","timestamp":"2026-08-17T14:52:28.887084594Z","tipoEvento":"HEARTBEAT","bufferSize":0}
2026-08-17 16:52:38,888 INFO  [it.uni.reti2.HeartbeatGenerator] (vert.x-eventloop-thread-0) 💓 [HEARTBEAT] Invio heartbeat: {"stazioneId":"PA","stato":"ONLINE","timestamp":"2026-08-17T14:52:38.888642147Z","tipoEvento":"HEARTBEAT","bufferSize":0}
2026-08-17 16:52:48,886 INFO  [it.uni.reti2.HeartbeatGenerator] (vert.x-eventloop-thread-0) 💓 [HEARTBEAT] Invio heartbeat: {"stazioneId":"PA","stato":"ONLINE","timestamp":"2026-08-17T14:52:48.886666250Z","tipoEvento":"HEARTBEAT","bufferSize":0}
2026-08-17 16:52:58,887 INFO  [it.uni.reti2.HeartbeatGenerator] (vert.x-eventloop-thread-0) 💓 [HEARTBEAT] Invio heartbeat: {"stazioneId":"PA","stato":"ONLINE","timestamp":"2026-08-17T14:52:58.887801188Z","tipoEvento":"HEARTBEAT","bufferSize":0}
2026-08-17 16:53:08,893 INFO  [it.uni.reti2.HeartbeatGenerator] (vert.x-eventloop-thread-0) 💓 [HEARTBEAT] Invio heartbeat: {"stazioneId":"PA","stato":"ONLINE","timestamp":"2026-08-17T14:53:08.892994597Z","tipoEvento":"HEARTBEAT","bufferSize":0}
2026-08-17 16:53:18,886 INFO  [it.uni.reti2.HeartbeatGenerator] (vert.x-eventloop-thread-0) 💓 [HEARTBEAT] Invio heartbeat: {"stazioneId":"PA","stato":"ONLINE","timestamp":"2026-08-17T14:53:18.886469254Z","tipoEvento":"HEARTBEAT","bufferSize":0}
2026-08-17 16:53:28,890 INFO  [it.uni.reti2.HeartbeatGenerator] (vert.x-eventloop-thread-0) 💓 [HEARTBEAT] Invio heartbeat: {"stazioneId":"PA","stato":"ONLINE","timestamp":"2026-08-17T14:53:28.890617524Z","tipoEvento":"HEARTBEAT","bufferSize":0}
2026-08-17 16:53:38,896 INFO  [it.uni.reti2.HeartbeatGenerator] (vert.x-eventloop-thread-0) 💓 [HEARTBEAT] Invio heartbeat: {"stazioneId":"PA","stato":"ONLINE","timestamp":"2026-08-17T14:53:38.896631373Z","tipoEvento":"HEARTBEAT","bufferSize":0}
2026-08-17 16:53:48,886 INFO  [it.uni.reti2.HeartbeatGenerator] (vert.x-eventloop-thread-0) 💓 [HEARTBEAT] Invio heartbeat: {"stazioneId":"PA","stato":"ONLINE","timestamp":"2026-08-17T14:53:48.886618108Z","tipoEvento":"HEARTBEAT","bufferSize":0}
2026-08-17 16:53:58,886 INFO  [it.uni.reti2.HeartbeatGenerator] (vert.x-eventloop-thread-0) 💓 [HEARTBEAT] Invio heartbeat: {"stazioneId":"PA","stato":"ONLINE","timestamp":"2026-08-17T14:53:58.886098018Z","tipoEvento":"HEARTBEAT","bufferSize":0}
2026-08-17 16:54:08,887 INFO  [it.uni.reti2.HeartbeatGenerator] (vert.x-eventloop-thread-0) 💓 [HEARTBEAT] Invio heartbeat: {"stazioneId":"PA","stato":"ONLINE","timestamp":"2026-08-17T14:54:08.887723051Z","tipoEvento":"HEARTBEAT","bufferSize":0}
2026-08-17 16:54:18,886 INFO  [it.uni.reti2.HeartbeatGenerator] (vert.x-eventloop-thread-0) 💓 [HEARTBEAT] Invio heartbeat: {"stazioneId":"PA","stato":"ONLINE","timestamp":"2026-08-17T14:54:18.886508925Z","tipoEvento":"HEARTBEAT","bufferSize":0}
2026-08-17 16:54:28,887 INFO  [it.uni.reti2.HeartbeatGenerator] (vert.x-eventloop-thread-0) 💓 [HEARTBEAT] Invio heartbeat: {"stazioneId":"PA","stato":"ONLINE","timestamp":"2026-08-17T14:54:28.887701940Z","tipoEvento":"HEARTBEAT","bufferSize":0}
2026-08-17 16:54:38,887 INFO  [it.uni.reti2.HeartbeatGenerator] (vert.x-eventloop-thread-0) 💓 [HEARTBEAT] Invio heartbeat: {"stazioneId":"PA","stato":"ONLINE","timestamp":"2026-08-17T14:54:38.887049461Z","tipoEvento":"HEARTBEAT","bufferSize":0}
2026-08-17 16:54:48,886 INFO  [it.uni.reti2.HeartbeatGenerator] (vert.x-eventloop-thread-0) 💓 [HEARTBEAT] Invio heartbeat: {"stazioneId":"PA","stato":"ONLINE","timestamp":"2026-08-17T14:54:48.886789818Z","tipoEvento":"HEARTBEAT","bufferSize":0}
2026-08-17 16:54:58,888 INFO  [it.uni.reti2.HeartbeatGenerator] (vert.x-eventloop-thread-0) 💓 [HEARTBEAT] Invio heartbeat: {"stazioneId":"PA","stato":"ONLINE","timestamp":"2026-08-17T14:54:58.888669467Z","tipoEvento":"HEARTBEAT","bufferSize":0}
2026-08-17 16:55:08,889 INFO  [it.uni.reti2.HeartbeatGenerator] (vert.x-eventloop-thread-0) 💓 [HEARTBEAT] Invio heartbeat: {"stazioneId":"PA","stato":"ONLINE","timestamp":"2026-08-17T14:55:08.889021709Z","tipoEvento":"HEARTBEAT","bufferSize":0}
2026-08-17 16:55:18,886 INFO  [it.uni.reti2.HeartbeatGenerator] (vert.x-eventloop-thread-0) 💓 [HEARTBEAT] Invio heartbeat: {"stazioneId":"PA","stato":"ONLINE","timestamp":"2026-08-17T14:55:18.886202124Z","tipoEvento":"HEARTBEAT","bufferSize":0}
2026-08-17 16:55:28,889 INFO  [it.uni.reti2.HeartbeatGenerator] (vert.x-eventloop-thread-0) 💓 [HEARTBEAT] Invio heartbeat: {"stazioneId":"PA","stato":"ONLINE","timestamp":"2026-08-17T14:55:28.889971805Z","tipoEvento":"HEARTBEAT","bufferSize":0}
2026-08-17 16:55:38,890 INFO  [it.uni.reti2.HeartbeatGenerator] (vert.x-eventloop-thread-0) 💓 [HEARTBEAT] Invio heartbeat: {"stazioneId":"PA","stato":"ONLINE","timestamp":"2026-08-17T14:55:38.890203879Z","tipoEvento":"HEARTBEAT","bufferSize":0}
2026-08-17 16:55:48,886 INFO  [it.uni.reti2.HeartbeatGenerator] (vert.x-eventloop-thread-0) 💓 [HEARTBEAT] Invio heartbeat: {"stazioneId":"PA","stato":"ONLINE","timestamp":"2026-08-17T14:55:48.886316828Z","tipoEvento":"HEARTBEAT","bufferSize":0}
2026-08-17 16:55:58,890 INFO  [it.uni.reti2.HeartbeatGenerator] (vert.x-eventloop-thread-0) 💓 [HEARTBEAT] Invio heartbeat: {"stazioneId":"PA","stato":"ONLINE","timestamp":"2026-08-17T14:55:58.890966217Z","tipoEvento":"HEARTBEAT","bufferSize":0}
2026-08-17 16:56:08,888 INFO  [it.uni.reti2.HeartbeatGenerator] (vert.x-eventloop-thread-0) 💓 [HEARTBEAT] Invio heartbeat: {"stazioneId":"PA","stato":"ONLINE","timestamp":"2026-08-17T14:56:08.888812020Z","tipoEvento":"HEARTBEAT","bufferSize":0}
2026-08-17 16:56:18,886 INFO  [it.uni.reti2.HeartbeatGenerator] (vert.x-eventloop-thread-0) 💓 [HEARTBEAT] Invio heartbeat: {"stazioneId":"PA","stato":"ONLINE","timestamp":"2026-08-17T14:56:18.886583858Z","tipoEvento":"HEARTBEAT","bufferSize":0}
2026-08-17 16:56:28,892 INFO  [it.uni.reti2.HeartbeatGenerator] (vert.x-eventloop-thread-0) 💓 [HEARTBEAT] Invio heartbeat: {"stazioneId":"PA","stato":"ONLINE","timestamp":"2026-08-17T14:56:28.892825565Z","tipoEvento":"HEARTBEAT","bufferSize":0}
2026-08-17 16:56:38,888 INFO  [it.uni.reti2.HeartbeatGenerator] (vert.x-eventloop-thread-0) 💓 [HEARTBEAT] Invio heartbeat: {"stazioneId":"PA","stato":"ONLINE","timestamp":"2026-08-17T14:56:38.888966897Z","tipoEvento":"HEARTBEAT","bufferSize":0}
2026-08-17 16:56:48,886 INFO  [it.uni.reti2.HeartbeatGenerator] (vert.x-eventloop-thread-0) 💓 [HEARTBEAT] Invio heartbeat: {"stazioneId":"PA","stato":"ONLINE","timestamp":"2026-08-17T14:56:48.886335994Z","tipoEvento":"HEARTBEAT","bufferSize":0}
2026-08-17 16:56:58,895 INFO  [it.uni.reti2.HeartbeatGenerator] (vert.x-eventloop-thread-0) 💓 [HEARTBEAT] Invio heartbeat: {"stazioneId":"PA","stato":"ONLINE","timestamp":"2026-08-17T14:56:58.895731320Z","tipoEvento":"HEARTBEAT","bufferSize":0}
2026-08-17 16:57:08,890 INFO  [it.uni.reti2.HeartbeatGenerator] (vert.x-eventloop-thread-0) 💓 [HEARTBEAT] Invio heartbeat: {"stazioneId":"PA","stato":"ONLINE","timestamp":"2026-08-17T14:57:08.890964055Z","tipoEvento":"HEARTBEAT","bufferSize":0}
2026-08-17 16:57:18,886 INFO  [it.uni.reti2.HeartbeatGenerator] (vert.x-eventloop-thread-0) 💓 [HEARTBEAT] Invio heartbeat: {"stazioneId":"PA","stato":"ONLINE","timestamp":"2026-08-17T14:57:18.886690459Z","tipoEvento":"HEARTBEAT","bufferSize":0}
2026-08-17 16:57:28,896 INFO  [it.uni.reti2.HeartbeatGenerator] (vert.x-eventloop-thread-0) 💓 [HEARTBEAT] Invio heartbeat: {"stazioneId":"PA","stato":"ONLINE","timestamp":"2026-08-17T14:57:28.896024238Z","tipoEvento":"HEARTBEAT","bufferSize":0}
2026-08-17 16:57:38,890 INFO  [it.uni.reti2.HeartbeatGenerator] (vert.x-eventloop-thread-0) 💓 [HEARTBEAT] Invio heartbeat: {"stazioneId":"PA","stato":"ONLINE","timestamp":"2026-08-17T14:57:38.890962394Z","tipoEvento":"HEARTBEAT","bufferSize":0}
2026-08-17 16:57:48,886 INFO  [it.uni.reti2.HeartbeatGenerator] (vert.x-eventloop-thread-0) 💓 [HEARTBEAT] Invio heartbeat: {"stazioneId":"PA","stato":"ONLINE","timestamp":"2026-08-17T14:57:48.886055251Z","tipoEvento":"HEARTBEAT","bufferSize":0}
2026-08-17 16:57:58,887 INFO  [it.uni.reti2.HeartbeatGenerator] (vert.x-eventloop-thread-0) 💓 [HEARTBEAT] Invio heartbeat: {"stazioneId":"PA","stato":"ONLINE","timestamp":"2026-08-17T14:57:58.887070556Z","tipoEvento":"HEARTBEAT","bufferSize":0}
2026-08-17 16:58:08,892 INFO  [it.uni.reti2.HeartbeatGenerator] (vert.x-eventloop-thread-0) 💓 [HEARTBEAT] Invio heartbeat: {"stazioneId":"PA","stato":"ONLINE","timestamp":"2026-08-17T14:58:08.892701502Z","tipoEvento":"HEARTBEAT","bufferSize":0}
2026-08-17 16:58:18,886 INFO  [it.uni.reti2.HeartbeatGenerator] (vert.x-eventloop-thread-0) 💓 [HEARTBEAT] Invio heartbeat: {"stazioneId":"PA","stato":"ONLINE","timestamp":"2026-08-17T14:58:18.886328911Z","tipoEvento":"HEARTBEAT","bufferSize":0}
2026-08-17 16:58:28,886 INFO  [it.uni.reti2.HeartbeatGenerator] (vert.x-eventloop-thread-0) 💓 [HEARTBEAT] Invio heartbeat: {"stazioneId":"PA","stato":"ONLINE","timestamp":"2026-08-17T14:58:28.886909939Z","tipoEvento":"HEARTBEAT","bufferSize":0}
2026-08-17 16:58:38,892 INFO  [it.uni.reti2.HeartbeatGenerator] (vert.x-eventloop-thread-0) 💓 [HEARTBEAT] Invio heartbeat: {"stazioneId":"PA","stato":"ONLINE","timestamp":"2026-08-17T14:58:38.892954878Z","tipoEvento":"HEARTBEAT","bufferSize":0}
2026-08-17 16:58:48,886 INFO  [it.uni.reti2.HeartbeatGenerator] (vert.x-eventloop-thread-0) 💓 [HEARTBEAT] Invio heartbeat: {"stazioneId":"PA","stato":"ONLINE","timestamp":"2026-08-17T14:58:48.886319148Z","tipoEvento":"HEARTBEAT","bufferSize":0}
2026-08-17 16:58:58,889 INFO  [it.uni.reti2.HeartbeatGenerator] (vert.x-eventloop-thread-0) 💓 [HEARTBEAT] Invio heartbeat: {"stazioneId":"PA","stato":"ONLINE","timestamp":"2026-08-17T14:58:58.889024373Z","tipoEvento":"HEARTBEAT","bufferSize":0}
2026-08-17 16:59:08,892 INFO  [it.uni.reti2.HeartbeatGenerator] (vert.x-eventloop-thread-0) 💓 [HEARTBEAT] Invio heartbeat: {"stazioneId":"PA","stato":"ONLINE","timestamp":"2026-08-17T14:59:08.892500387Z","tipoEvento":"HEARTBEAT","bufferSize":0}
2026-08-17 16:59:18,888 INFO  [it.uni.reti2.HeartbeatGenerator] (vert.x-eventloop-thread-0) 💓 [HEARTBEAT] Invio heartbeat: {"stazioneId":"PA","stato":"ONLINE","timestamp":"2026-08-17T14:59:18.888144426Z","tipoEvento":"HEARTBEAT","bufferSize":0}
2026-08-17 16:59:28,890 INFO  [it.uni.reti2.HeartbeatGenerator] (vert.x-eventloop-thread-0) 💓 [HEARTBEAT] Invio heartbeat: {"stazioneId":"PA","stato":"ONLINE","timestamp":"2026-08-17T14:59:28.890525156Z","tipoEvento":"HEARTBEAT","bufferSize":0}
2026-08-17 16:59:38,894 INFO  [it.uni.reti2.HeartbeatGenerator] (vert.x-eventloop-thread-0) 💓 [HEARTBEAT] Invio heartbeat: {"stazioneId":"PA","stato":"ONLINE","timestamp":"2026-08-17T14:59:38.894790720Z","tipoEvento":"HEARTBEAT","bufferSize":0}
2026-08-17 16:59:48,890 INFO  [it.uni.reti2.HeartbeatGenerator] (vert.x-eventloop-thread-0) 💓 [HEARTBEAT] Invio heartbeat: {"stazioneId":"PA","stato":"ONLINE","timestamp":"2026-08-17T14:59:48.890112762Z","tipoEvento":"HEARTBEAT","bufferSize":0}
2026-08-17 16:59:58,890 INFO  [it.uni.reti2.HeartbeatGenerator] (vert.x-eventloop-thread-0) 💓 [HEARTBEAT] Invio heartbeat: {"stazioneId":"PA","stato":"ONLINE","timestamp":"2026-08-17T14:59:58.890021686Z","tipoEvento":"HEARTBEAT","bufferSize":0}
2026-08-17 17:00:08,896 INFO  [it.uni.reti2.HeartbeatGenerator] (vert.x-eventloop-thread-0) 💓 [HEARTBEAT] Invio heartbeat: {"stazioneId":"PA","stato":"ONLINE","timestamp":"2026-08-17T15:00:08.896032474Z","tipoEvento":"HEARTBEAT","bufferSize":0}
2026-08-17 17:00:18,892 INFO  [it.uni.reti2.HeartbeatGenerator] (vert.x-eventloop-thread-0) 💓 [HEARTBEAT] Invio heartbeat: {"stazioneId":"PA","stato":"ONLINE","timestamp":"2026-08-17T15:00:18.892743418Z","tipoEvento":"HEARTBEAT","bufferSize":0}
2026-08-17 17:00:28,888 INFO  [it.uni.reti2.HeartbeatGenerator] (vert.x-eventloop-thread-0) 💓 [HEARTBEAT] Invio heartbeat: {"stazioneId":"PA","stato":"ONLINE","timestamp":"2026-08-17T15:00:28.888107117Z","tipoEvento":"HEARTBEAT","bufferSize":0}
2026-08-17 17:00:38,889 INFO  [it.uni.reti2.HeartbeatGenerator] (vert.x-eventloop-thread-0) 💓 [HEARTBEAT] Invio heartbeat: {"stazioneId":"PA","stato":"ONLINE","timestamp":"2026-08-17T15:00:38.889494384Z","tipoEvento":"HEARTBEAT","bufferSize":0}
2026-08-17 17:00:48,893 INFO  [it.uni.reti2.HeartbeatGenerator] (vert.x-eventloop-thread-0) 💓 [HEARTBEAT] Invio heartbeat: {"stazioneId":"PA","stato":"ONLINE","timestamp":"2026-08-17T15:00:48.893889158Z","tipoEvento":"HEARTBEAT","bufferSize":0}
2026-08-17 17:00:58,890 INFO  [it.uni.reti2.HeartbeatGenerator] (vert.x-eventloop-thread-0) 💓 [HEARTBEAT] Invio heartbeat: {"stazioneId":"PA","stato":"ONLINE","timestamp":"2026-08-17T15:00:58.890771106Z","tipoEvento":"HEARTBEAT","bufferSize":0}
2026-08-17 17:01:08,894 INFO  [it.uni.reti2.HeartbeatGenerator] (vert.x-eventloop-thread-0) 💓 [HEARTBEAT] Invio heartbeat: {"stazioneId":"PA","stato":"ONLINE","timestamp":"2026-08-17T15:01:08.890272598Z","tipoEvento":"HEARTBEAT","bufferSize":0}
2026-08-17 17:01:18,895 INFO  [it.uni.reti2.HeartbeatGenerator] (vert.x-eventloop-thread-0) 💓 [HEARTBEAT] Invio heartbeat: {"stazioneId":"PA","stato":"ONLINE","timestamp":"2026-08-17T15:01:18.895971202Z","tipoEvento":"HEARTBEAT","bufferSize":0}
2026-08-17 17:01:28,891 INFO  [it.uni.reti2.HeartbeatGenerator] (vert.x-eventloop-thread-0) 💓 [HEARTBEAT] Invio heartbeat: {"stazioneId":"PA","stato":"ONLINE","timestamp":"2026-08-17T15:01:28.891310707Z","tipoEvento":"HEARTBEAT","bufferSize":0}
2026-08-17 17:01:38,889 INFO  [it.uni.reti2.HeartbeatGenerator] (vert.x-eventloop-thread-0) 💓 [HEARTBEAT] Invio heartbeat: {"stazioneId":"PA","stato":"ONLINE","timestamp":"2026-08-17T15:01:38.888923156Z","tipoEvento":"HEARTBEAT","bufferSize":0}
2026-08-17 17:01:48,886 INFO  [it.uni.reti2.HeartbeatGenerator] (vert.x-eventloop-thread-0) 💓 [HEARTBEAT] Invio heartbeat: {"stazioneId":"PA","stato":"ONLINE","timestamp":"2026-08-17T15:01:48.886614700Z","tipoEvento":"HEARTBEAT","bufferSize":0}
2026-08-17 17:01:58,892 INFO  [it.uni.reti2.HeartbeatGenerator] (vert.x-eventloop-thread-0) 💓 [HEARTBEAT] Invio heartbeat: {"stazioneId":"PA","stato":"ONLINE","timestamp":"2026-08-17T15:01:58.892710650Z","tipoEvento":"HEARTBEAT","bufferSize":0}
2026-08-17 17:02:08,886 INFO  [it.uni.reti2.HeartbeatGenerator] (vert.x-eventloop-thread-0) 💓 [HEARTBEAT] Invio heartbeat: {"stazioneId":"PA","stato":"ONLINE","timestamp":"2026-08-17T15:02:08.886810309Z","tipoEvento":"HEARTBEAT","bufferSize":0}
2026-08-17 17:02:18,887 INFO  [it.uni.reti2.HeartbeatGenerator] (vert.x-eventloop-thread-0) 💓 [HEARTBEAT] Invio heartbeat: {"stazioneId":"PA","stato":"ONLINE","timestamp":"2026-08-17T15:02:18.887621846Z","tipoEvento":"HEARTBEAT","bufferSize":0}
2026-08-17 17:02:28,893 INFO  [it.uni.reti2.HeartbeatGenerator] (vert.x-eventloop-thread-0) 💓 [HEARTBEAT] Invio heartbeat: {"stazioneId":"PA","stato":"ONLINE","timestamp":"2026-08-17T15:02:28.893740121Z","tipoEvento":"HEARTBEAT","bufferSize":0}
2026-08-17 17:02:38,888 INFO  [it.uni.reti2.HeartbeatGenerator] (vert.x-eventloop-thread-0) 💓 [HEARTBEAT] Invio heartbeat: {"stazioneId":"PA","stato":"ONLINE","timestamp":"2026-08-17T15:02:38.888498920Z","tipoEvento":"HEARTBEAT","bufferSize":0}
2026-08-17 17:02:48,888 INFO  [it.uni.reti2.HeartbeatGenerator] (vert.x-eventloop-thread-0) 💓 [HEARTBEAT] Invio heartbeat: {"stazioneId":"PA","stato":"ONLINE","timestamp":"2026-08-17T15:02:48.888261765Z","tipoEvento":"HEARTBEAT","bufferSize":0}
2026-08-17 17:02:58,893 INFO  [it.uni.reti2.HeartbeatGenerator] (vert.x-eventloop-thread-0) 💓 [HEARTBEAT] Invio heartbeat: {"stazioneId":"PA","stato":"ONLINE","timestamp":"2026-08-17T15:02:58.893023132Z","tipoEvento":"HEARTBEAT","bufferSize":0}
2026-08-17 17:03:08,889 INFO  [it.uni.reti2.HeartbeatGenerator] (vert.x-eventloop-thread-0) 💓 [HEARTBEAT] Invio heartbeat: {"stazioneId":"PA","stato":"ONLINE","timestamp":"2026-08-17T15:03:08.889732967Z","tipoEvento":"HEARTBEAT","bufferSize":0}
2026-08-17 17:03:18,888 INFO  [it.uni.reti2.HeartbeatGenerator] (vert.x-eventloop-thread-0) 💓 [HEARTBEAT] Invio heartbeat: {"stazioneId":"PA","stato":"ONLINE","timestamp":"2026-08-17T15:03:18.888910068Z","tipoEvento":"HEARTBEAT","bufferSize":0}
2026-08-17 17:03:28,894 INFO  [it.uni.reti2.HeartbeatGenerator] (vert.x-eventloop-thread-0) 💓 [HEARTBEAT] Invio heartbeat: {"stazioneId":"PA","stato":"ONLINE","timestamp":"2026-08-17T15:03:28.894738554Z","tipoEvento":"HEARTBEAT","bufferSize":0}
2026-08-17 17:03:38,889 INFO  [it.uni.reti2.HeartbeatGenerator] (vert.x-eventloop-thread-0) 💓 [HEARTBEAT] Invio heartbeat: {"stazioneId":"PA","stato":"ONLINE","timestamp":"2026-08-17T15:03:38.889748680Z","tipoEvento":"HEARTBEAT","bufferSize":0}
2026-08-17 17:03:48,890 INFO  [it.uni.reti2.HeartbeatGenerator] (vert.x-eventloop-thread-0) 💓 [HEARTBEAT] Invio heartbeat: {"stazioneId":"PA","stato":"ONLINE","timestamp":"2026-08-17T15:03:48.890183168Z","tipoEvento":"HEARTBEAT","bufferSize":0}
2026-08-17 17:03:58,889 INFO  [it.uni.reti2.HeartbeatGenerator] (vert.x-eventloop-thread-0) 💓 [HEARTBEAT] Invio heartbeat: {"stazioneId":"PA","stato":"ONLINE","timestamp":"2026-08-17T15:03:58.889920687Z","tipoEvento":"HEARTBEAT","bufferSize":0}
2026-08-17 17:04:08,890 INFO  [it.uni.reti2.HeartbeatGenerator] (vert.x-eventloop-thread-0) 💓 [HEARTBEAT] Invio heartbeat: {"stazioneId":"PA","stato":"ONLINE","timestamp":"2026-08-17T15:04:08.890969835Z","tipoEvento":"HEARTBEAT","bufferSize":0}
2026-08-17 17:04:18,891 INFO  [it.uni.reti2.HeartbeatGenerator] (vert.x-eventloop-thread-0) 💓 [HEARTBEAT] Invio heartbeat: {"stazioneId":"PA","stato":"ONLINE","timestamp":"2026-08-17T15:04:18.891022588Z","tipoEvento":"HEARTBEAT","bufferSize":0}
2026-08-17 17:04:28,896 INFO  [it.uni.reti2.HeartbeatGenerator] (vert.x-eventloop-thread-0) 💓 [HEARTBEAT] Invio heartbeat: {"stazioneId":"PA","stato":"ONLINE","timestamp":"2026-08-17T15:04:28.896183543Z","tipoEvento":"HEARTBEAT","bufferSize":0}
2026-08-17 17:04:38,890 INFO  [it.uni.reti2.HeartbeatGenerator] (vert.x-eventloop-thread-0) 💓 [HEARTBEAT] Invio heartbeat: {"stazioneId":"PA","stato":"ONLINE","timestamp":"2026-08-17T15:04:38.889986113Z","tipoEvento":"HEARTBEAT","bufferSize":0}
2026-08-17 17:04:48,891 INFO  [it.uni.reti2.HeartbeatGenerator] (vert.x-eventloop-thread-0) 💓 [HEARTBEAT] Invio heartbeat: {"stazioneId":"PA","stato":"ONLINE","timestamp":"2026-08-17T15:04:48.891094626Z","tipoEvento":"HEARTBEAT","bufferSize":0}
2026-08-17 17:04:58,896 INFO  [it.uni.reti2.HeartbeatGenerator] (vert.x-eventloop-thread-0) 💓 [HEARTBEAT] Invio heartbeat: {"stazioneId":"PA","stato":"ONLINE","timestamp":"2026-08-17T15:04:58.896715160Z","tipoEvento":"HEARTBEAT","bufferSize":0}
2026-08-17 17:05:08,892 INFO  [it.uni.reti2.HeartbeatGenerator] (vert.x-eventloop-thread-0) 💓 [HEARTBEAT] Invio heartbeat: {"stazioneId":"PA","stato":"ONLINE","timestamp":"2026-08-17T15:05:08.892588441Z","tipoEvento":"HEARTBEAT","bufferSize":0}
2026-08-17 17:05:18,889 INFO  [it.uni.reti2.HeartbeatGenerator] (vert.x-eventloop-thread-0) 💓 [HEARTBEAT] Invio heartbeat: {"stazioneId":"PA","stato":"ONLINE","timestamp":"2026-08-17T15:05:18.889105523Z","tipoEvento":"HEARTBEAT","bufferSize":0}
2026-08-17 17:05:28,888 INFO  [it.uni.reti2.HeartbeatGenerator] (vert.x-eventloop-thread-0) 💓 [HEARTBEAT] Invio heartbeat: {"stazioneId":"PA","stato":"ONLINE","timestamp":"2026-08-17T15:05:28.888407347Z","tipoEvento":"HEARTBEAT","bufferSize":0}
2026-08-17 17:05:38,895 INFO  [it.uni.reti2.HeartbeatGenerator] (vert.x-eventloop-thread-0) 💓 [HEARTBEAT] Invio heartbeat: {"stazioneId":"PA","stato":"ONLINE","timestamp":"2026-08-17T15:05:38.895026043Z","tipoEvento":"HEARTBEAT","bufferSize":0}
2026-08-17 17:05:48,889 INFO  [it.uni.reti2.HeartbeatGenerator] (vert.x-eventloop-thread-0) 💓 [HEARTBEAT] Invio heartbeat: {"stazioneId":"PA","stato":"ONLINE","timestamp":"2026-08-17T15:05:48.889969284Z","tipoEvento":"HEARTBEAT","bufferSize":0}
2026-08-17 20:11:19,946 INFO  [io.smallrye.reactive.messaging.mqtt.session.impl.MqttClientSessionImpl] (vert.x-eventloop-thread-0) Connection closed: Connection closed
2026-08-17 20:11:19,952 INFO  [io.smallrye.reactive.messaging.mqtt.session.impl.MqttClientSessionImpl] (vert.x-eventloop-thread-0) Connection closed: Connection closed
2026-08-17 20:11:19,953 INFO  [io.smallrye.reactive.messaging.mqtt.session.impl.MqttClientSessionImpl] (vert.x-eventloop-thread-0) Connection closed: Connection closed
2026-08-17 20:11:20,949 INFO  [io.vertx.mqtt.impl.MqttClientImpl] (vert.x-eventloop-thread-0) Connection with localhost:1883 established successfully
2026-08-17 20:11:20,955 INFO  [io.vertx.mqtt.impl.MqttClientImpl] (vert.x-eventloop-thread-0) Connection with localhost:1883 established successfully
2026-08-17 20:11:20,956 INFO  [io.vertx.mqtt.impl.MqttClientImpl] (vert.x-eventloop-thread-0) Connection with localhost:1883 established successfully
2026-08-17 20:11:24,159 INFO  [it.uni.reti2.HeartbeatGenerator] (vert.x-eventloop-thread-0) 💓 [HEARTBEAT] Invio heartbeat: {"stazioneId":"PA","stato":"ONLINE","timestamp":"2026-08-17T18:11:24.159895063Z","tipoEvento":"HEARTBEAT","bufferSize":0}
2026-08-17 20:11:24,174 WARN  [it.uni.reti2.StationGateway] (vert.x-eventloop-thread-3) 🚨 [ALERT RICEVUTO] La Centrale dice: {"tipoEvento":"RESOLVED","origine":"CENTRALE","sorgenteTipo":"STAZIONE","sorgenteId":"TO","guastoId":"alert-1786990279946-c5595228","timestamp":"2026-08-17T18:11:24.159267346Z"}
2026-08-17 20:11:24,182 WARN  [it.uni.reti2.StationGateway] (vert.x-eventloop-thread-3) 🚨 [ALERT RICEVUTO] La Centrale dice: {"tipoEvento":"RESOLVED","origine":"CENTRALE","sorgenteTipo":"STAZIONE","sorgenteId":"PA","guastoId":"alert-1786990279928-f120e67c","timestamp":"2026-08-17T18:11:24.180611725Z"}
2026-08-17 20:11:24,182 INFO  [it.uni.reti2.StationGateway] (vert.x-eventloop-thread-3) 🔧 Stazione ripristinata dalla Centrale! Stato di nuovo ONLINE.
2026-08-17 20:11:24,188 WARN  [it.uni.reti2.StationGateway] (vert.x-eventloop-thread-3) 🚨 [ALERT RICEVUTO] La Centrale dice: {"tipoEvento":"RESOLVED","origine":"CENTRALE","sorgenteTipo":"STAZIONE","sorgenteId":"stazzaDellaMadonnaTroia","guastoId":"alert-1786990279937-60ba815f","timestamp":"2026-08-17T18:11:24.186247231Z"}
2026-08-17 20:11:24,193 WARN  [it.uni.reti2.StationGateway] (vert.x-eventloop-thread-3) 🚨 [ALERT RICEVUTO] La Centrale dice: {"tipoEvento":"RESOLVED","origine":"CENTRALE","sorgenteTipo":"STAZIONE","sorgenteId":"MI","guastoId":"alert-1786990279953-be5e4fef","timestamp":"2026-08-17T18:11:24.192029330Z"}
2026-08-17 20:11:24,208 WARN  [it.uni.reti2.StationGateway] (vert.x-eventloop-thread-3) 🚨 [ALERT RICEVUTO] La Centrale dice: {"tipoEvento":"RESOLVED","origine":"CENTRALE","sorgenteTipo":"STAZIONE","sorgenteId":"Padova","guastoId":"alert-1786990279960-02a31ce7","timestamp":"2026-08-17T18:11:24.206593625Z"}
2026-08-17 20:11:34,166 INFO  [it.uni.reti2.HeartbeatGenerator] (vert.x-eventloop-thread-0) 💓 [HEARTBEAT] Invio heartbeat: {"stazioneId":"PA","stato":"ONLINE","timestamp":"2026-08-17T18:11:34.166054180Z","tipoEvento":"HEARTBEAT","bufferSize":0}
2026-08-17 20:11:44,159 INFO  [it.uni.reti2.HeartbeatGenerator] (vert.x-eventloop-thread-0) 💓 [HEARTBEAT] Invio heartbeat: {"stazioneId":"PA","stato":"ONLINE","timestamp":"2026-08-17T18:11:44.159848927Z","tipoEvento":"HEARTBEAT","bufferSize":0}
2026-08-17 20:11:54,159 INFO  [it.uni.reti2.HeartbeatGenerator] (vert.x-eventloop-thread-0) 💓 [HEARTBEAT] Invio heartbeat: {"stazioneId":"PA","stato":"ONLINE","timestamp":"2026-08-17T18:11:54.159347536Z","tipoEvento":"HEARTBEAT","bufferSize":0}
2026-08-17 20:12:04,166 INFO  [it.uni.reti2.HeartbeatGenerator] (vert.x-eventloop-thread-0) 💓 [HEARTBEAT] Invio heartbeat: {"stazioneId":"PA","stato":"ONLINE","timestamp":"2026-08-17T18:12:04.166371382Z","tipoEvento":"HEARTBEAT","bufferSize":0}
2026-08-17 20:12:14,162 INFO  [it.uni.reti2.HeartbeatGenerator] (vert.x-eventloop-thread-0) 💓 [HEARTBEAT] Invio heartbeat: {"stazioneId":"PA","stato":"ONLINE","timestamp":"2026-08-17T18:12:14.162595383Z","tipoEvento":"HEARTBEAT","bufferSize":0}
2026-08-17 20:12:24,158 INFO  [it.uni.reti2.HeartbeatGenerator] (vert.x-eventloop-thread-0) 💓 [HEARTBEAT] Invio heartbeat: {"stazioneId":"PA","stato":"ONLINE","timestamp":"2026-08-17T18:12:24.158295507Z","tipoEvento":"HEARTBEAT","bufferSize":0}
2026-08-17 20:12:34,157 INFO  [it.uni.reti2.HeartbeatGenerator] (vert.x-eventloop-thread-0) 💓 [HEARTBEAT] Invio heartbeat: {"stazioneId":"PA","stato":"ONLINE","timestamp":"2026-08-17T18:12:34.157842890Z","tipoEvento":"HEARTBEAT","bufferSize":0}
2026-08-17 20:12:44,162 INFO  [it.uni.reti2.HeartbeatGenerator] (vert.x-eventloop-thread-0) 💓 [HEARTBEAT] Invio heartbeat: {"stazioneId":"PA","stato":"ONLINE","timestamp":"2026-08-17T18:12:44.162779889Z","tipoEvento":"HEARTBEAT","bufferSize":0}
2026-08-17 20:12:54,158 INFO  [it.uni.reti2.HeartbeatGenerator] (vert.x-eventloop-thread-0) 💓 [HEARTBEAT] Invio heartbeat: {"stazioneId":"PA","stato":"ONLINE","timestamp":"2026-08-17T18:12:54.158808115Z","tipoEvento":"HEARTBEAT","bufferSize":0}
2026-08-17 20:13:04,160 INFO  [it.uni.reti2.HeartbeatGenerator] (vert.x-eventloop-thread-0) 💓 [HEARTBEAT] Invio heartbeat: {"stazioneId":"PA","stato":"ONLINE","timestamp":"2026-08-17T18:13:04.160119651Z","tipoEvento":"HEARTBEAT","bufferSize":0}
2026-08-17 20:13:14,164 INFO  [it.uni.reti2.HeartbeatGenerator] (vert.x-eventloop-thread-0) 💓 [HEARTBEAT] Invio heartbeat: {"stazioneId":"PA","stato":"ONLINE","timestamp":"2026-08-17T18:13:14.164921880Z","tipoEvento":"HEARTBEAT","bufferSize":0}
2026-08-17 20:13:24,159 INFO  [it.uni.reti2.HeartbeatGenerator] (vert.x-eventloop-thread-0) 💓 [HEARTBEAT] Invio heartbeat: {"stazioneId":"PA","stato":"ONLINE","timestamp":"2026-08-17T18:13:24.159368981Z","tipoEvento":"HEARTBEAT","bufferSize":0}
2026-08-17 20:13:34,159 INFO  [it.uni.reti2.HeartbeatGenerator] (vert.x-eventloop-thread-0) 💓 [HEARTBEAT] Invio heartbeat: {"stazioneId":"PA","stato":"ONLINE","timestamp":"2026-08-17T18:13:34.159703061Z","tipoEvento":"HEARTBEAT","bufferSize":0}
2026-08-17 20:13:44,163 INFO  [it.uni.reti2.HeartbeatGenerator] (vert.x-eventloop-thread-0) 💓 [HEARTBEAT] Invio heartbeat: {"stazioneId":"PA","stato":"ONLINE","timestamp":"2026-08-17T18:13:44.163881255Z","tipoEvento":"HEARTBEAT","bufferSize":0}
2026-08-17 20:13:54,159 INFO  [it.uni.reti2.HeartbeatGenerator] (vert.x-eventloop-thread-0) 💓 [HEARTBEAT] Invio heartbeat: {"stazioneId":"PA","stato":"ONLINE","timestamp":"2026-08-17T18:13:54.159480682Z","tipoEvento":"HEARTBEAT","bufferSize":0}
2026-08-17 20:14:04,156 INFO  [it.uni.reti2.HeartbeatGenerator] (vert.x-eventloop-thread-0) 💓 [HEARTBEAT] Invio heartbeat: {"stazioneId":"PA","stato":"ONLINE","timestamp":"2026-08-17T18:14:04.156824271Z","tipoEvento":"HEARTBEAT","bufferSize":0}
2026-08-17 20:14:14,166 INFO  [it.uni.reti2.HeartbeatGenerator] (vert.x-eventloop-thread-0) 💓 [HEARTBEAT] Invio heartbeat: {"stazioneId":"PA","stato":"ONLINE","timestamp":"2026-08-17T18:14:14.166516535Z","tipoEvento":"HEARTBEAT","bufferSize":0}
2026-08-17 20:14:24,159 INFO  [it.uni.reti2.HeartbeatGenerator] (vert.x-eventloop-thread-0) 💓 [HEARTBEAT] Invio heartbeat: {"stazioneId":"PA","stato":"ONLINE","timestamp":"2026-08-17T18:14:24.159244285Z","tipoEvento":"HEARTBEAT","bufferSize":0}
2026-08-17 20:14:34,157 INFO  [it.uni.reti2.HeartbeatGenerator] (vert.x-eventloop-thread-0) 💓 [HEARTBEAT] Invio heartbeat: {"stazioneId":"PA","stato":"ONLINE","timestamp":"2026-08-17T18:14:34.157112113Z","tipoEvento":"HEARTBEAT","bufferSize":0}
2026-08-17 20:14:44,156 INFO  [it.uni.reti2.HeartbeatGenerator] (vert.x-eventloop-thread-0) 💓 [HEARTBEAT] Invio heartbeat: {"stazioneId":"PA","stato":"ONLINE","timestamp":"2026-08-17T18:14:44.156488212Z","tipoEvento":"HEARTBEAT","bufferSize":0}
2026-08-17 20:14:54,163 INFO  [it.uni.reti2.HeartbeatGenerator] (vert.x-eventloop-thread-0) 💓 [HEARTBEAT] Invio heartbeat: {"stazioneId":"PA","stato":"ONLINE","timestamp":"2026-08-17T18:14:54.159700603Z","tipoEvento":"HEARTBEAT","bufferSize":0}
2026-08-17 20:15:04,157 INFO  [it.uni.reti2.HeartbeatGenerator] (vert.x-eventloop-thread-0) 💓 [HEARTBEAT] Invio heartbeat: {"stazioneId":"PA","stato":"ONLINE","timestamp":"2026-08-17T18:15:04.157430460Z","tipoEvento":"HEARTBEAT","bufferSize":0}
2026-08-17 20:15:14,157 INFO  [it.uni.reti2.HeartbeatGenerator] (vert.x-eventloop-thread-0) 💓 [HEARTBEAT] Invio heartbeat: {"stazioneId":"PA","stato":"ONLINE","timestamp":"2026-08-17T18:15:14.157134168Z","tipoEvento":"HEARTBEAT","bufferSize":0}
2026-08-17 20:15:24,159 INFO  [it.uni.reti2.HeartbeatGenerator] (vert.x-eventloop-thread-0) 💓 [HEARTBEAT] Invio heartbeat: {"stazioneId":"PA","stato":"ONLINE","timestamp":"2026-08-17T18:15:24.159404566Z","tipoEvento":"HEARTBEAT","bufferSize":0}
2026-08-17 20:15:34,159 INFO  [it.uni.reti2.HeartbeatGenerator] (vert.x-eventloop-thread-0) 💓 [HEARTBEAT] Invio heartbeat: {"stazioneId":"PA","stato":"ONLINE","timestamp":"2026-08-17T18:15:34.159160175Z","tipoEvento":"HEARTBEAT","bufferSize":0}
2026-08-17 20:15:44,159 INFO  [it.uni.reti2.HeartbeatGenerator] (vert.x-eventloop-thread-0) 💓 [HEARTBEAT] Invio heartbeat: {"stazioneId":"PA","stato":"ONLINE","timestamp":"2026-08-17T18:15:44.159899888Z","tipoEvento":"HEARTBEAT","bufferSize":0}
2026-08-17 20:15:54,159 INFO  [it.uni.reti2.HeartbeatGenerator] (vert.x-eventloop-thread-0) 💓 [HEARTBEAT] Invio heartbeat: {"stazioneId":"PA","stato":"ONLINE","timestamp":"2026-08-17T18:15:54.159160541Z","tipoEvento":"HEARTBEAT","bufferSize":0}
2026-08-17 20:16:04,159 INFO  [it.uni.reti2.HeartbeatGenerator] (vert.x-eventloop-thread-0) 💓 [HEARTBEAT] Invio heartbeat: {"stazioneId":"PA","stato":"ONLINE","timestamp":"2026-08-17T18:16:04.159213053Z","tipoEvento":"HEARTBEAT","bufferSize":0}
2026-08-17 20:16:14,158 INFO  [it.uni.reti2.HeartbeatGenerator] (vert.x-eventloop-thread-0) 💓 [HEARTBEAT] Invio heartbeat: {"stazioneId":"PA","stato":"ONLINE","timestamp":"2026-08-17T18:16:14.157938699Z","tipoEvento":"HEARTBEAT","bufferSize":0}
2026-08-17 20:16:24,159 INFO  [it.uni.reti2.HeartbeatGenerator] (vert.x-eventloop-thread-0) 💓 [HEARTBEAT] Invio heartbeat: {"stazioneId":"PA","stato":"ONLINE","timestamp":"2026-08-17T18:16:24.159448713Z","tipoEvento":"HEARTBEAT","bufferSize":0}
2026-08-17 20:16:34,161 INFO  [it.uni.reti2.HeartbeatGenerator] (vert.x-eventloop-thread-0) 💓 [HEARTBEAT] Invio heartbeat: {"stazioneId":"PA","stato":"ONLINE","timestamp":"2026-08-17T18:16:34.161312495Z","tipoEvento":"HEARTBEAT","bufferSize":0}
2026-08-17 20:16:44,158 INFO  [it.uni.reti2.HeartbeatGenerator] (vert.x-eventloop-thread-0) 💓 [HEARTBEAT] Invio heartbeat: {"stazioneId":"PA","stato":"ONLINE","timestamp":"2026-08-17T18:16:44.158557351Z","tipoEvento":"HEARTBEAT","bufferSize":0}
2026-08-17 20:16:54,159 INFO  [it.uni.reti2.HeartbeatGenerator] (vert.x-eventloop-thread-0) 💓 [HEARTBEAT] Invio heartbeat: {"stazioneId":"PA","stato":"ONLINE","timestamp":"2026-08-17T18:16:54.159550288Z","tipoEvento":"HEARTBEAT","bufferSize":0}
2026-08-17 20:17:04,166 INFO  [it.uni.reti2.HeartbeatGenerator] (vert.x-eventloop-thread-0) 💓 [HEARTBEAT] Invio heartbeat: {"stazioneId":"PA","stato":"ONLINE","timestamp":"2026-08-17T18:17:04.166613454Z","tipoEvento":"HEARTBEAT","bufferSize":0}
2026-08-17 20:17:14,159 INFO  [it.uni.reti2.HeartbeatGenerator] (vert.x-eventloop-thread-0) 💓 [HEARTBEAT] Invio heartbeat: {"stazioneId":"PA","stato":"ONLINE","timestamp":"2026-08-17T18:17:14.159834507Z","tipoEvento":"HEARTBEAT","bufferSize":0}
2026-08-17 20:17:24,159 INFO  [it.uni.reti2.HeartbeatGenerator] (vert.x-eventloop-thread-0) 💓 [HEARTBEAT] Invio heartbeat: {"stazioneId":"PA","stato":"ONLINE","timestamp":"2026-08-17T18:17:24.159543694Z","tipoEvento":"HEARTBEAT","bufferSize":0}
2026-08-17 20:17:34,165 INFO  [it.uni.reti2.HeartbeatGenerator] (vert.x-eventloop-thread-0) 💓 [HEARTBEAT] Invio heartbeat: {"stazioneId":"PA","stato":"ONLINE","timestamp":"2026-08-17T18:17:34.165810832Z","tipoEvento":"HEARTBEAT","bufferSize":0}
2026-08-17 20:17:44,161 INFO  [it.uni.reti2.HeartbeatGenerator] (vert.x-eventloop-thread-0) 💓 [HEARTBEAT] Invio heartbeat: {"stazioneId":"PA","stato":"ONLINE","timestamp":"2026-08-17T18:17:44.161193842Z","tipoEvento":"HEARTBEAT","bufferSize":0}
2026-08-17 20:17:54,158 INFO  [it.uni.reti2.HeartbeatGenerator] (vert.x-eventloop-thread-0) 💓 [HEARTBEAT] Invio heartbeat: {"stazioneId":"PA","stato":"ONLINE","timestamp":"2026-08-17T18:17:54.158850076Z","tipoEvento":"HEARTBEAT","bufferSize":0}
2026-08-17 20:18:04,165 INFO  [it.uni.reti2.HeartbeatGenerator] (vert.x-eventloop-thread-0) 💓 [HEARTBEAT] Invio heartbeat: {"stazioneId":"PA","stato":"ONLINE","timestamp":"2026-08-17T18:18:04.165864172Z","tipoEvento":"HEARTBEAT","bufferSize":0}
2026-08-17 20:18:14,162 INFO  [it.uni.reti2.HeartbeatGenerator] (vert.x-eventloop-thread-0) 💓 [HEARTBEAT] Invio heartbeat: {"stazioneId":"PA","stato":"ONLINE","timestamp":"2026-08-17T18:18:14.162222563Z","tipoEvento":"HEARTBEAT","bufferSize":0}
2026-08-17 20:18:24,157 INFO  [it.uni.reti2.HeartbeatGenerator] (vert.x-eventloop-thread-0) 💓 [HEARTBEAT] Invio heartbeat: {"stazioneId":"PA","stato":"ONLINE","timestamp":"2026-08-17T18:18:24.157100257Z","tipoEvento":"HEARTBEAT","bufferSize":0}
2026-08-17 20:18:34,158 INFO  [it.uni.reti2.HeartbeatGenerator] (vert.x-eventloop-thread-0) 💓 [HEARTBEAT] Invio heartbeat: {"stazioneId":"PA","stato":"ONLINE","timestamp":"2026-08-17T18:18:34.158156036Z","tipoEvento":"HEARTBEAT","bufferSize":0}
2026-08-17 20:18:44,164 INFO  [it.uni.reti2.HeartbeatGenerator] (vert.x-eventloop-thread-0) 💓 [HEARTBEAT] Invio heartbeat: {"stazioneId":"PA","stato":"ONLINE","timestamp":"2026-08-17T18:18:44.164240518Z","tipoEvento":"HEARTBEAT","bufferSize":0}
2026-08-17 20:18:54,159 INFO  [it.uni.reti2.HeartbeatGenerator] (vert.x-eventloop-thread-0) 💓 [HEARTBEAT] Invio heartbeat: {"stazioneId":"PA","stato":"ONLINE","timestamp":"2026-08-17T18:18:54.159718824Z","tipoEvento":"HEARTBEAT","bufferSize":0}
2026-08-17 20:19:04,249 INFO  [it.uni.reti2.HeartbeatGenerator] (vert.x-eventloop-thread-0) 💓 [HEARTBEAT] Invio heartbeat: {"stazioneId":"PA","stato":"ONLINE","timestamp":"2026-08-17T18:19:04.158824268Z","tipoEvento":"HEARTBEAT","bufferSize":0}
2026-08-17 20:19:14,165 INFO  [it.uni.reti2.HeartbeatGenerator] (vert.x-eventloop-thread-0) 💓 [HEARTBEAT] Invio heartbeat: {"stazioneId":"PA","stato":"ONLINE","timestamp":"2026-08-17T18:19:14.165374901Z","tipoEvento":"HEARTBEAT","bufferSize":0}
2026-08-17 20:19:24,157 INFO  [it.uni.reti2.HeartbeatGenerator] (vert.x-eventloop-thread-0) 💓 [HEARTBEAT] Invio heartbeat: {"stazioneId":"PA","stato":"ONLINE","timestamp":"2026-08-17T18:19:24.157606549Z","tipoEvento":"HEARTBEAT","bufferSize":0}
2026-08-17 20:19:34,157 INFO  [it.uni.reti2.HeartbeatGenerator] (vert.x-eventloop-thread-0) 💓 [HEARTBEAT] Invio heartbeat: {"stazioneId":"PA","stato":"ONLINE","timestamp":"2026-08-17T18:19:34.157326733Z","tipoEvento":"HEARTBEAT","bufferSize":0}
2026-08-17 20:19:44,157 INFO  [it.uni.reti2.HeartbeatGenerator] (vert.x-eventloop-thread-0) 💓 [HEARTBEAT] Invio heartbeat: {"stazioneId":"PA","stato":"ONLINE","timestamp":"2026-08-17T18:19:44.157277236Z","tipoEvento":"HEARTBEAT","bufferSize":0}
2026-08-17 20:19:54,160 INFO  [it.uni.reti2.HeartbeatGenerator] (vert.x-eventloop-thread-0) 💓 [HEARTBEAT] Invio heartbeat: {"stazioneId":"PA","stato":"ONLINE","timestamp":"2026-08-17T18:19:54.160223675Z","tipoEvento":"HEARTBEAT","bufferSize":0}
2026-08-17 20:20:04,158 INFO  [it.uni.reti2.HeartbeatGenerator] (vert.x-eventloop-thread-0) 💓 [HEARTBEAT] Invio heartbeat: {"stazioneId":"PA","stato":"ONLINE","timestamp":"2026-08-17T18:20:04.158130085Z","tipoEvento":"HEARTBEAT","bufferSize":0}
2026-08-17 20:20:14,158 INFO  [it.uni.reti2.HeartbeatGenerator] (vert.x-eventloop-thread-0) 💓 [HEARTBEAT] Invio heartbeat: {"stazioneId":"PA","stato":"ONLINE","timestamp":"2026-08-17T18:20:14.158411985Z","tipoEvento":"HEARTBEAT","bufferSize":0}
2026-08-17 20:20:24,159 INFO  [it.uni.reti2.HeartbeatGenerator] (vert.x-eventloop-thread-0) 💓 [HEARTBEAT] Invio heartbeat: {"stazioneId":"PA","stato":"ONLINE","timestamp":"2026-08-17T18:20:24.159443538Z","tipoEvento":"HEARTBEAT","bufferSize":0}
2026-08-17 20:20:34,160 INFO  [it.uni.reti2.HeartbeatGenerator] (vert.x-eventloop-thread-0) 💓 [HEARTBEAT] Invio heartbeat: {"stazioneId":"PA","stato":"ONLINE","timestamp":"2026-08-17T18:20:34.160461994Z","tipoEvento":"HEARTBEAT","bufferSize":0}
2026-08-17 20:20:44,159 INFO  [it.uni.reti2.HeartbeatGenerator] (vert.x-eventloop-thread-0) 💓 [HEARTBEAT] Invio heartbeat: {"stazioneId":"PA","stato":"ONLINE","timestamp":"2026-08-17T18:20:44.159868696Z","tipoEvento":"HEARTBEAT","bufferSize":0}
2026-08-17 20:20:54,157 INFO  [it.uni.reti2.HeartbeatGenerator] (vert.x-eventloop-thread-0) 💓 [HEARTBEAT] Invio heartbeat: {"stazioneId":"PA","stato":"ONLINE","timestamp":"2026-08-17T18:20:54.156911166Z","tipoEvento":"HEARTBEAT","bufferSize":0}
2026-08-17 20:21:04,161 INFO  [it.uni.reti2.HeartbeatGenerator] (vert.x-eventloop-thread-0) 💓 [HEARTBEAT] Invio heartbeat: {"stazioneId":"PA","stato":"ONLINE","timestamp":"2026-08-17T18:21:04.161290925Z","tipoEvento":"HEARTBEAT","bufferSize":0}
2026-08-17 20:21:14,157 INFO  [it.uni.reti2.HeartbeatGenerator] (vert.x-eventloop-thread-0) 💓 [HEARTBEAT] Invio heartbeat: {"stazioneId":"PA","stato":"ONLINE","timestamp":"2026-08-17T18:21:14.157436226Z","tipoEvento":"HEARTBEAT","bufferSize":0}
2026-08-17 20:21:24,156 INFO  [it.uni.reti2.HeartbeatGenerator] (vert.x-eventloop-thread-0) 💓 [HEARTBEAT] Invio heartbeat: {"stazioneId":"PA","stato":"ONLINE","timestamp":"2026-08-17T18:21:24.156331375Z","tipoEvento":"HEARTBEAT","bufferSize":0}
2026-08-17 20:21:34,160 INFO  [it.uni.reti2.HeartbeatGenerator] (vert.x-eventloop-thread-0) 💓 [HEARTBEAT] Invio heartbeat: {"stazioneId":"PA","stato":"ONLINE","timestamp":"2026-08-17T18:21:34.160890514Z","tipoEvento":"HEARTBEAT","bufferSize":0}
2026-08-17 20:21:44,156 INFO  [it.uni.reti2.HeartbeatGenerator] (vert.x-eventloop-thread-0) 💓 [HEARTBEAT] Invio heartbeat: {"stazioneId":"PA","stato":"ONLINE","timestamp":"2026-08-17T18:21:44.156841348Z","tipoEvento":"HEARTBEAT","bufferSize":0}
2026-08-17 20:21:54,156 INFO  [it.uni.reti2.HeartbeatGenerator] (vert.x-eventloop-thread-0) 💓 [HEARTBEAT] Invio heartbeat: {"stazioneId":"PA","stato":"ONLINE","timestamp":"2026-08-17T18:21:54.156941471Z","tipoEvento":"HEARTBEAT","bufferSize":0}
2026-08-17 20:22:04,163 INFO  [it.uni.reti2.HeartbeatGenerator] (vert.x-eventloop-thread-0) 💓 [HEARTBEAT] Invio heartbeat: {"stazioneId":"PA","stato":"ONLINE","timestamp":"2026-08-17T18:22:04.163479688Z","tipoEvento":"HEARTBEAT","bufferSize":0}
2026-08-17 20:22:14,158 INFO  [it.uni.reti2.HeartbeatGenerator] (vert.x-eventloop-thread-0) 💓 [HEARTBEAT] Invio heartbeat: {"stazioneId":"PA","stato":"ONLINE","timestamp":"2026-08-17T18:22:14.158136818Z","tipoEvento":"HEARTBEAT","bufferSize":0}
2026-08-17 20:22:24,159 INFO  [it.uni.reti2.HeartbeatGenerator] (vert.x-eventloop-thread-0) 💓 [HEARTBEAT] Invio heartbeat: {"stazioneId":"PA","stato":"ONLINE","timestamp":"2026-08-17T18:22:24.159371881Z","tipoEvento":"HEARTBEAT","bufferSize":0}
2026-08-17 20:22:34,164 INFO  [it.uni.reti2.HeartbeatGenerator] (vert.x-eventloop-thread-0) 💓 [HEARTBEAT] Invio heartbeat: {"stazioneId":"PA","stato":"ONLINE","timestamp":"2026-08-17T18:22:34.164704932Z","tipoEvento":"HEARTBEAT","bufferSize":0}
2026-08-17 20:22:44,160 INFO  [it.uni.reti2.HeartbeatGenerator] (vert.x-eventloop-thread-0) 💓 [HEARTBEAT] Invio heartbeat: {"stazioneId":"PA","stato":"ONLINE","timestamp":"2026-08-17T18:22:44.160245595Z","tipoEvento":"HEARTBEAT","bufferSize":0}
2026-08-17 20:22:54,158 INFO  [it.uni.reti2.HeartbeatGenerator] (vert.x-eventloop-thread-0) 💓 [HEARTBEAT] Invio heartbeat: {"stazioneId":"PA","stato":"ONLINE","timestamp":"2026-08-17T18:22:54.158320408Z","tipoEvento":"HEARTBEAT","bufferSize":0}
2026-08-17 20:23:04,158 INFO  [it.uni.reti2.HeartbeatGenerator] (vert.x-eventloop-thread-0) 💓 [HEARTBEAT] Invio heartbeat: {"stazioneId":"PA","stato":"ONLINE","timestamp":"2026-08-17T18:23:04.158353027Z","tipoEvento":"HEARTBEAT","bufferSize":0}
2026-08-17 20:23:14,164 INFO  [it.uni.reti2.HeartbeatGenerator] (vert.x-eventloop-thread-0) 💓 [HEARTBEAT] Invio heartbeat: {"stazioneId":"PA","stato":"ONLINE","timestamp":"2026-08-17T18:23:14.164571703Z","tipoEvento":"HEARTBEAT","bufferSize":0}
2026-08-17 20:23:24,159 INFO  [it.uni.reti2.HeartbeatGenerator] (vert.x-eventloop-thread-0) 💓 [HEARTBEAT] Invio heartbeat: {"stazioneId":"PA","stato":"ONLINE","timestamp":"2026-08-17T18:23:24.159263992Z","tipoEvento":"HEARTBEAT","bufferSize":0}
2026-08-17 20:23:34,158 INFO  [it.uni.reti2.HeartbeatGenerator] (vert.x-eventloop-thread-0) 💓 [HEARTBEAT] Invio heartbeat: {"stazioneId":"PA","stato":"ONLINE","timestamp":"2026-08-17T18:23:34.158583965Z","tipoEvento":"HEARTBEAT","bufferSize":0}
2026-08-17 20:23:44,158 INFO  [it.uni.reti2.HeartbeatGenerator] (vert.x-eventloop-thread-0) 💓 [HEARTBEAT] Invio heartbeat: {"stazioneId":"PA","stato":"ONLINE","timestamp":"2026-08-17T18:23:44.158571039Z","tipoEvento":"HEARTBEAT","bufferSize":0}
2026-08-17 20:23:54,159 INFO  [it.uni.reti2.HeartbeatGenerator] (vert.x-eventloop-thread-0) 💓 [HEARTBEAT] Invio heartbeat: {"stazioneId":"PA","stato":"ONLINE","timestamp":"2026-08-17T18:23:54.159801293Z","tipoEvento":"HEARTBEAT","bufferSize":0}
2026-08-17 20:24:04,159 INFO  [it.uni.reti2.HeartbeatGenerator] (vert.x-eventloop-thread-0) 💓 [HEARTBEAT] Invio heartbeat: {"stazioneId":"PA","stato":"ONLINE","timestamp":"2026-08-17T18:24:04.159036083Z","tipoEvento":"HEARTBEAT","bufferSize":0}
2026-08-17 20:24:14,164 INFO  [it.uni.reti2.HeartbeatGenerator] (vert.x-eventloop-thread-0) 💓 [HEARTBEAT] Invio heartbeat: {"stazioneId":"PA","stato":"ONLINE","timestamp":"2026-08-17T18:24:14.164302345Z","tipoEvento":"HEARTBEAT","bufferSize":0}
2026-08-17 20:24:24,159 INFO  [it.uni.reti2.HeartbeatGenerator] (vert.x-eventloop-thread-0) 💓 [HEARTBEAT] Invio heartbeat: {"stazioneId":"PA","stato":"ONLINE","timestamp":"2026-08-17T18:24:24.159374173Z","tipoEvento":"HEARTBEAT","bufferSize":0}
2026-08-17 20:24:34,161 INFO  [it.uni.reti2.HeartbeatGenerator] (vert.x-eventloop-thread-0) 💓 [HEARTBEAT] Invio heartbeat: {"stazioneId":"PA","stato":"ONLINE","timestamp":"2026-08-17T18:24:34.161106573Z","tipoEvento":"HEARTBEAT","bufferSize":0}
2026-08-17 20:24:44,156 INFO  [it.uni.reti2.HeartbeatGenerator] (vert.x-eventloop-thread-0) 💓 [HEARTBEAT] Invio heartbeat: {"stazioneId":"PA","stato":"ONLINE","timestamp":"2026-08-17T18:24:44.156629629Z","tipoEvento":"HEARTBEAT","bufferSize":0}
2026-08-17 20:24:54,159 INFO  [it.uni.reti2.HeartbeatGenerator] (vert.x-eventloop-thread-0) 💓 [HEARTBEAT] Invio heartbeat: {"stazioneId":"PA","stato":"ONLINE","timestamp":"2026-08-17T18:24:54.158945445Z","tipoEvento":"HEARTBEAT","bufferSize":0}
2026-08-17 20:25:04,157 INFO  [it.uni.reti2.HeartbeatGenerator] (vert.x-eventloop-thread-0) 💓 [HEARTBEAT] Invio heartbeat: {"stazioneId":"PA","stato":"ONLINE","timestamp":"2026-08-17T18:25:04.157220347Z","tipoEvento":"HEARTBEAT","bufferSize":0}
2026-08-17 20:25:14,157 INFO  [it.uni.reti2.HeartbeatGenerator] (vert.x-eventloop-thread-0) 💓 [HEARTBEAT] Invio heartbeat: {"stazioneId":"PA","stato":"ONLINE","timestamp":"2026-08-17T18:25:14.157267977Z","tipoEvento":"HEARTBEAT","bufferSize":0}
2026-08-17 20:25:24,159 INFO  [it.uni.reti2.HeartbeatGenerator] (vert.x-eventloop-thread-0) 💓 [HEARTBEAT] Invio heartbeat: {"stazioneId":"PA","stato":"ONLINE","timestamp":"2026-08-17T18:25:24.159635919Z","tipoEvento":"HEARTBEAT","bufferSize":0}
2026-08-17 20:25:34,157 INFO  [it.uni.reti2.HeartbeatGenerator] (vert.x-eventloop-thread-0) 💓 [HEARTBEAT] Invio heartbeat: {"stazioneId":"PA","stato":"ONLINE","timestamp":"2026-08-17T18:25:34.157604330Z","tipoEvento":"HEARTBEAT","bufferSize":0}
2026-08-17 20:25:44,159 INFO  [it.uni.reti2.HeartbeatGenerator] (vert.x-eventloop-thread-0) 💓 [HEARTBEAT] Invio heartbeat: {"stazioneId":"PA","stato":"ONLINE","timestamp":"2026-08-17T18:25:44.159329388Z","tipoEvento":"HEARTBEAT","bufferSize":0}
2026-08-17 20:25:54,159 INFO  [it.uni.reti2.HeartbeatGenerator] (vert.x-eventloop-thread-0) 💓 [HEARTBEAT] Invio heartbeat: {"stazioneId":"PA","stato":"ONLINE","timestamp":"2026-08-17T18:25:54.159835086Z","tipoEvento":"HEARTBEAT","bufferSize":0}
2026-08-17 20:26:04,158 INFO  [it.uni.reti2.HeartbeatGenerator] (vert.x-eventloop-thread-0) 💓 [HEARTBEAT] Invio heartbeat: {"stazioneId":"PA","stato":"ONLINE","timestamp":"2026-08-17T18:26:04.158786139Z","tipoEvento":"HEARTBEAT","bufferSize":0}
2026-08-17 20:26:14,160 INFO  [it.uni.reti2.HeartbeatGenerator] (vert.x-eventloop-thread-0) 💓 [HEARTBEAT] Invio heartbeat: {"stazioneId":"PA","stato":"ONLINE","timestamp":"2026-08-17T18:26:14.160403097Z","tipoEvento":"HEARTBEAT","bufferSize":0}
2026-08-17 20:26:24,159 INFO  [it.uni.reti2.HeartbeatGenerator] (vert.x-eventloop-thread-0) 💓 [HEARTBEAT] Invio heartbeat: {"stazioneId":"PA","stato":"ONLINE","timestamp":"2026-08-17T18:26:24.159523079Z","tipoEvento":"HEARTBEAT","bufferSize":0}
2026-08-17 20:26:34,162 INFO  [it.uni.reti2.HeartbeatGenerator] (vert.x-eventloop-thread-0) 💓 [HEARTBEAT] Invio heartbeat: {"stazioneId":"PA","stato":"ONLINE","timestamp":"2026-08-17T18:26:34.161964429Z","tipoEvento":"HEARTBEAT","bufferSize":0}
2026-08-17 20:26:44,156 INFO  [it.uni.reti2.HeartbeatGenerator] (vert.x-eventloop-thread-0) 💓 [HEARTBEAT] Invio heartbeat: {"stazioneId":"PA","stato":"ONLINE","timestamp":"2026-08-17T18:26:44.156847908Z","tipoEvento":"HEARTBEAT","bufferSize":0}
2026-08-17 20:26:54,157 INFO  [it.uni.reti2.HeartbeatGenerator] (vert.x-eventloop-thread-0) 💓 [HEARTBEAT] Invio heartbeat: {"stazioneId":"PA","stato":"ONLINE","timestamp":"2026-08-17T18:26:54.157264486Z","tipoEvento":"HEARTBEAT","bufferSize":0}
2026-08-17 20:27:04,163 INFO  [it.uni.reti2.HeartbeatGenerator] (vert.x-eventloop-thread-0) 💓 [HEARTBEAT] Invio heartbeat: {"stazioneId":"PA","stato":"ONLINE","timestamp":"2026-08-17T18:27:04.163228044Z","tipoEvento":"HEARTBEAT","bufferSize":0}
2026-08-17 20:27:14,158 INFO  [it.uni.reti2.HeartbeatGenerator] (vert.x-eventloop-thread-0) 💓 [HEARTBEAT] Invio heartbeat: {"stazioneId":"PA","stato":"ONLINE","timestamp":"2026-08-17T18:27:14.158850118Z","tipoEvento":"HEARTBEAT","bufferSize":0}
2026-08-17 20:27:24,158 INFO  [it.uni.reti2.HeartbeatGenerator] (vert.x-eventloop-thread-0) 💓 [HEARTBEAT] Invio heartbeat: {"stazioneId":"PA","stato":"ONLINE","timestamp":"2026-08-17T18:27:24.158876177Z","tipoEvento":"HEARTBEAT","bufferSize":0}
2026-08-17 20:27:34,163 INFO  [it.uni.reti2.HeartbeatGenerator] (vert.x-eventloop-thread-0) 💓 [HEARTBEAT] Invio heartbeat: {"stazioneId":"PA","stato":"ONLINE","timestamp":"2026-08-17T18:27:34.163831924Z","tipoEvento":"HEARTBEAT","bufferSize":0}
2026-08-17 20:27:44,160 INFO  [it.uni.reti2.HeartbeatGenerator] (vert.x-eventloop-thread-0) 💓 [HEARTBEAT] Invio heartbeat: {"stazioneId":"PA","stato":"ONLINE","timestamp":"2026-08-17T18:27:44.160002510Z","tipoEvento":"HEARTBEAT","bufferSize":0}
2026-08-17 20:27:54,159 INFO  [it.uni.reti2.HeartbeatGenerator] (vert.x-eventloop-thread-0) 💓 [HEARTBEAT] Invio heartbeat: {"stazioneId":"PA","stato":"ONLINE","timestamp":"2026-08-17T18:27:54.158936080Z","tipoEvento":"HEARTBEAT","bufferSize":0}
2026-08-17 20:28:04,157 INFO  [it.uni.reti2.HeartbeatGenerator] (vert.x-eventloop-thread-0) 💓 [HEARTBEAT] Invio heartbeat: {"stazioneId":"PA","stato":"ONLINE","timestamp":"2026-08-17T18:28:04.157240762Z","tipoEvento":"HEARTBEAT","bufferSize":0}
2026-08-17 20:28:14,157 INFO  [it.uni.reti2.HeartbeatGenerator] (vert.x-eventloop-thread-0) 💓 [HEARTBEAT] Invio heartbeat: {"stazioneId":"PA","stato":"ONLINE","timestamp":"2026-08-17T18:28:14.157242176Z","tipoEvento":"HEARTBEAT","bufferSize":0}
2026-08-17 20:28:24,157 INFO  [it.uni.reti2.HeartbeatGenerator] (vert.x-eventloop-thread-0) 💓 [HEARTBEAT] Invio heartbeat: {"stazioneId":"PA","stato":"ONLINE","timestamp":"2026-08-17T18:28:24.157313148Z","tipoEvento":"HEARTBEAT","bufferSize":0}
2026-08-17 20:28:34,156 INFO  [it.uni.reti2.HeartbeatGenerator] (vert.x-eventloop-thread-0) 💓 [HEARTBEAT] Invio heartbeat: {"stazioneId":"PA","stato":"ONLINE","timestamp":"2026-08-17T18:28:34.156879785Z","tipoEvento":"HEARTBEAT","bufferSize":0}
2026-08-17 20:28:44,162 INFO  [it.uni.reti2.HeartbeatGenerator] (vert.x-eventloop-thread-0) 💓 [HEARTBEAT] Invio heartbeat: {"stazioneId":"PA","stato":"ONLINE","timestamp":"2026-08-17T18:28:44.162384039Z","tipoEvento":"HEARTBEAT","bufferSize":0}
2026-08-17 20:28:54,156 INFO  [it.uni.reti2.HeartbeatGenerator] (vert.x-eventloop-thread-0) 💓 [HEARTBEAT] Invio heartbeat: {"stazioneId":"PA","stato":"ONLINE","timestamp":"2026-08-17T18:28:54.156148276Z","tipoEvento":"HEARTBEAT","bufferSize":0}
2026-08-17 20:29:04,159 INFO  [it.uni.reti2.HeartbeatGenerator] (vert.x-eventloop-thread-0) 💓 [HEARTBEAT] Invio heartbeat: {"stazioneId":"PA","stato":"ONLINE","timestamp":"2026-08-17T18:29:04.159844614Z","tipoEvento":"HEARTBEAT","bufferSize":0}
2026-08-17 20:29:14,161 INFO  [it.uni.reti2.HeartbeatGenerator] (vert.x-eventloop-thread-0) 💓 [HEARTBEAT] Invio heartbeat: {"stazioneId":"PA","stato":"ONLINE","timestamp":"2026-08-17T18:29:14.161265317Z","tipoEvento":"HEARTBEAT","bufferSize":0}
2026-08-17 20:29:24,160 INFO  [it.uni.reti2.HeartbeatGenerator] (vert.x-eventloop-thread-0) 💓 [HEARTBEAT] Invio heartbeat: {"stazioneId":"PA","stato":"ONLINE","timestamp":"2026-08-17T18:29:24.159967907Z","tipoEvento":"HEARTBEAT","bufferSize":0}
2026-08-17 20:29:34,157 INFO  [it.uni.reti2.HeartbeatGenerator] (vert.x-eventloop-thread-0) 💓 [HEARTBEAT] Invio heartbeat: {"stazioneId":"PA","stato":"ONLINE","timestamp":"2026-08-17T18:29:34.157099379Z","tipoEvento":"HEARTBEAT","bufferSize":0}
2026-08-17 20:29:44,156 INFO  [it.uni.reti2.HeartbeatGenerator] (vert.x-eventloop-thread-0) 💓 [HEARTBEAT] Invio heartbeat: {"stazioneId":"PA","stato":"ONLINE","timestamp":"2026-08-17T18:29:44.156649879Z","tipoEvento":"HEARTBEAT","bufferSize":0}
2026-08-17 20:29:54,159 INFO  [it.uni.reti2.HeartbeatGenerator] (vert.x-eventloop-thread-0) 💓 [HEARTBEAT] Invio heartbeat: {"stazioneId":"PA","stato":"ONLINE","timestamp":"2026-08-17T18:29:54.159447478Z","tipoEvento":"HEARTBEAT","bufferSize":0}
2026-08-17 20:30:04,159 INFO  [it.uni.reti2.HeartbeatGenerator] (vert.x-eventloop-thread-0) 💓 [HEARTBEAT] Invio heartbeat: {"stazioneId":"PA","stato":"ONLINE","timestamp":"2026-08-17T18:30:04.159382367Z","tipoEvento":"HEARTBEAT","bufferSize":0}
2026-08-17 20:30:14,159 INFO  [it.uni.reti2.HeartbeatGenerator] (vert.x-eventloop-thread-0) 💓 [HEARTBEAT] Invio heartbeat: {"stazioneId":"PA","stato":"ONLINE","timestamp":"2026-08-17T18:30:14.159114887Z","tipoEvento":"HEARTBEAT","bufferSize":0}
2026-08-17 20:30:24,157 INFO  [it.uni.reti2.HeartbeatGenerator] (vert.x-eventloop-thread-0) 💓 [HEARTBEAT] Invio heartbeat: {"stazioneId":"PA","stato":"ONLINE","timestamp":"2026-08-17T18:30:24.157018008Z","tipoEvento":"HEARTBEAT","bufferSize":0}
2026-08-17 20:30:34,161 INFO  [it.uni.reti2.HeartbeatGenerator] (vert.x-eventloop-thread-0) 💓 [HEARTBEAT] Invio heartbeat: {"stazioneId":"PA","stato":"ONLINE","timestamp":"2026-08-17T18:30:34.161129673Z","tipoEvento":"HEARTBEAT","bufferSize":0}
2026-08-17 20:30:44,161 INFO  [it.uni.reti2.HeartbeatGenerator] (vert.x-eventloop-thread-0) 💓 [HEARTBEAT] Invio heartbeat: {"stazioneId":"PA","stato":"ONLINE","timestamp":"2026-08-17T18:30:44.157384307Z","tipoEvento":"HEARTBEAT","bufferSize":0}
2026-08-17 20:30:54,157 INFO  [it.uni.reti2.HeartbeatGenerator] (vert.x-eventloop-thread-0) 💓 [HEARTBEAT] Invio heartbeat: {"stazioneId":"PA","stato":"ONLINE","timestamp":"2026-08-17T18:30:54.157436891Z","tipoEvento":"HEARTBEAT","bufferSize":0}
2026-08-17 20:31:04,162 INFO  [it.uni.reti2.HeartbeatGenerator] (vert.x-eventloop-thread-0) 💓 [HEARTBEAT] Invio heartbeat: {"stazioneId":"PA","stato":"ONLINE","timestamp":"2026-08-17T18:31:04.162253430Z","tipoEvento":"HEARTBEAT","bufferSize":0}
2026-08-17 20:31:14,157 INFO  [it.uni.reti2.HeartbeatGenerator] (vert.x-eventloop-thread-0) 💓 [HEARTBEAT] Invio heartbeat: {"stazioneId":"PA","stato":"ONLINE","timestamp":"2026-08-17T18:31:14.157292900Z","tipoEvento":"HEARTBEAT","bufferSize":0}
2026-08-17 20:31:24,157 INFO  [it.uni.reti2.HeartbeatGenerator] (vert.x-eventloop-thread-0) 💓 [HEARTBEAT] Invio heartbeat: {"stazioneId":"PA","stato":"ONLINE","timestamp":"2026-08-17T18:31:24.157144149Z","tipoEvento":"HEARTBEAT","bufferSize":0}
2026-08-17 20:31:34,157 INFO  [it.uni.reti2.HeartbeatGenerator] (vert.x-eventloop-thread-0) 💓 [HEARTBEAT] Invio heartbeat: {"stazioneId":"PA","stato":"ONLINE","timestamp":"2026-08-17T18:31:34.157011019Z","tipoEvento":"HEARTBEAT","bufferSize":0}
2026-08-17 20:31:44,159 INFO  [it.uni.reti2.HeartbeatGenerator] (vert.x-eventloop-thread-0) 💓 [HEARTBEAT] Invio heartbeat: {"stazioneId":"PA","stato":"ONLINE","timestamp":"2026-08-17T18:31:44.159251142Z","tipoEvento":"HEARTBEAT","bufferSize":0}
2026-08-17 20:31:54,158 INFO  [it.uni.reti2.HeartbeatGenerator] (vert.x-eventloop-thread-0) 💓 [HEARTBEAT] Invio heartbeat: {"stazioneId":"PA","stato":"ONLINE","timestamp":"2026-08-17T18:31:54.157841577Z","tipoEvento":"HEARTBEAT","bufferSize":0}
2026-08-17 20:32:04,161 INFO  [it.uni.reti2.HeartbeatGenerator] (vert.x-eventloop-thread-0) 💓 [HEARTBEAT] Invio heartbeat: {"stazioneId":"PA","stato":"ONLINE","timestamp":"2026-08-17T18:32:04.161280460Z","tipoEvento":"HEARTBEAT","bufferSize":0}
2026-08-17 20:32:14,157 INFO  [it.uni.reti2.HeartbeatGenerator] (vert.x-eventloop-thread-0) 💓 [HEARTBEAT] Invio heartbeat: {"stazioneId":"PA","stato":"ONLINE","timestamp":"2026-08-17T18:32:14.157280346Z","tipoEvento":"HEARTBEAT","bufferSize":0}
2026-08-17 20:32:24,158 INFO  [it.uni.reti2.HeartbeatGenerator] (vert.x-eventloop-thread-0) 💓 [HEARTBEAT] Invio heartbeat: {"stazioneId":"PA","stato":"ONLINE","timestamp":"2026-08-17T18:32:24.158803857Z","tipoEvento":"HEARTBEAT","bufferSize":0}
2026-08-17 20:32:34,157 INFO  [it.uni.reti2.HeartbeatGenerator] (vert.x-eventloop-thread-0) 💓 [HEARTBEAT] Invio heartbeat: {"stazioneId":"PA","stato":"ONLINE","timestamp":"2026-08-17T18:32:34.157538108Z","tipoEvento":"HEARTBEAT","bufferSize":0}
2026-08-17 20:32:44,159 INFO  [it.uni.reti2.HeartbeatGenerator] (vert.x-eventloop-thread-0) 💓 [HEARTBEAT] Invio heartbeat: {"stazioneId":"PA","stato":"ONLINE","timestamp":"2026-08-17T18:32:44.159841555Z","tipoEvento":"HEARTBEAT","bufferSize":0}
2026-08-17 20:32:54,159 INFO  [it.uni.reti2.HeartbeatGenerator] (vert.x-eventloop-thread-0) 💓 [HEARTBEAT] Invio heartbeat: {"stazioneId":"PA","stato":"ONLINE","timestamp":"2026-08-17T18:32:54.159327460Z","tipoEvento":"HEARTBEAT","bufferSize":0}
2026-08-17 20:33:04,159 INFO  [it.uni.reti2.HeartbeatGenerator] (vert.x-eventloop-thread-0) 💓 [HEARTBEAT] Invio heartbeat: {"stazioneId":"PA","stato":"ONLINE","timestamp":"2026-08-17T18:33:04.159463550Z","tipoEvento":"HEARTBEAT","bufferSize":0}
2026-08-17 20:33:14,165 INFO  [it.uni.reti2.HeartbeatGenerator] (vert.x-eventloop-thread-0) 💓 [HEARTBEAT] Invio heartbeat: {"stazioneId":"PA","stato":"ONLINE","timestamp":"2026-08-17T18:33:14.165093582Z","tipoEvento":"HEARTBEAT","bufferSize":0}
2026-08-17 20:33:24,159 INFO  [it.uni.reti2.HeartbeatGenerator] (vert.x-eventloop-thread-0) 💓 [HEARTBEAT] Invio heartbeat: {"stazioneId":"PA","stato":"ONLINE","timestamp":"2026-08-17T18:33:24.159535182Z","tipoEvento":"HEARTBEAT","bufferSize":0}
2026-08-17 20:33:34,157 INFO  [it.uni.reti2.HeartbeatGenerator] (vert.x-eventloop-thread-0) 💓 [HEARTBEAT] Invio heartbeat: {"stazioneId":"PA","stato":"ONLINE","timestamp":"2026-08-17T18:33:34.157194856Z","tipoEvento":"HEARTBEAT","bufferSize":0}
2026-08-17 20:33:44,156 INFO  [it.uni.reti2.HeartbeatGenerator] (vert.x-eventloop-thread-0) 💓 [HEARTBEAT] Invio heartbeat: {"stazioneId":"PA","stato":"ONLINE","timestamp":"2026-08-17T18:33:44.156940785Z","tipoEvento":"HEARTBEAT","bufferSize":0}
2026-08-17 20:33:54,159 INFO  [it.uni.reti2.HeartbeatGenerator] (vert.x-eventloop-thread-0) 💓 [HEARTBEAT] Invio heartbeat: {"stazioneId":"PA","stato":"ONLINE","timestamp":"2026-08-17T18:33:54.159674354Z","tipoEvento":"HEARTBEAT","bufferSize":0}
2026-08-17 20:34:04,157 INFO  [it.uni.reti2.HeartbeatGenerator] (vert.x-eventloop-thread-0) 💓 [HEARTBEAT] Invio heartbeat: {"stazioneId":"PA","stato":"ONLINE","timestamp":"2026-08-17T18:34:04.156968493Z","tipoEvento":"HEARTBEAT","bufferSize":0}
2026-08-17 20:34:14,160 INFO  [it.uni.reti2.HeartbeatGenerator] (vert.x-eventloop-thread-0) 💓 [HEARTBEAT] Invio heartbeat: {"stazioneId":"PA","stato":"ONLINE","timestamp":"2026-08-17T18:34:14.156368047Z","tipoEvento":"HEARTBEAT","bufferSize":0}
2026-08-17 20:34:24,159 INFO  [it.uni.reti2.HeartbeatGenerator] (vert.x-eventloop-thread-0) 💓 [HEARTBEAT] Invio heartbeat: {"stazioneId":"PA","stato":"ONLINE","timestamp":"2026-08-17T18:34:24.159627437Z","tipoEvento":"HEARTBEAT","bufferSize":0}
2026-08-17 20:34:34,160 INFO  [it.uni.reti2.HeartbeatGenerator] (vert.x-eventloop-thread-0) 💓 [HEARTBEAT] Invio heartbeat: {"stazioneId":"PA","stato":"ONLINE","timestamp":"2026-08-17T18:34:34.160389117Z","tipoEvento":"HEARTBEAT","bufferSize":0}
2026-08-17 20:34:44,159 INFO  [it.uni.reti2.HeartbeatGenerator] (vert.x-eventloop-thread-0) 💓 [HEARTBEAT] Invio heartbeat: {"stazioneId":"PA","stato":"ONLINE","timestamp":"2026-08-17T18:34:44.159812515Z","tipoEvento":"HEARTBEAT","bufferSize":0}
2026-08-17 20:34:54,158 INFO  [it.uni.reti2.HeartbeatGenerator] (vert.x-eventloop-thread-0) 💓 [HEARTBEAT] Invio heartbeat: {"stazioneId":"PA","stato":"ONLINE","timestamp":"2026-08-17T18:34:54.158829318Z","tipoEvento":"HEARTBEAT","bufferSize":0}
2026-08-17 20:35:04,161 INFO  [it.uni.reti2.HeartbeatGenerator] (vert.x-eventloop-thread-0) 💓 [HEARTBEAT] Invio heartbeat: {"stazioneId":"PA","stato":"ONLINE","timestamp":"2026-08-17T18:35:04.161295215Z","tipoEvento":"HEARTBEAT","bufferSize":0}
2026-08-17 20:35:14,156 INFO  [it.uni.reti2.HeartbeatGenerator] (vert.x-eventloop-thread-0) 💓 [HEARTBEAT] Invio heartbeat: {"stazioneId":"PA","stato":"ONLINE","timestamp":"2026-08-17T18:35:14.156151627Z","tipoEvento":"HEARTBEAT","bufferSize":0}
2026-08-17 20:35:24,156 INFO  [it.uni.reti2.HeartbeatGenerator] (vert.x-eventloop-thread-0) 💓 [HEARTBEAT] Invio heartbeat: {"stazioneId":"PA","stato":"ONLINE","timestamp":"2026-08-17T18:35:24.156893639Z","tipoEvento":"HEARTBEAT","bufferSize":0}
2026-08-17 20:35:34,163 INFO  [it.uni.reti2.HeartbeatGenerator] (vert.x-eventloop-thread-0) 💓 [HEARTBEAT] Invio heartbeat: {"stazioneId":"PA","stato":"ONLINE","timestamp":"2026-08-17T18:35:34.163475779Z","tipoEvento":"HEARTBEAT","bufferSize":0}
2026-08-17 20:35:44,157 INFO  [it.uni.reti2.HeartbeatGenerator] (vert.x-eventloop-thread-0) 💓 [HEARTBEAT] Invio heartbeat: {"stazioneId":"PA","stato":"ONLINE","timestamp":"2026-08-17T18:35:44.157849715Z","tipoEvento":"HEARTBEAT","bufferSize":0}
2026-08-17 20:35:54,158 INFO  [it.uni.reti2.HeartbeatGenerator] (vert.x-eventloop-thread-0) 💓 [HEARTBEAT] Invio heartbeat: {"stazioneId":"PA","stato":"ONLINE","timestamp":"2026-08-17T18:35:54.158593728Z","tipoEvento":"HEARTBEAT","bufferSize":0}
2026-08-17 20:36:04,163 INFO  [it.uni.reti2.HeartbeatGenerator] (vert.x-eventloop-thread-0) 💓 [HEARTBEAT] Invio heartbeat: {"stazioneId":"PA","stato":"ONLINE","timestamp":"2026-08-17T18:36:04.163626622Z","tipoEvento":"HEARTBEAT","bufferSize":0}
2026-08-17 20:36:14,161 INFO  [it.uni.reti2.HeartbeatGenerator] (vert.x-eventloop-thread-0) 💓 [HEARTBEAT] Invio heartbeat: {"stazioneId":"PA","stato":"ONLINE","timestamp":"2026-08-17T18:36:14.160971195Z","tipoEvento":"HEARTBEAT","bufferSize":0}
2026-08-17 20:36:24,159 INFO  [it.uni.reti2.HeartbeatGenerator] (vert.x-eventloop-thread-0) 💓 [HEARTBEAT] Invio heartbeat: {"stazioneId":"PA","stato":"ONLINE","timestamp":"2026-08-17T18:36:24.159738661Z","tipoEvento":"HEARTBEAT","bufferSize":0}
2026-08-17 20:36:34,157 INFO  [it.uni.reti2.HeartbeatGenerator] (vert.x-eventloop-thread-0) 💓 [HEARTBEAT] Invio heartbeat: {"stazioneId":"PA","stato":"ONLINE","timestamp":"2026-08-17T18:36:34.157547486Z","tipoEvento":"HEARTBEAT","bufferSize":0}
2026-08-17 20:36:44,162 INFO  [it.uni.reti2.HeartbeatGenerator] (vert.x-eventloop-thread-0) 💓 [HEARTBEAT] Invio heartbeat: {"stazioneId":"PA","stato":"ONLINE","timestamp":"2026-08-17T18:36:44.162855114Z","tipoEvento":"HEARTBEAT","bufferSize":0}
2026-08-17 20:36:54,159 INFO  [it.uni.reti2.HeartbeatGenerator] (vert.x-eventloop-thread-0) 💓 [HEARTBEAT] Invio heartbeat: {"stazioneId":"PA","stato":"ONLINE","timestamp":"2026-08-17T18:36:54.159113435Z","tipoEvento":"HEARTBEAT","bufferSize":0}
2026-08-17 20:37:04,159 INFO  [it.uni.reti2.HeartbeatGenerator] (vert.x-eventloop-thread-0) 💓 [HEARTBEAT] Invio heartbeat: {"stazioneId":"PA","stato":"ONLINE","timestamp":"2026-08-17T18:37:04.159488385Z","tipoEvento":"HEARTBEAT","bufferSize":0}
2026-08-17 20:37:14,160 INFO  [it.uni.reti2.HeartbeatGenerator] (vert.x-eventloop-thread-0) 💓 [HEARTBEAT] Invio heartbeat: {"stazioneId":"PA","stato":"ONLINE","timestamp":"2026-08-17T18:37:14.160693355Z","tipoEvento":"HEARTBEAT","bufferSize":0}
2026-08-17 20:37:24,160 INFO  [it.uni.reti2.HeartbeatGenerator] (vert.x-eventloop-thread-0) 💓 [HEARTBEAT] Invio heartbeat: {"stazioneId":"PA","stato":"ONLINE","timestamp":"2026-08-17T18:37:24.160042779Z","tipoEvento":"HEARTBEAT","bufferSize":0}
2026-08-17 20:37:34,160 INFO  [it.uni.reti2.HeartbeatGenerator] (vert.x-eventloop-thread-0) 💓 [HEARTBEAT] Invio heartbeat: {"stazioneId":"PA","stato":"ONLINE","timestamp":"2026-08-17T18:37:34.160415405Z","tipoEvento":"HEARTBEAT","bufferSize":0}
2026-08-17 20:37:44,166 INFO  [it.uni.reti2.HeartbeatGenerator] (vert.x-eventloop-thread-0) 💓 [HEARTBEAT] Invio heartbeat: {"stazioneId":"PA","stato":"ONLINE","timestamp":"2026-08-17T18:37:44.166045143Z","tipoEvento":"HEARTBEAT","bufferSize":0}
2026-08-17 20:37:54,159 INFO  [it.uni.reti2.HeartbeatGenerator] (vert.x-eventloop-thread-0) 💓 [HEARTBEAT] Invio heartbeat: {"stazioneId":"PA","stato":"ONLINE","timestamp":"2026-08-17T18:37:54.159128830Z","tipoEvento":"HEARTBEAT","bufferSize":0}
2026-08-17 20:38:04,157 INFO  [it.uni.reti2.HeartbeatGenerator] (vert.x-eventloop-thread-0) 💓 [HEARTBEAT] Invio heartbeat: {"stazioneId":"PA","stato":"ONLINE","timestamp":"2026-08-17T18:38:04.157256924Z","tipoEvento":"HEARTBEAT","bufferSize":0}
2026-08-17 20:38:14,157 INFO  [it.uni.reti2.HeartbeatGenerator] (vert.x-eventloop-thread-0) 💓 [HEARTBEAT] Invio heartbeat: {"stazioneId":"PA","stato":"ONLINE","timestamp":"2026-08-17T18:38:14.157336456Z","tipoEvento":"HEARTBEAT","bufferSize":0}
2026-08-17 20:38:24,159 INFO  [it.uni.reti2.HeartbeatGenerator] (vert.x-eventloop-thread-0) 💓 [HEARTBEAT] Invio heartbeat: {"stazioneId":"PA","stato":"ONLINE","timestamp":"2026-08-17T18:38:24.159102806Z","tipoEvento":"HEARTBEAT","bufferSize":0}
2026-08-17 20:38:34,157 INFO  [it.uni.reti2.HeartbeatGenerator] (vert.x-eventloop-thread-0) 💓 [HEARTBEAT] Invio heartbeat: {"stazioneId":"PA","stato":"ONLINE","timestamp":"2026-08-17T18:38:34.157253896Z","tipoEvento":"HEARTBEAT","bufferSize":0}
2026-08-17 20:38:44,157 INFO  [it.uni.reti2.HeartbeatGenerator] (vert.x-eventloop-thread-0) 💓 [HEARTBEAT] Invio heartbeat: {"stazioneId":"PA","stato":"ONLINE","timestamp":"2026-08-17T18:38:44.157391143Z","tipoEvento":"HEARTBEAT","bufferSize":0}
2026-08-17 20:38:54,160 INFO  [it.uni.reti2.HeartbeatGenerator] (vert.x-eventloop-thread-0) 💓 [HEARTBEAT] Invio heartbeat: {"stazioneId":"PA","stato":"ONLINE","timestamp":"2026-08-17T18:38:54.160062836Z","tipoEvento":"HEARTBEAT","bufferSize":0}
2026-08-17 20:39:04,158 INFO  [it.uni.reti2.HeartbeatGenerator] (vert.x-eventloop-thread-0) 💓 [HEARTBEAT] Invio heartbeat: {"stazioneId":"PA","stato":"ONLINE","timestamp":"2026-08-17T18:39:04.158554073Z","tipoEvento":"HEARTBEAT","bufferSize":0}
2026-08-17 20:39:14,157 INFO  [it.uni.reti2.HeartbeatGenerator] (vert.x-eventloop-thread-0) 💓 [HEARTBEAT] Invio heartbeat: {"stazioneId":"PA","stato":"ONLINE","timestamp":"2026-08-17T18:39:14.157711838Z","tipoEvento":"HEARTBEAT","bufferSize":0}
2026-08-17 20:39:24,159 INFO  [it.uni.reti2.HeartbeatGenerator] (vert.x-eventloop-thread-0) 💓 [HEARTBEAT] Invio heartbeat: {"stazioneId":"PA","stato":"ONLINE","timestamp":"2026-08-17T18:39:24.159663588Z","tipoEvento":"HEARTBEAT","bufferSize":0}
2026-08-17 20:39:34,159 INFO  [it.uni.reti2.HeartbeatGenerator] (vert.x-eventloop-thread-0) 💓 [HEARTBEAT] Invio heartbeat: {"stazioneId":"PA","stato":"ONLINE","timestamp":"2026-08-17T18:39:34.159520104Z","tipoEvento":"HEARTBEAT","bufferSize":0}
2026-08-17 20:39:44,157 INFO  [it.uni.reti2.HeartbeatGenerator] (vert.x-eventloop-thread-0) 💓 [HEARTBEAT] Invio heartbeat: {"stazioneId":"PA","stato":"ONLINE","timestamp":"2026-08-17T18:39:44.157465040Z","tipoEvento":"HEARTBEAT","bufferSize":0}
2026-08-17 20:39:54,158 INFO  [it.uni.reti2.HeartbeatGenerator] (vert.x-eventloop-thread-0) 💓 [HEARTBEAT] Invio heartbeat: {"stazioneId":"PA","stato":"ONLINE","timestamp":"2026-08-17T18:39:54.158792009Z","tipoEvento":"HEARTBEAT","bufferSize":0}
2026-08-17 20:40:04,159 INFO  [it.uni.reti2.HeartbeatGenerator] (vert.x-eventloop-thread-0) 💓 [HEARTBEAT] Invio heartbeat: {"stazioneId":"PA","stato":"ONLINE","timestamp":"2026-08-17T18:40:04.159171294Z","tipoEvento":"HEARTBEAT","bufferSize":0}
2026-08-17 20:40:14,165 INFO  [it.uni.reti2.HeartbeatGenerator] (vert.x-eventloop-thread-0) 💓 [HEARTBEAT] Invio heartbeat: {"stazioneId":"PA","stato":"ONLINE","timestamp":"2026-08-17T18:40:14.161481130Z","tipoEvento":"HEARTBEAT","bufferSize":0}
2026-08-17 20:40:24,159 INFO  [it.uni.reti2.HeartbeatGenerator] (vert.x-eventloop-thread-0) 💓 [HEARTBEAT] Invio heartbeat: {"stazioneId":"PA","stato":"ONLINE","timestamp":"2026-08-17T18:40:24.159403548Z","tipoEvento":"HEARTBEAT","bufferSize":0}
2026-08-17 20:40:34,162 INFO  [it.uni.reti2.HeartbeatGenerator] (vert.x-eventloop-thread-0) 💓 [HEARTBEAT] Invio heartbeat: {"stazioneId":"PA","stato":"ONLINE","timestamp":"2026-08-17T18:40:34.162086554Z","tipoEvento":"HEARTBEAT","bufferSize":0}
2026-08-17 20:40:44,156 INFO  [it.uni.reti2.HeartbeatGenerator] (vert.x-eventloop-thread-0) 💓 [HEARTBEAT] Invio heartbeat: {"stazioneId":"PA","stato":"ONLINE","timestamp":"2026-08-17T18:40:44.156714961Z","tipoEvento":"HEARTBEAT","bufferSize":0}
2026-08-17 20:40:54,156 INFO  [it.uni.reti2.HeartbeatGenerator] (vert.x-eventloop-thread-0) 💓 [HEARTBEAT] Invio heartbeat: {"stazioneId":"PA","stato":"ONLINE","timestamp":"2026-08-17T18:40:54.156844392Z","tipoEvento":"HEARTBEAT","bufferSize":0}
2026-08-17 20:41:04,163 INFO  [it.uni.reti2.HeartbeatGenerator] (vert.x-eventloop-thread-0) 💓 [HEARTBEAT] Invio heartbeat: {"stazioneId":"PA","stato":"ONLINE","timestamp":"2026-08-17T18:41:04.163341638Z","tipoEvento":"HEARTBEAT","bufferSize":0}
2026-08-17 20:41:14,158 INFO  [it.uni.reti2.HeartbeatGenerator] (vert.x-eventloop-thread-0) 💓 [HEARTBEAT] Invio heartbeat: {"stazioneId":"PA","stato":"ONLINE","timestamp":"2026-08-17T18:41:14.158842859Z","tipoEvento":"HEARTBEAT","bufferSize":0}
2026-08-17 20:41:24,159 INFO  [it.uni.reti2.HeartbeatGenerator] (vert.x-eventloop-thread-0) 💓 [HEARTBEAT] Invio heartbeat: {"stazioneId":"PA","stato":"ONLINE","timestamp":"2026-08-17T18:41:24.159250865Z","tipoEvento":"HEARTBEAT","bufferSize":0}
2026-08-17 20:41:34,157 INFO  [it.uni.reti2.HeartbeatGenerator] (vert.x-eventloop-thread-0) 💓 [HEARTBEAT] Invio heartbeat: {"stazioneId":"PA","stato":"ONLINE","timestamp":"2026-08-17T18:41:34.156972946Z","tipoEvento":"HEARTBEAT","bufferSize":0}
2026-08-17 20:41:44,158 INFO  [it.uni.reti2.HeartbeatGenerator] (vert.x-eventloop-thread-0) 💓 [HEARTBEAT] Invio heartbeat: {"stazioneId":"PA","stato":"ONLINE","timestamp":"2026-08-17T18:41:44.158859245Z","tipoEvento":"HEARTBEAT","bufferSize":0}
2026-08-17 20:41:54,158 INFO  [it.uni.reti2.HeartbeatGenerator] (vert.x-eventloop-thread-0) 💓 [HEARTBEAT] Invio heartbeat: {"stazioneId":"PA","stato":"ONLINE","timestamp":"2026-08-17T18:41:54.158721080Z","tipoEvento":"HEARTBEAT","bufferSize":0}
2026-08-17 20:42:04,157 INFO  [it.uni.reti2.HeartbeatGenerator] (vert.x-eventloop-thread-0) 💓 [HEARTBEAT] Invio heartbeat: {"stazioneId":"PA","stato":"ONLINE","timestamp":"2026-08-17T18:42:04.157319056Z","tipoEvento":"HEARTBEAT","bufferSize":0}
2026-08-17 20:42:14,162 INFO  [it.uni.reti2.HeartbeatGenerator] (vert.x-eventloop-thread-0) 💓 [HEARTBEAT] Invio heartbeat: {"stazioneId":"PA","stato":"ONLINE","timestamp":"2026-08-17T18:42:14.162318224Z","tipoEvento":"HEARTBEAT","bufferSize":0}
2026-08-17 20:42:24,157 INFO  [it.uni.reti2.HeartbeatGenerator] (vert.x-eventloop-thread-0) 💓 [HEARTBEAT] Invio heartbeat: {"stazioneId":"PA","stato":"ONLINE","timestamp":"2026-08-17T18:42:24.157393575Z","tipoEvento":"HEARTBEAT","bufferSize":0}
2026-08-17 20:42:34,157 INFO  [it.uni.reti2.HeartbeatGenerator] (vert.x-eventloop-thread-0) 💓 [HEARTBEAT] Invio heartbeat: {"stazioneId":"PA","stato":"ONLINE","timestamp":"2026-08-17T18:42:34.157564335Z","tipoEvento":"HEARTBEAT","bufferSize":0}
2026-08-17 20:42:44,161 INFO  [it.uni.reti2.HeartbeatGenerator] (vert.x-eventloop-thread-0) 💓 [HEARTBEAT] Invio heartbeat: {"stazioneId":"PA","stato":"ONLINE","timestamp":"2026-08-17T18:42:44.161844733Z","tipoEvento":"HEARTBEAT","bufferSize":0}
2026-08-17 20:42:54,157 INFO  [it.uni.reti2.HeartbeatGenerator] (vert.x-eventloop-thread-0) 💓 [HEARTBEAT] Invio heartbeat: {"stazioneId":"PA","stato":"ONLINE","timestamp":"2026-08-17T18:42:54.156982842Z","tipoEvento":"HEARTBEAT","bufferSize":0}
2026-08-17 20:43:04,156 INFO  [it.uni.reti2.HeartbeatGenerator] (vert.x-eventloop-thread-0) 💓 [HEARTBEAT] Invio heartbeat: {"stazioneId":"PA","stato":"ONLINE","timestamp":"2026-08-17T18:43:04.156839051Z","tipoEvento":"HEARTBEAT","bufferSize":0}
2026-08-17 20:43:14,162 INFO  [it.uni.reti2.HeartbeatGenerator] (vert.x-eventloop-thread-0) 💓 [HEARTBEAT] Invio heartbeat: {"stazioneId":"PA","stato":"ONLINE","timestamp":"2026-08-17T18:43:14.162374217Z","tipoEvento":"HEARTBEAT","bufferSize":0}
2026-08-17 20:43:24,157 INFO  [it.uni.reti2.HeartbeatGenerator] (vert.x-eventloop-thread-0) 💓 [HEARTBEAT] Invio heartbeat: {"stazioneId":"PA","stato":"ONLINE","timestamp":"2026-08-17T18:43:24.157249173Z","tipoEvento":"HEARTBEAT","bufferSize":0}
2026-08-17 20:43:34,157 INFO  [it.uni.reti2.HeartbeatGenerator] (vert.x-eventloop-thread-0) 💓 [HEARTBEAT] Invio heartbeat: {"stazioneId":"PA","stato":"ONLINE","timestamp":"2026-08-17T18:43:34.157256532Z","tipoEvento":"HEARTBEAT","bufferSize":0}
2026-08-17 20:43:44,158 INFO  [it.uni.reti2.HeartbeatGenerator] (vert.x-eventloop-thread-0) 💓 [HEARTBEAT] Invio heartbeat: {"stazioneId":"PA","stato":"ONLINE","timestamp":"2026-08-17T18:43:44.157977702Z","tipoEvento":"HEARTBEAT","bufferSize":0}
2026-08-17 20:43:54,158 INFO  [it.uni.reti2.HeartbeatGenerator] (vert.x-eventloop-thread-0) 💓 [HEARTBEAT] Invio heartbeat: {"stazioneId":"PA","stato":"ONLINE","timestamp":"2026-08-17T18:43:54.158237325Z","tipoEvento":"HEARTBEAT","bufferSize":0}
2026-08-17 20:44:04,156 INFO  [it.uni.reti2.HeartbeatGenerator] (vert.x-eventloop-thread-0) 💓 [HEARTBEAT] Invio heartbeat: {"stazioneId":"PA","stato":"ONLINE","timestamp":"2026-08-17T18:44:04.156889497Z","tipoEvento":"HEARTBEAT","bufferSize":0}
2026-08-17 20:44:14,163 INFO  [it.uni.reti2.HeartbeatGenerator] (vert.x-eventloop-thread-0) 💓 [HEARTBEAT] Invio heartbeat: {"stazioneId":"PA","stato":"ONLINE","timestamp":"2026-08-17T18:44:14.163882492Z","tipoEvento":"HEARTBEAT","bufferSize":0}
2026-08-17 20:44:24,159 INFO  [it.uni.reti2.HeartbeatGenerator] (vert.x-eventloop-thread-0) 💓 [HEARTBEAT] Invio heartbeat: {"stazioneId":"PA","stato":"ONLINE","timestamp":"2026-08-17T18:44:24.159381811Z","tipoEvento":"HEARTBEAT","bufferSize":0}
2026-08-17 20:44:34,160 INFO  [it.uni.reti2.HeartbeatGenerator] (vert.x-eventloop-thread-0) 💓 [HEARTBEAT] Invio heartbeat: {"stazioneId":"PA","stato":"ONLINE","timestamp":"2026-08-17T18:44:34.160467925Z","tipoEvento":"HEARTBEAT","bufferSize":0}
2026-08-17 20:44:44,160 INFO  [it.uni.reti2.HeartbeatGenerator] (vert.x-eventloop-thread-0) 💓 [HEARTBEAT] Invio heartbeat: {"stazioneId":"PA","stato":"ONLINE","timestamp":"2026-08-17T18:44:44.160042816Z","tipoEvento":"HEARTBEAT","bufferSize":0}
2026-08-17 20:44:54,160 INFO  [it.uni.reti2.HeartbeatGenerator] (vert.x-eventloop-thread-0) 💓 [HEARTBEAT] Invio heartbeat: {"stazioneId":"PA","stato":"ONLINE","timestamp":"2026-08-17T18:44:54.159908762Z","tipoEvento":"HEARTBEAT","bufferSize":0}
2026-08-17 20:45:04,160 INFO  [it.uni.reti2.HeartbeatGenerator] (vert.x-eventloop-thread-0) 💓 [HEARTBEAT] Invio heartbeat: {"stazioneId":"PA","stato":"ONLINE","timestamp":"2026-08-17T18:45:04.160883732Z","tipoEvento":"HEARTBEAT","bufferSize":0}
2026-08-17 20:45:14,165 INFO  [it.uni.reti2.HeartbeatGenerator] (vert.x-eventloop-thread-0) 💓 [HEARTBEAT] Invio heartbeat: {"stazioneId":"PA","stato":"ONLINE","timestamp":"2026-08-17T18:45:14.165065612Z","tipoEvento":"HEARTBEAT","bufferSize":0}
2026-08-17 20:45:24,194 INFO  [it.uni.reti2.HeartbeatGenerator] (vert.x-eventloop-thread-0) 💓 [HEARTBEAT] Invio heartbeat: {"stazioneId":"PA","stato":"ONLINE","timestamp":"2026-08-17T18:45:24.158822414Z","tipoEvento":"HEARTBEAT","bufferSize":0}
2026-08-17 20:45:34,161 INFO  [it.uni.reti2.HeartbeatGenerator] (vert.x-eventloop-thread-0) 💓 [HEARTBEAT] Invio heartbeat: {"stazioneId":"PA","stato":"ONLINE","timestamp":"2026-08-17T18:45:34.161279329Z","tipoEvento":"HEARTBEAT","bufferSize":0}
2026-08-17 20:45:44,165 INFO  [it.uni.reti2.HeartbeatGenerator] (vert.x-eventloop-thread-0) 💓 [HEARTBEAT] Invio heartbeat: {"stazioneId":"PA","stato":"ONLINE","timestamp":"2026-08-17T18:45:44.165870859Z","tipoEvento":"HEARTBEAT","bufferSize":0}
2026-08-17 20:45:54,163 INFO  [it.uni.reti2.HeartbeatGenerator] (vert.x-eventloop-thread-0) 💓 [HEARTBEAT] Invio heartbeat: {"stazioneId":"PA","stato":"ONLINE","timestamp":"2026-08-17T18:45:54.158873034Z","tipoEvento":"HEARTBEAT","bufferSize":0}
2026-08-17 20:46:04,158 INFO  [it.uni.reti2.HeartbeatGenerator] (vert.x-eventloop-thread-0) 💓 [HEARTBEAT] Invio heartbeat: {"stazioneId":"PA","stato":"ONLINE","timestamp":"2026-08-17T18:46:04.158267686Z","tipoEvento":"HEARTBEAT","bufferSize":0}
2026-08-17 20:46:14,159 INFO  [it.uni.reti2.HeartbeatGenerator] (vert.x-eventloop-thread-0) 💓 [HEARTBEAT] Invio heartbeat: {"stazioneId":"PA","stato":"ONLINE","timestamp":"2026-08-17T18:46:14.159291267Z","tipoEvento":"HEARTBEAT","bufferSize":0}
2026-08-17 20:46:24,159 INFO  [it.uni.reti2.HeartbeatGenerator] (vert.x-eventloop-thread-0) 💓 [HEARTBEAT] Invio heartbeat: {"stazioneId":"PA","stato":"ONLINE","timestamp":"2026-08-17T18:46:24.159258225Z","tipoEvento":"HEARTBEAT","bufferSize":0}
2026-08-17 20:46:34,160 INFO  [it.uni.reti2.HeartbeatGenerator] (vert.x-eventloop-thread-0) 💓 [HEARTBEAT] Invio heartbeat: {"stazioneId":"PA","stato":"ONLINE","timestamp":"2026-08-17T18:46:34.160351027Z","tipoEvento":"HEARTBEAT","bufferSize":0}
2026-08-17 20:46:44,161 INFO  [it.uni.reti2.HeartbeatGenerator] (vert.x-eventloop-thread-0) 💓 [HEARTBEAT] Invio heartbeat: {"stazioneId":"PA","stato":"ONLINE","timestamp":"2026-08-17T18:46:44.161206080Z","tipoEvento":"HEARTBEAT","bufferSize":0}
2026-08-17 20:46:54,158 INFO  [it.uni.reti2.HeartbeatGenerator] (vert.x-eventloop-thread-0) 💓 [HEARTBEAT] Invio heartbeat: {"stazioneId":"PA","stato":"ONLINE","timestamp":"2026-08-17T18:46:54.158720638Z","tipoEvento":"HEARTBEAT","bufferSize":0}
2026-08-17 20:47:04,158 INFO  [it.uni.reti2.HeartbeatGenerator] (vert.x-eventloop-thread-0) 💓 [HEARTBEAT] Invio heartbeat: {"stazioneId":"PA","stato":"ONLINE","timestamp":"2026-08-17T18:47:04.158567487Z","tipoEvento":"HEARTBEAT","bufferSize":0}
2026-08-17 20:47:14,157 INFO  [it.uni.reti2.HeartbeatGenerator] (vert.x-eventloop-thread-0) 💓 [HEARTBEAT] Invio heartbeat: {"stazioneId":"PA","stato":"ONLINE","timestamp":"2026-08-17T18:47:14.157212789Z","tipoEvento":"HEARTBEAT","bufferSize":0}
2026-08-17 20:47:24,157 INFO  [it.uni.reti2.HeartbeatGenerator] (vert.x-eventloop-thread-0) 💓 [HEARTBEAT] Invio heartbeat: {"stazioneId":"PA","stato":"ONLINE","timestamp":"2026-08-17T18:47:24.157606969Z","tipoEvento":"HEARTBEAT","bufferSize":0}
2026-08-17 20:47:34,162 INFO  [it.uni.reti2.HeartbeatGenerator] (vert.x-eventloop-thread-0) 💓 [HEARTBEAT] Invio heartbeat: {"stazioneId":"PA","stato":"ONLINE","timestamp":"2026-08-17T18:47:34.162070487Z","tipoEvento":"HEARTBEAT","bufferSize":0}
2026-08-17 20:47:44,156 INFO  [it.uni.reti2.HeartbeatGenerator] (vert.x-eventloop-thread-0) 💓 [HEARTBEAT] Invio heartbeat: {"stazioneId":"PA","stato":"ONLINE","timestamp":"2026-08-17T18:47:44.156915296Z","tipoEvento":"HEARTBEAT","bufferSize":0}
2026-08-17 20:47:54,157 INFO  [it.uni.reti2.HeartbeatGenerator] (vert.x-eventloop-thread-0) 💓 [HEARTBEAT] Invio heartbeat: {"stazioneId":"PA","stato":"ONLINE","timestamp":"2026-08-17T18:47:54.157274227Z","tipoEvento":"HEARTBEAT","bufferSize":0}
2026-08-17 20:48:04,167 INFO  [it.uni.reti2.HeartbeatGenerator] (vert.x-eventloop-thread-0) 💓 [HEARTBEAT] Invio heartbeat: {"stazioneId":"PA","stato":"ONLINE","timestamp":"2026-08-17T18:48:04.162886125Z","tipoEvento":"HEARTBEAT","bufferSize":0}
2026-08-17 20:48:14,159 INFO  [it.uni.reti2.HeartbeatGenerator] (vert.x-eventloop-thread-0) 💓 [HEARTBEAT] Invio heartbeat: {"stazioneId":"PA","stato":"ONLINE","timestamp":"2026-08-17T18:48:14.159240010Z","tipoEvento":"HEARTBEAT","bufferSize":0}
2026-08-17 20:48:24,159 INFO  [it.uni.reti2.HeartbeatGenerator] (vert.x-eventloop-thread-0) 💓 [HEARTBEAT] Invio heartbeat: {"stazioneId":"PA","stato":"ONLINE","timestamp":"2026-08-17T18:48:24.159260600Z","tipoEvento":"HEARTBEAT","bufferSize":0}
2026-08-17 20:48:34,254 INFO  [it.uni.reti2.HeartbeatGenerator] (vert.x-eventloop-thread-0) 💓 [HEARTBEAT] Invio heartbeat: {"stazioneId":"PA","stato":"ONLINE","timestamp":"2026-08-17T18:48:34.164821968Z","tipoEvento":"HEARTBEAT","bufferSize":0}
2026-08-17 20:48:44,161 INFO  [it.uni.reti2.HeartbeatGenerator] (vert.x-eventloop-thread-0) 💓 [HEARTBEAT] Invio heartbeat: {"stazioneId":"PA","stato":"ONLINE","timestamp":"2026-08-17T18:48:44.161123490Z","tipoEvento":"HEARTBEAT","bufferSize":0}
2026-08-17 20:48:54,157 INFO  [it.uni.reti2.HeartbeatGenerator] (vert.x-eventloop-thread-0) 💓 [HEARTBEAT] Invio heartbeat: {"stazioneId":"PA","stato":"ONLINE","timestamp":"2026-08-17T18:48:54.157382039Z","tipoEvento":"HEARTBEAT","bufferSize":0}
2026-08-17 20:49:04,155 INFO  [it.uni.reti2.HeartbeatGenerator] (vert.x-eventloop-thread-0) 💓 [HEARTBEAT] Invio heartbeat: {"stazioneId":"PA","stato":"ONLINE","timestamp":"2026-08-17T18:49:04.155856390Z","tipoEvento":"HEARTBEAT","bufferSize":0}
2026-08-17 20:49:14,161 INFO  [it.uni.reti2.HeartbeatGenerator] (vert.x-eventloop-thread-0) 💓 [HEARTBEAT] Invio heartbeat: {"stazioneId":"PA","stato":"ONLINE","timestamp":"2026-08-17T18:49:14.161809123Z","tipoEvento":"HEARTBEAT","bufferSize":0}
2026-08-17 20:49:24,157 INFO  [it.uni.reti2.HeartbeatGenerator] (vert.x-eventloop-thread-0) 💓 [HEARTBEAT] Invio heartbeat: {"stazioneId":"PA","stato":"ONLINE","timestamp":"2026-08-17T18:49:24.157934127Z","tipoEvento":"HEARTBEAT","bufferSize":0}
2026-08-17 20:49:34,159 INFO  [it.uni.reti2.HeartbeatGenerator] (vert.x-eventloop-thread-0) 💓 [HEARTBEAT] Invio heartbeat: {"stazioneId":"PA","stato":"ONLINE","timestamp":"2026-08-17T18:49:34.159193432Z","tipoEvento":"HEARTBEAT","bufferSize":0}
2026-08-17 20:49:44,164 INFO  [it.uni.reti2.HeartbeatGenerator] (vert.x-eventloop-thread-0) 💓 [HEARTBEAT] Invio heartbeat: {"stazioneId":"PA","stato":"ONLINE","timestamp":"2026-08-17T18:49:44.163975403Z","tipoEvento":"HEARTBEAT","bufferSize":0}
2026-08-17 20:49:54,159 INFO  [it.uni.reti2.HeartbeatGenerator] (vert.x-eventloop-thread-0) 💓 [HEARTBEAT] Invio heartbeat: {"stazioneId":"PA","stato":"ONLINE","timestamp":"2026-08-17T18:49:54.159405491Z","tipoEvento":"HEARTBEAT","bufferSize":0}
2026-08-17 20:50:04,160 INFO  [it.uni.reti2.HeartbeatGenerator] (vert.x-eventloop-thread-0) 💓 [HEARTBEAT] Invio heartbeat: {"stazioneId":"PA","stato":"ONLINE","timestamp":"2026-08-17T18:50:04.160222386Z","tipoEvento":"HEARTBEAT","bufferSize":0}
2026-08-17 20:50:14,169 INFO  [it.uni.reti2.HeartbeatGenerator] (vert.x-eventloop-thread-0) 💓 [HEARTBEAT] Invio heartbeat: {"stazioneId":"PA","stato":"ONLINE","timestamp":"2026-08-17T18:50:14.169306440Z","tipoEvento":"HEARTBEAT","bufferSize":0}
2026-08-17 20:50:24,159 INFO  [it.uni.reti2.HeartbeatGenerator] (vert.x-eventloop-thread-0) 💓 [HEARTBEAT] Invio heartbeat: {"stazioneId":"PA","stato":"ONLINE","timestamp":"2026-08-17T18:50:24.159331710Z","tipoEvento":"HEARTBEAT","bufferSize":0}
2026-08-17 20:50:34,162 INFO  [it.uni.reti2.HeartbeatGenerator] (vert.x-eventloop-thread-0) 💓 [HEARTBEAT] Invio heartbeat: {"stazioneId":"PA","stato":"ONLINE","timestamp":"2026-08-17T18:50:34.157513235Z","tipoEvento":"HEARTBEAT","bufferSize":0}
2026-08-17 20:50:44,157 INFO  [it.uni.reti2.HeartbeatGenerator] (vert.x-eventloop-thread-0) 💓 [HEARTBEAT] Invio heartbeat: {"stazioneId":"PA","stato":"ONLINE","timestamp":"2026-08-17T18:50:44.157606628Z","tipoEvento":"HEARTBEAT","bufferSize":0}
2026-08-17 20:50:54,160 INFO  [it.uni.reti2.HeartbeatGenerator] (vert.x-eventloop-thread-0) 💓 [HEARTBEAT] Invio heartbeat: {"stazioneId":"PA","stato":"ONLINE","timestamp":"2026-08-17T18:50:54.160032348Z","tipoEvento":"HEARTBEAT","bufferSize":0}
2026-08-17 20:51:04,158 INFO  [it.uni.reti2.HeartbeatGenerator] (vert.x-eventloop-thread-0) 💓 [HEARTBEAT] Invio heartbeat: {"stazioneId":"PA","stato":"ONLINE","timestamp":"2026-08-17T18:51:04.158099257Z","tipoEvento":"HEARTBEAT","bufferSize":0}
2026-08-17 20:51:14,158 INFO  [it.uni.reti2.HeartbeatGenerator] (vert.x-eventloop-thread-0) 💓 [HEARTBEAT] Invio heartbeat: {"stazioneId":"PA","stato":"ONLINE","timestamp":"2026-08-17T18:51:14.158130760Z","tipoEvento":"HEARTBEAT","bufferSize":0}
2026-08-17 20:51:24,158 INFO  [it.uni.reti2.HeartbeatGenerator] (vert.x-eventloop-thread-0) 💓 [HEARTBEAT] Invio heartbeat: {"stazioneId":"PA","stato":"ONLINE","timestamp":"2026-08-17T18:51:24.158381437Z","tipoEvento":"HEARTBEAT","bufferSize":0}
2026-08-17 20:51:34,159 INFO  [it.uni.reti2.HeartbeatGenerator] (vert.x-eventloop-thread-0) 💓 [HEARTBEAT] Invio heartbeat: {"stazioneId":"PA","stato":"ONLINE","timestamp":"2026-08-17T18:51:34.159257526Z","tipoEvento":"HEARTBEAT","bufferSize":0}
2026-08-17 20:51:44,159 INFO  [it.uni.reti2.HeartbeatGenerator] (vert.x-eventloop-thread-0) 💓 [HEARTBEAT] Invio heartbeat: {"stazioneId":"PA","stato":"ONLINE","timestamp":"2026-08-17T18:51:44.159044899Z","tipoEvento":"HEARTBEAT","bufferSize":0}
2026-08-17 20:51:54,159 INFO  [it.uni.reti2.HeartbeatGenerator] (vert.x-eventloop-thread-0) 💓 [HEARTBEAT] Invio heartbeat: {"stazioneId":"PA","stato":"ONLINE","timestamp":"2026-08-17T18:51:54.159500397Z","tipoEvento":"HEARTBEAT","bufferSize":0}
2026-08-17 20:52:04,161 INFO  [it.uni.reti2.HeartbeatGenerator] (vert.x-eventloop-thread-0) 💓 [HEARTBEAT] Invio heartbeat: {"stazioneId":"PA","stato":"ONLINE","timestamp":"2026-08-17T18:52:04.161217644Z","tipoEvento":"HEARTBEAT","bufferSize":0}
2026-08-17 20:52:14,156 INFO  [it.uni.reti2.HeartbeatGenerator] (vert.x-eventloop-thread-0) 💓 [HEARTBEAT] Invio heartbeat: {"stazioneId":"PA","stato":"ONLINE","timestamp":"2026-08-17T18:52:14.156843162Z","tipoEvento":"HEARTBEAT","bufferSize":0}
2026-08-17 20:52:24,156 INFO  [it.uni.reti2.HeartbeatGenerator] (vert.x-eventloop-thread-0) 💓 [HEARTBEAT] Invio heartbeat: {"stazioneId":"PA","stato":"ONLINE","timestamp":"2026-08-17T18:52:24.156789289Z","tipoEvento":"HEARTBEAT","bufferSize":0}
2026-08-17 20:52:34,163 INFO  [it.uni.reti2.HeartbeatGenerator] (vert.x-eventloop-thread-0) 💓 [HEARTBEAT] Invio heartbeat: {"stazioneId":"PA","stato":"ONLINE","timestamp":"2026-08-17T18:52:34.163157268Z","tipoEvento":"HEARTBEAT","bufferSize":0}
2026-08-17 20:52:44,159 INFO  [it.uni.reti2.HeartbeatGenerator] (vert.x-eventloop-thread-0) 💓 [HEARTBEAT] Invio heartbeat: {"stazioneId":"PA","stato":"ONLINE","timestamp":"2026-08-17T18:52:44.159259518Z","tipoEvento":"HEARTBEAT","bufferSize":0}
2026-08-17 20:52:54,162 INFO  [it.uni.reti2.HeartbeatGenerator] (vert.x-eventloop-thread-0) 💓 [HEARTBEAT] Invio heartbeat: {"stazioneId":"PA","stato":"ONLINE","timestamp":"2026-08-17T18:52:54.158866203Z","tipoEvento":"HEARTBEAT","bufferSize":0}
2026-08-17 20:53:04,165 INFO  [it.uni.reti2.HeartbeatGenerator] (vert.x-eventloop-thread-0) 💓 [HEARTBEAT] Invio heartbeat: {"stazioneId":"PA","stato":"ONLINE","timestamp":"2026-08-17T18:53:04.165553370Z","tipoEvento":"HEARTBEAT","bufferSize":0}
2026-08-17 20:53:14,160 INFO  [it.uni.reti2.HeartbeatGenerator] (vert.x-eventloop-thread-0) 💓 [HEARTBEAT] Invio heartbeat: {"stazioneId":"PA","stato":"ONLINE","timestamp":"2026-08-17T18:53:14.160849430Z","tipoEvento":"HEARTBEAT","bufferSize":0}
2026-08-17 20:53:24,157 INFO  [it.uni.reti2.HeartbeatGenerator] (vert.x-eventloop-thread-0) 💓 [HEARTBEAT] Invio heartbeat: {"stazioneId":"PA","stato":"ONLINE","timestamp":"2026-08-17T18:53:24.157126653Z","tipoEvento":"HEARTBEAT","bufferSize":0}
2026-08-17 20:53:34,157 INFO  [it.uni.reti2.HeartbeatGenerator] (vert.x-eventloop-thread-0) 💓 [HEARTBEAT] Invio heartbeat: {"stazioneId":"PA","stato":"ONLINE","timestamp":"2026-08-17T18:53:34.157309288Z","tipoEvento":"HEARTBEAT","bufferSize":0}
2026-08-17 20:53:44,161 INFO  [it.uni.reti2.HeartbeatGenerator] (vert.x-eventloop-thread-0) 💓 [HEARTBEAT] Invio heartbeat: {"stazioneId":"PA","stato":"ONLINE","timestamp":"2026-08-17T18:53:44.161173065Z","tipoEvento":"HEARTBEAT","bufferSize":0}
2026-08-17 20:53:54,162 INFO  [it.uni.reti2.HeartbeatGenerator] (vert.x-eventloop-thread-0) 💓 [HEARTBEAT] Invio heartbeat: {"stazioneId":"PA","stato":"ONLINE","timestamp":"2026-08-17T18:53:54.158268988Z","tipoEvento":"HEARTBEAT","bufferSize":0}
2026-08-17 20:54:04,156 INFO  [it.uni.reti2.HeartbeatGenerator] (vert.x-eventloop-thread-0) 💓 [HEARTBEAT] Invio heartbeat: {"stazioneId":"PA","stato":"ONLINE","timestamp":"2026-08-17T18:54:04.156556736Z","tipoEvento":"HEARTBEAT","bufferSize":0}
2026-08-17 20:54:14,162 INFO  [it.uni.reti2.HeartbeatGenerator] (vert.x-eventloop-thread-0) 💓 [HEARTBEAT] Invio heartbeat: {"stazioneId":"PA","stato":"ONLINE","timestamp":"2026-08-17T18:54:14.162849371Z","tipoEvento":"HEARTBEAT","bufferSize":0}
2026-08-17 20:54:24,157 INFO  [it.uni.reti2.HeartbeatGenerator] (vert.x-eventloop-thread-0) 💓 [HEARTBEAT] Invio heartbeat: {"stazioneId":"PA","stato":"ONLINE","timestamp":"2026-08-17T18:54:24.157834475Z","tipoEvento":"HEARTBEAT","bufferSize":0}
2026-08-17 20:54:34,159 INFO  [it.uni.reti2.HeartbeatGenerator] (vert.x-eventloop-thread-0) 💓 [HEARTBEAT] Invio heartbeat: {"stazioneId":"PA","stato":"ONLINE","timestamp":"2026-08-17T18:54:34.159433748Z","tipoEvento":"HEARTBEAT","bufferSize":0}
2026-08-17 20:54:44,165 INFO  [it.uni.reti2.HeartbeatGenerator] (vert.x-eventloop-thread-0) 💓 [HEARTBEAT] Invio heartbeat: {"stazioneId":"PA","stato":"ONLINE","timestamp":"2026-08-17T18:54:44.165265985Z","tipoEvento":"HEARTBEAT","bufferSize":0}
2026-08-17 20:54:54,159 INFO  [it.uni.reti2.HeartbeatGenerator] (vert.x-eventloop-thread-0) 💓 [HEARTBEAT] Invio heartbeat: {"stazioneId":"PA","stato":"ONLINE","timestamp":"2026-08-17T18:54:54.159801635Z","tipoEvento":"HEARTBEAT","bufferSize":0}
2026-08-17 20:55:04,156 INFO  [it.uni.reti2.HeartbeatGenerator] (vert.x-eventloop-thread-0) 💓 [HEARTBEAT] Invio heartbeat: {"stazioneId":"PA","stato":"ONLINE","timestamp":"2026-08-17T18:55:04.156326460Z","tipoEvento":"HEARTBEAT","bufferSize":0}
2026-08-17 20:55:14,166 INFO  [it.uni.reti2.HeartbeatGenerator] (vert.x-eventloop-thread-0) 💓 [HEARTBEAT] Invio heartbeat: {"stazioneId":"PA","stato":"ONLINE","timestamp":"2026-08-17T18:55:14.166565767Z","tipoEvento":"HEARTBEAT","bufferSize":0}
2026-08-17 20:55:24,159 INFO  [it.uni.reti2.HeartbeatGenerator] (vert.x-eventloop-thread-0) 💓 [HEARTBEAT] Invio heartbeat: {"stazioneId":"PA","stato":"ONLINE","timestamp":"2026-08-17T18:55:24.159370493Z","tipoEvento":"HEARTBEAT","bufferSize":0}
2026-08-17 20:55:34,161 INFO  [it.uni.reti2.HeartbeatGenerator] (vert.x-eventloop-thread-0) 💓 [HEARTBEAT] Invio heartbeat: {"stazioneId":"PA","stato":"ONLINE","timestamp":"2026-08-17T18:55:34.161236588Z","tipoEvento":"HEARTBEAT","bufferSize":0}
2026-08-17 20:55:44,156 INFO  [it.uni.reti2.HeartbeatGenerator] (vert.x-eventloop-thread-0) 💓 [HEARTBEAT] Invio heartbeat: {"stazioneId":"PA","stato":"ONLINE","timestamp":"2026-08-17T18:55:44.156568253Z","tipoEvento":"HEARTBEAT","bufferSize":0}
2026-08-17 20:55:54,157 INFO  [it.uni.reti2.HeartbeatGenerator] (vert.x-eventloop-thread-0) 💓 [HEARTBEAT] Invio heartbeat: {"stazioneId":"PA","stato":"ONLINE","timestamp":"2026-08-17T18:55:54.157267652Z","tipoEvento":"HEARTBEAT","bufferSize":0}
2026-08-17 20:56:04,158 INFO  [it.uni.reti2.HeartbeatGenerator] (vert.x-eventloop-thread-0) 💓 [HEARTBEAT] Invio heartbeat: {"stazioneId":"PA","stato":"ONLINE","timestamp":"2026-08-17T18:56:04.158245873Z","tipoEvento":"HEARTBEAT","bufferSize":0}
2026-08-17 20:56:14,157 INFO  [it.uni.reti2.HeartbeatGenerator] (vert.x-eventloop-thread-0) 💓 [HEARTBEAT] Invio heartbeat: {"stazioneId":"PA","stato":"ONLINE","timestamp":"2026-08-17T18:56:14.157869024Z","tipoEvento":"HEARTBEAT","bufferSize":0}
2026-08-17 20:56:24,159 INFO  [it.uni.reti2.HeartbeatGenerator] (vert.x-eventloop-thread-0) 💓 [HEARTBEAT] Invio heartbeat: {"stazioneId":"PA","stato":"ONLINE","timestamp":"2026-08-17T18:56:24.159064940Z","tipoEvento":"HEARTBEAT","bufferSize":0}
2026-08-17 20:56:34,160 INFO  [it.uni.reti2.HeartbeatGenerator] (vert.x-eventloop-thread-0) 💓 [HEARTBEAT] Invio heartbeat: {"stazioneId":"PA","stato":"ONLINE","timestamp":"2026-08-17T18:56:34.160170850Z","tipoEvento":"HEARTBEAT","bufferSize":0}
2026-08-17 20:56:44,160 INFO  [it.uni.reti2.HeartbeatGenerator] (vert.x-eventloop-thread-0) 💓 [HEARTBEAT] Invio heartbeat: {"stazioneId":"PA","stato":"ONLINE","timestamp":"2026-08-17T18:56:44.160480423Z","tipoEvento":"HEARTBEAT","bufferSize":0}
2026-08-17 20:56:54,159 INFO  [it.uni.reti2.HeartbeatGenerator] (vert.x-eventloop-thread-0) 💓 [HEARTBEAT] Invio heartbeat: {"stazioneId":"PA","stato":"ONLINE","timestamp":"2026-08-17T18:56:54.159547205Z","tipoEvento":"HEARTBEAT","bufferSize":0}
2026-08-17 20:57:04,160 INFO  [it.uni.reti2.HeartbeatGenerator] (vert.x-eventloop-thread-0) 💓 [HEARTBEAT] Invio heartbeat: {"stazioneId":"PA","stato":"ONLINE","timestamp":"2026-08-17T18:57:04.159837206Z","tipoEvento":"HEARTBEAT","bufferSize":0}
2026-08-17 20:57:14,159 INFO  [it.uni.reti2.HeartbeatGenerator] (vert.x-eventloop-thread-0) 💓 [HEARTBEAT] Invio heartbeat: {"stazioneId":"PA","stato":"ONLINE","timestamp":"2026-08-17T18:57:14.159818781Z","tipoEvento":"HEARTBEAT","bufferSize":0}
2026-08-17 20:57:24,159 INFO  [it.uni.reti2.HeartbeatGenerator] (vert.x-eventloop-thread-0) 💓 [HEARTBEAT] Invio heartbeat: {"stazioneId":"PA","stato":"ONLINE","timestamp":"2026-08-17T18:57:24.159456853Z","tipoEvento":"HEARTBEAT","bufferSize":0}
2026-08-17 20:57:34,162 INFO  [it.uni.reti2.HeartbeatGenerator] (vert.x-eventloop-thread-0) 💓 [HEARTBEAT] Invio heartbeat: {"stazioneId":"PA","stato":"ONLINE","timestamp":"2026-08-17T18:57:34.162252360Z","tipoEvento":"HEARTBEAT","bufferSize":0}
2026-08-17 20:57:44,157 INFO  [it.uni.reti2.HeartbeatGenerator] (vert.x-eventloop-thread-0) 💓 [HEARTBEAT] Invio heartbeat: {"stazioneId":"PA","stato":"ONLINE","timestamp":"2026-08-17T18:57:44.157363596Z","tipoEvento":"HEARTBEAT","bufferSize":0}
2026-08-17 20:57:54,157 INFO  [it.uni.reti2.HeartbeatGenerator] (vert.x-eventloop-thread-0) 💓 [HEARTBEAT] Invio heartbeat: {"stazioneId":"PA","stato":"ONLINE","timestamp":"2026-08-17T18:57:54.157324889Z","tipoEvento":"HEARTBEAT","bufferSize":0}
2026-08-17 20:58:04,162 INFO  [it.uni.reti2.HeartbeatGenerator] (vert.x-eventloop-thread-0) 💓 [HEARTBEAT] Invio heartbeat: {"stazioneId":"PA","stato":"ONLINE","timestamp":"2026-08-17T18:58:04.162324130Z","tipoEvento":"HEARTBEAT","bufferSize":0}
2026-08-17 20:58:14,156 INFO  [it.uni.reti2.HeartbeatGenerator] (vert.x-eventloop-thread-0) 💓 [HEARTBEAT] Invio heartbeat: {"stazioneId":"PA","stato":"ONLINE","timestamp":"2026-08-17T18:58:14.156806716Z","tipoEvento":"HEARTBEAT","bufferSize":0}
2026-08-17 20:58:24,157 INFO  [it.uni.reti2.HeartbeatGenerator] (vert.x-eventloop-thread-0) 💓 [HEARTBEAT] Invio heartbeat: {"stazioneId":"PA","stato":"ONLINE","timestamp":"2026-08-17T18:58:24.157406854Z","tipoEvento":"HEARTBEAT","bufferSize":0}
2026-08-17 20:58:34,163 INFO  [it.uni.reti2.HeartbeatGenerator] (vert.x-eventloop-thread-0) 💓 [HEARTBEAT] Invio heartbeat: {"stazioneId":"PA","stato":"ONLINE","timestamp":"2026-08-17T18:58:34.163048620Z","tipoEvento":"HEARTBEAT","bufferSize":0}
2026-08-17 20:58:44,158 INFO  [it.uni.reti2.HeartbeatGenerator] (vert.x-eventloop-thread-0) 💓 [HEARTBEAT] Invio heartbeat: {"stazioneId":"PA","stato":"ONLINE","timestamp":"2026-08-17T18:58:44.158328227Z","tipoEvento":"HEARTBEAT","bufferSize":0}
2026-08-17 20:58:54,157 INFO  [it.uni.reti2.HeartbeatGenerator] (vert.x-eventloop-thread-0) 💓 [HEARTBEAT] Invio heartbeat: {"stazioneId":"PA","stato":"ONLINE","timestamp":"2026-08-17T18:58:54.157098244Z","tipoEvento":"HEARTBEAT","bufferSize":0}
2026-08-17 20:59:04,164 INFO  [it.uni.reti2.HeartbeatGenerator] (vert.x-eventloop-thread-0) 💓 [HEARTBEAT] Invio heartbeat: {"stazioneId":"PA","stato":"ONLINE","timestamp":"2026-08-17T18:59:04.164208377Z","tipoEvento":"HEARTBEAT","bufferSize":0}
2026-08-17 20:59:14,159 INFO  [it.uni.reti2.HeartbeatGenerator] (vert.x-eventloop-thread-0) 💓 [HEARTBEAT] Invio heartbeat: {"stazioneId":"PA","stato":"ONLINE","timestamp":"2026-08-17T18:59:14.159813629Z","tipoEvento":"HEARTBEAT","bufferSize":0}
2026-08-17 20:59:24,159 INFO  [it.uni.reti2.HeartbeatGenerator] (vert.x-eventloop-thread-0) 💓 [HEARTBEAT] Invio heartbeat: {"stazioneId":"PA","stato":"ONLINE","timestamp":"2026-08-17T18:59:24.159070691Z","tipoEvento":"HEARTBEAT","bufferSize":0}
2026-08-17 20:59:34,165 INFO  [it.uni.reti2.HeartbeatGenerator] (vert.x-eventloop-thread-0) 💓 [HEARTBEAT] Invio heartbeat: {"stazioneId":"PA","stato":"ONLINE","timestamp":"2026-08-17T18:59:34.165316117Z","tipoEvento":"HEARTBEAT","bufferSize":0}
2026-08-17 20:59:44,161 INFO  [it.uni.reti2.HeartbeatGenerator] (vert.x-eventloop-thread-0) 💓 [HEARTBEAT] Invio heartbeat: {"stazioneId":"PA","stato":"ONLINE","timestamp":"2026-08-17T18:59:44.161327962Z","tipoEvento":"HEARTBEAT","bufferSize":0}
2026-08-17 20:59:54,157 INFO  [it.uni.reti2.HeartbeatGenerator] (vert.x-eventloop-thread-0) 💓 [HEARTBEAT] Invio heartbeat: {"stazioneId":"PA","stato":"ONLINE","timestamp":"2026-08-17T18:59:54.157309760Z","tipoEvento":"HEARTBEAT","bufferSize":0}
2026-08-17 21:00:04,157 INFO  [it.uni.reti2.HeartbeatGenerator] (vert.x-eventloop-thread-0) 💓 [HEARTBEAT] Invio heartbeat: {"stazioneId":"PA","stato":"ONLINE","timestamp":"2026-08-17T19:00:04.157427893Z","tipoEvento":"HEARTBEAT","bufferSize":0}
2026-08-17 21:00:14,162 INFO  [it.uni.reti2.HeartbeatGenerator] (vert.x-eventloop-thread-0) 💓 [HEARTBEAT] Invio heartbeat: {"stazioneId":"PA","stato":"ONLINE","timestamp":"2026-08-17T19:00:14.162271707Z","tipoEvento":"HEARTBEAT","bufferSize":0}
2026-08-17 21:00:24,157 INFO  [it.uni.reti2.HeartbeatGenerator] (vert.x-eventloop-thread-0) 💓 [HEARTBEAT] Invio heartbeat: {"stazioneId":"PA","stato":"ONLINE","timestamp":"2026-08-17T19:00:24.157299129Z","tipoEvento":"HEARTBEAT","bufferSize":0}
2026-08-17 21:00:34,156 INFO  [it.uni.reti2.HeartbeatGenerator] (vert.x-eventloop-thread-0) 💓 [HEARTBEAT] Invio heartbeat: {"stazioneId":"PA","stato":"ONLINE","timestamp":"2026-08-17T19:00:34.156810033Z","tipoEvento":"HEARTBEAT","bufferSize":0}
2026-08-17 21:00:44,162 INFO  [it.uni.reti2.HeartbeatGenerator] (vert.x-eventloop-thread-0) 💓 [HEARTBEAT] Invio heartbeat: {"stazioneId":"PA","stato":"ONLINE","timestamp":"2026-08-17T19:00:44.162520211Z","tipoEvento":"HEARTBEAT","bufferSize":0}
2026-08-17 21:00:54,157 INFO  [it.uni.reti2.HeartbeatGenerator] (vert.x-eventloop-thread-0) 💓 [HEARTBEAT] Invio heartbeat: {"stazioneId":"PA","stato":"ONLINE","timestamp":"2026-08-17T19:00:54.157216006Z","tipoEvento":"HEARTBEAT","bufferSize":0}
2026-08-17 21:01:04,157 INFO  [it.uni.reti2.HeartbeatGenerator] (vert.x-eventloop-thread-0) 💓 [HEARTBEAT] Invio heartbeat: {"stazioneId":"PA","stato":"ONLINE","timestamp":"2026-08-17T19:01:04.157495330Z","tipoEvento":"HEARTBEAT","bufferSize":0}
2026-08-17 21:01:14,162 INFO  [it.uni.reti2.HeartbeatGenerator] (vert.x-eventloop-thread-0) 💓 [HEARTBEAT] Invio heartbeat: {"stazioneId":"PA","stato":"ONLINE","timestamp":"2026-08-17T19:01:14.162251698Z","tipoEvento":"HEARTBEAT","bufferSize":0}
2026-08-17 21:01:24,156 INFO  [it.uni.reti2.HeartbeatGenerator] (vert.x-eventloop-thread-0) 💓 [HEARTBEAT] Invio heartbeat: {"stazioneId":"PA","stato":"ONLINE","timestamp":"2026-08-17T19:01:24.156903761Z","tipoEvento":"HEARTBEAT","bufferSize":0}
2026-08-17 21:01:34,158 INFO  [it.uni.reti2.HeartbeatGenerator] (vert.x-eventloop-thread-0) 💓 [HEARTBEAT] Invio heartbeat: {"stazioneId":"PA","stato":"ONLINE","timestamp":"2026-08-17T19:01:34.158467910Z","tipoEvento":"HEARTBEAT","bufferSize":0}
2026-08-17 21:01:44,163 INFO  [it.uni.reti2.HeartbeatGenerator] (vert.x-eventloop-thread-0) 💓 [HEARTBEAT] Invio heartbeat: {"stazioneId":"PA","stato":"ONLINE","timestamp":"2026-08-17T19:01:44.163266599Z","tipoEvento":"HEARTBEAT","bufferSize":0}
2026-08-17 21:01:54,158 INFO  [it.uni.reti2.HeartbeatGenerator] (vert.x-eventloop-thread-0) 💓 [HEARTBEAT] Invio heartbeat: {"stazioneId":"PA","stato":"ONLINE","timestamp":"2026-08-17T19:01:54.158539836Z","tipoEvento":"HEARTBEAT","bufferSize":0}
2026-08-17 21:02:04,160 INFO  [it.uni.reti2.HeartbeatGenerator] (vert.x-eventloop-thread-0) 💓 [HEARTBEAT] Invio heartbeat: {"stazioneId":"PA","stato":"ONLINE","timestamp":"2026-08-17T19:02:04.160182263Z","tipoEvento":"HEARTBEAT","bufferSize":0}
2026-08-17 21:02:14,165 INFO  [it.uni.reti2.HeartbeatGenerator] (vert.x-eventloop-thread-0) 💓 [HEARTBEAT] Invio heartbeat: {"stazioneId":"PA","stato":"ONLINE","timestamp":"2026-08-17T19:02:14.165277552Z","tipoEvento":"HEARTBEAT","bufferSize":0}
2026-08-17 21:02:24,159 INFO  [it.uni.reti2.HeartbeatGenerator] (vert.x-eventloop-thread-0) 💓 [HEARTBEAT] Invio heartbeat: {"stazioneId":"PA","stato":"ONLINE","timestamp":"2026-08-17T19:02:24.159240688Z","tipoEvento":"HEARTBEAT","bufferSize":0}
2026-08-17 21:02:34,156 INFO  [it.uni.reti2.HeartbeatGenerator] (vert.x-eventloop-thread-0) 💓 [HEARTBEAT] Invio heartbeat: {"stazioneId":"PA","stato":"ONLINE","timestamp":"2026-08-17T19:02:34.156291873Z","tipoEvento":"HEARTBEAT","bufferSize":0}
2026-08-17 21:02:44,158 INFO  [it.uni.reti2.HeartbeatGenerator] (vert.x-eventloop-thread-0) 💓 [HEARTBEAT] Invio heartbeat: {"stazioneId":"PA","stato":"ONLINE","timestamp":"2026-08-17T19:02:44.158373132Z","tipoEvento":"HEARTBEAT","bufferSize":0}
2026-08-17 21:02:54,158 INFO  [it.uni.reti2.HeartbeatGenerator] (vert.x-eventloop-thread-0) 💓 [HEARTBEAT] Invio heartbeat: {"stazioneId":"PA","stato":"ONLINE","timestamp":"2026-08-17T19:02:54.158615299Z","tipoEvento":"HEARTBEAT","bufferSize":0}
2026-08-17 21:03:04,160 INFO  [it.uni.reti2.HeartbeatGenerator] (vert.x-eventloop-thread-0) 💓 [HEARTBEAT] Invio heartbeat: {"stazioneId":"PA","stato":"ONLINE","timestamp":"2026-08-17T19:03:04.160026381Z","tipoEvento":"HEARTBEAT","bufferSize":0}
2026-08-17 21:03:14,157 INFO  [it.uni.reti2.HeartbeatGenerator] (vert.x-eventloop-thread-0) 💓 [HEARTBEAT] Invio heartbeat: {"stazioneId":"PA","stato":"ONLINE","timestamp":"2026-08-17T19:03:14.157128571Z","tipoEvento":"HEARTBEAT","bufferSize":0}
2026-08-17 21:03:24,158 INFO  [it.uni.reti2.HeartbeatGenerator] (vert.x-eventloop-thread-0) 💓 [HEARTBEAT] Invio heartbeat: {"stazioneId":"PA","stato":"ONLINE","timestamp":"2026-08-17T19:03:24.158621954Z","tipoEvento":"HEARTBEAT","bufferSize":0}
2026-08-17 21:03:34,162 INFO  [it.uni.reti2.HeartbeatGenerator] (vert.x-eventloop-thread-0) 💓 [HEARTBEAT] Invio heartbeat: {"stazioneId":"PA","stato":"ONLINE","timestamp":"2026-08-17T19:03:34.162312251Z","tipoEvento":"HEARTBEAT","bufferSize":0}
2026-08-17 21:03:44,158 INFO  [it.uni.reti2.HeartbeatGenerator] (vert.x-eventloop-thread-0) 💓 [HEARTBEAT] Invio heartbeat: {"stazioneId":"PA","stato":"ONLINE","timestamp":"2026-08-17T19:03:44.158106309Z","tipoEvento":"HEARTBEAT","bufferSize":0}
2026-08-17 21:03:54,158 INFO  [it.uni.reti2.HeartbeatGenerator] (vert.x-eventloop-thread-0) 💓 [HEARTBEAT] Invio heartbeat: {"stazioneId":"PA","stato":"ONLINE","timestamp":"2026-08-17T19:03:54.158469377Z","tipoEvento":"HEARTBEAT","bufferSize":0}
2026-08-17 21:04:04,161 INFO  [it.uni.reti2.HeartbeatGenerator] (vert.x-eventloop-thread-0) 💓 [HEARTBEAT] Invio heartbeat: {"stazioneId":"PA","stato":"ONLINE","timestamp":"2026-08-17T19:04:04.161256330Z","tipoEvento":"HEARTBEAT","bufferSize":0}
2026-08-17 21:04:14,159 INFO  [it.uni.reti2.HeartbeatGenerator] (vert.x-eventloop-thread-0) 💓 [HEARTBEAT] Invio heartbeat: {"stazioneId":"PA","stato":"ONLINE","timestamp":"2026-08-17T19:04:14.159249278Z","tipoEvento":"HEARTBEAT","bufferSize":0}
2026-08-17 21:04:24,159 INFO  [it.uni.reti2.HeartbeatGenerator] (vert.x-eventloop-thread-0) 💓 [HEARTBEAT] Invio heartbeat: {"stazioneId":"PA","stato":"ONLINE","timestamp":"2026-08-17T19:04:24.158929568Z","tipoEvento":"HEARTBEAT","bufferSize":0}
2026-08-17 21:04:34,165 INFO  [it.uni.reti2.HeartbeatGenerator] (vert.x-eventloop-thread-0) 💓 [HEARTBEAT] Invio heartbeat: {"stazioneId":"PA","stato":"ONLINE","timestamp":"2026-08-17T19:04:34.165255394Z","tipoEvento":"HEARTBEAT","bufferSize":0}
2026-08-17 21:04:44,161 INFO  [it.uni.reti2.HeartbeatGenerator] (vert.x-eventloop-thread-0) 💓 [HEARTBEAT] Invio heartbeat: {"stazioneId":"PA","stato":"ONLINE","timestamp":"2026-08-17T19:04:44.161458733Z","tipoEvento":"HEARTBEAT","bufferSize":0}
2026-08-17 21:04:54,157 INFO  [it.uni.reti2.HeartbeatGenerator] (vert.x-eventloop-thread-0) 💓 [HEARTBEAT] Invio heartbeat: {"stazioneId":"PA","stato":"ONLINE","timestamp":"2026-08-17T19:04:54.157399745Z","tipoEvento":"HEARTBEAT","bufferSize":0}
2026-08-17 21:05:04,157 INFO  [it.uni.reti2.HeartbeatGenerator] (vert.x-eventloop-thread-0) 💓 [HEARTBEAT] Invio heartbeat: {"stazioneId":"PA","stato":"ONLINE","timestamp":"2026-08-17T19:05:04.157262035Z","tipoEvento":"HEARTBEAT","bufferSize":0}
2026-08-17 21:05:14,162 INFO  [it.uni.reti2.HeartbeatGenerator] (vert.x-eventloop-thread-0) 💓 [HEARTBEAT] Invio heartbeat: {"stazioneId":"PA","stato":"ONLINE","timestamp":"2026-08-17T19:05:14.162307998Z","tipoEvento":"HEARTBEAT","bufferSize":0}
2026-08-17 21:05:24,158 INFO  [it.uni.reti2.HeartbeatGenerator] (vert.x-eventloop-thread-0) 💓 [HEARTBEAT] Invio heartbeat: {"stazioneId":"PA","stato":"ONLINE","timestamp":"2026-08-17T19:05:24.158048953Z","tipoEvento":"HEARTBEAT","bufferSize":0}
2026-08-17 21:05:34,158 INFO  [it.uni.reti2.HeartbeatGenerator] (vert.x-eventloop-thread-0) 💓 [HEARTBEAT] Invio heartbeat: {"stazioneId":"PA","stato":"ONLINE","timestamp":"2026-08-17T19:05:34.158401111Z","tipoEvento":"HEARTBEAT","bufferSize":0}
2026-08-17 21:05:44,164 INFO  [it.uni.reti2.HeartbeatGenerator] (vert.x-eventloop-thread-0) 💓 [HEARTBEAT] Invio heartbeat: {"stazioneId":"PA","stato":"ONLINE","timestamp":"2026-08-17T19:05:44.164228074Z","tipoEvento":"HEARTBEAT","bufferSize":0}
2026-08-17 21:05:54,158 INFO  [it.uni.reti2.HeartbeatGenerator] (vert.x-eventloop-thread-0) 💓 [HEARTBEAT] Invio heartbeat: {"stazioneId":"PA","stato":"ONLINE","timestamp":"2026-08-17T19:05:54.158233733Z","tipoEvento":"HEARTBEAT","bufferSize":0}
2026-08-17 21:06:04,161 INFO  [it.uni.reti2.HeartbeatGenerator] (vert.x-eventloop-thread-0) 💓 [HEARTBEAT] Invio heartbeat: {"stazioneId":"PA","stato":"ONLINE","timestamp":"2026-08-17T19:06:04.161298338Z","tipoEvento":"HEARTBEAT","bufferSize":0}
2026-08-17 21:06:14,157 INFO  [it.uni.reti2.HeartbeatGenerator] (vert.x-eventloop-thread-0) 💓 [HEARTBEAT] Invio heartbeat: {"stazioneId":"PA","stato":"ONLINE","timestamp":"2026-08-17T19:06:14.157443273Z","tipoEvento":"HEARTBEAT","bufferSize":0}
2026-08-17 21:06:24,159 INFO  [it.uni.reti2.HeartbeatGenerator] (vert.x-eventloop-thread-0) 💓 [HEARTBEAT] Invio heartbeat: {"stazioneId":"PA","stato":"ONLINE","timestamp":"2026-08-17T19:06:24.159031350Z","tipoEvento":"HEARTBEAT","bufferSize":0}
2026-08-17 21:06:34,157 INFO  [it.uni.reti2.HeartbeatGenerator] (vert.x-eventloop-thread-0) 💓 [HEARTBEAT] Invio heartbeat: {"stazioneId":"PA","stato":"ONLINE","timestamp":"2026-08-17T19:06:34.157212918Z","tipoEvento":"HEARTBEAT","bufferSize":0}
2026-08-17 21:06:44,159 INFO  [it.uni.reti2.HeartbeatGenerator] (vert.x-eventloop-thread-0) 💓 [HEARTBEAT] Invio heartbeat: {"stazioneId":"PA","stato":"ONLINE","timestamp":"2026-08-17T19:06:44.159507310Z","tipoEvento":"HEARTBEAT","bufferSize":0}
2026-08-17 21:06:54,159 INFO  [it.uni.reti2.HeartbeatGenerator] (vert.x-eventloop-thread-0) 💓 [HEARTBEAT] Invio heartbeat: {"stazioneId":"PA","stato":"ONLINE","timestamp":"2026-08-17T19:06:54.159507412Z","tipoEvento":"HEARTBEAT","bufferSize":0}
2026-08-17 21:07:04,159 INFO  [it.uni.reti2.HeartbeatGenerator] (vert.x-eventloop-thread-0) 💓 [HEARTBEAT] Invio heartbeat: {"stazioneId":"PA","stato":"ONLINE","timestamp":"2026-08-17T19:07:04.159829472Z","tipoEvento":"HEARTBEAT","bufferSize":0}
2026-08-17 21:07:14,160 INFO  [it.uni.reti2.HeartbeatGenerator] (vert.x-eventloop-thread-0) 💓 [HEARTBEAT] Invio heartbeat: {"stazioneId":"PA","stato":"ONLINE","timestamp":"2026-08-17T19:07:14.160487416Z","tipoEvento":"HEARTBEAT","bufferSize":0}
2026-08-17 21:07:24,158 INFO  [it.uni.reti2.HeartbeatGenerator] (vert.x-eventloop-thread-0) 💓 [HEARTBEAT] Invio heartbeat: {"stazioneId":"PA","stato":"ONLINE","timestamp":"2026-08-17T19:07:24.158465410Z","tipoEvento":"HEARTBEAT","bufferSize":0}
2026-08-17 21:07:34,161 INFO  [it.uni.reti2.HeartbeatGenerator] (vert.x-eventloop-thread-0) 💓 [HEARTBEAT] Invio heartbeat: {"stazioneId":"PA","stato":"ONLINE","timestamp":"2026-08-17T19:07:34.161820507Z","tipoEvento":"HEARTBEAT","bufferSize":0}
2026-08-17 21:07:44,157 INFO  [it.uni.reti2.HeartbeatGenerator] (vert.x-eventloop-thread-0) 💓 [HEARTBEAT] Invio heartbeat: {"stazioneId":"PA","stato":"ONLINE","timestamp":"2026-08-17T19:07:44.157427512Z","tipoEvento":"HEARTBEAT","bufferSize":0}
2026-08-17 21:07:54,157 INFO  [it.uni.reti2.HeartbeatGenerator] (vert.x-eventloop-thread-0) 💓 [HEARTBEAT] Invio heartbeat: {"stazioneId":"PA","stato":"ONLINE","timestamp":"2026-08-17T19:07:54.156975959Z","tipoEvento":"HEARTBEAT","bufferSize":0}
2026-08-17 21:08:04,158 INFO  [it.uni.reti2.HeartbeatGenerator] (vert.x-eventloop-thread-0) 💓 [HEARTBEAT] Invio heartbeat: {"stazioneId":"PA","stato":"ONLINE","timestamp":"2026-08-17T19:08:04.158879868Z","tipoEvento":"HEARTBEAT","bufferSize":0}
2026-08-17 21:08:14,163 INFO  [it.uni.reti2.HeartbeatGenerator] (vert.x-eventloop-thread-0) 💓 [HEARTBEAT] Invio heartbeat: {"stazioneId":"PA","stato":"ONLINE","timestamp":"2026-08-17T19:08:14.159079046Z","tipoEvento":"HEARTBEAT","bufferSize":0}
2026-08-17 21:08:24,159 INFO  [it.uni.reti2.HeartbeatGenerator] (vert.x-eventloop-thread-0) 💓 [HEARTBEAT] Invio heartbeat: {"stazioneId":"PA","stato":"ONLINE","timestamp":"2026-08-17T19:08:24.159012170Z","tipoEvento":"HEARTBEAT","bufferSize":0}
2026-08-17 21:08:34,165 INFO  [it.uni.reti2.HeartbeatGenerator] (vert.x-eventloop-thread-0) 💓 [HEARTBEAT] Invio heartbeat: {"stazioneId":"PA","stato":"ONLINE","timestamp":"2026-08-17T19:08:34.165234528Z","tipoEvento":"HEARTBEAT","bufferSize":0}
2026-08-17 21:08:44,160 INFO  [it.uni.reti2.HeartbeatGenerator] (vert.x-eventloop-thread-0) 💓 [HEARTBEAT] Invio heartbeat: {"stazioneId":"PA","stato":"ONLINE","timestamp":"2026-08-17T19:08:44.160143285Z","tipoEvento":"HEARTBEAT","bufferSize":0}
2026-08-17 21:08:54,158 INFO  [it.uni.reti2.HeartbeatGenerator] (vert.x-eventloop-thread-0) 💓 [HEARTBEAT] Invio heartbeat: {"stazioneId":"PA","stato":"ONLINE","timestamp":"2026-08-17T19:08:54.158712988Z","tipoEvento":"HEARTBEAT","bufferSize":0}
2026-08-17 21:09:04,166 INFO  [it.uni.reti2.HeartbeatGenerator] (vert.x-eventloop-thread-0) 💓 [HEARTBEAT] Invio heartbeat: {"stazioneId":"PA","stato":"ONLINE","timestamp":"2026-08-17T19:09:04.166334594Z","tipoEvento":"HEARTBEAT","bufferSize":0}
2026-08-17 21:09:14,161 INFO  [it.uni.reti2.HeartbeatGenerator] (vert.x-eventloop-thread-0) 💓 [HEARTBEAT] Invio heartbeat: {"stazioneId":"PA","stato":"ONLINE","timestamp":"2026-08-17T19:09:14.161521354Z","tipoEvento":"HEARTBEAT","bufferSize":0}
2026-08-17 21:09:24,157 INFO  [it.uni.reti2.HeartbeatGenerator] (vert.x-eventloop-thread-0) 💓 [HEARTBEAT] Invio heartbeat: {"stazioneId":"PA","stato":"ONLINE","timestamp":"2026-08-17T19:09:24.157401340Z","tipoEvento":"HEARTBEAT","bufferSize":0}
2026-08-17 21:09:34,157 INFO  [it.uni.reti2.HeartbeatGenerator] (vert.x-eventloop-thread-0) 💓 [HEARTBEAT] Invio heartbeat: {"stazioneId":"PA","stato":"ONLINE","timestamp":"2026-08-17T19:09:34.157232186Z","tipoEvento":"HEARTBEAT","bufferSize":0}
2026-08-17 21:09:44,163 INFO  [it.uni.reti2.HeartbeatGenerator] (vert.x-eventloop-thread-0) 💓 [HEARTBEAT] Invio heartbeat: {"stazioneId":"PA","stato":"ONLINE","timestamp":"2026-08-17T19:09:44.163104964Z","tipoEvento":"HEARTBEAT","bufferSize":0}
2026-08-17 21:09:54,158 INFO  [it.uni.reti2.HeartbeatGenerator] (vert.x-eventloop-thread-0) 💓 [HEARTBEAT] Invio heartbeat: {"stazioneId":"PA","stato":"ONLINE","timestamp":"2026-08-17T19:09:54.158840925Z","tipoEvento":"HEARTBEAT","bufferSize":0}
2026-08-17 21:10:04,160 INFO  [it.uni.reti2.HeartbeatGenerator] (vert.x-eventloop-thread-0) 💓 [HEARTBEAT] Invio heartbeat: {"stazioneId":"PA","stato":"ONLINE","timestamp":"2026-08-17T19:10:04.160910632Z","tipoEvento":"HEARTBEAT","bufferSize":0}
2026-08-17 21:10:14,165 INFO  [it.uni.reti2.HeartbeatGenerator] (vert.x-eventloop-thread-0) 💓 [HEARTBEAT] Invio heartbeat: {"stazioneId":"PA","stato":"ONLINE","timestamp":"2026-08-17T19:10:14.165018995Z","tipoEvento":"HEARTBEAT","bufferSize":0}
2026-08-17 21:10:24,158 INFO  [it.uni.reti2.HeartbeatGenerator] (vert.x-eventloop-thread-0) 💓 [HEARTBEAT] Invio heartbeat: {"stazioneId":"PA","stato":"ONLINE","timestamp":"2026-08-17T19:10:24.158884874Z","tipoEvento":"HEARTBEAT","bufferSize":0}
2026-08-17 21:10:34,157 INFO  [it.uni.reti2.HeartbeatGenerator] (vert.x-eventloop-thread-0) 💓 [HEARTBEAT] Invio heartbeat: {"stazioneId":"PA","stato":"ONLINE","timestamp":"2026-08-17T19:10:34.157323376Z","tipoEvento":"HEARTBEAT","bufferSize":0}
2026-08-17 21:10:44,157 INFO  [it.uni.reti2.HeartbeatGenerator] (vert.x-eventloop-thread-0) 💓 [HEARTBEAT] Invio heartbeat: {"stazioneId":"PA","stato":"ONLINE","timestamp":"2026-08-17T19:10:44.157207015Z","tipoEvento":"HEARTBEAT","bufferSize":0}
2026-08-17 21:10:54,159 INFO  [it.uni.reti2.HeartbeatGenerator] (vert.x-eventloop-thread-0) 💓 [HEARTBEAT] Invio heartbeat: {"stazioneId":"PA","stato":"ONLINE","timestamp":"2026-08-17T19:10:54.159009765Z","tipoEvento":"HEARTBEAT","bufferSize":0}
2026-08-17 21:11:04,158 INFO  [it.uni.reti2.HeartbeatGenerator] (vert.x-eventloop-thread-0) 💓 [HEARTBEAT] Invio heartbeat: {"stazioneId":"PA","stato":"ONLINE","timestamp":"2026-08-17T19:11:04.157982900Z","tipoEvento":"HEARTBEAT","bufferSize":0}
2026-08-17 21:11:14,158 INFO  [it.uni.reti2.HeartbeatGenerator] (vert.x-eventloop-thread-0) 💓 [HEARTBEAT] Invio heartbeat: {"stazioneId":"PA","stato":"ONLINE","timestamp":"2026-08-17T19:11:14.158402535Z","tipoEvento":"HEARTBEAT","bufferSize":0}
2026-08-17 21:11:24,159 INFO  [it.uni.reti2.HeartbeatGenerator] (vert.x-eventloop-thread-0) 💓 [HEARTBEAT] Invio heartbeat: {"stazioneId":"PA","stato":"ONLINE","timestamp":"2026-08-17T19:11:24.159163759Z","tipoEvento":"HEARTBEAT","bufferSize":0}
2026-08-17 21:11:34,159 INFO  [it.uni.reti2.HeartbeatGenerator] (vert.x-eventloop-thread-0) 💓 [HEARTBEAT] Invio heartbeat: {"stazioneId":"PA","stato":"ONLINE","timestamp":"2026-08-17T19:11:34.159886128Z","tipoEvento":"HEARTBEAT","bufferSize":0}
2026-08-17 21:11:44,159 INFO  [it.uni.reti2.HeartbeatGenerator] (vert.x-eventloop-thread-0) 💓 [HEARTBEAT] Invio heartbeat: {"stazioneId":"PA","stato":"ONLINE","timestamp":"2026-08-17T19:11:44.159165631Z","tipoEvento":"HEARTBEAT","bufferSize":0}
2026-08-17 21:11:54,159 INFO  [it.uni.reti2.HeartbeatGenerator] (vert.x-eventloop-thread-0) 💓 [HEARTBEAT] Invio heartbeat: {"stazioneId":"PA","stato":"ONLINE","timestamp":"2026-08-17T19:11:54.159359271Z","tipoEvento":"HEARTBEAT","bufferSize":0}
2026-08-17 21:12:04,161 INFO  [it.uni.reti2.HeartbeatGenerator] (vert.x-eventloop-thread-0) 💓 [HEARTBEAT] Invio heartbeat: {"stazioneId":"PA","stato":"ONLINE","timestamp":"2026-08-17T19:12:04.161423841Z","tipoEvento":"HEARTBEAT","bufferSize":0}
2026-08-17 21:12:14,161 INFO  [it.uni.reti2.HeartbeatGenerator] (vert.x-eventloop-thread-0) 💓 [HEARTBEAT] Invio heartbeat: {"stazioneId":"PA","stato":"ONLINE","timestamp":"2026-08-17T19:12:14.161048548Z","tipoEvento":"HEARTBEAT","bufferSize":0}
2026-08-17 21:12:24,157 INFO  [it.uni.reti2.HeartbeatGenerator] (vert.x-eventloop-thread-0) 💓 [HEARTBEAT] Invio heartbeat: {"stazioneId":"PA","stato":"ONLINE","timestamp":"2026-08-17T19:12:24.157541107Z","tipoEvento":"HEARTBEAT","bufferSize":0}
2026-08-17 21:12:34,162 INFO  [it.uni.reti2.HeartbeatGenerator] (vert.x-eventloop-thread-0) 💓 [HEARTBEAT] Invio heartbeat: {"stazioneId":"PA","stato":"ONLINE","timestamp":"2026-08-17T19:12:34.162825993Z","tipoEvento":"HEARTBEAT","bufferSize":0}
2026-08-17 21:12:44,158 INFO  [it.uni.reti2.HeartbeatGenerator] (vert.x-eventloop-thread-0) 💓 [HEARTBEAT] Invio heartbeat: {"stazioneId":"PA","stato":"ONLINE","timestamp":"2026-08-17T19:12:44.158252039Z","tipoEvento":"HEARTBEAT","bufferSize":0}
2026-08-17 21:12:54,158 INFO  [it.uni.reti2.HeartbeatGenerator] (vert.x-eventloop-thread-0) 💓 [HEARTBEAT] Invio heartbeat: {"stazioneId":"PA","stato":"ONLINE","timestamp":"2026-08-17T19:12:54.158192164Z","tipoEvento":"HEARTBEAT","bufferSize":0}
2026-08-17 21:13:04,165 INFO  [it.uni.reti2.HeartbeatGenerator] (vert.x-eventloop-thread-0) 💓 [HEARTBEAT] Invio heartbeat: {"stazioneId":"PA","stato":"ONLINE","timestamp":"2026-08-17T19:13:04.165415013Z","tipoEvento":"HEARTBEAT","bufferSize":0}
2026-08-17 21:13:14,159 INFO  [it.uni.reti2.HeartbeatGenerator] (vert.x-eventloop-thread-0) 💓 [HEARTBEAT] Invio heartbeat: {"stazioneId":"PA","stato":"ONLINE","timestamp":"2026-08-17T19:13:14.159960579Z","tipoEvento":"HEARTBEAT","bufferSize":0}
